project_code,risk_score,overall_risk,cost_risk_level,time_risk_level,num_warnings,explanation
612786,2,MEDIUM,LOW,HIGH,1,"Overall Risk: MEDIUM

Reasons:
* High predicted schedule risk (85.3% probability).

Early Warning:
Project requires closer monitoring."
701107,2,MEDIUM,LOW,HIGH,1,"Overall Risk: MEDIUM

Reasons:
* High predicted schedule risk (89.8% probability).

Early Warning:
Project requires closer monitoring."
701121,2,MEDIUM,LOW,HIGH,1,"Overall Risk: MEDIUM

Reasons:
* High predicted schedule risk (91.8% probability).

Early Warning:
Project requires closer monitoring."
706724,2,MEDIUM,LOW,HIGH,1,"Overall Risk: MEDIUM

Reasons:
* High predicted schedule risk (89.2% probability).

Early Warning:
Project requires closer monitoring."
612183,0,LOW,LOW,LOW,1,"Overall Risk: LOW

Reasons:
* Low progress near planned completion. 100.0% of original time elapsed, but only 4.2% physical progress.

Early Warning:
Project requires closer monitoring due to potential stalled progress near deadline."
612194,2,MEDIUM,LOW,HIGH,1,"Overall Risk: MEDIUM

Reasons:
* High predicted schedule risk (87.8% probability).

Early Warning:
Project requires closer monitoring."
701101,2,MEDIUM,LOW,HIGH,1,"Overall Risk: MEDIUM

Reasons:
* High predicted schedule risk (96.1% probability).

Early Warning:
Project requires closer monitoring."
619054,1,LOW,LOW,MEDIUM,1,"Overall Risk: LOW

Reasons:
* Low progress near planned completion. 166.1% of original time elapsed, but only 46.7% physical progress.

Early Warning:
Project requires closer monitoring due to potential stalled progress near deadline."
701126,2,MEDIUM,LOW,HIGH,1,"Overall Risk: MEDIUM

Reasons:
* High predicted schedule risk (87.9% probability).

Early Warning:
Project requires closer monitoring."
611047,2,MEDIUM,LOW,HIGH,1,"Overall Risk: MEDIUM

Reasons:
* High predicted schedule risk (88.2% probability).

Early Warning:
Project requires closer monitoring."
612787,2,MEDIUM,LOW,HIGH,1,"Overall Risk: MEDIUM

Reasons:
* High predicted schedule risk (93.4% probability).

Early Warning:
Project requires closer monitoring."
612788,2,MEDIUM,LOW,HIGH,1,"Overall Risk: MEDIUM

Reasons:
* High predicted schedule risk (95.3% probability).

Early Warning:
Project requires closer monitoring."
612789,2,MEDIUM,LOW,HIGH,1,"Overall Risk: MEDIUM

Reasons:
* High predicted schedule risk (85.2% probability).

Early Warning:
Project requires closer monitoring."
400010,2,MEDIUM,LOW,HIGH,1,"Overall Risk: MEDIUM

Reasons:
* High predicted schedule risk (91.9% probability).

Early Warning:
Project requires closer monitoring."
706718,2,MEDIUM,LOW,HIGH,1,"Overall Risk: MEDIUM

Reasons:
* High predicted schedule risk (85.8% probability).

Early Warning:
Project requires closer monitoring."
611570,2,MEDIUM,LOW,HIGH,1,"Overall Risk: MEDIUM

Reasons:
* High predicted schedule risk (87.4% probability).

Early Warning:
Project requires closer monitoring."
701127,2,MEDIUM,LOW,HIGH,1,"Overall Risk: MEDIUM

Reasons:
* High predicted schedule risk (93.2% probability).

Early Warning:
Project requires closer monitoring."
701128,2,MEDIUM,LOW,HIGH,1,"Overall Risk: MEDIUM

Reasons:
* High predicted schedule risk (85.0% probability).

Early Warning:
Project requires closer monitoring."
612793,1,LOW,LOW,MEDIUM,1,"Overall Risk: LOW

Reasons:
* Low progress near planned completion. 106.6% of original time elapsed, but only 36.1% physical progress.

Early Warning:
Project requires closer monitoring due to potential stalled progress near deadline."
611602,2,MEDIUM,LOW,HIGH,2,"Overall Risk: MEDIUM

Reasons:
* High predicted schedule risk (80.3% probability).
* Low progress near planned completion. 392.0% of original time elapsed, but only 46.0% physical progress.

Early Warning:
Project requires closer monitoring due to potential stalled progress near deadline."
701122,1,LOW,LOW,MEDIUM,1,"Overall Risk: LOW

Reasons:
* Low progress near planned completion. 104.1% of original time elapsed, but only 44.9% physical progress.

Early Warning:
Project requires closer monitoring due to potential stalled progress near deadline."
612791,2,MEDIUM,LOW,HIGH,1,"Overall Risk: MEDIUM

Reasons:
* High predicted schedule risk (85.8% probability).

Early Warning:
Project requires closer monitoring."
615820,2,MEDIUM,LOW,HIGH,1,"Overall Risk: MEDIUM

Reasons:
* High predicted schedule risk (81.0% probability).

Early Warning:
Project requires closer monitoring."
615821,2,MEDIUM,LOW,LOW,1,"Overall Risk: MEDIUM

Reasons:
* Significant expenditure-progress mismatch. Expenditure is 36.5% but physical progress is only 5.0% (Gap: 31.5%).

Early Warning:
Project requires closer monitoring due to financial/physical progress divergence."
613798,0,LOW,LOW,LOW,1,"Overall Risk: LOW

Reasons:
* Low progress near planned completion. 103.0% of original time elapsed, but only 42.5% physical progress.

Early Warning:
Project requires closer monitoring due to potential stalled progress near deadline."
613799,2,MEDIUM,LOW,HIGH,1,"Overall Risk: MEDIUM

Reasons:
* High predicted schedule risk (72.4% probability).

Early Warning:
Project requires closer monitoring."
613800,2,MEDIUM,LOW,HIGH,1,"Overall Risk: MEDIUM

Reasons:
* High predicted schedule risk (84.2% probability).

Early Warning:
Project requires closer monitoring."
400138,2,MEDIUM,LOW,LOW,1,"Overall Risk: MEDIUM

Reasons:
* Significant expenditure-progress mismatch. Expenditure is 79.3% but physical progress is only 25.1% (Gap: 54.2%).

Early Warning:
Project requires closer monitoring due to financial/physical progress divergence."
400139,1,LOW,LOW,LOW,1,"Overall Risk: LOW

Reasons:
* Significant expenditure-progress mismatch. Expenditure is 73.0% but physical progress is only 45.8% (Gap: 27.2%).

Early Warning:
Project requires closer monitoring due to financial/physical progress divergence."
400151,2,MEDIUM,LOW,MEDIUM,1,"Overall Risk: MEDIUM

Reasons:
* Significant expenditure-progress mismatch. Expenditure is 94.3% but physical progress is only 68.9% (Gap: 25.4%).

Early Warning:
Project requires closer monitoring due to financial/physical progress divergence."
400154,0,LOW,LOW,LOW,1,"Overall Risk: LOW

Reasons:
* Low progress near planned completion. 89.5% of original time elapsed, but only 11.2% physical progress.

Early Warning:
Project requires closer monitoring due to potential stalled progress near deadline."
400160,2,MEDIUM,LOW,MEDIUM,1,"Overall Risk: MEDIUM

Reasons:
* Significant expenditure-progress mismatch. Expenditure is 95.7% but physical progress is only 75.6% (Gap: 20.1%).

Early Warning:
Project requires closer monitoring due to financial/physical progress divergence."
400425,2,MEDIUM,LOW,HIGH,1,"Overall Risk: MEDIUM

Reasons:
* High predicted schedule risk (78.7% probability).

Early Warning:
Project requires closer monitoring."
615843,0,LOW,LOW,LOW,1,"Overall Risk: LOW

Reasons:
* Low progress near planned completion. 125.0% of original time elapsed, but only 30.1% physical progress.

Early Warning:
Project requires closer monitoring due to potential stalled progress near deadline."
613804,0,LOW,LOW,LOW,1,"Overall Risk: LOW

Reasons:
* Low progress near planned completion. 87.3% of original time elapsed, but only 17.8% physical progress.

Early Warning:
Project requires closer monitoring due to potential stalled progress near deadline."
615194,1,LOW,LOW,LOW,1,"Overall Risk: LOW

Reasons:
* Significant expenditure-progress mismatch. Expenditure is 24.5% but physical progress is only 2.0% (Gap: 22.5%).

Early Warning:
Project requires closer monitoring due to financial/physical progress divergence."
615195,0,LOW,LOW,LOW,1,"Overall Risk: LOW

Reasons:
* Low progress near planned completion. 88.9% of original time elapsed, but only 9.4% physical progress.

Early Warning:
Project requires closer monitoring due to potential stalled progress near deadline."
400033,0,LOW,LOW,LOW,1,"Overall Risk: LOW

Reasons:
* Low progress near planned completion. 109.9% of original time elapsed, but only 34.2% physical progress.

Early Warning:
Project requires closer monitoring due to potential stalled progress near deadline."
400177,2,MEDIUM,LOW,HIGH,1,"Overall Risk: MEDIUM

Reasons:
* High predicted schedule risk (78.9% probability).

Early Warning:
Project requires closer monitoring."
400178,3,HIGH,LOW,MEDIUM,2,"Overall Risk: HIGH

Reasons:
* Significant expenditure-progress mismatch. Expenditure is 96.2% but physical progress is only 40.6% (Gap: 55.6%).
* Low progress near planned completion. 90.6% of original time elapsed, but only 40.6% physical progress.

Early Warning:
Project requires closer monitoring due to financial/physical progress divergence."
400353,0,LOW,LOW,LOW,1,"Overall Risk: LOW

Reasons:
* Low progress near planned completion. 115.5% of original time elapsed, but only 19.0% physical progress.

Early Warning:
Project requires closer monitoring due to potential stalled progress near deadline."
615186,1,LOW,LOW,LOW,1,"Overall Risk: LOW

Reasons:
* Low progress near planned completion. 106.0% of original time elapsed, but only 32.2% physical progress.

Early Warning:
Project requires closer monitoring due to potential stalled progress near deadline."
615188,0,LOW,LOW,LOW,1,"Overall Risk: LOW

Reasons:
* Low progress near planned completion. 159.4% of original time elapsed, but only 24.2% physical progress.

Early Warning:
Project requires closer monitoring due to potential stalled progress near deadline."
615189,1,LOW,LOW,LOW,1,"Overall Risk: LOW

Reasons:
* Low progress near planned completion. 108.9% of original time elapsed, but only 12.2% physical progress.

Early Warning:
Project requires closer monitoring due to potential stalled progress near deadline."
615192,0,LOW,LOW,LOW,1,"Overall Risk: LOW

Reasons:
* Low progress near planned completion. 106.8% of original time elapsed, but only 8.4% physical progress.

Early Warning:
Project requires closer monitoring due to potential stalled progress near deadline."
615199,0,LOW,LOW,LOW,1,"Overall Risk: LOW

Reasons:
* Low progress near planned completion. 100.0% of original time elapsed, but only 3.9% physical progress.

Early Warning:
Project requires closer monitoring due to potential stalled progress near deadline."
615918,0,LOW,LOW,LOW,1,"Overall Risk: LOW

Reasons:
* Low progress near planned completion. 171.2% of original time elapsed, but only 16.1% physical progress.

Early Warning:
Project requires closer monitoring due to potential stalled progress near deadline."
615982,2,MEDIUM,LOW,HIGH,1,"Overall Risk: MEDIUM

Reasons:
* High predicted schedule risk (78.1% probability).

Early Warning:
Project requires closer monitoring."
616044,2,MEDIUM,LOW,HIGH,1,"Overall Risk: MEDIUM

Reasons:
* High predicted schedule risk (86.8% probability).

Early Warning:
Project requires closer monitoring."
616050,2,MEDIUM,LOW,HIGH,1,"Overall Risk: MEDIUM

Reasons:
* High predicted schedule risk (88.7% probability).

Early Warning:
Project requires closer monitoring."
616223,2,MEDIUM,LOW,HIGH,1,"Overall Risk: MEDIUM

Reasons:
* High predicted schedule risk (82.5% probability).

Early Warning:
Project requires closer monitoring."
400369,3,HIGH,LOW,HIGH,1,"Overall Risk: HIGH

Reasons:
* High predicted schedule risk (92.9% probability).

Early Warning:
Project requires closer monitoring."
615183,3,HIGH,LOW,HIGH,2,"Overall Risk: HIGH

Reasons:
* High predicted schedule risk (75.1% probability).
* Significant expenditure-progress mismatch. Expenditure is 77.2% but physical progress is only 57.1% (Gap: 20.1%).

Early Warning:
Project requires closer monitoring due to financial/physical progress divergence."
400165,2,MEDIUM,LOW,LOW,1,"Overall Risk: MEDIUM

Reasons:
* Significant expenditure-progress mismatch. Expenditure is 78.7% but physical progress is only 46.6% (Gap: 32.1%).

Early Warning:
Project requires closer monitoring due to financial/physical progress divergence."
616233,1,LOW,LOW,LOW,1,"Overall Risk: LOW

Reasons:
* Significant expenditure-progress mismatch. Expenditure is 47.2% but physical progress is only 18.9% (Gap: 28.2%).

Early Warning:
Project requires closer monitoring due to financial/physical progress divergence."
618982,2,MEDIUM,LOW,HIGH,1,"Overall Risk: MEDIUM

Reasons:
* High predicted schedule risk (78.1% probability).

Early Warning:
Project requires closer monitoring."
615818,0,LOW,LOW,LOW,1,"Overall Risk: LOW

Reasons:
* Low progress near planned completion. 141.1% of original time elapsed, but only 20.0% physical progress.

Early Warning:
Project requires closer monitoring due to potential stalled progress near deadline."
615862,0,LOW,LOW,LOW,1,"Overall Risk: LOW

Reasons:
* Low progress near planned completion. 109.1% of original time elapsed, but only 33.0% physical progress.

Early Warning:
Project requires closer monitoring due to potential stalled progress near deadline."
615863,2,MEDIUM,LOW,HIGH,1,"Overall Risk: MEDIUM

Reasons:
* High predicted schedule risk (81.3% probability).

Early Warning:
Project requires closer monitoring."
400173,1,LOW,LOW,MEDIUM,1,"Overall Risk: LOW

Reasons:
* Low progress near planned completion. 106.3% of original time elapsed, but only 31.5% physical progress.

Early Warning:
Project requires closer monitoring due to potential stalled progress near deadline."
400180,0,LOW,LOW,LOW,1,"Overall Risk: LOW

Reasons:
* Low progress near planned completion. 107.3% of original time elapsed, but only 17.1% physical progress.

Early Warning:
Project requires closer monitoring due to potential stalled progress near deadline."
613793,0,LOW,LOW,LOW,1,"Overall Risk: LOW

Reasons:
* Low progress near planned completion. 105.6% of original time elapsed, but only 16.8% physical progress.

Early Warning:
Project requires closer monitoring due to potential stalled progress near deadline."
617299,3,HIGH,LOW,MEDIUM,1,"Overall Risk: HIGH

Reasons:
* Significant expenditure-progress mismatch. Expenditure is 86.8% but physical progress is only 52.0% (Gap: 34.8%).

Early Warning:
Project requires closer monitoring due to financial/physical progress divergence."
618991,0,LOW,LOW,LOW,1,"Overall Risk: LOW

Reasons:
* Low progress near planned completion. 145.4% of original time elapsed, but only 0.0% physical progress.

Early Warning:
Project requires closer monitoring due to potential stalled progress near deadline."
618992,0,LOW,LOW,LOW,1,"Overall Risk: LOW

Reasons:
* Low progress near planned completion. 150.0% of original time elapsed, but only 1.2% physical progress.

Early Warning:
Project requires closer monitoring due to potential stalled progress near deadline."
400231,0,LOW,LOW,LOW,1,"Overall Risk: LOW

Reasons:
* Low progress near planned completion. 154.1% of original time elapsed, but only 4.1% physical progress.

Early Warning:
Project requires closer monitoring due to potential stalled progress near deadline."
400203,1,LOW,MEDIUM,LOW,1,"Overall Risk: LOW

Reasons:
* Low progress near planned completion. 83.7% of original time elapsed, but only 43.7% physical progress.

Early Warning:
Project requires closer monitoring due to potential stalled progress near deadline."
400192,0,LOW,LOW,LOW,1,"Overall Risk: LOW

Reasons:
* Low progress near planned completion. 104.4% of original time elapsed, but only 37.0% physical progress.

Early Warning:
Project requires closer monitoring due to potential stalled progress near deadline."
603293,2,MEDIUM,LOW,HIGH,1,"Overall Risk: MEDIUM

Reasons:
* High predicted schedule risk (84.2% probability).

Early Warning:
Project requires closer monitoring."
602579,2,MEDIUM,LOW,HIGH,1,"Overall Risk: MEDIUM

Reasons:
* High predicted schedule risk (98.0% probability).

Early Warning:
Project requires closer monitoring."
709747,3,HIGH,LOW,MEDIUM,1,"Overall Risk: HIGH

Reasons:
* Significant expenditure-progress mismatch. Expenditure is 109.0% but physical progress is only 51.9% (Gap: 57.2%).

Early Warning:
Project requires closer monitoring due to financial/physical progress divergence."
602582,3,HIGH,MEDIUM,HIGH,1,"Overall Risk: HIGH

Reasons:
* High predicted schedule risk (91.2% probability).

Early Warning:
Project requires closer monitoring."
602593,3,HIGH,MEDIUM,HIGH,1,"Overall Risk: HIGH

Reasons:
* High predicted schedule risk (75.8% probability).

Early Warning:
Project requires closer monitoring."
602525,2,MEDIUM,LOW,HIGH,1,"Overall Risk: MEDIUM

Reasons:
* High predicted schedule risk (96.6% probability).

Early Warning:
Project requires closer monitoring."
602532,2,MEDIUM,LOW,HIGH,1,"Overall Risk: MEDIUM

Reasons:
* High predicted schedule risk (96.5% probability).

Early Warning:
Project requires closer monitoring."
602535,1,LOW,LOW,MEDIUM,1,"Overall Risk: LOW

Reasons:
* Low progress near planned completion. 132.4% of original time elapsed, but only 31.5% physical progress.

Early Warning:
Project requires closer monitoring due to potential stalled progress near deadline."
605155,2,MEDIUM,LOW,HIGH,2,"Overall Risk: MEDIUM

Reasons:
* High predicted schedule risk (72.3% probability).
* Low progress near planned completion. 104.2% of original time elapsed, but only 36.5% physical progress.

Early Warning:
Project requires closer monitoring due to potential stalled progress near deadline."
400261,2,MEDIUM,LOW,HIGH,1,"Overall Risk: MEDIUM

Reasons:
* High predicted schedule risk (96.2% probability).

Early Warning:
Project requires closer monitoring."
602096,2,MEDIUM,LOW,HIGH,1,"Overall Risk: MEDIUM

Reasons:
* High predicted schedule risk (98.8% probability).

Early Warning:
Project requires closer monitoring."
602961,3,HIGH,MEDIUM,HIGH,1,"Overall Risk: HIGH

Reasons:
* High predicted schedule risk (80.8% probability).

Early Warning:
Project requires closer monitoring."
602181,2,MEDIUM,LOW,HIGH,1,"Overall Risk: MEDIUM

Reasons:
* High predicted schedule risk (88.9% probability).

Early Warning:
Project requires closer monitoring."
605156,2,MEDIUM,LOW,HIGH,1,"Overall Risk: MEDIUM

Reasons:
* High predicted schedule risk (95.9% probability).

Early Warning:
Project requires closer monitoring."
602185,2,MEDIUM,LOW,HIGH,1,"Overall Risk: MEDIUM

Reasons:
* High predicted schedule risk (93.0% probability).

Early Warning:
Project requires closer monitoring."
602195,2,MEDIUM,LOW,HIGH,1,"Overall Risk: MEDIUM

Reasons:
* High predicted schedule risk (78.6% probability).

Early Warning:
Project requires closer monitoring."
602184,2,MEDIUM,LOW,HIGH,1,"Overall Risk: MEDIUM

Reasons:
* High predicted schedule risk (89.1% probability).

Early Warning:
Project requires closer monitoring."
602538,2,MEDIUM,LOW,HIGH,1,"Overall Risk: MEDIUM

Reasons:
* High predicted schedule risk (91.7% probability).

Early Warning:
Project requires closer monitoring."
615336,1,LOW,LOW,MEDIUM,1,"Overall Risk: LOW

Reasons:
* Low progress near planned completion. 199.4% of original time elapsed, but only 45.9% physical progress.

Early Warning:
Project requires closer monitoring due to potential stalled progress near deadline."
612139,2,MEDIUM,LOW,HIGH,1,"Overall Risk: MEDIUM

Reasons:
* High predicted schedule risk (77.6% probability).

Early Warning:
Project requires closer monitoring."
612855,2,MEDIUM,LOW,HIGH,1,"Overall Risk: MEDIUM

Reasons:
* High predicted schedule risk (84.1% probability).

Early Warning:
Project requires closer monitoring."
615342,1,LOW,LOW,MEDIUM,1,"Overall Risk: LOW

Reasons:
* Low progress near planned completion. 100.0% of original time elapsed, but only 33.0% physical progress.

Early Warning:
Project requires closer monitoring due to potential stalled progress near deadline."
615343,0,LOW,LOW,LOW,1,"Overall Risk: LOW

Reasons:
* Low progress near planned completion. 83.2% of original time elapsed, but only 8.7% physical progress.

Early Warning:
Project requires closer monitoring due to potential stalled progress near deadline."
615345,1,LOW,LOW,MEDIUM,1,"Overall Risk: LOW

Reasons:
* Low progress near planned completion. 87.4% of original time elapsed, but only 38.3% physical progress.

Early Warning:
Project requires closer monitoring due to potential stalled progress near deadline."
617391,0,LOW,LOW,LOW,1,"Overall Risk: LOW

Reasons:
* Low progress near planned completion. 80.7% of original time elapsed, but only 7.2% physical progress.

Early Warning:
Project requires closer monitoring due to potential stalled progress near deadline."
617405,0,LOW,LOW,LOW,1,"Overall Risk: LOW

Reasons:
* Low progress near planned completion. 87.4% of original time elapsed, but only 24.0% physical progress.

Early Warning:
Project requires closer monitoring due to potential stalled progress near deadline."
619029,1,LOW,LOW,MEDIUM,1,"Overall Risk: LOW

Reasons:
* Low progress near planned completion. 122.3% of original time elapsed, but only 35.2% physical progress.

Early Warning:
Project requires closer monitoring due to potential stalled progress near deadline."
619049,2,MEDIUM,LOW,HIGH,1,"Overall Risk: MEDIUM

Reasons:
* High predicted schedule risk (77.8% probability).

Early Warning:
Project requires closer monitoring."
617179,1,LOW,LOW,MEDIUM,1,"Overall Risk: LOW

Reasons:
* Low progress near planned completion. 100.0% of original time elapsed, but only 1.7% physical progress.

Early Warning:
Project requires closer monitoring due to potential stalled progress near deadline."
617326,2,MEDIUM,LOW,HIGH,1,"Overall Risk: MEDIUM

Reasons:
* High predicted schedule risk (87.2% probability).

Early Warning:
Project requires closer monitoring."
612140,2,MEDIUM,LOW,HIGH,1,"Overall Risk: MEDIUM

Reasons:
* High predicted schedule risk (95.1% probability).

Early Warning:
Project requires closer monitoring."
615344,0,LOW,LOW,LOW,1,"Overall Risk: LOW

Reasons:
* Low progress near planned completion. 87.4% of original time elapsed, but only 47.9% physical progress.

Early Warning:
Project requires closer monitoring due to potential stalled progress near deadline."
602223,2,MEDIUM,LOW,HIGH,1,"Overall Risk: MEDIUM

Reasons:
* High predicted schedule risk (91.9% probability).

Early Warning:
Project requires closer monitoring."
607709,2,MEDIUM,LOW,HIGH,1,"Overall Risk: MEDIUM

Reasons:
* High predicted schedule risk (94.1% probability).

Early Warning:
Project requires closer monitoring."
617271,1,LOW,LOW,MEDIUM,1,"Overall Risk: LOW

Reasons:
* Low progress near planned completion. 122.3% of original time elapsed, but only 29.8% physical progress.

Early Warning:
Project requires closer monitoring due to potential stalled progress near deadline."
617270,0,LOW,LOW,LOW,1,"Overall Risk: LOW

Reasons:
* Low progress near planned completion. 111.2% of original time elapsed, but only 1.5% physical progress.

Early Warning:
Project requires closer monitoring due to potential stalled progress near deadline."
612132,2,MEDIUM,LOW,HIGH,1,"Overall Risk: MEDIUM

Reasons:
* High predicted schedule risk (91.4% probability).

Early Warning:
Project requires closer monitoring."
611735,2,MEDIUM,LOW,HIGH,1,"Overall Risk: MEDIUM

Reasons:
* High predicted schedule risk (80.3% probability).

Early Warning:
Project requires closer monitoring."
615339,1,LOW,LOW,MEDIUM,1,"Overall Risk: LOW

Reasons:
* Low progress near planned completion. 83.2% of original time elapsed, but only 33.3% physical progress.

Early Warning:
Project requires closer monitoring due to potential stalled progress near deadline."
615340,1,LOW,LOW,MEDIUM,1,"Overall Risk: LOW

Reasons:
* Low progress near planned completion. 83.2% of original time elapsed, but only 36.5% physical progress.

Early Warning:
Project requires closer monitoring due to potential stalled progress near deadline."
612138,2,MEDIUM,LOW,HIGH,1,"Overall Risk: MEDIUM

Reasons:
* High predicted schedule risk (92.8% probability).

Early Warning:
Project requires closer monitoring."
615333,2,MEDIUM,LOW,HIGH,2,"Overall Risk: MEDIUM

Reasons:
* High predicted schedule risk (71.7% probability).
* Low progress near planned completion. 95.8% of original time elapsed, but only 49.3% physical progress.

Early Warning:
Project requires closer monitoring due to potential stalled progress near deadline."
615334,2,MEDIUM,LOW,MEDIUM,1,"Overall Risk: MEDIUM

Reasons:
* Low progress near planned completion. 95.8% of original time elapsed, but only 46.9% physical progress.

Early Warning:
Project requires closer monitoring due to potential stalled progress near deadline."
612133,2,MEDIUM,LOW,HIGH,1,"Overall Risk: MEDIUM

Reasons:
* High predicted schedule risk (85.9% probability).

Early Warning:
Project requires closer monitoring."
611949,2,MEDIUM,LOW,HIGH,1,"Overall Risk: MEDIUM

Reasons:
* High predicted schedule risk (92.8% probability).

Early Warning:
Project requires closer monitoring."
612134,2,MEDIUM,LOW,HIGH,1,"Overall Risk: MEDIUM

Reasons:
* High predicted schedule risk (84.7% probability).

Early Warning:
Project requires closer monitoring."
615337,2,MEDIUM,LOW,HIGH,1,"Overall Risk: MEDIUM

Reasons:
* High predicted schedule risk (88.2% probability).

Early Warning:
Project requires closer monitoring."
615338,1,LOW,LOW,MEDIUM,1,"Overall Risk: LOW

Reasons:
* Low progress near planned completion. 83.2% of original time elapsed, but only 47.3% physical progress.

Early Warning:
Project requires closer monitoring due to potential stalled progress near deadline."
617269,0,LOW,LOW,LOW,1,"Overall Risk: LOW

Reasons:
* Low progress near planned completion. 105.5% of original time elapsed, but only 12.1% physical progress.

Early Warning:
Project requires closer monitoring due to potential stalled progress near deadline."
617412,0,LOW,LOW,LOW,1,"Overall Risk: LOW

Reasons:
* Low progress near planned completion. 82.4% of original time elapsed, but only 26.0% physical progress.

Early Warning:
Project requires closer monitoring due to potential stalled progress near deadline."
707229,3,HIGH,MEDIUM,HIGH,1,"Overall Risk: HIGH

Reasons:
* High predicted schedule risk (95.6% probability).

Early Warning:
Project requires closer monitoring."
400188,0,LOW,LOW,LOW,1,"Overall Risk: LOW

Reasons:
* Low progress near planned completion. 131.8% of original time elapsed, but only 46.7% physical progress.

Early Warning:
Project requires closer monitoring due to potential stalled progress near deadline."
701719,3,HIGH,LOW,HIGH,1,"Overall Risk: HIGH

Reasons:
* High predicted schedule risk (89.6% probability).

Early Warning:
Project requires closer monitoring."
701766,1,LOW,MEDIUM,LOW,1,"Overall Risk: LOW

Reasons:
* Low progress near planned completion. 156.7% of original time elapsed, but only 40.3% physical progress.

Early Warning:
Project requires closer monitoring due to potential stalled progress near deadline."
702632,2,MEDIUM,LOW,HIGH,1,"Overall Risk: MEDIUM

Reasons:
* High predicted schedule risk (87.2% probability).

Early Warning:
Project requires closer monitoring."
702630,2,MEDIUM,LOW,HIGH,1,"Overall Risk: MEDIUM

Reasons:
* High predicted schedule risk (83.4% probability).

Early Warning:
Project requires closer monitoring."
619022,0,LOW,LOW,LOW,1,"Overall Risk: LOW

Reasons:
* Low progress near planned completion. 103.0% of original time elapsed, but only 10.1% physical progress.

Early Warning:
Project requires closer monitoring due to potential stalled progress near deadline."
702635,2,MEDIUM,LOW,HIGH,1,"Overall Risk: MEDIUM

Reasons:
* High predicted schedule risk (95.6% probability).

Early Warning:
Project requires closer monitoring."
702664,1,LOW,LOW,MEDIUM,1,"Overall Risk: LOW

Reasons:
* Low progress near planned completion. 91.6% of original time elapsed, but only 41.2% physical progress.

Early Warning:
Project requires closer monitoring due to potential stalled progress near deadline."
617225,0,LOW,LOW,LOW,1,"Overall Risk: LOW

Reasons:
* Low progress near planned completion. 84.5% of original time elapsed, but only 49.1% physical progress.

Early Warning:
Project requires closer monitoring due to potential stalled progress near deadline."
701745,0,LOW,LOW,LOW,1,"Overall Risk: LOW

Reasons:
* Low progress near planned completion. 247.4% of original time elapsed, but only 48.0% physical progress.

Early Warning:
Project requires closer monitoring due to potential stalled progress near deadline."
701991,2,MEDIUM,LOW,HIGH,1,"Overall Risk: MEDIUM

Reasons:
* High predicted schedule risk (75.2% probability).

Early Warning:
Project requires closer monitoring."
702637,2,MEDIUM,LOW,HIGH,1,"Overall Risk: MEDIUM

Reasons:
* High predicted schedule risk (97.4% probability).

Early Warning:
Project requires closer monitoring."
702628,2,MEDIUM,LOW,HIGH,1,"Overall Risk: MEDIUM

Reasons:
* High predicted schedule risk (85.4% probability).

Early Warning:
Project requires closer monitoring."
702629,2,MEDIUM,LOW,HIGH,1,"Overall Risk: MEDIUM

Reasons:
* High predicted schedule risk (77.7% probability).

Early Warning:
Project requires closer monitoring."
702674,2,MEDIUM,LOW,HIGH,1,"Overall Risk: MEDIUM

Reasons:
* High predicted schedule risk (89.8% probability).

Early Warning:
Project requires closer monitoring."
702699,2,MEDIUM,LOW,HIGH,1,"Overall Risk: MEDIUM

Reasons:
* High predicted schedule risk (94.9% probability).

Early Warning:
Project requires closer monitoring."
702734,2,MEDIUM,LOW,HIGH,1,"Overall Risk: MEDIUM

Reasons:
* High predicted schedule risk (94.4% probability).

Early Warning:
Project requires closer monitoring."
702741,2,MEDIUM,LOW,HIGH,1,"Overall Risk: MEDIUM

Reasons:
* High predicted schedule risk (81.3% probability).

Early Warning:
Project requires closer monitoring."
702742,2,MEDIUM,LOW,HIGH,1,"Overall Risk: MEDIUM

Reasons:
* High predicted schedule risk (75.0% probability).

Early Warning:
Project requires closer monitoring."
702746,2,MEDIUM,LOW,HIGH,1,"Overall Risk: MEDIUM

Reasons:
* High predicted schedule risk (84.2% probability).

Early Warning:
Project requires closer monitoring."
702760,2,MEDIUM,LOW,HIGH,1,"Overall Risk: MEDIUM

Reasons:
* High predicted schedule risk (93.4% probability).

Early Warning:
Project requires closer monitoring."
702793,2,MEDIUM,LOW,HIGH,1,"Overall Risk: MEDIUM

Reasons:
* High predicted schedule risk (90.0% probability).

Early Warning:
Project requires closer monitoring."
702808,2,MEDIUM,LOW,HIGH,1,"Overall Risk: MEDIUM

Reasons:
* High predicted schedule risk (88.8% probability).

Early Warning:
Project requires closer monitoring."
702810,2,MEDIUM,LOW,HIGH,1,"Overall Risk: MEDIUM

Reasons:
* High predicted schedule risk (86.1% probability).

Early Warning:
Project requires closer monitoring."
702833,2,MEDIUM,LOW,HIGH,1,"Overall Risk: MEDIUM

Reasons:
* High predicted schedule risk (78.9% probability).

Early Warning:
Project requires closer monitoring."
703021,3,HIGH,MEDIUM,HIGH,1,"Overall Risk: HIGH

Reasons:
* High predicted schedule risk (94.1% probability).

Early Warning:
Project requires closer monitoring."
703057,2,MEDIUM,LOW,HIGH,1,"Overall Risk: MEDIUM

Reasons:
* High predicted schedule risk (95.9% probability).

Early Warning:
Project requires closer monitoring."
702949,2,MEDIUM,LOW,HIGH,1,"Overall Risk: MEDIUM

Reasons:
* High predicted schedule risk (91.5% probability).

Early Warning:
Project requires closer monitoring."
702958,2,MEDIUM,LOW,HIGH,1,"Overall Risk: MEDIUM

Reasons:
* High predicted schedule risk (91.5% probability).

Early Warning:
Project requires closer monitoring."
400426,0,LOW,LOW,LOW,1,"Overall Risk: LOW

Reasons:
* Low progress near planned completion. 296.5% of original time elapsed, but only 28.0% physical progress.

Early Warning:
Project requires closer monitoring due to potential stalled progress near deadline."
400141,2,MEDIUM,LOW,HIGH,1,"Overall Risk: MEDIUM

Reasons:
* High predicted schedule risk (95.2% probability).

Early Warning:
Project requires closer monitoring."
400299,2,MEDIUM,LOW,HIGH,1,"Overall Risk: MEDIUM

Reasons:
* High predicted schedule risk (72.4% probability).

Early Warning:
Project requires closer monitoring."
709831,2,MEDIUM,LOW,HIGH,1,"Overall Risk: MEDIUM

Reasons:
* High predicted schedule risk (93.6% probability).

Early Warning:
Project requires closer monitoring."
709832,2,MEDIUM,LOW,HIGH,1,"Overall Risk: MEDIUM

Reasons:
* High predicted schedule risk (94.0% probability).

Early Warning:
Project requires closer monitoring."
613008,1,LOW,LOW,MEDIUM,1,"Overall Risk: LOW

Reasons:
* Low progress near planned completion. 195.2% of original time elapsed, but only 44.5% physical progress.

Early Warning:
Project requires closer monitoring due to potential stalled progress near deadline."
606112,4,HIGH,LOW,HIGH,2,"Overall Risk: HIGH

Reasons:
* High predicted schedule risk (87.9% probability).
* Significant expenditure-progress mismatch. Expenditure is 173.1% but physical progress is only 98.0% (Gap: 75.2%).

Early Warning:
Project requires closer monitoring due to financial/physical progress divergence."
606013,2,MEDIUM,LOW,HIGH,1,"Overall Risk: MEDIUM

Reasons:
* High predicted schedule risk (94.6% probability).

Early Warning:
Project requires closer monitoring."
612851,2,MEDIUM,LOW,HIGH,1,"Overall Risk: MEDIUM

Reasons:
* High predicted schedule risk (91.7% probability).

Early Warning:
Project requires closer monitoring."
616886,0,LOW,LOW,LOW,1,"Overall Risk: LOW

Reasons:
* Low progress near planned completion. 115.4% of original time elapsed, but only 14.0% physical progress.

Early Warning:
Project requires closer monitoring due to potential stalled progress near deadline."
612916,2,MEDIUM,LOW,HIGH,1,"Overall Risk: MEDIUM

Reasons:
* High predicted schedule risk (82.6% probability).

Early Warning:
Project requires closer monitoring."
602099,2,MEDIUM,LOW,HIGH,1,"Overall Risk: MEDIUM

Reasons:
* High predicted schedule risk (92.0% probability).

Early Warning:
Project requires closer monitoring."
612128,2,MEDIUM,LOW,HIGH,1,"Overall Risk: MEDIUM

Reasons:
* High predicted schedule risk (90.3% probability).

Early Warning:
Project requires closer monitoring."
612894,2,MEDIUM,LOW,HIGH,1,"Overall Risk: MEDIUM

Reasons:
* High predicted schedule risk (87.8% probability).

Early Warning:
Project requires closer monitoring."
602098,2,MEDIUM,LOW,HIGH,1,"Overall Risk: MEDIUM

Reasons:
* High predicted schedule risk (96.5% probability).

Early Warning:
Project requires closer monitoring."
606431,3,HIGH,MEDIUM,HIGH,1,"Overall Risk: HIGH

Reasons:
* High predicted schedule risk (90.6% probability).

Early Warning:
Project requires closer monitoring."
612885,2,MEDIUM,LOW,HIGH,1,"Overall Risk: MEDIUM

Reasons:
* High predicted schedule risk (81.8% probability).

Early Warning:
Project requires closer monitoring."
612876,2,MEDIUM,LOW,LOW,2,"Overall Risk: MEDIUM

Reasons:
* Significant expenditure-progress mismatch. Expenditure is 35.3% but physical progress is only 4.0% (Gap: 31.3%).
* Low progress near planned completion. 108.6% of original time elapsed, but only 4.0% physical progress.

Early Warning:
Project requires closer monitoring due to financial/physical progress divergence."
613013,2,MEDIUM,LOW,HIGH,1,"Overall Risk: MEDIUM

Reasons:
* High predicted schedule risk (70.4% probability).

Early Warning:
Project requires closer monitoring."
610315,2,MEDIUM,LOW,HIGH,1,"Overall Risk: MEDIUM

Reasons:
* High predicted schedule risk (91.2% probability).

Early Warning:
Project requires closer monitoring."
611961,0,LOW,LOW,LOW,1,"Overall Risk: LOW

Reasons:
* Low progress near planned completion. 96.4% of original time elapsed, but only 10.4% physical progress.

Early Warning:
Project requires closer monitoring due to potential stalled progress near deadline."
612877,2,MEDIUM,LOW,HIGH,1,"Overall Risk: MEDIUM

Reasons:
* High predicted schedule risk (92.3% probability).

Early Warning:
Project requires closer monitoring."
605292,2,MEDIUM,LOW,HIGH,1,"Overall Risk: MEDIUM

Reasons:
* High predicted schedule risk (90.6% probability).

Early Warning:
Project requires closer monitoring."
609736,2,MEDIUM,LOW,HIGH,1,"Overall Risk: MEDIUM

Reasons:
* High predicted schedule risk (93.8% probability).

Early Warning:
Project requires closer monitoring."
609996,2,MEDIUM,LOW,HIGH,1,"Overall Risk: MEDIUM

Reasons:
* High predicted schedule risk (88.2% probability).

Early Warning:
Project requires closer monitoring."
606479,2,MEDIUM,LOW,HIGH,1,"Overall Risk: MEDIUM

Reasons:
* High predicted schedule risk (87.9% probability).

Early Warning:
Project requires closer monitoring."
609019,2,MEDIUM,LOW,HIGH,1,"Overall Risk: MEDIUM

Reasons:
* High predicted schedule risk (92.5% probability).

Early Warning:
Project requires closer monitoring."
400081,2,MEDIUM,LOW,HIGH,1,"Overall Risk: MEDIUM

Reasons:
* High predicted schedule risk (96.5% probability).

Early Warning:
Project requires closer monitoring."
604833,2,MEDIUM,LOW,HIGH,1,"Overall Risk: MEDIUM

Reasons:
* High predicted schedule risk (74.3% probability).

Early Warning:
Project requires closer monitoring."
709759,2,MEDIUM,LOW,HIGH,1,"Overall Risk: MEDIUM

Reasons:
* High predicted schedule risk (82.8% probability).

Early Warning:
Project requires closer monitoring."
400043,2,MEDIUM,LOW,HIGH,1,"Overall Risk: MEDIUM

Reasons:
* High predicted schedule risk (93.7% probability).

Early Warning:
Project requires closer monitoring."
400301,2,MEDIUM,LOW,HIGH,1,"Overall Risk: MEDIUM

Reasons:
* High predicted schedule risk (95.4% probability).

Early Warning:
Project requires closer monitoring."
400012,2,MEDIUM,LOW,HIGH,1,"Overall Risk: MEDIUM

Reasons:
* High predicted schedule risk (85.3% probability).

Early Warning:
Project requires closer monitoring."
604852,2,MEDIUM,LOW,HIGH,1,"Overall Risk: MEDIUM

Reasons:
* High predicted schedule risk (70.4% probability).

Early Warning:
Project requires closer monitoring."
701349,2,MEDIUM,LOW,HIGH,1,"Overall Risk: MEDIUM

Reasons:
* High predicted schedule risk (90.7% probability).

Early Warning:
Project requires closer monitoring."
400120,2,MEDIUM,LOW,HIGH,1,"Overall Risk: MEDIUM

Reasons:
* High predicted schedule risk (94.3% probability).

Early Warning:
Project requires closer monitoring."
709752,2,MEDIUM,LOW,HIGH,1,"Overall Risk: MEDIUM

Reasons:
* High predicted schedule risk (80.4% probability).

Early Warning:
Project requires closer monitoring."
604791,2,MEDIUM,LOW,HIGH,1,"Overall Risk: MEDIUM

Reasons:
* High predicted schedule risk (90.2% probability).

Early Warning:
Project requires closer monitoring."
604863,2,MEDIUM,LOW,HIGH,1,"Overall Risk: MEDIUM

Reasons:
* High predicted schedule risk (87.8% probability).

Early Warning:
Project requires closer monitoring."
616858,2,MEDIUM,LOW,HIGH,1,"Overall Risk: MEDIUM

Reasons:
* High predicted schedule risk (88.4% probability).

Early Warning:
Project requires closer monitoring."
709776,2,MEDIUM,LOW,HIGH,1,"Overall Risk: MEDIUM

Reasons:
* High predicted schedule risk (77.8% probability).

Early Warning:
Project requires closer monitoring."
709865,2,MEDIUM,LOW,HIGH,1,"Overall Risk: MEDIUM

Reasons:
* High predicted schedule risk (82.4% probability).

Early Warning:
Project requires closer monitoring."
701324,2,MEDIUM,LOW,HIGH,1,"Overall Risk: MEDIUM

Reasons:
* High predicted schedule risk (93.3% probability).

Early Warning:
Project requires closer monitoring."
709777,3,HIGH,MEDIUM,HIGH,1,"Overall Risk: HIGH

Reasons:
* High predicted schedule risk (80.2% probability).

Early Warning:
Project requires closer monitoring."
400087,2,MEDIUM,LOW,HIGH,1,"Overall Risk: MEDIUM

Reasons:
* High predicted schedule risk (87.8% probability).

Early Warning:
Project requires closer monitoring."
400167,2,MEDIUM,LOW,HIGH,1,"Overall Risk: MEDIUM

Reasons:
* High predicted schedule risk (88.2% probability).

Early Warning:
Project requires closer monitoring."
400169,2,MEDIUM,LOW,HIGH,1,"Overall Risk: MEDIUM

Reasons:
* High predicted schedule risk (86.6% probability).

Early Warning:
Project requires closer monitoring."
701329,2,MEDIUM,LOW,HIGH,1,"Overall Risk: MEDIUM

Reasons:
* High predicted schedule risk (82.8% probability).

Early Warning:
Project requires closer monitoring."
709778,3,HIGH,MEDIUM,HIGH,1,"Overall Risk: HIGH

Reasons:
* High predicted schedule risk (83.0% probability).

Early Warning:
Project requires closer monitoring."
709840,2,MEDIUM,LOW,HIGH,1,"Overall Risk: MEDIUM

Reasons:
* High predicted schedule risk (88.3% probability).

Early Warning:
Project requires closer monitoring."
709841,2,MEDIUM,LOW,HIGH,1,"Overall Risk: MEDIUM

Reasons:
* High predicted schedule risk (87.0% probability).

Early Warning:
Project requires closer monitoring."
709845,3,HIGH,MEDIUM,HIGH,1,"Overall Risk: HIGH

Reasons:
* High predicted schedule risk (71.0% probability).

Early Warning:
Project requires closer monitoring."
604853,2,MEDIUM,LOW,HIGH,1,"Overall Risk: MEDIUM

Reasons:
* High predicted schedule risk (76.4% probability).

Early Warning:
Project requires closer monitoring."
611917,2,MEDIUM,LOW,HIGH,1,"Overall Risk: MEDIUM

Reasons:
* High predicted schedule risk (90.2% probability).

Early Warning:
Project requires closer monitoring."
701289,2,MEDIUM,LOW,HIGH,1,"Overall Risk: MEDIUM

Reasons:
* High predicted schedule risk (92.0% probability).

Early Warning:
Project requires closer monitoring."
709783,2,MEDIUM,LOW,HIGH,1,"Overall Risk: MEDIUM

Reasons:
* High predicted schedule risk (90.8% probability).

Early Warning:
Project requires closer monitoring."
612790,2,MEDIUM,LOW,HIGH,1,"Overall Risk: MEDIUM

Reasons:
* High predicted schedule risk (87.3% probability).

Early Warning:
Project requires closer monitoring."
701338,3,HIGH,LOW,MEDIUM,2,"Overall Risk: HIGH

Reasons:
* Significant expenditure-progress mismatch. Expenditure is 81.0% but physical progress is only 47.0% (Gap: 34.0%).
* Low progress near planned completion. 80.7% of original time elapsed, but only 47.0% physical progress.

Early Warning:
Project requires closer monitoring due to financial/physical progress divergence."
709774,2,MEDIUM,LOW,HIGH,1,"Overall Risk: MEDIUM

Reasons:
* High predicted schedule risk (89.6% probability).

Early Warning:
Project requires closer monitoring."
400168,2,MEDIUM,LOW,HIGH,1,"Overall Risk: MEDIUM

Reasons:
* High predicted schedule risk (70.6% probability).

Early Warning:
Project requires closer monitoring."
604859,2,MEDIUM,LOW,HIGH,1,"Overall Risk: MEDIUM

Reasons:
* High predicted schedule risk (86.6% probability).

Early Warning:
Project requires closer monitoring."
400119,2,MEDIUM,LOW,HIGH,1,"Overall Risk: MEDIUM

Reasons:
* High predicted schedule risk (88.1% probability).

Early Warning:
Project requires closer monitoring."
709839,2,MEDIUM,LOW,HIGH,1,"Overall Risk: MEDIUM

Reasons:
* High predicted schedule risk (91.6% probability).

Early Warning:
Project requires closer monitoring."
709848,2,MEDIUM,LOW,HIGH,1,"Overall Risk: MEDIUM

Reasons:
* High predicted schedule risk (89.8% probability).

Early Warning:
Project requires closer monitoring."
709849,2,MEDIUM,LOW,HIGH,1,"Overall Risk: MEDIUM

Reasons:
* High predicted schedule risk (91.7% probability).

Early Warning:
Project requires closer monitoring."
709851,1,LOW,LOW,MEDIUM,1,"Overall Risk: LOW

Reasons:
* Low progress near planned completion. 80.9% of original time elapsed, but only 47.4% physical progress.

Early Warning:
Project requires closer monitoring due to potential stalled progress near deadline."
400171,3,HIGH,MEDIUM,HIGH,1,"Overall Risk: HIGH

Reasons:
* High predicted schedule risk (85.4% probability).

Early Warning:
Project requires closer monitoring."
612853,2,MEDIUM,LOW,HIGH,1,"Overall Risk: MEDIUM

Reasons:
* High predicted schedule risk (81.1% probability).

Early Warning:
Project requires closer monitoring."
701330,2,MEDIUM,LOW,HIGH,1,"Overall Risk: MEDIUM

Reasons:
* High predicted schedule risk (86.9% probability).

Early Warning:
Project requires closer monitoring."
604795,0,LOW,LOW,LOW,1,"Overall Risk: LOW

Reasons:
* Low progress near planned completion. 128.9% of original time elapsed, but only 10.2% physical progress.

Early Warning:
Project requires closer monitoring due to potential stalled progress near deadline."
701228,2,MEDIUM,LOW,HIGH,1,"Overall Risk: MEDIUM

Reasons:
* High predicted schedule risk (94.5% probability).

Early Warning:
Project requires closer monitoring."
709750,2,MEDIUM,LOW,HIGH,1,"Overall Risk: MEDIUM

Reasons:
* High predicted schedule risk (92.3% probability).

Early Warning:
Project requires closer monitoring."
701346,2,MEDIUM,LOW,HIGH,1,"Overall Risk: MEDIUM

Reasons:
* High predicted schedule risk (94.2% probability).

Early Warning:
Project requires closer monitoring."
709837,2,MEDIUM,LOW,HIGH,1,"Overall Risk: MEDIUM

Reasons:
* High predicted schedule risk (88.0% probability).

Early Warning:
Project requires closer monitoring."
617302,2,MEDIUM,LOW,HIGH,1,"Overall Risk: MEDIUM

Reasons:
* High predicted schedule risk (86.0% probability).

Early Warning:
Project requires closer monitoring."
617837,2,MEDIUM,LOW,HIGH,1,"Overall Risk: MEDIUM

Reasons:
* High predicted schedule risk (85.3% probability).

Early Warning:
Project requires closer monitoring."
701344,2,MEDIUM,LOW,HIGH,1,"Overall Risk: MEDIUM

Reasons:
* High predicted schedule risk (84.1% probability).

Early Warning:
Project requires closer monitoring."
709753,2,MEDIUM,LOW,HIGH,1,"Overall Risk: MEDIUM

Reasons:
* High predicted schedule risk (87.1% probability).

Early Warning:
Project requires closer monitoring."
706965,2,MEDIUM,LOW,LOW,1,"Overall Risk: MEDIUM

Reasons:
* Significant expenditure-progress mismatch. Expenditure is 60.0% but physical progress is only 0.0% (Gap: 60.0%).

Early Warning:
Project requires closer monitoring due to financial/physical progress divergence."
706966,2,MEDIUM,LOW,LOW,1,"Overall Risk: MEDIUM

Reasons:
* Significant expenditure-progress mismatch. Expenditure is 60.0% but physical progress is only 0.0% (Gap: 60.0%).

Early Warning:
Project requires closer monitoring due to financial/physical progress divergence."
707016,2,MEDIUM,LOW,LOW,1,"Overall Risk: MEDIUM

Reasons:
* Significant expenditure-progress mismatch. Expenditure is 60.0% but physical progress is only 0.0% (Gap: 60.0%).

Early Warning:
Project requires closer monitoring due to financial/physical progress divergence."
707017,2,MEDIUM,LOW,LOW,1,"Overall Risk: MEDIUM

Reasons:
* Significant expenditure-progress mismatch. Expenditure is 60.0% but physical progress is only 0.0% (Gap: 60.0%).

Early Warning:
Project requires closer monitoring due to financial/physical progress divergence."
707018,2,MEDIUM,LOW,LOW,1,"Overall Risk: MEDIUM

Reasons:
* Significant expenditure-progress mismatch. Expenditure is 60.0% but physical progress is only 0.0% (Gap: 60.0%).

Early Warning:
Project requires closer monitoring due to financial/physical progress divergence."
707019,2,MEDIUM,LOW,LOW,1,"Overall Risk: MEDIUM

Reasons:
* Significant expenditure-progress mismatch. Expenditure is 60.0% but physical progress is only 0.0% (Gap: 60.0%).

Early Warning:
Project requires closer monitoring due to financial/physical progress divergence."
707046,0,LOW,LOW,LOW,1,"Overall Risk: LOW

Reasons:
* Low progress near planned completion. 257.1% of original time elapsed, but only 45.0% physical progress.

Early Warning:
Project requires closer monitoring due to potential stalled progress near deadline."
617882,0,LOW,LOW,LOW,1,"Overall Risk: LOW

Reasons:
* Low progress near planned completion. 83.0% of original time elapsed, but only 40.0% physical progress.

Early Warning:
Project requires closer monitoring due to potential stalled progress near deadline."
701170,2,MEDIUM,LOW,HIGH,1,"Overall Risk: MEDIUM

Reasons:
* High predicted schedule risk (80.9% probability).

Early Warning:
Project requires closer monitoring."
707050,2,MEDIUM,LOW,LOW,1,"Overall Risk: MEDIUM

Reasons:
* Significant expenditure-progress mismatch. Expenditure is 151.3% but physical progress is only 81.0% (Gap: 70.3%).

Early Warning:
Project requires closer monitoring due to financial/physical progress divergence."
701167,2,MEDIUM,LOW,HIGH,1,"Overall Risk: MEDIUM

Reasons:
* High predicted schedule risk (89.4% probability).

Early Warning:
Project requires closer monitoring."
707052,2,MEDIUM,LOW,LOW,1,"Overall Risk: MEDIUM

Reasons:
* Significant expenditure-progress mismatch. Expenditure is 53.2% but physical progress is only 0.0% (Gap: 53.2%).

Early Warning:
Project requires closer monitoring due to financial/physical progress divergence."
707021,1,LOW,MEDIUM,LOW,1,"Overall Risk: LOW

Reasons:
* Low progress near planned completion. 113.4% of original time elapsed, but only 40.0% physical progress.

Early Warning:
Project requires closer monitoring due to potential stalled progress near deadline."
707057,2,MEDIUM,LOW,LOW,1,"Overall Risk: MEDIUM

Reasons:
* Significant expenditure-progress mismatch. Expenditure is 39.1% but physical progress is only 0.0% (Gap: 39.1%).

Early Warning:
Project requires closer monitoring due to financial/physical progress divergence."
707059,0,LOW,LOW,LOW,1,"Overall Risk: LOW

Reasons:
* Low progress near planned completion. 116.6% of original time elapsed, but only 45.0% physical progress.

Early Warning:
Project requires closer monitoring due to potential stalled progress near deadline."
706989,2,MEDIUM,LOW,LOW,1,"Overall Risk: MEDIUM

Reasons:
* Significant expenditure-progress mismatch. Expenditure is 90.0% but physical progress is only 0.0% (Gap: 90.0%).

Early Warning:
Project requires closer monitoring due to financial/physical progress divergence."
707067,2,MEDIUM,LOW,LOW,1,"Overall Risk: MEDIUM

Reasons:
* Significant expenditure-progress mismatch. Expenditure is 47.7% but physical progress is only 0.0% (Gap: 47.7%).

Early Warning:
Project requires closer monitoring due to financial/physical progress divergence."
707069,0,LOW,LOW,LOW,1,"Overall Risk: LOW

Reasons:
* Low progress near planned completion. 469.0% of original time elapsed, but only 0.0% physical progress.

Early Warning:
Project requires closer monitoring due to potential stalled progress near deadline."
707070,1,LOW,MEDIUM,LOW,1,"Overall Risk: LOW

Reasons:
* Low progress near planned completion. 235.9% of original time elapsed, but only 5.0% physical progress.

Early Warning:
Project requires closer monitoring due to potential stalled progress near deadline."
701168,3,HIGH,MEDIUM,HIGH,1,"Overall Risk: HIGH

Reasons:
* High predicted schedule risk (72.5% probability).

Early Warning:
Project requires closer monitoring."
701171,2,MEDIUM,LOW,HIGH,1,"Overall Risk: MEDIUM

Reasons:
* High predicted schedule risk (81.4% probability).

Early Warning:
Project requires closer monitoring."
612167,2,MEDIUM,LOW,HIGH,1,"Overall Risk: MEDIUM

Reasons:
* High predicted schedule risk (95.2% probability).

Early Warning:
Project requires closer monitoring."
612186,1,LOW,LOW,MEDIUM,1,"Overall Risk: LOW

Reasons:
* Low progress near planned completion. 140.0% of original time elapsed, but only 28.0% physical progress.

Early Warning:
Project requires closer monitoring due to potential stalled progress near deadline."
612211,2,MEDIUM,LOW,HIGH,1,"Overall Risk: MEDIUM

Reasons:
* High predicted schedule risk (79.3% probability).

Early Warning:
Project requires closer monitoring."
612745,2,MEDIUM,LOW,HIGH,2,"Overall Risk: MEDIUM

Reasons:
* High predicted schedule risk (73.9% probability).
* Low progress near planned completion. 507.1% of original time elapsed, but only 35.0% physical progress.

Early Warning:
Project requires closer monitoring due to potential stalled progress near deadline."
612748,1,LOW,LOW,MEDIUM,1,"Overall Risk: LOW

Reasons:
* Low progress near planned completion. 364.2% of original time elapsed, but only 28.1% physical progress.

Early Warning:
Project requires closer monitoring due to potential stalled progress near deadline."
612213,2,MEDIUM,LOW,HIGH,1,"Overall Risk: MEDIUM

Reasons:
* High predicted schedule risk (77.8% probability).

Early Warning:
Project requires closer monitoring."
616691,2,MEDIUM,LOW,HIGH,1,"Overall Risk: MEDIUM

Reasons:
* High predicted schedule risk (89.8% probability).

Early Warning:
Project requires closer monitoring."
612513,0,LOW,LOW,LOW,1,"Overall Risk: LOW

Reasons:
* Low progress near planned completion. 669.5% of original time elapsed, but only 7.2% physical progress.

Early Warning:
Project requires closer monitoring due to potential stalled progress near deadline."
612259,3,HIGH,LOW,HIGH,2,"Overall Risk: HIGH

Reasons:
* High predicted schedule risk (91.3% probability).
* Significant expenditure-progress mismatch. Expenditure is 114.3% but physical progress is only 90.5% (Gap: 23.8%).

Early Warning:
Project requires closer monitoring due to financial/physical progress divergence."
701565,2,MEDIUM,LOW,HIGH,1,"Overall Risk: MEDIUM

Reasons:
* High predicted schedule risk (86.0% probability).

Early Warning:
Project requires closer monitoring."
701570,3,HIGH,MEDIUM,HIGH,1,"Overall Risk: HIGH

Reasons:
* High predicted schedule risk (86.9% probability).

Early Warning:
Project requires closer monitoring."
617804,2,MEDIUM,LOW,HIGH,1,"Overall Risk: MEDIUM

Reasons:
* High predicted schedule risk (93.0% probability).

Early Warning:
Project requires closer monitoring."
701574,2,MEDIUM,LOW,HIGH,1,"Overall Risk: MEDIUM

Reasons:
* High predicted schedule risk (81.0% probability).

Early Warning:
Project requires closer monitoring."
707215,2,MEDIUM,LOW,HIGH,1,"Overall Risk: MEDIUM

Reasons:
* High predicted schedule risk (79.1% probability).

Early Warning:
Project requires closer monitoring."
707410,2,MEDIUM,LOW,HIGH,1,"Overall Risk: MEDIUM

Reasons:
* High predicted schedule risk (79.8% probability).

Early Warning:
Project requires closer monitoring."
701658,0,LOW,LOW,LOW,1,"Overall Risk: LOW

Reasons:
* Low progress near planned completion. 185.9% of original time elapsed, but only 47.8% physical progress.

Early Warning:
Project requires closer monitoring due to potential stalled progress near deadline."
701657,1,LOW,LOW,MEDIUM,1,"Overall Risk: LOW

Reasons:
* Low progress near planned completion. 155.8% of original time elapsed, but only 27.1% physical progress.

Early Warning:
Project requires closer monitoring due to potential stalled progress near deadline."
707419,0,LOW,LOW,LOW,1,"Overall Risk: LOW

Reasons:
* Low progress near planned completion. 164.1% of original time elapsed, but only 27.8% physical progress.

Early Warning:
Project requires closer monitoring due to potential stalled progress near deadline."
617243,2,MEDIUM,LOW,HIGH,1,"Overall Risk: MEDIUM

Reasons:
* High predicted schedule risk (71.7% probability).

Early Warning:
Project requires closer monitoring."
617256,2,MEDIUM,LOW,HIGH,1,"Overall Risk: MEDIUM

Reasons:
* High predicted schedule risk (80.6% probability).

Early Warning:
Project requires closer monitoring."
706811,3,HIGH,MEDIUM,HIGH,1,"Overall Risk: HIGH

Reasons:
* High predicted schedule risk (87.9% probability).

Early Warning:
Project requires closer monitoring."
709826,3,HIGH,MEDIUM,HIGH,1,"Overall Risk: HIGH

Reasons:
* High predicted schedule risk (78.2% probability).

Early Warning:
Project requires closer monitoring."
400121,2,MEDIUM,LOW,HIGH,1,"Overall Risk: MEDIUM

Reasons:
* High predicted schedule risk (85.0% probability).

Early Warning:
Project requires closer monitoring."
617242,2,MEDIUM,LOW,HIGH,1,"Overall Risk: MEDIUM

Reasons:
* High predicted schedule risk (72.5% probability).

Early Warning:
Project requires closer monitoring."
617248,2,MEDIUM,LOW,HIGH,1,"Overall Risk: MEDIUM

Reasons:
* High predicted schedule risk (79.1% probability).

Early Warning:
Project requires closer monitoring."
617251,1,LOW,LOW,MEDIUM,1,"Overall Risk: LOW

Reasons:
* Low progress near planned completion. 141.5% of original time elapsed, but only 34.6% physical progress.

Early Warning:
Project requires closer monitoring due to potential stalled progress near deadline."
400298,2,MEDIUM,LOW,LOW,2,"Overall Risk: MEDIUM

Reasons:
* Significant expenditure-progress mismatch. Expenditure is 42.9% but physical progress is only 2.0% (Gap: 40.9%).
* Low progress near planned completion. 122.0% of original time elapsed, but only 2.0% physical progress.

Early Warning:
Project requires closer monitoring due to financial/physical progress divergence."
611752,2,MEDIUM,LOW,LOW,2,"Overall Risk: MEDIUM

Reasons:
* Significant expenditure-progress mismatch. Expenditure is 42.4% but physical progress is only 0.0% (Gap: 42.4%).
* Low progress near planned completion. 143.3% of original time elapsed, but only 0.0% physical progress.

Early Warning:
Project requires closer monitoring due to financial/physical progress divergence."
611754,2,MEDIUM,LOW,LOW,2,"Overall Risk: MEDIUM

Reasons:
* Significant expenditure-progress mismatch. Expenditure is 31.2% but physical progress is only 0.0% (Gap: 31.2%).
* Low progress near planned completion. 200.7% of original time elapsed, but only 0.0% physical progress.

Early Warning:
Project requires closer monitoring due to financial/physical progress divergence."
612827,0,LOW,LOW,LOW,1,"Overall Risk: LOW

Reasons:
* Low progress near planned completion. 114.8% of original time elapsed, but only 21.0% physical progress.

Early Warning:
Project requires closer monitoring due to potential stalled progress near deadline."
616697,2,MEDIUM,LOW,HIGH,1,"Overall Risk: MEDIUM

Reasons:
* High predicted schedule risk (83.6% probability).

Early Warning:
Project requires closer monitoring."
705253,4,HIGH,LOW,HIGH,2,"Overall Risk: HIGH

Reasons:
* High predicted schedule risk (81.8% probability).
* Significant expenditure-progress mismatch. Expenditure is 171.1% but physical progress is only 75.0% (Gap: 96.1%).

Early Warning:
Project requires closer monitoring due to financial/physical progress divergence."
616701,0,LOW,LOW,LOW,1,"Overall Risk: LOW

Reasons:
* Low progress near planned completion. 85.0% of original time elapsed, but only 1.0% physical progress.

Early Warning:
Project requires closer monitoring due to potential stalled progress near deadline."
705572,2,MEDIUM,LOW,HIGH,1,"Overall Risk: MEDIUM

Reasons:
* High predicted schedule risk (73.4% probability).

Early Warning:
Project requires closer monitoring."
400254,3,HIGH,MEDIUM,HIGH,1,"Overall Risk: HIGH

Reasons:
* High predicted schedule risk (92.9% probability).

Early Warning:
Project requires closer monitoring."
617231,0,LOW,LOW,LOW,1,"Overall Risk: LOW

Reasons:
* Low progress near planned completion. 108.4% of original time elapsed, but only 0.0% physical progress.

Early Warning:
Project requires closer monitoring due to potential stalled progress near deadline."
705366,3,HIGH,MEDIUM,HIGH,1,"Overall Risk: HIGH

Reasons:
* High predicted schedule risk (92.0% probability).

Early Warning:
Project requires closer monitoring."
705368,5,CRITICAL,MEDIUM,HIGH,4,"Overall Risk: CRITICAL

Reasons:
* High predicted schedule risk (73.2% probability).
* Significant expenditure-progress mismatch. Expenditure is 81.7% but physical progress is only 40.0% (Gap: 41.7%).
* Low progress near planned completion. 483.8% of original time elapsed, but only 40.0% physical progress.

Early Warning:
Multiple simultaneous warning indicators triggered. Project requires closer monitoring."
705373,3,HIGH,MEDIUM,HIGH,1,"Overall Risk: HIGH

Reasons:
* High predicted schedule risk (90.8% probability).

Early Warning:
Project requires closer monitoring."
705450,3,HIGH,MEDIUM,HIGH,1,"Overall Risk: HIGH

Reasons:
* High predicted schedule risk (93.8% probability).

Early Warning:
Project requires closer monitoring."
705526,3,HIGH,MEDIUM,HIGH,1,"Overall Risk: HIGH

Reasons:
* High predicted schedule risk (95.7% probability).

Early Warning:
Project requires closer monitoring."
705527,3,HIGH,MEDIUM,HIGH,1,"Overall Risk: HIGH

Reasons:
* High predicted schedule risk (95.6% probability).

Early Warning:
Project requires closer monitoring."
705528,3,HIGH,MEDIUM,HIGH,1,"Overall Risk: HIGH

Reasons:
* High predicted schedule risk (96.7% probability).

Early Warning:
Project requires closer monitoring."
706759,2,MEDIUM,LOW,HIGH,1,"Overall Risk: MEDIUM

Reasons:
* High predicted schedule risk (93.9% probability).

Early Warning:
Project requires closer monitoring."
706860,1,LOW,LOW,MEDIUM,1,"Overall Risk: LOW

Reasons:
* Low progress near planned completion. 756.4% of original time elapsed, but only 38.0% physical progress.

Early Warning:
Project requires closer monitoring due to potential stalled progress near deadline."
900874,0,LOW,LOW,LOW,1,"Overall Risk: LOW

Reasons:
* Low progress near planned completion. 386.7% of original time elapsed, but only 0.0% physical progress.

Early Warning:
Project requires closer monitoring due to potential stalled progress near deadline."
400220,2,MEDIUM,LOW,HIGH,1,"Overall Risk: MEDIUM

Reasons:
* High predicted schedule risk (88.8% probability).

Early Warning:
Project requires closer monitoring."
400291,2,MEDIUM,LOW,HIGH,1,"Overall Risk: MEDIUM

Reasons:
* High predicted schedule risk (83.5% probability).

Early Warning:
Project requires closer monitoring."
602792,2,MEDIUM,LOW,HIGH,1,"Overall Risk: MEDIUM

Reasons:
* High predicted schedule risk (87.0% probability).

Early Warning:
Project requires closer monitoring."
612815,0,LOW,LOW,LOW,1,"Overall Risk: LOW

Reasons:
* Low progress near planned completion. 89.5% of original time elapsed, but only 3.0% physical progress.

Early Warning:
Project requires closer monitoring due to potential stalled progress near deadline."
705433,2,MEDIUM,LOW,HIGH,1,"Overall Risk: MEDIUM

Reasons:
* High predicted schedule risk (79.7% probability).

Early Warning:
Project requires closer monitoring."
705444,2,MEDIUM,LOW,HIGH,1,"Overall Risk: MEDIUM

Reasons:
* High predicted schedule risk (84.5% probability).

Early Warning:
Project requires closer monitoring."
709818,1,LOW,LOW,LOW,2,"Overall Risk: LOW

Reasons:
* Significant expenditure-progress mismatch. Expenditure is 29.9% but physical progress is only 5.0% (Gap: 24.9%).
* Low progress near planned completion. 170.2% of original time elapsed, but only 5.0% physical progress.

Early Warning:
Project requires closer monitoring due to financial/physical progress divergence."
709819,0,LOW,LOW,LOW,1,"Overall Risk: LOW

Reasons:
* Low progress near planned completion. 102.0% of original time elapsed, but only 10.0% physical progress.

Early Warning:
Project requires closer monitoring due to potential stalled progress near deadline."
705583,2,MEDIUM,LOW,LOW,2,"Overall Risk: MEDIUM

Reasons:
* Significant expenditure-progress mismatch. Expenditure is 56.1% but physical progress is only 23.0% (Gap: 33.1%).
* Low progress near planned completion. 158.0% of original time elapsed, but only 23.0% physical progress.

Early Warning:
Project requires closer monitoring due to financial/physical progress divergence."
611918,0,LOW,LOW,LOW,1,"Overall Risk: LOW

Reasons:
* Low progress near planned completion. 94.9% of original time elapsed, but only 31.0% physical progress.

Early Warning:
Project requires closer monitoring due to potential stalled progress near deadline."
611943,0,LOW,LOW,LOW,1,"Overall Risk: LOW

Reasons:
* Low progress near planned completion. 157.5% of original time elapsed, but only 5.0% physical progress.

Early Warning:
Project requires closer monitoring due to potential stalled progress near deadline."
612072,2,MEDIUM,LOW,LOW,2,"Overall Risk: MEDIUM

Reasons:
* Significant expenditure-progress mismatch. Expenditure is 57.0% but physical progress is only 23.0% (Gap: 34.0%).
* Low progress near planned completion. 113.8% of original time elapsed, but only 23.0% physical progress.

Early Warning:
Project requires closer monitoring due to financial/physical progress divergence."
705458,2,MEDIUM,LOW,LOW,2,"Overall Risk: MEDIUM

Reasons:
* Significant expenditure-progress mismatch. Expenditure is 80.4% but physical progress is only 34.0% (Gap: 46.4%).
* Low progress near planned completion. 1895.1% of original time elapsed, but only 34.0% physical progress.

Early Warning:
Project requires closer monitoring due to financial/physical progress divergence."
706763,2,MEDIUM,LOW,HIGH,1,"Overall Risk: MEDIUM

Reasons:
* High predicted schedule risk (77.2% probability).

Early Warning:
Project requires closer monitoring."
709813,2,MEDIUM,LOW,LOW,2,"Overall Risk: MEDIUM

Reasons:
* Significant expenditure-progress mismatch. Expenditure is 100.0% but physical progress is only 22.0% (Gap: 78.0%).
* Low progress near planned completion. 145.0% of original time elapsed, but only 22.0% physical progress.

Early Warning:
Project requires closer monitoring due to financial/physical progress divergence."
611884,2,MEDIUM,LOW,HIGH,1,"Overall Risk: MEDIUM

Reasons:
* High predicted schedule risk (85.6% probability).

Early Warning:
Project requires closer monitoring."
705785,2,MEDIUM,LOW,LOW,2,"Overall Risk: MEDIUM

Reasons:
* Significant expenditure-progress mismatch. Expenditure is 72.9% but physical progress is only 14.0% (Gap: 58.9%).
* Low progress near planned completion. 846.7% of original time elapsed, but only 14.0% physical progress.

Early Warning:
Project requires closer monitoring due to financial/physical progress divergence."
400023,0,LOW,LOW,LOW,1,"Overall Risk: LOW

Reasons:
* Low progress near planned completion. 314.4% of original time elapsed, but only 0.5% physical progress.

Early Warning:
Project requires closer monitoring due to potential stalled progress near deadline."
705490,3,HIGH,LOW,HIGH,4,"Overall Risk: HIGH

Reasons:
* High predicted schedule risk (77.5% probability).
* Significant expenditure-progress mismatch. Expenditure is 61.4% but physical progress is only 35.0% (Gap: 26.4%).
* Low progress near planned completion. 138.3% of original time elapsed, but only 35.0% physical progress.

Early Warning:
Multiple simultaneous warning indicators triggered. Project requires closer monitoring."
705492,2,MEDIUM,LOW,HIGH,1,"Overall Risk: MEDIUM

Reasons:
* High predicted schedule risk (96.2% probability).

Early Warning:
Project requires closer monitoring."
705493,2,MEDIUM,LOW,MEDIUM,1,"Overall Risk: MEDIUM

Reasons:
* Significant expenditure-progress mismatch. Expenditure is 34.9% but physical progress is only 10.0% (Gap: 24.9%).

Early Warning:
Project requires closer monitoring due to financial/physical progress divergence."
705495,2,MEDIUM,LOW,HIGH,2,"Overall Risk: MEDIUM

Reasons:
* High predicted schedule risk (76.9% probability).
* Low progress near planned completion. 790.8% of original time elapsed, but only 35.0% physical progress.

Early Warning:
Project requires closer monitoring due to potential stalled progress near deadline."
705496,2,MEDIUM,LOW,MEDIUM,1,"Overall Risk: MEDIUM

Reasons:
* Low progress near planned completion. 1154.8% of original time elapsed, but only 22.0% physical progress.

Early Warning:
Project requires closer monitoring due to potential stalled progress near deadline."
705663,2,MEDIUM,LOW,HIGH,1,"Overall Risk: MEDIUM

Reasons:
* High predicted schedule risk (71.2% probability).

Early Warning:
Project requires closer monitoring."
705761,1,LOW,LOW,MEDIUM,1,"Overall Risk: LOW

Reasons:
* Low progress near planned completion. 170.8% of original time elapsed, but only 14.0% physical progress.

Early Warning:
Project requires closer monitoring due to potential stalled progress near deadline."
705941,0,LOW,LOW,LOW,1,"Overall Risk: LOW

Reasons:
* Low progress near planned completion. 93.2% of original time elapsed, but only 20.0% physical progress.

Early Warning:
Project requires closer monitoring due to potential stalled progress near deadline."
705638,2,MEDIUM,MEDIUM,MEDIUM,1,"Overall Risk: MEDIUM

Reasons:
* Low progress near planned completion. 134.7% of original time elapsed, but only 30.0% physical progress.

Early Warning:
Project requires closer monitoring due to potential stalled progress near deadline."
705639,0,LOW,LOW,LOW,1,"Overall Risk: LOW

Reasons:
* Low progress near planned completion. 95.2% of original time elapsed, but only 25.0% physical progress.

Early Warning:
Project requires closer monitoring due to potential stalled progress near deadline."
705419,2,MEDIUM,LOW,HIGH,1,"Overall Risk: MEDIUM

Reasons:
* High predicted schedule risk (86.1% probability).

Early Warning:
Project requires closer monitoring."
705661,2,MEDIUM,LOW,HIGH,1,"Overall Risk: MEDIUM

Reasons:
* High predicted schedule risk (77.1% probability).

Early Warning:
Project requires closer monitoring."
705933,2,MEDIUM,LOW,HIGH,1,"Overall Risk: MEDIUM

Reasons:
* High predicted schedule risk (74.6% probability).

Early Warning:
Project requires closer monitoring."
611751,2,MEDIUM,LOW,LOW,2,"Overall Risk: MEDIUM

Reasons:
* Significant expenditure-progress mismatch. Expenditure is 39.7% but physical progress is only 0.0% (Gap: 39.7%).
* Low progress near planned completion. 211.1% of original time elapsed, but only 0.0% physical progress.

Early Warning:
Project requires closer monitoring due to financial/physical progress divergence."
612845,0,LOW,LOW,LOW,1,"Overall Risk: LOW

Reasons:
* Low progress near planned completion. 247.8% of original time elapsed, but only 10.0% physical progress.

Early Warning:
Project requires closer monitoring due to potential stalled progress near deadline."
613015,1,LOW,LOW,LOW,2,"Overall Risk: LOW

Reasons:
* Significant expenditure-progress mismatch. Expenditure is 48.2% but physical progress is only 25.0% (Gap: 23.2%).
* Low progress near planned completion. 88.6% of original time elapsed, but only 25.0% physical progress.

Early Warning:
Project requires closer monitoring due to financial/physical progress divergence."
617215,1,LOW,LOW,LOW,2,"Overall Risk: LOW

Reasons:
* Significant expenditure-progress mismatch. Expenditure is 22.6% but physical progress is only 1.0% (Gap: 21.6%).
* Low progress near planned completion. 91.1% of original time elapsed, but only 1.0% physical progress.

Early Warning:
Project requires closer monitoring due to financial/physical progress divergence."
617364,0,LOW,LOW,LOW,1,"Overall Risk: LOW

Reasons:
* Low progress near planned completion. 83.8% of original time elapsed, but only 15.0% physical progress.

Early Warning:
Project requires closer monitoring due to potential stalled progress near deadline."
705356,2,MEDIUM,LOW,HIGH,1,"Overall Risk: MEDIUM

Reasons:
* High predicted schedule risk (85.7% probability).

Early Warning:
Project requires closer monitoring."
705497,2,MEDIUM,LOW,LOW,2,"Overall Risk: MEDIUM

Reasons:
* Significant expenditure-progress mismatch. Expenditure is 100.6% but physical progress is only 47.0% (Gap: 53.6%).
* Low progress near planned completion. 134.7% of original time elapsed, but only 47.0% physical progress.

Early Warning:
Project requires closer monitoring due to financial/physical progress divergence."
705500,2,MEDIUM,LOW,HIGH,1,"Overall Risk: MEDIUM

Reasons:
* High predicted schedule risk (78.6% probability).

Early Warning:
Project requires closer monitoring."
705502,2,MEDIUM,LOW,HIGH,1,"Overall Risk: MEDIUM

Reasons:
* High predicted schedule risk (77.9% probability).

Early Warning:
Project requires closer monitoring."
705504,2,MEDIUM,LOW,HIGH,1,"Overall Risk: MEDIUM

Reasons:
* High predicted schedule risk (84.7% probability).

Early Warning:
Project requires closer monitoring."
705505,2,MEDIUM,LOW,HIGH,1,"Overall Risk: MEDIUM

Reasons:
* High predicted schedule risk (78.9% probability).

Early Warning:
Project requires closer monitoring."
705506,2,MEDIUM,LOW,HIGH,1,"Overall Risk: MEDIUM

Reasons:
* High predicted schedule risk (85.6% probability).

Early Warning:
Project requires closer monitoring."
705735,2,MEDIUM,LOW,LOW,2,"Overall Risk: MEDIUM

Reasons:
* Significant expenditure-progress mismatch. Expenditure is 73.0% but physical progress is only 22.0% (Gap: 51.0%).
* Low progress near planned completion. 300.5% of original time elapsed, but only 22.0% physical progress.

Early Warning:
Project requires closer monitoring due to financial/physical progress divergence."
705391,2,MEDIUM,LOW,HIGH,1,"Overall Risk: MEDIUM

Reasons:
* High predicted schedule risk (92.4% probability).

Early Warning:
Project requires closer monitoring."
705491,2,MEDIUM,MEDIUM,MEDIUM,1,"Overall Risk: MEDIUM

Reasons:
* Low progress near planned completion. 134.1% of original time elapsed, but only 20.0% physical progress.

Early Warning:
Project requires closer monitoring due to potential stalled progress near deadline."
705494,2,MEDIUM,LOW,HIGH,1,"Overall Risk: MEDIUM

Reasons:
* High predicted schedule risk (89.7% probability).

Early Warning:
Project requires closer monitoring."
705512,2,MEDIUM,LOW,HIGH,1,"Overall Risk: MEDIUM

Reasons:
* High predicted schedule risk (82.2% probability).

Early Warning:
Project requires closer monitoring."
400275,2,MEDIUM,LOW,MEDIUM,1,"Overall Risk: MEDIUM

Reasons:
* Low progress near planned completion. 245.3% of original time elapsed, but only 16.0% physical progress.

Early Warning:
Project requires closer monitoring due to potential stalled progress near deadline."
617214,0,LOW,LOW,LOW,1,"Overall Risk: LOW

Reasons:
* Low progress near planned completion. 222.3% of original time elapsed, but only 0.0% physical progress.

Early Warning:
Project requires closer monitoring due to potential stalled progress near deadline."
705632,2,MEDIUM,LOW,HIGH,1,"Overall Risk: MEDIUM

Reasons:
* High predicted schedule risk (91.4% probability).

Early Warning:
Project requires closer monitoring."
705394,2,MEDIUM,LOW,HIGH,1,"Overall Risk: MEDIUM

Reasons:
* High predicted schedule risk (87.7% probability).

Early Warning:
Project requires closer monitoring."
705392,2,MEDIUM,LOW,HIGH,2,"Overall Risk: MEDIUM

Reasons:
* High predicted schedule risk (71.2% probability).
* Low progress near planned completion. 212.6% of original time elapsed, but only 45.0% physical progress.

Early Warning:
Project requires closer monitoring due to potential stalled progress near deadline."
705375,2,MEDIUM,LOW,HIGH,1,"Overall Risk: MEDIUM

Reasons:
* High predicted schedule risk (72.0% probability).

Early Warning:
Project requires closer monitoring."
705385,2,MEDIUM,MEDIUM,LOW,2,"Overall Risk: MEDIUM

Reasons:
* Significant expenditure-progress mismatch. Expenditure is 65.8% but physical progress is only 40.0% (Gap: 25.8%).
* Low progress near planned completion. 643.6% of original time elapsed, but only 40.0% physical progress.

Early Warning:
Project requires closer monitoring due to financial/physical progress divergence."
616699,0,LOW,LOW,LOW,1,"Overall Risk: LOW

Reasons:
* Low progress near planned completion. 116.8% of original time elapsed, but only 3.0% physical progress.

Early Warning:
Project requires closer monitoring due to potential stalled progress near deadline."
611669,3,HIGH,LOW,MEDIUM,2,"Overall Risk: HIGH

Reasons:
* Significant expenditure-progress mismatch. Expenditure is 68.0% but physical progress is only 25.0% (Gap: 43.0%).
* Low progress near planned completion. 111.2% of original time elapsed, but only 25.0% physical progress.

Early Warning:
Project requires closer monitoring due to financial/physical progress divergence."
617333,2,MEDIUM,LOW,LOW,2,"Overall Risk: MEDIUM

Reasons:
* Significant expenditure-progress mismatch. Expenditure is 32.0% but physical progress is only 0.0% (Gap: 32.0%).
* Low progress near planned completion. 140.4% of original time elapsed, but only 0.0% physical progress.

Early Warning:
Project requires closer monitoring due to financial/physical progress divergence."
705562,2,MEDIUM,LOW,HIGH,1,"Overall Risk: MEDIUM

Reasons:
* High predicted schedule risk (89.8% probability).

Early Warning:
Project requires closer monitoring."
705617,2,MEDIUM,LOW,HIGH,1,"Overall Risk: MEDIUM

Reasons:
* High predicted schedule risk (93.5% probability).

Early Warning:
Project requires closer monitoring."
709815,0,LOW,LOW,LOW,1,"Overall Risk: LOW

Reasons:
* Low progress near planned completion. 99.8% of original time elapsed, but only 3.0% physical progress.

Early Warning:
Project requires closer monitoring due to potential stalled progress near deadline."
709816,1,LOW,LOW,LOW,1,"Overall Risk: LOW

Reasons:
* Low progress near planned completion. 97.6% of original time elapsed, but only 3.0% physical progress.

Early Warning:
Project requires closer monitoring due to potential stalled progress near deadline."
709817,1,LOW,LOW,LOW,2,"Overall Risk: LOW

Reasons:
* Significant expenditure-progress mismatch. Expenditure is 38.7% but physical progress is only 10.0% (Gap: 28.7%).
* Low progress near planned completion. 104.3% of original time elapsed, but only 10.0% physical progress.

Early Warning:
Project requires closer monitoring due to financial/physical progress divergence."
705511,2,MEDIUM,LOW,HIGH,1,"Overall Risk: MEDIUM

Reasons:
* High predicted schedule risk (90.6% probability).

Early Warning:
Project requires closer monitoring."
705616,2,MEDIUM,LOW,HIGH,1,"Overall Risk: MEDIUM

Reasons:
* High predicted schedule risk (86.9% probability).

Early Warning:
Project requires closer monitoring."
705728,3,HIGH,LOW,HIGH,2,"Overall Risk: HIGH

Reasons:
* High predicted schedule risk (86.8% probability).
* Significant expenditure-progress mismatch. Expenditure is 84.2% but physical progress is only 62.2% (Gap: 22.1%).

Early Warning:
Project requires closer monitoring due to financial/physical progress divergence."
705793,4,HIGH,LOW,HIGH,2,"Overall Risk: HIGH

Reasons:
* High predicted schedule risk (85.1% probability).
* Significant expenditure-progress mismatch. Expenditure is 117.1% but physical progress is only 66.3% (Gap: 50.8%).

Early Warning:
Project requires closer monitoring due to financial/physical progress divergence."
705237,2,MEDIUM,LOW,HIGH,1,"Overall Risk: MEDIUM

Reasons:
* High predicted schedule risk (100.0% probability).

Early Warning:
Project requires closer monitoring."
705454,2,MEDIUM,LOW,LOW,1,"Overall Risk: MEDIUM

Reasons:
* Significant expenditure-progress mismatch. Expenditure is 93.0% but physical progress is only 58.0% (Gap: 35.0%).

Early Warning:
Project requires closer monitoring due to financial/physical progress divergence."
705424,2,MEDIUM,MEDIUM,MEDIUM,1,"Overall Risk: MEDIUM

Reasons:
* Low progress near planned completion. 190.3% of original time elapsed, but only 47.0% physical progress.

Early Warning:
Project requires closer monitoring due to potential stalled progress near deadline."
705410,3,HIGH,MEDIUM,HIGH,1,"Overall Risk: HIGH

Reasons:
* High predicted schedule risk (86.8% probability).

Early Warning:
Project requires closer monitoring."
705628,2,MEDIUM,LOW,HIGH,1,"Overall Risk: MEDIUM

Reasons:
* High predicted schedule risk (95.8% probability).

Early Warning:
Project requires closer monitoring."
705668,2,MEDIUM,LOW,HIGH,1,"Overall Risk: MEDIUM

Reasons:
* High predicted schedule risk (89.3% probability).

Early Warning:
Project requires closer monitoring."
703586,2,MEDIUM,LOW,HIGH,1,"Overall Risk: MEDIUM

Reasons:
* High predicted schedule risk (88.9% probability).

Early Warning:
Project requires closer monitoring."
705635,3,HIGH,LOW,HIGH,2,"Overall Risk: HIGH

Reasons:
* High predicted schedule risk (71.3% probability).
* Significant expenditure-progress mismatch. Expenditure is 86.1% but physical progress is only 59.0% (Gap: 27.1%).

Early Warning:
Project requires closer monitoring due to financial/physical progress divergence."
705457,2,MEDIUM,LOW,HIGH,1,"Overall Risk: MEDIUM

Reasons:
* High predicted schedule risk (81.1% probability).

Early Warning:
Project requires closer monitoring."
705507,4,HIGH,LOW,HIGH,2,"Overall Risk: HIGH

Reasons:
* High predicted schedule risk (70.8% probability).
* Significant expenditure-progress mismatch. Expenditure is 91.3% but physical progress is only 55.0% (Gap: 36.3%).

Early Warning:
Project requires closer monitoring due to financial/physical progress divergence."
705481,2,MEDIUM,LOW,HIGH,1,"Overall Risk: MEDIUM

Reasons:
* High predicted schedule risk (92.8% probability).

Early Warning:
Project requires closer monitoring."
705764,2,MEDIUM,LOW,HIGH,1,"Overall Risk: MEDIUM

Reasons:
* High predicted schedule risk (78.6% probability).

Early Warning:
Project requires closer monitoring."
705667,2,MEDIUM,LOW,HIGH,1,"Overall Risk: MEDIUM

Reasons:
* High predicted schedule risk (92.6% probability).

Early Warning:
Project requires closer monitoring."
705598,2,MEDIUM,LOW,HIGH,1,"Overall Risk: MEDIUM

Reasons:
* High predicted schedule risk (90.4% probability).

Early Warning:
Project requires closer monitoring."
705629,2,MEDIUM,LOW,HIGH,1,"Overall Risk: MEDIUM

Reasons:
* High predicted schedule risk (93.7% probability).

Early Warning:
Project requires closer monitoring."
400223,2,MEDIUM,LOW,HIGH,1,"Overall Risk: MEDIUM

Reasons:
* High predicted schedule risk (94.1% probability).

Early Warning:
Project requires closer monitoring."
705432,2,MEDIUM,LOW,HIGH,1,"Overall Risk: MEDIUM

Reasons:
* High predicted schedule risk (92.8% probability).

Early Warning:
Project requires closer monitoring."
602797,0,LOW,LOW,LOW,1,"Overall Risk: LOW

Reasons:
* Low progress near planned completion. 324.6% of original time elapsed, but only 15.0% physical progress.

Early Warning:
Project requires closer monitoring due to potential stalled progress near deadline."
400006,3,HIGH,LOW,MEDIUM,2,"Overall Risk: HIGH

Reasons:
* Significant expenditure-progress mismatch. Expenditure is 91.9% but physical progress is only 44.0% (Gap: 47.9%).
* Low progress near planned completion. 118.7% of original time elapsed, but only 44.0% physical progress.

Early Warning:
Project requires closer monitoring due to financial/physical progress divergence."
400045,2,MEDIUM,LOW,HIGH,1,"Overall Risk: MEDIUM

Reasons:
* High predicted schedule risk (83.1% probability).

Early Warning:
Project requires closer monitoring."
400048,2,MEDIUM,LOW,HIGH,1,"Overall Risk: MEDIUM

Reasons:
* High predicted schedule risk (86.3% probability).

Early Warning:
Project requires closer monitoring."
612834,2,MEDIUM,LOW,HIGH,1,"Overall Risk: MEDIUM

Reasons:
* High predicted schedule risk (88.8% probability).

Early Warning:
Project requires closer monitoring."
615915,3,HIGH,LOW,HIGH,2,"Overall Risk: HIGH

Reasons:
* High predicted schedule risk (73.4% probability).
* Low progress near planned completion. 508.7% of original time elapsed, but only 45.0% physical progress.

Early Warning:
Project requires closer monitoring due to potential stalled progress near deadline."
616694,1,LOW,LOW,LOW,1,"Overall Risk: LOW

Reasons:
* Significant expenditure-progress mismatch. Expenditure is 27.8% but physical progress is only 0.0% (Gap: 27.8%).

Early Warning:
Project requires closer monitoring due to financial/physical progress divergence."
616695,0,LOW,LOW,LOW,1,"Overall Risk: LOW

Reasons:
* Low progress near planned completion. 97.2% of original time elapsed, but only 7.0% physical progress.

Early Warning:
Project requires closer monitoring due to potential stalled progress near deadline."
705358,2,MEDIUM,LOW,HIGH,1,"Overall Risk: MEDIUM

Reasons:
* High predicted schedule risk (92.3% probability).

Early Warning:
Project requires closer monitoring."
705510,2,MEDIUM,LOW,HIGH,1,"Overall Risk: MEDIUM

Reasons:
* High predicted schedule risk (88.8% probability).

Early Warning:
Project requires closer monitoring."
705513,2,MEDIUM,LOW,MEDIUM,1,"Overall Risk: MEDIUM

Reasons:
* Significant expenditure-progress mismatch. Expenditure is 85.0% but physical progress is only 56.0% (Gap: 29.0%).

Early Warning:
Project requires closer monitoring due to financial/physical progress divergence."
705514,2,MEDIUM,LOW,LOW,2,"Overall Risk: MEDIUM

Reasons:
* Significant expenditure-progress mismatch. Expenditure is 81.7% but physical progress is only 25.0% (Gap: 56.7%).
* Low progress near planned completion. 426.1% of original time elapsed, but only 25.0% physical progress.

Early Warning:
Project requires closer monitoring due to financial/physical progress divergence."
705515,2,MEDIUM,LOW,HIGH,1,"Overall Risk: MEDIUM

Reasons:
* High predicted schedule risk (89.4% probability).

Early Warning:
Project requires closer monitoring."
705741,0,LOW,LOW,LOW,1,"Overall Risk: LOW

Reasons:
* Low progress near planned completion. 154.3% of original time elapsed, but only 1.0% physical progress.

Early Warning:
Project requires closer monitoring due to potential stalled progress near deadline."
705742,1,LOW,LOW,LOW,2,"Overall Risk: LOW

Reasons:
* Significant expenditure-progress mismatch. Expenditure is 31.4% but physical progress is only 6.0% (Gap: 25.4%).
* Low progress near planned completion. 116.0% of original time elapsed, but only 6.0% physical progress.

Early Warning:
Project requires closer monitoring due to financial/physical progress divergence."
705298,0,LOW,LOW,LOW,1,"Overall Risk: LOW

Reasons:
* Low progress near planned completion. 663.0% of original time elapsed, but only 48.0% physical progress.

Early Warning:
Project requires closer monitoring due to potential stalled progress near deadline."
607653,2,MEDIUM,LOW,HIGH,1,"Overall Risk: MEDIUM

Reasons:
* High predicted schedule risk (92.1% probability).

Early Warning:
Project requires closer monitoring."
705783,3,HIGH,MEDIUM,HIGH,1,"Overall Risk: HIGH

Reasons:
* High predicted schedule risk (84.0% probability).

Early Warning:
Project requires closer monitoring."
611855,2,MEDIUM,LOW,HIGH,1,"Overall Risk: MEDIUM

Reasons:
* High predicted schedule risk (79.5% probability).

Early Warning:
Project requires closer monitoring."
611929,0,LOW,LOW,LOW,1,"Overall Risk: LOW

Reasons:
* Low progress near planned completion. 254.8% of original time elapsed, but only 0.0% physical progress.

Early Warning:
Project requires closer monitoring due to potential stalled progress near deadline."
616841,1,LOW,LOW,LOW,2,"Overall Risk: LOW

Reasons:
* Significant expenditure-progress mismatch. Expenditure is 30.3% but physical progress is only 7.0% (Gap: 23.3%).
* Low progress near planned completion. 103.4% of original time elapsed, but only 7.0% physical progress.

Early Warning:
Project requires closer monitoring due to financial/physical progress divergence."
616843,0,LOW,LOW,LOW,1,"Overall Risk: LOW

Reasons:
* Low progress near planned completion. 87.8% of original time elapsed, but only 23.0% physical progress.

Early Warning:
Project requires closer monitoring due to potential stalled progress near deadline."
617403,2,MEDIUM,LOW,HIGH,1,"Overall Risk: MEDIUM

Reasons:
* High predicted schedule risk (78.2% probability).

Early Warning:
Project requires closer monitoring."
617404,1,LOW,LOW,LOW,1,"Overall Risk: LOW

Reasons:
* Significant expenditure-progress mismatch. Expenditure is 30.3% but physical progress is only 3.0% (Gap: 27.3%).

Early Warning:
Project requires closer monitoring due to financial/physical progress divergence."
705752,2,MEDIUM,LOW,HIGH,1,"Overall Risk: MEDIUM

Reasons:
* High predicted schedule risk (89.5% probability).

Early Warning:
Project requires closer monitoring."
706836,2,MEDIUM,LOW,HIGH,1,"Overall Risk: MEDIUM

Reasons:
* High predicted schedule risk (91.1% probability).

Early Warning:
Project requires closer monitoring."
706866,2,MEDIUM,LOW,HIGH,1,"Overall Risk: MEDIUM

Reasons:
* High predicted schedule risk (77.2% probability).

Early Warning:
Project requires closer monitoring."
400280,2,MEDIUM,LOW,HIGH,1,"Overall Risk: MEDIUM

Reasons:
* High predicted schedule risk (96.1% probability).

Early Warning:
Project requires closer monitoring."
613002,2,MEDIUM,LOW,LOW,2,"Overall Risk: MEDIUM

Reasons:
* Significant expenditure-progress mismatch. Expenditure is 40.4% but physical progress is only 0.0% (Gap: 40.4%).
* Low progress near planned completion. 122.1% of original time elapsed, but only 0.0% physical progress.

Early Warning:
Project requires closer monitoring due to financial/physical progress divergence."
705244,2,MEDIUM,LOW,LOW,2,"Overall Risk: MEDIUM

Reasons:
* Significant expenditure-progress mismatch. Expenditure is 37.0% but physical progress is only 0.0% (Gap: 37.0%).
* Low progress near planned completion. 250.9% of original time elapsed, but only 0.0% physical progress.

Early Warning:
Project requires closer monitoring due to financial/physical progress divergence."
705489,3,HIGH,MEDIUM,HIGH,2,"Overall Risk: HIGH

Reasons:
* High predicted schedule risk (70.4% probability).
* Low progress near planned completion. 300.1% of original time elapsed, but only 14.0% physical progress.

Early Warning:
Project requires closer monitoring due to potential stalled progress near deadline."
617409,2,MEDIUM,LOW,HIGH,1,"Overall Risk: MEDIUM

Reasons:
* High predicted schedule risk (79.2% probability).

Early Warning:
Project requires closer monitoring."
400204,1,LOW,LOW,LOW,1,"Overall Risk: LOW

Reasons:
* Low progress near planned completion. 114.8% of original time elapsed, but only 15.0% physical progress.

Early Warning:
Project requires closer monitoring due to potential stalled progress near deadline."
400205,2,MEDIUM,LOW,LOW,2,"Overall Risk: MEDIUM

Reasons:
* Significant expenditure-progress mismatch. Expenditure is 55.2% but physical progress is only 1.0% (Gap: 54.2%).
* Low progress near planned completion. 176.6% of original time elapsed, but only 1.0% physical progress.

Early Warning:
Project requires closer monitoring due to financial/physical progress divergence."
617252,2,MEDIUM,LOW,LOW,2,"Overall Risk: MEDIUM

Reasons:
* Significant expenditure-progress mismatch. Expenditure is 59.2% but physical progress is only 12.0% (Gap: 47.2%).
* Low progress near planned completion. 134.8% of original time elapsed, but only 12.0% physical progress.

Early Warning:
Project requires closer monitoring due to financial/physical progress divergence."
617370,1,LOW,MEDIUM,LOW,1,"Overall Risk: LOW

Reasons:
* Low progress near planned completion. 190.3% of original time elapsed, but only 22.0% physical progress.

Early Warning:
Project requires closer monitoring due to potential stalled progress near deadline."
705567,3,HIGH,MEDIUM,HIGH,1,"Overall Risk: HIGH

Reasons:
* High predicted schedule risk (87.0% probability).

Early Warning:
Project requires closer monitoring."
705588,2,MEDIUM,LOW,HIGH,1,"Overall Risk: MEDIUM

Reasons:
* High predicted schedule risk (81.9% probability).

Early Warning:
Project requires closer monitoring."
705766,2,MEDIUM,LOW,HIGH,1,"Overall Risk: MEDIUM

Reasons:
* High predicted schedule risk (86.3% probability).

Early Warning:
Project requires closer monitoring."
705772,2,MEDIUM,LOW,HIGH,1,"Overall Risk: MEDIUM

Reasons:
* High predicted schedule risk (81.8% probability).

Early Warning:
Project requires closer monitoring."
705774,2,MEDIUM,LOW,HIGH,1,"Overall Risk: MEDIUM

Reasons:
* High predicted schedule risk (86.9% probability).

Early Warning:
Project requires closer monitoring."
705777,2,MEDIUM,LOW,LOW,2,"Overall Risk: MEDIUM

Reasons:
* Significant expenditure-progress mismatch. Expenditure is 58.7% but physical progress is only 11.0% (Gap: 47.7%).
* Low progress near planned completion. 4271.0% of original time elapsed, but only 11.0% physical progress.

Early Warning:
Project requires closer monitoring due to financial/physical progress divergence."
705780,2,MEDIUM,LOW,HIGH,1,"Overall Risk: MEDIUM

Reasons:
* High predicted schedule risk (88.0% probability).

Early Warning:
Project requires closer monitoring."
705782,3,HIGH,LOW,HIGH,1,"Overall Risk: HIGH

Reasons:
* High predicted schedule risk (79.1% probability).

Early Warning:
Project requires closer monitoring."
400273,2,MEDIUM,LOW,HIGH,1,"Overall Risk: MEDIUM

Reasons:
* High predicted schedule risk (85.3% probability).

Early Warning:
Project requires closer monitoring."
612096,1,LOW,LOW,LOW,2,"Overall Risk: LOW

Reasons:
* Significant expenditure-progress mismatch. Expenditure is 43.9% but physical progress is only 18.0% (Gap: 25.9%).
* Low progress near planned completion. 95.9% of original time elapsed, but only 18.0% physical progress.

Early Warning:
Project requires closer monitoring due to financial/physical progress divergence."
619184,3,HIGH,MEDIUM,HIGH,1,"Overall Risk: HIGH

Reasons:
* High predicted schedule risk (94.2% probability).

Early Warning:
Project requires closer monitoring."
619185,3,HIGH,MEDIUM,HIGH,1,"Overall Risk: HIGH

Reasons:
* High predicted schedule risk (81.7% probability).

Early Warning:
Project requires closer monitoring."
619186,2,MEDIUM,LOW,MEDIUM,1,"Overall Risk: MEDIUM

Reasons:
* Low progress near planned completion. 645.9% of original time elapsed, but only 13.0% physical progress.

Early Warning:
Project requires closer monitoring due to potential stalled progress near deadline."
617984,2,MEDIUM,LOW,HIGH,1,"Overall Risk: MEDIUM

Reasons:
* High predicted schedule risk (84.2% probability).

Early Warning:
Project requires closer monitoring."
617985,2,MEDIUM,LOW,HIGH,1,"Overall Risk: MEDIUM

Reasons:
* High predicted schedule risk (83.6% probability).

Early Warning:
Project requires closer monitoring."
617986,2,MEDIUM,LOW,HIGH,1,"Overall Risk: MEDIUM

Reasons:
* High predicted schedule risk (92.4% probability).

Early Warning:
Project requires closer monitoring."
617987,1,LOW,LOW,MEDIUM,1,"Overall Risk: LOW

Reasons:
* Low progress near planned completion. 87.4% of original time elapsed, but only 49.7% physical progress.

Early Warning:
Project requires closer monitoring due to potential stalled progress near deadline."
617988,1,LOW,LOW,MEDIUM,1,"Overall Risk: LOW

Reasons:
* Low progress near planned completion. 87.4% of original time elapsed, but only 42.0% physical progress.

Early Warning:
Project requires closer monitoring due to potential stalled progress near deadline."
617991,2,MEDIUM,LOW,HIGH,1,"Overall Risk: MEDIUM

Reasons:
* High predicted schedule risk (91.4% probability).

Early Warning:
Project requires closer monitoring."
618013,2,MEDIUM,LOW,HIGH,1,"Overall Risk: MEDIUM

Reasons:
* High predicted schedule risk (90.4% probability).

Early Warning:
Project requires closer monitoring."
618037,2,MEDIUM,LOW,HIGH,1,"Overall Risk: MEDIUM

Reasons:
* High predicted schedule risk (90.8% probability).

Early Warning:
Project requires closer monitoring."
618052,1,LOW,LOW,MEDIUM,1,"Overall Risk: LOW

Reasons:
* Low progress near planned completion. 87.4% of original time elapsed, but only 37.7% physical progress.

Early Warning:
Project requires closer monitoring due to potential stalled progress near deadline."
618053,1,LOW,LOW,MEDIUM,1,"Overall Risk: LOW

Reasons:
* Low progress near planned completion. 87.4% of original time elapsed, but only 33.5% physical progress.

Early Warning:
Project requires closer monitoring due to potential stalled progress near deadline."
618101,1,LOW,LOW,MEDIUM,1,"Overall Risk: LOW

Reasons:
* Low progress near planned completion. 87.4% of original time elapsed, but only 38.0% physical progress.

Early Warning:
Project requires closer monitoring due to potential stalled progress near deadline."
618103,2,MEDIUM,LOW,HIGH,1,"Overall Risk: MEDIUM

Reasons:
* High predicted schedule risk (90.9% probability).

Early Warning:
Project requires closer monitoring."
618125,2,MEDIUM,LOW,HIGH,1,"Overall Risk: MEDIUM

Reasons:
* High predicted schedule risk (93.6% probability).

Early Warning:
Project requires closer monitoring."
618193,1,LOW,LOW,MEDIUM,1,"Overall Risk: LOW

Reasons:
* Low progress near planned completion. 149.8% of original time elapsed, but only 45.6% physical progress.

Early Warning:
Project requires closer monitoring due to potential stalled progress near deadline."
618194,2,MEDIUM,LOW,HIGH,1,"Overall Risk: MEDIUM

Reasons:
* High predicted schedule risk (93.4% probability).

Early Warning:
Project requires closer monitoring."
618236,2,MEDIUM,LOW,HIGH,1,"Overall Risk: MEDIUM

Reasons:
* High predicted schedule risk (93.7% probability).

Early Warning:
Project requires closer monitoring."
618238,2,MEDIUM,LOW,HIGH,1,"Overall Risk: MEDIUM

Reasons:
* High predicted schedule risk (93.2% probability).

Early Warning:
Project requires closer monitoring."
618239,2,MEDIUM,LOW,HIGH,1,"Overall Risk: MEDIUM

Reasons:
* High predicted schedule risk (93.5% probability).

Early Warning:
Project requires closer monitoring."
618254,0,LOW,LOW,LOW,1,"Overall Risk: LOW

Reasons:
* Low progress near planned completion. 223.1% of original time elapsed, but only 13.0% physical progress.

Early Warning:
Project requires closer monitoring due to potential stalled progress near deadline."
618255,2,MEDIUM,LOW,HIGH,1,"Overall Risk: MEDIUM

Reasons:
* High predicted schedule risk (71.1% probability).

Early Warning:
Project requires closer monitoring."
618256,2,MEDIUM,LOW,HIGH,1,"Overall Risk: MEDIUM

Reasons:
* High predicted schedule risk (91.8% probability).

Early Warning:
Project requires closer monitoring."
618257,2,MEDIUM,LOW,HIGH,1,"Overall Risk: MEDIUM

Reasons:
* High predicted schedule risk (93.2% probability).

Early Warning:
Project requires closer monitoring."
618412,2,MEDIUM,LOW,HIGH,1,"Overall Risk: MEDIUM

Reasons:
* High predicted schedule risk (75.9% probability).

Early Warning:
Project requires closer monitoring."
618475,2,MEDIUM,LOW,HIGH,1,"Overall Risk: MEDIUM

Reasons:
* High predicted schedule risk (95.3% probability).

Early Warning:
Project requires closer monitoring."
618476,2,MEDIUM,LOW,HIGH,1,"Overall Risk: MEDIUM

Reasons:
* High predicted schedule risk (96.3% probability).

Early Warning:
Project requires closer monitoring."
618524,1,LOW,LOW,MEDIUM,1,"Overall Risk: LOW

Reasons:
* Low progress near planned completion. 100.0% of original time elapsed, but only 39.1% physical progress.

Early Warning:
Project requires closer monitoring due to potential stalled progress near deadline."
618526,2,MEDIUM,LOW,HIGH,1,"Overall Risk: MEDIUM

Reasons:
* High predicted schedule risk (95.9% probability).

Early Warning:
Project requires closer monitoring."
618579,2,MEDIUM,LOW,HIGH,1,"Overall Risk: MEDIUM

Reasons:
* High predicted schedule risk (96.6% probability).

Early Warning:
Project requires closer monitoring."
618629,2,MEDIUM,LOW,HIGH,1,"Overall Risk: MEDIUM

Reasons:
* High predicted schedule risk (96.3% probability).

Early Warning:
Project requires closer monitoring."
618633,0,LOW,LOW,LOW,1,"Overall Risk: LOW

Reasons:
* Low progress near planned completion. 178.9% of original time elapsed, but only 5.0% physical progress.

Early Warning:
Project requires closer monitoring due to potential stalled progress near deadline."
618682,2,MEDIUM,LOW,HIGH,1,"Overall Risk: MEDIUM

Reasons:
* High predicted schedule risk (96.4% probability).

Early Warning:
Project requires closer monitoring."
618700,2,MEDIUM,LOW,HIGH,1,"Overall Risk: MEDIUM

Reasons:
* High predicted schedule risk (96.4% probability).

Early Warning:
Project requires closer monitoring."
618712,2,MEDIUM,LOW,HIGH,1,"Overall Risk: MEDIUM

Reasons:
* High predicted schedule risk (94.1% probability).

Early Warning:
Project requires closer monitoring."
618713,2,MEDIUM,LOW,HIGH,2,"Overall Risk: MEDIUM

Reasons:
* High predicted schedule risk (74.3% probability).
* Low progress near planned completion. 170.5% of original time elapsed, but only 47.2% physical progress.

Early Warning:
Project requires closer monitoring due to potential stalled progress near deadline."
618714,2,MEDIUM,LOW,HIGH,1,"Overall Risk: MEDIUM

Reasons:
* High predicted schedule risk (86.8% probability).

Early Warning:
Project requires closer monitoring."
618715,2,MEDIUM,LOW,HIGH,1,"Overall Risk: MEDIUM

Reasons:
* High predicted schedule risk (91.0% probability).

Early Warning:
Project requires closer monitoring."
618716,2,MEDIUM,LOW,HIGH,1,"Overall Risk: MEDIUM

Reasons:
* High predicted schedule risk (91.1% probability).

Early Warning:
Project requires closer monitoring."
618717,2,MEDIUM,LOW,HIGH,1,"Overall Risk: MEDIUM

Reasons:
* High predicted schedule risk (94.0% probability).

Early Warning:
Project requires closer monitoring."
618718,2,MEDIUM,LOW,HIGH,1,"Overall Risk: MEDIUM

Reasons:
* High predicted schedule risk (79.7% probability).

Early Warning:
Project requires closer monitoring."
618719,2,MEDIUM,LOW,HIGH,1,"Overall Risk: MEDIUM

Reasons:
* High predicted schedule risk (86.5% probability).

Early Warning:
Project requires closer monitoring."
618720,2,MEDIUM,LOW,HIGH,1,"Overall Risk: MEDIUM

Reasons:
* High predicted schedule risk (89.9% probability).

Early Warning:
Project requires closer monitoring."
618721,2,MEDIUM,LOW,HIGH,1,"Overall Risk: MEDIUM

Reasons:
* High predicted schedule risk (85.3% probability).

Early Warning:
Project requires closer monitoring."
618759,2,MEDIUM,LOW,HIGH,1,"Overall Risk: MEDIUM

Reasons:
* High predicted schedule risk (94.7% probability).

Early Warning:
Project requires closer monitoring."
618777,2,MEDIUM,LOW,HIGH,1,"Overall Risk: MEDIUM

Reasons:
* High predicted schedule risk (95.8% probability).

Early Warning:
Project requires closer monitoring."
618778,2,MEDIUM,LOW,HIGH,1,"Overall Risk: MEDIUM

Reasons:
* High predicted schedule risk (95.6% probability).

Early Warning:
Project requires closer monitoring."
618803,2,MEDIUM,LOW,HIGH,1,"Overall Risk: MEDIUM

Reasons:
* High predicted schedule risk (95.4% probability).

Early Warning:
Project requires closer monitoring."
618804,2,MEDIUM,LOW,HIGH,1,"Overall Risk: MEDIUM

Reasons:
* High predicted schedule risk (92.4% probability).

Early Warning:
Project requires closer monitoring."
618806,2,MEDIUM,LOW,HIGH,1,"Overall Risk: MEDIUM

Reasons:
* High predicted schedule risk (92.0% probability).

Early Warning:
Project requires closer monitoring."
618807,3,HIGH,LOW,HIGH,1,"Overall Risk: HIGH

Reasons:
* High predicted schedule risk (93.5% probability).

Early Warning:
Project requires closer monitoring."
618826,2,MEDIUM,LOW,HIGH,1,"Overall Risk: MEDIUM

Reasons:
* High predicted schedule risk (95.1% probability).

Early Warning:
Project requires closer monitoring."
618827,2,MEDIUM,LOW,HIGH,1,"Overall Risk: MEDIUM

Reasons:
* High predicted schedule risk (93.4% probability).

Early Warning:
Project requires closer monitoring."
618920,1,LOW,LOW,MEDIUM,1,"Overall Risk: LOW

Reasons:
* Low progress near planned completion. 116.7% of original time elapsed, but only 42.5% physical progress.

Early Warning:
Project requires closer monitoring due to potential stalled progress near deadline."
619076,2,MEDIUM,LOW,HIGH,1,"Overall Risk: MEDIUM

Reasons:
* High predicted schedule risk (96.1% probability).

Early Warning:
Project requires closer monitoring."
619102,0,LOW,LOW,LOW,1,"Overall Risk: LOW

Reasons:
* Low progress near planned completion. 178.9% of original time elapsed, but only 2.2% physical progress.

Early Warning:
Project requires closer monitoring due to potential stalled progress near deadline."
619111,2,MEDIUM,LOW,HIGH,1,"Overall Risk: MEDIUM

Reasons:
* High predicted schedule risk (96.4% probability).

Early Warning:
Project requires closer monitoring."
619112,2,MEDIUM,LOW,HIGH,1,"Overall Risk: MEDIUM

Reasons:
* High predicted schedule risk (93.5% probability).

Early Warning:
Project requires closer monitoring."
619123,2,MEDIUM,LOW,HIGH,1,"Overall Risk: MEDIUM

Reasons:
* High predicted schedule risk (86.6% probability).

Early Warning:
Project requires closer monitoring."
619124,2,MEDIUM,LOW,HIGH,1,"Overall Risk: MEDIUM

Reasons:
* High predicted schedule risk (88.5% probability).

Early Warning:
Project requires closer monitoring."
619125,2,MEDIUM,LOW,HIGH,2,"Overall Risk: MEDIUM

Reasons:
* High predicted schedule risk (72.2% probability).
* Low progress near planned completion. 170.5% of original time elapsed, but only 44.6% physical progress.

Early Warning:
Project requires closer monitoring due to potential stalled progress near deadline."
619126,2,MEDIUM,LOW,HIGH,1,"Overall Risk: MEDIUM

Reasons:
* High predicted schedule risk (89.6% probability).

Early Warning:
Project requires closer monitoring."
619140,2,MEDIUM,LOW,HIGH,1,"Overall Risk: MEDIUM

Reasons:
* High predicted schedule risk (79.0% probability).

Early Warning:
Project requires closer monitoring."
619141,2,MEDIUM,LOW,HIGH,1,"Overall Risk: MEDIUM

Reasons:
* High predicted schedule risk (80.8% probability).

Early Warning:
Project requires closer monitoring."
619160,2,MEDIUM,LOW,HIGH,1,"Overall Risk: MEDIUM

Reasons:
* High predicted schedule risk (96.5% probability).

Early Warning:
Project requires closer monitoring."
617892,2,MEDIUM,LOW,HIGH,1,"Overall Risk: MEDIUM

Reasons:
* High predicted schedule risk (85.9% probability).

Early Warning:
Project requires closer monitoring."
618401,0,LOW,LOW,LOW,1,"Overall Risk: LOW

Reasons:
* Low progress near planned completion. 80.4% of original time elapsed, but only 1.7% physical progress.

Early Warning:
Project requires closer monitoring due to potential stalled progress near deadline."
618402,0,LOW,LOW,LOW,1,"Overall Risk: LOW

Reasons:
* Low progress near planned completion. 82.6% of original time elapsed, but only 19.1% physical progress.

Early Warning:
Project requires closer monitoring due to potential stalled progress near deadline."
618404,1,LOW,LOW,LOW,2,"Overall Risk: LOW

Reasons:
* Significant expenditure-progress mismatch. Expenditure is 43.1% but physical progress is only 22.8% (Gap: 20.3%).
* Low progress near planned completion. 103.2% of original time elapsed, but only 22.8% physical progress.

Early Warning:
Project requires closer monitoring due to financial/physical progress divergence."
618405,0,LOW,LOW,LOW,1,"Overall Risk: LOW

Reasons:
* Low progress near planned completion. 100.1% of original time elapsed, but only 39.9% physical progress.

Early Warning:
Project requires closer monitoring due to potential stalled progress near deadline."
618433,2,MEDIUM,LOW,HIGH,1,"Overall Risk: MEDIUM

Reasons:
* High predicted schedule risk (86.5% probability).

Early Warning:
Project requires closer monitoring."
618434,2,MEDIUM,LOW,HIGH,1,"Overall Risk: MEDIUM

Reasons:
* High predicted schedule risk (75.4% probability).

Early Warning:
Project requires closer monitoring."
618445,0,LOW,LOW,LOW,1,"Overall Risk: LOW

Reasons:
* Low progress near planned completion. 236.6% of original time elapsed, but only 19.6% physical progress.

Early Warning:
Project requires closer monitoring due to potential stalled progress near deadline."
619014,0,LOW,LOW,LOW,1,"Overall Risk: LOW

Reasons:
* Low progress near planned completion. 129.2% of original time elapsed, but only 15.1% physical progress.

Early Warning:
Project requires closer monitoring due to potential stalled progress near deadline."
619248,0,LOW,LOW,LOW,1,"Overall Risk: LOW

Reasons:
* Low progress near planned completion. 129.0% of original time elapsed, but only 14.7% physical progress.

Early Warning:
Project requires closer monitoring due to potential stalled progress near deadline."
617895,2,MEDIUM,LOW,HIGH,1,"Overall Risk: MEDIUM

Reasons:
* High predicted schedule risk (80.2% probability).

Early Warning:
Project requires closer monitoring."
617896,1,LOW,LOW,MEDIUM,1,"Overall Risk: LOW

Reasons:
* Low progress near planned completion. 155.5% of original time elapsed, but only 34.0% physical progress.

Early Warning:
Project requires closer monitoring due to potential stalled progress near deadline."
618034,0,LOW,LOW,LOW,1,"Overall Risk: LOW

Reasons:
* Low progress near planned completion. 223.1% of original time elapsed, but only 20.0% physical progress.

Early Warning:
Project requires closer monitoring due to potential stalled progress near deadline."
618159,0,LOW,LOW,LOW,1,"Overall Risk: LOW

Reasons:
* Low progress near planned completion. 161.4% of original time elapsed, but only 6.7% physical progress.

Early Warning:
Project requires closer monitoring due to potential stalled progress near deadline."
618284,2,MEDIUM,LOW,HIGH,1,"Overall Risk: MEDIUM

Reasons:
* High predicted schedule risk (84.8% probability).

Early Warning:
Project requires closer monitoring."
618286,2,MEDIUM,LOW,HIGH,1,"Overall Risk: MEDIUM

Reasons:
* High predicted schedule risk (82.2% probability).

Early Warning:
Project requires closer monitoring."
618287,0,LOW,LOW,LOW,1,"Overall Risk: LOW

Reasons:
* Low progress near planned completion. 106.7% of original time elapsed, but only 12.4% physical progress.

Early Warning:
Project requires closer monitoring due to potential stalled progress near deadline."
618288,0,LOW,LOW,LOW,1,"Overall Risk: LOW

Reasons:
* Low progress near planned completion. 96.7% of original time elapsed, but only 35.0% physical progress.

Early Warning:
Project requires closer monitoring due to potential stalled progress near deadline."
618289,2,MEDIUM,LOW,HIGH,1,"Overall Risk: MEDIUM

Reasons:
* High predicted schedule risk (90.3% probability).

Early Warning:
Project requires closer monitoring."
618309,0,LOW,LOW,LOW,1,"Overall Risk: LOW

Reasons:
* Low progress near planned completion. 120.7% of original time elapsed, but only 23.1% physical progress.

Early Warning:
Project requires closer monitoring due to potential stalled progress near deadline."
618310,1,LOW,LOW,MEDIUM,1,"Overall Risk: LOW

Reasons:
* Low progress near planned completion. 120.7% of original time elapsed, but only 41.9% physical progress.

Early Warning:
Project requires closer monitoring due to potential stalled progress near deadline."
618311,1,LOW,LOW,MEDIUM,1,"Overall Risk: LOW

Reasons:
* Low progress near planned completion. 116.7% of original time elapsed, but only 41.0% physical progress.

Early Warning:
Project requires closer monitoring due to potential stalled progress near deadline."
618312,0,LOW,LOW,LOW,1,"Overall Risk: LOW

Reasons:
* Low progress near planned completion. 96.5% of original time elapsed, but only 14.0% physical progress.

Early Warning:
Project requires closer monitoring due to potential stalled progress near deadline."
618313,1,LOW,LOW,MEDIUM,1,"Overall Risk: LOW

Reasons:
* Low progress near planned completion. 116.7% of original time elapsed, but only 41.3% physical progress.

Early Warning:
Project requires closer monitoring due to potential stalled progress near deadline."
618314,2,MEDIUM,LOW,HIGH,1,"Overall Risk: MEDIUM

Reasons:
* High predicted schedule risk (82.3% probability).

Early Warning:
Project requires closer monitoring."
618326,2,MEDIUM,LOW,HIGH,1,"Overall Risk: MEDIUM

Reasons:
* High predicted schedule risk (90.9% probability).

Early Warning:
Project requires closer monitoring."
618331,1,LOW,LOW,MEDIUM,1,"Overall Risk: LOW

Reasons:
* Low progress near planned completion. 83.3% of original time elapsed, but only 47.3% physical progress.

Early Warning:
Project requires closer monitoring due to potential stalled progress near deadline."
618340,2,MEDIUM,LOW,HIGH,1,"Overall Risk: MEDIUM

Reasons:
* High predicted schedule risk (86.5% probability).

Early Warning:
Project requires closer monitoring."
618351,2,MEDIUM,LOW,HIGH,1,"Overall Risk: MEDIUM

Reasons:
* High predicted schedule risk (87.2% probability).

Early Warning:
Project requires closer monitoring."
618352,2,MEDIUM,LOW,HIGH,1,"Overall Risk: MEDIUM

Reasons:
* High predicted schedule risk (85.8% probability).

Early Warning:
Project requires closer monitoring."
618353,2,MEDIUM,LOW,HIGH,1,"Overall Risk: MEDIUM

Reasons:
* High predicted schedule risk (84.5% probability).

Early Warning:
Project requires closer monitoring."
618354,2,MEDIUM,LOW,HIGH,1,"Overall Risk: MEDIUM

Reasons:
* High predicted schedule risk (87.1% probability).

Early Warning:
Project requires closer monitoring."
618371,2,MEDIUM,LOW,HIGH,1,"Overall Risk: MEDIUM

Reasons:
* High predicted schedule risk (86.8% probability).

Early Warning:
Project requires closer monitoring."
618373,2,MEDIUM,LOW,HIGH,1,"Overall Risk: MEDIUM

Reasons:
* High predicted schedule risk (78.4% probability).

Early Warning:
Project requires closer monitoring."
618436,2,MEDIUM,LOW,HIGH,1,"Overall Risk: MEDIUM

Reasons:
* High predicted schedule risk (91.1% probability).

Early Warning:
Project requires closer monitoring."
618437,2,MEDIUM,LOW,HIGH,1,"Overall Risk: MEDIUM

Reasons:
* High predicted schedule risk (91.0% probability).

Early Warning:
Project requires closer monitoring."
618438,4,HIGH,LOW,HIGH,2,"Overall Risk: HIGH

Reasons:
* High predicted schedule risk (91.4% probability).
* Significant expenditure-progress mismatch. Expenditure is 176.5% but physical progress is only 100.0% (Gap: 76.5%).

Early Warning:
Project requires closer monitoring due to financial/physical progress divergence."
618441,2,MEDIUM,LOW,HIGH,1,"Overall Risk: MEDIUM

Reasons:
* High predicted schedule risk (85.5% probability).

Early Warning:
Project requires closer monitoring."
618442,2,MEDIUM,LOW,HIGH,1,"Overall Risk: MEDIUM

Reasons:
* High predicted schedule risk (90.9% probability).

Early Warning:
Project requires closer monitoring."
618454,2,MEDIUM,LOW,HIGH,1,"Overall Risk: MEDIUM

Reasons:
* High predicted schedule risk (88.0% probability).

Early Warning:
Project requires closer monitoring."
618455,2,MEDIUM,LOW,HIGH,1,"Overall Risk: MEDIUM

Reasons:
* High predicted schedule risk (90.9% probability).

Early Warning:
Project requires closer monitoring."
618958,2,MEDIUM,LOW,HIGH,1,"Overall Risk: MEDIUM

Reasons:
* High predicted schedule risk (71.6% probability).

Early Warning:
Project requires closer monitoring."
619013,2,MEDIUM,LOW,HIGH,1,"Overall Risk: MEDIUM

Reasons:
* High predicted schedule risk (77.1% probability).

Early Warning:
Project requires closer monitoring."
619057,2,MEDIUM,LOW,HIGH,1,"Overall Risk: MEDIUM

Reasons:
* High predicted schedule risk (75.4% probability).

Early Warning:
Project requires closer monitoring."
619060,2,MEDIUM,LOW,HIGH,1,"Overall Risk: MEDIUM

Reasons:
* High predicted schedule risk (75.9% probability).

Early Warning:
Project requires closer monitoring."
619089,3,HIGH,MEDIUM,HIGH,1,"Overall Risk: HIGH

Reasons:
* High predicted schedule risk (94.9% probability).

Early Warning:
Project requires closer monitoring."
617897,2,MEDIUM,LOW,HIGH,1,"Overall Risk: MEDIUM

Reasons:
* High predicted schedule risk (94.4% probability).

Early Warning:
Project requires closer monitoring."
617958,2,MEDIUM,LOW,HIGH,1,"Overall Risk: MEDIUM

Reasons:
* High predicted schedule risk (90.0% probability).

Early Warning:
Project requires closer monitoring."
617961,2,MEDIUM,LOW,HIGH,1,"Overall Risk: MEDIUM

Reasons:
* High predicted schedule risk (95.6% probability).

Early Warning:
Project requires closer monitoring."
617966,2,MEDIUM,LOW,HIGH,1,"Overall Risk: MEDIUM

Reasons:
* High predicted schedule risk (96.2% probability).

Early Warning:
Project requires closer monitoring."
617969,2,MEDIUM,LOW,HIGH,1,"Overall Risk: MEDIUM

Reasons:
* High predicted schedule risk (84.9% probability).

Early Warning:
Project requires closer monitoring."
618004,0,LOW,LOW,LOW,1,"Overall Risk: LOW

Reasons:
* Low progress near planned completion. 294.0% of original time elapsed, but only 2.0% physical progress.

Early Warning:
Project requires closer monitoring due to potential stalled progress near deadline."
618073,2,MEDIUM,LOW,HIGH,1,"Overall Risk: MEDIUM

Reasons:
* High predicted schedule risk (84.4% probability).

Early Warning:
Project requires closer monitoring."
618074,2,MEDIUM,LOW,HIGH,1,"Overall Risk: MEDIUM

Reasons:
* High predicted schedule risk (95.7% probability).

Early Warning:
Project requires closer monitoring."
618080,0,LOW,LOW,LOW,1,"Overall Risk: LOW

Reasons:
* Low progress near planned completion. 299.1% of original time elapsed, but only 7.5% physical progress.

Early Warning:
Project requires closer monitoring due to potential stalled progress near deadline."
618120,0,LOW,LOW,LOW,1,"Overall Risk: LOW

Reasons:
* Low progress near planned completion. 191.6% of original time elapsed, but only 4.0% physical progress.

Early Warning:
Project requires closer monitoring due to potential stalled progress near deadline."
618121,2,MEDIUM,LOW,HIGH,1,"Overall Risk: MEDIUM

Reasons:
* High predicted schedule risk (95.3% probability).

Early Warning:
Project requires closer monitoring."
618126,2,MEDIUM,LOW,HIGH,1,"Overall Risk: MEDIUM

Reasons:
* High predicted schedule risk (82.9% probability).

Early Warning:
Project requires closer monitoring."
618146,1,LOW,LOW,MEDIUM,1,"Overall Risk: LOW

Reasons:
* Low progress near planned completion. 300.2% of original time elapsed, but only 39.0% physical progress.

Early Warning:
Project requires closer monitoring due to potential stalled progress near deadline."
618228,2,MEDIUM,LOW,HIGH,1,"Overall Risk: MEDIUM

Reasons:
* High predicted schedule risk (89.2% probability).

Early Warning:
Project requires closer monitoring."
618234,2,MEDIUM,LOW,HIGH,1,"Overall Risk: MEDIUM

Reasons:
* High predicted schedule risk (96.2% probability).

Early Warning:
Project requires closer monitoring."
618246,2,MEDIUM,LOW,HIGH,1,"Overall Risk: MEDIUM

Reasons:
* High predicted schedule risk (78.9% probability).

Early Warning:
Project requires closer monitoring."
618251,0,LOW,LOW,LOW,1,"Overall Risk: LOW

Reasons:
* Low progress near planned completion. 133.6% of original time elapsed, but only 9.1% physical progress.

Early Warning:
Project requires closer monitoring due to potential stalled progress near deadline."
618571,3,HIGH,MEDIUM,HIGH,1,"Overall Risk: HIGH

Reasons:
* High predicted schedule risk (96.2% probability).

Early Warning:
Project requires closer monitoring."
618725,3,HIGH,HIGH,MEDIUM,2,"Overall Risk: HIGH

Reasons:
* High predicted cost risk (71.0% probability).
* Low progress near planned completion. 166.8% of original time elapsed, but only 24.8% physical progress.

Early Warning:
Project requires closer monitoring due to potential stalled progress near deadline."
618726,2,MEDIUM,MEDIUM,MEDIUM,1,"Overall Risk: MEDIUM

Reasons:
* Low progress near planned completion. 166.8% of original time elapsed, but only 26.8% physical progress.

Early Warning:
Project requires closer monitoring due to potential stalled progress near deadline."
618727,3,HIGH,HIGH,MEDIUM,2,"Overall Risk: HIGH

Reasons:
* High predicted cost risk (73.0% probability).
* Low progress near planned completion. 166.8% of original time elapsed, but only 26.3% physical progress.

Early Warning:
Project requires closer monitoring due to potential stalled progress near deadline."
618738,2,MEDIUM,MEDIUM,MEDIUM,1,"Overall Risk: MEDIUM

Reasons:
* Low progress near planned completion. 95.8% of original time elapsed, but only 22.1% physical progress.

Early Warning:
Project requires closer monitoring due to potential stalled progress near deadline."
618739,4,HIGH,HIGH,HIGH,2,"Overall Risk: HIGH

Reasons:
* High predicted cost risk (71.0% probability).
* High predicted schedule risk (88.2% probability).

Early Warning:
Project requires closer monitoring."
618740,4,HIGH,HIGH,HIGH,2,"Overall Risk: HIGH

Reasons:
* High predicted cost risk (75.0% probability).
* High predicted schedule risk (86.3% probability).

Early Warning:
Project requires closer monitoring."
618741,4,HIGH,HIGH,HIGH,4,"Overall Risk: HIGH

Reasons:
* High predicted cost risk (73.0% probability).
* High predicted schedule risk (77.5% probability).
* Low progress near planned completion. 216.6% of original time elapsed, but only 36.2% physical progress.

Early Warning:
Multiple simultaneous warning indicators triggered. Project requires closer monitoring."
618775,2,MEDIUM,MEDIUM,MEDIUM,1,"Overall Risk: MEDIUM

Reasons:
* Low progress near planned completion. 89.0% of original time elapsed, but only 25.8% physical progress.

Early Warning:
Project requires closer monitoring due to potential stalled progress near deadline."
618790,4,HIGH,HIGH,HIGH,4,"Overall Risk: HIGH

Reasons:
* High predicted cost risk (72.0% probability).
* High predicted schedule risk (85.4% probability).
* Low progress near planned completion. 133.6% of original time elapsed, but only 49.0% physical progress.

Early Warning:
Multiple simultaneous warning indicators triggered. Project requires closer monitoring."
618791,4,HIGH,HIGH,HIGH,4,"Overall Risk: HIGH

Reasons:
* High predicted cost risk (71.0% probability).
* High predicted schedule risk (70.3% probability).
* Low progress near planned completion. 91.3% of original time elapsed, but only 27.5% physical progress.

Early Warning:
Multiple simultaneous warning indicators triggered. Project requires closer monitoring."
618840,3,HIGH,MEDIUM,HIGH,1,"Overall Risk: HIGH

Reasons:
* High predicted schedule risk (97.9% probability).

Early Warning:
Project requires closer monitoring."
618841,3,HIGH,MEDIUM,HIGH,1,"Overall Risk: HIGH

Reasons:
* High predicted schedule risk (97.7% probability).

Early Warning:
Project requires closer monitoring."
618861,3,HIGH,MEDIUM,HIGH,1,"Overall Risk: HIGH

Reasons:
* High predicted schedule risk (97.9% probability).

Early Warning:
Project requires closer monitoring."
618862,3,HIGH,MEDIUM,HIGH,1,"Overall Risk: HIGH

Reasons:
* High predicted schedule risk (98.0% probability).

Early Warning:
Project requires closer monitoring."
618902,3,HIGH,MEDIUM,HIGH,1,"Overall Risk: HIGH

Reasons:
* High predicted schedule risk (97.3% probability).

Early Warning:
Project requires closer monitoring."
618903,3,HIGH,MEDIUM,HIGH,1,"Overall Risk: HIGH

Reasons:
* High predicted schedule risk (97.6% probability).

Early Warning:
Project requires closer monitoring."
618905,3,HIGH,MEDIUM,HIGH,1,"Overall Risk: HIGH

Reasons:
* High predicted schedule risk (95.2% probability).

Early Warning:
Project requires closer monitoring."
618914,2,MEDIUM,LOW,HIGH,1,"Overall Risk: MEDIUM

Reasons:
* High predicted schedule risk (90.3% probability).

Early Warning:
Project requires closer monitoring."
618917,3,HIGH,MEDIUM,HIGH,1,"Overall Risk: HIGH

Reasons:
* High predicted schedule risk (96.8% probability).

Early Warning:
Project requires closer monitoring."
618926,3,HIGH,MEDIUM,MEDIUM,1,"Overall Risk: HIGH

Reasons:
* Low progress near planned completion. 195.9% of original time elapsed, but only 11.0% physical progress.

Early Warning:
Project requires closer monitoring due to potential stalled progress near deadline."
618953,4,HIGH,HIGH,HIGH,2,"Overall Risk: HIGH

Reasons:
* High predicted cost risk (77.0% probability).
* High predicted schedule risk (97.5% probability).

Early Warning:
Project requires closer monitoring."
618954,3,HIGH,HIGH,MEDIUM,2,"Overall Risk: HIGH

Reasons:
* High predicted cost risk (73.0% probability).
* Low progress near planned completion. 157.0% of original time elapsed, but only 23.8% physical progress.

Early Warning:
Project requires closer monitoring due to potential stalled progress near deadline."
618955,3,HIGH,MEDIUM,HIGH,1,"Overall Risk: HIGH

Reasons:
* High predicted schedule risk (98.2% probability).

Early Warning:
Project requires closer monitoring."
618956,3,HIGH,MEDIUM,HIGH,2,"Overall Risk: HIGH

Reasons:
* High predicted schedule risk (70.4% probability).
* Low progress near planned completion. 96.6% of original time elapsed, but only 26.8% physical progress.

Early Warning:
Project requires closer monitoring due to potential stalled progress near deadline."
619127,3,HIGH,MEDIUM,HIGH,2,"Overall Risk: HIGH

Reasons:
* High predicted schedule risk (72.0% probability).
* Low progress near planned completion. 216.8% of original time elapsed, but only 30.4% physical progress.

Early Warning:
Project requires closer monitoring due to potential stalled progress near deadline."
619136,3,HIGH,MEDIUM,HIGH,1,"Overall Risk: HIGH

Reasons:
* High predicted schedule risk (98.0% probability).

Early Warning:
Project requires closer monitoring."
619152,3,HIGH,MEDIUM,HIGH,1,"Overall Risk: HIGH

Reasons:
* High predicted schedule risk (98.1% probability).

Early Warning:
Project requires closer monitoring."
619166,3,HIGH,MEDIUM,HIGH,1,"Overall Risk: HIGH

Reasons:
* High predicted schedule risk (98.0% probability).

Early Warning:
Project requires closer monitoring."
619289,4,HIGH,HIGH,HIGH,2,"Overall Risk: HIGH

Reasons:
* High predicted cost risk (84.0% probability).
* High predicted schedule risk (95.9% probability).

Early Warning:
Project requires closer monitoring."
619301,3,HIGH,MEDIUM,HIGH,1,"Overall Risk: HIGH

Reasons:
* High predicted schedule risk (98.1% probability).

Early Warning:
Project requires closer monitoring."
619305,4,HIGH,HIGH,HIGH,2,"Overall Risk: HIGH

Reasons:
* High predicted cost risk (79.0% probability).
* High predicted schedule risk (94.8% probability).

Early Warning:
Project requires closer monitoring."
619306,3,HIGH,MEDIUM,HIGH,1,"Overall Risk: HIGH

Reasons:
* High predicted schedule risk (97.7% probability).

Early Warning:
Project requires closer monitoring."
619317,3,HIGH,MEDIUM,HIGH,1,"Overall Risk: HIGH

Reasons:
* High predicted schedule risk (98.0% probability).

Early Warning:
Project requires closer monitoring."
617908,1,LOW,LOW,MEDIUM,1,"Overall Risk: LOW

Reasons:
* Low progress near planned completion. 124.9% of original time elapsed, but only 42.0% physical progress.

Early Warning:
Project requires closer monitoring due to potential stalled progress near deadline."
617919,2,MEDIUM,LOW,HIGH,1,"Overall Risk: MEDIUM

Reasons:
* High predicted schedule risk (90.0% probability).

Early Warning:
Project requires closer monitoring."
617971,2,MEDIUM,LOW,HIGH,1,"Overall Risk: MEDIUM

Reasons:
* High predicted schedule risk (73.3% probability).

Early Warning:
Project requires closer monitoring."
617972,0,LOW,LOW,LOW,1,"Overall Risk: LOW

Reasons:
* Low progress near planned completion. 239.1% of original time elapsed, but only 0.0% physical progress.

Early Warning:
Project requires closer monitoring due to potential stalled progress near deadline."
618014,1,LOW,LOW,MEDIUM,1,"Overall Risk: LOW

Reasons:
* Low progress near planned completion. 305.6% of original time elapsed, but only 38.6% physical progress.

Early Warning:
Project requires closer monitoring due to potential stalled progress near deadline."
618016,0,LOW,LOW,LOW,1,"Overall Risk: LOW

Reasons:
* Low progress near planned completion. 216.8% of original time elapsed, but only 28.1% physical progress.

Early Warning:
Project requires closer monitoring due to potential stalled progress near deadline."
618018,0,LOW,LOW,LOW,1,"Overall Risk: LOW

Reasons:
* Low progress near planned completion. 289.4% of original time elapsed, but only 11.0% physical progress.

Early Warning:
Project requires closer monitoring due to potential stalled progress near deadline."
618589,2,MEDIUM,LOW,HIGH,1,"Overall Risk: MEDIUM

Reasons:
* High predicted schedule risk (86.2% probability).

Early Warning:
Project requires closer monitoring."
618590,2,MEDIUM,LOW,HIGH,1,"Overall Risk: MEDIUM

Reasons:
* High predicted schedule risk (85.2% probability).

Early Warning:
Project requires closer monitoring."
618639,3,HIGH,MEDIUM,HIGH,1,"Overall Risk: HIGH

Reasons:
* High predicted schedule risk (93.5% probability).

Early Warning:
Project requires closer monitoring."
618640,3,HIGH,MEDIUM,HIGH,1,"Overall Risk: HIGH

Reasons:
* High predicted schedule risk (88.6% probability).

Early Warning:
Project requires closer monitoring."
618673,2,MEDIUM,LOW,HIGH,1,"Overall Risk: MEDIUM

Reasons:
* High predicted schedule risk (94.4% probability).

Early Warning:
Project requires closer monitoring."
618674,2,MEDIUM,LOW,HIGH,1,"Overall Risk: MEDIUM

Reasons:
* High predicted schedule risk (94.5% probability).

Early Warning:
Project requires closer monitoring."
618675,2,MEDIUM,LOW,HIGH,1,"Overall Risk: MEDIUM

Reasons:
* High predicted schedule risk (83.5% probability).

Early Warning:
Project requires closer monitoring."
618957,2,MEDIUM,LOW,HIGH,1,"Overall Risk: MEDIUM

Reasons:
* High predicted schedule risk (94.5% probability).

Early Warning:
Project requires closer monitoring."
619103,2,MEDIUM,LOW,HIGH,1,"Overall Risk: MEDIUM

Reasons:
* High predicted schedule risk (94.7% probability).

Early Warning:
Project requires closer monitoring."
619167,2,MEDIUM,LOW,HIGH,1,"Overall Risk: MEDIUM

Reasons:
* High predicted schedule risk (93.2% probability).

Early Warning:
Project requires closer monitoring."
619183,2,MEDIUM,LOW,HIGH,1,"Overall Risk: MEDIUM

Reasons:
* High predicted schedule risk (88.8% probability).

Early Warning:
Project requires closer monitoring."
618509,2,MEDIUM,LOW,HIGH,1,"Overall Risk: MEDIUM

Reasons:
* High predicted schedule risk (96.8% probability).

Early Warning:
Project requires closer monitoring."
619090,2,MEDIUM,LOW,HIGH,1,"Overall Risk: MEDIUM

Reasons:
* High predicted schedule risk (96.9% probability).

Early Warning:
Project requires closer monitoring."
619202,3,HIGH,MEDIUM,HIGH,1,"Overall Risk: HIGH

Reasons:
* High predicted schedule risk (97.1% probability).

Early Warning:
Project requires closer monitoring."
617941,0,LOW,LOW,LOW,1,"Overall Risk: LOW

Reasons:
* Low progress near planned completion. 100.0% of original time elapsed, but only 1.0% physical progress.

Early Warning:
Project requires closer monitoring due to potential stalled progress near deadline."
617942,2,MEDIUM,LOW,HIGH,1,"Overall Risk: MEDIUM

Reasons:
* High predicted schedule risk (93.8% probability).

Early Warning:
Project requires closer monitoring."
618609,2,MEDIUM,LOW,HIGH,1,"Overall Risk: MEDIUM

Reasons:
* High predicted schedule risk (84.6% probability).

Early Warning:
Project requires closer monitoring."
617906,2,MEDIUM,MEDIUM,MEDIUM,1,"Overall Risk: MEDIUM

Reasons:
* Low progress near planned completion. 187.5% of original time elapsed, but only 35.0% physical progress.

Early Warning:
Project requires closer monitoring due to potential stalled progress near deadline."
617916,1,LOW,LOW,MEDIUM,1,"Overall Risk: LOW

Reasons:
* Low progress near planned completion. 93.2% of original time elapsed, but only 35.0% physical progress.

Early Warning:
Project requires closer monitoring due to potential stalled progress near deadline."
617927,1,LOW,LOW,MEDIUM,1,"Overall Risk: LOW

Reasons:
* Low progress near planned completion. 116.7% of original time elapsed, but only 36.0% physical progress.

Early Warning:
Project requires closer monitoring due to potential stalled progress near deadline."
617928,3,HIGH,MEDIUM,HIGH,1,"Overall Risk: HIGH

Reasons:
* High predicted schedule risk (92.5% probability).

Early Warning:
Project requires closer monitoring."
617976,2,MEDIUM,LOW,HIGH,1,"Overall Risk: MEDIUM

Reasons:
* High predicted schedule risk (89.6% probability).

Early Warning:
Project requires closer monitoring."
618022,3,HIGH,MEDIUM,HIGH,1,"Overall Risk: HIGH

Reasons:
* High predicted schedule risk (83.8% probability).

Early Warning:
Project requires closer monitoring."
618107,0,LOW,LOW,LOW,1,"Overall Risk: LOW

Reasons:
* Low progress near planned completion. 96.5% of original time elapsed, but only 23.0% physical progress.

Early Warning:
Project requires closer monitoring due to potential stalled progress near deadline."
618108,3,HIGH,MEDIUM,HIGH,1,"Overall Risk: HIGH

Reasons:
* High predicted schedule risk (75.4% probability).

Early Warning:
Project requires closer monitoring."
618459,3,HIGH,MEDIUM,HIGH,1,"Overall Risk: HIGH

Reasons:
* High predicted schedule risk (93.2% probability).

Early Warning:
Project requires closer monitoring."
618462,2,MEDIUM,LOW,HIGH,1,"Overall Risk: MEDIUM

Reasons:
* High predicted schedule risk (96.1% probability).

Early Warning:
Project requires closer monitoring."
618463,2,MEDIUM,LOW,HIGH,1,"Overall Risk: MEDIUM

Reasons:
* High predicted schedule risk (94.8% probability).

Early Warning:
Project requires closer monitoring."
618467,1,LOW,LOW,MEDIUM,1,"Overall Risk: LOW

Reasons:
* Low progress near planned completion. 200.0% of original time elapsed, but only 21.8% physical progress.

Early Warning:
Project requires closer monitoring due to potential stalled progress near deadline."
618503,2,MEDIUM,LOW,HIGH,1,"Overall Risk: MEDIUM

Reasons:
* High predicted schedule risk (96.2% probability).

Early Warning:
Project requires closer monitoring."
618504,2,MEDIUM,LOW,HIGH,1,"Overall Risk: MEDIUM

Reasons:
* High predicted schedule risk (95.9% probability).

Early Warning:
Project requires closer monitoring."
618507,3,HIGH,LOW,HIGH,2,"Overall Risk: HIGH

Reasons:
* High predicted schedule risk (94.8% probability).
* Significant expenditure-progress mismatch. Expenditure is 115.2% but physical progress is only 91.8% (Gap: 23.4%).

Early Warning:
Project requires closer monitoring due to financial/physical progress divergence."
618508,2,MEDIUM,LOW,HIGH,2,"Overall Risk: MEDIUM

Reasons:
* High predicted schedule risk (74.2% probability).
* Low progress near planned completion. 116.7% of original time elapsed, but only 48.7% physical progress.

Early Warning:
Project requires closer monitoring due to potential stalled progress near deadline."
618564,3,HIGH,LOW,HIGH,1,"Overall Risk: HIGH

Reasons:
* High predicted schedule risk (83.4% probability).

Early Warning:
Project requires closer monitoring."
618615,2,MEDIUM,LOW,HIGH,1,"Overall Risk: MEDIUM

Reasons:
* High predicted schedule risk (96.1% probability).

Early Warning:
Project requires closer monitoring."
618616,1,LOW,LOW,MEDIUM,1,"Overall Risk: LOW

Reasons:
* Low progress near planned completion. 116.7% of original time elapsed, but only 35.5% physical progress.

Early Warning:
Project requires closer monitoring due to potential stalled progress near deadline."
618787,2,MEDIUM,LOW,HIGH,1,"Overall Risk: MEDIUM

Reasons:
* High predicted schedule risk (95.3% probability).

Early Warning:
Project requires closer monitoring."
618901,2,MEDIUM,LOW,HIGH,1,"Overall Risk: MEDIUM

Reasons:
* High predicted schedule risk (93.6% probability).

Early Warning:
Project requires closer monitoring."
618930,1,LOW,LOW,MEDIUM,1,"Overall Risk: LOW

Reasons:
* Low progress near planned completion. 166.8% of original time elapsed, but only 25.8% physical progress.

Early Warning:
Project requires closer monitoring due to potential stalled progress near deadline."
618931,0,LOW,LOW,LOW,1,"Overall Risk: LOW

Reasons:
* Low progress near planned completion. 166.8% of original time elapsed, but only 10.1% physical progress.

Early Warning:
Project requires closer monitoring due to potential stalled progress near deadline."
619087,2,MEDIUM,LOW,HIGH,1,"Overall Risk: MEDIUM

Reasons:
* High predicted schedule risk (90.0% probability).

Early Warning:
Project requires closer monitoring."
619145,2,MEDIUM,LOW,HIGH,1,"Overall Risk: MEDIUM

Reasons:
* High predicted schedule risk (96.2% probability).

Early Warning:
Project requires closer monitoring."
619197,2,MEDIUM,LOW,HIGH,1,"Overall Risk: MEDIUM

Reasons:
* High predicted schedule risk (96.0% probability).

Early Warning:
Project requires closer monitoring."
618482,3,HIGH,MEDIUM,HIGH,1,"Overall Risk: HIGH

Reasons:
* High predicted schedule risk (97.6% probability).

Early Warning:
Project requires closer monitoring."
618483,2,MEDIUM,LOW,HIGH,1,"Overall Risk: MEDIUM

Reasons:
* High predicted schedule risk (97.6% probability).

Early Warning:
Project requires closer monitoring."
618506,2,MEDIUM,LOW,HIGH,1,"Overall Risk: MEDIUM

Reasons:
* High predicted schedule risk (88.9% probability).

Early Warning:
Project requires closer monitoring."
618580,2,MEDIUM,LOW,HIGH,1,"Overall Risk: MEDIUM

Reasons:
* High predicted schedule risk (97.4% probability).

Early Warning:
Project requires closer monitoring."
618788,3,HIGH,MEDIUM,HIGH,1,"Overall Risk: HIGH

Reasons:
* High predicted schedule risk (95.9% probability).

Early Warning:
Project requires closer monitoring."
618792,2,MEDIUM,LOW,HIGH,1,"Overall Risk: MEDIUM

Reasons:
* High predicted schedule risk (97.4% probability).

Early Warning:
Project requires closer monitoring."
618936,2,MEDIUM,LOW,HIGH,1,"Overall Risk: MEDIUM

Reasons:
* High predicted schedule risk (91.2% probability).

Early Warning:
Project requires closer monitoring."
619080,3,HIGH,MEDIUM,HIGH,1,"Overall Risk: HIGH

Reasons:
* High predicted schedule risk (96.7% probability).

Early Warning:
Project requires closer monitoring."
619092,3,HIGH,MEDIUM,HIGH,1,"Overall Risk: HIGH

Reasons:
* High predicted schedule risk (97.6% probability).

Early Warning:
Project requires closer monitoring."
619132,3,HIGH,MEDIUM,HIGH,1,"Overall Risk: HIGH

Reasons:
* High predicted schedule risk (94.1% probability).

Early Warning:
Project requires closer monitoring."
619201,3,HIGH,MEDIUM,HIGH,1,"Overall Risk: HIGH

Reasons:
* High predicted schedule risk (97.1% probability).

Early Warning:
Project requires closer monitoring."
618215,1,LOW,LOW,MEDIUM,1,"Overall Risk: LOW

Reasons:
* Low progress near planned completion. 169.5% of original time elapsed, but only 22.3% physical progress.

Early Warning:
Project requires closer monitoring due to potential stalled progress near deadline."
618216,1,LOW,LOW,MEDIUM,1,"Overall Risk: LOW

Reasons:
* Low progress near planned completion. 182.7% of original time elapsed, but only 23.2% physical progress.

Early Warning:
Project requires closer monitoring due to potential stalled progress near deadline."
618217,2,MEDIUM,LOW,HIGH,1,"Overall Risk: MEDIUM

Reasons:
* High predicted schedule risk (78.7% probability).

Early Warning:
Project requires closer monitoring."
618230,2,MEDIUM,LOW,HIGH,1,"Overall Risk: MEDIUM

Reasons:
* High predicted schedule risk (83.7% probability).

Early Warning:
Project requires closer monitoring."
618231,2,MEDIUM,LOW,HIGH,1,"Overall Risk: MEDIUM

Reasons:
* High predicted schedule risk (93.1% probability).

Early Warning:
Project requires closer monitoring."
618232,2,MEDIUM,LOW,HIGH,1,"Overall Risk: MEDIUM

Reasons:
* High predicted schedule risk (75.7% probability).

Early Warning:
Project requires closer monitoring."
618253,0,LOW,LOW,LOW,1,"Overall Risk: LOW

Reasons:
* Low progress near planned completion. 102.7% of original time elapsed, but only 0.0% physical progress.

Early Warning:
Project requires closer monitoring due to potential stalled progress near deadline."
618850,3,HIGH,MEDIUM,HIGH,1,"Overall Risk: HIGH

Reasons:
* High predicted schedule risk (97.2% probability).

Early Warning:
Project requires closer monitoring."
618851,3,HIGH,MEDIUM,HIGH,1,"Overall Risk: HIGH

Reasons:
* High predicted schedule risk (96.5% probability).

Early Warning:
Project requires closer monitoring."
618852,3,HIGH,MEDIUM,HIGH,1,"Overall Risk: HIGH

Reasons:
* High predicted schedule risk (97.0% probability).

Early Warning:
Project requires closer monitoring."
618878,3,HIGH,MEDIUM,HIGH,1,"Overall Risk: HIGH

Reasons:
* High predicted schedule risk (96.9% probability).

Early Warning:
Project requires closer monitoring."
618879,2,MEDIUM,LOW,HIGH,1,"Overall Risk: MEDIUM

Reasons:
* High predicted schedule risk (97.0% probability).

Early Warning:
Project requires closer monitoring."
618880,3,HIGH,LOW,HIGH,1,"Overall Risk: HIGH

Reasons:
* High predicted schedule risk (84.3% probability).

Early Warning:
Project requires closer monitoring."
618881,1,LOW,LOW,MEDIUM,1,"Overall Risk: LOW

Reasons:
* Low progress near planned completion. 136.3% of original time elapsed, but only 35.3% physical progress.

Early Warning:
Project requires closer monitoring due to potential stalled progress near deadline."
618888,3,HIGH,MEDIUM,HIGH,1,"Overall Risk: HIGH

Reasons:
* High predicted schedule risk (96.7% probability).

Early Warning:
Project requires closer monitoring."
618889,3,HIGH,MEDIUM,HIGH,1,"Overall Risk: HIGH

Reasons:
* High predicted schedule risk (96.7% probability).

Early Warning:
Project requires closer monitoring."
618890,3,HIGH,MEDIUM,HIGH,1,"Overall Risk: HIGH

Reasons:
* High predicted schedule risk (96.2% probability).

Early Warning:
Project requires closer monitoring."
618891,1,LOW,LOW,MEDIUM,1,"Overall Risk: LOW

Reasons:
* Low progress near planned completion. 124.9% of original time elapsed, but only 31.5% physical progress.

Early Warning:
Project requires closer monitoring due to potential stalled progress near deadline."
618921,3,HIGH,MEDIUM,HIGH,1,"Overall Risk: HIGH

Reasons:
* High predicted schedule risk (88.0% probability).

Early Warning:
Project requires closer monitoring."
618922,2,MEDIUM,LOW,HIGH,1,"Overall Risk: MEDIUM

Reasons:
* High predicted schedule risk (86.2% probability).

Early Warning:
Project requires closer monitoring."
619003,3,HIGH,MEDIUM,HIGH,1,"Overall Risk: HIGH

Reasons:
* High predicted schedule risk (95.9% probability).

Early Warning:
Project requires closer monitoring."
619153,3,HIGH,MEDIUM,HIGH,1,"Overall Risk: HIGH

Reasons:
* High predicted schedule risk (90.0% probability).

Early Warning:
Project requires closer monitoring."
618038,1,LOW,LOW,MEDIUM,1,"Overall Risk: LOW

Reasons:
* Low progress near planned completion. 116.7% of original time elapsed, but only 3.0% physical progress.

Early Warning:
Project requires closer monitoring due to potential stalled progress near deadline."
618201,2,MEDIUM,LOW,HIGH,1,"Overall Risk: MEDIUM

Reasons:
* High predicted schedule risk (85.7% probability).

Early Warning:
Project requires closer monitoring."
618202,2,MEDIUM,LOW,HIGH,2,"Overall Risk: MEDIUM

Reasons:
* High predicted schedule risk (83.3% probability).
* Low progress near planned completion. 166.8% of original time elapsed, but only 46.8% physical progress.

Early Warning:
Project requires closer monitoring due to potential stalled progress near deadline."
618203,2,MEDIUM,LOW,HIGH,1,"Overall Risk: MEDIUM

Reasons:
* High predicted schedule risk (88.4% probability).

Early Warning:
Project requires closer monitoring."
618204,2,MEDIUM,LOW,HIGH,1,"Overall Risk: MEDIUM

Reasons:
* High predicted schedule risk (88.0% probability).

Early Warning:
Project requires closer monitoring."
618205,2,MEDIUM,LOW,HIGH,1,"Overall Risk: MEDIUM

Reasons:
* High predicted schedule risk (96.2% probability).

Early Warning:
Project requires closer monitoring."
618206,2,MEDIUM,LOW,HIGH,2,"Overall Risk: MEDIUM

Reasons:
* High predicted schedule risk (79.7% probability).
* Low progress near planned completion. 93.5% of original time elapsed, but only 41.7% physical progress.

Early Warning:
Project requires closer monitoring due to potential stalled progress near deadline."
618221,2,MEDIUM,LOW,HIGH,1,"Overall Risk: MEDIUM

Reasons:
* High predicted schedule risk (89.7% probability).

Early Warning:
Project requires closer monitoring."
618222,2,MEDIUM,LOW,HIGH,1,"Overall Risk: MEDIUM

Reasons:
* High predicted schedule risk (93.5% probability).

Early Warning:
Project requires closer monitoring."
618223,2,MEDIUM,LOW,HIGH,1,"Overall Risk: MEDIUM

Reasons:
* High predicted schedule risk (97.0% probability).

Early Warning:
Project requires closer monitoring."
618224,2,MEDIUM,LOW,HIGH,1,"Overall Risk: MEDIUM

Reasons:
* High predicted schedule risk (97.2% probability).

Early Warning:
Project requires closer monitoring."
618225,2,MEDIUM,LOW,HIGH,1,"Overall Risk: MEDIUM

Reasons:
* High predicted schedule risk (96.8% probability).

Early Warning:
Project requires closer monitoring."
618226,2,MEDIUM,LOW,HIGH,1,"Overall Risk: MEDIUM

Reasons:
* High predicted schedule risk (97.5% probability).

Early Warning:
Project requires closer monitoring."
618394,2,MEDIUM,LOW,HIGH,1,"Overall Risk: MEDIUM

Reasons:
* High predicted schedule risk (97.2% probability).

Early Warning:
Project requires closer monitoring."
618395,2,MEDIUM,LOW,HIGH,1,"Overall Risk: MEDIUM

Reasons:
* High predicted schedule risk (86.5% probability).

Early Warning:
Project requires closer monitoring."
618397,2,MEDIUM,LOW,HIGH,1,"Overall Risk: MEDIUM

Reasons:
* High predicted schedule risk (97.2% probability).

Early Warning:
Project requires closer monitoring."
618398,2,MEDIUM,LOW,HIGH,1,"Overall Risk: MEDIUM

Reasons:
* High predicted schedule risk (97.5% probability).

Early Warning:
Project requires closer monitoring."
618399,2,MEDIUM,LOW,HIGH,1,"Overall Risk: MEDIUM

Reasons:
* High predicted schedule risk (84.9% probability).

Early Warning:
Project requires closer monitoring."
618400,2,MEDIUM,LOW,HIGH,1,"Overall Risk: MEDIUM

Reasons:
* High predicted schedule risk (97.6% probability).

Early Warning:
Project requires closer monitoring."
618406,4,HIGH,LOW,HIGH,2,"Overall Risk: HIGH

Reasons:
* High predicted schedule risk (97.1% probability).
* Significant expenditure-progress mismatch. Expenditure is 123.5% but physical progress is only 92.5% (Gap: 31.0%).

Early Warning:
Project requires closer monitoring due to financial/physical progress divergence."
618407,2,MEDIUM,LOW,HIGH,1,"Overall Risk: MEDIUM

Reasons:
* High predicted schedule risk (94.1% probability).

Early Warning:
Project requires closer monitoring."
618494,2,MEDIUM,LOW,HIGH,1,"Overall Risk: MEDIUM

Reasons:
* High predicted schedule risk (98.3% probability).

Early Warning:
Project requires closer monitoring."
618495,2,MEDIUM,LOW,HIGH,1,"Overall Risk: MEDIUM

Reasons:
* High predicted schedule risk (95.1% probability).

Early Warning:
Project requires closer monitoring."
618496,2,MEDIUM,LOW,HIGH,1,"Overall Risk: MEDIUM

Reasons:
* High predicted schedule risk (98.6% probability).

Early Warning:
Project requires closer monitoring."
618497,2,MEDIUM,LOW,HIGH,1,"Overall Risk: MEDIUM

Reasons:
* High predicted schedule risk (96.2% probability).

Early Warning:
Project requires closer monitoring."
618541,2,MEDIUM,LOW,HIGH,1,"Overall Risk: MEDIUM

Reasons:
* High predicted schedule risk (98.2% probability).

Early Warning:
Project requires closer monitoring."
618542,3,HIGH,LOW,MEDIUM,1,"Overall Risk: HIGH

Reasons:
* Significant expenditure-progress mismatch. Expenditure is 32.0% but physical progress is only 0.0% (Gap: 32.0%).

Early Warning:
Project requires closer monitoring due to financial/physical progress divergence."
618543,2,MEDIUM,LOW,HIGH,2,"Overall Risk: MEDIUM

Reasons:
* High predicted schedule risk (81.7% probability).
* Low progress near planned completion. 166.6% of original time elapsed, but only 30.5% physical progress.

Early Warning:
Project requires closer monitoring due to potential stalled progress near deadline."
618544,3,HIGH,LOW,HIGH,1,"Overall Risk: HIGH

Reasons:
* High predicted schedule risk (98.1% probability).

Early Warning:
Project requires closer monitoring."
618545,3,HIGH,LOW,HIGH,4,"Overall Risk: HIGH

Reasons:
* High predicted schedule risk (89.1% probability).
* Significant expenditure-progress mismatch. Expenditure is 68.8% but physical progress is only 42.8% (Gap: 26.0%).
* Low progress near planned completion. 200.2% of original time elapsed, but only 42.8% physical progress.

Early Warning:
Multiple simultaneous warning indicators triggered. Project requires closer monitoring."
618547,3,HIGH,LOW,HIGH,1,"Overall Risk: HIGH

Reasons:
* High predicted schedule risk (93.1% probability).

Early Warning:
Project requires closer monitoring."
618549,2,MEDIUM,LOW,HIGH,1,"Overall Risk: MEDIUM

Reasons:
* High predicted schedule risk (98.0% probability).

Early Warning:
Project requires closer monitoring."
618550,3,HIGH,LOW,HIGH,1,"Overall Risk: HIGH

Reasons:
* High predicted schedule risk (96.7% probability).

Early Warning:
Project requires closer monitoring."
618967,2,MEDIUM,LOW,HIGH,1,"Overall Risk: MEDIUM

Reasons:
* High predicted schedule risk (95.4% probability).

Early Warning:
Project requires closer monitoring."
619038,2,MEDIUM,LOW,HIGH,1,"Overall Risk: MEDIUM

Reasons:
* High predicted schedule risk (97.8% probability).

Early Warning:
Project requires closer monitoring."
618060,2,MEDIUM,LOW,HIGH,1,"Overall Risk: MEDIUM

Reasons:
* High predicted schedule risk (85.6% probability).

Early Warning:
Project requires closer monitoring."
618083,0,LOW,LOW,LOW,1,"Overall Risk: LOW

Reasons:
* Low progress near planned completion. 220.4% of original time elapsed, but only 5.0% physical progress.

Early Warning:
Project requires closer monitoring due to potential stalled progress near deadline."
618084,2,MEDIUM,LOW,HIGH,1,"Overall Risk: MEDIUM

Reasons:
* High predicted schedule risk (88.4% probability).

Early Warning:
Project requires closer monitoring."
618127,0,LOW,LOW,LOW,1,"Overall Risk: LOW

Reasons:
* Low progress near planned completion. 223.1% of original time elapsed, but only 15.0% physical progress.

Early Warning:
Project requires closer monitoring due to potential stalled progress near deadline."
618641,0,LOW,LOW,LOW,1,"Overall Risk: LOW

Reasons:
* Low progress near planned completion. 95.8% of original time elapsed, but only 9.8% physical progress.

Early Warning:
Project requires closer monitoring due to potential stalled progress near deadline."
618642,3,HIGH,MEDIUM,HIGH,1,"Overall Risk: HIGH

Reasons:
* High predicted schedule risk (94.5% probability).

Early Warning:
Project requires closer monitoring."
618644,3,HIGH,MEDIUM,HIGH,1,"Overall Risk: HIGH

Reasons:
* High predicted schedule risk (90.9% probability).

Early Warning:
Project requires closer monitoring."
618645,3,HIGH,MEDIUM,HIGH,1,"Overall Risk: HIGH

Reasons:
* High predicted schedule risk (87.3% probability).

Early Warning:
Project requires closer monitoring."
618729,0,LOW,LOW,LOW,1,"Overall Risk: LOW

Reasons:
* Low progress near planned completion. 166.6% of original time elapsed, but only 0.0% physical progress.

Early Warning:
Project requires closer monitoring due to potential stalled progress near deadline."
618730,0,LOW,LOW,LOW,1,"Overall Risk: LOW

Reasons:
* Low progress near planned completion. 166.6% of original time elapsed, but only 5.7% physical progress.

Early Warning:
Project requires closer monitoring due to potential stalled progress near deadline."
618731,0,LOW,LOW,LOW,1,"Overall Risk: LOW

Reasons:
* Low progress near planned completion. 166.6% of original time elapsed, but only 0.0% physical progress.

Early Warning:
Project requires closer monitoring due to potential stalled progress near deadline."
618733,0,LOW,LOW,LOW,1,"Overall Risk: LOW

Reasons:
* Low progress near planned completion. 166.6% of original time elapsed, but only 0.1% physical progress.

Early Warning:
Project requires closer monitoring due to potential stalled progress near deadline."
618736,1,LOW,LOW,MEDIUM,1,"Overall Risk: LOW

Reasons:
* Low progress near planned completion. 93.5% of original time elapsed, but only 49.5% physical progress.

Early Warning:
Project requires closer monitoring due to potential stalled progress near deadline."
618737,2,MEDIUM,LOW,LOW,1,"Overall Risk: MEDIUM

Reasons:
* Significant expenditure-progress mismatch. Expenditure is 89.2% but physical progress is only 0.0% (Gap: 89.2%).

Early Warning:
Project requires closer monitoring due to financial/physical progress divergence."
618830,3,HIGH,MEDIUM,HIGH,1,"Overall Risk: HIGH

Reasons:
* High predicted schedule risk (86.9% probability).

Early Warning:
Project requires closer monitoring."
618831,1,LOW,LOW,MEDIUM,1,"Overall Risk: LOW

Reasons:
* Low progress near planned completion. 166.8% of original time elapsed, but only 29.2% physical progress.

Early Warning:
Project requires closer monitoring due to potential stalled progress near deadline."
618832,0,LOW,LOW,LOW,1,"Overall Risk: LOW

Reasons:
* Low progress near planned completion. 120.7% of original time elapsed, but only 11.1% physical progress.

Early Warning:
Project requires closer monitoring due to potential stalled progress near deadline."
618863,2,MEDIUM,LOW,HIGH,1,"Overall Risk: MEDIUM

Reasons:
* High predicted schedule risk (94.4% probability).

Early Warning:
Project requires closer monitoring."
618947,3,HIGH,MEDIUM,HIGH,1,"Overall Risk: HIGH

Reasons:
* High predicted schedule risk (92.4% probability).

Early Warning:
Project requires closer monitoring."
618949,3,HIGH,MEDIUM,HIGH,1,"Overall Risk: HIGH

Reasons:
* High predicted schedule risk (91.9% probability).

Early Warning:
Project requires closer monitoring."
618950,0,LOW,LOW,LOW,1,"Overall Risk: LOW

Reasons:
* Low progress near planned completion. 83.2% of original time elapsed, but only 12.0% physical progress.

Early Warning:
Project requires closer monitoring due to potential stalled progress near deadline."
619005,0,LOW,LOW,LOW,1,"Overall Risk: LOW

Reasons:
* Low progress near planned completion. 166.8% of original time elapsed, but only 13.0% physical progress.

Early Warning:
Project requires closer monitoring due to potential stalled progress near deadline."
617935,2,MEDIUM,LOW,HIGH,1,"Overall Risk: MEDIUM

Reasons:
* High predicted schedule risk (85.9% probability).

Early Warning:
Project requires closer monitoring."
617950,1,LOW,LOW,MEDIUM,1,"Overall Risk: LOW

Reasons:
* Low progress near planned completion. 243.7% of original time elapsed, but only 22.0% physical progress.

Early Warning:
Project requires closer monitoring due to potential stalled progress near deadline."
617951,1,LOW,LOW,MEDIUM,1,"Overall Risk: LOW

Reasons:
* Low progress near planned completion. 223.1% of original time elapsed, but only 14.0% physical progress.

Early Warning:
Project requires closer monitoring due to potential stalled progress near deadline."
617955,2,MEDIUM,LOW,HIGH,1,"Overall Risk: MEDIUM

Reasons:
* High predicted schedule risk (93.1% probability).

Early Warning:
Project requires closer monitoring."
617989,2,MEDIUM,LOW,HIGH,1,"Overall Risk: MEDIUM

Reasons:
* High predicted schedule risk (87.8% probability).

Early Warning:
Project requires closer monitoring."
617997,0,LOW,LOW,LOW,1,"Overall Risk: LOW

Reasons:
* Low progress near planned completion. 166.8% of original time elapsed, but only 6.0% physical progress.

Early Warning:
Project requires closer monitoring due to potential stalled progress near deadline."
617998,2,MEDIUM,LOW,HIGH,1,"Overall Risk: MEDIUM

Reasons:
* High predicted schedule risk (92.7% probability).

Early Warning:
Project requires closer monitoring."
617999,2,MEDIUM,LOW,HIGH,1,"Overall Risk: MEDIUM

Reasons:
* High predicted schedule risk (87.7% probability).

Early Warning:
Project requires closer monitoring."
618000,2,MEDIUM,LOW,HIGH,1,"Overall Risk: MEDIUM

Reasons:
* High predicted schedule risk (96.3% probability).

Early Warning:
Project requires closer monitoring."
618027,2,MEDIUM,LOW,HIGH,1,"Overall Risk: MEDIUM

Reasons:
* High predicted schedule risk (94.4% probability).

Early Warning:
Project requires closer monitoring."
618028,1,LOW,LOW,MEDIUM,1,"Overall Risk: LOW

Reasons:
* Low progress near planned completion. 170.7% of original time elapsed, but only 36.0% physical progress.

Early Warning:
Project requires closer monitoring due to potential stalled progress near deadline."
618029,2,MEDIUM,LOW,HIGH,1,"Overall Risk: MEDIUM

Reasons:
* High predicted schedule risk (92.8% probability).

Early Warning:
Project requires closer monitoring."
618031,2,MEDIUM,LOW,HIGH,1,"Overall Risk: MEDIUM

Reasons:
* High predicted schedule risk (95.8% probability).

Early Warning:
Project requires closer monitoring."
618086,2,MEDIUM,LOW,HIGH,2,"Overall Risk: MEDIUM

Reasons:
* High predicted schedule risk (74.5% probability).
* Low progress near planned completion. 221.9% of original time elapsed, but only 48.5% physical progress.

Early Warning:
Project requires closer monitoring due to potential stalled progress near deadline."
618087,2,MEDIUM,LOW,HIGH,1,"Overall Risk: MEDIUM

Reasons:
* High predicted schedule risk (95.6% probability).

Early Warning:
Project requires closer monitoring."
618095,2,MEDIUM,LOW,HIGH,1,"Overall Risk: MEDIUM

Reasons:
* High predicted schedule risk (90.1% probability).

Early Warning:
Project requires closer monitoring."
618109,2,MEDIUM,LOW,HIGH,1,"Overall Risk: MEDIUM

Reasons:
* High predicted schedule risk (94.1% probability).

Early Warning:
Project requires closer monitoring."
618147,2,MEDIUM,LOW,HIGH,1,"Overall Risk: MEDIUM

Reasons:
* High predicted schedule risk (85.8% probability).

Early Warning:
Project requires closer monitoring."
618148,0,LOW,LOW,LOW,1,"Overall Risk: LOW

Reasons:
* Low progress near planned completion. 166.6% of original time elapsed, but only 0.0% physical progress.

Early Warning:
Project requires closer monitoring due to potential stalled progress near deadline."
618149,2,MEDIUM,LOW,HIGH,1,"Overall Risk: MEDIUM

Reasons:
* High predicted schedule risk (82.6% probability).

Early Warning:
Project requires closer monitoring."
618151,0,LOW,LOW,LOW,1,"Overall Risk: LOW

Reasons:
* Low progress near planned completion. 111.1% of original time elapsed, but only 0.0% physical progress.

Early Warning:
Project requires closer monitoring due to potential stalled progress near deadline."
618184,2,MEDIUM,LOW,HIGH,1,"Overall Risk: MEDIUM

Reasons:
* High predicted schedule risk (85.8% probability).

Early Warning:
Project requires closer monitoring."
618185,0,LOW,LOW,LOW,1,"Overall Risk: LOW

Reasons:
* Low progress near planned completion. 179.2% of original time elapsed, but only 12.0% physical progress.

Early Warning:
Project requires closer monitoring due to potential stalled progress near deadline."
618189,1,LOW,LOW,MEDIUM,1,"Overall Risk: LOW

Reasons:
* Low progress near planned completion. 124.9% of original time elapsed, but only 25.2% physical progress.

Early Warning:
Project requires closer monitoring due to potential stalled progress near deadline."
618517,2,MEDIUM,LOW,HIGH,1,"Overall Risk: MEDIUM

Reasons:
* High predicted schedule risk (95.9% probability).

Early Warning:
Project requires closer monitoring."
618518,2,MEDIUM,LOW,HIGH,1,"Overall Risk: MEDIUM

Reasons:
* High predicted schedule risk (97.9% probability).

Early Warning:
Project requires closer monitoring."
618520,2,MEDIUM,LOW,HIGH,1,"Overall Risk: MEDIUM

Reasons:
* High predicted schedule risk (97.9% probability).

Early Warning:
Project requires closer monitoring."
618630,2,MEDIUM,LOW,HIGH,1,"Overall Risk: MEDIUM

Reasons:
* High predicted schedule risk (95.3% probability).

Early Warning:
Project requires closer monitoring."
618649,2,MEDIUM,LOW,HIGH,1,"Overall Risk: MEDIUM

Reasons:
* High predicted schedule risk (86.9% probability).

Early Warning:
Project requires closer monitoring."
618650,1,LOW,LOW,MEDIUM,1,"Overall Risk: LOW

Reasons:
* Low progress near planned completion. 124.9% of original time elapsed, but only 24.5% physical progress.

Early Warning:
Project requires closer monitoring due to potential stalled progress near deadline."
618651,2,MEDIUM,LOW,HIGH,1,"Overall Risk: MEDIUM

Reasons:
* High predicted schedule risk (89.1% probability).

Early Warning:
Project requires closer monitoring."
618697,2,MEDIUM,LOW,HIGH,2,"Overall Risk: MEDIUM

Reasons:
* High predicted schedule risk (78.6% probability).
* Low progress near planned completion. 126.0% of original time elapsed, but only 39.0% physical progress.

Early Warning:
Project requires closer monitoring due to potential stalled progress near deadline."
618702,3,HIGH,LOW,HIGH,1,"Overall Risk: HIGH

Reasons:
* High predicted schedule risk (97.4% probability).

Early Warning:
Project requires closer monitoring."
618706,2,MEDIUM,LOW,HIGH,1,"Overall Risk: MEDIUM

Reasons:
* High predicted schedule risk (98.2% probability).

Early Warning:
Project requires closer monitoring."
618707,1,LOW,LOW,MEDIUM,1,"Overall Risk: LOW

Reasons:
* Low progress near planned completion. 83.2% of original time elapsed, but only 12.7% physical progress.

Early Warning:
Project requires closer monitoring due to potential stalled progress near deadline."
618709,2,MEDIUM,LOW,HIGH,1,"Overall Risk: MEDIUM

Reasons:
* High predicted schedule risk (97.2% probability).

Early Warning:
Project requires closer monitoring."
618799,2,MEDIUM,LOW,HIGH,1,"Overall Risk: MEDIUM

Reasons:
* High predicted schedule risk (97.5% probability).

Early Warning:
Project requires closer monitoring."
618870,3,HIGH,MEDIUM,HIGH,2,"Overall Risk: HIGH

Reasons:
* High predicted schedule risk (70.1% probability).
* Low progress near planned completion. 170.7% of original time elapsed, but only 27.8% physical progress.

Early Warning:
Project requires closer monitoring due to potential stalled progress near deadline."
618871,2,MEDIUM,LOW,MEDIUM,2,"Overall Risk: MEDIUM

Reasons:
* Significant expenditure-progress mismatch. Expenditure is 36.4% but physical progress is only 14.5% (Gap: 21.8%).
* Low progress near planned completion. 170.7% of original time elapsed, but only 14.5% physical progress.

Early Warning:
Project requires closer monitoring due to financial/physical progress divergence."
618872,1,LOW,LOW,MEDIUM,1,"Overall Risk: LOW

Reasons:
* Low progress near planned completion. 170.7% of original time elapsed, but only 19.6% physical progress.

Early Warning:
Project requires closer monitoring due to potential stalled progress near deadline."
618873,2,MEDIUM,LOW,MEDIUM,2,"Overall Risk: MEDIUM

Reasons:
* Significant expenditure-progress mismatch. Expenditure is 38.4% but physical progress is only 17.4% (Gap: 21.1%).
* Low progress near planned completion. 174.9% of original time elapsed, but only 17.4% physical progress.

Early Warning:
Project requires closer monitoring due to financial/physical progress divergence."
618887,2,MEDIUM,LOW,HIGH,1,"Overall Risk: MEDIUM

Reasons:
* High predicted schedule risk (96.1% probability).

Early Warning:
Project requires closer monitoring."
618896,2,MEDIUM,LOW,HIGH,1,"Overall Risk: MEDIUM

Reasons:
* High predicted schedule risk (94.7% probability).

Early Warning:
Project requires closer monitoring."
619065,2,MEDIUM,LOW,HIGH,1,"Overall Risk: MEDIUM

Reasons:
* High predicted schedule risk (97.9% probability).

Early Warning:
Project requires closer monitoring."
619071,2,MEDIUM,LOW,HIGH,1,"Overall Risk: MEDIUM

Reasons:
* High predicted schedule risk (90.1% probability).

Early Warning:
Project requires closer monitoring."
619072,2,MEDIUM,LOW,HIGH,1,"Overall Risk: MEDIUM

Reasons:
* High predicted schedule risk (97.5% probability).

Early Warning:
Project requires closer monitoring."
619073,2,MEDIUM,LOW,HIGH,1,"Overall Risk: MEDIUM

Reasons:
* High predicted schedule risk (97.9% probability).

Early Warning:
Project requires closer monitoring."
619096,2,MEDIUM,LOW,HIGH,1,"Overall Risk: MEDIUM

Reasons:
* High predicted schedule risk (97.9% probability).

Early Warning:
Project requires closer monitoring."
619106,2,MEDIUM,LOW,HIGH,2,"Overall Risk: MEDIUM

Reasons:
* High predicted schedule risk (79.2% probability).
* Low progress near planned completion. 166.8% of original time elapsed, but only 40.6% physical progress.

Early Warning:
Project requires closer monitoring due to potential stalled progress near deadline."
619107,1,LOW,LOW,MEDIUM,1,"Overall Risk: LOW

Reasons:
* Low progress near planned completion. 120.7% of original time elapsed, but only 15.0% physical progress.

Early Warning:
Project requires closer monitoring due to potential stalled progress near deadline."
619108,2,MEDIUM,LOW,HIGH,2,"Overall Risk: MEDIUM

Reasons:
* High predicted schedule risk (78.9% probability).
* Low progress near planned completion. 120.7% of original time elapsed, but only 40.2% physical progress.

Early Warning:
Project requires closer monitoring due to potential stalled progress near deadline."
619117,2,MEDIUM,LOW,HIGH,1,"Overall Risk: MEDIUM

Reasons:
* High predicted schedule risk (97.8% probability).

Early Warning:
Project requires closer monitoring."
619120,2,MEDIUM,LOW,HIGH,1,"Overall Risk: MEDIUM

Reasons:
* High predicted schedule risk (98.2% probability).

Early Warning:
Project requires closer monitoring."
619138,2,MEDIUM,MEDIUM,MEDIUM,1,"Overall Risk: MEDIUM

Reasons:
* Low progress near planned completion. 241.3% of original time elapsed, but only 24.7% physical progress.

Early Warning:
Project requires closer monitoring due to potential stalled progress near deadline."
619150,2,MEDIUM,LOW,HIGH,1,"Overall Risk: MEDIUM

Reasons:
* High predicted schedule risk (98.0% probability).

Early Warning:
Project requires closer monitoring."
619164,2,MEDIUM,LOW,HIGH,1,"Overall Risk: MEDIUM

Reasons:
* High predicted schedule risk (94.6% probability).

Early Warning:
Project requires closer monitoring."
619211,2,MEDIUM,LOW,HIGH,1,"Overall Risk: MEDIUM

Reasons:
* High predicted schedule risk (93.8% probability).

Early Warning:
Project requires closer monitoring."
619214,2,MEDIUM,LOW,HIGH,1,"Overall Risk: MEDIUM

Reasons:
* High predicted schedule risk (95.8% probability).

Early Warning:
Project requires closer monitoring."
619218,2,MEDIUM,LOW,HIGH,1,"Overall Risk: MEDIUM

Reasons:
* High predicted schedule risk (98.0% probability).

Early Warning:
Project requires closer monitoring."
619219,2,MEDIUM,LOW,HIGH,1,"Overall Risk: MEDIUM

Reasons:
* High predicted schedule risk (98.0% probability).

Early Warning:
Project requires closer monitoring."
619220,2,MEDIUM,LOW,HIGH,1,"Overall Risk: MEDIUM

Reasons:
* High predicted schedule risk (97.7% probability).

Early Warning:
Project requires closer monitoring."
618070,2,MEDIUM,LOW,HIGH,1,"Overall Risk: MEDIUM

Reasons:
* High predicted schedule risk (96.0% probability).

Early Warning:
Project requires closer monitoring."
618595,3,HIGH,MEDIUM,HIGH,1,"Overall Risk: HIGH

Reasons:
* High predicted schedule risk (97.2% probability).

Early Warning:
Project requires closer monitoring."
618596,3,HIGH,MEDIUM,HIGH,1,"Overall Risk: HIGH

Reasons:
* High predicted schedule risk (96.1% probability).

Early Warning:
Project requires closer monitoring."
618597,2,MEDIUM,LOW,HIGH,1,"Overall Risk: MEDIUM

Reasons:
* High predicted schedule risk (90.4% probability).

Early Warning:
Project requires closer monitoring."
618598,2,MEDIUM,LOW,HIGH,1,"Overall Risk: MEDIUM

Reasons:
* High predicted schedule risk (98.0% probability).

Early Warning:
Project requires closer monitoring."
618599,2,MEDIUM,LOW,HIGH,1,"Overall Risk: MEDIUM

Reasons:
* High predicted schedule risk (98.0% probability).

Early Warning:
Project requires closer monitoring."
618600,2,MEDIUM,LOW,HIGH,1,"Overall Risk: MEDIUM

Reasons:
* High predicted schedule risk (97.9% probability).

Early Warning:
Project requires closer monitoring."
618601,2,MEDIUM,LOW,HIGH,1,"Overall Risk: MEDIUM

Reasons:
* High predicted schedule risk (97.6% probability).

Early Warning:
Project requires closer monitoring."
618602,2,MEDIUM,LOW,HIGH,1,"Overall Risk: MEDIUM

Reasons:
* High predicted schedule risk (97.6% probability).

Early Warning:
Project requires closer monitoring."
618603,3,HIGH,MEDIUM,HIGH,1,"Overall Risk: HIGH

Reasons:
* High predicted schedule risk (93.4% probability).

Early Warning:
Project requires closer monitoring."
618604,3,HIGH,MEDIUM,HIGH,1,"Overall Risk: HIGH

Reasons:
* High predicted schedule risk (97.2% probability).

Early Warning:
Project requires closer monitoring."
618605,3,HIGH,MEDIUM,HIGH,1,"Overall Risk: HIGH

Reasons:
* High predicted schedule risk (95.9% probability).

Early Warning:
Project requires closer monitoring."
618606,3,HIGH,LOW,HIGH,1,"Overall Risk: HIGH

Reasons:
* High predicted schedule risk (93.9% probability).

Early Warning:
Project requires closer monitoring."
618607,3,HIGH,MEDIUM,HIGH,1,"Overall Risk: HIGH

Reasons:
* High predicted schedule risk (94.5% probability).

Early Warning:
Project requires closer monitoring."
618708,3,HIGH,MEDIUM,HIGH,1,"Overall Risk: HIGH

Reasons:
* High predicted schedule risk (95.9% probability).

Early Warning:
Project requires closer monitoring."
619098,3,HIGH,MEDIUM,HIGH,1,"Overall Risk: HIGH

Reasons:
* High predicted schedule risk (97.9% probability).

Early Warning:
Project requires closer monitoring."
619206,3,HIGH,MEDIUM,HIGH,1,"Overall Risk: HIGH

Reasons:
* High predicted schedule risk (96.7% probability).

Early Warning:
Project requires closer monitoring."
619207,3,HIGH,MEDIUM,HIGH,1,"Overall Risk: HIGH

Reasons:
* High predicted schedule risk (95.9% probability).

Early Warning:
Project requires closer monitoring."
619208,3,HIGH,LOW,HIGH,2,"Overall Risk: HIGH

Reasons:
* High predicted schedule risk (82.1% probability).
* Low progress near planned completion. 182.8% of original time elapsed, but only 44.3% physical progress.

Early Warning:
Project requires closer monitoring due to potential stalled progress near deadline."
618408,2,MEDIUM,LOW,HIGH,1,"Overall Risk: MEDIUM

Reasons:
* High predicted schedule risk (94.4% probability).

Early Warning:
Project requires closer monitoring."
618409,2,MEDIUM,LOW,HIGH,1,"Overall Risk: MEDIUM

Reasons:
* High predicted schedule risk (92.9% probability).

Early Warning:
Project requires closer monitoring."
618410,2,MEDIUM,LOW,HIGH,1,"Overall Risk: MEDIUM

Reasons:
* High predicted schedule risk (91.1% probability).

Early Warning:
Project requires closer monitoring."
617911,2,MEDIUM,LOW,HIGH,1,"Overall Risk: MEDIUM

Reasons:
* High predicted schedule risk (85.1% probability).

Early Warning:
Project requires closer monitoring."
617914,0,LOW,LOW,LOW,1,"Overall Risk: LOW

Reasons:
* Low progress near planned completion. 226.1% of original time elapsed, but only 41.2% physical progress.

Early Warning:
Project requires closer monitoring due to potential stalled progress near deadline."
618019,2,MEDIUM,LOW,HIGH,1,"Overall Risk: MEDIUM

Reasons:
* High predicted schedule risk (83.6% probability).

Early Warning:
Project requires closer monitoring."
618021,0,LOW,LOW,LOW,1,"Overall Risk: LOW

Reasons:
* Low progress near planned completion. 161.1% of original time elapsed, but only 36.9% physical progress.

Early Warning:
Project requires closer monitoring due to potential stalled progress near deadline."
618036,1,LOW,LOW,MEDIUM,1,"Overall Risk: LOW

Reasons:
* Low progress near planned completion. 166.8% of original time elapsed, but only 43.0% physical progress.

Early Warning:
Project requires closer monitoring due to potential stalled progress near deadline."
618043,2,MEDIUM,LOW,HIGH,1,"Overall Risk: MEDIUM

Reasons:
* High predicted schedule risk (81.4% probability).

Early Warning:
Project requires closer monitoring."
618044,0,LOW,LOW,LOW,1,"Overall Risk: LOW

Reasons:
* Low progress near planned completion. 120.5% of original time elapsed, but only 0.0% physical progress.

Early Warning:
Project requires closer monitoring due to potential stalled progress near deadline."
618085,2,MEDIUM,LOW,HIGH,1,"Overall Risk: MEDIUM

Reasons:
* High predicted schedule risk (84.2% probability).

Early Warning:
Project requires closer monitoring."
618129,2,MEDIUM,LOW,HIGH,1,"Overall Risk: MEDIUM

Reasons:
* High predicted schedule risk (87.6% probability).

Early Warning:
Project requires closer monitoring."
618156,2,MEDIUM,LOW,HIGH,1,"Overall Risk: MEDIUM

Reasons:
* High predicted schedule risk (70.6% probability).

Early Warning:
Project requires closer monitoring."
618157,2,MEDIUM,LOW,HIGH,1,"Overall Risk: MEDIUM

Reasons:
* High predicted schedule risk (75.5% probability).

Early Warning:
Project requires closer monitoring."
618158,0,LOW,LOW,LOW,1,"Overall Risk: LOW

Reasons:
* Low progress near planned completion. 166.8% of original time elapsed, but only 16.5% physical progress.

Early Warning:
Project requires closer monitoring due to potential stalled progress near deadline."
618170,1,LOW,LOW,MEDIUM,1,"Overall Risk: LOW

Reasons:
* Low progress near planned completion. 221.9% of original time elapsed, but only 46.3% physical progress.

Early Warning:
Project requires closer monitoring due to potential stalled progress near deadline."
618620,2,MEDIUM,LOW,HIGH,1,"Overall Risk: MEDIUM

Reasons:
* High predicted schedule risk (85.6% probability).

Early Warning:
Project requires closer monitoring."
618621,2,MEDIUM,LOW,HIGH,1,"Overall Risk: MEDIUM

Reasons:
* High predicted schedule risk (89.0% probability).

Early Warning:
Project requires closer monitoring."
618622,2,MEDIUM,LOW,HIGH,1,"Overall Risk: MEDIUM

Reasons:
* High predicted schedule risk (91.0% probability).

Early Warning:
Project requires closer monitoring."
618623,2,MEDIUM,LOW,HIGH,1,"Overall Risk: MEDIUM

Reasons:
* High predicted schedule risk (89.5% probability).

Early Warning:
Project requires closer monitoring."
618654,2,MEDIUM,LOW,HIGH,1,"Overall Risk: MEDIUM

Reasons:
* High predicted schedule risk (75.1% probability).

Early Warning:
Project requires closer monitoring."
618655,2,MEDIUM,LOW,HIGH,1,"Overall Risk: MEDIUM

Reasons:
* High predicted schedule risk (92.9% probability).

Early Warning:
Project requires closer monitoring."
618661,0,LOW,LOW,LOW,1,"Overall Risk: LOW

Reasons:
* Low progress near planned completion. 87.4% of original time elapsed, but only 20.2% physical progress.

Early Warning:
Project requires closer monitoring due to potential stalled progress near deadline."
618662,0,LOW,LOW,LOW,1,"Overall Risk: LOW

Reasons:
* Low progress near planned completion. 87.3% of original time elapsed, but only 12.2% physical progress.

Early Warning:
Project requires closer monitoring due to potential stalled progress near deadline."
618663,2,MEDIUM,LOW,HIGH,1,"Overall Risk: MEDIUM

Reasons:
* High predicted schedule risk (89.8% probability).

Early Warning:
Project requires closer monitoring."
618664,2,MEDIUM,LOW,HIGH,1,"Overall Risk: MEDIUM

Reasons:
* High predicted schedule risk (91.1% probability).

Early Warning:
Project requires closer monitoring."
618666,2,MEDIUM,LOW,HIGH,1,"Overall Risk: MEDIUM

Reasons:
* High predicted schedule risk (93.1% probability).

Early Warning:
Project requires closer monitoring."
618667,1,LOW,LOW,MEDIUM,1,"Overall Risk: LOW

Reasons:
* Low progress near planned completion. 87.4% of original time elapsed, but only 38.3% physical progress.

Early Warning:
Project requires closer monitoring due to potential stalled progress near deadline."
618672,1,LOW,LOW,MEDIUM,1,"Overall Risk: LOW

Reasons:
* Low progress near planned completion. 87.4% of original time elapsed, but only 35.2% physical progress.

Early Warning:
Project requires closer monitoring due to potential stalled progress near deadline."
618684,2,MEDIUM,LOW,HIGH,1,"Overall Risk: MEDIUM

Reasons:
* High predicted schedule risk (84.8% probability).

Early Warning:
Project requires closer monitoring."
618685,2,MEDIUM,LOW,HIGH,1,"Overall Risk: MEDIUM

Reasons:
* High predicted schedule risk (85.4% probability).

Early Warning:
Project requires closer monitoring."
618686,2,MEDIUM,LOW,HIGH,1,"Overall Risk: MEDIUM

Reasons:
* High predicted schedule risk (85.4% probability).

Early Warning:
Project requires closer monitoring."
618687,2,MEDIUM,LOW,HIGH,1,"Overall Risk: MEDIUM

Reasons:
* High predicted schedule risk (90.0% probability).

Early Warning:
Project requires closer monitoring."
618688,1,LOW,LOW,MEDIUM,1,"Overall Risk: LOW

Reasons:
* Low progress near planned completion. 87.4% of original time elapsed, but only 32.4% physical progress.

Early Warning:
Project requires closer monitoring due to potential stalled progress near deadline."
618694,2,MEDIUM,LOW,HIGH,1,"Overall Risk: MEDIUM

Reasons:
* High predicted schedule risk (92.0% probability).

Early Warning:
Project requires closer monitoring."
618735,2,MEDIUM,LOW,HIGH,1,"Overall Risk: MEDIUM

Reasons:
* High predicted schedule risk (92.9% probability).

Early Warning:
Project requires closer monitoring."
618751,3,HIGH,MEDIUM,HIGH,1,"Overall Risk: HIGH

Reasons:
* High predicted schedule risk (78.9% probability).

Early Warning:
Project requires closer monitoring."
618762,2,MEDIUM,LOW,HIGH,1,"Overall Risk: MEDIUM

Reasons:
* High predicted schedule risk (93.2% probability).

Early Warning:
Project requires closer monitoring."
618784,2,MEDIUM,LOW,HIGH,1,"Overall Risk: MEDIUM

Reasons:
* High predicted schedule risk (87.8% probability).

Early Warning:
Project requires closer monitoring."
618932,1,LOW,LOW,LOW,1,"Overall Risk: LOW

Reasons:
* Low progress near planned completion. 126.0% of original time elapsed, but only 27.6% physical progress.

Early Warning:
Project requires closer monitoring due to potential stalled progress near deadline."
618933,1,LOW,LOW,LOW,2,"Overall Risk: LOW

Reasons:
* Significant expenditure-progress mismatch. Expenditure is 46.3% but physical progress is only 17.5% (Gap: 28.8%).
* Low progress near planned completion. 116.7% of original time elapsed, but only 17.5% physical progress.

Early Warning:
Project requires closer monitoring due to financial/physical progress divergence."
618962,0,LOW,LOW,LOW,1,"Overall Risk: LOW

Reasons:
* Low progress near planned completion. 116.7% of original time elapsed, but only 28.3% physical progress.

Early Warning:
Project requires closer monitoring due to potential stalled progress near deadline."
618966,0,LOW,LOW,LOW,1,"Overall Risk: LOW

Reasons:
* Low progress near planned completion. 120.7% of original time elapsed, but only 21.6% physical progress.

Early Warning:
Project requires closer monitoring due to potential stalled progress near deadline."
619007,0,LOW,LOW,LOW,1,"Overall Risk: LOW

Reasons:
* Low progress near planned completion. 166.8% of original time elapsed, but only 0.0% physical progress.

Early Warning:
Project requires closer monitoring due to potential stalled progress near deadline."
619100,2,MEDIUM,LOW,HIGH,1,"Overall Risk: MEDIUM

Reasons:
* High predicted schedule risk (93.2% probability).

Early Warning:
Project requires closer monitoring."
619114,2,MEDIUM,MEDIUM,MEDIUM,1,"Overall Risk: MEDIUM

Reasons:
* Low progress near planned completion. 174.9% of original time elapsed, but only 40.2% physical progress.

Early Warning:
Project requires closer monitoring due to potential stalled progress near deadline."
617912,0,LOW,LOW,LOW,1,"Overall Risk: LOW

Reasons:
* Low progress near planned completion. 116.7% of original time elapsed, but only 8.2% physical progress.

Early Warning:
Project requires closer monitoring due to potential stalled progress near deadline."
617932,2,MEDIUM,LOW,HIGH,1,"Overall Risk: MEDIUM

Reasons:
* High predicted schedule risk (70.7% probability).

Early Warning:
Project requires closer monitoring."
617934,4,HIGH,LOW,HIGH,2,"Overall Risk: HIGH

Reasons:
* High predicted schedule risk (87.9% probability).
* Significant expenditure-progress mismatch. Expenditure is 129.9% but physical progress is only 95.8% (Gap: 34.1%).

Early Warning:
Project requires closer monitoring due to financial/physical progress divergence."
617937,0,LOW,LOW,LOW,1,"Overall Risk: LOW

Reasons:
* Low progress near planned completion. 83.0% of original time elapsed, but only 12.0% physical progress.

Early Warning:
Project requires closer monitoring due to potential stalled progress near deadline."
617938,0,LOW,LOW,LOW,1,"Overall Risk: LOW

Reasons:
* Low progress near planned completion. 105.7% of original time elapsed, but only 20.0% physical progress.

Early Warning:
Project requires closer monitoring due to potential stalled progress near deadline."
617946,2,MEDIUM,LOW,HIGH,1,"Overall Risk: MEDIUM

Reasons:
* High predicted schedule risk (87.9% probability).

Early Warning:
Project requires closer monitoring."
617947,2,MEDIUM,LOW,HIGH,1,"Overall Risk: MEDIUM

Reasons:
* High predicted schedule risk (77.3% probability).

Early Warning:
Project requires closer monitoring."
617948,2,MEDIUM,LOW,HIGH,1,"Overall Risk: MEDIUM

Reasons:
* High predicted schedule risk (84.2% probability).

Early Warning:
Project requires closer monitoring."
617965,2,MEDIUM,LOW,HIGH,1,"Overall Risk: MEDIUM

Reasons:
* High predicted schedule risk (86.5% probability).

Early Warning:
Project requires closer monitoring."
617978,2,MEDIUM,LOW,HIGH,1,"Overall Risk: MEDIUM

Reasons:
* High predicted schedule risk (81.5% probability).

Early Warning:
Project requires closer monitoring."
617979,2,MEDIUM,LOW,HIGH,1,"Overall Risk: MEDIUM

Reasons:
* High predicted schedule risk (73.6% probability).

Early Warning:
Project requires closer monitoring."
618047,2,MEDIUM,LOW,HIGH,1,"Overall Risk: MEDIUM

Reasons:
* High predicted schedule risk (83.3% probability).

Early Warning:
Project requires closer monitoring."
618049,2,MEDIUM,LOW,HIGH,1,"Overall Risk: MEDIUM

Reasons:
* High predicted schedule risk (88.5% probability).

Early Warning:
Project requires closer monitoring."
618059,0,LOW,LOW,LOW,1,"Overall Risk: LOW

Reasons:
* Low progress near planned completion. 227.8% of original time elapsed, but only 34.1% physical progress.

Early Warning:
Project requires closer monitoring due to potential stalled progress near deadline."
618065,0,LOW,LOW,LOW,1,"Overall Risk: LOW

Reasons:
* Low progress near planned completion. 288.3% of original time elapsed, but only 37.2% physical progress.

Early Warning:
Project requires closer monitoring due to potential stalled progress near deadline."
618088,1,LOW,LOW,MEDIUM,1,"Overall Risk: LOW

Reasons:
* Low progress near planned completion. 121.9% of original time elapsed, but only 41.9% physical progress.

Early Warning:
Project requires closer monitoring due to potential stalled progress near deadline."
618094,2,MEDIUM,LOW,HIGH,1,"Overall Risk: MEDIUM

Reasons:
* High predicted schedule risk (82.8% probability).

Early Warning:
Project requires closer monitoring."
618096,2,MEDIUM,LOW,HIGH,1,"Overall Risk: MEDIUM

Reasons:
* High predicted schedule risk (83.0% probability).

Early Warning:
Project requires closer monitoring."
618097,2,MEDIUM,LOW,HIGH,1,"Overall Risk: MEDIUM

Reasons:
* High predicted schedule risk (85.4% probability).

Early Warning:
Project requires closer monitoring."
618098,2,MEDIUM,LOW,HIGH,1,"Overall Risk: MEDIUM

Reasons:
* High predicted schedule risk (86.5% probability).

Early Warning:
Project requires closer monitoring."
618134,2,MEDIUM,LOW,HIGH,1,"Overall Risk: MEDIUM

Reasons:
* High predicted schedule risk (79.3% probability).

Early Warning:
Project requires closer monitoring."
618139,1,LOW,LOW,MEDIUM,1,"Overall Risk: LOW

Reasons:
* Low progress near planned completion. 164.5% of original time elapsed, but only 43.5% physical progress.

Early Warning:
Project requires closer monitoring due to potential stalled progress near deadline."
618150,0,LOW,LOW,LOW,1,"Overall Risk: LOW

Reasons:
* Low progress near planned completion. 116.7% of original time elapsed, but only 15.0% physical progress.

Early Warning:
Project requires closer monitoring due to potential stalled progress near deadline."
618152,2,MEDIUM,LOW,HIGH,1,"Overall Risk: MEDIUM

Reasons:
* High predicted schedule risk (87.4% probability).

Early Warning:
Project requires closer monitoring."
618153,2,MEDIUM,LOW,HIGH,1,"Overall Risk: MEDIUM

Reasons:
* High predicted schedule risk (88.1% probability).

Early Warning:
Project requires closer monitoring."
618155,2,MEDIUM,LOW,HIGH,1,"Overall Risk: MEDIUM

Reasons:
* High predicted schedule risk (75.5% probability).

Early Warning:
Project requires closer monitoring."
618172,2,MEDIUM,LOW,HIGH,1,"Overall Risk: MEDIUM

Reasons:
* High predicted schedule risk (80.0% probability).

Early Warning:
Project requires closer monitoring."
618173,2,MEDIUM,LOW,HIGH,1,"Overall Risk: MEDIUM

Reasons:
* High predicted schedule risk (80.8% probability).

Early Warning:
Project requires closer monitoring."
618174,2,MEDIUM,LOW,HIGH,1,"Overall Risk: MEDIUM

Reasons:
* High predicted schedule risk (89.2% probability).

Early Warning:
Project requires closer monitoring."
618177,2,MEDIUM,LOW,HIGH,1,"Overall Risk: MEDIUM

Reasons:
* High predicted schedule risk (87.2% probability).

Early Warning:
Project requires closer monitoring."
618178,2,MEDIUM,LOW,HIGH,1,"Overall Risk: MEDIUM

Reasons:
* High predicted schedule risk (72.4% probability).

Early Warning:
Project requires closer monitoring."
618180,2,MEDIUM,LOW,HIGH,1,"Overall Risk: MEDIUM

Reasons:
* High predicted schedule risk (84.1% probability).

Early Warning:
Project requires closer monitoring."
618188,2,MEDIUM,LOW,HIGH,1,"Overall Risk: MEDIUM

Reasons:
* High predicted schedule risk (89.3% probability).

Early Warning:
Project requires closer monitoring."
618198,2,MEDIUM,LOW,HIGH,1,"Overall Risk: MEDIUM

Reasons:
* High predicted schedule risk (86.2% probability).

Early Warning:
Project requires closer monitoring."
618469,3,HIGH,MEDIUM,HIGH,1,"Overall Risk: HIGH

Reasons:
* High predicted schedule risk (93.0% probability).

Early Warning:
Project requires closer monitoring."
618470,3,HIGH,MEDIUM,HIGH,1,"Overall Risk: HIGH

Reasons:
* High predicted schedule risk (92.8% probability).

Early Warning:
Project requires closer monitoring."
618471,4,HIGH,HIGH,HIGH,2,"Overall Risk: HIGH

Reasons:
* High predicted cost risk (71.0% probability).
* High predicted schedule risk (91.4% probability).

Early Warning:
Project requires closer monitoring."
618472,3,HIGH,MEDIUM,HIGH,1,"Overall Risk: HIGH

Reasons:
* High predicted schedule risk (91.0% probability).

Early Warning:
Project requires closer monitoring."
618473,3,HIGH,MEDIUM,HIGH,1,"Overall Risk: HIGH

Reasons:
* High predicted schedule risk (90.7% probability).

Early Warning:
Project requires closer monitoring."
618512,2,MEDIUM,LOW,HIGH,1,"Overall Risk: MEDIUM

Reasons:
* High predicted schedule risk (90.8% probability).

Early Warning:
Project requires closer monitoring."
618514,4,HIGH,HIGH,HIGH,2,"Overall Risk: HIGH

Reasons:
* High predicted cost risk (71.0% probability).
* High predicted schedule risk (89.6% probability).

Early Warning:
Project requires closer monitoring."
618557,2,MEDIUM,LOW,HIGH,1,"Overall Risk: MEDIUM

Reasons:
* High predicted schedule risk (88.8% probability).

Early Warning:
Project requires closer monitoring."
618585,1,LOW,LOW,MEDIUM,1,"Overall Risk: LOW

Reasons:
* Low progress near planned completion. 96.6% of original time elapsed, but only 40.5% physical progress.

Early Warning:
Project requires closer monitoring due to potential stalled progress near deadline."
618586,2,MEDIUM,LOW,HIGH,1,"Overall Risk: MEDIUM

Reasons:
* High predicted schedule risk (85.6% probability).

Early Warning:
Project requires closer monitoring."
618588,2,MEDIUM,LOW,HIGH,1,"Overall Risk: MEDIUM

Reasons:
* High predicted schedule risk (93.9% probability).

Early Warning:
Project requires closer monitoring."
618594,2,MEDIUM,LOW,HIGH,1,"Overall Risk: MEDIUM

Reasons:
* High predicted schedule risk (93.6% probability).

Early Warning:
Project requires closer monitoring."
618626,2,MEDIUM,LOW,HIGH,1,"Overall Risk: MEDIUM

Reasons:
* High predicted schedule risk (81.0% probability).

Early Warning:
Project requires closer monitoring."
618627,1,LOW,LOW,MEDIUM,1,"Overall Risk: LOW

Reasons:
* Low progress near planned completion. 99.5% of original time elapsed, but only 33.4% physical progress.

Early Warning:
Project requires closer monitoring due to potential stalled progress near deadline."
618628,3,HIGH,LOW,HIGH,1,"Overall Risk: HIGH

Reasons:
* High predicted schedule risk (81.3% probability).

Early Warning:
Project requires closer monitoring."
618653,3,HIGH,MEDIUM,HIGH,1,"Overall Risk: HIGH

Reasons:
* High predicted schedule risk (93.4% probability).

Early Warning:
Project requires closer monitoring."
618693,2,MEDIUM,LOW,HIGH,1,"Overall Risk: MEDIUM

Reasons:
* High predicted schedule risk (93.2% probability).

Early Warning:
Project requires closer monitoring."
618766,1,LOW,LOW,MEDIUM,1,"Overall Risk: LOW

Reasons:
* Low progress near planned completion. 87.4% of original time elapsed, but only 48.5% physical progress.

Early Warning:
Project requires closer monitoring due to potential stalled progress near deadline."
618836,2,MEDIUM,LOW,HIGH,1,"Overall Risk: MEDIUM

Reasons:
* High predicted schedule risk (87.5% probability).

Early Warning:
Project requires closer monitoring."
618837,2,MEDIUM,LOW,HIGH,1,"Overall Risk: MEDIUM

Reasons:
* High predicted schedule risk (80.4% probability).

Early Warning:
Project requires closer monitoring."
618937,3,HIGH,MEDIUM,HIGH,1,"Overall Risk: HIGH

Reasons:
* High predicted schedule risk (88.2% probability).

Early Warning:
Project requires closer monitoring."
619042,2,MEDIUM,LOW,HIGH,1,"Overall Risk: MEDIUM

Reasons:
* High predicted schedule risk (80.8% probability).

Early Warning:
Project requires closer monitoring."
619043,0,LOW,LOW,LOW,1,"Overall Risk: LOW

Reasons:
* Low progress near planned completion. 115.8% of original time elapsed, but only 5.1% physical progress.

Early Warning:
Project requires closer monitoring due to potential stalled progress near deadline."
619069,2,MEDIUM,LOW,HIGH,1,"Overall Risk: MEDIUM

Reasons:
* High predicted schedule risk (93.8% probability).

Early Warning:
Project requires closer monitoring."
619095,2,MEDIUM,LOW,HIGH,1,"Overall Risk: MEDIUM

Reasons:
* High predicted schedule risk (93.1% probability).

Early Warning:
Project requires closer monitoring."
619149,3,HIGH,MEDIUM,HIGH,1,"Overall Risk: HIGH

Reasons:
* High predicted schedule risk (93.3% probability).

Early Warning:
Project requires closer monitoring."
619163,3,HIGH,MEDIUM,HIGH,1,"Overall Risk: HIGH

Reasons:
* High predicted schedule risk (89.7% probability).

Early Warning:
Project requires closer monitoring."
619198,3,HIGH,MEDIUM,HIGH,1,"Overall Risk: HIGH

Reasons:
* High predicted schedule risk (93.7% probability).

Early Warning:
Project requires closer monitoring."
619203,3,HIGH,MEDIUM,HIGH,1,"Overall Risk: HIGH

Reasons:
* High predicted schedule risk (89.6% probability).

Early Warning:
Project requires closer monitoring."
619210,2,MEDIUM,LOW,HIGH,1,"Overall Risk: MEDIUM

Reasons:
* High predicted schedule risk (93.5% probability).

Early Warning:
Project requires closer monitoring."
618298,4,HIGH,LOW,HIGH,2,"Overall Risk: HIGH

Reasons:
* High predicted schedule risk (97.3% probability).
* Significant expenditure-progress mismatch. Expenditure is 128.6% but physical progress is only 94.7% (Gap: 33.9%).

Early Warning:
Project requires closer monitoring due to financial/physical progress divergence."
618299,2,MEDIUM,LOW,HIGH,1,"Overall Risk: MEDIUM

Reasons:
* High predicted schedule risk (94.4% probability).

Early Warning:
Project requires closer monitoring."
618300,2,MEDIUM,LOW,HIGH,1,"Overall Risk: MEDIUM

Reasons:
* High predicted schedule risk (96.9% probability).

Early Warning:
Project requires closer monitoring."
618301,2,MEDIUM,LOW,HIGH,2,"Overall Risk: MEDIUM

Reasons:
* High predicted schedule risk (83.9% probability).
* Low progress near planned completion. 389.9% of original time elapsed, but only 48.4% physical progress.

Early Warning:
Project requires closer monitoring due to potential stalled progress near deadline."
618302,2,MEDIUM,LOW,HIGH,1,"Overall Risk: MEDIUM

Reasons:
* High predicted schedule risk (97.6% probability).

Early Warning:
Project requires closer monitoring."
618303,2,MEDIUM,LOW,HIGH,1,"Overall Risk: MEDIUM

Reasons:
* High predicted schedule risk (96.5% probability).

Early Warning:
Project requires closer monitoring."
618304,3,HIGH,LOW,MEDIUM,2,"Overall Risk: HIGH

Reasons:
* Significant expenditure-progress mismatch. Expenditure is 78.2% but physical progress is only 28.1% (Gap: 50.1%).
* Low progress near planned completion. 222.7% of original time elapsed, but only 28.1% physical progress.

Early Warning:
Project requires closer monitoring due to financial/physical progress divergence."
618305,1,LOW,LOW,MEDIUM,1,"Overall Risk: LOW

Reasons:
* Low progress near planned completion. 166.8% of original time elapsed, but only 26.2% physical progress.

Early Warning:
Project requires closer monitoring due to potential stalled progress near deadline."
618306,2,MEDIUM,LOW,MEDIUM,1,"Overall Risk: MEDIUM

Reasons:
* Low progress near planned completion. 182.1% of original time elapsed, but only 14.5% physical progress.

Early Warning:
Project requires closer monitoring due to potential stalled progress near deadline."
618333,2,MEDIUM,LOW,HIGH,1,"Overall Risk: MEDIUM

Reasons:
* High predicted schedule risk (97.0% probability).

Early Warning:
Project requires closer monitoring."
618334,2,MEDIUM,LOW,HIGH,1,"Overall Risk: MEDIUM

Reasons:
* High predicted schedule risk (97.3% probability).

Early Warning:
Project requires closer monitoring."
618335,2,MEDIUM,LOW,HIGH,1,"Overall Risk: MEDIUM

Reasons:
* High predicted schedule risk (96.8% probability).

Early Warning:
Project requires closer monitoring."
618336,2,MEDIUM,LOW,HIGH,1,"Overall Risk: MEDIUM

Reasons:
* High predicted schedule risk (96.1% probability).

Early Warning:
Project requires closer monitoring."
618337,4,HIGH,LOW,HIGH,2,"Overall Risk: HIGH

Reasons:
* High predicted schedule risk (96.3% probability).
* Significant expenditure-progress mismatch. Expenditure is 127.1% but physical progress is only 86.3% (Gap: 40.8%).

Early Warning:
Project requires closer monitoring due to financial/physical progress divergence."
618338,2,MEDIUM,LOW,HIGH,1,"Overall Risk: MEDIUM

Reasons:
* High predicted schedule risk (97.1% probability).

Early Warning:
Project requires closer monitoring."
618344,2,MEDIUM,LOW,HIGH,1,"Overall Risk: MEDIUM

Reasons:
* High predicted schedule risk (96.1% probability).

Early Warning:
Project requires closer monitoring."
618345,2,MEDIUM,LOW,HIGH,1,"Overall Risk: MEDIUM

Reasons:
* High predicted schedule risk (96.4% probability).

Early Warning:
Project requires closer monitoring."
618346,2,MEDIUM,LOW,HIGH,1,"Overall Risk: MEDIUM

Reasons:
* High predicted schedule risk (97.8% probability).

Early Warning:
Project requires closer monitoring."
618347,2,MEDIUM,LOW,HIGH,1,"Overall Risk: MEDIUM

Reasons:
* High predicted schedule risk (97.8% probability).

Early Warning:
Project requires closer monitoring."
618348,3,HIGH,LOW,MEDIUM,2,"Overall Risk: HIGH

Reasons:
* Significant expenditure-progress mismatch. Expenditure is 55.1% but physical progress is only 9.2% (Gap: 45.9%).
* Low progress near planned completion. 608.5% of original time elapsed, but only 9.2% physical progress.

Early Warning:
Project requires closer monitoring due to financial/physical progress divergence."
618349,2,MEDIUM,LOW,MEDIUM,2,"Overall Risk: MEDIUM

Reasons:
* Significant expenditure-progress mismatch. Expenditure is 55.1% but physical progress is only 25.9% (Gap: 29.1%).
* Low progress near planned completion. 625.2% of original time elapsed, but only 25.9% physical progress.

Early Warning:
Project requires closer monitoring due to financial/physical progress divergence."
618355,2,MEDIUM,LOW,HIGH,1,"Overall Risk: MEDIUM

Reasons:
* High predicted schedule risk (97.3% probability).

Early Warning:
Project requires closer monitoring."
618356,2,MEDIUM,LOW,HIGH,1,"Overall Risk: MEDIUM

Reasons:
* High predicted schedule risk (97.7% probability).

Early Warning:
Project requires closer monitoring."
618357,2,MEDIUM,LOW,HIGH,1,"Overall Risk: MEDIUM

Reasons:
* High predicted schedule risk (95.9% probability).

Early Warning:
Project requires closer monitoring."
618358,2,MEDIUM,LOW,HIGH,1,"Overall Risk: MEDIUM

Reasons:
* High predicted schedule risk (96.2% probability).

Early Warning:
Project requires closer monitoring."
618387,2,MEDIUM,LOW,HIGH,1,"Overall Risk: MEDIUM

Reasons:
* High predicted schedule risk (95.0% probability).

Early Warning:
Project requires closer monitoring."
618388,2,MEDIUM,LOW,HIGH,1,"Overall Risk: MEDIUM

Reasons:
* High predicted schedule risk (97.2% probability).

Early Warning:
Project requires closer monitoring."
618389,2,MEDIUM,LOW,HIGH,1,"Overall Risk: MEDIUM

Reasons:
* High predicted schedule risk (97.5% probability).

Early Warning:
Project requires closer monitoring."
618415,2,MEDIUM,LOW,HIGH,1,"Overall Risk: MEDIUM

Reasons:
* High predicted schedule risk (97.8% probability).

Early Warning:
Project requires closer monitoring."
618416,2,MEDIUM,LOW,HIGH,1,"Overall Risk: MEDIUM

Reasons:
* High predicted schedule risk (94.1% probability).

Early Warning:
Project requires closer monitoring."
617885,2,MEDIUM,LOW,HIGH,1,"Overall Risk: MEDIUM

Reasons:
* High predicted schedule risk (86.5% probability).

Early Warning:
Project requires closer monitoring."
618076,0,LOW,LOW,LOW,1,"Overall Risk: LOW

Reasons:
* Low progress near planned completion. 129.2% of original time elapsed, but only 4.5% physical progress.

Early Warning:
Project requires closer monitoring due to potential stalled progress near deadline."
618294,0,LOW,LOW,LOW,1,"Overall Risk: LOW

Reasons:
* Low progress near planned completion. 166.8% of original time elapsed, but only 26.8% physical progress.

Early Warning:
Project requires closer monitoring due to potential stalled progress near deadline."
618295,0,LOW,LOW,LOW,1,"Overall Risk: LOW

Reasons:
* Low progress near planned completion. 166.8% of original time elapsed, but only 46.4% physical progress.

Early Warning:
Project requires closer monitoring due to potential stalled progress near deadline."
618374,1,LOW,LOW,LOW,1,"Overall Risk: LOW

Reasons:
* Low progress near planned completion. 239.7% of original time elapsed, but only 42.9% physical progress.

Early Warning:
Project requires closer monitoring due to potential stalled progress near deadline."
618377,2,MEDIUM,LOW,HIGH,1,"Overall Risk: MEDIUM

Reasons:
* High predicted schedule risk (85.8% probability).

Early Warning:
Project requires closer monitoring."
618418,2,MEDIUM,LOW,HIGH,1,"Overall Risk: MEDIUM

Reasons:
* High predicted schedule risk (75.1% probability).

Early Warning:
Project requires closer monitoring."
618316,2,MEDIUM,LOW,LOW,2,"Overall Risk: MEDIUM

Reasons:
* Significant expenditure-progress mismatch. Expenditure is 48.4% but physical progress is only 17.9% (Gap: 30.6%).
* Low progress near planned completion. 304.7% of original time elapsed, but only 17.9% physical progress.

Early Warning:
Project requires closer monitoring due to financial/physical progress divergence."
618317,1,LOW,LOW,LOW,2,"Overall Risk: LOW

Reasons:
* Significant expenditure-progress mismatch. Expenditure is 39.9% but physical progress is only 17.1% (Gap: 22.7%).
* Low progress near planned completion. 304.7% of original time elapsed, but only 17.1% physical progress.

Early Warning:
Project requires closer monitoring due to financial/physical progress divergence."
618318,1,LOW,LOW,LOW,2,"Overall Risk: LOW

Reasons:
* Significant expenditure-progress mismatch. Expenditure is 36.1% but physical progress is only 11.9% (Gap: 24.2%).
* Low progress near planned completion. 233.3% of original time elapsed, but only 11.9% physical progress.

Early Warning:
Project requires closer monitoring due to financial/physical progress divergence."
618319,1,LOW,LOW,LOW,2,"Overall Risk: LOW

Reasons:
* Significant expenditure-progress mismatch. Expenditure is 31.8% but physical progress is only 6.7% (Gap: 25.1%).
* Low progress near planned completion. 304.7% of original time elapsed, but only 6.7% physical progress.

Early Warning:
Project requires closer monitoring due to financial/physical progress divergence."
618320,0,LOW,LOW,LOW,1,"Overall Risk: LOW

Reasons:
* Low progress near planned completion. 80.4% of original time elapsed, but only 18.9% physical progress.

Early Warning:
Project requires closer monitoring due to potential stalled progress near deadline."
618321,1,LOW,LOW,LOW,1,"Overall Risk: LOW

Reasons:
* Low progress near planned completion. 80.4% of original time elapsed, but only 13.9% physical progress.

Early Warning:
Project requires closer monitoring due to potential stalled progress near deadline."
618323,0,LOW,LOW,LOW,1,"Overall Risk: LOW

Reasons:
* Low progress near planned completion. 83.2% of original time elapsed, but only 0.0% physical progress.

Early Warning:
Project requires closer monitoring due to potential stalled progress near deadline."
618324,0,LOW,LOW,LOW,1,"Overall Risk: LOW

Reasons:
* Low progress near planned completion. 110.6% of original time elapsed, but only 15.1% physical progress.

Early Warning:
Project requires closer monitoring due to potential stalled progress near deadline."
618362,2,MEDIUM,LOW,HIGH,1,"Overall Risk: MEDIUM

Reasons:
* High predicted schedule risk (76.0% probability).

Early Warning:
Project requires closer monitoring."
618363,2,MEDIUM,LOW,HIGH,1,"Overall Risk: MEDIUM

Reasons:
* High predicted schedule risk (73.1% probability).

Early Warning:
Project requires closer monitoring."
618379,2,MEDIUM,LOW,HIGH,1,"Overall Risk: MEDIUM

Reasons:
* High predicted schedule risk (91.4% probability).

Early Warning:
Project requires closer monitoring."
618380,2,MEDIUM,LOW,HIGH,1,"Overall Risk: MEDIUM

Reasons:
* High predicted schedule risk (92.3% probability).

Early Warning:
Project requires closer monitoring."
618383,2,MEDIUM,LOW,HIGH,1,"Overall Risk: MEDIUM

Reasons:
* High predicted schedule risk (93.1% probability).

Early Warning:
Project requires closer monitoring."
618452,0,LOW,LOW,LOW,1,"Overall Risk: LOW

Reasons:
* Low progress near planned completion. 170.7% of original time elapsed, but only 4.7% physical progress.

Early Warning:
Project requires closer monitoring due to potential stalled progress near deadline."
619010,2,MEDIUM,LOW,HIGH,1,"Overall Risk: MEDIUM

Reasons:
* High predicted schedule risk (93.0% probability).

Early Warning:
Project requires closer monitoring."
619199,2,MEDIUM,LOW,HIGH,1,"Overall Risk: MEDIUM

Reasons:
* High predicted schedule risk (97.0% probability).

Early Warning:
Project requires closer monitoring."
618681,3,HIGH,MEDIUM,HIGH,1,"Overall Risk: HIGH

Reasons:
* High predicted schedule risk (96.6% probability).

Early Warning:
Project requires closer monitoring."
618477,2,MEDIUM,LOW,HIGH,1,"Overall Risk: MEDIUM

Reasons:
* High predicted schedule risk (97.9% probability).

Early Warning:
Project requires closer monitoring."
618634,2,MEDIUM,LOW,HIGH,1,"Overall Risk: MEDIUM

Reasons:
* High predicted schedule risk (97.9% probability).

Early Warning:
Project requires closer monitoring."
618772,3,HIGH,MEDIUM,HIGH,1,"Overall Risk: HIGH

Reasons:
* High predicted schedule risk (98.0% probability).

Early Warning:
Project requires closer monitoring."
619077,3,HIGH,MEDIUM,HIGH,1,"Overall Risk: HIGH

Reasons:
* High predicted schedule risk (98.1% probability).

Early Warning:
Project requires closer monitoring."
618747,3,HIGH,MEDIUM,HIGH,1,"Overall Risk: HIGH

Reasons:
* High predicted schedule risk (97.9% probability).

Early Warning:
Project requires closer monitoring."
618818,2,MEDIUM,MEDIUM,MEDIUM,1,"Overall Risk: MEDIUM

Reasons:
* Low progress near planned completion. 211.1% of original time elapsed, but only 5.8% physical progress.

Early Warning:
Project requires closer monitoring due to potential stalled progress near deadline."
619143,2,MEDIUM,MEDIUM,MEDIUM,1,"Overall Risk: MEDIUM

Reasons:
* Low progress near planned completion. 166.8% of original time elapsed, but only 25.8% physical progress.

Early Warning:
Project requires closer monitoring due to potential stalled progress near deadline."
619212,3,HIGH,MEDIUM,HIGH,1,"Overall Risk: HIGH

Reasons:
* High predicted schedule risk (93.4% probability).

Early Warning:
Project requires closer monitoring."
618359,2,MEDIUM,LOW,HIGH,1,"Overall Risk: MEDIUM

Reasons:
* High predicted schedule risk (88.7% probability).

Early Warning:
Project requires closer monitoring."
618531,1,LOW,LOW,MEDIUM,1,"Overall Risk: LOW

Reasons:
* Low progress near planned completion. 270.7% of original time elapsed, but only 37.9% physical progress.

Early Warning:
Project requires closer monitoring due to potential stalled progress near deadline."
618724,2,MEDIUM,MEDIUM,MEDIUM,1,"Overall Risk: MEDIUM

Reasons:
* Low progress near planned completion. 174.0% of original time elapsed, but only 28.2% physical progress.

Early Warning:
Project requires closer monitoring due to potential stalled progress near deadline."
618732,0,LOW,LOW,LOW,1,"Overall Risk: LOW

Reasons:
* Low progress near planned completion. 166.6% of original time elapsed, but only 3.9% physical progress.

Early Warning:
Project requires closer monitoring due to potential stalled progress near deadline."
618951,3,HIGH,MEDIUM,HIGH,1,"Overall Risk: HIGH

Reasons:
* High predicted schedule risk (92.5% probability).

Early Warning:
Project requires closer monitoring."
618952,4,HIGH,MEDIUM,HIGH,1,"Overall Risk: HIGH

Reasons:
* High predicted schedule risk (91.6% probability).

Early Warning:
Project requires closer monitoring."
619078,2,MEDIUM,LOW,HIGH,1,"Overall Risk: MEDIUM

Reasons:
* High predicted schedule risk (87.6% probability).

Early Warning:
Project requires closer monitoring."
619307,3,HIGH,MEDIUM,HIGH,1,"Overall Risk: HIGH

Reasons:
* High predicted schedule risk (92.8% probability).

Early Warning:
Project requires closer monitoring."
618530,2,MEDIUM,LOW,HIGH,1,"Overall Risk: MEDIUM

Reasons:
* High predicted schedule risk (96.9% probability).

Early Warning:
Project requires closer monitoring."
618728,3,HIGH,MEDIUM,HIGH,2,"Overall Risk: HIGH

Reasons:
* High predicted schedule risk (76.7% probability).
* Low progress near planned completion. 166.8% of original time elapsed, but only 47.6% physical progress.

Early Warning:
Project requires closer monitoring due to potential stalled progress near deadline."
618882,1,LOW,LOW,MEDIUM,1,"Overall Risk: LOW

Reasons:
* Low progress near planned completion. 93.2% of original time elapsed, but only 22.3% physical progress.

Early Warning:
Project requires closer monitoring due to potential stalled progress near deadline."
619154,2,MEDIUM,LOW,HIGH,1,"Overall Risk: MEDIUM

Reasons:
* High predicted schedule risk (94.4% probability).

Early Warning:
Project requires closer monitoring."
619064,3,HIGH,MEDIUM,HIGH,2,"Overall Risk: HIGH

Reasons:
* High predicted schedule risk (71.9% probability).
* Low progress near planned completion. 287.1% of original time elapsed, but only 36.2% physical progress.

Early Warning:
Project requires closer monitoring due to potential stalled progress near deadline."
618942,2,MEDIUM,LOW,HIGH,1,"Overall Risk: MEDIUM

Reasons:
* High predicted schedule risk (94.4% probability).

Early Warning:
Project requires closer monitoring."
618637,2,MEDIUM,LOW,HIGH,1,"Overall Risk: MEDIUM

Reasons:
* High predicted schedule risk (96.5% probability).

Early Warning:
Project requires closer monitoring."
618486,2,MEDIUM,LOW,HIGH,1,"Overall Risk: MEDIUM

Reasons:
* High predicted schedule risk (97.1% probability).

Early Warning:
Project requires closer monitoring."
619093,2,MEDIUM,LOW,HIGH,1,"Overall Risk: MEDIUM

Reasons:
* High predicted schedule risk (92.7% probability).

Early Warning:
Project requires closer monitoring."
619134,3,HIGH,MEDIUM,HIGH,1,"Overall Risk: HIGH

Reasons:
* High predicted schedule risk (95.8% probability).

Early Warning:
Project requires closer monitoring."
619216,3,HIGH,MEDIUM,HIGH,1,"Overall Risk: HIGH

Reasons:
* High predicted schedule risk (93.8% probability).

Early Warning:
Project requires closer monitoring."
618505,2,MEDIUM,LOW,HIGH,1,"Overall Risk: MEDIUM

Reasons:
* High predicted schedule risk (96.3% probability).

Early Warning:
Project requires closer monitoring."
618691,1,LOW,LOW,MEDIUM,1,"Overall Risk: LOW

Reasons:
* Low progress near planned completion. 116.7% of original time elapsed, but only 17.2% physical progress.

Early Warning:
Project requires closer monitoring due to potential stalled progress near deadline."
618723,2,MEDIUM,LOW,HIGH,1,"Overall Risk: MEDIUM

Reasons:
* High predicted schedule risk (91.7% probability).

Early Warning:
Project requires closer monitoring."
619068,2,MEDIUM,LOW,HIGH,1,"Overall Risk: MEDIUM

Reasons:
* High predicted schedule risk (89.3% probability).

Early Warning:
Project requires closer monitoring."
618907,2,MEDIUM,LOW,MEDIUM,2,"Overall Risk: MEDIUM

Reasons:
* Significant expenditure-progress mismatch. Expenditure is 53.5% but physical progress is only 26.4% (Gap: 27.1%).
* Low progress near planned completion. 166.8% of original time elapsed, but only 26.4% physical progress.

Early Warning:
Project requires closer monitoring due to financial/physical progress divergence."
619066,3,HIGH,MEDIUM,HIGH,1,"Overall Risk: HIGH

Reasons:
* High predicted schedule risk (94.6% probability).

Early Warning:
Project requires closer monitoring."
618533,3,HIGH,MEDIUM,HIGH,1,"Overall Risk: HIGH

Reasons:
* High predicted schedule risk (95.0% probability).

Early Warning:
Project requires closer monitoring."
618734,2,MEDIUM,MEDIUM,MEDIUM,1,"Overall Risk: MEDIUM

Reasons:
* Low progress near planned completion. 166.8% of original time elapsed, but only 24.8% physical progress.

Early Warning:
Project requires closer monitoring due to potential stalled progress near deadline."
618909,2,MEDIUM,LOW,HIGH,1,"Overall Risk: MEDIUM

Reasons:
* High predicted schedule risk (94.4% probability).

Early Warning:
Project requires closer monitoring."
619205,2,MEDIUM,LOW,HIGH,1,"Overall Risk: MEDIUM

Reasons:
* High predicted schedule risk (96.9% probability).

Early Warning:
Project requires closer monitoring."
618516,3,HIGH,LOW,HIGH,2,"Overall Risk: HIGH

Reasons:
* High predicted schedule risk (93.3% probability).
* Significant expenditure-progress mismatch. Expenditure is 111.0% but physical progress is only 85.3% (Gap: 25.7%).

Early Warning:
Project requires closer monitoring due to financial/physical progress divergence."
618636,2,MEDIUM,LOW,HIGH,1,"Overall Risk: MEDIUM

Reasons:
* High predicted schedule risk (80.1% probability).

Early Warning:
Project requires closer monitoring."
618519,2,MEDIUM,LOW,HIGH,1,"Overall Risk: MEDIUM

Reasons:
* High predicted schedule risk (96.4% probability).

Early Warning:
Project requires closer monitoring."
618581,2,MEDIUM,LOW,HIGH,1,"Overall Risk: MEDIUM

Reasons:
* High predicted schedule risk (93.9% probability).

Early Warning:
Project requires closer monitoring."
618631,2,MEDIUM,LOW,HIGH,1,"Overall Risk: MEDIUM

Reasons:
* High predicted schedule risk (96.8% probability).

Early Warning:
Project requires closer monitoring."
618632,2,MEDIUM,LOW,HIGH,1,"Overall Risk: MEDIUM

Reasons:
* High predicted schedule risk (96.0% probability).

Early Warning:
Project requires closer monitoring."
619097,2,MEDIUM,LOW,HIGH,1,"Overall Risk: MEDIUM

Reasons:
* High predicted schedule risk (97.1% probability).

Early Warning:
Project requires closer monitoring."
619101,2,MEDIUM,LOW,HIGH,1,"Overall Risk: MEDIUM

Reasons:
* High predicted schedule risk (89.8% probability).

Early Warning:
Project requires closer monitoring."
618556,2,MEDIUM,LOW,HIGH,1,"Overall Risk: MEDIUM

Reasons:
* High predicted schedule risk (93.7% probability).

Early Warning:
Project requires closer monitoring."
618668,1,LOW,LOW,MEDIUM,1,"Overall Risk: LOW

Reasons:
* Low progress near planned completion. 87.4% of original time elapsed, but only 49.2% physical progress.

Early Warning:
Project requires closer monitoring due to potential stalled progress near deadline."
618941,2,MEDIUM,LOW,HIGH,1,"Overall Risk: MEDIUM

Reasons:
* High predicted schedule risk (92.9% probability).

Early Warning:
Project requires closer monitoring."
618844,2,MEDIUM,LOW,HIGH,1,"Overall Risk: MEDIUM

Reasons:
* High predicted schedule risk (96.7% probability).

Early Warning:
Project requires closer monitoring."
618845,2,MEDIUM,LOW,HIGH,1,"Overall Risk: MEDIUM

Reasons:
* High predicted schedule risk (96.7% probability).

Early Warning:
Project requires closer monitoring."
618847,2,MEDIUM,LOW,HIGH,1,"Overall Risk: MEDIUM

Reasons:
* High predicted schedule risk (94.5% probability).

Early Warning:
Project requires closer monitoring."
618711,2,MEDIUM,LOW,HIGH,1,"Overall Risk: MEDIUM

Reasons:
* High predicted schedule risk (96.3% probability).

Early Warning:
Project requires closer monitoring."
618783,2,MEDIUM,LOW,HIGH,2,"Overall Risk: MEDIUM

Reasons:
* High predicted schedule risk (72.0% probability).
* Low progress near planned completion. 174.9% of original time elapsed, but only 44.4% physical progress.

Early Warning:
Project requires closer monitoring due to potential stalled progress near deadline."
618886,3,HIGH,LOW,MEDIUM,1,"Overall Risk: HIGH

Reasons:
* Significant expenditure-progress mismatch. Expenditure is 42080.0% but physical progress is only 22.6% (Gap: 42057.4%).

Early Warning:
Project requires closer monitoring due to financial/physical progress divergence."
618928,2,MEDIUM,LOW,HIGH,1,"Overall Risk: MEDIUM

Reasons:
* High predicted schedule risk (79.7% probability).

Early Warning:
Project requires closer monitoring."
618969,2,MEDIUM,LOW,HIGH,1,"Overall Risk: MEDIUM

Reasons:
* High predicted schedule risk (95.3% probability).

Early Warning:
Project requires closer monitoring."
619217,2,MEDIUM,LOW,HIGH,1,"Overall Risk: MEDIUM

Reasons:
* High predicted schedule risk (96.6% probability).

Early Warning:
Project requires closer monitoring."
617886,1,LOW,LOW,MEDIUM,1,"Overall Risk: LOW

Reasons:
* Low progress near planned completion. 304.2% of original time elapsed, but only 44.5% physical progress.

Early Warning:
Project requires closer monitoring due to potential stalled progress near deadline."
618072,2,MEDIUM,LOW,HIGH,1,"Overall Risk: MEDIUM

Reasons:
* High predicted schedule risk (88.8% probability).

Early Warning:
Project requires closer monitoring."
618290,1,LOW,LOW,MEDIUM,1,"Overall Risk: LOW

Reasons:
* Low progress near planned completion. 400.5% of original time elapsed, but only 46.8% physical progress.

Early Warning:
Project requires closer monitoring due to potential stalled progress near deadline."
618291,0,LOW,LOW,LOW,1,"Overall Risk: LOW

Reasons:
* Low progress near planned completion. 299.7% of original time elapsed, but only 39.5% physical progress.

Early Warning:
Project requires closer monitoring due to potential stalled progress near deadline."
618293,0,LOW,LOW,LOW,1,"Overall Risk: LOW

Reasons:
* Low progress near planned completion. 199.9% of original time elapsed, but only 27.2% physical progress.

Early Warning:
Project requires closer monitoring due to potential stalled progress near deadline."
618296,2,MEDIUM,LOW,HIGH,1,"Overall Risk: MEDIUM

Reasons:
* High predicted schedule risk (87.4% probability).

Early Warning:
Project requires closer monitoring."
618297,1,LOW,LOW,MEDIUM,1,"Overall Risk: LOW

Reasons:
* Low progress near planned completion. 316.4% of original time elapsed, but only 43.1% physical progress.

Early Warning:
Project requires closer monitoring due to potential stalled progress near deadline."
618328,2,MEDIUM,LOW,HIGH,1,"Overall Risk: MEDIUM

Reasons:
* High predicted schedule risk (79.6% probability).

Early Warning:
Project requires closer monitoring."
618364,2,MEDIUM,LOW,HIGH,1,"Overall Risk: MEDIUM

Reasons:
* High predicted schedule risk (80.6% probability).

Early Warning:
Project requires closer monitoring."
618365,2,MEDIUM,LOW,HIGH,1,"Overall Risk: MEDIUM

Reasons:
* High predicted schedule risk (79.7% probability).

Early Warning:
Project requires closer monitoring."
618413,2,MEDIUM,LOW,HIGH,1,"Overall Risk: MEDIUM

Reasons:
* High predicted schedule risk (86.0% probability).

Early Warning:
Project requires closer monitoring."
618414,2,MEDIUM,LOW,HIGH,1,"Overall Risk: MEDIUM

Reasons:
* High predicted schedule risk (86.4% probability).

Early Warning:
Project requires closer monitoring."
618422,2,MEDIUM,LOW,HIGH,1,"Overall Risk: MEDIUM

Reasons:
* High predicted schedule risk (87.9% probability).

Early Warning:
Project requires closer monitoring."
618423,2,MEDIUM,LOW,HIGH,1,"Overall Risk: MEDIUM

Reasons:
* High predicted schedule risk (88.1% probability).

Early Warning:
Project requires closer monitoring."
619059,2,MEDIUM,LOW,HIGH,1,"Overall Risk: MEDIUM

Reasons:
* High predicted schedule risk (75.4% probability).

Early Warning:
Project requires closer monitoring."
617898,0,LOW,LOW,LOW,1,"Overall Risk: LOW

Reasons:
* Low progress near planned completion. 133.4% of original time elapsed, but only 0.0% physical progress.

Early Warning:
Project requires closer monitoring due to potential stalled progress near deadline."
617899,2,MEDIUM,LOW,HIGH,1,"Overall Risk: MEDIUM

Reasons:
* High predicted schedule risk (72.1% probability).

Early Warning:
Project requires closer monitoring."
617902,1,LOW,LOW,MEDIUM,1,"Overall Risk: LOW

Reasons:
* Low progress near planned completion. 166.8% of original time elapsed, but only 38.0% physical progress.

Early Warning:
Project requires closer monitoring due to potential stalled progress near deadline."
617904,2,MEDIUM,LOW,HIGH,1,"Overall Risk: MEDIUM

Reasons:
* High predicted schedule risk (71.2% probability).

Early Warning:
Project requires closer monitoring."
617905,2,MEDIUM,LOW,HIGH,1,"Overall Risk: MEDIUM

Reasons:
* High predicted schedule risk (86.5% probability).

Early Warning:
Project requires closer monitoring."
617918,0,LOW,LOW,LOW,1,"Overall Risk: LOW

Reasons:
* Low progress near planned completion. 222.3% of original time elapsed, but only 0.0% physical progress.

Early Warning:
Project requires closer monitoring due to potential stalled progress near deadline."
617920,0,LOW,LOW,LOW,1,"Overall Risk: LOW

Reasons:
* Low progress near planned completion. 224.9% of original time elapsed, but only 3.0% physical progress.

Early Warning:
Project requires closer monitoring due to potential stalled progress near deadline."
617921,2,MEDIUM,LOW,HIGH,1,"Overall Risk: MEDIUM

Reasons:
* High predicted schedule risk (79.5% probability).

Early Warning:
Project requires closer monitoring."
617922,1,LOW,LOW,MEDIUM,1,"Overall Risk: LOW

Reasons:
* Low progress near planned completion. 193.6% of original time elapsed, but only 25.0% physical progress.

Early Warning:
Project requires closer monitoring due to potential stalled progress near deadline."
617923,1,LOW,LOW,MEDIUM,1,"Overall Risk: LOW

Reasons:
* Low progress near planned completion. 170.7% of original time elapsed, but only 25.0% physical progress.

Early Warning:
Project requires closer monitoring due to potential stalled progress near deadline."
617925,2,MEDIUM,LOW,HIGH,1,"Overall Risk: MEDIUM

Reasons:
* High predicted schedule risk (92.0% probability).

Early Warning:
Project requires closer monitoring."
617930,2,MEDIUM,LOW,HIGH,1,"Overall Risk: MEDIUM

Reasons:
* High predicted schedule risk (82.3% probability).

Early Warning:
Project requires closer monitoring."
618003,2,MEDIUM,LOW,HIGH,1,"Overall Risk: MEDIUM

Reasons:
* High predicted schedule risk (91.4% probability).

Early Warning:
Project requires closer monitoring."
618012,2,MEDIUM,LOW,HIGH,1,"Overall Risk: MEDIUM

Reasons:
* High predicted schedule risk (75.4% probability).

Early Warning:
Project requires closer monitoring."
618079,0,LOW,LOW,LOW,1,"Overall Risk: LOW

Reasons:
* Low progress near planned completion. 222.3% of original time elapsed, but only 15.0% physical progress.

Early Warning:
Project requires closer monitoring due to potential stalled progress near deadline."
618122,1,LOW,LOW,MEDIUM,1,"Overall Risk: LOW

Reasons:
* Low progress near planned completion. 216.8% of original time elapsed, but only 34.0% physical progress.

Early Warning:
Project requires closer monitoring due to potential stalled progress near deadline."
618523,3,HIGH,MEDIUM,HIGH,1,"Overall Risk: HIGH

Reasons:
* High predicted schedule risk (95.5% probability).

Early Warning:
Project requires closer monitoring."
618591,2,MEDIUM,LOW,HIGH,1,"Overall Risk: MEDIUM

Reasons:
* High predicted schedule risk (81.5% probability).

Early Warning:
Project requires closer monitoring."
618592,1,LOW,LOW,MEDIUM,1,"Overall Risk: LOW

Reasons:
* Low progress near planned completion. 189.4% of original time elapsed, but only 25.0% physical progress.

Early Warning:
Project requires closer monitoring due to potential stalled progress near deadline."
618677,3,HIGH,MEDIUM,HIGH,1,"Overall Risk: HIGH

Reasons:
* High predicted schedule risk (96.4% probability).

Early Warning:
Project requires closer monitoring."
618678,3,HIGH,MEDIUM,HIGH,1,"Overall Risk: HIGH

Reasons:
* High predicted schedule risk (96.7% probability).

Early Warning:
Project requires closer monitoring."
618680,3,HIGH,MEDIUM,HIGH,1,"Overall Risk: HIGH

Reasons:
* High predicted schedule risk (96.7% probability).

Early Warning:
Project requires closer monitoring."
618704,2,MEDIUM,LOW,HIGH,1,"Overall Risk: MEDIUM

Reasons:
* High predicted schedule risk (96.7% probability).

Early Warning:
Project requires closer monitoring."
618820,3,HIGH,MEDIUM,HIGH,1,"Overall Risk: HIGH

Reasons:
* High predicted schedule risk (95.4% probability).

Early Warning:
Project requires closer monitoring."
618821,3,HIGH,MEDIUM,HIGH,1,"Overall Risk: HIGH

Reasons:
* High predicted schedule risk (96.4% probability).

Early Warning:
Project requires closer monitoring."
618822,2,MEDIUM,LOW,HIGH,1,"Overall Risk: MEDIUM

Reasons:
* High predicted schedule risk (96.2% probability).

Early Warning:
Project requires closer monitoring."
618908,3,HIGH,LOW,MEDIUM,2,"Overall Risk: HIGH

Reasons:
* Significant expenditure-progress mismatch. Expenditure is 71.1% but physical progress is only 38.0% (Gap: 33.1%).
* Low progress near planned completion. 175.6% of original time elapsed, but only 38.0% physical progress.

Early Warning:
Project requires closer monitoring due to financial/physical progress divergence."
619109,3,HIGH,MEDIUM,HIGH,1,"Overall Risk: HIGH

Reasons:
* High predicted schedule risk (96.7% probability).

Early Warning:
Project requires closer monitoring."
619118,3,HIGH,MEDIUM,HIGH,1,"Overall Risk: HIGH

Reasons:
* High predicted schedule risk (96.9% probability).

Early Warning:
Project requires closer monitoring."
619119,3,HIGH,MEDIUM,HIGH,1,"Overall Risk: HIGH

Reasons:
* High predicted schedule risk (96.7% probability).

Early Warning:
Project requires closer monitoring."
619157,3,HIGH,MEDIUM,HIGH,1,"Overall Risk: HIGH

Reasons:
* High predicted schedule risk (96.6% probability).

Early Warning:
Project requires closer monitoring."
619158,3,HIGH,MEDIUM,HIGH,1,"Overall Risk: HIGH

Reasons:
* High predicted schedule risk (94.4% probability).

Early Warning:
Project requires closer monitoring."
619181,2,MEDIUM,MEDIUM,MEDIUM,1,"Overall Risk: MEDIUM

Reasons:
* Low progress near planned completion. 174.2% of original time elapsed, but only 36.0% physical progress.

Early Warning:
Project requires closer monitoring due to potential stalled progress near deadline."
619213,3,HIGH,MEDIUM,HIGH,1,"Overall Risk: HIGH

Reasons:
* High predicted schedule risk (96.8% probability).

Early Warning:
Project requires closer monitoring."
619215,3,HIGH,MEDIUM,HIGH,1,"Overall Risk: HIGH

Reasons:
* High predicted schedule risk (96.8% probability).

Early Warning:
Project requires closer monitoring."
618010,1,LOW,LOW,MEDIUM,1,"Overall Risk: LOW

Reasons:
* Low progress near planned completion. 221.9% of original time elapsed, but only 45.0% physical progress.

Early Warning:
Project requires closer monitoring due to potential stalled progress near deadline."
618024,2,MEDIUM,LOW,HIGH,1,"Overall Risk: MEDIUM

Reasons:
* High predicted schedule risk (90.4% probability).

Early Warning:
Project requires closer monitoring."
618489,3,HIGH,MEDIUM,HIGH,1,"Overall Risk: HIGH

Reasons:
* High predicted schedule risk (92.6% probability).

Early Warning:
Project requires closer monitoring."
618492,3,HIGH,MEDIUM,MEDIUM,2,"Overall Risk: HIGH

Reasons:
* Significant expenditure-progress mismatch. Expenditure is 50.7% but physical progress is only 27.6% (Gap: 23.1%).
* Low progress near planned completion. 266.8% of original time elapsed, but only 27.6% physical progress.

Early Warning:
Project requires closer monitoring due to financial/physical progress divergence."
618493,2,MEDIUM,MEDIUM,MEDIUM,1,"Overall Risk: MEDIUM

Reasons:
* Low progress near planned completion. 152.6% of original time elapsed, but only 34.8% physical progress.

Early Warning:
Project requires closer monitoring due to potential stalled progress near deadline."
618551,2,MEDIUM,MEDIUM,MEDIUM,1,"Overall Risk: MEDIUM

Reasons:
* Low progress near planned completion. 83.2% of original time elapsed, but only 29.0% physical progress.

Early Warning:
Project requires closer monitoring due to potential stalled progress near deadline."
618552,3,HIGH,MEDIUM,HIGH,1,"Overall Risk: HIGH

Reasons:
* High predicted schedule risk (85.5% probability).

Early Warning:
Project requires closer monitoring."
618610,3,HIGH,MEDIUM,HIGH,1,"Overall Risk: HIGH

Reasons:
* High predicted schedule risk (97.2% probability).

Early Warning:
Project requires closer monitoring."
618617,3,HIGH,MEDIUM,HIGH,1,"Overall Risk: HIGH

Reasons:
* High predicted schedule risk (92.0% probability).

Early Warning:
Project requires closer monitoring."
618618,3,HIGH,MEDIUM,HIGH,1,"Overall Risk: HIGH

Reasons:
* High predicted schedule risk (92.3% probability).

Early Warning:
Project requires closer monitoring."
618647,3,HIGH,MEDIUM,HIGH,1,"Overall Risk: HIGH

Reasons:
* High predicted schedule risk (94.3% probability).

Early Warning:
Project requires closer monitoring."
618648,1,LOW,MEDIUM,LOW,1,"Overall Risk: LOW

Reasons:
* Low progress near planned completion. 83.0% of original time elapsed, but only 5.8% physical progress.

Early Warning:
Project requires closer monitoring due to potential stalled progress near deadline."
618764,3,HIGH,MEDIUM,HIGH,1,"Overall Risk: HIGH

Reasons:
* High predicted schedule risk (93.0% probability).

Early Warning:
Project requires closer monitoring."
618776,3,HIGH,MEDIUM,HIGH,1,"Overall Risk: HIGH

Reasons:
* High predicted schedule risk (97.3% probability).

Early Warning:
Project requires closer monitoring."
618785,3,HIGH,MEDIUM,HIGH,1,"Overall Risk: HIGH

Reasons:
* High predicted schedule risk (94.0% probability).

Early Warning:
Project requires closer monitoring."
618786,3,HIGH,MEDIUM,MEDIUM,1,"Overall Risk: HIGH

Reasons:
* Low progress near planned completion. 183.3% of original time elapsed, but only 20.0% physical progress.

Early Warning:
Project requires closer monitoring due to potential stalled progress near deadline."
618793,3,HIGH,MEDIUM,HIGH,1,"Overall Risk: HIGH

Reasons:
* High predicted schedule risk (90.0% probability).

Early Warning:
Project requires closer monitoring."
618794,2,MEDIUM,LOW,HIGH,1,"Overall Risk: MEDIUM

Reasons:
* High predicted schedule risk (96.8% probability).

Early Warning:
Project requires closer monitoring."
618795,4,HIGH,MEDIUM,HIGH,1,"Overall Risk: HIGH

Reasons:
* High predicted schedule risk (94.7% probability).

Early Warning:
Project requires closer monitoring."
618809,3,HIGH,MEDIUM,HIGH,1,"Overall Risk: HIGH

Reasons:
* High predicted schedule risk (90.6% probability).

Early Warning:
Project requires closer monitoring."
618810,3,HIGH,MEDIUM,HIGH,1,"Overall Risk: HIGH

Reasons:
* High predicted schedule risk (94.2% probability).

Early Warning:
Project requires closer monitoring."
618906,3,HIGH,MEDIUM,HIGH,1,"Overall Risk: HIGH

Reasons:
* High predicted schedule risk (90.9% probability).

Early Warning:
Project requires closer monitoring."
619099,3,HIGH,MEDIUM,HIGH,1,"Overall Risk: HIGH

Reasons:
* High predicted schedule risk (89.8% probability).

Early Warning:
Project requires closer monitoring."
619105,4,HIGH,HIGH,MEDIUM,2,"Overall Risk: HIGH

Reasons:
* High predicted cost risk (72.0% probability).
* Low progress near planned completion. 250.1% of original time elapsed, but only 25.6% physical progress.

Early Warning:
Project requires closer monitoring due to potential stalled progress near deadline."
619200,5,CRITICAL,MEDIUM,HIGH,4,"Overall Risk: CRITICAL

Reasons:
* High predicted schedule risk (70.1% probability).
* Significant expenditure-progress mismatch. Expenditure is 69.9% but physical progress is only 33.9% (Gap: 36.0%).
* Low progress near planned completion. 278.3% of original time elapsed, but only 33.9% physical progress.

Early Warning:
Multiple simultaneous warning indicators triggered. Project requires closer monitoring."
619318,3,HIGH,MEDIUM,MEDIUM,2,"Overall Risk: HIGH

Reasons:
* Significant expenditure-progress mismatch. Expenditure is 38.6% but physical progress is only 15.3% (Gap: 23.3%).
* Low progress near planned completion. 258.1% of original time elapsed, but only 15.3% physical progress.

Early Warning:
Project requires closer monitoring due to financial/physical progress divergence."
617901,2,MEDIUM,LOW,HIGH,1,"Overall Risk: MEDIUM

Reasons:
* High predicted schedule risk (93.5% probability).

Early Warning:
Project requires closer monitoring."
618011,2,MEDIUM,LOW,HIGH,1,"Overall Risk: MEDIUM

Reasons:
* High predicted schedule risk (91.8% probability).

Early Warning:
Project requires closer monitoring."
618069,2,MEDIUM,LOW,HIGH,1,"Overall Risk: MEDIUM

Reasons:
* High predicted schedule risk (82.6% probability).

Early Warning:
Project requires closer monitoring."
618092,2,MEDIUM,LOW,HIGH,1,"Overall Risk: MEDIUM

Reasons:
* High predicted schedule risk (77.1% probability).

Early Warning:
Project requires closer monitoring."
618117,0,LOW,LOW,LOW,1,"Overall Risk: LOW

Reasons:
* Low progress near planned completion. 161.4% of original time elapsed, but only 23.0% physical progress.

Early Warning:
Project requires closer monitoring due to potential stalled progress near deadline."
618235,2,MEDIUM,LOW,HIGH,1,"Overall Risk: MEDIUM

Reasons:
* High predicted schedule risk (71.5% probability).

Early Warning:
Project requires closer monitoring."
618457,2,MEDIUM,LOW,HIGH,1,"Overall Risk: MEDIUM

Reasons:
* High predicted schedule risk (96.0% probability).

Early Warning:
Project requires closer monitoring."
618458,2,MEDIUM,LOW,HIGH,1,"Overall Risk: MEDIUM

Reasons:
* High predicted schedule risk (96.4% probability).

Early Warning:
Project requires closer monitoring."
618611,2,MEDIUM,LOW,HIGH,1,"Overall Risk: MEDIUM

Reasons:
* High predicted schedule risk (96.6% probability).

Early Warning:
Project requires closer monitoring."
618612,2,MEDIUM,LOW,HIGH,1,"Overall Risk: MEDIUM

Reasons:
* High predicted schedule risk (96.6% probability).

Early Warning:
Project requires closer monitoring."
618613,2,MEDIUM,LOW,HIGH,1,"Overall Risk: MEDIUM

Reasons:
* High predicted schedule risk (96.5% probability).

Early Warning:
Project requires closer monitoring."
618757,1,LOW,LOW,MEDIUM,1,"Overall Risk: LOW

Reasons:
* Low progress near planned completion. 191.6% of original time elapsed, but only 37.3% physical progress.

Early Warning:
Project requires closer monitoring due to potential stalled progress near deadline."
618758,2,MEDIUM,LOW,HIGH,2,"Overall Risk: MEDIUM

Reasons:
* High predicted schedule risk (71.0% probability).
* Low progress near planned completion. 191.6% of original time elapsed, but only 42.8% physical progress.

Early Warning:
Project requires closer monitoring due to potential stalled progress near deadline."
618796,2,MEDIUM,LOW,HIGH,1,"Overall Risk: MEDIUM

Reasons:
* High predicted schedule risk (96.6% probability).

Early Warning:
Project requires closer monitoring."
618838,2,MEDIUM,LOW,HIGH,1,"Overall Risk: MEDIUM

Reasons:
* High predicted schedule risk (96.6% probability).

Early Warning:
Project requires closer monitoring."
618853,2,MEDIUM,LOW,HIGH,1,"Overall Risk: MEDIUM

Reasons:
* High predicted schedule risk (94.8% probability).

Early Warning:
Project requires closer monitoring."
619251,0,LOW,LOW,LOW,1,"Overall Risk: LOW

Reasons:
* Low progress near planned completion. 88.7% of original time elapsed, but only 17.0% physical progress.

Early Warning:
Project requires closer monitoring due to potential stalled progress near deadline."
618071,2,MEDIUM,LOW,HIGH,1,"Overall Risk: MEDIUM

Reasons:
* High predicted schedule risk (94.9% probability).

Early Warning:
Project requires closer monitoring."
618426,3,HIGH,MEDIUM,HIGH,1,"Overall Risk: HIGH

Reasons:
* High predicted schedule risk (93.3% probability).

Early Warning:
Project requires closer monitoring."
618428,2,MEDIUM,LOW,HIGH,1,"Overall Risk: MEDIUM

Reasons:
* High predicted schedule risk (95.9% probability).

Early Warning:
Project requires closer monitoring."
618446,2,MEDIUM,LOW,HIGH,1,"Overall Risk: MEDIUM

Reasons:
* High predicted schedule risk (91.0% probability).

Early Warning:
Project requires closer monitoring."
618447,2,MEDIUM,LOW,HIGH,1,"Overall Risk: MEDIUM

Reasons:
* High predicted schedule risk (92.1% probability).

Early Warning:
Project requires closer monitoring."
618448,2,MEDIUM,LOW,HIGH,1,"Overall Risk: MEDIUM

Reasons:
* High predicted schedule risk (84.4% probability).

Early Warning:
Project requires closer monitoring."
618449,4,HIGH,MEDIUM,HIGH,1,"Overall Risk: HIGH

Reasons:
* High predicted schedule risk (93.2% probability).

Early Warning:
Project requires closer monitoring."
618450,3,HIGH,LOW,HIGH,2,"Overall Risk: HIGH

Reasons:
* High predicted schedule risk (85.1% probability).
* Significant expenditure-progress mismatch. Expenditure is 86.6% but physical progress is only 65.2% (Gap: 21.5%).

Early Warning:
Project requires closer monitoring due to financial/physical progress divergence."
617962,2,MEDIUM,LOW,HIGH,1,"Overall Risk: MEDIUM

Reasons:
* High predicted schedule risk (97.2% probability).

Early Warning:
Project requires closer monitoring."
618478,2,MEDIUM,LOW,HIGH,1,"Overall Risk: MEDIUM

Reasons:
* High predicted schedule risk (98.4% probability).

Early Warning:
Project requires closer monitoring."
618479,2,MEDIUM,LOW,HIGH,1,"Overall Risk: MEDIUM

Reasons:
* High predicted schedule risk (91.8% probability).

Early Warning:
Project requires closer monitoring."
618480,3,HIGH,MEDIUM,HIGH,2,"Overall Risk: HIGH

Reasons:
* High predicted schedule risk (86.7% probability).
* Low progress near planned completion. 211.5% of original time elapsed, but only 38.5% physical progress.

Early Warning:
Project requires closer monitoring due to potential stalled progress near deadline."
618481,2,MEDIUM,LOW,HIGH,1,"Overall Risk: MEDIUM

Reasons:
* High predicted schedule risk (97.8% probability).

Early Warning:
Project requires closer monitoring."
618521,2,MEDIUM,LOW,HIGH,1,"Overall Risk: MEDIUM

Reasons:
* High predicted schedule risk (98.5% probability).

Early Warning:
Project requires closer monitoring."
618522,2,MEDIUM,LOW,HIGH,2,"Overall Risk: MEDIUM

Reasons:
* High predicted schedule risk (86.5% probability).
* Low progress near planned completion. 119.1% of original time elapsed, but only 38.3% physical progress.

Early Warning:
Project requires closer monitoring due to potential stalled progress near deadline."
618561,2,MEDIUM,LOW,HIGH,1,"Overall Risk: MEDIUM

Reasons:
* High predicted schedule risk (90.2% probability).

Early Warning:
Project requires closer monitoring."
618563,2,MEDIUM,LOW,HIGH,1,"Overall Risk: MEDIUM

Reasons:
* High predicted schedule risk (98.8% probability).

Early Warning:
Project requires closer monitoring."
618608,2,MEDIUM,LOW,HIGH,1,"Overall Risk: MEDIUM

Reasons:
* High predicted schedule risk (97.5% probability).

Early Warning:
Project requires closer monitoring."
618635,2,MEDIUM,LOW,HIGH,2,"Overall Risk: MEDIUM

Reasons:
* High predicted schedule risk (88.7% probability).
* Low progress near planned completion. 270.3% of original time elapsed, but only 44.5% physical progress.

Early Warning:
Project requires closer monitoring due to potential stalled progress near deadline."
618744,2,MEDIUM,LOW,HIGH,1,"Overall Risk: MEDIUM

Reasons:
* High predicted schedule risk (98.6% probability).

Early Warning:
Project requires closer monitoring."
618756,2,MEDIUM,LOW,HIGH,1,"Overall Risk: MEDIUM

Reasons:
* High predicted schedule risk (98.7% probability).

Early Warning:
Project requires closer monitoring."
618800,2,MEDIUM,LOW,HIGH,2,"Overall Risk: MEDIUM

Reasons:
* High predicted schedule risk (71.8% probability).
* Low progress near planned completion. 133.6% of original time elapsed, but only 18.1% physical progress.

Early Warning:
Project requires closer monitoring due to potential stalled progress near deadline."
618801,2,MEDIUM,LOW,HIGH,2,"Overall Risk: MEDIUM

Reasons:
* High predicted schedule risk (75.9% probability).
* Low progress near planned completion. 133.6% of original time elapsed, but only 22.8% physical progress.

Early Warning:
Project requires closer monitoring due to potential stalled progress near deadline."
618846,2,MEDIUM,LOW,HIGH,1,"Overall Risk: MEDIUM

Reasons:
* High predicted schedule risk (98.7% probability).

Early Warning:
Project requires closer monitoring."
618894,2,MEDIUM,LOW,HIGH,1,"Overall Risk: MEDIUM

Reasons:
* High predicted schedule risk (98.6% probability).

Early Warning:
Project requires closer monitoring."
618895,2,MEDIUM,LOW,HIGH,1,"Overall Risk: MEDIUM

Reasons:
* High predicted schedule risk (98.4% probability).

Early Warning:
Project requires closer monitoring."
618898,2,MEDIUM,LOW,HIGH,1,"Overall Risk: MEDIUM

Reasons:
* High predicted schedule risk (85.5% probability).

Early Warning:
Project requires closer monitoring."
618899,2,MEDIUM,LOW,HIGH,1,"Overall Risk: MEDIUM

Reasons:
* High predicted schedule risk (98.8% probability).

Early Warning:
Project requires closer monitoring."
619045,1,LOW,LOW,MEDIUM,1,"Overall Risk: LOW

Reasons:
* Low progress near planned completion. 133.6% of original time elapsed, but only 8.6% physical progress.

Early Warning:
Project requires closer monitoring due to potential stalled progress near deadline."
619074,2,MEDIUM,LOW,HIGH,1,"Overall Risk: MEDIUM

Reasons:
* High predicted schedule risk (98.7% probability).

Early Warning:
Project requires closer monitoring."
619086,2,MEDIUM,LOW,HIGH,1,"Overall Risk: MEDIUM

Reasons:
* High predicted schedule risk (98.7% probability).

Early Warning:
Project requires closer monitoring."
619094,2,MEDIUM,LOW,HIGH,1,"Overall Risk: MEDIUM

Reasons:
* High predicted schedule risk (97.0% probability).

Early Warning:
Project requires closer monitoring."
619129,2,MEDIUM,LOW,HIGH,1,"Overall Risk: MEDIUM

Reasons:
* High predicted schedule risk (93.7% probability).

Early Warning:
Project requires closer monitoring."
619130,2,MEDIUM,LOW,HIGH,1,"Overall Risk: MEDIUM

Reasons:
* High predicted schedule risk (92.4% probability).

Early Warning:
Project requires closer monitoring."
619131,2,MEDIUM,LOW,HIGH,1,"Overall Risk: MEDIUM

Reasons:
* High predicted schedule risk (98.8% probability).

Early Warning:
Project requires closer monitoring."
619139,2,MEDIUM,LOW,HIGH,2,"Overall Risk: MEDIUM

Reasons:
* High predicted schedule risk (71.4% probability).
* Low progress near planned completion. 133.6% of original time elapsed, but only 17.2% physical progress.

Early Warning:
Project requires closer monitoring due to potential stalled progress near deadline."
619161,2,MEDIUM,LOW,HIGH,2,"Overall Risk: MEDIUM

Reasons:
* High predicted schedule risk (89.2% probability).
* Low progress near planned completion. 116.7% of original time elapsed, but only 46.3% physical progress.

Early Warning:
Project requires closer monitoring due to potential stalled progress near deadline."
619222,2,MEDIUM,LOW,HIGH,1,"Overall Risk: MEDIUM

Reasons:
* High predicted schedule risk (98.7% probability).

Early Warning:
Project requires closer monitoring."
617913,4,HIGH,LOW,HIGH,2,"Overall Risk: HIGH

Reasons:
* High predicted schedule risk (93.0% probability).
* Significant expenditure-progress mismatch. Expenditure is 159.8% but physical progress is only 92.6% (Gap: 67.1%).

Early Warning:
Project requires closer monitoring due to financial/physical progress divergence."
617936,2,MEDIUM,LOW,HIGH,1,"Overall Risk: MEDIUM

Reasons:
* High predicted schedule risk (94.5% probability).

Early Warning:
Project requires closer monitoring."
617939,1,LOW,LOW,MEDIUM,1,"Overall Risk: LOW

Reasons:
* Low progress near planned completion. 166.8% of original time elapsed, but only 45.9% physical progress.

Early Warning:
Project requires closer monitoring due to potential stalled progress near deadline."
617940,2,MEDIUM,LOW,HIGH,1,"Overall Risk: MEDIUM

Reasons:
* High predicted schedule risk (89.7% probability).

Early Warning:
Project requires closer monitoring."
617980,2,MEDIUM,LOW,HIGH,1,"Overall Risk: MEDIUM

Reasons:
* High predicted schedule risk (71.6% probability).

Early Warning:
Project requires closer monitoring."
617983,2,MEDIUM,LOW,HIGH,1,"Overall Risk: MEDIUM

Reasons:
* High predicted schedule risk (92.3% probability).

Early Warning:
Project requires closer monitoring."
617994,2,MEDIUM,LOW,HIGH,1,"Overall Risk: MEDIUM

Reasons:
* High predicted schedule risk (91.5% probability).

Early Warning:
Project requires closer monitoring."
617995,2,MEDIUM,LOW,HIGH,1,"Overall Risk: MEDIUM

Reasons:
* High predicted schedule risk (94.4% probability).

Early Warning:
Project requires closer monitoring."
618001,2,MEDIUM,LOW,HIGH,1,"Overall Risk: MEDIUM

Reasons:
* High predicted schedule risk (92.7% probability).

Early Warning:
Project requires closer monitoring."
618025,2,MEDIUM,LOW,HIGH,1,"Overall Risk: MEDIUM

Reasons:
* High predicted schedule risk (93.7% probability).

Early Warning:
Project requires closer monitoring."
618091,1,LOW,LOW,MEDIUM,1,"Overall Risk: LOW

Reasons:
* Low progress near planned completion. 216.6% of original time elapsed, but only 46.0% physical progress.

Early Warning:
Project requires closer monitoring due to potential stalled progress near deadline."
618104,2,MEDIUM,LOW,HIGH,1,"Overall Risk: MEDIUM

Reasons:
* High predicted schedule risk (92.0% probability).

Early Warning:
Project requires closer monitoring."
618105,1,LOW,LOW,MEDIUM,1,"Overall Risk: LOW

Reasons:
* Low progress near planned completion. 216.6% of original time elapsed, but only 46.6% physical progress.

Early Warning:
Project requires closer monitoring due to potential stalled progress near deadline."
618106,2,MEDIUM,LOW,HIGH,1,"Overall Risk: MEDIUM

Reasons:
* High predicted schedule risk (92.1% probability).

Early Warning:
Project requires closer monitoring."
618130,2,MEDIUM,LOW,HIGH,1,"Overall Risk: MEDIUM

Reasons:
* High predicted schedule risk (87.8% probability).

Early Warning:
Project requires closer monitoring."
618140,0,LOW,LOW,LOW,1,"Overall Risk: LOW

Reasons:
* Low progress near planned completion. 195.9% of original time elapsed, but only 13.3% physical progress.

Early Warning:
Project requires closer monitoring due to potential stalled progress near deadline."
618141,2,MEDIUM,LOW,HIGH,1,"Overall Risk: MEDIUM

Reasons:
* High predicted schedule risk (87.4% probability).

Early Warning:
Project requires closer monitoring."
618182,2,MEDIUM,LOW,HIGH,1,"Overall Risk: MEDIUM

Reasons:
* High predicted schedule risk (82.6% probability).

Early Warning:
Project requires closer monitoring."
618183,2,MEDIUM,LOW,HIGH,1,"Overall Risk: MEDIUM

Reasons:
* High predicted schedule risk (83.7% probability).

Early Warning:
Project requires closer monitoring."
618186,2,MEDIUM,LOW,HIGH,1,"Overall Risk: MEDIUM

Reasons:
* High predicted schedule risk (93.4% probability).

Early Warning:
Project requires closer monitoring."
618190,2,MEDIUM,LOW,HIGH,1,"Overall Risk: MEDIUM

Reasons:
* High predicted schedule risk (94.2% probability).

Early Warning:
Project requires closer monitoring."
618196,2,MEDIUM,LOW,HIGH,1,"Overall Risk: MEDIUM

Reasons:
* High predicted schedule risk (90.0% probability).

Early Warning:
Project requires closer monitoring."
618197,2,MEDIUM,LOW,HIGH,1,"Overall Risk: MEDIUM

Reasons:
* High predicted schedule risk (85.3% probability).

Early Warning:
Project requires closer monitoring."
618746,2,MEDIUM,LOW,HIGH,1,"Overall Risk: MEDIUM

Reasons:
* High predicted schedule risk (96.7% probability).

Early Warning:
Project requires closer monitoring."
618765,3,HIGH,MEDIUM,HIGH,1,"Overall Risk: HIGH

Reasons:
* High predicted schedule risk (95.7% probability).

Early Warning:
Project requires closer monitoring."
618811,0,LOW,LOW,LOW,1,"Overall Risk: LOW

Reasons:
* Low progress near planned completion. 166.8% of original time elapsed, but only 5.6% physical progress.

Early Warning:
Project requires closer monitoring due to potential stalled progress near deadline."
618812,2,MEDIUM,MEDIUM,MEDIUM,1,"Overall Risk: MEDIUM

Reasons:
* Low progress near planned completion. 174.9% of original time elapsed, but only 9.0% physical progress.

Early Warning:
Project requires closer monitoring due to potential stalled progress near deadline."
618813,2,MEDIUM,MEDIUM,MEDIUM,1,"Overall Risk: MEDIUM

Reasons:
* Low progress near planned completion. 166.8% of original time elapsed, but only 11.3% physical progress.

Early Warning:
Project requires closer monitoring due to potential stalled progress near deadline."
618814,0,LOW,LOW,LOW,1,"Overall Risk: LOW

Reasons:
* Low progress near planned completion. 166.8% of original time elapsed, but only 0.5% physical progress.

Early Warning:
Project requires closer monitoring due to potential stalled progress near deadline."
618815,2,MEDIUM,LOW,HIGH,1,"Overall Risk: MEDIUM

Reasons:
* High predicted schedule risk (92.4% probability).

Early Warning:
Project requires closer monitoring."
618816,1,LOW,LOW,MEDIUM,1,"Overall Risk: LOW

Reasons:
* Low progress near planned completion. 166.8% of original time elapsed, but only 10.1% physical progress.

Early Warning:
Project requires closer monitoring due to potential stalled progress near deadline."
618817,3,HIGH,MEDIUM,HIGH,2,"Overall Risk: HIGH

Reasons:
* High predicted schedule risk (76.6% probability).
* Low progress near planned completion. 166.8% of original time elapsed, but only 45.9% physical progress.

Early Warning:
Project requires closer monitoring due to potential stalled progress near deadline."
618944,1,LOW,LOW,MEDIUM,1,"Overall Risk: LOW

Reasons:
* Low progress near planned completion. 237.5% of original time elapsed, but only 24.2% physical progress.

Early Warning:
Project requires closer monitoring due to potential stalled progress near deadline."
618945,2,MEDIUM,LOW,HIGH,1,"Overall Risk: MEDIUM

Reasons:
* High predicted schedule risk (97.0% probability).

Early Warning:
Project requires closer monitoring."
619009,0,LOW,LOW,LOW,1,"Overall Risk: LOW

Reasons:
* Low progress near planned completion. 190.9% of original time elapsed, but only 0.0% physical progress.

Early Warning:
Project requires closer monitoring due to potential stalled progress near deadline."
619128,3,HIGH,MEDIUM,HIGH,1,"Overall Risk: HIGH

Reasons:
* High predicted schedule risk (96.8% probability).

Early Warning:
Project requires closer monitoring."
619165,2,MEDIUM,LOW,HIGH,1,"Overall Risk: MEDIUM

Reasons:
* High predicted schedule risk (96.9% probability).

Early Warning:
Project requires closer monitoring."
619193,3,HIGH,LOW,HIGH,2,"Overall Risk: HIGH

Reasons:
* High predicted schedule risk (89.7% probability).
* Significant expenditure-progress mismatch. Expenditure is 112.0% but physical progress is only 82.8% (Gap: 29.3%).

Early Warning:
Project requires closer monitoring due to financial/physical progress divergence."
619253,2,MEDIUM,LOW,HIGH,1,"Overall Risk: MEDIUM

Reasons:
* High predicted schedule risk (72.9% probability).

Early Warning:
Project requires closer monitoring."
618307,2,MEDIUM,LOW,HIGH,1,"Overall Risk: MEDIUM

Reasons:
* High predicted schedule risk (84.6% probability).

Early Warning:
Project requires closer monitoring."
618350,2,MEDIUM,LOW,HIGH,2,"Overall Risk: MEDIUM

Reasons:
* High predicted schedule risk (80.6% probability).
* Low progress near planned completion. 129.2% of original time elapsed, but only 48.3% physical progress.

Early Warning:
Project requires closer monitoring due to potential stalled progress near deadline."
618367,1,LOW,LOW,MEDIUM,1,"Overall Risk: LOW

Reasons:
* Low progress near planned completion. 124.9% of original time elapsed, but only 9.5% physical progress.

Early Warning:
Project requires closer monitoring due to potential stalled progress near deadline."
618368,1,LOW,LOW,MEDIUM,1,"Overall Risk: LOW

Reasons:
* Low progress near planned completion. 124.9% of original time elapsed, but only 14.7% physical progress.

Early Warning:
Project requires closer monitoring due to potential stalled progress near deadline."
618369,2,MEDIUM,LOW,HIGH,1,"Overall Risk: MEDIUM

Reasons:
* High predicted schedule risk (87.5% probability).

Early Warning:
Project requires closer monitoring."
618370,2,MEDIUM,LOW,HIGH,1,"Overall Risk: MEDIUM

Reasons:
* High predicted schedule risk (88.7% probability).

Early Warning:
Project requires closer monitoring."
618385,2,MEDIUM,LOW,HIGH,1,"Overall Risk: MEDIUM

Reasons:
* High predicted schedule risk (83.9% probability).

Early Warning:
Project requires closer monitoring."
618411,2,MEDIUM,LOW,HIGH,1,"Overall Risk: MEDIUM

Reasons:
* High predicted schedule risk (92.1% probability).

Early Warning:
Project requires closer monitoring."
618417,1,LOW,LOW,MEDIUM,1,"Overall Risk: LOW

Reasons:
* Low progress near planned completion. 111.2% of original time elapsed, but only 9.2% physical progress.

Early Warning:
Project requires closer monitoring due to potential stalled progress near deadline."
617963,1,LOW,LOW,MEDIUM,1,"Overall Risk: LOW

Reasons:
* Low progress near planned completion. 224.9% of original time elapsed, but only 39.0% physical progress.

Early Warning:
Project requires closer monitoring due to potential stalled progress near deadline."
617964,0,LOW,LOW,LOW,1,"Overall Risk: LOW

Reasons:
* Low progress near planned completion. 179.2% of original time elapsed, but only 31.1% physical progress.

Early Warning:
Project requires closer monitoring due to potential stalled progress near deadline."
618009,2,MEDIUM,LOW,HIGH,1,"Overall Risk: MEDIUM

Reasons:
* High predicted schedule risk (89.3% probability).

Early Warning:
Project requires closer monitoring."
618055,2,MEDIUM,LOW,HIGH,1,"Overall Risk: MEDIUM

Reasons:
* High predicted schedule risk (80.8% probability).

Early Warning:
Project requires closer monitoring."
618063,3,HIGH,MEDIUM,HIGH,1,"Overall Risk: HIGH

Reasons:
* High predicted schedule risk (89.1% probability).

Early Warning:
Project requires closer monitoring."
618066,1,LOW,LOW,MEDIUM,1,"Overall Risk: LOW

Reasons:
* Low progress near planned completion. 179.2% of original time elapsed, but only 48.0% physical progress.

Early Warning:
Project requires closer monitoring due to potential stalled progress near deadline."
618067,0,LOW,LOW,LOW,1,"Overall Risk: LOW

Reasons:
* Low progress near planned completion. 158.5% of original time elapsed, but only 9.3% physical progress.

Early Warning:
Project requires closer monitoring due to potential stalled progress near deadline."
618075,2,MEDIUM,LOW,HIGH,1,"Overall Risk: MEDIUM

Reasons:
* High predicted schedule risk (79.6% probability).

Early Warning:
Project requires closer monitoring."
618082,2,MEDIUM,LOW,HIGH,1,"Overall Risk: MEDIUM

Reasons:
* High predicted schedule risk (89.3% probability).

Early Warning:
Project requires closer monitoring."
618111,2,MEDIUM,LOW,HIGH,1,"Overall Risk: MEDIUM

Reasons:
* High predicted schedule risk (89.8% probability).

Early Warning:
Project requires closer monitoring."
618112,0,LOW,LOW,LOW,1,"Overall Risk: LOW

Reasons:
* Low progress near planned completion. 288.3% of original time elapsed, but only 8.0% physical progress.

Early Warning:
Project requires closer monitoring due to potential stalled progress near deadline."
618114,0,LOW,LOW,LOW,1,"Overall Risk: LOW

Reasons:
* Low progress near planned completion. 133.6% of original time elapsed, but only 4.0% physical progress.

Early Warning:
Project requires closer monitoring due to potential stalled progress near deadline."
618116,1,LOW,LOW,MEDIUM,1,"Overall Risk: LOW

Reasons:
* Low progress near planned completion. 183.3% of original time elapsed, but only 40.5% physical progress.

Early Warning:
Project requires closer monitoring due to potential stalled progress near deadline."
618124,2,MEDIUM,LOW,HIGH,1,"Overall Risk: MEDIUM

Reasons:
* High predicted schedule risk (77.3% probability).

Early Warning:
Project requires closer monitoring."
618162,0,LOW,LOW,LOW,1,"Overall Risk: LOW

Reasons:
* Low progress near planned completion. 158.5% of original time elapsed, but only 20.0% physical progress.

Early Warning:
Project requires closer monitoring due to potential stalled progress near deadline."
618164,3,HIGH,MEDIUM,HIGH,1,"Overall Risk: HIGH

Reasons:
* High predicted schedule risk (90.6% probability).

Early Warning:
Project requires closer monitoring."
618166,2,MEDIUM,LOW,HIGH,1,"Overall Risk: MEDIUM

Reasons:
* High predicted schedule risk (90.9% probability).

Early Warning:
Project requires closer monitoring."
618169,2,MEDIUM,LOW,HIGH,1,"Overall Risk: MEDIUM

Reasons:
* High predicted schedule risk (90.5% probability).

Early Warning:
Project requires closer monitoring."
618187,0,LOW,LOW,LOW,1,"Overall Risk: LOW

Reasons:
* Low progress near planned completion. 158.5% of original time elapsed, but only 9.1% physical progress.

Early Warning:
Project requires closer monitoring due to potential stalled progress near deadline."
618233,2,MEDIUM,LOW,HIGH,1,"Overall Risk: MEDIUM

Reasons:
* High predicted schedule risk (86.1% probability).

Early Warning:
Project requires closer monitoring."
618240,2,MEDIUM,LOW,HIGH,1,"Overall Risk: MEDIUM

Reasons:
* High predicted schedule risk (91.2% probability).

Early Warning:
Project requires closer monitoring."
618243,1,LOW,LOW,MEDIUM,1,"Overall Risk: LOW

Reasons:
* Low progress near planned completion. 179.2% of original time elapsed, but only 36.7% physical progress.

Early Warning:
Project requires closer monitoring due to potential stalled progress near deadline."
618248,0,LOW,LOW,LOW,1,"Overall Risk: LOW

Reasons:
* Low progress near planned completion. 158.5% of original time elapsed, but only 22.0% physical progress.

Early Warning:
Project requires closer monitoring due to potential stalled progress near deadline."
618249,1,LOW,LOW,MEDIUM,1,"Overall Risk: LOW

Reasons:
* Low progress near planned completion. 166.8% of original time elapsed, but only 40.0% physical progress.

Early Warning:
Project requires closer monitoring due to potential stalled progress near deadline."
618260,0,LOW,LOW,LOW,1,"Overall Risk: LOW

Reasons:
* Low progress near planned completion. 216.8% of original time elapsed, but only 35.0% physical progress.

Early Warning:
Project requires closer monitoring due to potential stalled progress near deadline."
618262,0,LOW,LOW,LOW,1,"Overall Risk: LOW

Reasons:
* Low progress near planned completion. 174.2% of original time elapsed, but only 10.0% physical progress.

Early Warning:
Project requires closer monitoring due to potential stalled progress near deadline."
618263,2,MEDIUM,LOW,HIGH,1,"Overall Risk: MEDIUM

Reasons:
* High predicted schedule risk (82.4% probability).

Early Warning:
Project requires closer monitoring."
618264,1,LOW,LOW,MEDIUM,1,"Overall Risk: LOW

Reasons:
* Low progress near planned completion. 131.2% of original time elapsed, but only 41.0% physical progress.

Early Warning:
Project requires closer monitoring due to potential stalled progress near deadline."
618265,2,MEDIUM,LOW,HIGH,1,"Overall Risk: MEDIUM

Reasons:
* High predicted schedule risk (88.2% probability).

Early Warning:
Project requires closer monitoring."
618266,2,MEDIUM,LOW,HIGH,1,"Overall Risk: MEDIUM

Reasons:
* High predicted schedule risk (90.8% probability).

Early Warning:
Project requires closer monitoring."
618267,0,LOW,LOW,LOW,1,"Overall Risk: LOW

Reasons:
* Low progress near planned completion. 166.6% of original time elapsed, but only 0.0% physical progress.

Early Warning:
Project requires closer monitoring due to potential stalled progress near deadline."
618499,2,MEDIUM,LOW,HIGH,1,"Overall Risk: MEDIUM

Reasons:
* High predicted schedule risk (94.7% probability).

Early Warning:
Project requires closer monitoring."
618500,2,MEDIUM,LOW,HIGH,1,"Overall Risk: MEDIUM

Reasons:
* High predicted schedule risk (88.3% probability).

Early Warning:
Project requires closer monitoring."
618529,2,MEDIUM,LOW,HIGH,1,"Overall Risk: MEDIUM

Reasons:
* High predicted schedule risk (94.6% probability).

Early Warning:
Project requires closer monitoring."
618536,1,LOW,LOW,MEDIUM,1,"Overall Risk: LOW

Reasons:
* Low progress near planned completion. 136.6% of original time elapsed, but only 39.2% physical progress.

Early Warning:
Project requires closer monitoring due to potential stalled progress near deadline."
618537,2,MEDIUM,LOW,HIGH,1,"Overall Risk: MEDIUM

Reasons:
* High predicted schedule risk (78.7% probability).

Early Warning:
Project requires closer monitoring."
618538,1,LOW,LOW,MEDIUM,1,"Overall Risk: LOW

Reasons:
* Low progress near planned completion. 113.5% of original time elapsed, but only 34.8% physical progress.

Early Warning:
Project requires closer monitoring due to potential stalled progress near deadline."
618540,1,LOW,LOW,MEDIUM,1,"Overall Risk: LOW

Reasons:
* Low progress near planned completion. 100.0% of original time elapsed, but only 49.9% physical progress.

Early Warning:
Project requires closer monitoring due to potential stalled progress near deadline."
618554,2,MEDIUM,LOW,HIGH,1,"Overall Risk: MEDIUM

Reasons:
* High predicted schedule risk (93.8% probability).

Early Warning:
Project requires closer monitoring."
618566,2,MEDIUM,LOW,HIGH,1,"Overall Risk: MEDIUM

Reasons:
* High predicted schedule risk (86.2% probability).

Early Warning:
Project requires closer monitoring."
618669,2,MEDIUM,LOW,HIGH,1,"Overall Risk: MEDIUM

Reasons:
* High predicted schedule risk (78.8% probability).

Early Warning:
Project requires closer monitoring."
618690,2,MEDIUM,MEDIUM,MEDIUM,1,"Overall Risk: MEDIUM

Reasons:
* Low progress near planned completion. 116.7% of original time elapsed, but only 21.2% physical progress.

Early Warning:
Project requires closer monitoring due to potential stalled progress near deadline."
618710,2,MEDIUM,LOW,HIGH,1,"Overall Risk: MEDIUM

Reasons:
* High predicted schedule risk (95.2% probability).

Early Warning:
Project requires closer monitoring."
618722,2,MEDIUM,LOW,HIGH,1,"Overall Risk: MEDIUM

Reasons:
* High predicted schedule risk (82.9% probability).

Early Warning:
Project requires closer monitoring."
618761,2,MEDIUM,LOW,HIGH,1,"Overall Risk: MEDIUM

Reasons:
* High predicted schedule risk (94.5% probability).

Early Warning:
Project requires closer monitoring."
618768,1,LOW,LOW,LOW,1,"Overall Risk: LOW

Reasons:
* Low progress near planned completion. 104.0% of original time elapsed, but only 4.0% physical progress.

Early Warning:
Project requires closer monitoring due to potential stalled progress near deadline."
618782,2,MEDIUM,LOW,HIGH,1,"Overall Risk: MEDIUM

Reasons:
* High predicted schedule risk (80.8% probability).

Early Warning:
Project requires closer monitoring."
618798,2,MEDIUM,LOW,HIGH,1,"Overall Risk: MEDIUM

Reasons:
* High predicted schedule risk (92.0% probability).

Early Warning:
Project requires closer monitoring."
618843,1,LOW,LOW,MEDIUM,1,"Overall Risk: LOW

Reasons:
* Low progress near planned completion. 94.3% of original time elapsed, but only 22.8% physical progress.

Early Warning:
Project requires closer monitoring due to potential stalled progress near deadline."
618856,3,HIGH,MEDIUM,HIGH,1,"Overall Risk: HIGH

Reasons:
* High predicted schedule risk (83.8% probability).

Early Warning:
Project requires closer monitoring."
618858,2,MEDIUM,LOW,HIGH,1,"Overall Risk: MEDIUM

Reasons:
* High predicted schedule risk (84.7% probability).

Early Warning:
Project requires closer monitoring."
618859,2,MEDIUM,LOW,HIGH,1,"Overall Risk: MEDIUM

Reasons:
* High predicted schedule risk (94.9% probability).

Early Warning:
Project requires closer monitoring."
618867,1,LOW,LOW,MEDIUM,1,"Overall Risk: LOW

Reasons:
* Low progress near planned completion. 166.8% of original time elapsed, but only 40.0% physical progress.

Early Warning:
Project requires closer monitoring due to potential stalled progress near deadline."
618868,2,MEDIUM,LOW,HIGH,1,"Overall Risk: MEDIUM

Reasons:
* High predicted schedule risk (87.4% probability).

Early Warning:
Project requires closer monitoring."
618883,2,MEDIUM,LOW,HIGH,1,"Overall Risk: MEDIUM

Reasons:
* High predicted schedule risk (95.2% probability).

Early Warning:
Project requires closer monitoring."
618884,2,MEDIUM,LOW,HIGH,1,"Overall Risk: MEDIUM

Reasons:
* High predicted schedule risk (94.6% probability).

Early Warning:
Project requires closer monitoring."
618885,2,MEDIUM,LOW,HIGH,1,"Overall Risk: MEDIUM

Reasons:
* High predicted schedule risk (92.8% probability).

Early Warning:
Project requires closer monitoring."
618893,2,MEDIUM,LOW,HIGH,1,"Overall Risk: MEDIUM

Reasons:
* High predicted schedule risk (95.2% probability).

Early Warning:
Project requires closer monitoring."
618911,2,MEDIUM,LOW,HIGH,1,"Overall Risk: MEDIUM

Reasons:
* High predicted schedule risk (81.1% probability).

Early Warning:
Project requires closer monitoring."
618923,2,MEDIUM,LOW,HIGH,1,"Overall Risk: MEDIUM

Reasons:
* High predicted schedule risk (84.4% probability).

Early Warning:
Project requires closer monitoring."
618924,2,MEDIUM,LOW,HIGH,1,"Overall Risk: MEDIUM

Reasons:
* High predicted schedule risk (75.7% probability).

Early Warning:
Project requires closer monitoring."
618925,2,MEDIUM,LOW,HIGH,1,"Overall Risk: MEDIUM

Reasons:
* High predicted schedule risk (95.0% probability).

Early Warning:
Project requires closer monitoring."
618927,2,MEDIUM,LOW,HIGH,1,"Overall Risk: MEDIUM

Reasons:
* High predicted schedule risk (73.6% probability).

Early Warning:
Project requires closer monitoring."
618929,2,MEDIUM,LOW,HIGH,1,"Overall Risk: MEDIUM

Reasons:
* High predicted schedule risk (90.3% probability).

Early Warning:
Project requires closer monitoring."
618960,1,LOW,LOW,MEDIUM,1,"Overall Risk: LOW

Reasons:
* Low progress near planned completion. 116.6% of original time elapsed, but only 44.6% physical progress.

Early Warning:
Project requires closer monitoring due to potential stalled progress near deadline."
618968,2,MEDIUM,LOW,HIGH,1,"Overall Risk: MEDIUM

Reasons:
* High predicted schedule risk (95.1% probability).

Early Warning:
Project requires closer monitoring."
618970,2,MEDIUM,LOW,HIGH,1,"Overall Risk: MEDIUM

Reasons:
* High predicted schedule risk (94.8% probability).

Early Warning:
Project requires closer monitoring."
619162,2,MEDIUM,LOW,HIGH,1,"Overall Risk: MEDIUM

Reasons:
* High predicted schedule risk (95.1% probability).

Early Warning:
Project requires closer monitoring."
619168,2,MEDIUM,LOW,HIGH,1,"Overall Risk: MEDIUM

Reasons:
* High predicted schedule risk (95.1% probability).

Early Warning:
Project requires closer monitoring."
619194,0,LOW,LOW,LOW,1,"Overall Risk: LOW

Reasons:
* Low progress near planned completion. 94.0% of original time elapsed, but only 12.0% physical progress.

Early Warning:
Project requires closer monitoring due to potential stalled progress near deadline."
619308,2,MEDIUM,LOW,HIGH,1,"Overall Risk: MEDIUM

Reasons:
* High predicted schedule risk (95.0% probability).

Early Warning:
Project requires closer monitoring."
617888,2,MEDIUM,LOW,HIGH,1,"Overall Risk: MEDIUM

Reasons:
* High predicted schedule risk (89.8% probability).

Early Warning:
Project requires closer monitoring."
617889,2,MEDIUM,LOW,HIGH,1,"Overall Risk: MEDIUM

Reasons:
* High predicted schedule risk (89.6% probability).

Early Warning:
Project requires closer monitoring."
617929,2,MEDIUM,LOW,HIGH,1,"Overall Risk: MEDIUM

Reasons:
* High predicted schedule risk (75.5% probability).

Early Warning:
Project requires closer monitoring."
617967,2,MEDIUM,LOW,HIGH,1,"Overall Risk: MEDIUM

Reasons:
* High predicted schedule risk (89.8% probability).

Early Warning:
Project requires closer monitoring."
617968,2,MEDIUM,LOW,HIGH,1,"Overall Risk: MEDIUM

Reasons:
* High predicted schedule risk (88.4% probability).

Early Warning:
Project requires closer monitoring."
618039,0,LOW,LOW,LOW,1,"Overall Risk: LOW

Reasons:
* Low progress near planned completion. 99.9% of original time elapsed, but only 31.8% physical progress.

Early Warning:
Project requires closer monitoring due to potential stalled progress near deadline."
618040,1,LOW,LOW,MEDIUM,1,"Overall Risk: LOW

Reasons:
* Low progress near planned completion. 216.8% of original time elapsed, but only 42.0% physical progress.

Early Warning:
Project requires closer monitoring due to potential stalled progress near deadline."
618041,0,LOW,LOW,LOW,1,"Overall Risk: LOW

Reasons:
* Low progress near planned completion. 220.7% of original time elapsed, but only 2.0% physical progress.

Early Warning:
Project requires closer monitoring due to potential stalled progress near deadline."
618207,0,LOW,LOW,LOW,1,"Overall Risk: LOW

Reasons:
* Low progress near planned completion. 93.7% of original time elapsed, but only 21.0% physical progress.

Early Warning:
Project requires closer monitoring due to potential stalled progress near deadline."
618209,1,LOW,LOW,MEDIUM,1,"Overall Risk: LOW

Reasons:
* Low progress near planned completion. 144.4% of original time elapsed, but only 37.2% physical progress.

Early Warning:
Project requires closer monitoring due to potential stalled progress near deadline."
618210,2,MEDIUM,LOW,HIGH,1,"Overall Risk: MEDIUM

Reasons:
* High predicted schedule risk (80.2% probability).

Early Warning:
Project requires closer monitoring."
618211,0,LOW,LOW,LOW,1,"Overall Risk: LOW

Reasons:
* Low progress near planned completion. 208.5% of original time elapsed, but only 37.2% physical progress.

Early Warning:
Project requires closer monitoring due to potential stalled progress near deadline."
618212,0,LOW,LOW,LOW,1,"Overall Risk: LOW

Reasons:
* Low progress near planned completion. 166.7% of original time elapsed, but only 22.0% physical progress.

Early Warning:
Project requires closer monitoring due to potential stalled progress near deadline."
618213,2,MEDIUM,LOW,HIGH,1,"Overall Risk: MEDIUM

Reasons:
* High predicted schedule risk (88.7% probability).

Early Warning:
Project requires closer monitoring."
618214,2,MEDIUM,LOW,HIGH,1,"Overall Risk: MEDIUM

Reasons:
* High predicted schedule risk (90.0% probability).

Early Warning:
Project requires closer monitoring."
618218,2,MEDIUM,LOW,HIGH,1,"Overall Risk: MEDIUM

Reasons:
* High predicted schedule risk (79.8% probability).

Early Warning:
Project requires closer monitoring."
618219,2,MEDIUM,LOW,HIGH,1,"Overall Risk: MEDIUM

Reasons:
* High predicted schedule risk (77.6% probability).

Early Warning:
Project requires closer monitoring."
618390,2,MEDIUM,LOW,HIGH,1,"Overall Risk: MEDIUM

Reasons:
* High predicted schedule risk (75.8% probability).

Early Warning:
Project requires closer monitoring."
618391,2,MEDIUM,LOW,HIGH,1,"Overall Risk: MEDIUM

Reasons:
* High predicted schedule risk (83.9% probability).

Early Warning:
Project requires closer monitoring."
618393,2,MEDIUM,LOW,HIGH,1,"Overall Risk: MEDIUM

Reasons:
* High predicted schedule risk (89.6% probability).

Early Warning:
Project requires closer monitoring."
618875,2,MEDIUM,LOW,HIGH,1,"Overall Risk: MEDIUM

Reasons:
* High predicted schedule risk (83.4% probability).

Early Warning:
Project requires closer monitoring."
619142,3,HIGH,LOW,HIGH,1,"Overall Risk: HIGH

Reasons:
* High predicted schedule risk (86.1% probability).

Early Warning:
Project requires closer monitoring."
619155,2,MEDIUM,LOW,HIGH,1,"Overall Risk: MEDIUM

Reasons:
* High predicted schedule risk (87.8% probability).

Early Warning:
Project requires closer monitoring."
619292,2,MEDIUM,LOW,HIGH,1,"Overall Risk: MEDIUM

Reasons:
* High predicted schedule risk (92.9% probability).

Early Warning:
Project requires closer monitoring."
619293,2,MEDIUM,LOW,HIGH,1,"Overall Risk: MEDIUM

Reasons:
* High predicted schedule risk (77.9% probability).

Early Warning:
Project requires closer monitoring."
619295,0,LOW,LOW,LOW,1,"Overall Risk: LOW

Reasons:
* Low progress near planned completion. 178.0% of original time elapsed, but only 0.0% physical progress.

Early Warning:
Project requires closer monitoring due to potential stalled progress near deadline."
617893,0,LOW,LOW,LOW,1,"Overall Risk: LOW

Reasons:
* Low progress near planned completion. 106.7% of original time elapsed, but only 0.0% physical progress.

Early Warning:
Project requires closer monitoring due to potential stalled progress near deadline."
617894,2,MEDIUM,LOW,HIGH,1,"Overall Risk: MEDIUM

Reasons:
* High predicted schedule risk (84.0% probability).

Early Warning:
Project requires closer monitoring."
617931,0,LOW,LOW,LOW,1,"Overall Risk: LOW

Reasons:
* Low progress near planned completion. 516.3% of original time elapsed, but only 17.1% physical progress.

Early Warning:
Project requires closer monitoring due to potential stalled progress near deadline."
617960,2,MEDIUM,LOW,HIGH,1,"Overall Risk: MEDIUM

Reasons:
* High predicted schedule risk (91.9% probability).

Early Warning:
Project requires closer monitoring."
618227,3,HIGH,MEDIUM,HIGH,1,"Overall Risk: HIGH

Reasons:
* High predicted schedule risk (87.7% probability).

Early Warning:
Project requires closer monitoring."
618427,2,MEDIUM,LOW,HIGH,1,"Overall Risk: MEDIUM

Reasons:
* High predicted schedule risk (94.2% probability).

Early Warning:
Project requires closer monitoring."
618429,2,MEDIUM,LOW,HIGH,1,"Overall Risk: MEDIUM

Reasons:
* High predicted schedule risk (94.5% probability).

Early Warning:
Project requires closer monitoring."
618430,2,MEDIUM,LOW,HIGH,1,"Overall Risk: MEDIUM

Reasons:
* High predicted schedule risk (94.8% probability).

Early Warning:
Project requires closer monitoring."
618431,2,MEDIUM,LOW,HIGH,1,"Overall Risk: MEDIUM

Reasons:
* High predicted schedule risk (94.6% probability).

Early Warning:
Project requires closer monitoring."
618574,2,MEDIUM,LOW,HIGH,1,"Overall Risk: MEDIUM

Reasons:
* High predicted schedule risk (87.2% probability).

Early Warning:
Project requires closer monitoring."
618808,2,MEDIUM,LOW,HIGH,2,"Overall Risk: MEDIUM

Reasons:
* High predicted schedule risk (74.9% probability).
* Low progress near planned completion. 133.4% of original time elapsed, but only 40.0% physical progress.

Early Warning:
Project requires closer monitoring due to potential stalled progress near deadline."
618823,2,MEDIUM,LOW,HIGH,2,"Overall Risk: MEDIUM

Reasons:
* High predicted schedule risk (78.2% probability).
* Low progress near planned completion. 160.5% of original time elapsed, but only 43.5% physical progress.

Early Warning:
Project requires closer monitoring due to potential stalled progress near deadline."
618824,2,MEDIUM,LOW,HIGH,1,"Overall Risk: MEDIUM

Reasons:
* High predicted schedule risk (85.2% probability).

Early Warning:
Project requires closer monitoring."
618825,2,MEDIUM,LOW,HIGH,1,"Overall Risk: MEDIUM

Reasons:
* High predicted schedule risk (97.1% probability).

Early Warning:
Project requires closer monitoring."
619004,0,LOW,LOW,LOW,1,"Overall Risk: LOW

Reasons:
* Low progress near planned completion. 166.8% of original time elapsed, but only 8.0% physical progress.

Early Warning:
Project requires closer monitoring due to potential stalled progress near deadline."
619187,1,LOW,LOW,MEDIUM,1,"Overall Risk: LOW

Reasons:
* Low progress near planned completion. 120.7% of original time elapsed, but only 34.5% physical progress.

Early Warning:
Project requires closer monitoring due to potential stalled progress near deadline."
709859,2,MEDIUM,LOW,HIGH,1,"Overall Risk: MEDIUM

Reasons:
* High predicted schedule risk (90.3% probability).

Early Warning:
Project requires closer monitoring."
617413,2,MEDIUM,LOW,HIGH,1,"Overall Risk: MEDIUM

Reasons:
* High predicted schedule risk (93.4% probability).

Early Warning:
Project requires closer monitoring."
701599,2,MEDIUM,LOW,HIGH,1,"Overall Risk: MEDIUM

Reasons:
* High predicted schedule risk (90.9% probability).

Early Warning:
Project requires closer monitoring."
701602,2,MEDIUM,LOW,HIGH,1,"Overall Risk: MEDIUM

Reasons:
* High predicted schedule risk (86.2% probability).

Early Warning:
Project requires closer monitoring."
701597,2,MEDIUM,LOW,HIGH,1,"Overall Risk: MEDIUM

Reasons:
* High predicted schedule risk (72.5% probability).

Early Warning:
Project requires closer monitoring."
704495,2,MEDIUM,LOW,HIGH,1,"Overall Risk: MEDIUM

Reasons:
* High predicted schedule risk (93.5% probability).

Early Warning:
Project requires closer monitoring."
108841,0,LOW,LOW,LOW,1,"Overall Risk: LOW

Reasons:
* Low progress near planned completion. 97.2% of original time elapsed, but only 8.2% physical progress.

Early Warning:
Project requires closer monitoring due to potential stalled progress near deadline."
124199,0,LOW,LOW,LOW,1,"Overall Risk: LOW

Reasons:
* Low progress near planned completion. 97.2% of original time elapsed, but only 0.0% physical progress.

Early Warning:
Project requires closer monitoring due to potential stalled progress near deadline."
171218,0,LOW,LOW,LOW,1,"Overall Risk: LOW

Reasons:
* Low progress near planned completion. 97.3% of original time elapsed, but only 26.6% physical progress.

Early Warning:
Project requires closer monitoring due to potential stalled progress near deadline."
175860,0,LOW,LOW,LOW,1,"Overall Risk: LOW

Reasons:
* Low progress near planned completion. 102.7% of original time elapsed, but only 8.4% physical progress.

Early Warning:
Project requires closer monitoring due to potential stalled progress near deadline."
210914,0,LOW,LOW,LOW,1,"Overall Risk: LOW

Reasons:
* Low progress near planned completion. 97.3% of original time elapsed, but only 15.1% physical progress.

Early Warning:
Project requires closer monitoring due to potential stalled progress near deadline."
240484,0,LOW,LOW,LOW,1,"Overall Risk: LOW

Reasons:
* Low progress near planned completion. 97.2% of original time elapsed, but only 0.0% physical progress.

Early Warning:
Project requires closer monitoring due to potential stalled progress near deadline."
317725,0,LOW,LOW,LOW,1,"Overall Risk: LOW

Reasons:
* Low progress near planned completion. 97.2% of original time elapsed, but only 0.0% physical progress.

Early Warning:
Project requires closer monitoring due to potential stalled progress near deadline."
437130,0,LOW,LOW,LOW,1,"Overall Risk: LOW

Reasons:
* Low progress near planned completion. 97.2% of original time elapsed, but only 8.3% physical progress.

Early Warning:
Project requires closer monitoring due to potential stalled progress near deadline."
476006,0,LOW,LOW,LOW,1,"Overall Risk: LOW

Reasons:
* Low progress near planned completion. 97.3% of original time elapsed, but only 23.2% physical progress.

Early Warning:
Project requires closer monitoring due to potential stalled progress near deadline."
660056,0,LOW,LOW,LOW,1,"Overall Risk: LOW

Reasons:
* Low progress near planned completion. 97.2% of original time elapsed, but only 1.6% physical progress.

Early Warning:
Project requires closer monitoring due to potential stalled progress near deadline."
665021,0,LOW,LOW,LOW,1,"Overall Risk: LOW

Reasons:
* Low progress near planned completion. 97.2% of original time elapsed, but only 20.5% physical progress.

Early Warning:
Project requires closer monitoring due to potential stalled progress near deadline."
706775,4,HIGH,LOW,HIGH,2,"Overall Risk: HIGH

Reasons:
* High predicted schedule risk (86.6% probability).
* Significant expenditure-progress mismatch. Expenditure is 384.1% but physical progress is only 100.0% (Gap: 284.1%).

Early Warning:
Project requires closer monitoring due to financial/physical progress divergence."
709856,2,MEDIUM,LOW,HIGH,1,"Overall Risk: MEDIUM

Reasons:
* High predicted schedule risk (82.5% probability).

Early Warning:
Project requires closer monitoring."
914467,0,LOW,LOW,LOW,1,"Overall Risk: LOW

Reasons:
* Low progress near planned completion. 97.2% of original time elapsed, but only 17.8% physical progress.

Early Warning:
Project requires closer monitoring due to potential stalled progress near deadline."
938832,0,LOW,LOW,LOW,1,"Overall Risk: LOW

Reasons:
* Low progress near planned completion. 97.2% of original time elapsed, but only 0.0% physical progress.

Early Warning:
Project requires closer monitoring due to potential stalled progress near deadline."
946208,0,LOW,LOW,LOW,1,"Overall Risk: LOW

Reasons:
* Low progress near planned completion. 97.2% of original time elapsed, but only 0.0% physical progress.

Early Warning:
Project requires closer monitoring due to potential stalled progress near deadline."
976009,0,LOW,LOW,LOW,1,"Overall Risk: LOW

Reasons:
* Low progress near planned completion. 97.2% of original time elapsed, but only 0.6% physical progress.

Early Warning:
Project requires closer monitoring due to potential stalled progress near deadline."
222253,0,LOW,LOW,LOW,1,"Overall Risk: LOW

Reasons:
* Low progress near planned completion. 97.3% of original time elapsed, but only 7.7% physical progress.

Early Warning:
Project requires closer monitoring due to potential stalled progress near deadline."
708687,0,LOW,LOW,LOW,1,"Overall Risk: LOW

Reasons:
* Low progress near planned completion. 97.3% of original time elapsed, but only 7.2% physical progress.

Early Warning:
Project requires closer monitoring due to potential stalled progress near deadline."
616600,2,MEDIUM,LOW,HIGH,1,"Overall Risk: MEDIUM

Reasons:
* High predicted schedule risk (97.0% probability).

Early Warning:
Project requires closer monitoring."
616611,2,MEDIUM,LOW,HIGH,1,"Overall Risk: MEDIUM

Reasons:
* High predicted schedule risk (87.2% probability).

Early Warning:
Project requires closer monitoring."
616612,2,MEDIUM,LOW,HIGH,1,"Overall Risk: MEDIUM

Reasons:
* High predicted schedule risk (72.4% probability).

Early Warning:
Project requires closer monitoring."
616615,3,HIGH,LOW,HIGH,1,"Overall Risk: HIGH

Reasons:
* High predicted schedule risk (97.1% probability).

Early Warning:
Project requires closer monitoring."
616616,3,HIGH,LOW,HIGH,1,"Overall Risk: HIGH

Reasons:
* High predicted schedule risk (96.9% probability).

Early Warning:
Project requires closer monitoring."
616594,2,MEDIUM,LOW,HIGH,1,"Overall Risk: MEDIUM

Reasons:
* High predicted schedule risk (87.8% probability).

Early Warning:
Project requires closer monitoring."
616605,2,MEDIUM,LOW,HIGH,1,"Overall Risk: MEDIUM

Reasons:
* High predicted schedule risk (70.1% probability).

Early Warning:
Project requires closer monitoring."
616604,2,MEDIUM,LOW,HIGH,1,"Overall Risk: MEDIUM

Reasons:
* High predicted schedule risk (95.7% probability).

Early Warning:
Project requires closer monitoring."
400100,2,MEDIUM,LOW,HIGH,1,"Overall Risk: MEDIUM

Reasons:
* High predicted schedule risk (90.1% probability).

Early Warning:
Project requires closer monitoring."
400101,2,MEDIUM,LOW,HIGH,1,"Overall Risk: MEDIUM

Reasons:
* High predicted schedule risk (90.7% probability).

Early Warning:
Project requires closer monitoring."
701415,2,MEDIUM,LOW,HIGH,1,"Overall Risk: MEDIUM

Reasons:
* High predicted schedule risk (98.0% probability).

Early Warning:
Project requires closer monitoring."
400111,2,MEDIUM,LOW,HIGH,1,"Overall Risk: MEDIUM

Reasons:
* High predicted schedule risk (70.2% probability).

Early Warning:
Project requires closer monitoring."
701399,2,MEDIUM,LOW,HIGH,1,"Overall Risk: MEDIUM

Reasons:
* High predicted schedule risk (83.9% probability).

Early Warning:
Project requires closer monitoring."
701372,2,MEDIUM,LOW,HIGH,1,"Overall Risk: MEDIUM

Reasons:
* High predicted schedule risk (97.3% probability).

Early Warning:
Project requires closer monitoring."
701376,2,MEDIUM,LOW,HIGH,1,"Overall Risk: MEDIUM

Reasons:
* High predicted schedule risk (70.6% probability).

Early Warning:
Project requires closer monitoring."
701377,2,MEDIUM,LOW,HIGH,1,"Overall Risk: MEDIUM

Reasons:
* High predicted schedule risk (94.7% probability).

Early Warning:
Project requires closer monitoring."
400116,4,HIGH,LOW,HIGH,2,"Overall Risk: HIGH

Reasons:
* High predicted schedule risk (73.7% probability).
* Significant expenditure-progress mismatch. Expenditure is 162.2% but physical progress is only 81.5% (Gap: 80.7%).

Early Warning:
Project requires closer monitoring due to financial/physical progress divergence."
617422,0,LOW,LOW,LOW,1,"Overall Risk: LOW

Reasons:
* Low progress near planned completion. 230.3% of original time elapsed, but only 49.6% physical progress.

Early Warning:
Project requires closer monitoring due to potential stalled progress near deadline."
701383,2,MEDIUM,LOW,HIGH,1,"Overall Risk: MEDIUM

Reasons:
* High predicted schedule risk (82.9% probability).

Early Warning:
Project requires closer monitoring."
701386,4,HIGH,LOW,HIGH,2,"Overall Risk: HIGH

Reasons:
* High predicted schedule risk (85.1% probability).
* Significant expenditure-progress mismatch. Expenditure is 113.1% but physical progress is only 72.7% (Gap: 40.4%).

Early Warning:
Project requires closer monitoring due to financial/physical progress divergence."
701391,3,HIGH,LOW,HIGH,1,"Overall Risk: HIGH

Reasons:
* High predicted schedule risk (89.0% probability).

Early Warning:
Project requires closer monitoring."
701396,3,HIGH,LOW,MEDIUM,1,"Overall Risk: HIGH

Reasons:
* Significant expenditure-progress mismatch. Expenditure is 207.1% but physical progress is only 65.0% (Gap: 142.1%).

Early Warning:
Project requires closer monitoring due to financial/physical progress divergence."
701398,4,HIGH,LOW,HIGH,2,"Overall Risk: HIGH

Reasons:
* High predicted schedule risk (72.4% probability).
* Significant expenditure-progress mismatch. Expenditure is 112.5% but physical progress is only 75.0% (Gap: 37.5%).

Early Warning:
Project requires closer monitoring due to financial/physical progress divergence."
701400,2,MEDIUM,LOW,HIGH,1,"Overall Risk: MEDIUM

Reasons:
* High predicted schedule risk (96.9% probability).

Early Warning:
Project requires closer monitoring."
701412,2,MEDIUM,MEDIUM,MEDIUM,1,"Overall Risk: MEDIUM

Reasons:
* Low progress near planned completion. 5518.6% of original time elapsed, but only 47.0% physical progress.

Early Warning:
Project requires closer monitoring due to potential stalled progress near deadline."
701530,2,MEDIUM,LOW,LOW,1,"Overall Risk: MEDIUM

Reasons:
* Significant expenditure-progress mismatch. Expenditure is 40.6% but physical progress is only 0.0% (Gap: 40.6%).

Early Warning:
Project requires closer monitoring due to financial/physical progress divergence."
603945,4,HIGH,LOW,HIGH,2,"Overall Risk: HIGH

Reasons:
* High predicted schedule risk (75.4% probability).
* Significant expenditure-progress mismatch. Expenditure is 94.0% but physical progress is only 62.9% (Gap: 31.1%).

Early Warning:
Project requires closer monitoring due to financial/physical progress divergence."
701402,3,HIGH,LOW,HIGH,2,"Overall Risk: HIGH

Reasons:
* High predicted schedule risk (96.0% probability).
* Significant expenditure-progress mismatch. Expenditure is 118.6% but physical progress is only 95.5% (Gap: 23.1%).

Early Warning:
Project requires closer monitoring due to financial/physical progress divergence."
701404,4,HIGH,LOW,HIGH,2,"Overall Risk: HIGH

Reasons:
* High predicted schedule risk (87.2% probability).
* Significant expenditure-progress mismatch. Expenditure is 121.9% but physical progress is only 79.5% (Gap: 42.4%).

Early Warning:
Project requires closer monitoring due to financial/physical progress divergence."
701410,3,HIGH,MEDIUM,HIGH,1,"Overall Risk: HIGH

Reasons:
* High predicted schedule risk (92.1% probability).

Early Warning:
Project requires closer monitoring."
701411,3,HIGH,MEDIUM,HIGH,1,"Overall Risk: HIGH

Reasons:
* High predicted schedule risk (88.9% probability).

Early Warning:
Project requires closer monitoring."
400102,2,MEDIUM,LOW,HIGH,1,"Overall Risk: MEDIUM

Reasons:
* High predicted schedule risk (92.7% probability).

Early Warning:
Project requires closer monitoring."
400103,2,MEDIUM,LOW,HIGH,1,"Overall Risk: MEDIUM

Reasons:
* High predicted schedule risk (93.5% probability).

Early Warning:
Project requires closer monitoring."
701405,3,HIGH,MEDIUM,HIGH,1,"Overall Risk: HIGH

Reasons:
* High predicted schedule risk (87.5% probability).

Early Warning:
Project requires closer monitoring."
701408,3,HIGH,LOW,HIGH,2,"Overall Risk: HIGH

Reasons:
* High predicted schedule risk (83.5% probability).
* Significant expenditure-progress mismatch. Expenditure is 103.6% but physical progress is only 82.4% (Gap: 21.2%).

Early Warning:
Project requires closer monitoring due to financial/physical progress divergence."
613787,1,LOW,LOW,LOW,1,"Overall Risk: LOW

Reasons:
* Significant expenditure-progress mismatch. Expenditure is 50.6% but physical progress is only 26.2% (Gap: 24.4%).

Early Warning:
Project requires closer monitoring due to financial/physical progress divergence."
