priority_rank,project_code,project_name,agency,state,physical_progress,expenditure_percent,cost_overrun_percent,time_overrun_percent,risk_score,risk_category,warnings,risk_explanation
1,618549,Construction of twin tube tunnels on Jammu Kashmir Ring Road NH-244A Between Design Ch. 50600 to 51700 and design Ch. 53535 to 55700 on EPC mode under residual NHDP component of Bharatmala Pariyojna,NHAI,Jammu and Kashmir,83.87,279.1963733772924,179.19637337729242,75.45827633378944,100,CRITICAL,"['Predicted cost overrun is high.', 'Predicted completion is significantly later than planned.', 'Expenditure is high compared with physical progress.', 'Multiple risk indicators are simultaneously high.']","Project 618549 is classified as CRITICAL risk because the predicted total cost is significantly above the baseline, the projected completion date exceeds the planned schedule, and expenditure is high relative to the physical progress achieved."
2,619202,Dwarka Expressway from Km -0.600 to Km 5.300 - Pkg-I Shivmurti Chowk-RuB near Dwarka Sector 21,NHAI,Delhi,98.8,163.762723402668,78.70178628879971,196.16301369863007,100,CRITICAL,"['Predicted cost overrun is high.', 'Predicted completion is significantly later than planned.', 'Expenditure is high compared with physical progress.', 'Multiple risk indicators are simultaneously high.']","Project 619202 is classified as CRITICAL risk because the predicted total cost is significantly above the baseline, the projected completion date exceeds the planned schedule, and expenditure is high relative to the physical progress achieved."
3,701376,"Subernarekha Multipurpose Project, Jharkhand",Department of Water Resources-JH,Jharkhand,70.0,158.63011684004024,124.54297134543286,83.1546177793151,100,CRITICAL,"['Predicted cost overrun is high.', 'Predicted completion is significantly later than planned.', 'Expenditure is high compared with physical progress.', 'Multiple risk indicators are simultaneously high.']","Project 701376 is classified as CRITICAL risk because the predicted total cost is significantly above the baseline, the projected completion date exceeds the planned schedule, and expenditure is high relative to the physical progress achieved."
4,701396,Lower Pedhi Project,Department of water resources-MH - II,Maharashtra,65.0,1197.816150330117,1097.816150330117,56.41868106078384,100,CRITICAL,"['Predicted cost overrun is high.', 'Predicted completion is significantly later than planned.', 'Expenditure is high compared with physical progress.', 'Multiple risk indicators are simultaneously high.']","Project 701396 is classified as CRITICAL risk because the predicted total cost is significantly above the baseline, the projected completion date exceeds the planned schedule, and expenditure is high relative to the physical progress achieved."
5,701398,Nardave Medium Irrigation Project,Department of water resources-MH - II,Maharashtra,75.0,416.0597748983259,316.0597748983259,62.18685831622183,100,CRITICAL,"['Predicted cost overrun is high.', 'Predicted completion is significantly later than planned.', 'Expenditure is high compared with physical progress.', 'Multiple risk indicators are simultaneously high.']","Project 701398 is classified as CRITICAL risk because the predicted total cost is significantly above the baseline, the projected completion date exceeds the planned schedule, and expenditure is high relative to the physical progress achieved."
6,701263,Rajasthan Refinery Project,MinistryofPetroleumNaturalGas,Rajasthan,92.1,162.2960884787498,62.73213151243945,73.26506024096369,100,CRITICAL,"['Predicted cost overrun is high.', 'Predicted completion is significantly later than planned.', 'Expenditure is high compared with physical progress.', 'Multiple risk indicators are simultaneously high.']","Project 701263 is classified as CRITICAL risk because the predicted total cost is significantly above the baseline, the projected completion date exceeds the planned schedule, and expenditure is high relative to the physical progress achieved."
7,706950,Hospet-Hubli-Vasco da Gama Line Electrification Project,RVNL,"Multi-States (Goa, Karnataka)",99.7,156.25730365753736,61.34150895243714,67.6351274787536,100,CRITICAL,"['Predicted cost overrun is high.', 'Predicted completion is significantly later than planned.', 'Expenditure is high compared with physical progress.', 'Multiple risk indicators are simultaneously high.']","Project 706950 is classified as CRITICAL risk because the predicted total cost is significantly above the baseline, the projected completion date exceeds the planned schedule, and expenditure is high relative to the physical progress achieved."
8,701386,Gosikhurd Project,Department of water resources-MH - II,Maharashtra,72.65,200.64642804041424,100.64642804041424,71.41164045998558,100,CRITICAL,"['Predicted cost overrun is high.', 'Predicted completion is significantly later than planned.', 'Expenditure is high compared with physical progress.', 'Multiple risk indicators are simultaneously high.']","Project 701386 is classified as CRITICAL risk because the predicted total cost is significantly above the baseline, the projected completion date exceeds the planned schedule, and expenditure is high relative to the physical progress achieved."
9,701391,Aruna Medium Irrigation Project,Department of water resources-MH - II,Maharashtra,100.0,824.2860536944644,724.2860536944643,66.39049986191657,100,CRITICAL,"['Predicted cost overrun is high.', 'Predicted completion is significantly later than planned.', 'Expenditure is high compared with physical progress.', 'Multiple risk indicators are simultaneously high.']","Project 701391 is classified as CRITICAL risk because the predicted total cost is significantly above the baseline, the projected completion date exceeds the planned schedule, and expenditure is high relative to the physical progress achieved."
10,619003,Solan - Kaithlighat Section of NH-22 Now NH-5 from Km. 106.139 to Km.129.05,NHAI,Himachal Pradesh,90.11,152.85571710481548,77.60563204572772,220.2916666666663,100,CRITICAL,"['Predicted cost overrun is high.', 'Predicted completion is significantly later than planned.', 'Expenditure is high compared with physical progress.', 'Multiple risk indicators are simultaneously high.']","Project 619003 is classified as CRITICAL risk because the predicted total cost is significantly above the baseline, the projected completion date exceeds the planned schedule, and expenditure is high relative to the physical progress achieved."
11,618955,2L PS of Majhauli to Charout section from km. 0.00 to km. 63.655,NHAI,Bihar,99.8,171.7338513841671,74.13072427893258,243.94391244870044,100,CRITICAL,"['Predicted cost overrun is high.', 'Predicted completion is significantly later than planned.', 'Expenditure is high compared with physical progress.', 'Multiple risk indicators are simultaneously high.']","Project 618955 is classified as CRITICAL risk because the predicted total cost is significantly above the baseline, the projected completion date exceeds the planned schedule, and expenditure is high relative to the physical progress achieved."
12,701228,Kochi - Koottanad - Bangalore - Mangalore Pipeline Phase-II,Gas Authority of India Limited [GAIL],Tamil Nadu,97.4,167.47169811320754,99.81101886792456,393.4026583268183,100,CRITICAL,"['Predicted cost overrun is high.', 'Predicted completion is significantly later than planned.', 'Expenditure is high compared with physical progress.', 'Multiple risk indicators are simultaneously high.']","Project 701228 is classified as CRITICAL risk because the predicted total cost is significantly above the baseline, the projected completion date exceeds the planned schedule, and expenditure is high relative to the physical progress achieved."
13,617913,6-laning of km 9.900 to km 19/948 Aramgarh to Shamshabad Section of Hyderabad- Bangalore section of NH-44 Under NHO EPC basis in the state of Telangana,MoRTH,Telangana,92.62,169.6662546353523,69.6662546353523,308.0711354309165,100,CRITICAL,"['Predicted cost overrun is high.', 'Predicted completion is significantly later than planned.', 'Expenditure is high compared with physical progress.', 'Multiple risk indicators are simultaneously high.']","Project 617913 is classified as CRITICAL risk because the predicted total cost is significantly above the baseline, the projected completion date exceeds the planned schedule, and expenditure is high relative to the physical progress achieved."
14,701408,Madhya Ganga canal Phase-II,Irrigation & Water Resources-UP,Uttar Pradesh,82.39,431.40090697389377,331.4009069738938,56.41868106078384,100,CRITICAL,"['Predicted cost overrun is high.', 'Predicted completion is significantly later than planned.', 'Expenditure is high compared with physical progress.', 'Multiple risk indicators are simultaneously high.']","Project 701408 is classified as CRITICAL risk because the predicted total cost is significantly above the baseline, the projected completion date exceeds the planned schedule, and expenditure is high relative to the physical progress achieved."
15,701377,Upper Tunga Irrigation Project,Water Resources-KA,Karnataka,99.32,196.79027734496728,111.09573335410852,116.13526570048307,100,CRITICAL,"['Predicted cost overrun is high.', 'Predicted completion is significantly later than planned.', 'Expenditure is high compared with physical progress.', 'Multiple risk indicators are simultaneously high.']","Project 701377 is classified as CRITICAL risk because the predicted total cost is significantly above the baseline, the projected completion date exceeds the planned schedule, and expenditure is high relative to the physical progress achieved."
16,618902,Maheshkunt-Saharsa-Purnea Pkg I km 0.00 to km. 90.00 of NH-107,NHAI,Bihar,90.07,170.01086890888232,86.99995471287964,237.80437756498017,100,CRITICAL,"['Predicted cost overrun is high.', 'Predicted completion is significantly later than planned.', 'Expenditure is high compared with physical progress.', 'Multiple risk indicators are simultaneously high.']","Project 618902 is classified as CRITICAL risk because the predicted total cost is significantly above the baseline, the projected completion date exceeds the planned schedule, and expenditure is high relative to the physical progress achieved."
17,701410,Relining of Rajasthan feeder and Sirhind Feeder canal,Department of Water Resources-PB,Punjab,95.0,164.0314724615961,68.0191637872418,160.41486603284358,100,CRITICAL,"['Predicted cost overrun is high.', 'Predicted completion is significantly later than planned.', 'Expenditure is high compared with physical progress.', 'Multiple risk indicators are simultaneously high.']","Project 701410 is classified as CRITICAL risk because the predicted total cost is significantly above the baseline, the projected completion date exceeds the planned schedule, and expenditure is high relative to the physical progress achieved."
18,602096,Subansiri Lower HE Project [2000 MW],National Hydroelectric Power Corporation Limited [NHPC],"Multi-States (Arunachal Pradesh, Assam)",97.98,420.790475599531,320.79047559953096,286.9681005316572,100,CRITICAL,"['Predicted cost overrun is high.', 'Predicted completion is significantly later than planned.', 'Expenditure is high compared with physical progress.', 'Multiple risk indicators are simultaneously high.']","Project 602096 is classified as CRITICAL risk because the predicted total cost is significantly above the baseline, the projected completion date exceeds the planned schedule, and expenditure is high relative to the physical progress achieved."
19,605156,Rangit-IV HE Project [120 MW] executed by Jal Power Corporation Ltd. [JPCL] - A wholly owned subsidiary of NHPC Ltd. acquired through NCLT,National Hydroelectric Power Corporation Limited [NHPC],Sikkim,97.56,183.11609417131166,90.20624753541,90.14741035856598,100,CRITICAL,"['Predicted cost overrun is high.', 'Predicted completion is significantly later than planned.', 'Expenditure is high compared with physical progress.', 'Multiple risk indicators are simultaneously high.']","Project 605156 is classified as CRITICAL risk because the predicted total cost is significantly above the baseline, the projected completion date exceeds the planned schedule, and expenditure is high relative to the physical progress achieved."
20,602223,Comprehensive Scheme for Strengthening of Transmission and Distribution [T&D] Systems [CSST&DS] in Arunachal Pradesh and Sikkim,Power Grid Corporation of India Limited [POWERGRID],"Multi-States (Arunachal Pradesh, Sikkim)",83.9,171.2410767243954,81.62991069362802,198.02956636005285,100,CRITICAL,"['Predicted cost overrun is high.', 'Predicted completion is significantly later than planned.', 'Expenditure is high compared with physical progress.', 'Multiple risk indicators are simultaneously high.']","Project 602223 is classified as CRITICAL risk because the predicted total cost is significantly above the baseline, the projected completion date exceeds the planned schedule, and expenditure is high relative to the physical progress achieved."
21,612259,CONSTRUCTION OF 300 BEDDED HOSPITAL AT HARIDWAR,Employee's State Insurance Company [ESIC],Uttarakhand,90.5,332.32421875,232.32421875,64.11690821256047,100,CRITICAL,"['Predicted cost overrun is high.', 'Predicted completion is significantly later than planned.', 'Expenditure is high compared with physical progress.', 'Multiple risk indicators are simultaneously high.']","Project 612259 is classified as CRITICAL risk because the predicted total cost is significantly above the baseline, the projected completion date exceeds the planned schedule, and expenditure is high relative to the physical progress achieved."
22,705489,Madurai-Tuticorin via Aruppukkottai 143.5 km,CAOC/SR SR mor,Tamil Nadu,14.0,58.39582328783067,151.46638844088275,166.84051724137942,100,CRITICAL,"['Predicted cost overrun is high.', 'Predicted completion is significantly later than planned.', 'Expenditure is high compared with physical progress.', 'Multiple risk indicators are simultaneously high.']","Project 705489 is classified as CRITICAL risk because the predicted total cost is significantly above the baseline, the projected completion date exceeds the planned schedule, and expenditure is high relative to the physical progress achieved."
23,705366,Hajipur-Sagauli via Vaishali 148.3 km,CAO/Con/North/MHX ECR mor,Bihar,74.0,137.56119980648282,86.16856797290768,61.99659201557913,100,CRITICAL,"['Predicted cost overrun is high.', 'Predicted completion is significantly later than planned.', 'Expenditure is high compared with physical progress.', 'Multiple risk indicators are simultaneously high.']","Project 705366 is classified as CRITICAL risk because the predicted total cost is significantly above the baseline, the projected completion date exceeds the planned schedule, and expenditure is high relative to the physical progress achieved."
24,602184,Rammam-III HEPP [3x40 MW],National Thermal Power Corporation [NTPC],West Bengal,57.86,122.35352862849535,100.33744138250444,194.0662650602412,100,CRITICAL,"['Predicted cost overrun is high.', 'Predicted completion is significantly later than planned.', 'Expenditure is high compared with physical progress.', 'Multiple risk indicators are simultaneously high.']","Project 602184 is classified as CRITICAL risk because the predicted total cost is significantly above the baseline, the projected completion date exceeds the planned schedule, and expenditure is high relative to the physical progress achieved."
25,705635,Trivandrum- Kanyakumari,CAO/CN/ERS SR mor,"Multi-States (Kerala, Tamil Nadu)",59.0,227.5817039106145,154.32172486033556,50.97547817557655,100,CRITICAL,"['Predicted cost overrun is high.', 'Predicted completion is significantly later than planned.', 'Expenditure is high compared with physical progress.', 'Multiple risk indicators are simultaneously high.']","Project 705635 is classified as CRITICAL risk because the predicted total cost is significantly above the baseline, the projected completion date exceeds the planned schedule, and expenditure is high relative to the physical progress achieved."
26,400116,Bargi Diversion Project Phase - III [km. 104 to km 154],Water Resources-MP,Madhya Pradesh,81.52,184.75857299759994,84.75857299759996,56.27361141128182,100,CRITICAL,"['Predicted cost overrun is high.', 'Predicted completion is significantly later than planned.', 'Expenditure is high compared with physical progress.', 'Multiple risk indicators are simultaneously high.']","Project 400116 is classified as CRITICAL risk because the predicted total cost is significantly above the baseline, the projected completion date exceeds the planned schedule, and expenditure is high relative to the physical progress achieved."
27,602195,Vishnugad Pipalkoti Hydro Electric Project [444 MW],THDC India Limited,Uttarakhand,81.5,151.09225847397255,67.72772417008824,60.49631449631434,100,CRITICAL,"['Predicted cost overrun is high.', 'Predicted completion is significantly later than planned.', 'Expenditure is high compared with physical progress.', 'Multiple risk indicators are simultaneously high.']","Project 602195 is classified as CRITICAL risk because the predicted total cost is significantly above the baseline, the projected completion date exceeds the planned schedule, and expenditure is high relative to the physical progress achieved."
28,618438,"4-Laning of NH-37 Section between Demow to End of Moran Bypass From Km. 534.800 to Km. 561.700 including Emergency Landing Facility ELF under SARDP-NE, Phase 'A' in the State of Assam on EPC mode",NHIDCL,Assam,100.0,176.47638561091372,76.47638561091374,133.45521023765997,100,CRITICAL,"['Predicted cost overrun is high.', 'Predicted completion is significantly later than planned.', 'Expenditure is high compared with physical progress.', 'Multiple risk indicators are simultaneously high.']","Project 618438 is classified as CRITICAL risk because the predicted total cost is significantly above the baseline, the projected completion date exceeds the planned schedule, and expenditure is high relative to the physical progress achieved."
29,707050,Establishment of new GMC Porbandar,"Medical Education, Ministry of Health and Family Welfare",Gujarat,81.0,288.19692307692304,188.19692307692307,95.29243937232528,100,CRITICAL,"['Predicted cost overrun is high.', 'Predicted completion is significantly later than planned.', 'Expenditure is high compared with physical progress.', 'Multiple risk indicators are simultaneously high.']","Project 707050 is classified as CRITICAL risk because the predicted total cost is significantly above the baseline, the projected completion date exceeds the planned schedule, and expenditure is high relative to the physical progress achieved."
30,606112,Tezpur University Projects,Tezpur University,Assam,97.98,173.1442326458916,73.14423264589159,110.19252548131372,100,CRITICAL,"['Predicted cost overrun is high.', 'Predicted completion is significantly later than planned.', 'Expenditure is high compared with physical progress.', 'Multiple risk indicators are simultaneously high.']","Project 606112 is classified as CRITICAL risk because the predicted total cost is significantly above the baseline, the projected completion date exceeds the planned schedule, and expenditure is high relative to the physical progress achieved."
31,602593,Luhri Stage-I Hydro Electric Project [210 MW],Satluj Jal Vidyut Nigam [SJVN] Thermal Limited,Himachal Pradesh,52.13,109.3910171438671,112.26877872039591,78.13990461049268,100,CRITICAL,"['Predicted cost overrun is high.', 'Predicted completion is significantly later than planned.', 'Expenditure is high compared with physical progress.', 'Multiple risk indicators are simultaneously high.']","Project 602593 is classified as CRITICAL risk because the predicted total cost is significantly above the baseline, the projected completion date exceeds the planned schedule, and expenditure is high relative to the physical progress achieved."
32,604791,Numaligarh Refinery Expansion Project,Numaligarh Refinery Limited,Assam,87.0,165.0589519650655,92.96306162057256,63.480492813141765,100,CRITICAL,"['Predicted cost overrun is high.', 'Predicted completion is significantly later than planned.', 'Expenditure is high compared with physical progress.', 'Multiple risk indicators are simultaneously high.']","Project 604791 is classified as CRITICAL risk because the predicted total cost is significantly above the baseline, the projected completion date exceeds the planned schedule, and expenditure is high relative to the physical progress achieved."
33,602185,Tapovan-Vishnugad HEP [4x130 MW],National Thermal Power Corporation [NTPC],Uttarakhand,76.07,262.854600402955,162.854600402955,250.1647923875436,100,CRITICAL,"['Predicted cost overrun is high.', 'Predicted completion is significantly later than planned.', 'Expenditure is high compared with physical progress.', 'Multiple risk indicators are simultaneously high.']","Project 602185 is classified as CRITICAL risk because the predicted total cost is significantly above the baseline, the projected completion date exceeds the planned schedule, and expenditure is high relative to the physical progress achieved."
34,618291,"Construction of 2-lane with Paved shoulder of Kohima-Bypass Road connecting NH- 39 New NH-02, NH150New NH-02, NH7-61 New NH-29 and NH-39 New NH-02 from Design km 21.000 to km 32.268 [Design length11.268 km] in the state of Nagaland Under SARDP-NE on EPC Mode Package- 3",NHIDCL,Nagaland,39.54,80.27525805442602,78.2335314357213,73.81942544459659,100,CRITICAL,"['Predicted cost overrun is high.', 'Predicted completion is significantly later than planned.', 'Expenditure is high compared with physical progress.', 'Multiple risk indicators are simultaneously high.']","Project 618291 is classified as CRITICAL risk because the predicted total cost is significantly above the baseline, the projected completion date exceeds the planned schedule, and expenditure is high relative to the physical progress achieved."
35,705401,Murkongselek-Pasighat 26.15 km,CAO/C-II/NFR NFR mor,"Multi-States (Arunachal Pradesh, Assam)",67.0,243.0367816091954,175.0818390804595,93.6597014925373,100,CRITICAL,"['Predicted cost overrun is high.', 'Predicted completion is significantly later than planned.', 'Expenditure is high compared with physical progress.', 'Multiple risk indicators are simultaneously high.']","Project 705401 is classified as CRITICAL risk because the predicted total cost is significantly above the baseline, the projected completion date exceeds the planned schedule, and expenditure is high relative to the physical progress achieved."
36,705253,Kurnool Coach Midlife Rehabilitation Project,South Central Railway [SCR] - II,Andhra Pradesh,75.01,170.3854351687389,70.3854351687389,94.48187633262296,100,CRITICAL,"['Predicted cost overrun is high.', 'Predicted completion is significantly later than planned.', 'Expenditure is high compared with physical progress.', 'Multiple risk indicators are simultaneously high.']","Project 705253 is classified as CRITICAL risk because the predicted total cost is significantly above the baseline, the projected completion date exceeds the planned schedule, and expenditure is high relative to the physical progress achieved."
37,400273,"Tarakeswar-Bishnupur with extension upto Dhaniakhali, Arambagh-Irphala, Irphala- Ghatal 11.2 km, Arambagh-Champadanga 23.3 km & Bishnupur-Uparsol 31.8 km and new material modification for Mynapur-Kamarpukur via Birsha 19 km",CAOC/ER ER mor,West Bengal,75.0,135.20941968040373,111.65443229604716,52.395853706239,100,CRITICAL,"['Predicted cost overrun is high.', 'Predicted completion is significantly later than planned.', 'Expenditure is high compared with physical progress.', 'Multiple risk indicators are simultaneously high.']","Project 400273 is classified as CRITICAL risk because the predicted total cost is significantly above the baseline, the projected completion date exceeds the planned schedule, and expenditure is high relative to the physical progress achieved."
38,705368,Araria-Supaul 92 km,CAO/Con/North/MHX ECR mor,Bihar,40.0,133.38317757009347,79.77355763239856,81.6617071260769,100,CRITICAL,"['Predicted cost overrun is high.', 'Predicted completion is significantly later than planned.', 'Expenditure is high compared with physical progress.', 'Multiple risk indicators are simultaneously high.']","Project 705368 is classified as CRITICAL risk because the predicted total cost is significantly above the baseline, the projected completion date exceeds the planned schedule, and expenditure is high relative to the physical progress achieved."
39,400301,Multi Product Pipeline from Irugur to Devangonthi,MinistryofPetroleumNaturalGas,Tamil Nadu,86.4,177.929203539823,145.56069321533923,227.2698003863488,100,CRITICAL,"['Predicted cost overrun is high.', 'Predicted completion is significantly later than planned.', 'Expenditure is high compared with physical progress.', 'Multiple risk indicators are simultaneously high.']","Project 400301 is classified as CRITICAL risk because the predicted total cost is significantly above the baseline, the projected completion date exceeds the planned schedule, and expenditure is high relative to the physical progress achieved."
40,400105,Urmodi Irrigation Project,Department of water resources-MH - II,Maharashtra,76.22,122.84302415675204,48.00120525491124,104.40078843626824,90,CRITICAL,"['Predicted cost overrun is high.', 'Predicted completion is significantly later than planned.', 'Expenditure is high compared with physical progress.', 'Multiple risk indicators are simultaneously high.']","Project 400105 is classified as CRITICAL risk because the predicted total cost is significantly above the baseline, the projected completion date exceeds the planned schedule, and expenditure is high relative to the physical progress achieved."
41,709839,Daman Upside Development Project,Oil and Natural Gas Corporation Limited [ONGC],Offshore,92.9,152.07230944814822,56.971774028148936,33.55500821018058,90,CRITICAL,"['Predicted cost overrun is high.', 'Predicted completion is significantly later than planned.', 'Expenditure is high compared with physical progress.', 'Multiple risk indicators are simultaneously high.']","Project 709839 is classified as CRITICAL risk because the predicted total cost is significantly above the baseline, the projected completion date exceeds the planned schedule, and expenditure is high relative to the physical progress achieved."
42,400223,Tiruchchirappalli-Nagore-Karaikal with extension of Nagapattinam-Velankani- Tiruthiraipundi incl. new material modification of Karaikal - Peralam 23 km new line,CAOC/SR SR mor,"Multi-States (Puducherry, Tamil Nadu)",80.0,177.80364656381488,139.5224824684431,23.50593178447832,90,CRITICAL,"['Predicted cost overrun is high.', 'Predicted completion is significantly later than planned.', 'Expenditure is high compared with physical progress.', 'Multiple risk indicators are simultaneously high.']","Project 400223 is classified as CRITICAL risk because the predicted total cost is significantly above the baseline, the projected completion date exceeds the planned schedule, and expenditure is high relative to the physical progress achieved."
43,701383,Waghur Project,Department of water resources-MH - II,Maharashtra,89.57,155.10061473668307,76.69630496982978,27.81119851920409,90,CRITICAL,"['Predicted cost overrun is high.', 'Predicted completion is significantly later than planned.', 'Expenditure is high compared with physical progress.', 'Multiple risk indicators are simultaneously high.']","Project 701383 is classified as CRITICAL risk because the predicted total cost is significantly above the baseline, the projected completion date exceeds the planned schedule, and expenditure is high relative to the physical progress achieved."
44,701406,Rajiv Bhima Lift Irrigation Scheme,Irrigation and CAD-TG,Telangana,100.0,131.22396576319545,58.95749643366629,54.54963235294118,90,CRITICAL,"['Predicted cost overrun is high.', 'Predicted completion is significantly later than planned.', 'Expenditure is high compared with physical progress.', 'Multiple risk indicators are simultaneously high.']","Project 701406 is classified as CRITICAL risk because the predicted total cost is significantly above the baseline, the projected completion date exceeds the planned schedule, and expenditure is high relative to the physical progress achieved."
45,400101,Gundlakamma project,Water Resources-AP,Andhra Pradesh,98.3,157.21295387634936,58.88528220225957,47.3373156617509,90,CRITICAL,"['Predicted cost overrun is high.', 'Predicted completion is significantly later than planned.', 'Expenditure is high compared with physical progress.', 'Multiple risk indicators are simultaneously high.']","Project 400101 is classified as CRITICAL risk because the predicted total cost is significantly above the baseline, the projected completion date exceeds the planned schedule, and expenditure is high relative to the physical progress achieved."
46,618337,Widening to 2 -Lane with Paved shoulder of Imphal to Jiribam section of NH-37 from Design Chainage 33.000 km to 66.390 Km Existing Chainage from km 33.395 to km 67.496 on EPC Mode in Manipur PKG-3,NHIDCL,Manipur,86.33,127.14989293361884,27.14989293361884,223.0769230769231,90,CRITICAL,"['Predicted cost overrun is high.', 'Predicted completion is significantly later than planned.', 'Expenditure is high compared with physical progress.', 'Multiple risk indicators are simultaneously high.']","Project 618337 is classified as CRITICAL risk because the predicted total cost is significantly above the baseline, the projected completion date exceeds the planned schedule, and expenditure is high relative to the physical progress achieved."
47,705735,Solapur-Osmanabad - New line via Tuljapur 84.44 km umbrella work PB23/2018- 19/NR,CAOC/CR CR mor,Maharashtra,22.0,132.9100914998011,89.78946205189393,27.40944017563112,90,CRITICAL,"['Predicted cost overrun is high.', 'Predicted completion is significantly later than planned.', 'Expenditure is high compared with physical progress.', 'Multiple risk indicators are simultaneously high.']","Project 705735 is classified as CRITICAL risk because the predicted total cost is significantly above the baseline, the projected completion date exceeds the planned schedule, and expenditure is high relative to the physical progress achieved."
48,400111,Kelo Irrigation Project,Water Resources-CT,Chhattisgarh,73.0,134.82401026153877,49.77539839554756,57.058436986622574,90,CRITICAL,"['Predicted cost overrun is high.', 'Predicted completion is significantly later than planned.', 'Expenditure is high compared with physical progress.', 'Multiple risk indicators are simultaneously high.']","Project 400111 is classified as CRITICAL risk because the predicted total cost is significantly above the baseline, the projected completion date exceeds the planned schedule, and expenditure is high relative to the physical progress achieved."
49,617379,Development of New Bijwasan Railway Terminal,Northern Railways,Delhi,80.0,126.7788709352099,26.7788709352099,97.30700039108308,90,CRITICAL,"['Predicted cost overrun is high.', 'Predicted completion is significantly later than planned.', 'Expenditure is high compared with physical progress.', 'Multiple risk indicators are simultaneously high.']","Project 617379 is classified as CRITICAL risk because the predicted total cost is significantly above the baseline, the projected completion date exceeds the planned schedule, and expenditure is high relative to the physical progress achieved."
50,602582,Dhaulasidh Hydro Electric Project [66 MW],Satluj Jal Vidyut Nigam [SJVN] Thermal Limited,Himachal Pradesh,80.69,185.42669011730163,149.3173103478347,31.615197568388982,90,CRITICAL,"['Predicted cost overrun is high.', 'Predicted completion is significantly later than planned.', 'Expenditure is high compared with physical progress.', 'Multiple risk indicators are simultaneously high.']","Project 602582 is classified as CRITICAL risk because the predicted total cost is significantly above the baseline, the projected completion date exceeds the planned schedule, and expenditure is high relative to the physical progress achieved."
51,705661,Katni - Grade separator / bypass 21.50 km,GM IRCON KATNI WCR mor,Madhya Pradesh,84.0,147.3926282051282,75.64987179487184,28.01134141572166,90,CRITICAL,"['Predicted cost overrun is high.', 'Predicted completion is significantly later than planned.', 'Expenditure is high compared with physical progress.', 'Multiple risk indicators are simultaneously high.']","Project 705661 is classified as CRITICAL risk because the predicted total cost is significantly above the baseline, the projected completion date exceeds the planned schedule, and expenditure is high relative to the physical progress achieved."
52,618653,Loha-Waranga Section of NH-361 from km 187.800 to km 244.369,NHAI,Maharashtra,96.22,121.64180311953918,140.10502556468808,283.27496580027395,90,CRITICAL,"['Predicted cost overrun is high.', 'Predicted completion is significantly later than planned.', 'Expenditure is high compared with physical progress.', 'Multiple risk indicators are simultaneously high.']","Project 618653 is classified as CRITICAL risk because the predicted total cost is significantly above the baseline, the projected completion date exceeds the planned schedule, and expenditure is high relative to the physical progress achieved."
53,618444,"Construction of Balance Work of the 4-Laning of the Section from Jorhat to Jhanji of NH-37 Old from Km 453.000 to Km 490.800, under SARDP- NE , under EPC Mode in the state of Assam Pkg-IV Structures & Toll Plaza",NHIDCL,Assam,94.73,142.84075839575644,42.84075839575643,367.5824175824176,90,CRITICAL,"['Predicted cost overrun is high.', 'Predicted completion is significantly later than planned.', 'Expenditure is high compared with physical progress.', 'Multiple risk indicators are simultaneously high.']","Project 618444 is classified as CRITICAL risk because the predicted total cost is significantly above the baseline, the projected completion date exceeds the planned schedule, and expenditure is high relative to the physical progress achieved."
54,705588,Janghai - Pratapgarh - Amethi 87 km,CAO/C-II/NR NR mor,Uttar Pradesh,80.0,168.49307479224376,122.12167590027695,22.21715328467152,90,CRITICAL,"['Predicted cost overrun is high.', 'Predicted completion is significantly later than planned.', 'Expenditure is high compared with physical progress.', 'Multiple risk indicators are simultaneously high.']","Project 705588 is classified as CRITICAL risk because the predicted total cost is significantly above the baseline, the projected completion date exceeds the planned schedule, and expenditure is high relative to the physical progress achieved."
55,603945,Integrated Anandpur Barrage Project,Water Resources-OR,Odisha,62.85,495.58224432569705,395.58224432569705,30.034982508745628,90,CRITICAL,"['Predicted cost overrun is high.', 'Predicted completion is significantly later than planned.', 'Expenditure is high compared with physical progress.', 'Multiple risk indicators are simultaneously high.']","Project 603945 is classified as CRITICAL risk because the predicted total cost is significantly above the baseline, the projected completion date exceeds the planned schedule, and expenditure is high relative to the physical progress achieved."
56,705458,Miyagam-Karjan-Dabhoi-Samlaya 96.46 km- Gauge conversion with electrification,CAOCWR WR mor,Gujarat,34.0,168.68851781433415,129.12885426138735,48.278688524589946,90,CRITICAL,"['Predicted cost overrun is high.', 'Predicted completion is significantly later than planned.', 'Expenditure is high compared with physical progress.', 'Multiple risk indicators are simultaneously high.']","Project 705458 is classified as CRITICAL risk because the predicted total cost is significantly above the baseline, the projected completion date exceeds the planned schedule, and expenditure is high relative to the physical progress achieved."
57,706811,NMDC Slurry Pipeline Project Phase-1,National Mineral Development Corporation Limited [NMDC],Chhattisgarh,95.8,125.52734778121774,67.68271069831444,115.95114656031888,90,CRITICAL,"['Predicted cost overrun is high.', 'Predicted completion is significantly later than planned.', 'Expenditure is high compared with physical progress.', 'Multiple risk indicators are simultaneously high.']","Project 706811 is classified as CRITICAL risk because the predicted total cost is significantly above the baseline, the projected completion date exceeds the planned schedule, and expenditure is high relative to the physical progress achieved."
58,701404,Kanupur Irrigation Project,Irrigation and CAD-TG,Odisha,79.5,283.41166125951304,183.41166125951307,41.35558231549975,90,CRITICAL,"['Predicted cost overrun is high.', 'Predicted completion is significantly later than planned.', 'Expenditure is high compared with physical progress.', 'Multiple risk indicators are simultaneously high.']","Project 701404 is classified as CRITICAL risk because the predicted total cost is significantly above the baseline, the projected completion date exceeds the planned schedule, and expenditure is high relative to the physical progress achieved."
59,701372,Sardar Sarovar Project,"Narmada and Water Resources, Water Supply and Kalpsar Department-GJ",Gujarat,93.7,154.3060994286658,57.70787574385196,27.81119851920409,90,CRITICAL,"['Predicted cost overrun is high.', 'Predicted completion is significantly later than planned.', 'Expenditure is high compared with physical progress.', 'Multiple risk indicators are simultaneously high.']","Project 701372 is classified as CRITICAL risk because the predicted total cost is significantly above the baseline, the projected completion date exceeds the planned schedule, and expenditure is high relative to the physical progress achieved."
60,701415,Polavaram Irrigation Project,Water Resources-AP,Andhra Pradesh,86.15,275.455027268142,342.5038843310642,34.23026025584471,90,CRITICAL,"['Predicted cost overrun is high.', 'Predicted completion is significantly later than planned.', 'Expenditure is high compared with physical progress.', 'Multiple risk indicators are simultaneously high.']","Project 701415 is classified as CRITICAL risk because the predicted total cost is significantly above the baseline, the projected completion date exceeds the planned schedule, and expenditure is high relative to the physical progress achieved."
61,618463,Vadodara Mumbai Expressway Kim to Ankleshwar Phase IA - Pkg V,NHAI,Gujarat,91.34,116.74617312279221,97.9947993719999,247.71428571428575,90,CRITICAL,"['Predicted cost overrun is high.', 'Predicted completion is significantly later than planned.', 'Expenditure is high compared with physical progress.', 'Multiple risk indicators are simultaneously high.']","Project 618463 is classified as CRITICAL risk because the predicted total cost is significantly above the baseline, the projected completion date exceeds the planned schedule, and expenditure is high relative to the physical progress achieved."
62,701402,"Subernarekha Project, Odisha","Department of Water Resources, River Development & GR",Odisha,95.5,272.51135515792504,172.51135515792507,30.034982508745628,90,CRITICAL,"['Predicted cost overrun is high.', 'Predicted completion is significantly later than planned.', 'Expenditure is high compared with physical progress.', 'Multiple risk indicators are simultaneously high.']","Project 701402 is classified as CRITICAL risk because the predicted total cost is significantly above the baseline, the projected completion date exceeds the planned schedule, and expenditure is high relative to the physical progress achieved."
63,617302,Durgapur - Haldia Pipeline [Section-3B of JHBDPL Project],Gas Authority of India Limited [GAIL],West Bengal,95.7,136.82758620689657,47.35379310344831,154.32749817651393,90,CRITICAL,"['Predicted cost overrun is high.', 'Predicted completion is significantly later than planned.', 'Expenditure is high compared with physical progress.', 'Multiple risk indicators are simultaneously high.']","Project 617302 is classified as CRITICAL risk because the predicted total cost is significantly above the baseline, the projected completion date exceeds the planned schedule, and expenditure is high relative to the physical progress achieved."
64,400100,Sardar Gouthu Latchanna Thotapalli Barrage Project,Water Resources-AP,Andhra Pradesh,95.88,249.0157201529528,149.0157201529528,47.9212908303819,90,CRITICAL,"['Predicted cost overrun is high.', 'Predicted completion is significantly later than planned.', 'Expenditure is high compared with physical progress.', 'Multiple risk indicators are simultaneously high.']","Project 400100 is classified as CRITICAL risk because the predicted total cost is significantly above the baseline, the projected completion date exceeds the planned schedule, and expenditure is high relative to the physical progress achieved."
65,619193,Rehabilitation and upgradation of NH-221 from km 121/0 to 165/0 Rudrampur to Bhadrachalam section to two lane with paved shoulder under NHDPIV in the state of Telangana through EPC mode,MoRTH,Telangana,82.76,126.96382035401224,26.963820354012235,473.984952120383,90,CRITICAL,"['Predicted cost overrun is high.', 'Predicted completion is significantly later than planned.', 'Expenditure is high compared with physical progress.', 'Multiple risk indicators are simultaneously high.']","Project 619193 is classified as CRITICAL risk because the predicted total cost is significantly above the baseline, the projected completion date exceeds the planned schedule, and expenditure is high relative to the physical progress achieved."
66,702637,Mumbai Metro Line 3,Mumbai Metro Rail Corporation Limited [MMRC],Maharashtra,99.21,155.42863934993085,60.50386929460579,49.43181818181818,90,CRITICAL,"['Predicted cost overrun is high.', 'Predicted completion is significantly later than planned.', 'Expenditure is high compared with physical progress.', 'Multiple risk indicators are simultaneously high.']","Project 702637 is classified as CRITICAL risk because the predicted total cost is significantly above the baseline, the projected completion date exceeds the planned schedule, and expenditure is high relative to the physical progress achieved."
67,400103,Indiramma Flood Flow Canal Project,Irrigation and CAD-TG,Telangana,92.0,337.34545181401637,288.07759332982863,49.24695001967707,90,CRITICAL,"['Predicted cost overrun is high.', 'Predicted completion is significantly later than planned.', 'Expenditure is high compared with physical progress.', 'Multiple risk indicators are simultaneously high.']","Project 400103 is classified as CRITICAL risk because the predicted total cost is significantly above the baseline, the projected completion date exceeds the planned schedule, and expenditure is high relative to the physical progress achieved."
68,618465,Vadodara Mumbai Expressway Gandeva to Ena Phase IB - Pkg VII [Km 190.00 to Km 217.500],National Highways Authority of India [NHAI],Gujarat,97.05,126.22756241595042,74.43585920598733,126.17123287671195,90,CRITICAL,"['Predicted cost overrun is high.', 'Predicted completion is significantly later than planned.', 'Expenditure is high compared with physical progress.', 'Multiple risk indicators are simultaneously high.']","Project 618465 is classified as CRITICAL risk because the predicted total cost is significantly above the baseline, the projected completion date exceeds the planned schedule, and expenditure is high relative to the physical progress achieved."
69,705506,3rd Line Manmad - Jalgaon [160 Kilometres],Central Railway [CR] - II,Maharashtra,100.0,178.09227559024689,81.3944704200317,23.68637110016421,90,CRITICAL,"['Predicted cost overrun is high.', 'Predicted completion is significantly later than planned.', 'Expenditure is high compared with physical progress.', 'Multiple risk indicators are simultaneously high.']","Project 705506 is classified as CRITICAL risk because the predicted total cost is significantly above the baseline, the projected completion date exceeds the planned schedule, and expenditure is high relative to the physical progress achieved."
70,400426,Expansion of Malanjkhand Copper Project,Hindustan Copper Limited [HCL],Madhya Pradesh,28.0,54.84334935034153,76.27615333232782,176.53256704980845,90,CRITICAL,"['Predicted cost overrun is high.', 'Predicted completion is significantly later than planned.', 'Expenditure is high compared with physical progress.', 'Multiple risk indicators are simultaneously high.']","Project 400426 is classified as CRITICAL risk because the predicted total cost is significantly above the baseline, the projected completion date exceeds the planned schedule, and expenditure is high relative to the physical progress achieved."
71,706724,Guwahati Airport New Integrated Terminal Building Construction Project,Adani Airport Holdings Limited,Assam,99.5,155.9713785046729,55.9713785046729,21.327336722721924,90,CRITICAL,"['Predicted cost overrun is high.', 'Predicted completion is significantly later than planned.', 'Expenditure is high compared with physical progress.', 'Multiple risk indicators are simultaneously high.']","Project 706724 is classified as CRITICAL risk because the predicted total cost is significantly above the baseline, the projected completion date exceeds the planned schedule, and expenditure is high relative to the physical progress achieved."
72,703586,Baiyyappanahalli-Hosur 48 km,M.D/KRIDE SWR mor,"Multi-States (Karnataka, Tamil Nadu)",85.0,140.49328253458992,90.21947062362136,45.67286245353163,90,CRITICAL,"['Predicted cost overrun is high.', 'Predicted completion is significantly later than planned.', 'Expenditure is high compared with physical progress.', 'Multiple risk indicators are simultaneously high.']","Project 703586 is classified as CRITICAL risk because the predicted total cost is significantly above the baseline, the projected completion date exceeds the planned schedule, and expenditure is high relative to the physical progress achieved."
73,705237,Western Dedicated Freight Corridor,DFCCIL,"Multi-States (Gujarat, Haryana, Maharashtra, Rajasthan, Uttar Pradesh)",96.0,243.87585370149313,143.87585370149313,42.64547413793106,90,CRITICAL,"['Predicted cost overrun is high.', 'Predicted completion is significantly later than planned.', 'Expenditure is high compared with physical progress.', 'Multiple risk indicators are simultaneously high.']","Project 705237 is classified as CRITICAL risk because the predicted total cost is significantly above the baseline, the projected completion date exceeds the planned schedule, and expenditure is high relative to the physical progress achieved."
74,705793,Raising of speed to 160 kmph/200 kmph on existing New Delhi-Mumbai route incl. Vadodara-Ahmedabad,PCE/WR,"Multi-States (Delhi, Gujarat, Madhya Pradesh, Maharashtra, Rajasthan)",66.32,139.29249357960992,41.73469978432185,51.85636031649423,90,CRITICAL,"['Predicted cost overrun is high.', 'Predicted completion is significantly later than planned.', 'Expenditure is high compared with physical progress.', 'Multiple risk indicators are simultaneously high.']","Project 705793 is classified as CRITICAL risk because the predicted total cost is significantly above the baseline, the projected completion date exceeds the planned schedule, and expenditure is high relative to the physical progress achieved."
75,705432,Sivok-Rangpo New Rail Line,Indian Railway Construction International Limited [IRCON],"Multi-States (Sikkim, West Bengal)",80.0,140.79560746477085,41.59673225847415,247.58926615553145,90,CRITICAL,"['Predicted cost overrun is high.', 'Predicted completion is significantly later than planned.', 'Expenditure is high compared with physical progress.', 'Multiple risk indicators are simultaneously high.']","Project 705432 is classified as CRITICAL risk because the predicted total cost is significantly above the baseline, the projected completion date exceeds the planned schedule, and expenditure is high relative to the physical progress achieved."
76,705392,Dimapur-Kohima 88 km,CAO/C-1/NFR NFR mor,"Multi-States (Assam, Nagaland)",45.0,100.84841662914603,89.70553804592515,45.839253996447695,90,CRITICAL,"['Predicted cost overrun is high.', 'Predicted completion is significantly later than planned.', 'Expenditure is high compared with physical progress.', 'Multiple risk indicators are simultaneously high.']","Project 705392 is classified as CRITICAL risk because the predicted total cost is significantly above the baseline, the projected completion date exceeds the planned schedule, and expenditure is high relative to the physical progress achieved."
77,400107,Sulwade-Jamphal-Kanoli Lift Irrigation Scheme,Department of water resources-MH - II,Maharashtra,80.54,115.43857754592615,24.42825636403666,83.83744465528123,80,CRITICAL,"['Predicted cost overrun is high.', 'Predicted completion is significantly later than planned.', 'Expenditure is high compared with physical progress.', 'Multiple risk indicators are simultaneously high.']","Project 400107 is classified as CRITICAL risk because the predicted total cost is significantly above the baseline, the projected completion date exceeds the planned schedule, and expenditure is high relative to the physical progress achieved."
78,618507,"Balance work of Six Laning of Shamlaji-Motachiloda from Km. 401.200 to Km.494.410 section Design Chainage Km.447.385 to Km 540.595, Length- 93.210 Km of old NH-8 NH-48 in the state of Gujarat on single Percentage Item Rate Contract",NHAI,Gujarat,91.83,123.74035989717223,23.740359897172237,143.7763157894736,80,CRITICAL,"['Predicted cost overrun is high.', 'Predicted completion is significantly later than planned.', 'Expenditure is high compared with physical progress.', 'Multiple risk indicators are simultaneously high.']","Project 618507 is classified as CRITICAL risk because the predicted total cost is significantly above the baseline, the projected completion date exceeds the planned schedule, and expenditure is high relative to the physical progress achieved."
79,618870,4L PS from near Hemmige Village Periyapatna - Hassan Road Jn. to near Hunsur - KR Nagar Jn section from Km. 144.900 to Km. 169.000 of NH-275 Pkg. III,NHAI,Karnataka,27.8,50.59980534618954,66.14381747810121,33.62465753424657,80,CRITICAL,"['Predicted cost overrun is high.', 'Predicted completion is significantly later than planned.', 'Expenditure is high compared with physical progress.', 'Multiple risk indicators are simultaneously high.']","Project 618870 is classified as CRITICAL risk because the predicted total cost is significantly above the baseline, the projected completion date exceeds the planned schedule, and expenditure is high relative to the physical progress achieved."
80,618906,4L of Amritsar-Ghoman - Tanda - Una Section from Km 8.270 to Km 54.000 of NH- 503A Package-I,NHAI,Punjab,68.9,90.09220081360516,47.91278805469111,135.16963064295462,80,CRITICAL,"['Predicted cost overrun is high.', 'Predicted completion is significantly later than planned.', 'Expenditure is high compared with physical progress.', 'Multiple risk indicators are simultaneously high.']","Project 618906 is classified as CRITICAL risk because the predicted total cost is significantly above the baseline, the projected completion date exceeds the planned schedule, and expenditure is high relative to the physical progress achieved."
81,618489,Delhi-Amritsar-Katra Expressway Phase-I Pkg-IX from Junction with Ludhiana-Moga road NH-5 near Mullanpur Dakha to Junction with Jalandhar - Moga road NH-703 near Kang Sahibu village Km 260860 to km 303900,NHAI,Punjab,73.35,104.55908008231299,29.26953177745272,131.45280437756506,80,CRITICAL,"['Predicted cost overrun is high.', 'Predicted completion is significantly later than planned.', 'Expenditure is high compared with physical progress.', 'Multiple risk indicators are simultaneously high.']","Project 618489 is classified as CRITICAL risk because the predicted total cost is significantly above the baseline, the projected completion date exceeds the planned schedule, and expenditure is high relative to the physical progress achieved."
82,618926,4L of Siwan- Masrakh section of Ram Janki Marg from Km 230.385 to Km 281.391 of NH-227A,NHAI,Bihar,10.97,35.213363514419854,22.08355689693718,73.23698630136983,80,CRITICAL,"['Predicted cost overrun is high.', 'Predicted completion is significantly later than planned.', 'Expenditure is high compared with physical progress.', 'Multiple risk indicators are simultaneously high.']","Project 618926 is classified as CRITICAL risk because the predicted total cost is significantly above the baseline, the projected completion date exceeds the planned schedule, and expenditure is high relative to the physical progress achieved."
83,619186,Construction of Balance works of Major Bridge over Middle Strait Creek between Km.106.590 to km108.553 of NH-04 connecting South Andaman & Baratang Island in the Union Territory of Andaman & Nicobar Islands on EPC basis,NHIDCL,Andaman & Nicobar,12.98,42.64907210222088,29.156982050502023,67.56630265210612,80,CRITICAL,"['Predicted cost overrun is high.', 'Predicted completion is significantly later than planned.', 'Expenditure is high compared with physical progress.', 'Multiple risk indicators are simultaneously high.']","Project 619186 is classified as CRITICAL risk because the predicted total cost is significantly above the baseline, the projected completion date exceeds the planned schedule, and expenditure is high relative to the physical progress achieved."
84,619222,"Balance works of four lane from km 43.950 Thiruvallur Bypass to km 61.470 Veppampattu Bypass passing through Thannerkulam, Thozur and Sevapet Bypass 17.520 kms of Tirupathi- Tiruttani- Chennai section of NH 205",NHAI,Tamil Nadu,97.92,127.15656317442681,37.58165772772927,96.59781121751053,80,CRITICAL,"['Predicted cost overrun is high.', 'Predicted completion is significantly later than planned.', 'Expenditure is high compared with physical progress.', 'Multiple risk indicators are simultaneously high.']","Project 619222 is classified as CRITICAL risk because the predicted total cost is significantly above the baseline, the projected completion date exceeds the planned schedule, and expenditure is high relative to the physical progress achieved."
85,617934,Nasratpur to Barasgaon section of NH-61 2L / 4L PS from Km.514/00 to 558/200,MoRTH,Maharashtra,95.84,129.9355536970532,29.935553697053173,345.3821917808221,80,CRITICAL,"['Predicted cost overrun is high.', 'Predicted completion is significantly later than planned.', 'Expenditure is high compared with physical progress.', 'Multiple risk indicators are simultaneously high.']","Project 617934 is classified as CRITICAL risk because the predicted total cost is significantly above the baseline, the projected completion date exceeds the planned schedule, and expenditure is high relative to the physical progress achieved."
86,400141,Expansion of Alumina Refinery Plant with addition of 5th Stream having capacity enhancement of 1.0 Million Tonee Per Annum,National Aluminium Company Limited [NALCO],Odisha,95.64,122.43456007799172,41.87941993663196,63.18840579710143,80,CRITICAL,"['Predicted cost overrun is high.', 'Predicted completion is significantly later than planned.', 'Expenditure is high compared with physical progress.', 'Multiple risk indicators are simultaneously high.']","Project 400141 is classified as CRITICAL risk because the predicted total cost is significantly above the baseline, the projected completion date exceeds the planned schedule, and expenditure is high relative to the physical progress achieved."
87,619120,Nidagatta-Mysore Pkg II,NHAI,Karnataka,99.19,127.2635111993972,42.69011576135372,170.84008762322063,80,CRITICAL,"['Predicted cost overrun is high.', 'Predicted completion is significantly later than planned.', 'Expenditure is high compared with physical progress.', 'Multiple risk indicators are simultaneously high.']","Project 619120 is classified as CRITICAL risk because the predicted total cost is significantly above the baseline, the projected completion date exceeds the planned schedule, and expenditure is high relative to the physical progress achieved."
88,619064,Vadodara Mumbai Expressway Talsari to Karvad Phase IB - Pkg X [Km 103.400 to Km 128.000],NHAI,"Multi-States (Dadra & Nagar Haveli and Daman & Diu, Gujarat, Maharashtra)",36.23,57.45913056227548,24.651465644537907,187.4623803009573,80,CRITICAL,"['Predicted cost overrun is high.', 'Predicted completion is significantly later than planned.', 'Expenditure is high compared with physical progress.', 'Multiple risk indicators are simultaneously high.']","Project 619064 is classified as CRITICAL risk because the predicted total cost is significantly above the baseline, the projected completion date exceeds the planned schedule, and expenditure is high relative to the physical progress achieved."
89,618840,Simaria Km. 206.050 to Khagaria Km. 266.282,NHAI,Bihar,97.73,122.61980060841542,33.2164392638775,299.197368421053,80,CRITICAL,"['Predicted cost overrun is high.', 'Predicted completion is significantly later than planned.', 'Expenditure is high compared with physical progress.', 'Multiple risk indicators are simultaneously high.']","Project 618840 is classified as CRITICAL risk because the predicted total cost is significantly above the baseline, the projected completion date exceeds the planned schedule, and expenditure is high relative to the physical progress achieved."
90,400259,Ghatampur Thermal Power Plant 3 X 660 MW,NLC India Limited [NLCIL],Uttar Pradesh,95.68,123.20319298286324,28.833655686920476,128.75144880875746,80,CRITICAL,"['Predicted cost overrun is high.', 'Predicted completion is significantly later than planned.', 'Expenditure is high compared with physical progress.', 'Multiple risk indicators are simultaneously high.']","Project 400259 is classified as CRITICAL risk because the predicted total cost is significantly above the baseline, the projected completion date exceeds the planned schedule, and expenditure is high relative to the physical progress achieved."
91,400416,Shivpur-Kathautia New Rail [BG] Line [49 km] [Package II of Tori-Shivpur-Kathautia line],Ministry of Coal,Jharkhand,72.0,99.17372363361561,39.78276766464391,59.56078083407264,80,CRITICAL,"['Predicted cost overrun is high.', 'Predicted completion is significantly later than planned.', 'Expenditure is high compared with physical progress.', 'Multiple risk indicators are simultaneously high.']","Project 400416 is classified as CRITICAL risk because the predicted total cost is significantly above the baseline, the projected completion date exceeds the planned schedule, and expenditure is high relative to the physical progress achieved."
92,618706,Bangalore-Nidagatta Pkg. I,NHAI,Karnataka,99.19,123.43242725278245,23.43242725278245,192.25355191256847,80,CRITICAL,"['Predicted cost overrun is high.', 'Predicted completion is significantly later than planned.', 'Expenditure is high compared with physical progress.', 'Multiple risk indicators are simultaneously high.']","Project 618706 is classified as CRITICAL risk because the predicted total cost is significantly above the baseline, the projected completion date exceeds the planned schedule, and expenditure is high relative to the physical progress achieved."
93,618298,Widening/Improvement of existing 2-Lane road to 4-Lane Divided Highway from Sekmai to Nilakuthi section of Imphal-Kohima Road Design Chainage from Km 297700 to Km 308729 of NH-39 New NH-02 in state of Manipur on EPC mode Pkg-5B,NHIDCL,Manipur,94.71,128.62541332073693,28.625413320736904,240.0455373406189,80,CRITICAL,"['Predicted cost overrun is high.', 'Predicted completion is significantly later than planned.', 'Expenditure is high compared with physical progress.', 'Multiple risk indicators are simultaneously high.']","Project 618298 is classified as CRITICAL risk because the predicted total cost is significantly above the baseline, the projected completion date exceeds the planned schedule, and expenditure is high relative to the physical progress achieved."
94,602525,"Pakal Dul [Drangdhuran] Hydroelectric Project, 1000 MW",National Hydroelectric Power Corporation Limited [NHPC],Jammu and Kashmir,82.05,114.81018525366984,45.29748943556065,304.3974683544307,80,CRITICAL,"['Predicted cost overrun is high.', 'Predicted completion is significantly later than planned.', 'Expenditure is high compared with physical progress.', 'Multiple risk indicators are simultaneously high.']","Project 602525 is classified as CRITICAL risk because the predicted total cost is significantly above the baseline, the projected completion date exceeds the planned schedule, and expenditure is high relative to the physical progress achieved."
95,705494,Rayadurg-Tumkur via Kalyandurg 213 km,CAOC/SWR SWR mor,"Multi-States (Andhra Pradesh, Karnataka)",65.0,76.38741987179488,64.77814102564102,264.23251643753736,80,CRITICAL,"['Predicted cost overrun is high.', 'Predicted completion is significantly later than planned.']",Project 705494 is classified as CRITICAL risk because the predicted total cost is significantly above the baseline and the projected completion date exceeds the planned schedule.
96,618692,Aligarh-Kanpur Pkg I [Aligarh-Bhadwas],NHAI,Uttar Pradesh,100.0,110.80186525794038,55.25065218809122,124.6546052631581,80,CRITICAL,"['Predicted cost overrun is high.', 'Predicted completion is significantly later than planned.']",Project 618692 is classified as CRITICAL risk because the predicted total cost is significantly above the baseline and the projected completion date exceeds the planned schedule.
97,618330,Construction of 4/6 Laning from existing Km 159.400 of NH-36 to existing Km 102.500 of NH-39 and upto end point of Assam portion [Design Km 118.050 to design Km 132.375] Total New Alignment length of 14.325 Km of Daboka -Dimapur Section Dimapur Bypass in the state of Assam under SARDP-NE 'Phase-A' on EPC mode Assam Portion,NHIDCL,Assam,100.0,126.65062032797152,26.65062032797152,116.51459854014598,80,CRITICAL,"['Predicted cost overrun is high.', 'Predicted completion is significantly later than planned.', 'Expenditure is high compared with physical progress.', 'Multiple risk indicators are simultaneously high.']","Project 618330 is classified as CRITICAL risk because the predicted total cost is significantly above the baseline, the projected completion date exceeds the planned schedule, and expenditure is high relative to the physical progress achieved."
98,705434,New Railway Line between Ginigera and Raichur [165.57 km],South Western Railway [SWR] - II,Karnataka,71.0,94.03937621832358,30.492265107212457,81.08298524088009,80,CRITICAL,"['Predicted cost overrun is high.', 'Predicted completion is significantly later than planned.', 'Expenditure is high compared with physical progress.', 'Multiple risk indicators are simultaneously high.']","Project 705434 is classified as CRITICAL risk because the predicted total cost is significantly above the baseline, the projected completion date exceeds the planned schedule, and expenditure is high relative to the physical progress achieved."
99,705444,Gevra Road-Pendra Road New Railway Line [135 km],Indian Railway Construction International Limited [IRCON],Chhattisgarh,83.36,107.19416498993964,43.47023943661984,60.53303355240372,80,CRITICAL,"['Predicted cost overrun is high.', 'Predicted completion is significantly later than planned.', 'Expenditure is high compared with physical progress.', 'Multiple risk indicators are simultaneously high.']","Project 705444 is classified as CRITICAL risk because the predicted total cost is significantly above the baseline, the projected completion date exceeds the planned schedule, and expenditure is high relative to the physical progress achieved."
100,618652,Chakur Loha Section of NH-361 from km 114.600 to km 187.80,National Highways Authority of India [NHAI],Maharashtra,100.0,63.246548196362106,97.71124071597708,258.139534883721,80,CRITICAL,"['Predicted cost overrun is high.', 'Predicted completion is significantly later than planned.']",Project 618652 is classified as CRITICAL risk because the predicted total cost is significantly above the baseline and the projected completion date exceeds the planned schedule.
101,602579,Buxar Thermal Power Project [1320 MW],Satluj Jal Vidyut Nigam [SJVN] Thermal Limited,Bihar,95.01,131.541829795509,31.541829795508995,54.44776119402985,80,CRITICAL,"['Predicted cost overrun is high.', 'Predicted completion is significantly later than planned.', 'Expenditure is high compared with physical progress.', 'Multiple risk indicators are simultaneously high.']","Project 602579 is classified as CRITICAL risk because the predicted total cost is significantly above the baseline, the projected completion date exceeds the planned schedule, and expenditure is high relative to the physical progress achieved."
102,618429,Construction & upgradation of existing road to 2-lane with paved shoulder including geometric improvement of sect. from Pedong bypass to Reshi Border km 79.700 to km 96.254 of NH-717A under SARDP-NE-A on EPC as part of Alternate connectivity to Gangtok Lava More-Reshi Border Pkg-VB,NHIDCL,West Bengal,97.22,121.23747756094735,21.23747756094737,286.778793418647,80,CRITICAL,"['Predicted cost overrun is high.', 'Predicted completion is significantly later than planned.', 'Expenditure is high compared with physical progress.', 'Multiple risk indicators are simultaneously high.']","Project 618429 is classified as CRITICAL risk because the predicted total cost is significantly above the baseline, the projected completion date exceeds the planned schedule, and expenditure is high relative to the physical progress achieved."
103,705782,Barabanki-Malhaur - 3rd & 4th Line 32.84 km,CAO/C-II/NR NR mor,Uttar Pradesh,77.0,109.11793611793613,20.084815724815616,57.84093319194052,80,CRITICAL,"['Predicted cost overrun is high.', 'Predicted completion is significantly later than planned.', 'Expenditure is high compared with physical progress.', 'Multiple risk indicators are simultaneously high.']","Project 705782 is classified as CRITICAL risk because the predicted total cost is significantly above the baseline, the projected completion date exceeds the planned schedule, and expenditure is high relative to the physical progress achieved."
104,618406,Up-gradation to 4-lane with Paved Shoulder of Jammu-Akhnoor road section of NH- 144A from Ganesh Vihar Km 6.000 to Khati Chowk Km 26.350 in UT of Jammu and Kashmir on EPC basis Pkg-3A,NHIDCL,Jammu and Kashmir,92.5,123.47359608049861,23.473596080498616,268.2694938440493,80,CRITICAL,"['Predicted cost overrun is high.', 'Predicted completion is significantly later than planned.', 'Expenditure is high compared with physical progress.', 'Multiple risk indicators are simultaneously high.']","Project 618406 is classified as CRITICAL risk because the predicted total cost is significantly above the baseline, the projected completion date exceeds the planned schedule, and expenditure is high relative to the physical progress achieved."
105,611917,Poly Butadiene Rubber plant at Panipat,Indian Oil Corporation Limited [IOCL],Haryana,90.1,106.93899931459904,60.45766278272795,55.997262773722326,80,CRITICAL,"['Predicted cost overrun is high.', 'Predicted completion is significantly later than planned.']",Project 611917 is classified as CRITICAL risk because the predicted total cost is significantly above the baseline and the projected completion date exceeds the planned schedule.
106,619137,4L of Dwarka-Khambaliya-Devariya section from km 203.500 to km 176.500 and from km 171.800 to km 125.000 of NH-151A,National Highways Authority of India [NHAI],Gujarat,100.0,86.08457191931218,52.83534532395166,146.82017543859652,80,CRITICAL,"['Predicted cost overrun is high.', 'Predicted completion is significantly later than planned.']",Project 619137 is classified as CRITICAL risk because the predicted total cost is significantly above the baseline and the projected completion date exceeds the planned schedule.
107,618569,Balance work - WB-10 Gandak Bridge Km 402.00 to Km 440.00 Devanpur - Kotwa,NHAI,Bihar,64.05,86.62699357295882,48.146536538919165,207.93806921675767,80,CRITICAL,"['Predicted cost overrun is high.', 'Predicted completion is significantly later than planned.', 'Expenditure is high compared with physical progress.', 'Multiple risk indicators are simultaneously high.']","Project 618569 is classified as CRITICAL risk because the predicted total cost is significantly above the baseline, the projected completion date exceeds the planned schedule, and expenditure is high relative to the physical progress achieved."
108,400115,Bargi Diversion Project Phase - IV [km. 154 to km 197],Water Resources-MP,Madhya Pradesh,75.0,108.38714831631226,21.14528048147209,60.31108881083799,80,CRITICAL,"['Predicted cost overrun is high.', 'Predicted completion is significantly later than planned.', 'Expenditure is high compared with physical progress.', 'Multiple risk indicators are simultaneously high.']","Project 400115 is classified as CRITICAL risk because the predicted total cost is significantly above the baseline, the projected completion date exceeds the planned schedule, and expenditure is high relative to the physical progress achieved."
109,619097,Thalassery Mahe Bypass Km 170.600 to Km 189.200 of NH-17New NH-66 in Kerala,NHAI,"Multi-States (Kerala, Puducherry)",100.0,129.93853291790845,47.879885193714216,257.6802721088431,80,CRITICAL,"['Predicted cost overrun is high.', 'Predicted completion is significantly later than planned.', 'Expenditure is high compared with physical progress.', 'Multiple risk indicators are simultaneously high.']","Project 619097 is classified as CRITICAL risk because the predicted total cost is significantly above the baseline, the projected completion date exceeds the planned schedule, and expenditure is high relative to the physical progress achieved."
110,706966,Establishment of new GMC Samastipur,"Medical Education, Ministry of Health and Family Welfare",Bihar,0.0,60.0,6.38661375661375,151680.55190538763,75,CRITICAL,"['Predicted completion is significantly later than planned.', 'Expenditure is high compared with physical progress.']",Project 706966 is classified as CRITICAL risk because the projected completion date exceeds the planned schedule and expenditure is high relative to the physical progress achieved.
111,400019,DHULE [BORVIHIR] - NARDANA NEW LINE [50.60 KMS],Central Railway,Maharashtra,38.0,113.71052845198474,94.02244500365298,18.65373134328344,75,CRITICAL,"['Predicted cost overrun is high.', 'Expenditure is high compared with physical progress.']",Project 400019 is classified as CRITICAL risk because the predicted total cost is significantly above the baseline and expenditure is high relative to the physical progress achieved.
112,705777,Bhandai - Flyover for Etawah bound down trains 10 km,CAO/C/NCR NCR mor,Uttar Pradesh,11.0,58.697737628907184,9.089375649532403,606.419354838709,75,CRITICAL,"['Predicted completion is significantly later than planned.', 'Expenditure is high compared with physical progress.']",Project 705777 is classified as CRITICAL risk because the projected completion date exceeds the planned schedule and expenditure is high relative to the physical progress achieved.
113,619200,Delhi-Amritsar-Katra Expressway Phase-I Spur-III from Junction with Amritsar- Jalandhar road NH-3 near Bhishambarpura to Junction with Amritsar-Anjala road NH- 354 near Amritsar Airport [Km 71000 to Km 99000 of Amritsar connectivity],NHAI,Punjab,33.85,83.09425917466119,17.924556113902984,153.27000000000018,75,CRITICAL,"['Predicted completion is significantly later than planned.', 'Expenditure is high compared with physical progress.']",Project 619200 is classified as CRITICAL risk because the projected completion date exceeds the planned schedule and expenditure is high relative to the physical progress achieved.
114,705660,Doubling of Katni - Singrauli Railway Line [261 km],Indian Railway Construction International Limited [IRCON],Madhya Pradesh,81.25,137.76932515337424,71.2928016359918,5.692837034720061,75,CRITICAL,"['Predicted cost overrun is high.', 'Expenditure is high compared with physical progress.']",Project 705660 is classified as CRITICAL risk because the predicted total cost is significantly above the baseline and expenditure is high relative to the physical progress achieved.
115,705730,Joka-BBD Bag new metro project,RVNL - II,West Bengal,51.0,105.45460186142708,95.989367114788,19.25328515111705,75,CRITICAL,"['Predicted cost overrun is high.', 'Expenditure is high compared with physical progress.']",Project 705730 is classified as CRITICAL risk because the predicted total cost is significantly above the baseline and expenditure is high relative to the physical progress achieved.
116,707049,Establishment of new GMC Panchmahal,"Medical Education, Ministry of Health and Family Welfare",Gujarat,88.0,143.79692307692306,89.76313846153839,9.553641346906817,75,CRITICAL,"['Predicted cost overrun is high.', 'Expenditure is high compared with physical progress.']",Project 707049 is classified as CRITICAL risk because the predicted total cost is significantly above the baseline and expenditure is high relative to the physical progress achieved.
117,705526,Samastipur-Darbhanga 38 km,CAO/Con/North/MHX ECR mor,Bihar,92.0,143.89402697495183,76.80485549132932,16.508474576271194,75,CRITICAL,"['Predicted cost overrun is high.', 'Expenditure is high compared with physical progress.']",Project 705526 is classified as CRITICAL risk because the predicted total cost is significantly above the baseline and expenditure is high relative to the physical progress achieved.
118,705437,Manoharabad-Kothapalli New Rail Line [151 km],South Central Railway [SCR] - II,Telangana,72.02,264.9491379310345,164.94913793103447,6.312584209108131,75,CRITICAL,"['Predicted cost overrun is high.', 'Expenditure is high compared with physical progress.']",Project 705437 is classified as CRITICAL risk because the predicted total cost is significantly above the baseline and expenditure is high relative to the physical progress achieved.
119,705375,Koderma-Tilaiya 68 km,CAO/Con/South/MHX ECR mor,"Multi-States (Bihar, Jharkhand)",90.0,139.5467404674047,53.098382533825415,18.17860924814686,75,CRITICAL,"['Predicted cost overrun is high.', 'Expenditure is high compared with physical progress.']",Project 705375 is classified as CRITICAL risk because the predicted total cost is significantly above the baseline and expenditure is high relative to the physical progress achieved.
120,707021,Establishment of new GMC Koderma,"Medical Education, Ministry of Health and Family Welfare",Jharkhand,40.0,108.4,74.90104000000002,6.069078947368512,75,CRITICAL,"['Predicted cost overrun is high.', 'Expenditure is high compared with physical progress.']",Project 707021 is classified as CRITICAL risk because the predicted total cost is significantly above the baseline and expenditure is high relative to the physical progress achieved.
121,705514,Jarapaada-Budhapank with flyover at Talcher Road - 3rd & 4th line 47 44 km,CAO/C/ECOR ECoR mor,Odisha,25.0,75.85700000000001,6.931739999999855,380.6137855579869,75,CRITICAL,"['Predicted completion is significantly later than planned.', 'Expenditure is high compared with physical progress.']",Project 705514 is classified as CRITICAL risk because the projected completion date exceeds the planned schedule and expenditure is high relative to the physical progress achieved.
122,705613,Third Line [new] between Kazipet - Balharshah with electrification [201.04 Km],South Central Railway [SCR] - II,"Multi-States (Maharashtra, Telangana)",94.8,160.10905587668594,60.109055876685936,17.120106171201062,75,CRITICAL,"['Predicted cost overrun is high.', 'Expenditure is high compared with physical progress.']",Project 705613 is classified as CRITICAL risk because the predicted total cost is significantly above the baseline and expenditure is high relative to the physical progress achieved.
123,705502,Wardha-Balharshah - 3rd line 132 km,CAOC/CR CR mor,Maharashtra,86.0,136.82910624530592,81.82397885493054,6.055412739217369,75,CRITICAL,"['Predicted cost overrun is high.', 'Expenditure is high compared with physical progress.']",Project 705502 is classified as CRITICAL risk because the predicted total cost is significantly above the baseline and expenditure is high relative to the physical progress achieved.
124,705610,"Renigunta 9.60 km, Wadi 7.60 km & Gooty 3.8 km - Bypass",CAO/C/SCoR SCoR mor,"Multi-States (Andhra Pradesh, Tamil Nadu)",50.0,139.52317880794703,121.08943708609262,6.950718685831616,75,CRITICAL,"['Predicted cost overrun is high.', 'Expenditure is high compared with physical progress.']",Project 705610 is classified as CRITICAL risk because the predicted total cost is significantly above the baseline and expenditure is high relative to the physical progress achieved.
125,705612,Kazipet-Vijayawada 3rd line with electrification [220 km],South Central Railway [SCR] - II,"Multi-States (Andhra Pradesh, Telangana)",95.02,265.873527905786,165.87352790578598,12.6400833984884,75,CRITICAL,"['Predicted cost overrun is high.', 'Expenditure is high compared with physical progress.']",Project 705612 is classified as CRITICAL risk because the predicted total cost is significantly above the baseline and expenditure is high relative to the physical progress achieved.
126,705500,Wardha Sevagram-Nagpur - 3rd line 76.3 km,CAOC/CR CR mor,Maharashtra,88.0,154.8590792933595,54.8590792933595,5.708131394722673,75,CRITICAL,"['Predicted cost overrun is high.', 'Expenditure is high compared with physical progress.']",Project 705500 is classified as CRITICAL risk because the predicted total cost is significantly above the baseline and expenditure is high relative to the physical progress achieved.
127,706965,Establishment of new GMC Saran [Chhapara],"Medical Education, Ministry of Health and Family Welfare",Bihar,0.0,60.0,6.38661375661375,151680.55190538763,75,CRITICAL,"['Predicted completion is significantly later than planned.', 'Expenditure is high compared with physical progress.']",Project 706965 is classified as CRITICAL risk because the projected completion date exceeds the planned schedule and expenditure is high relative to the physical progress achieved.
128,705359,Talcher-Bimlagarh 154 km,CAO/C/ECOR ECoR mor,Odisha,56.0,112.24118257261412,108.2804875518674,18.93839329719065,75,CRITICAL,"['Predicted cost overrun is high.', 'Expenditure is high compared with physical progress.']",Project 705359 is classified as CRITICAL risk because the predicted total cost is significantly above the baseline and expenditure is high relative to the physical progress achieved.
129,400247,"Kalinarayanpur-Krishnanagar with Krishnanagar-Shantipur-Nabadwipghat - GC, Krishnanagar-Chartala, MM for Krishnanagar-Chapra-NL, Naihati-Ranaghat-3rd line, Nabadwipghat-Nabadwipdham upto BB loop 9.58 km, Ranaghat-Lalgola- strengthening bridge No.2",CAOC/ER ER mor,West Bengal,49.0,92.57000000000001,87.90557000000014,5.529487842731476,75,CRITICAL,"['Predicted cost overrun is high.', 'Expenditure is high compared with physical progress.']",Project 400247 is classified as CRITICAL risk because the predicted total cost is significantly above the baseline and expenditure is high relative to the physical progress achieved.
130,705457,Ratlam-Mhow-Khandwa-Akola 472.64 km including material modification for Fatehabad-Chandrawati Ganj-Ujjain 22.96 km and Rau-DADN doubling 9.40 km,CAOCWR WR mor,"Multi-States (Madhya Pradesh, Maharashtra)",75.0,304.63637735849056,466.8140981132068,5.917137809187053,75,CRITICAL,"['Predicted cost overrun is high.', 'Expenditure is high compared with physical progress.']",Project 705457 is classified as CRITICAL risk because the predicted total cost is significantly above the baseline and expenditure is high relative to the physical progress achieved.
131,705373,Fatuah-Islampur incl. material modification for extension of new line from Neora to Daniawan Daniawan to Biharsharif Biharsharif to Barbigha Barbigha to Sheikhpura,CAO/Con/South/MHX ECR mor,Bihar,95.0,206.50237610319078,108.8978343516632,14.968086368489612,75,CRITICAL,"['Predicted cost overrun is high.', 'Expenditure is high compared with physical progress.']",Project 705373 is classified as CRITICAL risk because the predicted total cost is significantly above the baseline and expenditure is high relative to the physical progress achieved.
132,705504,Daund - Manmad 247.50 km,CAOC/CR CR mor,Maharashtra,95.0,153.3467546257814,66.81929783257348,11.345187475840715,75,CRITICAL,"['Predicted cost overrun is high.', 'Expenditure is high compared with physical progress.']",Project 705504 is classified as CRITICAL risk because the predicted total cost is significantly above the baseline and expenditure is high relative to the physical progress achieved.
133,705764,Nimach-Badi Sadri NL Project 48 km,CAOC/NWR NWR mor,"Multi-States (Madhya Pradesh, Rajasthan)",60.0,116.59797979797979,61.025232323232274,10.907894736842028,75,CRITICAL,"['Predicted cost overrun is high.', 'Expenditure is high compared with physical progress.']",Project 705764 is classified as CRITICAL risk because the predicted total cost is significantly above the baseline and expenditure is high relative to the physical progress achieved.
134,705505,Wardha-Nagpur - 4th line 78.70 km,CAOC/CR CR mor,Maharashtra,88.0,170.93659377694175,85.72007210596406,6.827697262479875,75,CRITICAL,"['Predicted cost overrun is high.', 'Expenditure is high compared with physical progress.']",Project 705505 is classified as CRITICAL risk because the predicted total cost is significantly above the baseline and expenditure is high relative to the physical progress achieved.
135,619167,4 Laning with PS of Pathrapalli-Katghora km 53.3 to km 92.6 Pkg-II of Bilaspur Kathghora,NHAI,Chhattisgarh,93.1,98.69957230377992,37.11781296959871,192.8397260273973,70,HIGH,"['Predicted cost overrun is high.', 'Predicted completion is significantly later than planned.']",Project 619167 is classified as HIGH risk because the predicted total cost is significantly above the baseline and the projected completion date exceeds the planned schedule.
136,604853,"Indian Oil Technology Development and Deployment Centre at R&D Campus-II, Faridabad",Indian Oil Corporation Limited [IOCL],Haryana,65.4,84.22789380965318,40.01702936974675,128.86004691165002,70,HIGH,"['Predicted cost overrun is high.', 'Predicted completion is significantly later than planned.']",Project 604853 is classified as HIGH risk because the predicted total cost is significantly above the baseline and the projected completion date exceeds the planned schedule.
137,618458,Delhi-Vadodara Greenfield Alignment NH-148N Pkg-15 Ch. 419.000 to Ch.427.300 [Junction with NH-12 near village Ummedpura to Major bridge over Takli river near Nayagaon Jageer village],NHAI,Rajasthan,98.28,82.54361938447603,26.388552203075434,99.781181619256,70,HIGH,"['Predicted cost overrun is high.', 'Predicted completion is significantly later than planned.']",Project 618458 is classified as HIGH risk because the predicted total cost is significantly above the baseline and the projected completion date exceeds the planned schedule.
138,400097,Sardar Sarovar CADWM Project,"Narmada and Water Resources, Water Supply and Kalpsar Department-GJ",Gujarat,90.3,98.71001401898934,26.15587762059534,237.4743326488706,70,HIGH,"['Predicted cost overrun is high.', 'Predicted completion is significantly later than planned.']",Project 400097 is classified as HIGH risk because the predicted total cost is significantly above the baseline and the projected completion date exceeds the planned schedule.
139,618527,Six Laning of Vijayawada Bypass from Gollapudi to Chinnakakani in Vijayawada - Gundugolanu Section from km. 30.00 to km. 47.881 Pkg-IV,National Highways Authority of India [NHAI],Andhra Pradesh,99.92,72.20924684195987,42.33571912905931,93.10722100656454,70,HIGH,"['Predicted cost overrun is high.', 'Predicted completion is significantly later than planned.']",Project 618527 is classified as HIGH risk because the predicted total cost is significantly above the baseline and the projected completion date exceeds the planned schedule.
140,619096,Goa / Karnataka Km.93.700 to Kundapur Km.283.30,NHAI,Karnataka,97.94,112.43768693918246,21.399940422634494,421.9513574660635,70,HIGH,"['Predicted cost overrun is high.', 'Predicted completion is significantly later than planned.']",Project 619096 is classified as HIGH risk because the predicted total cost is significantly above the baseline and the projected completion date exceeds the planned schedule.
141,619073,4L of 42.000 to km 80.00 of Dodaballapur Bypass to Hoskote section of NH-648 Old NH-207 [Bangalore Ring Road Pkg 2],NHAI,Karnataka,99.2,103.75339596582027,35.50585851533681,175.17671232876694,70,HIGH,"['Predicted cost overrun is high.', 'Predicted completion is significantly later than planned.']",Project 619073 is classified as HIGH risk because the predicted total cost is significantly above the baseline and the projected completion date exceeds the planned schedule.
142,618605,Thuravoor Thekku-Paravoor,NHAI,Kerala,81.49,87.35172648551392,24.38807281770905,105.16830601092902,70,HIGH,"['Predicted cost overrun is high.', 'Predicted completion is significantly later than planned.']",Project 618605 is classified as HIGH risk because the predicted total cost is significantly above the baseline and the projected completion date exceeds the planned schedule.
143,619060,"Construction of Balance Work of 4-Laning of the Section from Jhanji to Demow of NH- 37 Old from Km 514.800 to Km 534.800 20.000 Km, under SARDP- NE under EPC Mode in the state of Assam Pkg-III Road Works",NHIDCL,Assam,72.0,16.41379710481274,48.16129500159546,114.3671641791045,70,HIGH,"['Predicted cost overrun is high.', 'Predicted completion is significantly later than planned.']",Project 619060 is classified as HIGH risk because the predicted total cost is significantly above the baseline and the projected completion date exceeds the planned schedule.
144,618496,Delhi-Amritsar-Katra Expressway Phase-II Pkg-XVI Existing Jakh Vijaypur-Kunjwani section of NH-44 including spur Connectivity to Jammu Airport NH-144A [Km 503500 to km 514500],NHAI,Jammu and Kashmir,94.14,67.99069011703224,20.184089761324422,100.4418604651161,70,HIGH,"['Predicted cost overrun is high.', 'Predicted completion is significantly later than planned.']",Project 618496 is classified as HIGH risk because the predicted total cost is significantly above the baseline and the projected completion date exceeds the planned schedule.
145,618502,Ahmedabad - Dholera Pkg II from km. 22.00 to km. 48.52 [Sindhrej Village - Vejallka Village],National Highways Authority of India [NHAI],Gujarat,100.0,100.8584509729111,22.393029236791243,117.6223744292236,70,HIGH,"['Predicted cost overrun is high.', 'Predicted completion is significantly later than planned.']",Project 618502 is classified as HIGH risk because the predicted total cost is significantly above the baseline and the projected completion date exceeds the planned schedule.
146,400102,Sri Ram Sagar Project Stage - II,Irrigation and CAD-TG,Telangana,97.0,131.96989662152066,36.22688927227516,44.87586335635616,70,HIGH,"['Predicted cost overrun is high.', 'Predicted completion is significantly later than planned.', 'Expenditure is high compared with physical progress.', 'Multiple risk indicators are simultaneously high.']","Project 400102 is classified as HIGH risk because the predicted total cost is significantly above the baseline, the projected completion date exceeds the planned schedule, and expenditure is high relative to the physical progress achieved."
147,618552,Development of 6L Greenfield Jalandhar Bypass starting from Kahlwan NH-03 ending at Kang Sahbu NH-703 via Sarmastpur NH-44 - Madara NH-03 - Khajurla NH-44,NHAI,Punjab,56.7,71.34667548038568,22.264388776184976,118.18057455540344,70,HIGH,"['Predicted cost overrun is high.', 'Predicted completion is significantly later than planned.']",Project 618552 is classified as HIGH risk because the predicted total cost is significantly above the baseline and the projected completion date exceeds the planned schedule.
148,618580,Gohana - Sonipat PKG-2,NHAI,Haryana,97.86,96.12172726631172,36.963326563737546,202.7369863013702,70,HIGH,"['Predicted cost overrun is high.', 'Predicted completion is significantly later than planned.']",Project 618580 is classified as HIGH risk because the predicted total cost is significantly above the baseline and the projected completion date exceeds the planned schedule.
149,618578,6L Access Controlled Highway from DND Maharani Bagh - Jn. with Jaitpur - Pushta Road of NH-148NA from km. 0.00 to km. 9.00 in NCR,National Highways Authority of India [NHAI],Delhi,98.25,110.11898271820313,28.65565883443273,77.45723684210517,70,HIGH,"['Predicted cost overrun is high.', 'Predicted completion is significantly later than planned.']",Project 618578 is classified as HIGH risk because the predicted total cost is significantly above the baseline and the projected completion date exceeds the planned schedule.
150,619098,Kozhikode Bypass Calicut Bypass Vengalam Jn. to Ramanattukara Jn.,NHAI,Kerala,98.75,74.8661187419724,28.91957298370944,174.709589041096,70,HIGH,"['Predicted cost overrun is high.', 'Predicted completion is significantly later than planned.']",Project 619098 is classified as HIGH risk because the predicted total cost is significantly above the baseline and the projected completion date exceeds the planned schedule.
151,619130,Mahabalipuram - Pondicherry Pkg-II [Mugaiyur to Marakkanam],NHAI,Tamil Nadu,53.41,72.09644037880891,25.86657468216072,79.39261285909751,70,HIGH,"['Predicted cost overrun is high.', 'Predicted completion is significantly later than planned.']",Project 619130 is classified as HIGH risk because the predicted total cost is significantly above the baseline and the projected completion date exceeds the planned schedule.
152,400010,"Construction of Terminal Building & Associated works at Leh Airport, Ladakh",Airport Authority of India [AAI],Ladakh,88.0,106.78124999999999,22.45872916666668,164.31478102189817,70,HIGH,"['Predicted cost overrun is high.', 'Predicted completion is significantly later than planned.']",Project 400010 is classified as HIGH risk because the predicted total cost is significantly above the baseline and the projected completion date exceeds the planned schedule.
153,619119,Cuttack-Angul Section of NH-42 New NH-55 from km 0.400 to km 60.200 Pkg-I in the State of Odisha,NHAI,Odisha,99.0,112.92879157827322,22.06886682944418,247.7993421052629,70,HIGH,"['Predicted cost overrun is high.', 'Predicted completion is significantly later than planned.']",Project 619119 is classified as HIGH risk because the predicted total cost is significantly above the baseline and the projected completion date exceeds the planned schedule.
154,619150,BRT Tiger Reserve Boundary Km.287.500 to Bangalore Section Km.458.420 of NH- 209 in Karnataka,NHAI,Karnataka,99.7,107.68333261311093,31.432652002938344,346.027397260274,70,HIGH,"['Predicted cost overrun is high.', 'Predicted completion is significantly later than planned.']",Project 619150 is classified as HIGH risk because the predicted total cost is significantly above the baseline and the projected completion date exceeds the planned schedule.
155,618809,4L of Beas-Mehta-Batala-Dera Baba Nanak from intersection with Jalandhar-Amritsar Highway NH-3 near Beas till start of Batala Bypass near Village Acchhal from Km. 0.000 to Km. 31.300 Pkg-1,NHAI,Punjab,68.2,82.87111956615732,29.740682635174416,94.5116279069771,70,HIGH,"['Predicted cost overrun is high.', 'Predicted completion is significantly later than planned.']",Project 618809 is classified as HIGH risk because the predicted total cost is significantly above the baseline and the projected completion date exceeds the planned schedule.
156,619121,4L of Hubli - Hospet Section of NH-63 from Km 128.850 to Km 272.571,National Highways Authority of India [NHAI],Karnataka,99.65,53.74823755228102,29.7923925449944,206.60036496350392,70,HIGH,"['Predicted cost overrun is high.', 'Predicted completion is significantly later than planned.']",Project 619121 is classified as HIGH risk because the predicted total cost is significantly above the baseline and the projected completion date exceeds the planned schedule.
157,618520,4L of km 0.00 to km 42.00 of Dobbaspet to Doddaballapura Bypass section of NH-648 old NH-207] [Bangalore Ring Road Pkg 1],NHAI,Karnataka,99.2,89.99819286319973,23.89052921306156,168.608219178082,70,HIGH,"['Predicted cost overrun is high.', 'Predicted completion is significantly later than planned.']",Project 618520 is classified as HIGH risk because the predicted total cost is significantly above the baseline and the projected completion date exceeds the planned schedule.
158,619067,6L of Chiloda-Naroda section from Km. 540.595 to Km. 555.595 of NH-8Package-VII,National Highways Authority of India [NHAI],Gujarat,100.0,29.175546831183397,20.470190689848497,350.2739726027397,70,HIGH,"['Predicted cost overrun is high.', 'Predicted completion is significantly later than planned.']",Project 619067 is classified as HIGH risk because the predicted total cost is significantly above the baseline and the projected completion date exceeds the planned schedule.
159,619063,4L Greenfield spur from Delhi-Vadodara Greenfield expressway near Bandikui to Jaipur,National Highways Authority of India [NHAI],Rajasthan,100.0,78.11264248387984,21.485462824313394,77.55540355677189,70,HIGH,"['Predicted cost overrun is high.', 'Predicted completion is significantly later than planned.']",Project 619063 is classified as HIGH risk because the predicted total cost is significantly above the baseline and the projected completion date exceeds the planned schedule.
160,619145,Four Laning of Una to Kodinar from km. 180.478 to km. 221.610 Package-V,NHAI,Gujarat,100.0,114.93431771313986,44.465871415387774,277.27771679473113,70,HIGH,"['Predicted cost overrun is high.', 'Predicted completion is significantly later than planned.']",Project 619145 is classified as HIGH risk because the predicted total cost is significantly above the baseline and the projected completion date exceeds the planned schedule.
161,619146,Kagvadar - Una Package-IV,NHAI,Gujarat,97.93,111.00422368193144,28.68315723555347,273.1821663019691,70,HIGH,"['Predicted cost overrun is high.', 'Predicted completion is significantly later than planned.']",Project 619146 is classified as HIGH risk because the predicted total cost is significantly above the baseline and the projected completion date exceeds the planned schedule.
162,619205,Six Laning of KT/KL Border Thalapaddy -Chengala from Km. 17.200 to Km. 57.20,NHAI,"Multi-States (Karnataka, Kerala)",100.0,85.87934802909538,23.62649477302683,89.99232456140346,70,HIGH,"['Predicted cost overrun is high.', 'Predicted completion is significantly later than planned.']",Project 619205 is classified as HIGH risk because the predicted total cost is significantly above the baseline and the projected completion date exceeds the planned schedule.
163,618428,Realignment of NH-717A from Design Ch.0.00 Km 77.800 of NH-10 to Design Ch.2.00 Km 3.100 of NH-717A with two lane paved shoulder including Major Bridge of 680 m in the State of Sikkim on EPC Mode-COS work,NHIDCL,Sikkim,100.0,26.699139102854552,35.53560640386641,162.6027397260274,70,HIGH,"['Predicted cost overrun is high.', 'Predicted completion is significantly later than planned.']",Project 618428 is classified as HIGH risk because the predicted total cost is significantly above the baseline and the projected completion date exceeds the planned schedule.
164,619092,4L of Jind-Gohana road Package-1 from km. 0.00 to km. 40.601 of NH-352 A under NHO,NHAI,Haryana,99.97,107.06584055842771,43.981503087848,203.02465753424696,70,HIGH,"['Predicted cost overrun is high.', 'Predicted completion is significantly later than planned.']",Project 619092 is classified as HIGH risk because the predicted total cost is significantly above the baseline and the projected completion date exceeds the planned schedule.
165,619090,8L of Dwarka Expressway Pkg-II RuB near Dwarka Sector 21-DL/HR Border from 5.300 Km.to 9.500 Km. of NH-248BB,NHAI,Delhi,100.0,115.17940483732897,25.539626729603864,239.8194254445962,70,HIGH,"['Predicted cost overrun is high.', 'Predicted completion is significantly later than planned.']",Project 619090 is classified as HIGH risk because the predicted total cost is significantly above the baseline and the projected completion date exceeds the planned schedule.
166,618610,6L of Jodhpur Romana Bathinda - Mandi Dabwali Punjab Haryana Border section of NH-54 from km. 0.000 to km. 27.400 of NH-54,NHAI,Punjab,99.0,91.12079669563894,47.58165876897368,51.85772913816702,70,HIGH,"['Predicted cost overrun is high.', 'Predicted completion is significantly later than planned.']",Project 618610 is classified as HIGH risk because the predicted total cost is significantly above the baseline and the projected completion date exceeds the planned schedule.
167,618413,Construction of 2 laning with Hard shoulder of Peren-Dimapur section on NH 129A from Design Km 146.208 to Km 163.592 Length- 17.384 km in the state of Nagaland on EPC mode under NHO-TSP Package-III,NHIDCL,Nagaland,95.62,62.83962423356021,25.25561118298944,54.03556771545828,70,HIGH,"['Predicted cost overrun is high.', 'Predicted completion is significantly later than planned.']",Project 618413 is classified as HIGH risk because the predicted total cost is significantly above the baseline and the projected completion date exceeds the planned schedule.
168,618607,Kottankulangara- Start of Kollam Bypass,NHAI,Kerala,73.89,83.50046092029245,25.45905198195712,95.99562363238522,70,HIGH,"['Predicted cost overrun is high.', 'Predicted completion is significantly later than planned.']",Project 618607 is classified as HIGH risk because the predicted total cost is significantly above the baseline and the projected completion date exceeds the planned schedule.
169,705616,Jharsuguda - Bilaspur - 4th line 206 km,CAOC/SECR SECR mor,"Multi-States (Chhattisgarh, Odisha)",88.0,118.7373831775701,43.331200934579286,20.34438775510204,70,HIGH,"['Predicted cost overrun is high.', 'Predicted completion is significantly later than planned.', 'Expenditure is high compared with physical progress.', 'Multiple risk indicators are simultaneously high.']","Project 705616 is classified as HIGH risk because the predicted total cost is significantly above the baseline, the projected completion date exceeds the planned schedule, and expenditure is high relative to the physical progress achieved."
170,619218,4L Tumkur-Shimoga Pkg-I from Mallasandra to Karadi village of NH-206 from Km. 12.300 to Km. 65.195,NHAI,Karnataka,100.0,97.97748031726948,22.217536323251085,248.95896032831723,70,HIGH,"['Predicted cost overrun is high.', 'Predicted completion is significantly later than planned.']",Project 619218 is classified as HIGH risk because the predicted total cost is significantly above the baseline and the projected completion date exceeds the planned schedule.
171,619215,Cuttack-Angul Section of NH-42 New NH-55 from Km.60.200 to Km. 112.000 Pkg-II in the State of Odisha,NHAI,Odisha,99.66,109.3190506450409,21.43094178997608,240.27868852459008,70,HIGH,"['Predicted cost overrun is high.', 'Predicted completion is significantly later than planned.']",Project 619215 is classified as HIGH risk because the predicted total cost is significantly above the baseline and the projected completion date exceeds the planned schedule.
172,619213,6L of Hatibena - Badakumari Section from Km 146.50 to km 179.00 of NH-130-CD Package OD-2,NHAI,Odisha,99.99,92.72469886370818,25.683418228699363,121.24076607387104,70,HIGH,"['Predicted cost overrun is high.', 'Predicted completion is significantly later than planned.']",Project 619213 is classified as HIGH risk because the predicted total cost is significantly above the baseline and the projected completion date exceeds the planned schedule.
173,618937,4L of Nagpur-Katol Section from Km. 13.00 to Km. 62.900 of NH-353J,NHAI,Maharashtra,81.54,101.2391170220059,32.997343525056586,162.93150684931527,70,HIGH,"['Predicted cost overrun is high.', 'Predicted completion is significantly later than planned.']",Project 618937 is classified as HIGH risk because the predicted total cost is significantly above the baseline and the projected completion date exceeds the planned schedule.
174,618945,4L of Kodad Design Km 0.00/Existing Km 185.00 of NH-65 to Khammam Design Km 31.800/Existing Km 29.400 of NH-365A,NHAI,Telangana,99.98,75.84430502014497,28.61894236709979,96.59341950646314,70,HIGH,"['Predicted cost overrun is high.', 'Predicted completion is significantly later than planned.']",Project 618945 is classified as HIGH risk because the predicted total cost is significantly above the baseline and the projected completion date exceeds the planned schedule.
175,617947,Arawali Kante section of NH-17New NH-66 4L PS from Km.241/300 to 281/300,MoRTH,Maharashtra,80.06,0.016881994855956862,25.29211809451922,333.42465753424653,70,HIGH,"['Predicted cost overrun is high.', 'Predicted completion is significantly later than planned.']",Project 617947 is classified as HIGH risk because the predicted total cost is significantly above the baseline and the projected completion date exceeds the planned schedule.
176,607709,NORTH EASTERN REGION POWER SYSTEM IMPROVEMENT PROJECT [NERPSIP],Power Grid Corporation of India Limited [POWERGRID],"Multi-States (Assam, Manipur, Meghalaya, Mizoram, Nagaland, Tripura)",99.2,109.12521789827696,29.63412066918007,297.2238805970151,70,HIGH,"['Predicted cost overrun is high.', 'Predicted completion is significantly later than planned.']",Project 607709 is classified as HIGH risk because the predicted total cost is significantly above the baseline and the projected completion date exceeds the planned schedule.
177,618957,4 laning of Champa - Korba from km 0.00 to km 38.2,NHAI,Chhattisgarh,98.75,94.2484012251454,25.02016302016312,131.58219178082197,70,HIGH,"['Predicted cost overrun is high.', 'Predicted completion is significantly later than planned.']",Project 618957 is classified as HIGH risk because the predicted total cost is significantly above the baseline and the projected completion date exceeds the planned schedule.
178,619207,Start of Kollam Bypass - Kadambattukonam,NHAI,Kerala,81.8,75.36657113543352,21.26344283458965,91.74376417233564,70,HIGH,"['Predicted cost overrun is high.', 'Predicted completion is significantly later than planned.']",Project 619207 is classified as HIGH risk because the predicted total cost is significantly above the baseline and the projected completion date exceeds the planned schedule.
179,619206,6L of Perole Nileshwar town to Taliparamba from Km 94.248 to Km 134.650 of NH-66,NHAI,Kerala,86.65,83.06182499630134,24.12311409925517,139.2262773722631,70,HIGH,"['Predicted cost overrun is high.', 'Predicted completion is significantly later than planned.']",Project 619206 is classified as HIGH risk because the predicted total cost is significantly above the baseline and the projected completion date exceeds the planned schedule.
180,618700,Renigunta - Poyya - Naidupeta km 124.60 to km 183.4 of NH 71,NHAI,Andhra Pradesh,98.6,90.02195277737522,26.273067860382724,128.609589041096,70,HIGH,"['Predicted cost overrun is high.', 'Predicted completion is significantly later than planned.']",Project 618700 is classified as HIGH risk because the predicted total cost is significantly above the baseline and the projected completion date exceeds the planned schedule.
181,618464,Vadodara Mumbai Expressway Ena -Kim Phase IB - Pkg VI [Km 217.500 to Km 254.430],National Highways Authority of India [NHAI],Gujarat,98.9,113.31772204273149,26.03946546001952,126.47671232876678,70,HIGH,"['Predicted cost overrun is high.', 'Predicted completion is significantly later than planned.']",Project 618464 is classified as HIGH risk because the predicted total cost is significantly above the baseline and the projected completion date exceeds the planned schedule.
182,707020,Establishment of new GMC Jamui,"Medical Education, Ministry of Health and Family Welfare",Bihar,50.0,41.284,72.23980000000003,24.9087591240876,70,HIGH,"['Predicted cost overrun is high.', 'Predicted completion is significantly later than planned.']",Project 707020 is classified as HIGH risk because the predicted total cost is significantly above the baseline and the projected completion date exceeds the planned schedule.
183,707022,Establishment of new GMC Chaibasa [Singhbhum],"Medical Education, Ministry of Health and Family Welfare",Jharkhand,57.0,26.0,62.81999999999982,33.11475409836069,70,HIGH,"['Predicted cost overrun is high.', 'Predicted completion is significantly later than planned.']",Project 707022 is classified as HIGH risk because the predicted total cost is significantly above the baseline and the projected completion date exceeds the planned schedule.
184,618678,6L Greenfield Baunsaguar - Baraja Section of NH-130-CD Road from km 293000 to km 338500 Package OD-6,NHAI,Odisha,99.6,79.11250879036655,22.510576094943985,118.98714285714294,70,HIGH,"['Predicted cost overrun is high.', 'Predicted completion is significantly later than planned.']",Project 618678 is classified as HIGH risk because the predicted total cost is significantly above the baseline and the projected completion date exceeds the planned schedule.
185,705492,Kadur-Chickmagalur-Sakleshpur 93 km,CAOC/SWR SWR mor,Karnataka,83.0,95.84484848484848,21.48966060606049,54.03556771545828,70,HIGH,"['Predicted cost overrun is high.', 'Predicted completion is significantly later than planned.']",Project 705492 is classified as HIGH risk because the predicted total cost is significantly above the baseline and the projected completion date exceeds the planned schedule.
186,618005,Sheohar-Sitamarhi Section km 40.000 to 79.400 km Lot-I,MoRTH,Bihar,98.65,0.0,38.330612244897885,419.606849315069,70,HIGH,"['Predicted cost overrun is high.', 'Predicted completion is significantly later than planned.']",Project 618005 is classified as HIGH risk because the predicted total cost is significantly above the baseline and the projected completion date exceeds the planned schedule.
187,705510,Bhadrak-Nergundi - 3rd line 80 km,CAO/C/ECOR ECoR mor,Odisha,87.0,108.7056074766355,35.40920560747659,20.34864230640297,70,HIGH,"['Predicted cost overrun is high.', 'Predicted completion is significantly later than planned.', 'Expenditure is high compared with physical progress.', 'Multiple risk indicators are simultaneously high.']","Project 705510 is classified as HIGH risk because the predicted total cost is significantly above the baseline, the projected completion date exceeds the planned schedule, and expenditure is high relative to the physical progress achieved."
188,618699,Pipli Bhavnagar-Package 1 from km 136.025 to km 169.328,National Highways Authority of India [NHAI],Gujarat,100.0,23.036355201797008,27.448397099396992,180.59384941675503,70,HIGH,"['Predicted cost overrun is high.', 'Predicted completion is significantly later than planned.']",Project 618699 is classified as HIGH risk because the predicted total cost is significantly above the baseline and the projected completion date exceeds the planned schedule.
189,705512,Kottavalasa-Koraput 189.278 km,CAO/C/ECOR ECoR mor,"Multi-States (Andhra Pradesh, Odisha)",74.0,92.0016,38.6476679999999,94.40959573522876,70,HIGH,"['Predicted cost overrun is high.', 'Predicted completion is significantly later than planned.']",Project 705512 is classified as HIGH risk because the predicted total cost is significantly above the baseline and the projected completion date exceeds the planned schedule.
190,618698,Challakere to Hariyur section from km 358.500 to km 414.205 of NH-150 A,National Highways Authority of India [NHAI],Karnataka,99.5,72.25572152939564,46.29166952172116,166.5753424657535,70,HIGH,"['Predicted cost overrun is high.', 'Predicted completion is significantly later than planned.']",Project 618698 is classified as HIGH risk because the predicted total cost is significantly above the baseline and the projected completion date exceeds the planned schedule.
191,618896,4L of Sannur to Bikarnakatte section from Km 691.350 to Km 736.362 of NH-169 Karkala - Mangalore Package-III,NHAI,Karnataka,76.1,90.28209548401988,37.45568771142735,121.41176470588218,70,HIGH,"['Predicted cost overrun is high.', 'Predicted completion is significantly later than planned.']",Project 618896 is classified as HIGH risk because the predicted total cost is significantly above the baseline and the projected completion date exceeds the planned schedule.
192,618862,Bakhtiyarpur-Rajauli Pkg-III from km. 101.630 to km.152.520,NHAI,Bihar,99.14,84.35642003135118,30.23863520419969,87.58378970427175,70,HIGH,"['Predicted cost overrun is high.', 'Predicted completion is significantly later than planned.']",Project 618862 is classified as HIGH risk because the predicted total cost is significantly above the baseline and the projected completion date exceeds the planned schedule.
193,702635,Construction of Bangalore Metro Rail Project Phase 2.,Bengaluru Metro Rail,Karnataka,95.8,112.98925133515671,21.1525612058866,109.26361185983856,70,HIGH,"['Predicted cost overrun is high.', 'Predicted completion is significantly later than planned.']",Project 702635 is classified as HIGH risk because the predicted total cost is significantly above the baseline and the projected completion date exceeds the planned schedule.
194,618861,Bakhtiyarpur-Rajauli Pkg-II from km. 54.405 to km.101.630,NHAI,Bihar,97.85,101.87197058331941,45.221349378795566,133.93422655298423,70,HIGH,"['Predicted cost overrun is high.', 'Predicted completion is significantly later than planned.']",Project 618861 is classified as HIGH risk because the predicted total cost is significantly above the baseline and the projected completion date exceeds the planned schedule.
195,618893,Varanasi Gorakhpur Section Packege IV from km. 149.540 to km. 215.160 Mau- Gorakhpur,NHAI,Uttar Pradesh,97.35,116.46716981895283,20.156456989917952,274.5399780941947,70,HIGH,"['Predicted cost overrun is high.', 'Predicted completion is significantly later than planned.']",Project 618893 is classified as HIGH risk because the predicted total cost is significantly above the baseline and the projected completion date exceeds the planned schedule.
196,618482,Delhi-Amritsar-Katra Expressway Phase-I Pkg-I from Jussur Kheri on NH-KMP Expressway to Junction with Rohtak-Panipat road NH-709 near Rukhi Paani village Km 0000 to Km 34000,NHAI,Haryana,99.91,86.24316229928904,23.69775353738824,130.5205479452056,70,HIGH,"['Predicted cost overrun is high.', 'Predicted completion is significantly later than planned.']",Project 618482 is classified as HIGH risk because the predicted total cost is significantly above the baseline and the projected completion date exceeds the planned schedule.
197,618595,6L of Chengala - Neeleshwaram from km. 56.200 to km. 93.468,NHAI,Kerala,90.82,82.87955567007359,32.526771450657,112.85761226725111,70,HIGH,"['Predicted cost overrun is high.', 'Predicted completion is significantly later than planned.']",Project 618595 is classified as HIGH risk because the predicted total cost is significantly above the baseline and the projected completion date exceeds the planned schedule.
198,618747,Khammam-Devarapalle Pkg III [4L Access Controlled Greenfield from Chintagudem village to Recherla village Design Chainage 63117 to 105236],NHAI,"Multi-States (Andhra Pradesh, Telangana)",98.82,78.30620855937312,31.672067510548697,96.00547195622472,70,HIGH,"['Predicted cost overrun is high.', 'Predicted completion is significantly later than planned.']",Project 618747 is classified as HIGH risk because the predicted total cost is significantly above the baseline and the projected completion date exceeds the planned schedule.
199,702958,Lucknow Sewerage Management Infrastructure Project,Ministry of Housing & Urban Affairs,Uttar Pradesh,95.0,107.15288502035658,20.0650007019512,90.35928571428576,70,HIGH,"['Predicted cost overrun is high.', 'Predicted completion is significantly later than planned.']",Project 702958 is classified as HIGH risk because the predicted total cost is significantly above the baseline and the projected completion date exceeds the planned schedule.
200,618889,"4L of Bhangbar Near Ranital to Kangra Bypass Section of Old NH-88 New NH- 303,503 up to Intersection with NH-154 from Km 175.270 to Km 193.400 Pkg-VB",NHAI,Himachal Pradesh,97.45,83.3425299520012,22.98557768623151,86.68946648426797,70,HIGH,"['Predicted cost overrun is high.', 'Predicted completion is significantly later than planned.']",Project 618889 is classified as HIGH risk because the predicted total cost is significantly above the baseline and the projected completion date exceeds the planned schedule.
201,701412,North Koel Reservoir Project,"Department of Water Resources, River Development & GR","Multi-States (Bihar, Jharkhand)",47.0,21.32444044456225,28.561799207283723,3653.101694915256,70,HIGH,"['Predicted cost overrun is high.', 'Predicted completion is significantly later than planned.']",Project 701412 is classified as HIGH risk because the predicted total cost is significantly above the baseline and the projected completion date exceeds the planned schedule.
202,400321,NIGAHI EXPANSION [15 TO 25 MTP,NCL - CIL,Madhya Pradesh,53.73,56.96718468155959,23.985708339114773,64.66729917773557,70,HIGH,"['Predicted cost overrun is high.', 'Predicted completion is significantly later than planned.']",Project 400321 is classified as HIGH risk because the predicted total cost is significantly above the baseline and the projected completion date exceeds the planned schedule.
203,618596,6L of Taliparamba to Muzhappilangad from Km 134.650 to Km 170.6 of NH-66,NHAI,Kerala,83.7,74.42532969866646,27.11316952773899,125.79605263157924,70,HIGH,"['Predicted cost overrun is high.', 'Predicted completion is significantly later than planned.']",Project 618596 is classified as HIGH risk because the predicted total cost is significantly above the baseline and the projected completion date exceeds the planned schedule.
204,701400,Thoubal Multipurpose Project,Water Resources Department-MN,Manipur,99.0,127.50924494977372,33.603508941384206,30.625921004952428,70,HIGH,"['Predicted cost overrun is high.', 'Predicted completion is significantly later than planned.', 'Expenditure is high compared with physical progress.', 'Multiple risk indicators are simultaneously high.']","Project 701400 is classified as HIGH risk because the predicted total cost is significantly above the baseline, the projected completion date exceeds the planned schedule, and expenditure is high relative to the physical progress achieved."
205,618008,"Construction of four-lane elevated viaduct from km.4634 to km.6345 on NH-24A including Retaining wall, service lane, at grade road and improvement of junctions, on EPC mode",MoRTH,Uttar Pradesh,100.0,94.59722297260792,30.82867794046152,177.2313296903461,70,HIGH,"['Predicted cost overrun is high.', 'Predicted completion is significantly later than planned.']",Project 618008 is classified as HIGH risk because the predicted total cost is significantly above the baseline and the projected completion date exceeds the planned schedule.
206,618494,Delhi-Amritsar-Katra Expressway Phase-II Pkg-XV [Junction with Hiranagar Road near village Gurha Baildaran to Junction with Jammu Ring Road NH-244A near Jakh village from Km 468100 to Km 503250],NHAI,Jammu and Kashmir,90.01,68.0156172305199,26.02694708926497,103.74145006839932,70,HIGH,"['Predicted cost overrun is high.', 'Predicted completion is significantly later than planned.']",Project 618494 is classified as HIGH risk because the predicted total cost is significantly above the baseline and the projected completion date exceeds the planned schedule.
207,618426,Construction/Up gradation of Existing road to 2 Lane with Paved Shoulder including Geometric Improvement from Ranipool to Pakyong Balance work from Km 2.000 to 16.167 of NH-717-A on EPC basis under SARDP-NE Phase A in the State of Sikkim,NHIDCL,Sikkim,87.03,48.08186074611086,37.38993354478168,158.53199268738624,70,HIGH,"['Predicted cost overrun is high.', 'Predicted completion is significantly later than planned.']",Project 618426 is classified as HIGH risk because the predicted total cost is significantly above the baseline and the projected completion date exceeds the planned schedule.
208,618617,6L Amritsar-Bathinda Greenfield section from village Tiba on NE-5A to Jn. with Moga Jalandhar road NH-703 near Dharamkot from km 0.000 to km 39.000 of NH-754A Pkg-1,NHAI,Punjab,72.41,82.56031495550602,21.55942832972734,143.24487004103935,70,HIGH,"['Predicted cost overrun is high.', 'Predicted completion is significantly later than planned.']",Project 618617 is classified as HIGH risk because the predicted total cost is significantly above the baseline and the projected completion date exceeds the planned schedule.
209,607701,"Guwahati Refinery Expansion [1.0 to 1.2 MMTPA] along with installation of CRU, Guwahati Refinery",Ministry of Petroleum & Natural Gas,Assam,94.9,110.99684695609993,28.905263157894733,109.206115515289,70,HIGH,"['Predicted cost overrun is high.', 'Predicted completion is significantly later than planned.']",Project 607701 is classified as HIGH risk because the predicted total cost is significantly above the baseline and the projected completion date exceeds the planned schedule.
210,618621,Indore - Edlabad Pkg-II [Tejajinagar to Balwara],NHAI,Madhya Pradesh,87.3,70.90643274853802,23.07837117303079,87.46374829001388,70,HIGH,"['Predicted cost overrun is high.', 'Predicted completion is significantly later than planned.']",Project 618621 is classified as HIGH risk because the predicted total cost is significantly above the baseline and the projected completion date exceeds the planned schedule.
211,618422,"Construction of 2-lane with hard shoulders of Merangkong-Tamlu-Mon road Wakching Twon portion on EPC basis from existing Chainage Km 59000 to Km 73640 [Design Km. 59000 to Km, 72450] Design length - 13.450 Km under SARDP-NE package-V Balance work",NHIDCL,Nagaland,99.75,62.62289000185495,51.16168923514511,41.4500683994528,70,HIGH,"['Predicted cost overrun is high.', 'Predicted completion is significantly later than planned.']",Project 618422 is classified as HIGH risk because the predicted total cost is significantly above the baseline and the projected completion date exceeds the planned schedule.
212,400220,Kharsia-Dharamjaygarh with Spur line [East Corridor-Phase 1],Indian Railway Construction International Limited [IRCON],Chhattisgarh,95.15,91.33191489361703,21.37781342062186,178.6983568075111,70,HIGH,"['Predicted cost overrun is high.', 'Predicted completion is significantly later than planned.']",Project 400220 is classified as HIGH risk because the predicted total cost is significantly above the baseline and the projected completion date exceeds the planned schedule.
213,618839,Aunta - Simaria including Ganga Bridge,National Highways Authority of India [NHAI],Bihar,100.0,62.0716778543991,36.813008316341566,121.09374999999996,70,HIGH,"['Predicted cost overrun is high.', 'Predicted completion is significantly later than planned.']",Project 618839 is classified as HIGH risk because the predicted total cost is significantly above the baseline and the projected completion date exceeds the planned schedule.
214,618776,4L of Greenfield section from Sirhind to Mohali,NHAI,Punjab,98.66,112.43889629539852,24.84160303801561,67.9206566347467,70,HIGH,"['Predicted cost overrun is high.', 'Predicted completion is significantly later than planned.']",Project 618776 is classified as HIGH risk because the predicted total cost is significantly above the baseline and the projected completion date exceeds the planned schedule.
215,618803,Development of 4L Road from Samarlakota to Achampeta Junction as part of Kakinada Port Connectivity to NH-16 Rajanagaram Junction in East Godavari District,NHAI,Andhra Pradesh,93.0,105.33742236265353,29.26448585102928,64.83447332421355,70,HIGH,"['Predicted cost overrun is high.', 'Predicted completion is significantly later than planned.']",Project 618803 is classified as HIGH risk because the predicted total cost is significantly above the baseline and the projected completion date exceeds the planned schedule.
216,618563,4L of Madurai Ring Road Phase 1 [Vadipatti-Thamrapatti] from km 0.00 - km 29.960,NHAI,Tamil Nadu,99.42,100.39108938392312,31.742669851674865,219.70136986301333,70,HIGH,"['Predicted cost overrun is high.', 'Predicted completion is significantly later than planned.']",Project 618563 is classified as HIGH risk because the predicted total cost is significantly above the baseline and the projected completion date exceeds the planned schedule.
217,701168,ALL India Institute of Medical Sciences-AIIMS Madurai,PMSSY AND Institute of NATIONAL Importance,Tamil Nadu,54.0,42.79430379746835,34.41727848101262,117.55265123226246,70,HIGH,"['Predicted cost overrun is high.', 'Predicted completion is significantly later than planned.']",Project 701168 is classified as HIGH risk because the predicted total cost is significantly above the baseline and the projected completion date exceeds the planned schedule.
218,618746,Khammam-Devarapalle Pkg I [4L Access Controlled Greenfield from Thallampadu village to Somavaram village Design Chainage 0000 to 33604],NHAI,Telangana,97.26,85.86084077455604,44.084704524932135,93.2640218878247,70,HIGH,"['Predicted cost overrun is high.', 'Predicted completion is significantly later than planned.']",Project 618746 is classified as HIGH risk because the predicted total cost is significantly above the baseline and the projected completion date exceeds the planned schedule.
219,618486,Delhi-Amritsar-Katra Expressway Phase-I Pkg-V from Junction with Ambala-Kaithal- Hissar road NH-152 near Kharak Pandwa village to Junction with Patiala-Samana- Patran road SH-10 near Ghagga village Km 120250 to Km 157920,NHAI,"Multi-States (Haryana, Punjab)",98.7,86.5856038946873,28.65216492714674,112.87277701778385,70,HIGH,"['Predicted cost overrun is high.', 'Predicted completion is significantly later than planned.']",Project 618486 is classified as HIGH risk because the predicted total cost is significantly above the baseline and the projected completion date exceeds the planned schedule.
220,618863,Barhi-Koderma Section of NH31 km 0.00 - km 27.5,NHAI,Jharkhand,98.5,124.56977235674174,30.08094317975943,41.78847262247855,70,HIGH,"['Predicted cost overrun is high.', 'Predicted completion is significantly later than planned.', 'Expenditure is high compared with physical progress.', 'Multiple risk indicators are simultaneously high.']","Project 618863 is classified as HIGH risk because the predicted total cost is significantly above the baseline, the projected completion date exceeds the planned schedule, and expenditure is high relative to the physical progress achieved."
221,618123,Widening and Strengthening/Reconstruction to Two Lane with Paved Shoulder/ Two Lane with paved shoulders with service road from km 0000 to km 42250 excluding design Ch. 03220 to 04200 & 28350 to 29060 of NH-320G in the state of Jharkhand under EPC mode,MoRTH,Jharkhand,0.01,1.290231107330214,125.61874379696522,41.58686730506157,70,HIGH,"['Predicted cost overrun is high.', 'Predicted completion is significantly later than planned.']",Project 618123 is classified as HIGH risk because the predicted total cost is significantly above the baseline and the projected completion date exceeds the planned schedule.
222,618518,Davanagere - Haveri of NH-48 Old NH-4 from km. 260.00 to km. 338.923,NHAI,Karnataka,98.87,87.54562890552496,21.643472402675386,252.9868421052631,70,HIGH,"['Predicted cost overrun is high.', 'Predicted completion is significantly later than planned.']",Project 618518 is classified as HIGH risk because the predicted total cost is significantly above the baseline and the projected completion date exceeds the planned schedule.
223,701766,Green Building Development Project,ministry of housing and urban affairs,Uttarakhand,40.3,39.41842750215274,22.87414718155928,66.5003219575017,70,HIGH,"['Predicted cost overrun is high.', 'Predicted completion is significantly later than planned.']",Project 701766 is classified as HIGH risk because the predicted total cost is significantly above the baseline and the projected completion date exceeds the planned schedule.
224,618449,Construction & Upgradation of existing road to 2-lane with paved shoulder from km27.200 End of Rongli bypass to km37.600New Rolep Bridge of Rhenok-Menla spur NH-717B on EPC Mode under SARDP-NE Phase-A in Sikkim Pkg-II B,NHIDCL,Sikkim,86.19,108.35756129312215,9.717248860924236,141.99999999999997,65,HIGH,"['Predicted completion is significantly later than planned.', 'Expenditure is high compared with physical progress.']",Project 618449 is classified as HIGH risk because the projected completion date exceeds the planned schedule and expenditure is high relative to the physical progress achieved.
225,618450,Rehabilitation & Upgradation of existing road to 2-lane with paved shoulder including geometric improvement of section from start of Rabangla km33.600 to km58.840 under SARDP-NE Phase A Pkg- IV,NHIDCL,Sikkim,65.15,86.62226775956283,5.163046448087287,291.8734835355283,65,HIGH,"['Predicted completion is significantly later than planned.', 'Expenditure is high compared with physical progress.']",Project 618450 is classified as HIGH risk because the projected completion date exceeds the planned schedule and expenditure is high relative to the physical progress achieved.
226,705507,Itarsi-Nagpur bal. 280 km,CAOC/CR CR mor,"Multi-States (Madhya Pradesh, Maharashtra)",55.0,93.47771958969922,57.286022751856045,6.081774452164557,65,HIGH,"['Predicted cost overrun is high.', 'Expenditure is high compared with physical progress.']",Project 705507 is classified as HIGH risk because the predicted total cost is significantly above the baseline and expenditure is high relative to the physical progress achieved.
227,619142,Construction of 4-lane connectivity to Banbasa ICP at India Nepal border from NH-09 old NH-125 Sitarganj-Tanakpur at Km 40.00 near Jagbuda bridge under Bharatmala Priyojana of NH-109D on EPC mode in the State of Uttarakhand,NHAI,Uttarakhand,75.24,98.59427570631884,17.16158915979164,171.40727272727227,65,HIGH,"['Predicted completion is significantly later than planned.', 'Expenditure is high compared with physical progress.']",Project 619142 is classified as HIGH risk because the projected completion date exceeds the planned schedule and expenditure is high relative to the physical progress achieved.
228,709783,"Installation of Multiple Effect Evaporator [MEE] for ETP-1, 2 & 4 of Panipat Refinery and Petrochemical Complex.",Indian Oil Corporation Limited [IOCL],Haryana,92.5,117.10773330103554,17.107733301035548,132.63815789473682,65,HIGH,"['Predicted completion is significantly later than planned.', 'Expenditure is high compared with physical progress.']",Project 709783 is classified as HIGH risk because the projected completion date exceeds the planned schedule and expenditure is high relative to the physical progress achieved.
229,705364,Khagaria-Kusheshwar Asthan [42Km] new line project,East Central Railway [ECR] - I,Bihar,55.7,80.0586319218241,70.56449511400675,8.653680109508365,65,HIGH,"['Predicted cost overrun is high.', 'Expenditure is high compared with physical progress.']",Project 705364 is classified as HIGH risk because the predicted total cost is significantly above the baseline and expenditure is high relative to the physical progress achieved.
230,400006,Jharsuguda-Barpali-Sardega Ph II Works- Rail Connectivity for Coal Loading Bulb at Barpali.,South Eastern Railway [SER] - I,Odisha,44.0,91.89977626423071,10.551514851852389,33.600273785078656,65,HIGH,"['Predicted completion is significantly later than planned.', 'Expenditure is high compared with physical progress.']",Project 400006 is classified as HIGH risk because the projected completion date exceeds the planned schedule and expenditure is high relative to the physical progress achieved.
231,618488,Delhi-Amritsar-Katra Expressway Phase-I Pkg-VIII from Junction with Ludhiana- Malerkotla SH-11 near Bhogiwal village to Junction with Ludhiana-Moga road NH-5 near Mullanpur Dakha Km 225770 to km 260860,NHAI,Punjab,31.08,67.23021089389896,10.911232552987297,100.70861833105327,65,HIGH,"['Predicted completion is significantly later than planned.', 'Expenditure is high compared with physical progress.']",Project 618488 is classified as HIGH risk because the projected completion date exceeds the planned schedule and expenditure is high relative to the physical progress achieved.
232,705490,Gadag - Wadi 252 km,CAOC/SWR SWR mor,Karnataka,35.0,79.24137931034483,29.86468684025329,5.891969134038216,65,HIGH,"['Predicted cost overrun is high.', 'Expenditure is high compared with physical progress.']",Project 705490 is classified as HIGH risk because the predicted total cost is significantly above the baseline and expenditure is high relative to the physical progress achieved.
233,617374,"Dallirajhara - Rowghat New Rail Line Project, Phase-I",Rail Vikas Nigam Limited,Chhattisgarh,98.0,142.09040851989846,42.09040851989844,8.162171816395826,65,HIGH,"['Predicted cost overrun is high.', 'Expenditure is high compared with physical progress.']",Project 617374 is classified as HIGH risk because the predicted total cost is significantly above the baseline and expenditure is high relative to the physical progress achieved.
234,618304,"Widening/Improvement to 2 Lane with earthen shoulder of Jessami to Laynen bridge Nagaland border section of NH-29 of Imphal -Ukhrul - Jessami Economic Corridor from km 0.000 to km 11.009 in the State of Manipur on EPC mode under Bharatmala Pariyojana, under NHO-NE Package-7",NHIDCL,Manipur,28.12,78.18545697131421,7.199890836315006,41.44789762340031,65,HIGH,"['Predicted completion is significantly later than planned.', 'Expenditure is high compared with physical progress.']",Project 618304 is classified as HIGH risk because the projected completion date exceeds the planned schedule and expenditure is high relative to the physical progress achieved.
235,705633,Guntur-Guntakal Doubling Project,South Central Railway [SCR] - II,Andhra Pradesh,94.05,148.7449772301098,48.74497723010982,10.977981029810351,65,HIGH,"['Predicted cost overrun is high.', 'Expenditure is high compared with physical progress.']",Project 705633 is classified as HIGH risk because the predicted total cost is significantly above the baseline and expenditure is high relative to the physical progress achieved.
236,705583,Anand Vihar-Tilak Bridge - 3rd & 4th line 9.77 km,CAOC/NR NR mor,Delhi,23.0,59.02248875562219,5.600989505247329,53.621621621621465,65,HIGH,"['Predicted completion is significantly later than planned.', 'Expenditure is high compared with physical progress.']",Project 705583 is classified as HIGH risk because the projected completion date exceeds the planned schedule and expenditure is high relative to the physical progress achieved.
237,619185,Rehabilitation and up-gradation and completion of balance work of section from Km 155.00 to Km 181.00 End of Jarwa to Rangat of NH -4 Total length 26 Km to Intermediate Lane/2-lane with hard shoulders in the UT of A&N Islands on EPC basis - Package-III.B Balance work,NHIDCL,Andaman & Nicobar,50.15,89.14251470908694,5.540858574852932,96.60038610038626,65,HIGH,"['Predicted completion is significantly later than planned.', 'Expenditure is high compared with physical progress.']",Project 619185 is classified as HIGH risk because the projected completion date exceeds the planned schedule and expenditure is high relative to the physical progress achieved.
238,706757,Modasa-Shamlaji Road Railway Line Project,Western Railway WR - II,Gujarat,64.0,148.0229007633588,48.02290076335878,7.3972159274846305,65,HIGH,"['Predicted cost overrun is high.', 'Expenditure is high compared with physical progress.']",Project 706757 is classified as HIGH risk because the predicted total cost is significantly above the baseline and expenditure is high relative to the physical progress achieved.
239,705391,Jiribam-Imphal 110 km,CAO/C-III/NFR NFR mor,Manipur,78.0,118.21196676673881,47.548549884800686,9.322795598946133,65,HIGH,"['Predicted cost overrun is high.', 'Expenditure is high compared with physical progress.']",Project 705391 is classified as HIGH risk because the predicted total cost is significantly above the baseline and expenditure is high relative to the physical progress achieved.
240,709849,PRP-VIII Group B [NH & BS Asset],Oil and Natural Gas Corporation Limited [ONGC],Offshore,98.7,117.94338215085006,37.36646511445274,46.12131147540996,60,HIGH,"['Predicted cost overrun is high.', 'Predicted completion is significantly later than planned.']",Project 709849 is classified as HIGH risk because the predicted total cost is significantly above the baseline and the projected completion date exceeds the planned schedule.
241,707087,Establishment of new GMC Pithoragarh,"Medical Education, Ministry of Health and Family Welfare",Uttarakhand,78.0,144.64,114.60224615384608,0.0,60,HIGH,"['Predicted cost overrun is high.', 'Expenditure is high compared with physical progress.']",Project 707087 is classified as HIGH risk because the predicted total cost is significantly above the baseline and expenditure is high relative to the physical progress achieved.
242,707067,Establishment of new GMC Mon,"Medical Education, Ministry of Health and Family Welfare",Nagaland,0.0,47.69230769230769,2.207907692307712,151680.55190538763,60,HIGH,"['Predicted completion is significantly later than planned.', 'Expenditure is high compared with physical progress.']",Project 707067 is classified as HIGH risk because the projected completion date exceeds the planned schedule and expenditure is high relative to the physical progress achieved.
243,707052,Establishment of new GMC Handwara [Distt. Kupwara],"Medical Education, Ministry of Health and Family Welfare",Jammu and Kashmir,0.0,53.230769230769226,2.9097846153846465,151680.55190538763,60,HIGH,"['Predicted completion is significantly later than planned.', 'Expenditure is high compared with physical progress.']",Project 707052 is classified as HIGH risk because the projected completion date exceeds the planned schedule and expenditure is high relative to the physical progress achieved.
244,705785,Lodhma-Piska - Link line bypassing Hatia / Ranchi with Y connection 17.2 km,CAO/C/SER SER mor,Jharkhand,14.0,72.83298097251586,3.338794926004244,132.4528301886796,60,HIGH,"['Predicted completion is significantly later than planned.', 'Expenditure is high compared with physical progress.']",Project 705785 is classified as HIGH risk because the projected completion date exceeds the planned schedule and expenditure is high relative to the physical progress achieved.
245,617252,Anand Nagar - Ghughuli via Maharajganj 53.37 km,CAOC/NER NER mor,Uttar Pradesh,12.0,92.71917100608388,74.06941676145556,0.0,60,HIGH,"['Predicted cost overrun is high.', 'Expenditure is high compared with physical progress.']",Project 617252 is classified as HIGH risk because the predicted total cost is significantly above the baseline and expenditure is high relative to the physical progress achieved.
246,611586,Sunni Dam Hydro Electric Project [382 MW],Satluj Jal Vidyut Nigam [SJVN] Thermal Limited,Himachal Pradesh,34.66,44.069825703477896,49.86845336219771,29.528429838288844,60,HIGH,"['Predicted cost overrun is high.', 'Predicted completion is significantly later than planned.']",Project 611586 is classified as HIGH risk because the predicted total cost is significantly above the baseline and the projected completion date exceeds the planned schedule.
247,705454,Chhota Udepur-Dhar 157 km,CAOCWR WR mor,"Multi-States (Gujarat, Madhya Pradesh)",58.0,103.40078037904125,53.74857859531767,3.348602116569277,60,HIGH,"['Predicted cost overrun is high.', 'Expenditure is high compared with physical progress.']",Project 705454 is classified as HIGH risk because the predicted total cost is significantly above the baseline and expenditure is high relative to the physical progress achieved.
248,707019,Establishment of new GMC Buxar,"Medical Education, Ministry of Health and Family Welfare",Bihar,0.0,60.0,4.8356,151680.55190538763,60,HIGH,"['Predicted completion is significantly later than planned.', 'Expenditure is high compared with physical progress.']",Project 707019 is classified as HIGH risk because the projected completion date exceeds the planned schedule and expenditure is high relative to the physical progress achieved.
249,707018,Establishment of new GMC Siwan,"Medical Education, Ministry of Health and Family Welfare",Bihar,0.0,60.0,4.8356,151680.55190538763,60,HIGH,"['Predicted completion is significantly later than planned.', 'Expenditure is high compared with physical progress.']",Project 707018 is classified as HIGH risk because the projected completion date exceeds the planned schedule and expenditure is high relative to the physical progress achieved.
250,705453,"Dahod-Indore via Sardarpur, Jhabua & Dhar 200.97 km incl. material modification for change in alignment via Amjhera 4.82 km",CAOCWR WR mor,"Multi-States (Gujarat, Madhya Pradesh)",57.0,988.7298002499616,1452.8800184182228,1.8517179023507375,60,HIGH,"['Predicted cost overrun is high.', 'Expenditure is high compared with physical progress.']",Project 705453 is classified as HIGH risk because the predicted total cost is significantly above the baseline and expenditure is high relative to the physical progress achieved.
251,705498,Kalyan-Kasara - 3rd line 67.62 km,CAOC/CR CR mor,Maharashtra,73.0,146.27754165142704,82.15391794574278,0.3161353127283044,60,HIGH,"['Predicted cost overrun is high.', 'Expenditure is high compared with physical progress.']",Project 705498 is classified as HIGH risk because the predicted total cost is significantly above the baseline and expenditure is high relative to the physical progress achieved.
252,705515,Budhapank-Salegaon via Rajatgarh - 3rd & 4th line 85 85 km,CAO/C/ECOR ECoR mor,Odisha,86.0,188.72293265132137,132.9715089514064,3.3692350179508432,60,HIGH,"['Predicted cost overrun is high.', 'Expenditure is high compared with physical progress.']",Project 705515 is classified as HIGH risk because the predicted total cost is significantly above the baseline and expenditure is high relative to the physical progress achieved.
253,618325,Dillai to Lahorijan Package-7,NHIDCL,Assam,0.0,69.6766291033807,0.1048995590396734,127.9707495429616,60,HIGH,"['Predicted completion is significantly later than planned.', 'Expenditure is high compared with physical progress.']",Project 618325 is classified as HIGH risk because the projected completion date exceeds the planned schedule and expenditure is high relative to the physical progress achieved.
254,618921,4L of Kathlighat to Shakral Village from Km 128.835 to Km 146.300 of NH- 5 Shimla Bypass - Pkg I,NHAI,Himachal Pradesh,64.2,69.423180782868,41.9339411087889,39.6067518248177,60,HIGH,"['Predicted cost overrun is high.', 'Predicted completion is significantly later than planned.']",Project 618921 is classified as HIGH risk because the predicted total cost is significantly above the baseline and the projected completion date exceeds the planned schedule.
255,618941,4L of Bamni - Rajura - Warur - Devada upto M.S. Border of NH - 930D from km 19.000 to km 51.985,NHAI,"Multi-States (Maharashtra, Telangana)",78.16,85.42533960022726,21.535406229017056,40.21643835616438,60,HIGH,"['Predicted cost overrun is high.', 'Predicted completion is significantly later than planned.']",Project 618941 is classified as HIGH risk because the predicted total cost is significantly above the baseline and the projected completion date exceeds the planned schedule.
256,705632,Vijayawada19.50 km & Kazipet10.65 km -Byepass line,CAO/C/SCoR SCoR mor,"Multi-States (Andhra Pradesh, Telangana)",90.0,109.06646058732612,31.001437403400345,37.37166324435318,60,HIGH,"['Predicted cost overrun is high.', 'Predicted completion is significantly later than planned.']",Project 705632 is classified as HIGH risk because the predicted total cost is significantly above the baseline and the projected completion date exceeds the planned schedule.
257,618618,6L Amritsar-Bathinda Greenfield section from Jn. with Bhagta Bhai Ka-Bhadaur Road near Dyalpura Bhai Ka to Jn. with Mandi Dabwali Bathinda Road on NH-54 near Sangat Kalan from km 93.000 to km 154.866 of NH-754A Pkg-3,NHAI,Punjab,74.0,71.07142329129644,20.79199377085225,44.052054794520735,60,HIGH,"['Predicted cost overrun is high.', 'Predicted completion is significantly later than planned.']",Project 618618 is classified as HIGH risk because the predicted total cost is significantly above the baseline and the projected completion date exceeds the planned schedule.
258,701349,Paradip-Numaligarh Crude Oil Pipeline [PNCPL] & Crude Oil Import Terminal [COIT] at Paradip,Numaligarh Refinery Limited,West Bengal,93.2,109.19524833789598,28.85787935080173,40.23406374501999,60,HIGH,"['Predicted cost overrun is high.', 'Predicted completion is significantly later than planned.']",Project 701349 is classified as HIGH risk because the predicted total cost is significantly above the baseline and the projected completion date exceeds the planned schedule.
259,618922,4L of Shakral Village to Dhalli Section from Km 146.300 to Km 156.560 Shimla Bypass - Pkg II and Shimla connectivity from Km 0.000 to Km 0.725 of NH-5,NHAI,Himachal Pradesh,59.88,76.97647551961396,38.1031253514359,22.29223744292224,60,HIGH,"['Predicted cost overrun is high.', 'Predicted completion is significantly later than planned.']",Project 618922 is classified as HIGH risk because the predicted total cost is significantly above the baseline and the projected completion date exceeds the planned schedule.
260,707039,Establishment of new GMC Gangtok,"Medical Education, Ministry of Health and Family Welfare",Sikkim,92.0,266.884,166.884,0.0,60,HIGH,"['Predicted cost overrun is high.', 'Expenditure is high compared with physical progress.']",Project 707039 is classified as HIGH risk because the predicted total cost is significantly above the baseline and expenditure is high relative to the physical progress achieved.
261,705419,Gwalior-Sheorpurkalan with extension to Kota 284 km,CAO/C/NCR NCR mor,Madhya Pradesh,91.0,105.34672159285961,23.975214555441163,22.18368962787009,60,HIGH,"['Predicted cost overrun is high.', 'Predicted completion is significantly later than planned.']",Project 705419 is classified as HIGH risk because the predicted total cost is significantly above the baseline and the projected completion date exceeds the planned schedule.
262,616615,"Sewer Network, SPS and STP at Begusarai",National Mission for Clean Ganga,Bihar,97.0,113.80509432322003,20.95979309745279,23.35085007727968,60,HIGH,"['Predicted cost overrun is high.', 'Predicted completion is significantly later than planned.']",Project 616615 is classified as HIGH risk because the predicted total cost is significantly above the baseline and the projected completion date exceeds the planned schedule.
263,705410,Nangal Dam-Talwara 83.74 km - New broad gauge line & taking over siding Mukerian- Talwara 29.16 km,CAOC/NR NR mor,"Multi-States (Himachal Pradesh, Punjab)",84.0,145.40485629335976,91.08476709613495,1.3602823227462195,60,HIGH,"['Predicted cost overrun is high.', 'Expenditure is high compared with physical progress.']",Project 705410 is classified as HIGH risk because the predicted total cost is significantly above the baseline and expenditure is high relative to the physical progress achieved.
264,701405,J. Chokka Rao Devadula Lift Irrigation Scheme,Irrigation and CAD-TG,Telangana,87.7,59.032571570022604,47.258425185136446,48.157051282051285,60,HIGH,"['Predicted cost overrun is high.', 'Predicted completion is significantly later than planned.']",Project 701405 is classified as HIGH risk because the predicted total cost is significantly above the baseline and the projected completion date exceeds the planned schedule.
265,400299,Pottangi Bauxite Mines Project,National Aluminium Company Limited [NALCO],Odisha,52.4,55.78349022447502,28.241897175959373,25.69110576923076,60,HIGH,"['Predicted cost overrun is high.', 'Predicted completion is significantly later than planned.']",Project 400299 is classified as HIGH risk because the predicted total cost is significantly above the baseline and the projected completion date exceeds the planned schedule.
266,400298,Nadikude-Srikalahasti 308.7 km,CAO/C/SCoR SCoR mor,Andhra Pradesh,2.0,109.67474048442907,142.74320934256096,3.716019575856302,60,HIGH,"['Predicted cost overrun is high.', 'Expenditure is high compared with physical progress.']",Project 400298 is classified as HIGH risk because the predicted total cost is significantly above the baseline and expenditure is high relative to the physical progress achieved.
267,705481,Ramganj Mandi-Bhopal 262 km,CPM/Kota WCR mor,"Multi-States (Madhya Pradesh, Rajasthan)",86.0,148.36774406332452,63.06084102902391,2.3852385238524056,60,HIGH,"['Predicted cost overrun is high.', 'Expenditure is high compared with physical progress.']",Project 705481 is classified as HIGH risk because the predicted total cost is significantly above the baseline and expenditure is high relative to the physical progress achieved.
268,618110,Improvement and upgradation to two lane with Paved Shoulder configuration from existing km 55.00 to km 90.00 Design length 34.76 of NH-227A near Chhapia Village to near Sikriganj in the State of UP on EPC Mode.,MoRTH,Uttar Pradesh,0.0,40.98857087037218,0.8938491094395892,133.45521023765997,60,HIGH,"['Predicted completion is significantly later than planned.', 'Expenditure is high compared with physical progress.']",Project 618110 is classified as HIGH risk because the projected completion date exceeds the planned schedule and expenditure is high relative to the physical progress achieved.
269,707017,Establishment of new GMC Jhanjharpur,"Medical Education, Ministry of Health and Family Welfare",Bihar,0.0,60.0,4.8356,151680.55190538763,60,HIGH,"['Predicted completion is significantly later than planned.', 'Expenditure is high compared with physical progress.']",Project 707017 is classified as HIGH risk because the projected completion date exceeds the planned schedule and expenditure is high relative to the physical progress achieved.
270,706989,Establishment of new GMC West Garo Hills [Tura],"Medical Education, Ministry of Health and Family Welfare",Meghalaya,0.0,90.0,0.4380952380952397,151680.55190538763,60,HIGH,"['Predicted completion is significantly later than planned.', 'Expenditure is high compared with physical progress.']",Project 706989 is classified as HIGH risk because the projected completion date exceeds the planned schedule and expenditure is high relative to the physical progress achieved.
271,707016,Establishment of new GMC Sitamarhi,"Medical Education, Ministry of Health and Family Welfare",Bihar,0.0,60.0,4.8356,151680.55190538763,60,HIGH,"['Predicted completion is significantly later than planned.', 'Expenditure is high compared with physical progress.']",Project 707016 is classified as HIGH risk because the projected completion date exceeds the planned schedule and expenditure is high relative to the physical progress achieved.
272,705357,Baramati - Lonand 54 km,CAOC/CR CR mor,Maharashtra,60.0,817.6270941652225,915.2599653379554,2.561417971970276,60,HIGH,"['Predicted cost overrun is high.', 'Expenditure is high compared with physical progress.']",Project 705357 is classified as HIGH risk because the predicted total cost is significantly above the baseline and expenditure is high relative to the physical progress achieved.
273,705356,Ahmednagar - Beed - Parli - Vaijnath New Broad Gauge Line Railway Project [261.3 km],CAOC/CR CR mor,Maharashtra,93.0,199.10780054122824,106.02792407047784,0.0,60,HIGH,"['Predicted cost overrun is high.', 'Expenditure is high compared with physical progress.']",Project 705356 is classified as HIGH risk because the predicted total cost is significantly above the baseline and expenditure is high relative to the physical progress achieved.
274,618814,4L Access Controlled Greenfield Highway section on NH163G Warangal-Khammam from Oorugonda village in Hanamkonda District at Design Ch. 112.240 Km to Venkatpur village in Warangal District at Design Ch. 150.240 KmPackage-I,NHAI,Telangana,0.5,14.019779450376335,31.88359005776301,37.70639269406394,60,HIGH,"['Predicted cost overrun is high.', 'Predicted completion is significantly later than planned.']",Project 618814 is classified as HIGH risk because the predicted total cost is significantly above the baseline and the projected completion date exceeds the planned schedule.
275,618571,Permanent rectification of 3 nos. of black spots in project Highway NH-27 of U.P border - Dewapur - Kotwa section from Km.360.915 to km.440.000 Total Length of 79.085 Km of NH-27& Permanent rectification of 5 nos. of black spots of project Highway NH-27 of Kotwa - Mehsi - Muzaffarpur Section from km.440.000 to km.520.000 Total length 80.00Km,NHAI,Bihar,83.01,102.83828382838283,33.10376237623747,46.03556771545836,60,HIGH,"['Predicted cost overrun is high.', 'Predicted completion is significantly later than planned.']",Project 618571 is classified as HIGH risk because the predicted total cost is significantly above the baseline and the projected completion date exceeds the planned schedule.
276,400120,KG-DWN-98/2 Cluster - II Development Project - NELP Block,Oil and Natural Gas Corporation Limited [ONGC],Andhra Pradesh,96.9,97.58908620486886,8.172337116311903,143.01352221506767,55,HIGH,['Predicted completion is significantly later than planned.'],Project 400120 is classified as HIGH risk because the projected completion date exceeds the planned schedule.
277,400119,Life Extension of 48 well platforms of Mumbai High & Heera Fields,Oil and Natural Gas Corporation Limited [ONGC],Offshore,90.0,97.88478354211783,8.413468560092094,364.2946009389676,55,HIGH,['Predicted completion is significantly later than planned.'],Project 400119 is classified as HIGH risk because the projected completion date exceeds the planned schedule.
278,618581,Hosur to Dhamrapuri Pkg-1 [Neraluru - Thorapalli Agraharam],NHAI,"Multi-States (Karnataka, Tamil Nadu)",78.7,80.078308706922,6.116150623954272,108.34746922024615,55,HIGH,['Predicted completion is significantly later than planned.'],Project 618581 is classified as HIGH risk because the projected completion date exceeds the planned schedule.
279,618579,6L of Anandapuram Pendurthi Anakapalli Section from km. 681.000 to km. 731.780 of NH-16,NHAI,Andhra Pradesh,100.0,94.02888800949744,15.41507716660072,202.47258771929805,55,HIGH,['Predicted completion is significantly later than planned.'],Project 618579 is classified as HIGH risk because the projected completion date exceeds the planned schedule.
280,619132,4/6L of Gurgaon - Pataudi - Rewari from km. 0.00 to km.43.87 of NH-352W,NHAI,Haryana,77.76,70.02883914167643,9.94902322600606,150.4369863013696,55,HIGH,['Predicted completion is significantly later than planned.'],Project 619132 is classified as HIGH risk because the projected completion date exceeds the planned schedule.
281,619129,Mahabalipuram - Pondicherry Pkg-I [Mamallapuram to Mugaiyur],NHAI,Tamil Nadu,58.65,66.50594616843313,10.737560086436334,144.05198358413108,55,HIGH,['Predicted completion is significantly later than planned.'],Project 619129 is classified as HIGH risk because the projected completion date exceeds the planned schedule.
282,400012,Kandla Gorakhpur LPG Pipeline,Indian Oil Corporation Limited [IOCL],Uttar Pradesh,96.0,84.30025773195875,10.94259813639967,158.00821167883177,55,HIGH,['Predicted completion is significantly later than planned.'],Project 400012 is classified as HIGH risk because the projected completion date exceeds the planned schedule.
283,707229,"Integrated Command control Center [ICCC] - Construction and Development of Integrated Command Control Center with Security, Surveillance, ITMS, Connecting Port, Ship Service, Smart Solid Waste Management, Smart Public Transport System",ministry of housing and urban affairs,Andaman & Nicobar,97.0,17.7958833619211,6.585334476843942,211.9047619047619,55,HIGH,['Predicted completion is significantly later than planned.'],Project 707229 is classified as HIGH risk because the projected completion date exceeds the planned schedule.
284,619118,Four Laning of Angul to Sambalpur from Km.112.000 to Km.265.000,NHAI,Odisha,99.98,98.20202068492931,8.127758920176616,286.7202718006799,55,HIGH,['Predicted completion is significantly later than planned.'],Project 619118 is classified as HIGH risk because the projected completion date exceeds the planned schedule.
285,619117,Hassan km 184.912 to Maranahally km 230.060 of NH - 75 in Karnataka,NHAI,Karnataka,97.8,104.63404367786838,12.351596072711487,373.579452054795,55,HIGH,['Predicted completion is significantly later than planned.'],Project 619117 is classified as HIGH risk because the projected completion date exceeds the planned schedule.
286,619109,6L of Badakumari - Karki Section from Km 179.000 to km 226.500 of NH-130-CD Package OD-3,NHAI,Odisha,99.7,64.75638977635784,14.691348388033482,116.73324213406327,55,HIGH,['Predicted completion is significantly later than planned.'],Project 619109 is classified as HIGH risk because the projected completion date exceeds the planned schedule.
287,619153,4L of HP/Punjab Border - Mo from km. 11.00 to km. 42.00 of Old NH-20 New NH-154 Package-IA,NHAI,Himachal Pradesh,68.65,81.79940325912325,16.3529552643922,129.44049247606017,55,HIGH,['Predicted completion is significantly later than planned.'],Project 619153 is classified as HIGH risk because the projected completion date exceeds the planned schedule.
288,619152,Bakhtiyarpur Km 153.300 to Mokama Km 197.900,NHAI,Bihar,99.95,94.75416570116492,17.380274272713926,263.3077765607886,55,HIGH,['Predicted completion is significantly later than planned.'],Project 619152 is classified as HIGH risk because the projected completion date exceeds the planned schedule.
289,619149,4L of Ratnagiri - Kolhapur section of NH-166 from km 0.000 to km 19.769 and km 31.000 to km 67.140 Pkg I,NHAI,Maharashtra,97.4,81.43830713122101,15.982700405291858,87.24076607387164,55,HIGH,['Predicted completion is significantly later than planned.'],Project 619149 is classified as HIGH risk because the projected completion date exceeds the planned schedule.
290,617370,Doubling between Jaunpur Jn - Zaffarabad 6.28 km PB73/2023-24/NR,CAOC/NR NR mor,Uttar Pradesh,22.0,43.43518211004096,20.362614856636757,6.356250000000148,55,HIGH,"['Predicted cost overrun is high.', 'Expenditure is high compared with physical progress.']",Project 617370 is classified as HIGH risk because the predicted total cost is significantly above the baseline and expenditure is high relative to the physical progress achieved.
291,619103,4/6 Laning of Raipur-Simga Pkg-I from km. 0.00 to km. 48.58,NHAI,Chhattisgarh,100.0,82.56301754641959,11.08058220552297,414.8109589041096,55,HIGH,['Predicted completion is significantly later than planned.'],Project 619103 is classified as HIGH risk because the projected completion date exceeds the planned schedule.
292,619100,Dhangaon - Borgaon section km 81.000 to km 139.000 [Indore - Edlabad Pkg IV],NHAI,Madhya Pradesh,99.8,86.20900692840647,8.149561200923774,145.8904109589041,55,HIGH,['Predicted completion is significantly later than planned.'],Project 619100 is classified as HIGH risk because the projected completion date exceeds the planned schedule.
293,618835,4L of Bal Works of Talaja - Mahuva from 54.990 km. to 100.450 km. of Old NH-8E Package-II,National Highways Authority of India [NHAI],Gujarat,100.0,59.909793814433,5.060008591065329,243.71584699453547,55,HIGH,['Predicted completion is significantly later than planned.'],Project 618835 is classified as HIGH risk because the projected completion date exceeds the planned schedule.
294,618834,4L Kodinar - Veraval Package VI from km. 222.400 to km. 230.00 Kodinar Bypass of NH-8E NH 51 new,National Highways Authority of India [NHAI],Gujarat,100.0,107.4294844220488,13.695200639095386,187.83783783783784,55,HIGH,['Predicted completion is significantly later than planned.'],Project 618834 is classified as HIGH risk because the projected completion date exceeds the planned schedule.
295,618833,Kodinar - Veraval Package VI from km. 221.610 to km. 263.00 of NH-8E & km. 120.900 to km. 121.150 of NH-8D,NHAI,Gujarat,98.79,81.65904184516951,18.413563606670976,246.65266742338295,55,HIGH,['Predicted completion is significantly later than planned.'],Project 618833 is classified as HIGH risk because the projected completion date exceeds the planned schedule.
296,618830,4L from Km 147.450 Bhogu to Km 196.870 Sankha on NH-75 Sec-III,NHAI,Jharkhand,76.95,74.54656854671349,7.060670544908226,65.29274965800262,55,HIGH,['Predicted completion is significantly later than planned.'],Project 618830 is classified as HIGH risk because the projected completion date exceeds the planned schedule.
297,618856,"Improvement and Up-Gradation of Existing Road to 4L PS from Km 123.650 to 175.080, from Start of Shahabad Bypass to End of Hardoi bypass of NH 731 Pkg-2B",NHAI,Uttar Pradesh,68.8,47.16779059530401,7.432006099165818,67.17647058823519,55,HIGH,['Predicted completion is significantly later than planned.'],Project 618856 is classified as HIGH risk because the projected completion date exceeds the planned schedule.
298,618850,Nerchowk km 190.000 to Pandoh including Pandoh bypass km221.305,NHAI,Himachal Pradesh,100.0,107.56290467994427,19.249562877359864,243.30043859649064,55,HIGH,['Predicted completion is significantly later than planned.'],Project 618850 is classified as HIGH risk because the projected completion date exceeds the planned schedule.
299,618124,Rehabilitation and upgradation from km 51.600 to km 75.700 of NH-321G Nuhkhas to Etah section to two lane with paved shoulder configuration under EPC mode in the State of Uttar Pradesh,MoRTH,Uttar Pradesh,73.0,25.89800314373872,5.595622052745071,83.50274223034721,55,HIGH,['Predicted completion is significantly later than planned.'],Project 618124 is classified as HIGH risk because the projected completion date exceeds the planned schedule.
300,400261,Patratu Thermal Power Station Expansion Project Phase-I [3x800 MW],National Thermal Power Corporation [NTPC],Jharkhand,92.0,105.71952003428326,12.06251392757656,67.65262076053435,55,HIGH,['Predicted completion is significantly later than planned.'],Project 400261 is classified as HIGH risk because the projected completion date exceeds the planned schedule.
301,706779,Mumbai Urban Transport Project [MUTP] - PHASE II,Mumbai Rail Vikas Corporation Ltd.[MRVC],Maharashtra,90.0,93.47273401755905,8.392740200321507,230.71481481481507,55,HIGH,['Predicted completion is significantly later than planned.'],Project 706779 is classified as HIGH risk because the projected completion date exceeds the planned schedule.
302,618239,"Rehabilitation & Upgradation of NH214 New NH-216 from Km 34/230 to Km 84/550 Losari to Machavaram Section to two lane with paved shoulder in the state of Andhrapradesh under NHDP-IV through Engineering, Procurement& Construction EPC mode.",MoRTH,Andhra Pradesh,98.6,115.17676654238353,15.176766542383527,391.7808219178082,55,HIGH,['Predicted completion is significantly later than planned.'],Project 618239 is classified as HIGH risk because the projected completion date exceeds the planned schedule.
303,618238,Rehabilitation and Up-gradation of Thimmapuram to Gurajanapalli section from Km 26/150 to Km 41/161 of NH - 214 New NH - 216 to two lane with paved shoulder in the state of Andhra Pradesh under NHDP-IV,MoRTH,Andhra Pradesh,98.2,66.72085793331622,14.550754399475338,540.1575091575087,55,HIGH,['Predicted completion is significantly later than planned.'],Project 618238 is classified as HIGH risk because the projected completion date exceeds the planned schedule.
304,618194,Rehabilitation and upgradation of New NH 544DD from design Chainage Km. 56/000 to 102/20 of Kalyandrg - Molakalmuru Section,MoRTH,Andhra Pradesh,98.52,106.21153911535714,6.211539115357149,426.59380692167576,55,HIGH,['Predicted completion is significantly later than planned.'],Project 618194 is classified as HIGH risk because the projected completion date exceeds the planned schedule.
305,618788,4L Greenfield Jalbhera Shahbad section from km. 0.000 to km. 22.850 of NH-152G,NHAI,Haryana,87.05,59.387200448652955,15.868995491900664,67.98428571428587,55,HIGH,['Predicted completion is significantly later than planned.'],Project 618788 is classified as HIGH risk because the projected completion date exceeds the planned schedule.
306,618778,4L of Madanapalle to Pileru Section from Km 0.000 to Km 55.900 of NH-71Package-I,NHAI,Andhra Pradesh,94.9,62.99168561947728,6.366162974641585,81.1477428180578,55,HIGH,['Predicted completion is significantly later than planned.'],Project 618778 is classified as HIGH risk because the projected completion date exceeds the planned schedule.
307,618799,Belakeri Port to Kumta - Sirsi road from km 0.00 - km 4.265 of Belekeri Port Road Link Rd. and km 4.965 - km 60.00 of SH-69,NHAI,Karnataka,95.23,107.03380588876772,7.033805888767716,187.1041095890413,55,HIGH,['Predicted completion is significantly later than planned.'],Project 618799 is classified as HIGH risk because the projected completion date exceeds the planned schedule.
308,618796,Tanot -Ramgarh-Bhadasar-Jaisalmer NH-68 and BhadasarMokal-Sarkaritala up to Pakisthan Border NH-968 Pkg-BM/5,NHAI,Rajasthan,100.0,91.22595283497067,8.315189842863656,267.6361149110811,55,HIGH,['Predicted completion is significantly later than planned.'],Project 618796 is classified as HIGH risk because the projected completion date exceeds the planned schedule.
309,618793,4L of Fazilka to Abohar section of NH-07 including construction of Greenfield Abohar & Fazilka Bypasses,NHAI,Punjab,67.0,64.82041024768066,11.409275966748874,57.35342465753438,55,HIGH,['Predicted completion is significantly later than planned.'],Project 618793 is classified as HIGH risk because the projected completion date exceeds the planned schedule.
310,702810,Singrauli Sewerage Management and Treatment Infrastructure Project,Ministry of Housing & Urban Affairs,Madhya Pradesh,90.0,92.32854904106864,8.239496529936956,62.589928057553934,55,HIGH,['Predicted completion is significantly later than planned.'],Project 702810 is classified as HIGH risk because the projected completion date exceeds the planned schedule.
311,618810,4L of existing Beas Baba Bakala - Dera Baba Nanak Section from start of Batala Bypass till intersection with Ajnala Gurdaspur Highway NH 354 near Dera Baba Nanak from Km. 31.300 to Km. 69.100 with Additional batala Bypass Pkg-II,NHAI,Punjab,80.9,79.81622117243717,7.806952500548202,86.47742818057473,55,HIGH,['Predicted completion is significantly later than planned.'],Project 618810 is classified as HIGH risk because the projected completion date exceeds the planned schedule.
312,400253,Vizianagaram - Titlagarh 3rd line [272 Km including By - pass line of 7.68 KM],RVNL - II,"Multi-States (Andhra Pradesh, Odisha)",99.0,130.3387466166979,41.94350822402661,9.735001507386148,55,HIGH,"['Predicted cost overrun is high.', 'Expenditure is high compared with physical progress.']",Project 400253 is classified as HIGH risk because the predicted total cost is significantly above the baseline and expenditure is high relative to the physical progress achieved.
313,618509,Development of 6L UER II [Package - I] NH-1 Near Bakoli till Karala Kanjhawala Road from km. 0.70 to km.15.00,NHAI,Delhi,99.99,87.79725733753122,11.918375647147863,141.9027397260273,55,HIGH,['Predicted completion is significantly later than planned.'],Project 618509 is classified as HIGH risk because the projected completion date exceeds the planned schedule.
314,618504,Ahmedabad - Dholera Pkg IV from km. 71.06 to km. 109.019 [Start of DSIR zone - Adhelai Village],NHAI,Gujarat,98.08,103.47194015705388,14.250448483617571,133.0794520547946,55,HIGH,['Predicted completion is significantly later than planned.'],Project 618504 is classified as HIGH risk because the projected completion date exceeds the planned schedule.
315,618598,6L Minor Bridge Paloli Palam at km. 203.160 & Major Bridge Morad at km. 204.895 and allied works,NHAI,Kerala,100.0,90.6952380952381,6.813714285714241,272.57769652650825,55,HIGH,['Predicted completion is significantly later than planned.'],Project 618598 is classified as HIGH risk because the projected completion date exceeds the planned schedule.
316,618865,4L from Gaju Village at Km. 32.982 to Devinagar Bypass End at Km. 208.000 of NH- 530B Pkg-1C.,National Highways Authority of India [NHAI],Uttar Pradesh,99.99,59.434282454379364,10.105886091031923,66.34746922024625,55,HIGH,['Predicted completion is significantly later than planned.'],Project 618865 is classified as HIGH risk because the projected completion date exceeds the planned schedule.
317,701411,Shahpur Kandi Dam Project,Department of Water Resources-PB,Punjab,88.0,96.33084114602701,19.342928764858137,97.96320630749015,55,HIGH,['Predicted completion is significantly later than planned.'],Project 701411 is classified as HIGH risk because the projected completion date exceeds the planned schedule.
318,702639,Ahmedabad Metro Rail Project [Phase-I],Gujarat Metro Rail Corporation Limited [GMRCL],Gujarat,99.99,116.2225006961849,18.45253318481389,263.82562277580087,55,HIGH,['Predicted completion is significantly later than planned.'],Project 702639 is classified as HIGH risk because the projected completion date exceeds the planned schedule.
319,618063,Widening & Strenghteningof section from Bharthana chowk to Kodarkoot km.0.00 to km.40.00 of NH-91-A on EPC mode,MoRTH,Uttar Pradesh,94.0,43.97606433662385,18.61958303159668,132.85272727272744,55,HIGH,['Predicted completion is significantly later than planned.'],Project 618063 is classified as HIGH risk because the projected completion date exceeds the planned schedule.
320,618871,4L PS from Near Guddehosur to Start of Kushalnagara Bypass to near Hemmige Village Periyapatna - Hassan Road Jn from Km. 122.200 to Km. 144.900 of NH-275 Pkg. II,NHAI,Karnataka,14.53,35.81320203108171,14.759545424570687,21.83287671232853,55,HIGH,"['Predicted completion is significantly later than planned.', 'Expenditure is high compared with physical progress.']",Project 618871 is classified as HIGH risk because the projected completion date exceeds the planned schedule and expenditure is high relative to the physical progress achieved.
321,618888,Rehabilitation and Up-gradation of existing road to 2L PS from End of Hamirpur Bypass near Chilbahal to Bhangbar section from Km. 138.295 to Km.175.270 of NH- 88 Pkg-IV,NHAI,Himachal Pradesh,97.2,86.1419136443347,12.92970624416538,76.75102599179215,55,HIGH,['Predicted completion is significantly later than planned.'],Project 618888 is classified as HIGH risk because the projected completion date exceeds the planned schedule.
322,618887,4L of Bettadahalli- Shivamogga section from Km.170.415 to km. 226.750 of NH-206 Tumkur- Shivamogga Pkg-IV,NHAI,Karnataka,84.25,78.98491584172676,19.3259656837798,168.85342465753456,55,HIGH,['Predicted completion is significantly later than planned.'],Project 618887 is classified as HIGH risk because the projected completion date exceeds the planned schedule.
323,618883,Construction of Four Lane Highway form Ghazipur- Ballia-UP/Bihar State Border Greenfield section of NH-31 Package I [from Hridaipur km 0.000 to Shahapur km 42.500] on EPC Mode in the state of Uttar Pradesh.,NHAI,Uttar Pradesh,100.0,84.82891583209783,12.652428697838271,53.28864569083436,55,HIGH,['Predicted completion is significantly later than planned.'],Project 618883 is classified as HIGH risk because the projected completion date exceeds the planned schedule.
324,701354,Mumbai Nagpur Jharsuguda Pipeline Project,Ministry of Petroleum & Natural Gas,"Multi-States (Chhattisgarh, Madhya Pradesh, Maharashtra, Odisha)",98.9,90.13098766612487,8.281996366765465,100.60056390977456,55,HIGH,['Predicted completion is significantly later than planned.'],Project 701354 is classified as HIGH risk because the projected completion date exceeds the planned schedule.
325,701745,New Suburba Station Development Project,ministry of housing and urban affairs,Maharashtra,48.0,62.11371593849901,6.498097122849607,119.95073891625614,55,HIGH,['Predicted completion is significantly later than planned.'],Project 701745 is classified as HIGH risk because the projected completion date exceeds the planned schedule.
326,701719,Rehablitation in Junavadaj Area Smart City Project,ministry of housing and urban affairs,Gujarat,98.5,115.66604823747682,15.66604823747682,67.98379108509691,55,HIGH,['Predicted completion is significantly later than planned.'],Project 701719 is classified as HIGH risk because the projected completion date exceeds the planned schedule.
327,701570,"Replacement and revamping of pipeline projects in oil jetty area, Kandla",Deendayal Port Trust [DPT],Gujarat,92.0,87.42690058479532,13.204619883041024,141.6438356164384,55,HIGH,['Predicted completion is significantly later than planned.'],Project 701570 is classified as HIGH risk because the projected completion date exceeds the planned schedule.
328,618073,Improvement to Two lane with Paved Shoulder from Junction of NH22 near Hajipur to Junction of NH -122 at Bachhwara via Mahnar and Mohiuddin Nagar from Km 0.00 to Km 29.730 of NH 122 B in the State of Bihar.,MoRTH,Bihar,61.0,0.0,5.142775026529827,62.81056466302346,55,HIGH,['Predicted completion is significantly later than planned.'],Project 618073 is classified as HIGH risk because the projected completion date exceeds the planned schedule.
329,618903,Maheshkunt -Saharsa-Purnea Pkg II,NHAI,Bihar,94.0,98.80352998803531,15.270667212706766,281.9151846785228,55,HIGH,['Predicted completion is significantly later than planned.'],Project 618903 is classified as HIGH risk because the projected completion date exceeds the planned schedule.
330,618901,4L PS Divided Carriageway from Patan Near Rajpur to Gojariya From Km 52.000 to Km 128.940 of NH-68,NHAI,Gujarat,87.12,79.07630318113328,12.356307244315838,87.87414500684005,55,HIGH,['Predicted completion is significantly later than planned.'],Project 618901 is classified as HIGH risk because the projected completion date exceeds the planned schedule.
331,400291,Kirandul-Jagdalpur 150 km,CAO/C/ECOR ECoR mor,Chhattisgarh,89.0,86.15544367526746,7.458709880427944,101.1678543151224,55,HIGH,['Predicted completion is significantly later than planned.'],Project 400291 is classified as HIGH risk because the projected completion date exceeds the planned schedule.
332,618583,4L of Bahadurganj Araria section from Km 49.000 to Km 94.000 Package-II of NH- 327E,National Highways Authority of India [NHAI],Bihar,100.0,52.5438448008125,11.01066405646278,116.57534246575344,55,HIGH,['Predicted completion is significantly later than planned.'],Project 618583 is classified as HIGH risk because the projected completion date exceeds the planned schedule.
333,618582,4L of Galgalia - Bahadurganj section from Km 0.000 to Km 49.000 Package-I of NH327E,National Highways Authority of India [NHAI],Bihar,100.0,46.71660288237449,14.64593872031299,116.57534246575344,55,HIGH,['Predicted completion is significantly later than planned.'],Project 618582 is classified as HIGH risk because the projected completion date exceeds the planned schedule.
334,703057,Patiala Water Supply Infrastructure Part-2 Project,Ministry of Housing & Urban Affairs,Punjab,99.0,74.4390243902439,6.379303135888446,89.45328719723217,55,HIGH,['Predicted completion is significantly later than planned.'],Project 703057 is classified as HIGH risk because the projected completion date exceeds the planned schedule.
335,612894,"Construction of Permanent Campus of Central University of Himachal Pradesh at Dehra, District - Kangra, [H.P.] on Engineering. Procurement and Construction [EPC Mode 1] Basis.","Central University, Himachal Pradesh",Himachal Pradesh,86.0,88.73720136518772,9.057782363679806,73.75455650060753,55,HIGH,['Predicted completion is significantly later than planned.'],Project 612894 is classified as HIGH risk because the projected completion date exceeds the planned schedule.
336,705396,Byrnihat-Shillong New Rail Line- 108 km,Northeast Frontier Railway [NFR],Meghalaya,2.04,3.1969131264205433,7.876143041800743,54.4630263812842,55,HIGH,['Predicted completion is significantly later than planned.'],Project 705396 is classified as HIGH risk because the projected completion date exceeds the planned schedule.
337,705394,Teteliya-Byrnihat 21.5 km,CAO/C-II/NFR NFR mor,"Multi-States (Assam, Meghalaya)",87.0,97.52648280725423,13.688116079778071,2502.803738317757,55,HIGH,['Predicted completion is significantly later than planned.'],Project 705394 is classified as HIGH risk because the projected completion date exceeds the planned schedule.
338,618749,Khammam-Devarapalle Pkg V [4L Access Controlled Greenfield from Gurvaygudem village to Devarapalle village Design Chainage 132664 to 162126,NHAI,Andhra Pradesh,100.0,79.63592437564964,14.604924572295449,87.27770177838579,55,HIGH,['Predicted completion is significantly later than planned.'],Project 618749 is classified as HIGH risk because the projected completion date exceeds the planned schedule.
339,618765,4L of Karimnagar-Warangal section from km 49.500 to km 117.820 of NH-563,NHAI,Telangana,92.4,59.27820165264618,9.812544832918684,54.86867305061548,55,HIGH,['Predicted completion is significantly later than planned.'],Project 618765 is classified as HIGH risk because the projected completion date exceeds the planned schedule.
340,618764,Moga - Bagha Purana - Bajakhana from km. 0.00 to km. 43.32,NHAI,Punjab,76.0,77.45281282987439,19.71106634772752,105.26265389876856,55,HIGH,['Predicted completion is significantly later than planned.'],Project 618764 is classified as HIGH risk because the projected completion date exceeds the planned schedule.
341,618761,4L Spur of Meerut-Garh-Mukteshwar section connecting NH-119 and NH-58 bypassing Meerut Town of NH 709 A,NHAI,Uttar Pradesh,96.98,87.3010112008388,5.26143019891315,75.08755129958948,55,HIGH,['Predicted completion is significantly later than planned.'],Project 618761 is classified as HIGH risk because the projected completion date exceeds the planned schedule.
342,612819,300 MW SPP part of 510 MW CPSU scheme,NLC India Limited [NLCIL],Rajasthan,100.0,96.69442912300055,6.137385548814133,104.9090909090909,55,HIGH,['Predicted completion is significantly later than planned.'],Project 612819 is classified as HIGH risk because the projected completion date exceeds the planned schedule.
343,618257,Rehabilitation and Upgradation to 2-lane with paved shoulders configuration of Koyyuru to Chaprathipalem section Km 120000 to Km 165500 of NH-516E in the State of Andhra Pradesh under Green National Highways Corridor Project GNHCP with the loan assistance of World Bank on EPC mode,MoRTH,Andhra Pradesh,98.09,75.8281084485671,7.086947808411452,102.02051983584111,55,HIGH,['Predicted completion is significantly later than planned.'],Project 618257 is classified as HIGH risk because the projected completion date exceeds the planned schedule.
344,618597,6L of Azhiyur-Vengalam from km. 189.200 to km. 230.400 of NH-66,NHAI,Kerala,60.07,75.074942993415,15.407543273534973,118.74501992031888,55,HIGH,['Predicted completion is significantly later than planned.'],Project 618597 is classified as HIGH risk because the projected completion date exceeds the planned schedule.
345,400424,GEVRA OC [70 MTY],SECL - CIL,Chhattisgarh,78.48,66.22541552418673,11.100876747571174,56.71987480438195,55,HIGH,['Predicted completion is significantly later than planned.'],Project 400424 is classified as HIGH risk because the projected completion date exceeds the planned schedule.
346,400369,BINA KAKRI AMALGAMATION EXPANS,NCL - CIL,"Multi-States (Madhya Pradesh, Uttar Pradesh)",92.05,109.64587169125559,11.552162789029298,81.31345565749207,55,HIGH,['Predicted completion is significantly later than planned.'],Project 400369 is classified as HIGH risk because the projected completion date exceeds the planned schedule.
347,706860,Barauni-Bachwara 16 km - 3rd & 4th line incl Barauni yard remodelling 32 km Umbrella work PB57/2019-20/NR,CAO/Con/North/MHX ECR mor,Bihar,38.0,35.415503875968994,5.680558139534845,243.03314917127108,55,HIGH,['Predicted completion is significantly later than planned.'],Project 706860 is classified as HIGH risk because the projected completion date exceeds the planned schedule.
348,618024,Up-gradation to two lane with paved shoulder configuration of NH-354 Section Arifkes- Ferozepur-Muktsar-Malaut from Km 201.500 to Km 212.500 & Km 229.690 to Km 269.960 and strengthening of existing pavement from Km 212.500 to Km 229.690 excluding Km 218.500 to 223.690 of NH-354 on EPC Mode in the State of Punjab. Job No. NH-354-PB-2020-21-532,MoRTH,Punjab,83.0,0.0,5.724229643983333,89.13868613138693,55,HIGH,['Predicted completion is significantly later than planned.'],Project 618024 is classified as HIGH risk because the projected completion date exceeds the planned schedule.
349,618487,Delhi-Amritsar-Katra Expressway Phase-I Pkg-VII from Junction with Patiala-Bathinda road NH-7 near Bhawanigarh to Junction with Ludhiana-Malerhkotla SH-11 near Bhogiwal village Km 188830 to km 225770,National Highways Authority of India [NHAI],Punjab,95.8,71.0555625007103,6.481702674137319,98.44733242134058,55,HIGH,['Predicted completion is significantly later than planned.'],Project 618487 is classified as HIGH risk because the projected completion date exceeds the planned schedule.
350,618485,Delhi-Amritsar-Katra Expressway Phase-I Pkg-IV from Junction with Jind-Karnal road NH-709A near Alewa village to Junction with Ambala-Kaithal-Hissar road NH-152 near Kharak Pandwa village Km 91400 to Km 120250,National Highways Authority of India [NHAI],Haryana,76.13,43.092696736677,16.292857416121624,120.8219178082192,55,HIGH,['Predicted completion is significantly later than planned.'],Project 618485 is classified as HIGH risk because the projected completion date exceeds the planned schedule.
351,618483,Delhi-Amritsar-Katra Expressway Phase-I Pkg-II from Junction with Rohtak-Panipat road NH-709 near Rukhi Paani village to Junction with Jind-Panipat road NH-352A near Gangana village Km 34000 to Km 60800,NHAI,Haryana,99.89,76.68381283941925,13.145742468396932,126.50273972602712,55,HIGH,['Predicted completion is significantly later than planned.'],Project 618483 is classified as HIGH risk because the projected completion date exceeds the planned schedule.
352,612072,Barejadi Nandej Geratpur - Sanand - 4th line 38.20 km,CAOCWR WR mor,Gujarat,23.0,56.99876256928052,13.735564174820844,29.6255707762558,55,HIGH,"['Predicted completion is significantly later than planned.', 'Expenditure is high compared with physical progress.']",Project 612072 is classified as HIGH risk because the projected completion date exceeds the planned schedule and expenditure is high relative to the physical progress achieved.
353,618682,6L Korlam-Kantakapalle Section of NH-130CD Road from Km 421.100 to Km 445.100 Pkg-3,NHAI,Andhra Pradesh,99.5,76.38896378179204,11.467008178305145,126.81643835616426,55,HIGH,['Predicted completion is significantly later than planned.'],Project 618682 is classified as HIGH risk because the projected completion date exceeds the planned schedule.
354,618680,6L Greenfield Kandili - Aluru Section of NH-130-CD Road from km 342500 to km 365033 Package-OD-8,NHAI,Odisha,99.9,72.95041333386926,8.763696290043852,91.08344733242131,55,HIGH,['Predicted completion is significantly later than planned.'],Project 618680 is classified as HIGH risk because the projected completion date exceeds the planned schedule.
355,618677,6L Greenfield Kaliagura Baunsaguar Section of NH-130-CD Road from km 249000 to km 293000 Package OD-5,NHAI,Odisha,97.8,66.67770742003573,16.768403961682026,120.5978112175105,55,HIGH,['Predicted completion is significantly later than planned.'],Project 618677 is classified as HIGH risk because the projected completion date exceeds the planned schedule.
356,618676,6L of Dhanara - Hatibena Section from Km 124.611 to km 146.50 of NH-130-CD Package OD-1,National Highways Authority of India [NHAI],"Multi-States (Chhattisgarh, Odisha)",99.95,62.370227729403894,14.020805425318136,108.20793433652533,55,HIGH,['Predicted completion is significantly later than planned.'],Project 618676 is classified as HIGH risk because the projected completion date exceeds the planned schedule.
357,618709,4L of Left-Over Works of Hospet-Bellary -Karnataka/AP border from Km.280.080 Dec.Ch. to Km.375450Des.Ch. of NH-63 New-67,NHAI,Karnataka,92.51,69.32209081073015,5.304876319814945,133.0109439124487,55,HIGH,['Predicted completion is significantly later than planned.'],Project 618709 is classified as HIGH risk because the projected completion date exceeds the planned schedule.
358,618708,Widening/Development of Existing NH-85 from Km 0.000 to Km 124.636 section to 2L/LPS section in the state of Kerala on EPC Mode under Bharatmala Pariyojana,NHAI,Kerala,81.98,65.89977009945514,5.92639814058464,83.88782489740103,55,HIGH,['Predicted completion is significantly later than planned.'],Project 618708 is classified as HIGH risk because the projected completion date exceeds the planned schedule.
359,618909,2L PS of JH / WB Border km. 70.524 - Purulia km.84.400 & Purulia km. 94.30 - Chandil Junction with NH-33 km. 153.705 of Old NH-32,NHAI,"Multi-States (Jharkhand, West Bengal)",97.65,99.97821350762527,14.392913338174887,155.57289527720727,55,HIGH,['Predicted completion is significantly later than planned.'],Project 618909 is classified as HIGH risk because the projected completion date exceeds the planned schedule.
360,618001,"Construction of 4-lane flyover at Amberpet-X road, Hyderabad on NH-202 in the State of Telangana",MoRTH,Telangana,92.1,79.51323142289752,15.192075001154626,162.58767123287697,55,HIGH,['Predicted completion is significantly later than planned.'],Project 618001 is classified as HIGH risk because the projected completion date exceeds the planned schedule.
361,619317,4L of Hajipur-Muzaffarpur Section of the existing NH-77 from Km. 0000 Ramashish Chowk to Km. 46300 and new bypass starting at Km. 46300 and connecting NH-28 of E-W Corridor at Km. 515045,NHAI,Bihar,99.45,79.34229030730083,10.364299641256016,560.567213114754,55,HIGH,['Predicted completion is significantly later than planned.'],Project 619317 is classified as HIGH risk because the projected completion date exceeds the planned schedule.
362,619308,6L access-controlled highway from Ganeshpur tonear Mohand of Ganeshpur Dehradun section from Km.0 to Km.8.3 of NH-72A Package-1,NHAI,Uttar Pradesh,98.92,97.08456902324691,7.109250932746655,142.14931506849297,55,HIGH,['Predicted completion is significantly later than planned.'],Project 619308 is classified as HIGH risk because the projected completion date exceeds the planned schedule.
363,619306,4L of Munger Mirzachauki section from Km 95580 to Km 125000 Pkg-2,NHAI,Bihar,95.9,62.98734375612241,11.770404764703448,119.33105335157283,55,HIGH,['Predicted completion is significantly later than planned.'],Project 619306 is classified as HIGH risk because the projected completion date exceeds the planned schedule.
364,619301,Construction of Approach Road to Rail-cum- Road Bridge across river Ganga at Munger Ghat NH-333 B,NHAI,Bihar,99.99,106.70967502045066,13.049416226667828,213.9455782312925,55,HIGH,['Predicted completion is significantly later than planned.'],Project 619301 is classified as HIGH risk because the projected completion date exceeds the planned schedule.
365,701344,Dhamra Haldia Pipeline Project,Gas Authority of India Limited [GAIL],West Bengal,94.4,89.98205016251879,10.968340367729082,145.0553846153843,55,HIGH,['Predicted completion is significantly later than planned.'],Project 701344 is classified as HIGH risk because the projected completion date exceeds the planned schedule.
366,701343,Srikakulam Angul Gas Pipeline Project,Ministry of Petroleum & Natural Gas,"Multi-States (Andhra Pradesh, Odisha)",98.1,87.09194459700413,10.010480224501018,138.99032882011636,55,HIGH,['Predicted completion is significantly later than planned.'],Project 701343 is classified as HIGH risk because the projected completion date exceeds the planned schedule.
367,701324,Barauni Refinery Capacity Expansion from 6.0 to 9.0 MMTPA,Indian Oil Corporation Limited [IOCL],Bihar,91.8,88.38514517218096,7.721455773126277,106.4763912310286,55,HIGH,['Predicted completion is significantly later than planned.'],Project 701324 is classified as HIGH risk because the projected completion date exceeds the planned schedule.
368,618022,Upgradation to two lane with paved Shoulder Configuaration from Km. 0/00 to 47/000 of NH 351 Mahuva to Badhada section in the State of Gujarat,MoRTH,Gujarat,77.0,13.076389691436496,16.51883739743452,86.2248628884828,55,HIGH,['Predicted completion is significantly later than planned.'],Project 618022 is classified as HIGH risk because the projected completion date exceeds the planned schedule.
369,618007,Jaynagar-Narahia Section km 156.500 to km 219.945 Lot-III,MoRTH,Bihar,99.0,0.0,15.999331285017156,305.91028446389527,55,HIGH,['Predicted completion is significantly later than planned.'],Project 618007 is classified as HIGH risk because the projected completion date exceeds the planned schedule.
370,618469,Vadodara Mumbai Expressway Phase II - Pkg XIII [Km. 26.582 to Km. 50.700] Shirsad - Masvan,NHAI,Maharashtra,98.2,56.16669965223783,18.145112952020053,125.47397260273958,55,HIGH,['Predicted completion is significantly later than planned.'],Project 618469 is classified as HIGH risk because the projected completion date exceeds the planned schedule.
371,618468,Vadodara Mumbai Expressway Phase II - Pkg XI [Km. 77.000 to Km. 103.400] Ganjad - Talsari,National Highways Authority of India [NHAI],Maharashtra,99.76,53.344570442903894,17.488820824943748,99.86320109439126,55,HIGH,['Predicted completion is significantly later than planned.'],Project 618468 is classified as HIGH risk because the projected completion date exceeds the planned schedule.
372,705491,Marikuppam-Kuppam 23.7 km,CAOC/SWR SWR mor,"Multi-States (Andhra Pradesh, Karnataka)",20.0,49.063973063973066,48.91851851851845,6.687406669984999,55,HIGH,"['Predicted cost overrun is high.', 'Expenditure is high compared with physical progress.']",Project 705491 is classified as HIGH risk because the predicted total cost is significantly above the baseline and expenditure is high relative to the physical progress achieved.
373,705527,Sagauli - Valmikinagar 109.7 km,CAO/Con/North/MHX ECR mor,Bihar,91.0,120.10032894736841,37.26303453947365,7.412587412587415,55,HIGH,"['Predicted cost overrun is high.', 'Expenditure is high compared with physical progress.']",Project 705527 is classified as HIGH risk because the predicted total cost is significantly above the baseline and expenditure is high relative to the physical progress achieved.
374,618944,Hyderabad - Maneguda,NHAI,Telangana,24.2,44.99614125106898,16.95925369709878,23.32465753424648,55,HIGH,"['Predicted completion is significantly later than planned.', 'Expenditure is high compared with physical progress.']",Project 618944 is classified as HIGH risk because the projected completion date exceeds the planned schedule and expenditure is high relative to the physical progress achieved.
375,618938,4L of Rajura-Korpana-Adilabad Road upto M.S. Border from km 32.910 to km 89.090 of NH-353B,National Highways Authority of India [NHAI],"Multi-States (Maharashtra, Telangana)",100.0,62.17717821440202,11.084770015690916,78.9329685362517,55,HIGH,['Predicted completion is significantly later than planned.'],Project 618938 is classified as HIGH risk because the projected completion date exceeds the planned schedule.
376,617989,Construction of Major Bridge at Km.180.865 across river Krishna on NH 167 Hagari Jadcherla section,MoRTH,Karnataka,69.0,65.68141367912536,12.28368929570314,207.73879781420743,55,HIGH,['Predicted completion is significantly later than planned.'],Project 617989 is classified as HIGH risk because the projected completion date exceeds the planned schedule.
377,617985,Widening to two lane with paved shoulders from Km 0/0 to 64/020 Pamarru to Akiveedu,MoRTH,Andhra Pradesh,74.41,46.89164180231899,6.915341617252799,160.23150684931483,55,HIGH,['Predicted completion is significantly later than planned.'],Project 617985 is classified as HIGH risk because the projected completion date exceeds the planned schedule.
378,619210,Dharampuri-Lonand from km. 117.00 to 166.40 Pkg-IV on Mohol-Alandi Section,NHAI,Maharashtra,97.4,104.4322134149365,8.138385362432649,149.24520547945215,55,HIGH,['Predicted completion is significantly later than planned.'],Project 619210 is classified as HIGH risk because the projected completion date exceeds the planned schedule.
379,619209,4L of existing 2/4L stretch from Lonand to Dive Ghat Km 166.400 to Km 220.900 of Mohol Alandi section of NH-965 Pkg - V,National Highways Authority of India [NHAI],Maharashtra,98.52,65.85846650600156,13.332331126137836,99.86320109439126,55,HIGH,['Predicted completion is significantly later than planned.'],Project 619209 is classified as HIGH risk because the projected completion date exceeds the planned schedule.
380,617977,Development of Chiloda - Gandhinagar- Sarkhej ofNH-147 Package -II,MoRTH,Gujarat,99.55,0.0,6.779108292313493,274.5554035567716,55,HIGH,['Predicted completion is significantly later than planned.'],Project 617977 is classified as HIGH risk because the projected completion date exceeds the planned schedule.
381,618953,Umagaon-Saharsa Package-IV Koshi Bridge & approach Road - Bheja-Bakaur,NHAI,Bihar,92.4,109.39495490088198,11.223244802347557,99.92325763508234,55,HIGH,['Predicted completion is significantly later than planned.'],Project 618953 is classified as HIGH risk because the projected completion date exceeds the planned schedule.
382,618952,4L of Sahibganj - Manihari Ganga Bridge including Manihari Bypass,NHAI,"Multi-States (Bihar, Jharkhand)",87.02,103.59530788788452,11.358732740936366,57.27692307692315,55,HIGH,['Predicted completion is significantly later than planned.'],Project 618952 is classified as HIGH risk because the projected completion date exceeds the planned schedule.
383,618951,Hariharganj to Parwa Mode section from km 23.284 to km 57.049 of NH-98,NHAI,"Multi-States (Bihar, Jharkhand)",91.3,73.7319902645277,6.234131002504878,129.64529914529876,55,HIGH,['Predicted completion is significantly later than planned.'],Project 618951 is classified as HIGH risk because the projected completion date exceeds the planned schedule.
384,617966,Rehabilitation and Upgrading to 2 lanes/2-lane with paved shoulders configuration and strengthening of of Birpur and Bihpur Section from km 0.0 to Km 106 of NH 106 under phase I of National Highways Interconnectivity Improvement Projects NHIIP ICB No. NHIIP-BR-106-7 [NHIIP-BR-106-7],MoRTH,Bihar,99.74,0.005123147661923486,5.45424388744436,228.5735159817356,55,HIGH,['Predicted completion is significantly later than planned.'],Project 617966 is classified as HIGH risk because the projected completion date exceeds the planned schedule.
385,617961,Gaya-Hisua-Rajgir-Nalanda-Biharsharif section km0.00 to 92.935 NH-82,MoRTH,Bihar,97.0,0.0,17.8838201369913,229.70958904109656,55,HIGH,['Predicted completion is significantly later than planned.'],Project 617961 is classified as HIGH risk because the projected completion date exceeds the planned schedule.
386,705598,Jhansi-Bina - 3rd line 152.57 km,CAO/C/NCR NCR mor,"Multi-States (Madhya Pradesh, Uttar Pradesh)",98.0,97.08341658341658,10.035464535464596,216.84931506849315,55,HIGH,['Predicted completion is significantly later than planned.'],Project 705598 is classified as HIGH risk because the projected completion date exceeds the planned schedule.
387,618647,6L Access Controlled Ludhiana-Bathinda Greenfield highway from Jn. with Amritsar- Bathanda Greenfield Road NH-754A near Rampura Phul to Jn. with Moga-Barnala Road NH-703 near village Tallewal from Km 0.0 to Km 30.3 of NH-754AD Pkg-1,NHAI,Punjab,81.5,75.87561085922935,14.993535647703874,56.46648426812575,55,HIGH,['Predicted completion is significantly later than planned.'],Project 618647 is classified as HIGH risk because the projected completion date exceeds the planned schedule.
388,618491,Delhi-Amritsar-Katra Expressway Phase-I Pkg-XI from Junction with Jalandhar - Kapurthala road NH-703A near khojewal village to Junction with Amritsar-Mehta- SriHargobindpur-Tanda road NH-503A near SriHargobindpur Km 319400 to km 362420,NHAI,Punjab,43.45,63.306134644999666,10.563173742156376,109.21203830369352,55,HIGH,['Predicted completion is significantly later than planned.'],Project 618491 is classified as HIGH risk because the projected completion date exceeds the planned schedule.
389,618471,Vadodara Mumbai Expressway Phase II - Pkg XV [Km. 20.200 to Km. 43.000 of Spur] Akloli - Amne,NHAI,Maharashtra,94.6,24.9705080279446,5.750218317195718,151.61791590493624,55,HIGH,['Predicted completion is significantly later than planned.'],Project 618471 is classified as HIGH risk because the projected completion date exceeds the planned schedule.
390,602538,Installation of FGD for 4x210 & 2x250 MW MTPS U 1-6,Damodar Valley Corporation,West Bengal,97.0,110.2275795564127,10.227579556412724,90.69642857142844,55,HIGH,['Predicted completion is significantly later than planned.'],Project 602538 is classified as HIGH risk because the projected completion date exceeds the planned schedule.
391,602532,Kiru HE Project,National Hydroelectric Power Corporation Limited [NHPC],Jammu and Kashmir,87.0,92.09532627886529,17.116331085761484,91.80045871559608,55,HIGH,['Predicted completion is significantly later than planned.'],Project 602532 is classified as HIGH risk because the projected completion date exceeds the planned schedule.
392,618970,6L access control Greenfield highway of Vill-Lohadda to Vill-Karaunda Mahajan from Km. 27.000 to Km. 56.500 Pkg-2,NHAI,Uttar Pradesh,98.06,93.8717286307986,7.455217342468916,96.13132694938474,55,HIGH,['Predicted completion is significantly later than planned.'],Project 618970 is classified as HIGH risk because the projected completion date exceeds the planned schedule.
393,618969,4/6L of Spur to Haridwar Greenfield from Km. 0.000 to Km. 50.70,NHAI,"Multi-States (Uttar Pradesh, Uttarakhand)",92.98,71.57494376029129,19.90908416243406,79.27359781121777,55,HIGH,['Predicted completion is significantly later than planned.'],Project 618969 is classified as HIGH risk because the projected completion date exceeds the planned schedule.
394,619220,Tumkur-Shimoga Pkg-III from Km 121.900 Banawara to Km 170.415 Bettadahalli of Old NH-206,NHAI,Karnataka,98.0,60.43406022845276,6.171028037383144,184.66712328767096,55,HIGH,['Predicted completion is significantly later than planned.'],Project 619220 is classified as HIGH risk because the projected completion date exceeds the planned schedule.
395,619219,4L of Tumkur-Shimoga Pkg-II from Km 65.195 Karadi to Km 121.900 Banawara of NH-206,NHAI,Karnataka,99.98,86.24896238005114,8.372414251087397,256.302325581395,55,HIGH,['Predicted completion is significantly later than planned.'],Project 619219 is classified as HIGH risk because the projected completion date exceeds the planned schedule.
396,617911,Rehabilitation and upgradation Umaria to Shahdol section of NH-78 from Existing Km. 68/4 to Km. 142/2 to 2LPS including construction of Birshinghpur and Shahdol Bypass on EPC mode under NHDP-IVA,MoRTH,Madhya Pradesh,94.5,0.0,12.644159193482416,477.4642857142852,55,HIGH,['Predicted completion is significantly later than planned.'],Project 617911 is classified as HIGH risk because the projected completion date exceeds the planned schedule.
397,617935,"Construction of Elevated corridor from Km. 135.650 to 136.300 on 63, from Km. 249 to Km. 250.050 on old NH-4 and from Km. 192.910 to Km. 193.350 on NH-218 from decongestion of traffic in Ranichennamma circle in Hubli city in the state of Karnataka on EPC basis",MoRTH,Karnataka,65.0,77.88255033557047,10.227382550335722,83.0583941605837,55,HIGH,['Predicted completion is significantly later than planned.'],Project 617935 is classified as HIGH risk because the projected completion date exceeds the planned schedule.
398,619158,4 Laning of Duburi Chandikhole from km 388.376 to km 428.074 Pkg-III,NHAI,Odisha,86.0,91.88339670468947,15.426514575412028,166.86513157894754,55,HIGH,['Predicted completion is significantly later than planned.'],Project 619158 is classified as HIGH risk because the projected completion date exceeds the planned schedule.
399,619157,4 Laning of Talcher to end of Kamakhyanagar Bypass km 8.844 - km 15.725 of NH- 149 and km 301.875 - km 335.946 of NH-53 Pkg-I,NHAI,Odisha,99.0,90.00980909982647,13.027201388365045,204.06030701754392,55,HIGH,['Predicted completion is significantly later than planned.'],Project 619157 is classified as HIGH risk because the projected completion date exceeds the planned schedule.
400,705766,Lalitpur - Birari with flyover at Lalitpur 15.80 km,CAO/C/NCR NCR mor,Uttar Pradesh,85.0,94.30758113257129,11.941991853895548,90.01560062402496,55,HIGH,['Predicted completion is significantly later than planned.'],Project 705766 is classified as HIGH risk because the projected completion date exceeds the planned schedule.
401,611948,Transmission system for evacuation of power from REZ in Rajasthan 20 GW under Phase-III part H,Power Grid Corporation of India Limited [POWERGRID],Rajasthan,99.46,97.0,15.873408376963395,73.251824817518,55,HIGH,['Predicted completion is significantly later than planned.'],Project 611948 is classified as HIGH risk because the projected completion date exceeds the planned schedule.
402,618622,4L of Indore - Boregaon Pkg-III [Balwara to Dhangaon] from km. 42.260 to km. 82.660 of NH347BG & 753L,NHAI,Madhya Pradesh,92.5,83.37409777476064,13.560492767223394,122.07250341997263,55,HIGH,['Predicted completion is significantly later than planned.'],Project 618622 is classified as HIGH risk because the projected completion date exceeds the planned schedule.
403,618615,Sanchore - Santalpur from km 99.000 - km 130.073 of NH-754K AJ-RGBS-Package-4,NHAI,Gujarat,99.7,98.67377754931569,17.795553556512207,166.84931506849315,55,HIGH,['Predicted completion is significantly later than planned.'],Project 618615 is classified as HIGH risk because the projected completion date exceeds the planned schedule.
404,618386,Rehabilitation & Upgradation of Road from Km 0.00 to Km 18.600 Total length-18.600 km of Kumarghat-Kailashahar section on NH-208 to 2-lane with Paved shoulder on EPC bais under NHO,NHIDCL,Tripura,0.0,0.0,5.8554954954954015,287.9781420765027,55,HIGH,['Predicted completion is significantly later than planned.'],Project 618386 is classified as HIGH risk because the projected completion date exceeds the planned schedule.
405,618382,Widening and up-gradation to 2-lane with paved shoulder configuration and geometric improvements from km 298.00 to km 339.00 on Aizawl-Tuipang section under JICA ODA Loan assistance Phase-I Package-7,NHIDCL,Mizoram,100.0,0.0016508188061278395,15.559049788695248,59.46791862284822,55,HIGH,['Predicted completion is significantly later than planned.'],Project 618382 is classified as HIGH risk because the projected completion date exceeds the planned schedule.
406,618644,4L of Ormanjhi-Gola section from Km 81.450 to Km 53.600 of NH- 320BPKG-II,NHAI,Jharkhand,86.57,81.78248952614554,14.542129999259307,72.17373461012326,55,HIGH,['Predicted completion is significantly later than planned.'],Project 618644 is classified as HIGH risk because the projected completion date exceeds the planned schedule.
407,618642,4L of Palma to Gumla from km. 26.00 to km. 89.170 of NH-23,NHAI,Jharkhand,99.9,72.8412633502042,6.022034807454324,126.3014285714284,55,HIGH,['Predicted completion is significantly later than planned.'],Project 618642 is classified as HIGH risk because the projected completion date exceeds the planned schedule.
408,618639,4L of Bilaspur to Urga km 0.00 to 70.2 of NH-130A,NHAI,Chhattisgarh,94.81,79.26212148157728,16.696236776443094,128.96853625170962,55,HIGH,['Predicted completion is significantly later than planned.'],Project 618639 is classified as HIGH risk because the projected completion date exceeds the planned schedule.
409,618637,Bal. Works of Fagne Km. 510.000 to Maharashtra/Gujarat Border Km. 650.794,NHAI,"Multi-States (Gujarat, Maharashtra)",99.7,87.52713004890967,10.86615439491696,206.5136986301368,55,HIGH,['Predicted completion is significantly later than planned.'],Project 618637 is classified as HIGH risk because the projected completion date exceeds the planned schedule.
410,705629,Narayangarh - Bhadrak - 3rd line 155 km,CAO/C/SER SER mor,"Multi-States (Odisha, West Bengal)",84.0,120.25083333333333,43.52136666666668,16.28450704225342,55,HIGH,"['Predicted cost overrun is high.', 'Expenditure is high compared with physical progress.']",Project 705629 is classified as HIGH risk because the predicted total cost is significantly above the baseline and expenditure is high relative to the physical progress achieved.
411,705663,Bangalore-Whitefield-Bangalore City-Krishnarajapuram 23.08 km - Quadrupling,CPM/GS/SBC SWR mor,Karnataka,70.0,93.29411764705883,18.446774847870152,24.45991253644316,55,HIGH,"['Predicted completion is significantly later than planned.', 'Expenditure is high compared with physical progress.']",Project 705663 is classified as HIGH risk because the projected completion date exceeds the planned schedule and expenditure is high relative to the physical progress achieved.
412,618460,Delhi-Vadodara Greenfield Alignment NH-148N Pkg-28 Ch.756052 to Ch.781282,NHAI,Gujarat,100.0,74.00623723661923,6.731901723946825,129.17808219178082,55,HIGH,['Predicted completion is significantly later than planned.'],Project 618460 is classified as HIGH risk because the projected completion date exceeds the planned schedule.
413,705783,Ludhiana-Kila Raipur 19 km with freight line at Gill station,CAOC/NR NR mor,Punjab,70.0,45.653088705605114,5.210781013297643,86.04993909866026,55,HIGH,['Predicted completion is significantly later than planned.'],Project 705783 is classified as HIGH risk because the projected completion date exceeds the planned schedule.
414,705780,Bhatni - Aunrihar with electrification 125 km excl Indara - Mau 116.95 km,CMD / RVNL RVNL mor,Uttar Pradesh,94.0,90.75919335705814,6.171289047054132,54.24841972187093,55,HIGH,['Predicted completion is significantly later than planned.'],Project 705780 is classified as HIGH risk because the projected completion date exceeds the planned schedule.
415,619201,Karnal ring road Lot-4/Pkg-1,NHAI,Haryana,96.66,47.92213385397226,7.490929972149689,52.62790697674424,55,HIGH,['Predicted completion is significantly later than planned.'],Project 619201 is classified as HIGH risk because the projected completion date exceeds the planned schedule.
416,619198,Vadodara Mumbai Expressway Phase II - Pkg XII [Km. 50.700 to Km. 77.000] Masvan - Ganjad,NHAI,Maharashtra,99.87,57.22983790858839,7.676886489266034,119.2626538987685,55,HIGH,['Predicted completion is significantly later than planned.'],Project 619198 is classified as HIGH risk because the projected completion date exceeds the planned schedule.
417,619197,Delhi-Vadodara Greenfield Alignment NH-148N Pkg-27 Ch.729.700 to Ch.756.052,NHAI,Gujarat,98.9,88.14108240771196,7.048427497912664,125.0041095890407,55,HIGH,['Predicted completion is significantly later than planned.'],Project 619197 is classified as HIGH risk because the projected completion date exceeds the planned schedule.
418,617925,Construction of Bypass to Khordha town from Km 294/000 to 300/300 on NH-57 including LA in the State of Odisha on EPC mode.,MoRTH,Odisha,92.0,21.391834402184262,5.362054733633925,117.88545454545438,55,HIGH,['Predicted completion is significantly later than planned.'],Project 617925 is classified as HIGH risk because the projected completion date exceeds the planned schedule.
419,619066,Delhi-Amritsar-Katra Expressway Phase-II Pkg-XIV from Junction with Pathankot- Gurdaspur road NH-54 near Balsua to Junction with Hiranagar Road near village Gurha Baildaran km 423500 to km 468100,NHAI,"Multi-States (Jammu and Kashmir, Punjab)",87.3,58.360326147660004,16.792751033173133,104.45964432284546,55,HIGH,['Predicted completion is significantly later than planned.'],Project 619066 is classified as HIGH risk because the projected completion date exceeds the planned schedule.
420,619078,Six Laning of Bihar - Jharkhand Border Chordaha - Gorhar section of NH-2 from km 249.525 to km 320.810,NHAI,"Multi-States (Bihar, Jharkhand)",78.0,71.96705590342415,12.563270716985416,217.6583710407237,55,HIGH,['Predicted completion is significantly later than planned.'],Project 619078 is classified as HIGH risk because the projected completion date exceeds the planned schedule.
421,709838,Commercial Polymer Flooding Project in Bechraji field,Oil and Natural Gas Corporation Limited [ONGC],Gujarat,50.0,45.13196009011908,11.98509816543279,85.0260869565218,55,HIGH,['Predicted completion is significantly later than planned.'],Project 709838 is classified as HIGH risk because the projected completion date exceeds the planned schedule.
422,618456,Delhi-Vadodara Greenfield Alignment NH-148N Pkg-14 Ch. 388.420 to Ch. 419.000 [Junction with NH- 76 to Junction with NH-12 near village Ummedpura],National Highways Authority of India [NHAI],Rajasthan,99.8,87.16665922186985,19.611676419350523,150.1369863013699,55,HIGH,['Predicted completion is significantly later than planned.'],Project 618456 is classified as HIGH risk because the projected completion date exceeds the planned schedule.
423,609736,"Construction of Sikkim University Campus Phase-I Package-II at Yangang, South Sikkim",Sikkim University,Sikkim,96.5,92.97586448449341,6.609087435521771,54.28284671532827,55,HIGH,['Predicted completion is significantly later than planned.'],Project 609736 is classified as HIGH risk because the projected completion date exceeds the planned schedule.
424,602099,Establishment of Permanent campus Phase 1 of IIM Sirmaur,"Indian Institute of Management, Sirmaur",Himachal Pradesh,98.6,86.5328271891162,11.428040049934934,88.76730103806254,55,HIGH,['Predicted completion is significantly later than planned.'],Project 602099 is classified as HIGH risk because the projected completion date exceeds the planned schedule.
425,602098,"Construction of Permanent Campus for IIM Jammu Phase-1 at Jagti, Nagrota, Jammu, J&K","Indian Institute of Management, Jammu",Jammu and Kashmir,96.0,114.02348622125997,15.456710517026442,115.7245632065776,55,HIGH,['Predicted completion is significantly later than planned.'],Project 602098 is classified as HIGH risk because the projected completion date exceeds the planned schedule.
426,605292,"Construction of Permanent Campus of Indian Institute of Management [IIM] Amritsar, Punjab, Phase-I","Indian intitue of Management, Amritsar",Punjab,91.7,84.18937153684935,12.84255404668265,117.2253521126763,55,HIGH,['Predicted completion is significantly later than planned.'],Project 605292 is classified as HIGH risk because the projected completion date exceeds the planned schedule.
427,618436,4-Laning of Jamugurihat to end of Biswanath Chariali By-Pass from Km 182.000 to Km 208.000 of NH-52 on EPC mode in state of Assam under SARDP-NE,NHIDCL,Assam,100.0,72.2237061769616,5.1551419031719625,283.6622807017544,55,HIGH,['Predicted completion is significantly later than planned.'],Project 618436 is classified as HIGH risk because the projected completion date exceeds the planned schedule.
428,618434,Roing-Hunli Road Greenfield Alignment Project,NHIDCL,Arunachal Pradesh,82.45,65.36753966914739,7.962021191790941,115.2279260780286,55,HIGH,['Predicted completion is significantly later than planned.'],Project 618434 is classified as HIGH risk because the projected completion date exceeds the planned schedule.
429,618433,Construction of Balance work of 2-Lane with PS of Joram Koloriang Road from existing Km122.600 to km138.00 [Design Km108.724 to Km123.714] in Arunachal Pradesh on EPC Mode under SARDP-NE Pkg-7,NHIDCL,Arunachal Pradesh,99.69,84.60165503813079,6.741305641192029,283.72943327239483,55,HIGH,['Predicted completion is significantly later than planned.'],Project 618433 is classified as HIGH risk because the projected completion date exceeds the planned schedule.
430,619076,Six Laning of Vijayawada Bypass from Chinna Avutapalli to Gollapudi in Vijayawada - Gundugolanu Section from km. 0.00 to km. 30.00 Pkg-III,NHAI,Andhra Pradesh,98.2,64.79155599403,13.992771495788112,179.5260273972601,55,HIGH,['Predicted completion is significantly later than planned.'],Project 619076 is classified as HIGH risk because the projected completion date exceeds the planned schedule.
431,619072,Bangalore/TN border to Hoskote,NHAI,Karnataka,94.89,97.58479452982195,11.210733870421649,88.95212038303713,55,HIGH,['Predicted completion is significantly later than planned.'],Project 619072 is classified as HIGH risk because the projected completion date exceeds the planned schedule.
432,618577,Dwarka Expressway Pkg-III Delhi/HR Border to Start of RoB Gurugram,NHAI,"Multi-States (Delhi, Haryana)",100.0,78.9638552054069,12.55710733935885,278.79616963064296,55,HIGH,['Predicted completion is significantly later than planned.'],Project 618577 is classified as HIGH risk because the projected completion date exceeds the planned schedule.
433,618503,Ahmedabad - Dholera Pkg III from km. 48.52 to km. 71.06 [Vejallka Village - Start of DSIR zone],NHAI,Gujarat,100.0,108.84975436153341,17.19174306603245,154.16575342465734,55,HIGH,['Predicted completion is significantly later than planned.'],Project 618503 is classified as HIGH risk because the projected completion date exceeds the planned schedule.
434,618501,Ahmedabad - Dholera Pkg I from km. 0.00 to km. 22.00 [Sardar Patel Ring Road - Sindhrej Village],National Highways Authority of India [NHAI],Gujarat,100.0,78.96224961479199,10.805331278890607,117.6223744292236,55,HIGH,['Predicted completion is significantly later than planned.'],Project 618501 is classified as HIGH risk because the projected completion date exceeds the planned schedule.
435,618526,6L of Gundugolanu Design km 1023.280 to Kalaparru Design km 1050.680 of NH-5 New NH-16,NHAI,Andhra Pradesh,95.73,96.74874923000645,12.00925494673897,339.89031078610566,55,HIGH,['Predicted completion is significantly later than planned.'],Project 618526 is classified as HIGH risk because the projected completion date exceeds the planned schedule.
436,618523,Bhadrak KM 136.500 to Baleshwar KM 199.141,NHAI,Odisha,91.32,92.8149454816674,6.4549113855114735,205.39344262295108,55,HIGH,['Predicted completion is significantly later than planned.'],Project 618523 is classified as HIGH risk because the projected completion date exceeds the planned schedule.
437,619099,6L Amritsar-Bathinda Greenfield section from Jn. with Moga Jalandhar road NH-703 near Dharamkot to Jn. with Bhagta Bhai Ka-Bhadaur Road near Dyalpura Bhai Ka from km 39.000 to km 93.000 of NH-754A Pkg-2,NHAI,Punjab,66.53,70.4125193602647,17.347463319584598,50.127397260274144,55,HIGH,['Predicted completion is significantly later than planned.'],Project 619099 is classified as HIGH risk because the projected completion date exceeds the planned schedule.
438,400005,Transmission Network Expansion in Gujarat to increase its ATC from ISTS Part B,Power Grid Corporation of India Limited [POWERGRID],"Multi-States (Dadra & Nagar Haveli and Daman & Diu, Gujarat, Maharashtra)",99.9,99.59989089933264,9.44263856444648,314.91044776119406,55,HIGH,['Predicted completion is significantly later than planned.'],Project 400005 is classified as HIGH risk because the projected completion date exceeds the planned schedule.
439,709752,HP-COAT [Crude to Olefins and Aromatics Technology] demo unit at Visakh Refinery,Hindustan Petroleum Corporation Limited,Andhra Pradesh,94.0,99.3375,5.013437500000002,94.80179282868504,55,HIGH,['Predicted completion is significantly later than planned.'],Project 709752 is classified as HIGH risk because the projected completion date exceeds the planned schedule.
440,618533,Barwa Adda Km. 398.240 to Panagarh Km. 521.120,NHAI,"Multi-States (Jharkhand, West Bengal)",100.0,108.62284428892777,8.622844288927764,412.3710407239824,55,HIGH,['Predicted completion is significantly later than planned.'],Project 618533 is classified as HIGH risk because the projected completion date exceeds the planned schedule.
441,400078,New Mundra Panipat Crude Oil Pipeline,Ministry of Petroleum & Natural Gas,"Multi-States (Gujarat, Haryana, Rajasthan)",94.1,82.88336287106779,5.116217323881269,52.15602189781007,55,HIGH,['Predicted completion is significantly later than planned.'],Project 400078 is classified as HIGH risk because the projected completion date exceeds the planned schedule.
442,619318,4/6L Greenfield Ludhiana Rupnagar highway from Jn. with NE-5 village near to ManewalLudhiana to Jn. with NH-205 near Bheora Village Rupnagar from Km. 0.00 to Km. 37.7 including spur to Kharar with Ludhiana bypass of NH-205K Pkg-1,NHAI,Punjab,15.31,38.96019460738836,3.176790293006793,145.67715458276362,50,HIGH,"['Predicted completion is significantly later than planned.', 'Expenditure is high compared with physical progress.']",Project 619318 is classified as HIGH risk because the projected completion date exceeds the planned schedule and expenditure is high relative to the physical progress achieved.
443,617299,50 MW Wind Power Project,NLC India Limited,Gujarat,52.0,86.84347644852022,0.8003855773238431,107.06189555125712,50,HIGH,"['Predicted completion is significantly later than planned.', 'Expenditure is high compared with physical progress.']",Project 617299 is classified as HIGH risk because the projected completion date exceeds the planned schedule and expenditure is high relative to the physical progress achieved.
444,617245,Katihar-Kumedpur & Katihar-Mukuria 64.5 km Umbrella work PB57/2019-20/NR,CAO/C-II/NFR NFR mor,"Multi-States (Bihar, West Bengal)",65.0,101.09373673937027,51.45973011966392,0.0,50,HIGH,"['Predicted cost overrun is high.', 'Expenditure is high compared with physical progress.']",Project 617245 is classified as HIGH risk because the predicted total cost is significantly above the baseline and expenditure is high relative to the physical progress achieved.
445,615183,KHADIA EXPANSION [10 TO 16 MTP,NCL - CIL,"Multi-States (Madhya Pradesh, Uttar Pradesh)",57.12,77.22456118941567,0.1741005145725964,51.10883856829811,50,HIGH,"['Predicted completion is significantly later than planned.', 'Expenditure is high compared with physical progress.']",Project 615183 is classified as HIGH risk because the projected completion date exceeds the planned schedule and expenditure is high relative to the physical progress achieved.
446,709747,Bagodara Solar Power Project,Satluj Jal Vidyut Nigam [SJVN] Thermal Limited,Gujarat,51.86,109.03197288934727,9.031972889347276,12.656716417910452,50,HIGH,['Expenditure is high compared with physical progress.'],Project 709747 is classified as HIGH risk because expenditure is high relative to the physical progress achieved.
447,612845,Pachora-Jamner with extension upto Malkapur-Narrow gauge to broad gauge 84 km,CAOC/CR CR mor,Maharashtra,10.0,30.828248149970168,58.01129381718479,0.0,50,HIGH,"['Predicted cost overrun is high.', 'Expenditure is high compared with physical progress.']",Project 612845 is classified as HIGH risk because the predicted total cost is significantly above the baseline and expenditure is high relative to the physical progress achieved.
448,611669,NER Provision of Automatic Block Signalling on Gorakhpur Cantt[Excl] Chhapra Gramin & Burhwal Jn [Excl] Sitapur Jn section of high density routes,North Eastern Railway [NER],"Multi-States (Bihar, Uttar Pradesh)",25.0,67.98170683628143,0.5167030252057202,23.30898466033594,50,HIGH,"['Predicted completion is significantly later than planned.', 'Expenditure is high compared with physical progress.']",Project 611669 is classified as HIGH risk because the projected completion date exceeds the planned schedule and expenditure is high relative to the physical progress achieved.
449,705497,Wardha - Yavatmal Nanded Railway Line Project,Central Railways,Maharashtra,47.0,117.63802701620159,25.15733715685537,0.0,50,HIGH,"['Predicted cost overrun is high.', 'Expenditure is high compared with physical progress.']",Project 705497 is classified as HIGH risk because the predicted total cost is significantly above the baseline and expenditure is high relative to the physical progress achieved.
450,616841,Pushkar - Merta Katyasani 51.346 km,CAOC/NWR NWR mor,Rajasthan,7.0,30.273623130408684,-0.3724926216797879,51.04460093896714,50,HIGH,"['Predicted completion is significantly later than planned.', 'Expenditure is high compared with physical progress.']",Project 616841 is classified as HIGH risk because the projected completion date exceeds the planned schedule and expenditure is high relative to the physical progress achieved.
451,400112,Jigaon Irrigation Project,Department of water resources-MH - II,Maharashtra,92.0,145.60020490242906,45.600204902429056,1.623317178244433,50,HIGH,"['Predicted cost overrun is high.', 'Expenditure is high compared with physical progress.']",Project 400112 is classified as HIGH risk because the predicted total cost is significantly above the baseline and expenditure is high relative to the physical progress achieved.
452,611978,Dahod Rolling Stock Workshop Provision of Infrastructure for CBS at,PCE/WR,Gujarat,10.0,32.82911392405063,2.566455696202536,62.51709986320109,50,HIGH,"['Predicted completion is significantly later than planned.', 'Expenditure is high compared with physical progress.']",Project 611978 is classified as HIGH risk because the projected completion date exceeds the planned schedule and expenditure is high relative to the physical progress achieved.
453,618701,Balance work of 4L of Nauradehi Sanctuary de-scoped stretch of Hiran River to Sindoor River from Km. 66.00 to 130.00 NH-12 New NH-45,National Highways Authority of India [NHAI],Madhya Pradesh,57.14,79.8069368054776,-4.818049163767026,141.78082191780825,50,HIGH,"['Predicted completion is significantly later than planned.', 'Expenditure is high compared with physical progress.']",Project 618701 is classified as HIGH risk because the projected completion date exceeds the planned schedule and expenditure is high relative to the physical progress achieved.
454,602797,"Sainthia, Sitarampur, Mughalsarai, Allahabad & Etawah - Bypass 35 km",CAOC/ER ER mor,"Multi-States (Uttar Pradesh, West Bengal)",15.0,40.12433931201802,50.900485226583605,2.963110667995916,50,HIGH,"['Predicted cost overrun is high.', 'Expenditure is high compared with physical progress.']",Project 602797 is classified as HIGH risk because the predicted total cost is significantly above the baseline and expenditure is high relative to the physical progress achieved.
455,705933,Nimach-Ratlam 133 km,CAOCWR WR mor,Madhya Pradesh,100.0,135.79771507829324,74.6731211446509,0.0,50,HIGH,"['Predicted cost overrun is high.', 'Expenditure is high compared with physical progress.']",Project 705933 is classified as HIGH risk because the predicted total cost is significantly above the baseline and expenditure is high relative to the physical progress achieved.
456,400160,RAJRAPPA RCE OCP,CCL - CIL,Jharkhand,75.61,95.66604678477047,3.0262112165996875,175.93120070113912,50,HIGH,"['Predicted completion is significantly later than planned.', 'Expenditure is high compared with physical progress.']",Project 400160 is classified as HIGH risk because the projected completion date exceeds the planned schedule and expenditure is high relative to the physical progress achieved.
457,400205,Sahjanwa - Dohrighat 81.17 km,CAOC/NER NER mor,Uttar Pradesh,1.0,55.168024247016476,25.274961166887632,0.0,50,HIGH,"['Predicted cost overrun is high.', 'Expenditure is high compared with physical progress.']",Project 400205 is classified as HIGH risk because the predicted total cost is significantly above the baseline and expenditure is high relative to the physical progress achieved.
458,400174,"New Sinter Plant at BSL, SAIL",Steel Authority of India Limited [SAIL],Jharkhand,64.26,99.42940590516531,58.77344513109149,0.0,50,HIGH,"['Predicted cost overrun is high.', 'Expenditure is high compared with physical progress.']",Project 400174 is classified as HIGH risk because the predicted total cost is significantly above the baseline and expenditure is high relative to the physical progress achieved.
459,709813,New BG line intersection 5 nos between Geratpur-Sanand & Botad-Ahmedabad 16.51 km PB29/NR/2022-23,CAOCWR WR mor,Gujarat,22.0,106.1183413005192,39.276183069920506,0.0,50,HIGH,"['Predicted cost overrun is high.', 'Expenditure is high compared with physical progress.']",Project 709813 is classified as HIGH risk because the predicted total cost is significantly above the baseline and expenditure is high relative to the physical progress achieved.
460,618542,4L of existing Wayul Ganderbal Pandach Soura section of old NH-1 as a part of Srinagar Ring Road Phase IIA,NHAI,Jammu and Kashmir,0.02,32.008019517379644,51.01788690548066,0.2489740082079679,50,HIGH,"['Predicted cost overrun is high.', 'Expenditure is high compared with physical progress.']",Project 618542 is classified as HIGH risk because the predicted total cost is significantly above the baseline and expenditure is high relative to the physical progress achieved.
461,707057,Establishment of new GMC Leh,"Medical Education, Ministry of Health and Family Welfare",Ladakh,0.0,39.07692307692307,2.2183384615384862,151680.55190538763,50,HIGH,"['Predicted completion is significantly later than planned.', 'Expenditure is high compared with physical progress.']",Project 707057 is classified as HIGH risk because the projected completion date exceeds the planned schedule and expenditure is high relative to the physical progress achieved.
462,618002,Widening of existing single lane to intermediate lane road from Mokokchung to Chare via Dikhu in the state of Nagaland on EPC mode,MoRTH,Nagaland,0.0,51.65085782408128,1.900482040118245,45.690834473324216,50,HIGH,"['Predicted completion is significantly later than planned.', 'Expenditure is high compared with physical progress.']",Project 618002 is classified as HIGH risk because the projected completion date exceeds the planned schedule and expenditure is high relative to the physical progress achieved.
463,705244,Coach Production Factory Upgradation Project,CPM/ICF,Tamil Nadu,0.0,36.97115384615385,-2.9505961538461745,133.94715772618096,50,HIGH,"['Predicted completion is significantly later than planned.', 'Expenditure is high compared with physical progress.']",Project 705244 is classified as HIGH risk because the projected completion date exceeds the planned schedule and expenditure is high relative to the physical progress achieved.
464,705358,Khurda Road-Bolangir 301 km,CAO/C/ECOR ECoR mor,Odisha,93.0,127.24894514767932,54.29635021097041,0.0,50,HIGH,"['Predicted cost overrun is high.', 'Expenditure is high compared with physical progress.']",Project 705358 is classified as HIGH risk because the predicted total cost is significantly above the baseline and expenditure is high relative to the physical progress achieved.
