priority_rank,project_code,project_name,agency,state,physical_progress,expenditure_percent,cost_overrun_percent,time_overrun_percent,risk_score,risk_category,warnings,risk_explanation
1,618549,Construction of twin tube tunnels on Jammu Kashmir Ring Road NH-244A Between Design Ch. 50600 to 51700 and design Ch. 53535 to 55700 on EPC mode under residual NHDP component of Bharatmala Pariyojna,NHAI,Jammu and Kashmir,83.87,279.1963733772924,179.19637337729242,75.45827633378944,100,CRITICAL,"['Predicted cost overrun is high.', 'Predicted completion is significantly later than planned.', 'Expenditure is high compared with physical progress.', 'Multiple risk indicators are simultaneously high.']","Project 618549 is classified as CRITICAL risk because the predicted total cost is significantly above the baseline, the projected completion date exceeds the planned schedule, and expenditure is high relative to the physical progress achieved."
2,619202,Dwarka Expressway from Km -0.600 to Km 5.300 - Pkg-I Shivmurti Chowk-RuB near Dwarka Sector 21,NHAI,Delhi,98.8,163.762723402668,78.70178628879971,196.16301369863007,100,CRITICAL,"['Predicted cost overrun is high.', 'Predicted completion is significantly later than planned.', 'Expenditure is high compared with physical progress.', 'Multiple risk indicators are simultaneously high.']","Project 619202 is classified as CRITICAL risk because the predicted total cost is significantly above the baseline, the projected completion date exceeds the planned schedule, and expenditure is high relative to the physical progress achieved."
3,701376,"Subernarekha Multipurpose Project, Jharkhand",Department of Water Resources-JH,Jharkhand,70.0,158.63011684004024,124.54297134543286,83.1546177793151,100,CRITICAL,"['Predicted cost overrun is high.', 'Predicted completion is significantly later than planned.', 'Expenditure is high compared with physical progress.', 'Multiple risk indicators are simultaneously high.']","Project 701376 is classified as CRITICAL risk because the predicted total cost is significantly above the baseline, the projected completion date exceeds the planned schedule, and expenditure is high relative to the physical progress achieved."
4,701396,Lower Pedhi Project,Department of water resources-MH - II,Maharashtra,65.0,1197.816150330117,1097.816150330117,56.41868106078384,100,CRITICAL,"['Predicted cost overrun is high.', 'Predicted completion is significantly later than planned.', 'Expenditure is high compared with physical progress.', 'Multiple risk indicators are simultaneously high.']","Project 701396 is classified as CRITICAL risk because the predicted total cost is significantly above the baseline, the projected completion date exceeds the planned schedule, and expenditure is high relative to the physical progress achieved."
5,701398,Nardave Medium Irrigation Project,Department of water resources-MH - II,Maharashtra,75.0,416.0597748983259,316.0597748983259,62.18685831622183,100,CRITICAL,"['Predicted cost overrun is high.', 'Predicted completion is significantly later than planned.', 'Expenditure is high compared with physical progress.', 'Multiple risk indicators are simultaneously high.']","Project 701398 is classified as CRITICAL risk because the predicted total cost is significantly above the baseline, the projected completion date exceeds the planned schedule, and expenditure is high relative to the physical progress achieved."
6,701263,Rajasthan Refinery Project,MinistryofPetroleumNaturalGas,Rajasthan,92.1,162.2960884787498,62.73213151243945,73.26506024096369,100,CRITICAL,"['Predicted cost overrun is high.', 'Predicted completion is significantly later than planned.', 'Expenditure is high compared with physical progress.', 'Multiple risk indicators are simultaneously high.']","Project 701263 is classified as CRITICAL risk because the predicted total cost is significantly above the baseline, the projected completion date exceeds the planned schedule, and expenditure is high relative to the physical progress achieved."
7,706950,Hospet-Hubli-Vasco da Gama Line Electrification Project,RVNL,"Multi-States (Goa, Karnataka)",99.7,156.25730365753736,61.34150895243714,67.6351274787536,100,CRITICAL,"['Predicted cost overrun is high.', 'Predicted completion is significantly later than planned.', 'Expenditure is high compared with physical progress.', 'Multiple risk indicators are simultaneously high.']","Project 706950 is classified as CRITICAL risk because the predicted total cost is significantly above the baseline, the projected completion date exceeds the planned schedule, and expenditure is high relative to the physical progress achieved."
8,701386,Gosikhurd Project,Department of water resources-MH - II,Maharashtra,72.65,200.64642804041424,100.64642804041424,71.41164045998558,100,CRITICAL,"['Predicted cost overrun is high.', 'Predicted completion is significantly later than planned.', 'Expenditure is high compared with physical progress.', 'Multiple risk indicators are simultaneously high.']","Project 701386 is classified as CRITICAL risk because the predicted total cost is significantly above the baseline, the projected completion date exceeds the planned schedule, and expenditure is high relative to the physical progress achieved."
9,701391,Aruna Medium Irrigation Project,Department of water resources-MH - II,Maharashtra,100.0,824.2860536944644,724.2860536944643,66.39049986191657,100,CRITICAL,"['Predicted cost overrun is high.', 'Predicted completion is significantly later than planned.', 'Expenditure is high compared with physical progress.', 'Multiple risk indicators are simultaneously high.']","Project 701391 is classified as CRITICAL risk because the predicted total cost is significantly above the baseline, the projected completion date exceeds the planned schedule, and expenditure is high relative to the physical progress achieved."
10,619003,Solan - Kaithlighat Section of NH-22 Now NH-5 from Km. 106.139 to Km.129.05,NHAI,Himachal Pradesh,90.11,152.85571710481548,77.60563204572772,220.2916666666663,100,CRITICAL,"['Predicted cost overrun is high.', 'Predicted completion is significantly later than planned.', 'Expenditure is high compared with physical progress.', 'Multiple risk indicators are simultaneously high.']","Project 619003 is classified as CRITICAL risk because the predicted total cost is significantly above the baseline, the projected completion date exceeds the planned schedule, and expenditure is high relative to the physical progress achieved."
11,618955,2L PS of Majhauli to Charout section from km. 0.00 to km. 63.655,NHAI,Bihar,99.8,171.7338513841671,74.13072427893258,243.94391244870044,100,CRITICAL,"['Predicted cost overrun is high.', 'Predicted completion is significantly later than planned.', 'Expenditure is high compared with physical progress.', 'Multiple risk indicators are simultaneously high.']","Project 618955 is classified as CRITICAL risk because the predicted total cost is significantly above the baseline, the projected completion date exceeds the planned schedule, and expenditure is high relative to the physical progress achieved."
12,701228,Kochi - Koottanad - Bangalore - Mangalore Pipeline Phase-II,Gas Authority of India Limited [GAIL],Tamil Nadu,97.4,167.47169811320754,99.81101886792456,393.4026583268183,100,CRITICAL,"['Predicted cost overrun is high.', 'Predicted completion is significantly later than planned.', 'Expenditure is high compared with physical progress.', 'Multiple risk indicators are simultaneously high.']","Project 701228 is classified as CRITICAL risk because the predicted total cost is significantly above the baseline, the projected completion date exceeds the planned schedule, and expenditure is high relative to the physical progress achieved."
13,617913,6-laning of km 9.900 to km 19/948 Aramgarh to Shamshabad Section of Hyderabad- Bangalore section of NH-44 Under NHO EPC basis in the state of Telangana,MoRTH,Telangana,92.62,169.6662546353523,69.6662546353523,308.0711354309165,100,CRITICAL,"['Predicted cost overrun is high.', 'Predicted completion is significantly later than planned.', 'Expenditure is high compared with physical progress.', 'Multiple risk indicators are simultaneously high.']","Project 617913 is classified as CRITICAL risk because the predicted total cost is significantly above the baseline, the projected completion date exceeds the planned schedule, and expenditure is high relative to the physical progress achieved."
14,701408,Madhya Ganga canal Phase-II,Irrigation & Water Resources-UP,Uttar Pradesh,82.39,431.40090697389377,331.4009069738938,56.41868106078384,100,CRITICAL,"['Predicted cost overrun is high.', 'Predicted completion is significantly later than planned.', 'Expenditure is high compared with physical progress.', 'Multiple risk indicators are simultaneously high.']","Project 701408 is classified as CRITICAL risk because the predicted total cost is significantly above the baseline, the projected completion date exceeds the planned schedule, and expenditure is high relative to the physical progress achieved."
15,701377,Upper Tunga Irrigation Project,Water Resources-KA,Karnataka,99.32,196.79027734496728,111.09573335410852,116.13526570048307,100,CRITICAL,"['Predicted cost overrun is high.', 'Predicted completion is significantly later than planned.', 'Expenditure is high compared with physical progress.', 'Multiple risk indicators are simultaneously high.']","Project 701377 is classified as CRITICAL risk because the predicted total cost is significantly above the baseline, the projected completion date exceeds the planned schedule, and expenditure is high relative to the physical progress achieved."
16,618902,Maheshkunt-Saharsa-Purnea Pkg I km 0.00 to km. 90.00 of NH-107,NHAI,Bihar,90.07,170.01086890888232,86.99995471287964,237.80437756498017,100,CRITICAL,"['Predicted cost overrun is high.', 'Predicted completion is significantly later than planned.', 'Expenditure is high compared with physical progress.', 'Multiple risk indicators are simultaneously high.']","Project 618902 is classified as CRITICAL risk because the predicted total cost is significantly above the baseline, the projected completion date exceeds the planned schedule, and expenditure is high relative to the physical progress achieved."
17,701410,Relining of Rajasthan feeder and Sirhind Feeder canal,Department of Water Resources-PB,Punjab,95.0,164.0314724615961,68.0191637872418,160.41486603284358,100,CRITICAL,"['Predicted cost overrun is high.', 'Predicted completion is significantly later than planned.', 'Expenditure is high compared with physical progress.', 'Multiple risk indicators are simultaneously high.']","Project 701410 is classified as CRITICAL risk because the predicted total cost is significantly above the baseline, the projected completion date exceeds the planned schedule, and expenditure is high relative to the physical progress achieved."
18,602096,Subansiri Lower HE Project [2000 MW],National Hydroelectric Power Corporation Limited [NHPC],"Multi-States (Arunachal Pradesh, Assam)",97.98,420.790475599531,320.79047559953096,286.9681005316572,100,CRITICAL,"['Predicted cost overrun is high.', 'Predicted completion is significantly later than planned.', 'Expenditure is high compared with physical progress.', 'Multiple risk indicators are simultaneously high.']","Project 602096 is classified as CRITICAL risk because the predicted total cost is significantly above the baseline, the projected completion date exceeds the planned schedule, and expenditure is high relative to the physical progress achieved."
19,605156,Rangit-IV HE Project [120 MW] executed by Jal Power Corporation Ltd. [JPCL] - A wholly owned subsidiary of NHPC Ltd. acquired through NCLT,National Hydroelectric Power Corporation Limited [NHPC],Sikkim,97.56,183.11609417131166,90.20624753541,90.14741035856598,100,CRITICAL,"['Predicted cost overrun is high.', 'Predicted completion is significantly later than planned.', 'Expenditure is high compared with physical progress.', 'Multiple risk indicators are simultaneously high.']","Project 605156 is classified as CRITICAL risk because the predicted total cost is significantly above the baseline, the projected completion date exceeds the planned schedule, and expenditure is high relative to the physical progress achieved."
20,602223,Comprehensive Scheme for Strengthening of Transmission and Distribution [T&D] Systems [CSST&DS] in Arunachal Pradesh and Sikkim,Power Grid Corporation of India Limited [POWERGRID],"Multi-States (Arunachal Pradesh, Sikkim)",83.9,171.2410767243954,81.62991069362802,198.02956636005285,100,CRITICAL,"['Predicted cost overrun is high.', 'Predicted completion is significantly later than planned.', 'Expenditure is high compared with physical progress.', 'Multiple risk indicators are simultaneously high.']","Project 602223 is classified as CRITICAL risk because the predicted total cost is significantly above the baseline, the projected completion date exceeds the planned schedule, and expenditure is high relative to the physical progress achieved."
21,612259,CONSTRUCTION OF 300 BEDDED HOSPITAL AT HARIDWAR,Employee's State Insurance Company [ESIC],Uttarakhand,90.5,332.32421875,232.32421875,64.11690821256047,100,CRITICAL,"['Predicted cost overrun is high.', 'Predicted completion is significantly later than planned.', 'Expenditure is high compared with physical progress.', 'Multiple risk indicators are simultaneously high.']","Project 612259 is classified as CRITICAL risk because the predicted total cost is significantly above the baseline, the projected completion date exceeds the planned schedule, and expenditure is high relative to the physical progress achieved."
22,705489,Madurai-Tuticorin via Aruppukkottai 143.5 km,CAOC/SR SR mor,Tamil Nadu,14.0,58.39582328783067,151.46638844088275,166.84051724137942,100,CRITICAL,"['Predicted cost overrun is high.', 'Predicted completion is significantly later than planned.', 'Expenditure is high compared with physical progress.', 'Multiple risk indicators are simultaneously high.']","Project 705489 is classified as CRITICAL risk because the predicted total cost is significantly above the baseline, the projected completion date exceeds the planned schedule, and expenditure is high relative to the physical progress achieved."
23,705366,Hajipur-Sagauli via Vaishali 148.3 km,CAO/Con/North/MHX ECR mor,Bihar,74.0,137.56119980648282,86.16856797290768,61.99659201557913,100,CRITICAL,"['Predicted cost overrun is high.', 'Predicted completion is significantly later than planned.', 'Expenditure is high compared with physical progress.', 'Multiple risk indicators are simultaneously high.']","Project 705366 is classified as CRITICAL risk because the predicted total cost is significantly above the baseline, the projected completion date exceeds the planned schedule, and expenditure is high relative to the physical progress achieved."
24,602184,Rammam-III HEPP [3x40 MW],National Thermal Power Corporation [NTPC],West Bengal,57.86,122.35352862849535,100.33744138250444,194.0662650602412,100,CRITICAL,"['Predicted cost overrun is high.', 'Predicted completion is significantly later than planned.', 'Expenditure is high compared with physical progress.', 'Multiple risk indicators are simultaneously high.']","Project 602184 is classified as CRITICAL risk because the predicted total cost is significantly above the baseline, the projected completion date exceeds the planned schedule, and expenditure is high relative to the physical progress achieved."
25,705635,Trivandrum- Kanyakumari,CAO/CN/ERS SR mor,"Multi-States (Kerala, Tamil Nadu)",59.0,227.5817039106145,154.32172486033556,50.97547817557655,100,CRITICAL,"['Predicted cost overrun is high.', 'Predicted completion is significantly later than planned.', 'Expenditure is high compared with physical progress.', 'Multiple risk indicators are simultaneously high.']","Project 705635 is classified as CRITICAL risk because the predicted total cost is significantly above the baseline, the projected completion date exceeds the planned schedule, and expenditure is high relative to the physical progress achieved."
26,400116,Bargi Diversion Project Phase - III [km. 104 to km 154],Water Resources-MP,Madhya Pradesh,81.52,184.75857299759994,84.75857299759996,56.27361141128182,100,CRITICAL,"['Predicted cost overrun is high.', 'Predicted completion is significantly later than planned.', 'Expenditure is high compared with physical progress.', 'Multiple risk indicators are simultaneously high.']","Project 400116 is classified as CRITICAL risk because the predicted total cost is significantly above the baseline, the projected completion date exceeds the planned schedule, and expenditure is high relative to the physical progress achieved."
27,602195,Vishnugad Pipalkoti Hydro Electric Project [444 MW],THDC India Limited,Uttarakhand,81.5,151.09225847397255,67.72772417008824,60.49631449631434,100,CRITICAL,"['Predicted cost overrun is high.', 'Predicted completion is significantly later than planned.', 'Expenditure is high compared with physical progress.', 'Multiple risk indicators are simultaneously high.']","Project 602195 is classified as CRITICAL risk because the predicted total cost is significantly above the baseline, the projected completion date exceeds the planned schedule, and expenditure is high relative to the physical progress achieved."
28,618438,"4-Laning of NH-37 Section between Demow to End of Moran Bypass From Km. 534.800 to Km. 561.700 including Emergency Landing Facility ELF under SARDP-NE, Phase 'A' in the State of Assam on EPC mode",NHIDCL,Assam,100.0,176.47638561091372,76.47638561091374,133.45521023765997,100,CRITICAL,"['Predicted cost overrun is high.', 'Predicted completion is significantly later than planned.', 'Expenditure is high compared with physical progress.', 'Multiple risk indicators are simultaneously high.']","Project 618438 is classified as CRITICAL risk because the predicted total cost is significantly above the baseline, the projected completion date exceeds the planned schedule, and expenditure is high relative to the physical progress achieved."
29,707050,Establishment of new GMC Porbandar,"Medical Education, Ministry of Health and Family Welfare",Gujarat,81.0,288.19692307692304,188.19692307692307,95.29243937232528,100,CRITICAL,"['Predicted cost overrun is high.', 'Predicted completion is significantly later than planned.', 'Expenditure is high compared with physical progress.', 'Multiple risk indicators are simultaneously high.']","Project 707050 is classified as CRITICAL risk because the predicted total cost is significantly above the baseline, the projected completion date exceeds the planned schedule, and expenditure is high relative to the physical progress achieved."
30,606112,Tezpur University Projects,Tezpur University,Assam,97.98,173.1442326458916,73.14423264589159,110.19252548131372,100,CRITICAL,"['Predicted cost overrun is high.', 'Predicted completion is significantly later than planned.', 'Expenditure is high compared with physical progress.', 'Multiple risk indicators are simultaneously high.']","Project 606112 is classified as CRITICAL risk because the predicted total cost is significantly above the baseline, the projected completion date exceeds the planned schedule, and expenditure is high relative to the physical progress achieved."
31,602593,Luhri Stage-I Hydro Electric Project [210 MW],Satluj Jal Vidyut Nigam [SJVN] Thermal Limited,Himachal Pradesh,52.13,109.3910171438671,112.26877872039591,78.13990461049268,100,CRITICAL,"['Predicted cost overrun is high.', 'Predicted completion is significantly later than planned.', 'Expenditure is high compared with physical progress.', 'Multiple risk indicators are simultaneously high.']","Project 602593 is classified as CRITICAL risk because the predicted total cost is significantly above the baseline, the projected completion date exceeds the planned schedule, and expenditure is high relative to the physical progress achieved."
32,604791,Numaligarh Refinery Expansion Project,Numaligarh Refinery Limited,Assam,87.0,165.0589519650655,92.96306162057256,63.480492813141765,100,CRITICAL,"['Predicted cost overrun is high.', 'Predicted completion is significantly later than planned.', 'Expenditure is high compared with physical progress.', 'Multiple risk indicators are simultaneously high.']","Project 604791 is classified as CRITICAL risk because the predicted total cost is significantly above the baseline, the projected completion date exceeds the planned schedule, and expenditure is high relative to the physical progress achieved."
33,602185,Tapovan-Vishnugad HEP [4x130 MW],National Thermal Power Corporation [NTPC],Uttarakhand,76.07,262.854600402955,162.854600402955,250.1647923875436,100,CRITICAL,"['Predicted cost overrun is high.', 'Predicted completion is significantly later than planned.', 'Expenditure is high compared with physical progress.', 'Multiple risk indicators are simultaneously high.']","Project 602185 is classified as CRITICAL risk because the predicted total cost is significantly above the baseline, the projected completion date exceeds the planned schedule, and expenditure is high relative to the physical progress achieved."
34,618291,"Construction of 2-lane with Paved shoulder of Kohima-Bypass Road connecting NH- 39 New NH-02, NH150New NH-02, NH7-61 New NH-29 and NH-39 New NH-02 from Design km 21.000 to km 32.268 [Design length11.268 km] in the state of Nagaland Under SARDP-NE on EPC Mode Package- 3",NHIDCL,Nagaland,39.54,80.27525805442602,78.2335314357213,73.81942544459659,100,CRITICAL,"['Predicted cost overrun is high.', 'Predicted completion is significantly later than planned.', 'Expenditure is high compared with physical progress.', 'Multiple risk indicators are simultaneously high.']","Project 618291 is classified as CRITICAL risk because the predicted total cost is significantly above the baseline, the projected completion date exceeds the planned schedule, and expenditure is high relative to the physical progress achieved."
35,705401,Murkongselek-Pasighat 26.15 km,CAO/C-II/NFR NFR mor,"Multi-States (Arunachal Pradesh, Assam)",67.0,243.0367816091954,175.0818390804595,93.6597014925373,100,CRITICAL,"['Predicted cost overrun is high.', 'Predicted completion is significantly later than planned.', 'Expenditure is high compared with physical progress.', 'Multiple risk indicators are simultaneously high.']","Project 705401 is classified as CRITICAL risk because the predicted total cost is significantly above the baseline, the projected completion date exceeds the planned schedule, and expenditure is high relative to the physical progress achieved."
36,705253,Kurnool Coach Midlife Rehabilitation Project,South Central Railway [SCR] - II,Andhra Pradesh,75.01,170.3854351687389,70.3854351687389,94.48187633262296,100,CRITICAL,"['Predicted cost overrun is high.', 'Predicted completion is significantly later than planned.', 'Expenditure is high compared with physical progress.', 'Multiple risk indicators are simultaneously high.']","Project 705253 is classified as CRITICAL risk because the predicted total cost is significantly above the baseline, the projected completion date exceeds the planned schedule, and expenditure is high relative to the physical progress achieved."
37,400273,"Tarakeswar-Bishnupur with extension upto Dhaniakhali, Arambagh-Irphala, Irphala- Ghatal 11.2 km, Arambagh-Champadanga 23.3 km & Bishnupur-Uparsol 31.8 km and new material modification for Mynapur-Kamarpukur via Birsha 19 km",CAOC/ER ER mor,West Bengal,75.0,135.20941968040373,111.65443229604716,52.395853706239,100,CRITICAL,"['Predicted cost overrun is high.', 'Predicted completion is significantly later than planned.', 'Expenditure is high compared with physical progress.', 'Multiple risk indicators are simultaneously high.']","Project 400273 is classified as CRITICAL risk because the predicted total cost is significantly above the baseline, the projected completion date exceeds the planned schedule, and expenditure is high relative to the physical progress achieved."
38,705368,Araria-Supaul 92 km,CAO/Con/North/MHX ECR mor,Bihar,40.0,133.38317757009347,79.77355763239856,81.6617071260769,100,CRITICAL,"['Predicted cost overrun is high.', 'Predicted completion is significantly later than planned.', 'Expenditure is high compared with physical progress.', 'Multiple risk indicators are simultaneously high.']","Project 705368 is classified as CRITICAL risk because the predicted total cost is significantly above the baseline, the projected completion date exceeds the planned schedule, and expenditure is high relative to the physical progress achieved."
39,400301,Multi Product Pipeline from Irugur to Devangonthi,MinistryofPetroleumNaturalGas,Tamil Nadu,86.4,177.929203539823,145.56069321533923,227.2698003863488,100,CRITICAL,"['Predicted cost overrun is high.', 'Predicted completion is significantly later than planned.', 'Expenditure is high compared with physical progress.', 'Multiple risk indicators are simultaneously high.']","Project 400301 is classified as CRITICAL risk because the predicted total cost is significantly above the baseline, the projected completion date exceeds the planned schedule, and expenditure is high relative to the physical progress achieved."
40,400105,Urmodi Irrigation Project,Department of water resources-MH - II,Maharashtra,76.22,122.84302415675204,48.00120525491124,104.40078843626824,90,CRITICAL,"['Predicted cost overrun is high.', 'Predicted completion is significantly later than planned.', 'Expenditure is high compared with physical progress.', 'Multiple risk indicators are simultaneously high.']","Project 400105 is classified as CRITICAL risk because the predicted total cost is significantly above the baseline, the projected completion date exceeds the planned schedule, and expenditure is high relative to the physical progress achieved."
41,709839,Daman Upside Development Project,Oil and Natural Gas Corporation Limited [ONGC],Offshore,92.9,152.07230944814822,56.971774028148936,33.55500821018058,90,CRITICAL,"['Predicted cost overrun is high.', 'Predicted completion is significantly later than planned.', 'Expenditure is high compared with physical progress.', 'Multiple risk indicators are simultaneously high.']","Project 709839 is classified as CRITICAL risk because the predicted total cost is significantly above the baseline, the projected completion date exceeds the planned schedule, and expenditure is high relative to the physical progress achieved."
42,400223,Tiruchchirappalli-Nagore-Karaikal with extension of Nagapattinam-Velankani- Tiruthiraipundi incl. new material modification of Karaikal - Peralam 23 km new line,CAOC/SR SR mor,"Multi-States (Puducherry, Tamil Nadu)",80.0,177.80364656381488,139.5224824684431,23.50593178447832,90,CRITICAL,"['Predicted cost overrun is high.', 'Predicted completion is significantly later than planned.', 'Expenditure is high compared with physical progress.', 'Multiple risk indicators are simultaneously high.']","Project 400223 is classified as CRITICAL risk because the predicted total cost is significantly above the baseline, the projected completion date exceeds the planned schedule, and expenditure is high relative to the physical progress achieved."
43,701383,Waghur Project,Department of water resources-MH - II,Maharashtra,89.57,155.10061473668307,76.69630496982978,27.81119851920409,90,CRITICAL,"['Predicted cost overrun is high.', 'Predicted completion is significantly later than planned.', 'Expenditure is high compared with physical progress.', 'Multiple risk indicators are simultaneously high.']","Project 701383 is classified as CRITICAL risk because the predicted total cost is significantly above the baseline, the projected completion date exceeds the planned schedule, and expenditure is high relative to the physical progress achieved."
44,701406,Rajiv Bhima Lift Irrigation Scheme,Irrigation and CAD-TG,Telangana,100.0,131.22396576319545,58.95749643366629,54.54963235294118,90,CRITICAL,"['Predicted cost overrun is high.', 'Predicted completion is significantly later than planned.', 'Expenditure is high compared with physical progress.', 'Multiple risk indicators are simultaneously high.']","Project 701406 is classified as CRITICAL risk because the predicted total cost is significantly above the baseline, the projected completion date exceeds the planned schedule, and expenditure is high relative to the physical progress achieved."
45,400101,Gundlakamma project,Water Resources-AP,Andhra Pradesh,98.3,157.21295387634936,58.88528220225957,47.3373156617509,90,CRITICAL,"['Predicted cost overrun is high.', 'Predicted completion is significantly later than planned.', 'Expenditure is high compared with physical progress.', 'Multiple risk indicators are simultaneously high.']","Project 400101 is classified as CRITICAL risk because the predicted total cost is significantly above the baseline, the projected completion date exceeds the planned schedule, and expenditure is high relative to the physical progress achieved."
46,618337,Widening to 2 -Lane with Paved shoulder of Imphal to Jiribam section of NH-37 from Design Chainage 33.000 km to 66.390 Km Existing Chainage from km 33.395 to km 67.496 on EPC Mode in Manipur PKG-3,NHIDCL,Manipur,86.33,127.14989293361884,27.14989293361884,223.0769230769231,90,CRITICAL,"['Predicted cost overrun is high.', 'Predicted completion is significantly later than planned.', 'Expenditure is high compared with physical progress.', 'Multiple risk indicators are simultaneously high.']","Project 618337 is classified as CRITICAL risk because the predicted total cost is significantly above the baseline, the projected completion date exceeds the planned schedule, and expenditure is high relative to the physical progress achieved."
47,705735,Solapur-Osmanabad - New line via Tuljapur 84.44 km umbrella work PB23/2018- 19/NR,CAOC/CR CR mor,Maharashtra,22.0,132.9100914998011,89.78946205189393,27.40944017563112,90,CRITICAL,"['Predicted cost overrun is high.', 'Predicted completion is significantly later than planned.', 'Expenditure is high compared with physical progress.', 'Multiple risk indicators are simultaneously high.']","Project 705735 is classified as CRITICAL risk because the predicted total cost is significantly above the baseline, the projected completion date exceeds the planned schedule, and expenditure is high relative to the physical progress achieved."
48,400111,Kelo Irrigation Project,Water Resources-CT,Chhattisgarh,73.0,134.82401026153877,49.77539839554756,57.058436986622574,90,CRITICAL,"['Predicted cost overrun is high.', 'Predicted completion is significantly later than planned.', 'Expenditure is high compared with physical progress.', 'Multiple risk indicators are simultaneously high.']","Project 400111 is classified as CRITICAL risk because the predicted total cost is significantly above the baseline, the projected completion date exceeds the planned schedule, and expenditure is high relative to the physical progress achieved."
49,617379,Development of New Bijwasan Railway Terminal,Northern Railways,Delhi,80.0,126.7788709352099,26.7788709352099,97.30700039108308,90,CRITICAL,"['Predicted cost overrun is high.', 'Predicted completion is significantly later than planned.', 'Expenditure is high compared with physical progress.', 'Multiple risk indicators are simultaneously high.']","Project 617379 is classified as CRITICAL risk because the predicted total cost is significantly above the baseline, the projected completion date exceeds the planned schedule, and expenditure is high relative to the physical progress achieved."
50,602582,Dhaulasidh Hydro Electric Project [66 MW],Satluj Jal Vidyut Nigam [SJVN] Thermal Limited,Himachal Pradesh,80.69,185.42669011730163,149.3173103478347,31.615197568388982,90,CRITICAL,"['Predicted cost overrun is high.', 'Predicted completion is significantly later than planned.', 'Expenditure is high compared with physical progress.', 'Multiple risk indicators are simultaneously high.']","Project 602582 is classified as CRITICAL risk because the predicted total cost is significantly above the baseline, the projected completion date exceeds the planned schedule, and expenditure is high relative to the physical progress achieved."
51,705661,Katni - Grade separator / bypass 21.50 km,GM IRCON KATNI WCR mor,Madhya Pradesh,84.0,147.3926282051282,75.64987179487184,28.01134141572166,90,CRITICAL,"['Predicted cost overrun is high.', 'Predicted completion is significantly later than planned.', 'Expenditure is high compared with physical progress.', 'Multiple risk indicators are simultaneously high.']","Project 705661 is classified as CRITICAL risk because the predicted total cost is significantly above the baseline, the projected completion date exceeds the planned schedule, and expenditure is high relative to the physical progress achieved."
52,618653,Loha-Waranga Section of NH-361 from km 187.800 to km 244.369,NHAI,Maharashtra,96.22,121.64180311953918,140.10502556468808,283.27496580027395,90,CRITICAL,"['Predicted cost overrun is high.', 'Predicted completion is significantly later than planned.', 'Expenditure is high compared with physical progress.', 'Multiple risk indicators are simultaneously high.']","Project 618653 is classified as CRITICAL risk because the predicted total cost is significantly above the baseline, the projected completion date exceeds the planned schedule, and expenditure is high relative to the physical progress achieved."
53,618444,"Construction of Balance Work of the 4-Laning of the Section from Jorhat to Jhanji of NH-37 Old from Km 453.000 to Km 490.800, under SARDP- NE , under EPC Mode in the state of Assam Pkg-IV Structures & Toll Plaza",NHIDCL,Assam,94.73,142.84075839575644,42.84075839575643,367.5824175824176,90,CRITICAL,"['Predicted cost overrun is high.', 'Predicted completion is significantly later than planned.', 'Expenditure is high compared with physical progress.', 'Multiple risk indicators are simultaneously high.']","Project 618444 is classified as CRITICAL risk because the predicted total cost is significantly above the baseline, the projected completion date exceeds the planned schedule, and expenditure is high relative to the physical progress achieved."
54,705588,Janghai - Pratapgarh - Amethi 87 km,CAO/C-II/NR NR mor,Uttar Pradesh,80.0,168.49307479224376,122.12167590027695,22.21715328467152,90,CRITICAL,"['Predicted cost overrun is high.', 'Predicted completion is significantly later than planned.', 'Expenditure is high compared with physical progress.', 'Multiple risk indicators are simultaneously high.']","Project 705588 is classified as CRITICAL risk because the predicted total cost is significantly above the baseline, the projected completion date exceeds the planned schedule, and expenditure is high relative to the physical progress achieved."
55,603945,Integrated Anandpur Barrage Project,Water Resources-OR,Odisha,62.85,495.58224432569705,395.58224432569705,30.034982508745628,90,CRITICAL,"['Predicted cost overrun is high.', 'Predicted completion is significantly later than planned.', 'Expenditure is high compared with physical progress.', 'Multiple risk indicators are simultaneously high.']","Project 603945 is classified as CRITICAL risk because the predicted total cost is significantly above the baseline, the projected completion date exceeds the planned schedule, and expenditure is high relative to the physical progress achieved."
56,705458,Miyagam-Karjan-Dabhoi-Samlaya 96.46 km- Gauge conversion with electrification,CAOCWR WR mor,Gujarat,34.0,168.68851781433415,129.12885426138735,48.278688524589946,90,CRITICAL,"['Predicted cost overrun is high.', 'Predicted completion is significantly later than planned.', 'Expenditure is high compared with physical progress.', 'Multiple risk indicators are simultaneously high.']","Project 705458 is classified as CRITICAL risk because the predicted total cost is significantly above the baseline, the projected completion date exceeds the planned schedule, and expenditure is high relative to the physical progress achieved."
57,706811,NMDC Slurry Pipeline Project Phase-1,National Mineral Development Corporation Limited [NMDC],Chhattisgarh,95.8,125.52734778121774,67.68271069831444,115.95114656031888,90,CRITICAL,"['Predicted cost overrun is high.', 'Predicted completion is significantly later than planned.', 'Expenditure is high compared with physical progress.', 'Multiple risk indicators are simultaneously high.']","Project 706811 is classified as CRITICAL risk because the predicted total cost is significantly above the baseline, the projected completion date exceeds the planned schedule, and expenditure is high relative to the physical progress achieved."
58,701404,Kanupur Irrigation Project,Irrigation and CAD-TG,Odisha,79.5,283.41166125951304,183.41166125951307,41.35558231549975,90,CRITICAL,"['Predicted cost overrun is high.', 'Predicted completion is significantly later than planned.', 'Expenditure is high compared with physical progress.', 'Multiple risk indicators are simultaneously high.']","Project 701404 is classified as CRITICAL risk because the predicted total cost is significantly above the baseline, the projected completion date exceeds the planned schedule, and expenditure is high relative to the physical progress achieved."
59,701372,Sardar Sarovar Project,"Narmada and Water Resources, Water Supply and Kalpsar Department-GJ",Gujarat,93.7,154.3060994286658,57.70787574385196,27.81119851920409,90,CRITICAL,"['Predicted cost overrun is high.', 'Predicted completion is significantly later than planned.', 'Expenditure is high compared with physical progress.', 'Multiple risk indicators are simultaneously high.']","Project 701372 is classified as CRITICAL risk because the predicted total cost is significantly above the baseline, the projected completion date exceeds the planned schedule, and expenditure is high relative to the physical progress achieved."
60,701415,Polavaram Irrigation Project,Water Resources-AP,Andhra Pradesh,86.15,275.455027268142,342.5038843310642,34.23026025584471,90,CRITICAL,"['Predicted cost overrun is high.', 'Predicted completion is significantly later than planned.', 'Expenditure is high compared with physical progress.', 'Multiple risk indicators are simultaneously high.']","Project 701415 is classified as CRITICAL risk because the predicted total cost is significantly above the baseline, the projected completion date exceeds the planned schedule, and expenditure is high relative to the physical progress achieved."
61,618463,Vadodara Mumbai Expressway Kim to Ankleshwar Phase IA - Pkg V,NHAI,Gujarat,91.34,116.74617312279221,97.9947993719999,247.71428571428575,90,CRITICAL,"['Predicted cost overrun is high.', 'Predicted completion is significantly later than planned.', 'Expenditure is high compared with physical progress.', 'Multiple risk indicators are simultaneously high.']","Project 618463 is classified as CRITICAL risk because the predicted total cost is significantly above the baseline, the projected completion date exceeds the planned schedule, and expenditure is high relative to the physical progress achieved."
62,701402,"Subernarekha Project, Odisha","Department of Water Resources, River Development & GR",Odisha,95.5,272.51135515792504,172.51135515792507,30.034982508745628,90,CRITICAL,"['Predicted cost overrun is high.', 'Predicted completion is significantly later than planned.', 'Expenditure is high compared with physical progress.', 'Multiple risk indicators are simultaneously high.']","Project 701402 is classified as CRITICAL risk because the predicted total cost is significantly above the baseline, the projected completion date exceeds the planned schedule, and expenditure is high relative to the physical progress achieved."
63,617302,Durgapur - Haldia Pipeline [Section-3B of JHBDPL Project],Gas Authority of India Limited [GAIL],West Bengal,95.7,136.82758620689657,47.35379310344831,154.32749817651393,90,CRITICAL,"['Predicted cost overrun is high.', 'Predicted completion is significantly later than planned.', 'Expenditure is high compared with physical progress.', 'Multiple risk indicators are simultaneously high.']","Project 617302 is classified as CRITICAL risk because the predicted total cost is significantly above the baseline, the projected completion date exceeds the planned schedule, and expenditure is high relative to the physical progress achieved."
64,400100,Sardar Gouthu Latchanna Thotapalli Barrage Project,Water Resources-AP,Andhra Pradesh,95.88,249.0157201529528,149.0157201529528,47.9212908303819,90,CRITICAL,"['Predicted cost overrun is high.', 'Predicted completion is significantly later than planned.', 'Expenditure is high compared with physical progress.', 'Multiple risk indicators are simultaneously high.']","Project 400100 is classified as CRITICAL risk because the predicted total cost is significantly above the baseline, the projected completion date exceeds the planned schedule, and expenditure is high relative to the physical progress achieved."
65,619193,Rehabilitation and upgradation of NH-221 from km 121/0 to 165/0 Rudrampur to Bhadrachalam section to two lane with paved shoulder under NHDPIV in the state of Telangana through EPC mode,MoRTH,Telangana,82.76,126.96382035401224,26.963820354012235,473.984952120383,90,CRITICAL,"['Predicted cost overrun is high.', 'Predicted completion is significantly later than planned.', 'Expenditure is high compared with physical progress.', 'Multiple risk indicators are simultaneously high.']","Project 619193 is classified as CRITICAL risk because the predicted total cost is significantly above the baseline, the projected completion date exceeds the planned schedule, and expenditure is high relative to the physical progress achieved."
66,702637,Mumbai Metro Line 3,Mumbai Metro Rail Corporation Limited [MMRC],Maharashtra,99.21,155.42863934993085,60.50386929460579,49.43181818181818,90,CRITICAL,"['Predicted cost overrun is high.', 'Predicted completion is significantly later than planned.', 'Expenditure is high compared with physical progress.', 'Multiple risk indicators are simultaneously high.']","Project 702637 is classified as CRITICAL risk because the predicted total cost is significantly above the baseline, the projected completion date exceeds the planned schedule, and expenditure is high relative to the physical progress achieved."
67,400103,Indiramma Flood Flow Canal Project,Irrigation and CAD-TG,Telangana,92.0,337.34545181401637,288.07759332982863,49.24695001967707,90,CRITICAL,"['Predicted cost overrun is high.', 'Predicted completion is significantly later than planned.', 'Expenditure is high compared with physical progress.', 'Multiple risk indicators are simultaneously high.']","Project 400103 is classified as CRITICAL risk because the predicted total cost is significantly above the baseline, the projected completion date exceeds the planned schedule, and expenditure is high relative to the physical progress achieved."
68,618465,Vadodara Mumbai Expressway Gandeva to Ena Phase IB - Pkg VII [Km 190.00 to Km 217.500],National Highways Authority of India [NHAI],Gujarat,97.05,126.22756241595042,74.43585920598733,126.17123287671195,90,CRITICAL,"['Predicted cost overrun is high.', 'Predicted completion is significantly later than planned.', 'Expenditure is high compared with physical progress.', 'Multiple risk indicators are simultaneously high.']","Project 618465 is classified as CRITICAL risk because the predicted total cost is significantly above the baseline, the projected completion date exceeds the planned schedule, and expenditure is high relative to the physical progress achieved."
69,705506,3rd Line Manmad - Jalgaon [160 Kilometres],Central Railway [CR] - II,Maharashtra,100.0,178.09227559024689,81.3944704200317,23.68637110016421,90,CRITICAL,"['Predicted cost overrun is high.', 'Predicted completion is significantly later than planned.', 'Expenditure is high compared with physical progress.', 'Multiple risk indicators are simultaneously high.']","Project 705506 is classified as CRITICAL risk because the predicted total cost is significantly above the baseline, the projected completion date exceeds the planned schedule, and expenditure is high relative to the physical progress achieved."
70,400426,Expansion of Malanjkhand Copper Project,Hindustan Copper Limited [HCL],Madhya Pradesh,28.0,54.84334935034153,76.27615333232782,176.53256704980845,90,CRITICAL,"['Predicted cost overrun is high.', 'Predicted completion is significantly later than planned.', 'Expenditure is high compared with physical progress.', 'Multiple risk indicators are simultaneously high.']","Project 400426 is classified as CRITICAL risk because the predicted total cost is significantly above the baseline, the projected completion date exceeds the planned schedule, and expenditure is high relative to the physical progress achieved."
71,706724,Guwahati Airport New Integrated Terminal Building Construction Project,Adani Airport Holdings Limited,Assam,99.5,155.9713785046729,55.9713785046729,21.327336722721924,90,CRITICAL,"['Predicted cost overrun is high.', 'Predicted completion is significantly later than planned.', 'Expenditure is high compared with physical progress.', 'Multiple risk indicators are simultaneously high.']","Project 706724 is classified as CRITICAL risk because the predicted total cost is significantly above the baseline, the projected completion date exceeds the planned schedule, and expenditure is high relative to the physical progress achieved."
72,703586,Baiyyappanahalli-Hosur 48 km,M.D/KRIDE SWR mor,"Multi-States (Karnataka, Tamil Nadu)",85.0,140.49328253458992,90.21947062362136,45.67286245353163,90,CRITICAL,"['Predicted cost overrun is high.', 'Predicted completion is significantly later than planned.', 'Expenditure is high compared with physical progress.', 'Multiple risk indicators are simultaneously high.']","Project 703586 is classified as CRITICAL risk because the predicted total cost is significantly above the baseline, the projected completion date exceeds the planned schedule, and expenditure is high relative to the physical progress achieved."
73,705237,Western Dedicated Freight Corridor,DFCCIL,"Multi-States (Gujarat, Haryana, Maharashtra, Rajasthan, Uttar Pradesh)",96.0,243.87585370149313,143.87585370149313,42.64547413793106,90,CRITICAL,"['Predicted cost overrun is high.', 'Predicted completion is significantly later than planned.', 'Expenditure is high compared with physical progress.', 'Multiple risk indicators are simultaneously high.']","Project 705237 is classified as CRITICAL risk because the predicted total cost is significantly above the baseline, the projected completion date exceeds the planned schedule, and expenditure is high relative to the physical progress achieved."
74,705793,Raising of speed to 160 kmph/200 kmph on existing New Delhi-Mumbai route incl. Vadodara-Ahmedabad,PCE/WR,"Multi-States (Delhi, Gujarat, Madhya Pradesh, Maharashtra, Rajasthan)",66.32,139.29249357960992,41.73469978432185,51.85636031649423,90,CRITICAL,"['Predicted cost overrun is high.', 'Predicted completion is significantly later than planned.', 'Expenditure is high compared with physical progress.', 'Multiple risk indicators are simultaneously high.']","Project 705793 is classified as CRITICAL risk because the predicted total cost is significantly above the baseline, the projected completion date exceeds the planned schedule, and expenditure is high relative to the physical progress achieved."
75,705432,Sivok-Rangpo New Rail Line,Indian Railway Construction International Limited [IRCON],"Multi-States (Sikkim, West Bengal)",80.0,140.79560746477085,41.59673225847415,247.58926615553145,90,CRITICAL,"['Predicted cost overrun is high.', 'Predicted completion is significantly later than planned.', 'Expenditure is high compared with physical progress.', 'Multiple risk indicators are simultaneously high.']","Project 705432 is classified as CRITICAL risk because the predicted total cost is significantly above the baseline, the projected completion date exceeds the planned schedule, and expenditure is high relative to the physical progress achieved."
76,705392,Dimapur-Kohima 88 km,CAO/C-1/NFR NFR mor,"Multi-States (Assam, Nagaland)",45.0,100.84841662914603,89.70553804592515,45.839253996447695,90,CRITICAL,"['Predicted cost overrun is high.', 'Predicted completion is significantly later than planned.', 'Expenditure is high compared with physical progress.', 'Multiple risk indicators are simultaneously high.']","Project 705392 is classified as CRITICAL risk because the predicted total cost is significantly above the baseline, the projected completion date exceeds the planned schedule, and expenditure is high relative to the physical progress achieved."
77,400107,Sulwade-Jamphal-Kanoli Lift Irrigation Scheme,Department of water resources-MH - II,Maharashtra,80.54,115.43857754592615,24.42825636403666,83.83744465528123,80,CRITICAL,"['Predicted cost overrun is high.', 'Predicted completion is significantly later than planned.', 'Expenditure is high compared with physical progress.', 'Multiple risk indicators are simultaneously high.']","Project 400107 is classified as CRITICAL risk because the predicted total cost is significantly above the baseline, the projected completion date exceeds the planned schedule, and expenditure is high relative to the physical progress achieved."
78,618507,"Balance work of Six Laning of Shamlaji-Motachiloda from Km. 401.200 to Km.494.410 section Design Chainage Km.447.385 to Km 540.595, Length- 93.210 Km of old NH-8 NH-48 in the state of Gujarat on single Percentage Item Rate Contract",NHAI,Gujarat,91.83,123.74035989717223,23.740359897172237,143.7763157894736,80,CRITICAL,"['Predicted cost overrun is high.', 'Predicted completion is significantly later than planned.', 'Expenditure is high compared with physical progress.', 'Multiple risk indicators are simultaneously high.']","Project 618507 is classified as CRITICAL risk because the predicted total cost is significantly above the baseline, the projected completion date exceeds the planned schedule, and expenditure is high relative to the physical progress achieved."
79,618870,4L PS from near Hemmige Village Periyapatna - Hassan Road Jn. to near Hunsur - KR Nagar Jn section from Km. 144.900 to Km. 169.000 of NH-275 Pkg. III,NHAI,Karnataka,27.8,50.59980534618954,66.14381747810121,33.62465753424657,80,CRITICAL,"['Predicted cost overrun is high.', 'Predicted completion is significantly later than planned.', 'Expenditure is high compared with physical progress.', 'Multiple risk indicators are simultaneously high.']","Project 618870 is classified as CRITICAL risk because the predicted total cost is significantly above the baseline, the projected completion date exceeds the planned schedule, and expenditure is high relative to the physical progress achieved."
80,618906,4L of Amritsar-Ghoman - Tanda - Una Section from Km 8.270 to Km 54.000 of NH- 503A Package-I,NHAI,Punjab,68.9,90.09220081360516,47.91278805469111,135.16963064295462,80,CRITICAL,"['Predicted cost overrun is high.', 'Predicted completion is significantly later than planned.', 'Expenditure is high compared with physical progress.', 'Multiple risk indicators are simultaneously high.']","Project 618906 is classified as CRITICAL risk because the predicted total cost is significantly above the baseline, the projected completion date exceeds the planned schedule, and expenditure is high relative to the physical progress achieved."
81,618489,Delhi-Amritsar-Katra Expressway Phase-I Pkg-IX from Junction with Ludhiana-Moga road NH-5 near Mullanpur Dakha to Junction with Jalandhar - Moga road NH-703 near Kang Sahibu village Km 260860 to km 303900,NHAI,Punjab,73.35,104.55908008231299,29.26953177745272,131.45280437756506,80,CRITICAL,"['Predicted cost overrun is high.', 'Predicted completion is significantly later than planned.', 'Expenditure is high compared with physical progress.', 'Multiple risk indicators are simultaneously high.']","Project 618489 is classified as CRITICAL risk because the predicted total cost is significantly above the baseline, the projected completion date exceeds the planned schedule, and expenditure is high relative to the physical progress achieved."
82,618926,4L of Siwan- Masrakh section of Ram Janki Marg from Km 230.385 to Km 281.391 of NH-227A,NHAI,Bihar,10.97,35.213363514419854,22.08355689693718,73.23698630136983,80,CRITICAL,"['Predicted cost overrun is high.', 'Predicted completion is significantly later than planned.', 'Expenditure is high compared with physical progress.', 'Multiple risk indicators are simultaneously high.']","Project 618926 is classified as CRITICAL risk because the predicted total cost is significantly above the baseline, the projected completion date exceeds the planned schedule, and expenditure is high relative to the physical progress achieved."
83,619186,Construction of Balance works of Major Bridge over Middle Strait Creek between Km.106.590 to km108.553 of NH-04 connecting South Andaman & Baratang Island in the Union Territory of Andaman & Nicobar Islands on EPC basis,NHIDCL,Andaman & Nicobar,12.98,42.64907210222088,29.156982050502023,67.56630265210612,80,CRITICAL,"['Predicted cost overrun is high.', 'Predicted completion is significantly later than planned.', 'Expenditure is high compared with physical progress.', 'Multiple risk indicators are simultaneously high.']","Project 619186 is classified as CRITICAL risk because the predicted total cost is significantly above the baseline, the projected completion date exceeds the planned schedule, and expenditure is high relative to the physical progress achieved."
84,619222,"Balance works of four lane from km 43.950 Thiruvallur Bypass to km 61.470 Veppampattu Bypass passing through Thannerkulam, Thozur and Sevapet Bypass 17.520 kms of Tirupathi- Tiruttani- Chennai section of NH 205",NHAI,Tamil Nadu,97.92,127.15656317442681,37.58165772772927,96.59781121751053,80,CRITICAL,"['Predicted cost overrun is high.', 'Predicted completion is significantly later than planned.', 'Expenditure is high compared with physical progress.', 'Multiple risk indicators are simultaneously high.']","Project 619222 is classified as CRITICAL risk because the predicted total cost is significantly above the baseline, the projected completion date exceeds the planned schedule, and expenditure is high relative to the physical progress achieved."
85,617934,Nasratpur to Barasgaon section of NH-61 2L / 4L PS from Km.514/00 to 558/200,MoRTH,Maharashtra,95.84,129.9355536970532,29.935553697053173,345.3821917808221,80,CRITICAL,"['Predicted cost overrun is high.', 'Predicted completion is significantly later than planned.', 'Expenditure is high compared with physical progress.', 'Multiple risk indicators are simultaneously high.']","Project 617934 is classified as CRITICAL risk because the predicted total cost is significantly above the baseline, the projected completion date exceeds the planned schedule, and expenditure is high relative to the physical progress achieved."
86,400141,Expansion of Alumina Refinery Plant with addition of 5th Stream having capacity enhancement of 1.0 Million Tonee Per Annum,National Aluminium Company Limited [NALCO],Odisha,95.64,122.43456007799172,41.87941993663196,63.18840579710143,80,CRITICAL,"['Predicted cost overrun is high.', 'Predicted completion is significantly later than planned.', 'Expenditure is high compared with physical progress.', 'Multiple risk indicators are simultaneously high.']","Project 400141 is classified as CRITICAL risk because the predicted total cost is significantly above the baseline, the projected completion date exceeds the planned schedule, and expenditure is high relative to the physical progress achieved."
87,619120,Nidagatta-Mysore Pkg II,NHAI,Karnataka,99.19,127.2635111993972,42.69011576135372,170.84008762322063,80,CRITICAL,"['Predicted cost overrun is high.', 'Predicted completion is significantly later than planned.', 'Expenditure is high compared with physical progress.', 'Multiple risk indicators are simultaneously high.']","Project 619120 is classified as CRITICAL risk because the predicted total cost is significantly above the baseline, the projected completion date exceeds the planned schedule, and expenditure is high relative to the physical progress achieved."
88,619064,Vadodara Mumbai Expressway Talsari to Karvad Phase IB - Pkg X [Km 103.400 to Km 128.000],NHAI,"Multi-States (Dadra & Nagar Haveli and Daman & Diu, Gujarat, Maharashtra)",36.23,57.45913056227548,24.651465644537907,187.4623803009573,80,CRITICAL,"['Predicted cost overrun is high.', 'Predicted completion is significantly later than planned.', 'Expenditure is high compared with physical progress.', 'Multiple risk indicators are simultaneously high.']","Project 619064 is classified as CRITICAL risk because the predicted total cost is significantly above the baseline, the projected completion date exceeds the planned schedule, and expenditure is high relative to the physical progress achieved."
89,618840,Simaria Km. 206.050 to Khagaria Km. 266.282,NHAI,Bihar,97.73,122.61980060841542,33.2164392638775,299.197368421053,80,CRITICAL,"['Predicted cost overrun is high.', 'Predicted completion is significantly later than planned.', 'Expenditure is high compared with physical progress.', 'Multiple risk indicators are simultaneously high.']","Project 618840 is classified as CRITICAL risk because the predicted total cost is significantly above the baseline, the projected completion date exceeds the planned schedule, and expenditure is high relative to the physical progress achieved."
90,400259,Ghatampur Thermal Power Plant 3 X 660 MW,NLC India Limited [NLCIL],Uttar Pradesh,95.68,123.20319298286324,28.833655686920476,128.75144880875746,80,CRITICAL,"['Predicted cost overrun is high.', 'Predicted completion is significantly later than planned.', 'Expenditure is high compared with physical progress.', 'Multiple risk indicators are simultaneously high.']","Project 400259 is classified as CRITICAL risk because the predicted total cost is significantly above the baseline, the projected completion date exceeds the planned schedule, and expenditure is high relative to the physical progress achieved."
91,400416,Shivpur-Kathautia New Rail [BG] Line [49 km] [Package II of Tori-Shivpur-Kathautia line],Ministry of Coal,Jharkhand,72.0,99.17372363361561,39.78276766464391,59.56078083407264,80,CRITICAL,"['Predicted cost overrun is high.', 'Predicted completion is significantly later than planned.', 'Expenditure is high compared with physical progress.', 'Multiple risk indicators are simultaneously high.']","Project 400416 is classified as CRITICAL risk because the predicted total cost is significantly above the baseline, the projected completion date exceeds the planned schedule, and expenditure is high relative to the physical progress achieved."
92,618706,Bangalore-Nidagatta Pkg. I,NHAI,Karnataka,99.19,123.43242725278245,23.43242725278245,192.25355191256847,80,CRITICAL,"['Predicted cost overrun is high.', 'Predicted completion is significantly later than planned.', 'Expenditure is high compared with physical progress.', 'Multiple risk indicators are simultaneously high.']","Project 618706 is classified as CRITICAL risk because the predicted total cost is significantly above the baseline, the projected completion date exceeds the planned schedule, and expenditure is high relative to the physical progress achieved."
93,618298,Widening/Improvement of existing 2-Lane road to 4-Lane Divided Highway from Sekmai to Nilakuthi section of Imphal-Kohima Road Design Chainage from Km 297700 to Km 308729 of NH-39 New NH-02 in state of Manipur on EPC mode Pkg-5B,NHIDCL,Manipur,94.71,128.62541332073693,28.625413320736904,240.0455373406189,80,CRITICAL,"['Predicted cost overrun is high.', 'Predicted completion is significantly later than planned.', 'Expenditure is high compared with physical progress.', 'Multiple risk indicators are simultaneously high.']","Project 618298 is classified as CRITICAL risk because the predicted total cost is significantly above the baseline, the projected completion date exceeds the planned schedule, and expenditure is high relative to the physical progress achieved."
94,602525,"Pakal Dul [Drangdhuran] Hydroelectric Project, 1000 MW",National Hydroelectric Power Corporation Limited [NHPC],Jammu and Kashmir,82.05,114.81018525366984,45.29748943556065,304.3974683544307,80,CRITICAL,"['Predicted cost overrun is high.', 'Predicted completion is significantly later than planned.', 'Expenditure is high compared with physical progress.', 'Multiple risk indicators are simultaneously high.']","Project 602525 is classified as CRITICAL risk because the predicted total cost is significantly above the baseline, the projected completion date exceeds the planned schedule, and expenditure is high relative to the physical progress achieved."
95,705494,Rayadurg-Tumkur via Kalyandurg 213 km,CAOC/SWR SWR mor,"Multi-States (Andhra Pradesh, Karnataka)",65.0,76.38741987179488,64.77814102564102,264.23251643753736,80,CRITICAL,"['Predicted cost overrun is high.', 'Predicted completion is significantly later than planned.']",Project 705494 is classified as CRITICAL risk because the predicted total cost is significantly above the baseline and the projected completion date exceeds the planned schedule.
96,618692,Aligarh-Kanpur Pkg I [Aligarh-Bhadwas],NHAI,Uttar Pradesh,100.0,110.80186525794038,55.25065218809122,124.6546052631581,80,CRITICAL,"['Predicted cost overrun is high.', 'Predicted completion is significantly later than planned.']",Project 618692 is classified as CRITICAL risk because the predicted total cost is significantly above the baseline and the projected completion date exceeds the planned schedule.
97,618330,Construction of 4/6 Laning from existing Km 159.400 of NH-36 to existing Km 102.500 of NH-39 and upto end point of Assam portion [Design Km 118.050 to design Km 132.375] Total New Alignment length of 14.325 Km of Daboka -Dimapur Section Dimapur Bypass in the state of Assam under SARDP-NE 'Phase-A' on EPC mode Assam Portion,NHIDCL,Assam,100.0,126.65062032797152,26.65062032797152,116.51459854014598,80,CRITICAL,"['Predicted cost overrun is high.', 'Predicted completion is significantly later than planned.', 'Expenditure is high compared with physical progress.', 'Multiple risk indicators are simultaneously high.']","Project 618330 is classified as CRITICAL risk because the predicted total cost is significantly above the baseline, the projected completion date exceeds the planned schedule, and expenditure is high relative to the physical progress achieved."
98,705434,New Railway Line between Ginigera and Raichur [165.57 km],South Western Railway [SWR] - II,Karnataka,71.0,94.03937621832358,30.492265107212457,81.08298524088009,80,CRITICAL,"['Predicted cost overrun is high.', 'Predicted completion is significantly later than planned.', 'Expenditure is high compared with physical progress.', 'Multiple risk indicators are simultaneously high.']","Project 705434 is classified as CRITICAL risk because the predicted total cost is significantly above the baseline, the projected completion date exceeds the planned schedule, and expenditure is high relative to the physical progress achieved."
99,705444,Gevra Road-Pendra Road New Railway Line [135 km],Indian Railway Construction International Limited [IRCON],Chhattisgarh,83.36,107.19416498993964,43.47023943661984,60.53303355240372,80,CRITICAL,"['Predicted cost overrun is high.', 'Predicted completion is significantly later than planned.', 'Expenditure is high compared with physical progress.', 'Multiple risk indicators are simultaneously high.']","Project 705444 is classified as CRITICAL risk because the predicted total cost is significantly above the baseline, the projected completion date exceeds the planned schedule, and expenditure is high relative to the physical progress achieved."
100,618652,Chakur Loha Section of NH-361 from km 114.600 to km 187.80,National Highways Authority of India [NHAI],Maharashtra,100.0,63.246548196362106,97.71124071597708,258.139534883721,80,CRITICAL,"['Predicted cost overrun is high.', 'Predicted completion is significantly later than planned.']",Project 618652 is classified as CRITICAL risk because the predicted total cost is significantly above the baseline and the projected completion date exceeds the planned schedule.
101,602579,Buxar Thermal Power Project [1320 MW],Satluj Jal Vidyut Nigam [SJVN] Thermal Limited,Bihar,95.01,131.541829795509,31.541829795508995,54.44776119402985,80,CRITICAL,"['Predicted cost overrun is high.', 'Predicted completion is significantly later than planned.', 'Expenditure is high compared with physical progress.', 'Multiple risk indicators are simultaneously high.']","Project 602579 is classified as CRITICAL risk because the predicted total cost is significantly above the baseline, the projected completion date exceeds the planned schedule, and expenditure is high relative to the physical progress achieved."
102,618429,Construction & upgradation of existing road to 2-lane with paved shoulder including geometric improvement of sect. from Pedong bypass to Reshi Border km 79.700 to km 96.254 of NH-717A under SARDP-NE-A on EPC as part of Alternate connectivity to Gangtok Lava More-Reshi Border Pkg-VB,NHIDCL,West Bengal,97.22,121.23747756094735,21.23747756094737,286.778793418647,80,CRITICAL,"['Predicted cost overrun is high.', 'Predicted completion is significantly later than planned.', 'Expenditure is high compared with physical progress.', 'Multiple risk indicators are simultaneously high.']","Project 618429 is classified as CRITICAL risk because the predicted total cost is significantly above the baseline, the projected completion date exceeds the planned schedule, and expenditure is high relative to the physical progress achieved."
103,705782,Barabanki-Malhaur - 3rd & 4th Line 32.84 km,CAO/C-II/NR NR mor,Uttar Pradesh,77.0,109.11793611793613,20.084815724815616,57.84093319194052,80,CRITICAL,"['Predicted cost overrun is high.', 'Predicted completion is significantly later than planned.', 'Expenditure is high compared with physical progress.', 'Multiple risk indicators are simultaneously high.']","Project 705782 is classified as CRITICAL risk because the predicted total cost is significantly above the baseline, the projected completion date exceeds the planned schedule, and expenditure is high relative to the physical progress achieved."
104,618406,Up-gradation to 4-lane with Paved Shoulder of Jammu-Akhnoor road section of NH- 144A from Ganesh Vihar Km 6.000 to Khati Chowk Km 26.350 in UT of Jammu and Kashmir on EPC basis Pkg-3A,NHIDCL,Jammu and Kashmir,92.5,123.47359608049861,23.473596080498616,268.2694938440493,80,CRITICAL,"['Predicted cost overrun is high.', 'Predicted completion is significantly later than planned.', 'Expenditure is high compared with physical progress.', 'Multiple risk indicators are simultaneously high.']","Project 618406 is classified as CRITICAL risk because the predicted total cost is significantly above the baseline, the projected completion date exceeds the planned schedule, and expenditure is high relative to the physical progress achieved."
105,611917,Poly Butadiene Rubber plant at Panipat,Indian Oil Corporation Limited [IOCL],Haryana,90.1,106.93899931459904,60.45766278272795,55.997262773722326,80,CRITICAL,"['Predicted cost overrun is high.', 'Predicted completion is significantly later than planned.']",Project 611917 is classified as CRITICAL risk because the predicted total cost is significantly above the baseline and the projected completion date exceeds the planned schedule.
106,619137,4L of Dwarka-Khambaliya-Devariya section from km 203.500 to km 176.500 and from km 171.800 to km 125.000 of NH-151A,National Highways Authority of India [NHAI],Gujarat,100.0,86.08457191931218,52.83534532395166,146.82017543859652,80,CRITICAL,"['Predicted cost overrun is high.', 'Predicted completion is significantly later than planned.']",Project 619137 is classified as CRITICAL risk because the predicted total cost is significantly above the baseline and the projected completion date exceeds the planned schedule.
107,618569,Balance work - WB-10 Gandak Bridge Km 402.00 to Km 440.00 Devanpur - Kotwa,NHAI,Bihar,64.05,86.62699357295882,48.146536538919165,207.93806921675767,80,CRITICAL,"['Predicted cost overrun is high.', 'Predicted completion is significantly later than planned.', 'Expenditure is high compared with physical progress.', 'Multiple risk indicators are simultaneously high.']","Project 618569 is classified as CRITICAL risk because the predicted total cost is significantly above the baseline, the projected completion date exceeds the planned schedule, and expenditure is high relative to the physical progress achieved."
108,400115,Bargi Diversion Project Phase - IV [km. 154 to km 197],Water Resources-MP,Madhya Pradesh,75.0,108.38714831631226,21.14528048147209,60.31108881083799,80,CRITICAL,"['Predicted cost overrun is high.', 'Predicted completion is significantly later than planned.', 'Expenditure is high compared with physical progress.', 'Multiple risk indicators are simultaneously high.']","Project 400115 is classified as CRITICAL risk because the predicted total cost is significantly above the baseline, the projected completion date exceeds the planned schedule, and expenditure is high relative to the physical progress achieved."
109,619097,Thalassery Mahe Bypass Km 170.600 to Km 189.200 of NH-17New NH-66 in Kerala,NHAI,"Multi-States (Kerala, Puducherry)",100.0,129.93853291790845,47.879885193714216,257.6802721088431,80,CRITICAL,"['Predicted cost overrun is high.', 'Predicted completion is significantly later than planned.', 'Expenditure is high compared with physical progress.', 'Multiple risk indicators are simultaneously high.']","Project 619097 is classified as CRITICAL risk because the predicted total cost is significantly above the baseline, the projected completion date exceeds the planned schedule, and expenditure is high relative to the physical progress achieved."
110,706966,Establishment of new GMC Samastipur,"Medical Education, Ministry of Health and Family Welfare",Bihar,0.0,60.0,6.38661375661375,151680.55190538763,75,CRITICAL,"['Predicted completion is significantly later than planned.', 'Expenditure is high compared with physical progress.']",Project 706966 is classified as CRITICAL risk because the projected completion date exceeds the planned schedule and expenditure is high relative to the physical progress achieved.
111,400019,DHULE [BORVIHIR] - NARDANA NEW LINE [50.60 KMS],Central Railway,Maharashtra,38.0,113.71052845198474,94.02244500365298,18.65373134328344,75,CRITICAL,"['Predicted cost overrun is high.', 'Expenditure is high compared with physical progress.']",Project 400019 is classified as CRITICAL risk because the predicted total cost is significantly above the baseline and expenditure is high relative to the physical progress achieved.
112,705777,Bhandai - Flyover for Etawah bound down trains 10 km,CAO/C/NCR NCR mor,Uttar Pradesh,11.0,58.697737628907184,9.089375649532403,606.419354838709,75,CRITICAL,"['Predicted completion is significantly later than planned.', 'Expenditure is high compared with physical progress.']",Project 705777 is classified as CRITICAL risk because the projected completion date exceeds the planned schedule and expenditure is high relative to the physical progress achieved.
113,619200,Delhi-Amritsar-Katra Expressway Phase-I Spur-III from Junction with Amritsar- Jalandhar road NH-3 near Bhishambarpura to Junction with Amritsar-Anjala road NH- 354 near Amritsar Airport [Km 71000 to Km 99000 of Amritsar connectivity],NHAI,Punjab,33.85,83.09425917466119,17.924556113902984,153.27000000000018,75,CRITICAL,"['Predicted completion is significantly later than planned.', 'Expenditure is high compared with physical progress.']",Project 619200 is classified as CRITICAL risk because the projected completion date exceeds the planned schedule and expenditure is high relative to the physical progress achieved.
114,705660,Doubling of Katni - Singrauli Railway Line [261 km],Indian Railway Construction International Limited [IRCON],Madhya Pradesh,81.25,137.76932515337424,71.2928016359918,5.692837034720061,75,CRITICAL,"['Predicted cost overrun is high.', 'Expenditure is high compared with physical progress.']",Project 705660 is classified as CRITICAL risk because the predicted total cost is significantly above the baseline and expenditure is high relative to the physical progress achieved.
115,705730,Joka-BBD Bag new metro project,RVNL - II,West Bengal,51.0,105.45460186142708,95.989367114788,19.25328515111705,75,CRITICAL,"['Predicted cost overrun is high.', 'Expenditure is high compared with physical progress.']",Project 705730 is classified as CRITICAL risk because the predicted total cost is significantly above the baseline and expenditure is high relative to the physical progress achieved.
116,707049,Establishment of new GMC Panchmahal,"Medical Education, Ministry of Health and Family Welfare",Gujarat,88.0,143.79692307692306,89.76313846153839,9.553641346906817,75,CRITICAL,"['Predicted cost overrun is high.', 'Expenditure is high compared with physical progress.']",Project 707049 is classified as CRITICAL risk because the predicted total cost is significantly above the baseline and expenditure is high relative to the physical progress achieved.
117,705526,Samastipur-Darbhanga 38 km,CAO/Con/North/MHX ECR mor,Bihar,92.0,143.89402697495183,76.80485549132932,16.508474576271194,75,CRITICAL,"['Predicted cost overrun is high.', 'Expenditure is high compared with physical progress.']",Project 705526 is classified as CRITICAL risk because the predicted total cost is significantly above the baseline and expenditure is high relative to the physical progress achieved.
118,705437,Manoharabad-Kothapalli New Rail Line [151 km],South Central Railway [SCR] - II,Telangana,72.02,264.9491379310345,164.94913793103447,6.312584209108131,75,CRITICAL,"['Predicted cost overrun is high.', 'Expenditure is high compared with physical progress.']",Project 705437 is classified as CRITICAL risk because the predicted total cost is significantly above the baseline and expenditure is high relative to the physical progress achieved.
119,705375,Koderma-Tilaiya 68 km,CAO/Con/South/MHX ECR mor,"Multi-States (Bihar, Jharkhand)",90.0,139.5467404674047,53.098382533825415,18.17860924814686,75,CRITICAL,"['Predicted cost overrun is high.', 'Expenditure is high compared with physical progress.']",Project 705375 is classified as CRITICAL risk because the predicted total cost is significantly above the baseline and expenditure is high relative to the physical progress achieved.
120,707021,Establishment of new GMC Koderma,"Medical Education, Ministry of Health and Family Welfare",Jharkhand,40.0,108.4,74.90104000000002,6.069078947368512,75,CRITICAL,"['Predicted cost overrun is high.', 'Expenditure is high compared with physical progress.']",Project 707021 is classified as CRITICAL risk because the predicted total cost is significantly above the baseline and expenditure is high relative to the physical progress achieved.
121,705514,Jarapaada-Budhapank with flyover at Talcher Road - 3rd & 4th line 47 44 km,CAO/C/ECOR ECoR mor,Odisha,25.0,75.85700000000001,6.931739999999855,380.6137855579869,75,CRITICAL,"['Predicted completion is significantly later than planned.', 'Expenditure is high compared with physical progress.']",Project 705514 is classified as CRITICAL risk because the projected completion date exceeds the planned schedule and expenditure is high relative to the physical progress achieved.
122,705613,Third Line [new] between Kazipet - Balharshah with electrification [201.04 Km],South Central Railway [SCR] - II,"Multi-States (Maharashtra, Telangana)",94.8,160.10905587668594,60.109055876685936,17.120106171201062,75,CRITICAL,"['Predicted cost overrun is high.', 'Expenditure is high compared with physical progress.']",Project 705613 is classified as CRITICAL risk because the predicted total cost is significantly above the baseline and expenditure is high relative to the physical progress achieved.
123,705502,Wardha-Balharshah - 3rd line 132 km,CAOC/CR CR mor,Maharashtra,86.0,136.82910624530592,81.82397885493054,6.055412739217369,75,CRITICAL,"['Predicted cost overrun is high.', 'Expenditure is high compared with physical progress.']",Project 705502 is classified as CRITICAL risk because the predicted total cost is significantly above the baseline and expenditure is high relative to the physical progress achieved.
124,705610,"Renigunta 9.60 km, Wadi 7.60 km & Gooty 3.8 km - Bypass",CAO/C/SCoR SCoR mor,"Multi-States (Andhra Pradesh, Tamil Nadu)",50.0,139.52317880794703,121.08943708609262,6.950718685831616,75,CRITICAL,"['Predicted cost overrun is high.', 'Expenditure is high compared with physical progress.']",Project 705610 is classified as CRITICAL risk because the predicted total cost is significantly above the baseline and expenditure is high relative to the physical progress achieved.
125,705612,Kazipet-Vijayawada 3rd line with electrification [220 km],South Central Railway [SCR] - II,"Multi-States (Andhra Pradesh, Telangana)",95.02,265.873527905786,165.87352790578598,12.6400833984884,75,CRITICAL,"['Predicted cost overrun is high.', 'Expenditure is high compared with physical progress.']",Project 705612 is classified as CRITICAL risk because the predicted total cost is significantly above the baseline and expenditure is high relative to the physical progress achieved.
126,705500,Wardha Sevagram-Nagpur - 3rd line 76.3 km,CAOC/CR CR mor,Maharashtra,88.0,154.8590792933595,54.8590792933595,5.708131394722673,75,CRITICAL,"['Predicted cost overrun is high.', 'Expenditure is high compared with physical progress.']",Project 705500 is classified as CRITICAL risk because the predicted total cost is significantly above the baseline and expenditure is high relative to the physical progress achieved.
127,706965,Establishment of new GMC Saran [Chhapara],"Medical Education, Ministry of Health and Family Welfare",Bihar,0.0,60.0,6.38661375661375,151680.55190538763,75,CRITICAL,"['Predicted completion is significantly later than planned.', 'Expenditure is high compared with physical progress.']",Project 706965 is classified as CRITICAL risk because the projected completion date exceeds the planned schedule and expenditure is high relative to the physical progress achieved.
128,705359,Talcher-Bimlagarh 154 km,CAO/C/ECOR ECoR mor,Odisha,56.0,112.24118257261412,108.2804875518674,18.93839329719065,75,CRITICAL,"['Predicted cost overrun is high.', 'Expenditure is high compared with physical progress.']",Project 705359 is classified as CRITICAL risk because the predicted total cost is significantly above the baseline and expenditure is high relative to the physical progress achieved.
129,400247,"Kalinarayanpur-Krishnanagar with Krishnanagar-Shantipur-Nabadwipghat - GC, Krishnanagar-Chartala, MM for Krishnanagar-Chapra-NL, Naihati-Ranaghat-3rd line, Nabadwipghat-Nabadwipdham upto BB loop 9.58 km, Ranaghat-Lalgola- strengthening bridge No.2",CAOC/ER ER mor,West Bengal,49.0,92.57000000000001,87.90557000000014,5.529487842731476,75,CRITICAL,"['Predicted cost overrun is high.', 'Expenditure is high compared with physical progress.']",Project 400247 is classified as CRITICAL risk because the predicted total cost is significantly above the baseline and expenditure is high relative to the physical progress achieved.
130,705457,Ratlam-Mhow-Khandwa-Akola 472.64 km including material modification for Fatehabad-Chandrawati Ganj-Ujjain 22.96 km and Rau-DADN doubling 9.40 km,CAOCWR WR mor,"Multi-States (Madhya Pradesh, Maharashtra)",75.0,304.63637735849056,466.8140981132068,5.917137809187053,75,CRITICAL,"['Predicted cost overrun is high.', 'Expenditure is high compared with physical progress.']",Project 705457 is classified as CRITICAL risk because the predicted total cost is significantly above the baseline and expenditure is high relative to the physical progress achieved.
131,705373,Fatuah-Islampur incl. material modification for extension of new line from Neora to Daniawan Daniawan to Biharsharif Biharsharif to Barbigha Barbigha to Sheikhpura,CAO/Con/South/MHX ECR mor,Bihar,95.0,206.50237610319078,108.8978343516632,14.968086368489612,75,CRITICAL,"['Predicted cost overrun is high.', 'Expenditure is high compared with physical progress.']",Project 705373 is classified as CRITICAL risk because the predicted total cost is significantly above the baseline and expenditure is high relative to the physical progress achieved.
132,705504,Daund - Manmad 247.50 km,CAOC/CR CR mor,Maharashtra,95.0,153.3467546257814,66.81929783257348,11.345187475840715,75,CRITICAL,"['Predicted cost overrun is high.', 'Expenditure is high compared with physical progress.']",Project 705504 is classified as CRITICAL risk because the predicted total cost is significantly above the baseline and expenditure is high relative to the physical progress achieved.
133,705764,Nimach-Badi Sadri NL Project 48 km,CAOC/NWR NWR mor,"Multi-States (Madhya Pradesh, Rajasthan)",60.0,116.59797979797979,61.025232323232274,10.907894736842028,75,CRITICAL,"['Predicted cost overrun is high.', 'Expenditure is high compared with physical progress.']",Project 705764 is classified as CRITICAL risk because the predicted total cost is significantly above the baseline and expenditure is high relative to the physical progress achieved.
134,705505,Wardha-Nagpur - 4th line 78.70 km,CAOC/CR CR mor,Maharashtra,88.0,170.93659377694175,85.72007210596406,6.827697262479875,75,CRITICAL,"['Predicted cost overrun is high.', 'Expenditure is high compared with physical progress.']",Project 705505 is classified as CRITICAL risk because the predicted total cost is significantly above the baseline and expenditure is high relative to the physical progress achieved.
135,619167,4 Laning with PS of Pathrapalli-Katghora km 53.3 to km 92.6 Pkg-II of Bilaspur Kathghora,NHAI,Chhattisgarh,93.1,98.69957230377992,37.11781296959871,192.8397260273973,70,HIGH,"['Predicted cost overrun is high.', 'Predicted completion is significantly later than planned.']",Project 619167 is classified as HIGH risk because the predicted total cost is significantly above the baseline and the projected completion date exceeds the planned schedule.
136,604853,"Indian Oil Technology Development and Deployment Centre at R&D Campus-II, Faridabad",Indian Oil Corporation Limited [IOCL],Haryana,65.4,84.22789380965318,40.01702936974675,128.86004691165002,70,HIGH,"['Predicted cost overrun is high.', 'Predicted completion is significantly later than planned.']",Project 604853 is classified as HIGH risk because the predicted total cost is significantly above the baseline and the projected completion date exceeds the planned schedule.
137,618458,Delhi-Vadodara Greenfield Alignment NH-148N Pkg-15 Ch. 419.000 to Ch.427.300 [Junction with NH-12 near village Ummedpura to Major bridge over Takli river near Nayagaon Jageer village],NHAI,Rajasthan,98.28,82.54361938447603,26.388552203075434,99.781181619256,70,HIGH,"['Predicted cost overrun is high.', 'Predicted completion is significantly later than planned.']",Project 618458 is classified as HIGH risk because the predicted total cost is significantly above the baseline and the projected completion date exceeds the planned schedule.
138,400097,Sardar Sarovar CADWM Project,"Narmada and Water Resources, Water Supply and Kalpsar Department-GJ",Gujarat,90.3,98.71001401898934,26.15587762059534,237.4743326488706,70,HIGH,"['Predicted cost overrun is high.', 'Predicted completion is significantly later than planned.']",Project 400097 is classified as HIGH risk because the predicted total cost is significantly above the baseline and the projected completion date exceeds the planned schedule.
139,618527,Six Laning of Vijayawada Bypass from Gollapudi to Chinnakakani in Vijayawada - Gundugolanu Section from km. 30.00 to km. 47.881 Pkg-IV,National Highways Authority of India [NHAI],Andhra Pradesh,99.92,72.20924684195987,42.33571912905931,93.10722100656454,70,HIGH,"['Predicted cost overrun is high.', 'Predicted completion is significantly later than planned.']",Project 618527 is classified as HIGH risk because the predicted total cost is significantly above the baseline and the projected completion date exceeds the planned schedule.
140,619096,Goa / Karnataka Km.93.700 to Kundapur Km.283.30,NHAI,Karnataka,97.94,112.43768693918246,21.399940422634494,421.9513574660635,70,HIGH,"['Predicted cost overrun is high.', 'Predicted completion is significantly later than planned.']",Project 619096 is classified as HIGH risk because the predicted total cost is significantly above the baseline and the projected completion date exceeds the planned schedule.
141,619073,4L of 42.000 to km 80.00 of Dodaballapur Bypass to Hoskote section of NH-648 Old NH-207 [Bangalore Ring Road Pkg 2],NHAI,Karnataka,99.2,103.75339596582027,35.50585851533681,175.17671232876694,70,HIGH,"['Predicted cost overrun is high.', 'Predicted completion is significantly later than planned.']",Project 619073 is classified as HIGH risk because the predicted total cost is significantly above the baseline and the projected completion date exceeds the planned schedule.
142,618605,Thuravoor Thekku-Paravoor,NHAI,Kerala,81.49,87.35172648551392,24.38807281770905,105.16830601092902,70,HIGH,"['Predicted cost overrun is high.', 'Predicted completion is significantly later than planned.']",Project 618605 is classified as HIGH risk because the predicted total cost is significantly above the baseline and the projected completion date exceeds the planned schedule.
143,619060,"Construction of Balance Work of 4-Laning of the Section from Jhanji to Demow of NH- 37 Old from Km 514.800 to Km 534.800 20.000 Km, under SARDP- NE under EPC Mode in the state of Assam Pkg-III Road Works",NHIDCL,Assam,72.0,16.41379710481274,48.16129500159546,114.3671641791045,70,HIGH,"['Predicted cost overrun is high.', 'Predicted completion is significantly later than planned.']",Project 619060 is classified as HIGH risk because the predicted total cost is significantly above the baseline and the projected completion date exceeds the planned schedule.
144,618496,Delhi-Amritsar-Katra Expressway Phase-II Pkg-XVI Existing Jakh Vijaypur-Kunjwani section of NH-44 including spur Connectivity to Jammu Airport NH-144A [Km 503500 to km 514500],NHAI,Jammu and Kashmir,94.14,67.99069011703224,20.184089761324422,100.4418604651161,70,HIGH,"['Predicted cost overrun is high.', 'Predicted completion is significantly later than planned.']",Project 618496 is classified as HIGH risk because the predicted total cost is significantly above the baseline and the projected completion date exceeds the planned schedule.
145,618502,Ahmedabad - Dholera Pkg II from km. 22.00 to km. 48.52 [Sindhrej Village - Vejallka Village],National Highways Authority of India [NHAI],Gujarat,100.0,100.8584509729111,22.393029236791243,117.6223744292236,70,HIGH,"['Predicted cost overrun is high.', 'Predicted completion is significantly later than planned.']",Project 618502 is classified as HIGH risk because the predicted total cost is significantly above the baseline and the projected completion date exceeds the planned schedule.
146,400102,Sri Ram Sagar Project Stage - II,Irrigation and CAD-TG,Telangana,97.0,131.96989662152066,36.22688927227516,44.87586335635616,70,HIGH,"['Predicted cost overrun is high.', 'Predicted completion is significantly later than planned.', 'Expenditure is high compared with physical progress.', 'Multiple risk indicators are simultaneously high.']","Project 400102 is classified as HIGH risk because the predicted total cost is significantly above the baseline, the projected completion date exceeds the planned schedule, and expenditure is high relative to the physical progress achieved."
147,618552,Development of 6L Greenfield Jalandhar Bypass starting from Kahlwan NH-03 ending at Kang Sahbu NH-703 via Sarmastpur NH-44 - Madara NH-03 - Khajurla NH-44,NHAI,Punjab,56.7,71.34667548038568,22.264388776184976,118.18057455540344,70,HIGH,"['Predicted cost overrun is high.', 'Predicted completion is significantly later than planned.']",Project 618552 is classified as HIGH risk because the predicted total cost is significantly above the baseline and the projected completion date exceeds the planned schedule.
148,618580,Gohana - Sonipat PKG-2,NHAI,Haryana,97.86,96.12172726631172,36.963326563737546,202.7369863013702,70,HIGH,"['Predicted cost overrun is high.', 'Predicted completion is significantly later than planned.']",Project 618580 is classified as HIGH risk because the predicted total cost is significantly above the baseline and the projected completion date exceeds the planned schedule.
149,618578,6L Access Controlled Highway from DND Maharani Bagh - Jn. with Jaitpur - Pushta Road of NH-148NA from km. 0.00 to km. 9.00 in NCR,National Highways Authority of India [NHAI],Delhi,98.25,110.11898271820313,28.65565883443273,77.45723684210517,70,HIGH,"['Predicted cost overrun is high.', 'Predicted completion is significantly later than planned.']",Project 618578 is classified as HIGH risk because the predicted total cost is significantly above the baseline and the projected completion date exceeds the planned schedule.
150,619098,Kozhikode Bypass Calicut Bypass Vengalam Jn. to Ramanattukara Jn.,NHAI,Kerala,98.75,74.8661187419724,28.91957298370944,174.709589041096,70,HIGH,"['Predicted cost overrun is high.', 'Predicted completion is significantly later than planned.']",Project 619098 is classified as HIGH risk because the predicted total cost is significantly above the baseline and the projected completion date exceeds the planned schedule.
151,619130,Mahabalipuram - Pondicherry Pkg-II [Mugaiyur to Marakkanam],NHAI,Tamil Nadu,53.41,72.09644037880891,25.86657468216072,79.39261285909751,70,HIGH,"['Predicted cost overrun is high.', 'Predicted completion is significantly later than planned.']",Project 619130 is classified as HIGH risk because the predicted total cost is significantly above the baseline and the projected completion date exceeds the planned schedule.
152,400010,"Construction of Terminal Building & Associated works at Leh Airport, Ladakh",Airport Authority of India [AAI],Ladakh,88.0,106.78124999999999,22.45872916666668,164.31478102189817,70,HIGH,"['Predicted cost overrun is high.', 'Predicted completion is significantly later than planned.']",Project 400010 is classified as HIGH risk because the predicted total cost is significantly above the baseline and the projected completion date exceeds the planned schedule.
153,619119,Cuttack-Angul Section of NH-42 New NH-55 from km 0.400 to km 60.200 Pkg-I in the State of Odisha,NHAI,Odisha,99.0,112.92879157827322,22.06886682944418,247.7993421052629,70,HIGH,"['Predicted cost overrun is high.', 'Predicted completion is significantly later than planned.']",Project 619119 is classified as HIGH risk because the predicted total cost is significantly above the baseline and the projected completion date exceeds the planned schedule.
154,619150,BRT Tiger Reserve Boundary Km.287.500 to Bangalore Section Km.458.420 of NH- 209 in Karnataka,NHAI,Karnataka,99.7,107.68333261311093,31.432652002938344,346.027397260274,70,HIGH,"['Predicted cost overrun is high.', 'Predicted completion is significantly later than planned.']",Project 619150 is classified as HIGH risk because the predicted total cost is significantly above the baseline and the projected completion date exceeds the planned schedule.
155,618809,4L of Beas-Mehta-Batala-Dera Baba Nanak from intersection with Jalandhar-Amritsar Highway NH-3 near Beas till start of Batala Bypass near Village Acchhal from Km. 0.000 to Km. 31.300 Pkg-1,NHAI,Punjab,68.2,82.87111956615732,29.740682635174416,94.5116279069771,70,HIGH,"['Predicted cost overrun is high.', 'Predicted completion is significantly later than planned.']",Project 618809 is classified as HIGH risk because the predicted total cost is significantly above the baseline and the projected completion date exceeds the planned schedule.
156,619121,4L of Hubli - Hospet Section of NH-63 from Km 128.850 to Km 272.571,National Highways Authority of India [NHAI],Karnataka,99.65,53.74823755228102,29.7923925449944,206.60036496350392,70,HIGH,"['Predicted cost overrun is high.', 'Predicted completion is significantly later than planned.']",Project 619121 is classified as HIGH risk because the predicted total cost is significantly above the baseline and the projected completion date exceeds the planned schedule.
157,618520,4L of km 0.00 to km 42.00 of Dobbaspet to Doddaballapura Bypass section of NH-648 old NH-207] [Bangalore Ring Road Pkg 1],NHAI,Karnataka,99.2,89.99819286319973,23.89052921306156,168.608219178082,70,HIGH,"['Predicted cost overrun is high.', 'Predicted completion is significantly later than planned.']",Project 618520 is classified as HIGH risk because the predicted total cost is significantly above the baseline and the projected completion date exceeds the planned schedule.
158,619067,6L of Chiloda-Naroda section from Km. 540.595 to Km. 555.595 of NH-8Package-VII,National Highways Authority of India [NHAI],Gujarat,100.0,29.175546831183397,20.470190689848497,350.2739726027397,70,HIGH,"['Predicted cost overrun is high.', 'Predicted completion is significantly later than planned.']",Project 619067 is classified as HIGH risk because the predicted total cost is significantly above the baseline and the projected completion date exceeds the planned schedule.
159,619063,4L Greenfield spur from Delhi-Vadodara Greenfield expressway near Bandikui to Jaipur,National Highways Authority of India [NHAI],Rajasthan,100.0,78.11264248387984,21.485462824313394,77.55540355677189,70,HIGH,"['Predicted cost overrun is high.', 'Predicted completion is significantly later than planned.']",Project 619063 is classified as HIGH risk because the predicted total cost is significantly above the baseline and the projected completion date exceeds the planned schedule.
160,619145,Four Laning of Una to Kodinar from km. 180.478 to km. 221.610 Package-V,NHAI,Gujarat,100.0,114.93431771313986,44.465871415387774,277.27771679473113,70,HIGH,"['Predicted cost overrun is high.', 'Predicted completion is significantly later than planned.']",Project 619145 is classified as HIGH risk because the predicted total cost is significantly above the baseline and the projected completion date exceeds the planned schedule.
161,619146,Kagvadar - Una Package-IV,NHAI,Gujarat,97.93,111.00422368193144,28.68315723555347,273.1821663019691,70,HIGH,"['Predicted cost overrun is high.', 'Predicted completion is significantly later than planned.']",Project 619146 is classified as HIGH risk because the predicted total cost is significantly above the baseline and the projected completion date exceeds the planned schedule.
162,619205,Six Laning of KT/KL Border Thalapaddy -Chengala from Km. 17.200 to Km. 57.20,NHAI,"Multi-States (Karnataka, Kerala)",100.0,85.87934802909538,23.62649477302683,89.99232456140346,70,HIGH,"['Predicted cost overrun is high.', 'Predicted completion is significantly later than planned.']",Project 619205 is classified as HIGH risk because the predicted total cost is significantly above the baseline and the projected completion date exceeds the planned schedule.
163,618428,Realignment of NH-717A from Design Ch.0.00 Km 77.800 of NH-10 to Design Ch.2.00 Km 3.100 of NH-717A with two lane paved shoulder including Major Bridge of 680 m in the State of Sikkim on EPC Mode-COS work,NHIDCL,Sikkim,100.0,26.699139102854552,35.53560640386641,162.6027397260274,70,HIGH,"['Predicted cost overrun is high.', 'Predicted completion is significantly later than planned.']",Project 618428 is classified as HIGH risk because the predicted total cost is significantly above the baseline and the projected completion date exceeds the planned schedule.
164,619092,4L of Jind-Gohana road Package-1 from km. 0.00 to km. 40.601 of NH-352 A under NHO,NHAI,Haryana,99.97,107.06584055842771,43.981503087848,203.02465753424696,70,HIGH,"['Predicted cost overrun is high.', 'Predicted completion is significantly later than planned.']",Project 619092 is classified as HIGH risk because the predicted total cost is significantly above the baseline and the projected completion date exceeds the planned schedule.
165,619090,8L of Dwarka Expressway Pkg-II RuB near Dwarka Sector 21-DL/HR Border from 5.300 Km.to 9.500 Km. of NH-248BB,NHAI,Delhi,100.0,115.17940483732897,25.539626729603864,239.8194254445962,70,HIGH,"['Predicted cost overrun is high.', 'Predicted completion is significantly later than planned.']",Project 619090 is classified as HIGH risk because the predicted total cost is significantly above the baseline and the projected completion date exceeds the planned schedule.
166,618610,6L of Jodhpur Romana Bathinda - Mandi Dabwali Punjab Haryana Border section of NH-54 from km. 0.000 to km. 27.400 of NH-54,NHAI,Punjab,99.0,91.12079669563894,47.58165876897368,51.85772913816702,70,HIGH,"['Predicted cost overrun is high.', 'Predicted completion is significantly later than planned.']",Project 618610 is classified as HIGH risk because the predicted total cost is significantly above the baseline and the projected completion date exceeds the planned schedule.
167,618413,Construction of 2 laning with Hard shoulder of Peren-Dimapur section on NH 129A from Design Km 146.208 to Km 163.592 Length- 17.384 km in the state of Nagaland on EPC mode under NHO-TSP Package-III,NHIDCL,Nagaland,95.62,62.83962423356021,25.25561118298944,54.03556771545828,70,HIGH,"['Predicted cost overrun is high.', 'Predicted completion is significantly later than planned.']",Project 618413 is classified as HIGH risk because the predicted total cost is significantly above the baseline and the projected completion date exceeds the planned schedule.
168,618607,Kottankulangara- Start of Kollam Bypass,NHAI,Kerala,73.89,83.50046092029245,25.45905198195712,95.99562363238522,70,HIGH,"['Predicted cost overrun is high.', 'Predicted completion is significantly later than planned.']",Project 618607 is classified as HIGH risk because the predicted total cost is significantly above the baseline and the projected completion date exceeds the planned schedule.
169,705616,Jharsuguda - Bilaspur - 4th line 206 km,CAOC/SECR SECR mor,"Multi-States (Chhattisgarh, Odisha)",88.0,118.7373831775701,43.331200934579286,20.34438775510204,70,HIGH,"['Predicted cost overrun is high.', 'Predicted completion is significantly later than planned.', 'Expenditure is high compared with physical progress.', 'Multiple risk indicators are simultaneously high.']","Project 705616 is classified as HIGH risk because the predicted total cost is significantly above the baseline, the projected completion date exceeds the planned schedule, and expenditure is high relative to the physical progress achieved."
170,619218,4L Tumkur-Shimoga Pkg-I from Mallasandra to Karadi village of NH-206 from Km. 12.300 to Km. 65.195,NHAI,Karnataka,100.0,97.97748031726948,22.217536323251085,248.95896032831723,70,HIGH,"['Predicted cost overrun is high.', 'Predicted completion is significantly later than planned.']",Project 619218 is classified as HIGH risk because the predicted total cost is significantly above the baseline and the projected completion date exceeds the planned schedule.
171,619215,Cuttack-Angul Section of NH-42 New NH-55 from Km.60.200 to Km. 112.000 Pkg-II in the State of Odisha,NHAI,Odisha,99.66,109.3190506450409,21.43094178997608,240.27868852459008,70,HIGH,"['Predicted cost overrun is high.', 'Predicted completion is significantly later than planned.']",Project 619215 is classified as HIGH risk because the predicted total cost is significantly above the baseline and the projected completion date exceeds the planned schedule.
172,619213,6L of Hatibena - Badakumari Section from Km 146.50 to km 179.00 of NH-130-CD Package OD-2,NHAI,Odisha,99.99,92.72469886370818,25.683418228699363,121.24076607387104,70,HIGH,"['Predicted cost overrun is high.', 'Predicted completion is significantly later than planned.']",Project 619213 is classified as HIGH risk because the predicted total cost is significantly above the baseline and the projected completion date exceeds the planned schedule.
173,618937,4L of Nagpur-Katol Section from Km. 13.00 to Km. 62.900 of NH-353J,NHAI,Maharashtra,81.54,101.2391170220059,32.997343525056586,162.93150684931527,70,HIGH,"['Predicted cost overrun is high.', 'Predicted completion is significantly later than planned.']",Project 618937 is classified as HIGH risk because the predicted total cost is significantly above the baseline and the projected completion date exceeds the planned schedule.
174,618945,4L of Kodad Design Km 0.00/Existing Km 185.00 of NH-65 to Khammam Design Km 31.800/Existing Km 29.400 of NH-365A,NHAI,Telangana,99.98,75.84430502014497,28.61894236709979,96.59341950646314,70,HIGH,"['Predicted cost overrun is high.', 'Predicted completion is significantly later than planned.']",Project 618945 is classified as HIGH risk because the predicted total cost is significantly above the baseline and the projected completion date exceeds the planned schedule.
175,617947,Arawali Kante section of NH-17New NH-66 4L PS from Km.241/300 to 281/300,MoRTH,Maharashtra,80.06,0.016881994855956862,25.29211809451922,333.42465753424653,70,HIGH,"['Predicted cost overrun is high.', 'Predicted completion is significantly later than planned.']",Project 617947 is classified as HIGH risk because the predicted total cost is significantly above the baseline and the projected completion date exceeds the planned schedule.
176,607709,NORTH EASTERN REGION POWER SYSTEM IMPROVEMENT PROJECT [NERPSIP],Power Grid Corporation of India Limited [POWERGRID],"Multi-States (Assam, Manipur, Meghalaya, Mizoram, Nagaland, Tripura)",99.2,109.12521789827696,29.63412066918007,297.2238805970151,70,HIGH,"['Predicted cost overrun is high.', 'Predicted completion is significantly later than planned.']",Project 607709 is classified as HIGH risk because the predicted total cost is significantly above the baseline and the projected completion date exceeds the planned schedule.
177,618957,4 laning of Champa - Korba from km 0.00 to km 38.2,NHAI,Chhattisgarh,98.75,94.2484012251454,25.02016302016312,131.58219178082197,70,HIGH,"['Predicted cost overrun is high.', 'Predicted completion is significantly later than planned.']",Project 618957 is classified as HIGH risk because the predicted total cost is significantly above the baseline and the projected completion date exceeds the planned schedule.
178,619207,Start of Kollam Bypass - Kadambattukonam,NHAI,Kerala,81.8,75.36657113543352,21.26344283458965,91.74376417233564,70,HIGH,"['Predicted cost overrun is high.', 'Predicted completion is significantly later than planned.']",Project 619207 is classified as HIGH risk because the predicted total cost is significantly above the baseline and the projected completion date exceeds the planned schedule.
179,619206,6L of Perole Nileshwar town to Taliparamba from Km 94.248 to Km 134.650 of NH-66,NHAI,Kerala,86.65,83.06182499630134,24.12311409925517,139.2262773722631,70,HIGH,"['Predicted cost overrun is high.', 'Predicted completion is significantly later than planned.']",Project 619206 is classified as HIGH risk because the predicted total cost is significantly above the baseline and the projected completion date exceeds the planned schedule.
180,618700,Renigunta - Poyya - Naidupeta km 124.60 to km 183.4 of NH 71,NHAI,Andhra Pradesh,98.6,90.02195277737522,26.273067860382724,128.609589041096,70,HIGH,"['Predicted cost overrun is high.', 'Predicted completion is significantly later than planned.']",Project 618700 is classified as HIGH risk because the predicted total cost is significantly above the baseline and the projected completion date exceeds the planned schedule.
181,618464,Vadodara Mumbai Expressway Ena -Kim Phase IB - Pkg VI [Km 217.500 to Km 254.430],National Highways Authority of India [NHAI],Gujarat,98.9,113.31772204273149,26.03946546001952,126.47671232876678,70,HIGH,"['Predicted cost overrun is high.', 'Predicted completion is significantly later than planned.']",Project 618464 is classified as HIGH risk because the predicted total cost is significantly above the baseline and the projected completion date exceeds the planned schedule.
182,707020,Establishment of new GMC Jamui,"Medical Education, Ministry of Health and Family Welfare",Bihar,50.0,41.284,72.23980000000003,24.9087591240876,70,HIGH,"['Predicted cost overrun is high.', 'Predicted completion is significantly later than planned.']",Project 707020 is classified as HIGH risk because the predicted total cost is significantly above the baseline and the projected completion date exceeds the planned schedule.
183,707022,Establishment of new GMC Chaibasa [Singhbhum],"Medical Education, Ministry of Health and Family Welfare",Jharkhand,57.0,26.0,62.81999999999982,33.11475409836069,70,HIGH,"['Predicted cost overrun is high.', 'Predicted completion is significantly later than planned.']",Project 707022 is classified as HIGH risk because the predicted total cost is significantly above the baseline and the projected completion date exceeds the planned schedule.
184,618678,6L Greenfield Baunsaguar - Baraja Section of NH-130-CD Road from km 293000 to km 338500 Package OD-6,NHAI,Odisha,99.6,79.11250879036655,22.510576094943985,118.98714285714294,70,HIGH,"['Predicted cost overrun is high.', 'Predicted completion is significantly later than planned.']",Project 618678 is classified as HIGH risk because the predicted total cost is significantly above the baseline and the projected completion date exceeds the planned schedule.
185,705492,Kadur-Chickmagalur-Sakleshpur 93 km,CAOC/SWR SWR mor,Karnataka,83.0,95.84484848484848,21.48966060606049,54.03556771545828,70,HIGH,"['Predicted cost overrun is high.', 'Predicted completion is significantly later than planned.']",Project 705492 is classified as HIGH risk because the predicted total cost is significantly above the baseline and the projected completion date exceeds the planned schedule.
186,618005,Sheohar-Sitamarhi Section km 40.000 to 79.400 km Lot-I,MoRTH,Bihar,98.65,0.0,38.330612244897885,419.606849315069,70,HIGH,"['Predicted cost overrun is high.', 'Predicted completion is significantly later than planned.']",Project 618005 is classified as HIGH risk because the predicted total cost is significantly above the baseline and the projected completion date exceeds the planned schedule.
187,705510,Bhadrak-Nergundi - 3rd line 80 km,CAO/C/ECOR ECoR mor,Odisha,87.0,108.7056074766355,35.40920560747659,20.34864230640297,70,HIGH,"['Predicted cost overrun is high.', 'Predicted completion is significantly later than planned.', 'Expenditure is high compared with physical progress.', 'Multiple risk indicators are simultaneously high.']","Project 705510 is classified as HIGH risk because the predicted total cost is significantly above the baseline, the projected completion date exceeds the planned schedule, and expenditure is high relative to the physical progress achieved."
188,618699,Pipli Bhavnagar-Package 1 from km 136.025 to km 169.328,National Highways Authority of India [NHAI],Gujarat,100.0,23.036355201797008,27.448397099396992,180.59384941675503,70,HIGH,"['Predicted cost overrun is high.', 'Predicted completion is significantly later than planned.']",Project 618699 is classified as HIGH risk because the predicted total cost is significantly above the baseline and the projected completion date exceeds the planned schedule.
189,705512,Kottavalasa-Koraput 189.278 km,CAO/C/ECOR ECoR mor,"Multi-States (Andhra Pradesh, Odisha)",74.0,92.0016,38.6476679999999,94.40959573522876,70,HIGH,"['Predicted cost overrun is high.', 'Predicted completion is significantly later than planned.']",Project 705512 is classified as HIGH risk because the predicted total cost is significantly above the baseline and the projected completion date exceeds the planned schedule.
190,618698,Challakere to Hariyur section from km 358.500 to km 414.205 of NH-150 A,National Highways Authority of India [NHAI],Karnataka,99.5,72.25572152939564,46.29166952172116,166.5753424657535,70,HIGH,"['Predicted cost overrun is high.', 'Predicted completion is significantly later than planned.']",Project 618698 is classified as HIGH risk because the predicted total cost is significantly above the baseline and the projected completion date exceeds the planned schedule.
191,618896,4L of Sannur to Bikarnakatte section from Km 691.350 to Km 736.362 of NH-169 Karkala - Mangalore Package-III,NHAI,Karnataka,76.1,90.28209548401988,37.45568771142735,121.41176470588218,70,HIGH,"['Predicted cost overrun is high.', 'Predicted completion is significantly later than planned.']",Project 618896 is classified as HIGH risk because the predicted total cost is significantly above the baseline and the projected completion date exceeds the planned schedule.
192,618862,Bakhtiyarpur-Rajauli Pkg-III from km. 101.630 to km.152.520,NHAI,Bihar,99.14,84.35642003135118,30.23863520419969,87.58378970427175,70,HIGH,"['Predicted cost overrun is high.', 'Predicted completion is significantly later than planned.']",Project 618862 is classified as HIGH risk because the predicted total cost is significantly above the baseline and the projected completion date exceeds the planned schedule.
193,702635,Construction of Bangalore Metro Rail Project Phase 2.,Bengaluru Metro Rail,Karnataka,95.8,112.98925133515671,21.1525612058866,109.26361185983856,70,HIGH,"['Predicted cost overrun is high.', 'Predicted completion is significantly later than planned.']",Project 702635 is classified as HIGH risk because the predicted total cost is significantly above the baseline and the projected completion date exceeds the planned schedule.
194,618861,Bakhtiyarpur-Rajauli Pkg-II from km. 54.405 to km.101.630,NHAI,Bihar,97.85,101.87197058331941,45.221349378795566,133.93422655298423,70,HIGH,"['Predicted cost overrun is high.', 'Predicted completion is significantly later than planned.']",Project 618861 is classified as HIGH risk because the predicted total cost is significantly above the baseline and the projected completion date exceeds the planned schedule.
195,618893,Varanasi Gorakhpur Section Packege IV from km. 149.540 to km. 215.160 Mau- Gorakhpur,NHAI,Uttar Pradesh,97.35,116.46716981895283,20.156456989917952,274.5399780941947,70,HIGH,"['Predicted cost overrun is high.', 'Predicted completion is significantly later than planned.']",Project 618893 is classified as HIGH risk because the predicted total cost is significantly above the baseline and the projected completion date exceeds the planned schedule.
196,618482,Delhi-Amritsar-Katra Expressway Phase-I Pkg-I from Jussur Kheri on NH-KMP Expressway to Junction with Rohtak-Panipat road NH-709 near Rukhi Paani village Km 0000 to Km 34000,NHAI,Haryana,99.91,86.24316229928904,23.69775353738824,130.5205479452056,70,HIGH,"['Predicted cost overrun is high.', 'Predicted completion is significantly later than planned.']",Project 618482 is classified as HIGH risk because the predicted total cost is significantly above the baseline and the projected completion date exceeds the planned schedule.
197,618595,6L of Chengala - Neeleshwaram from km. 56.200 to km. 93.468,NHAI,Kerala,90.82,82.87955567007359,32.526771450657,112.85761226725111,70,HIGH,"['Predicted cost overrun is high.', 'Predicted completion is significantly later than planned.']",Project 618595 is classified as HIGH risk because the predicted total cost is significantly above the baseline and the projected completion date exceeds the planned schedule.
198,618747,Khammam-Devarapalle Pkg III [4L Access Controlled Greenfield from Chintagudem village to Recherla village Design Chainage 63117 to 105236],NHAI,"Multi-States (Andhra Pradesh, Telangana)",98.82,78.30620855937312,31.672067510548697,96.00547195622472,70,HIGH,"['Predicted cost overrun is high.', 'Predicted completion is significantly later than planned.']",Project 618747 is classified as HIGH risk because the predicted total cost is significantly above the baseline and the projected completion date exceeds the planned schedule.
199,702958,Lucknow Sewerage Management Infrastructure Project,Ministry of Housing & Urban Affairs,Uttar Pradesh,95.0,107.15288502035658,20.0650007019512,90.35928571428576,70,HIGH,"['Predicted cost overrun is high.', 'Predicted completion is significantly later than planned.']",Project 702958 is classified as HIGH risk because the predicted total cost is significantly above the baseline and the projected completion date exceeds the planned schedule.
200,618889,"4L of Bhangbar Near Ranital to Kangra Bypass Section of Old NH-88 New NH- 303,503 up to Intersection with NH-154 from Km 175.270 to Km 193.400 Pkg-VB",NHAI,Himachal Pradesh,97.45,83.3425299520012,22.98557768623151,86.68946648426797,70,HIGH,"['Predicted cost overrun is high.', 'Predicted completion is significantly later than planned.']",Project 618889 is classified as HIGH risk because the predicted total cost is significantly above the baseline and the projected completion date exceeds the planned schedule.
201,701412,North Koel Reservoir Project,"Department of Water Resources, River Development & GR","Multi-States (Bihar, Jharkhand)",47.0,21.32444044456225,28.561799207283723,3653.101694915256,70,HIGH,"['Predicted cost overrun is high.', 'Predicted completion is significantly later than planned.']",Project 701412 is classified as HIGH risk because the predicted total cost is significantly above the baseline and the projected completion date exceeds the planned schedule.
202,400321,NIGAHI EXPANSION [15 TO 25 MTP,NCL - CIL,Madhya Pradesh,53.73,56.96718468155959,23.985708339114773,64.66729917773557,70,HIGH,"['Predicted cost overrun is high.', 'Predicted completion is significantly later than planned.']",Project 400321 is classified as HIGH risk because the predicted total cost is significantly above the baseline and the projected completion date exceeds the planned schedule.
203,618596,6L of Taliparamba to Muzhappilangad from Km 134.650 to Km 170.6 of NH-66,NHAI,Kerala,83.7,74.42532969866646,27.11316952773899,125.79605263157924,70,HIGH,"['Predicted cost overrun is high.', 'Predicted completion is significantly later than planned.']",Project 618596 is classified as HIGH risk because the predicted total cost is significantly above the baseline and the projected completion date exceeds the planned schedule.
204,701400,Thoubal Multipurpose Project,Water Resources Department-MN,Manipur,99.0,127.50924494977372,33.603508941384206,30.625921004952428,70,HIGH,"['Predicted cost overrun is high.', 'Predicted completion is significantly later than planned.', 'Expenditure is high compared with physical progress.', 'Multiple risk indicators are simultaneously high.']","Project 701400 is classified as HIGH risk because the predicted total cost is significantly above the baseline, the projected completion date exceeds the planned schedule, and expenditure is high relative to the physical progress achieved."
205,618008,"Construction of four-lane elevated viaduct from km.4634 to km.6345 on NH-24A including Retaining wall, service lane, at grade road and improvement of junctions, on EPC mode",MoRTH,Uttar Pradesh,100.0,94.59722297260792,30.82867794046152,177.2313296903461,70,HIGH,"['Predicted cost overrun is high.', 'Predicted completion is significantly later than planned.']",Project 618008 is classified as HIGH risk because the predicted total cost is significantly above the baseline and the projected completion date exceeds the planned schedule.
206,618494,Delhi-Amritsar-Katra Expressway Phase-II Pkg-XV [Junction with Hiranagar Road near village Gurha Baildaran to Junction with Jammu Ring Road NH-244A near Jakh village from Km 468100 to Km 503250],NHAI,Jammu and Kashmir,90.01,68.0156172305199,26.02694708926497,103.74145006839932,70,HIGH,"['Predicted cost overrun is high.', 'Predicted completion is significantly later than planned.']",Project 618494 is classified as HIGH risk because the predicted total cost is significantly above the baseline and the projected completion date exceeds the planned schedule.
207,618426,Construction/Up gradation of Existing road to 2 Lane with Paved Shoulder including Geometric Improvement from Ranipool to Pakyong Balance work from Km 2.000 to 16.167 of NH-717-A on EPC basis under SARDP-NE Phase A in the State of Sikkim,NHIDCL,Sikkim,87.03,48.08186074611086,37.38993354478168,158.53199268738624,70,HIGH,"['Predicted cost overrun is high.', 'Predicted completion is significantly later than planned.']",Project 618426 is classified as HIGH risk because the predicted total cost is significantly above the baseline and the projected completion date exceeds the planned schedule.
208,618617,6L Amritsar-Bathinda Greenfield section from village Tiba on NE-5A to Jn. with Moga Jalandhar road NH-703 near Dharamkot from km 0.000 to km 39.000 of NH-754A Pkg-1,NHAI,Punjab,72.41,82.56031495550602,21.55942832972734,143.24487004103935,70,HIGH,"['Predicted cost overrun is high.', 'Predicted completion is significantly later than planned.']",Project 618617 is classified as HIGH risk because the predicted total cost is significantly above the baseline and the projected completion date exceeds the planned schedule.
209,607701,"Guwahati Refinery Expansion [1.0 to 1.2 MMTPA] along with installation of CRU, Guwahati Refinery",Ministry of Petroleum & Natural Gas,Assam,94.9,110.99684695609993,28.905263157894733,109.206115515289,70,HIGH,"['Predicted cost overrun is high.', 'Predicted completion is significantly later than planned.']",Project 607701 is classified as HIGH risk because the predicted total cost is significantly above the baseline and the projected completion date exceeds the planned schedule.
210,618621,Indore - Edlabad Pkg-II [Tejajinagar to Balwara],NHAI,Madhya Pradesh,87.3,70.90643274853802,23.07837117303079,87.46374829001388,70,HIGH,"['Predicted cost overrun is high.', 'Predicted completion is significantly later than planned.']",Project 618621 is classified as HIGH risk because the predicted total cost is significantly above the baseline and the projected completion date exceeds the planned schedule.
211,618422,"Construction of 2-lane with hard shoulders of Merangkong-Tamlu-Mon road Wakching Twon portion on EPC basis from existing Chainage Km 59000 to Km 73640 [Design Km. 59000 to Km, 72450] Design length - 13.450 Km under SARDP-NE package-V Balance work",NHIDCL,Nagaland,99.75,62.62289000185495,51.16168923514511,41.4500683994528,70,HIGH,"['Predicted cost overrun is high.', 'Predicted completion is significantly later than planned.']",Project 618422 is classified as HIGH risk because the predicted total cost is significantly above the baseline and the projected completion date exceeds the planned schedule.
212,400220,Kharsia-Dharamjaygarh with Spur line [East Corridor-Phase 1],Indian Railway Construction International Limited [IRCON],Chhattisgarh,95.15,91.33191489361703,21.37781342062186,178.6983568075111,70,HIGH,"['Predicted cost overrun is high.', 'Predicted completion is significantly later than planned.']",Project 400220 is classified as HIGH risk because the predicted total cost is significantly above the baseline and the projected completion date exceeds the planned schedule.
213,618839,Aunta - Simaria including Ganga Bridge,National Highways Authority of India [NHAI],Bihar,100.0,62.0716778543991,36.813008316341566,121.09374999999996,70,HIGH,"['Predicted cost overrun is high.', 'Predicted completion is significantly later than planned.']",Project 618839 is classified as HIGH risk because the predicted total cost is significantly above the baseline and the projected completion date exceeds the planned schedule.
214,618776,4L of Greenfield section from Sirhind to Mohali,NHAI,Punjab,98.66,112.43889629539852,24.84160303801561,67.9206566347467,70,HIGH,"['Predicted cost overrun is high.', 'Predicted completion is significantly later than planned.']",Project 618776 is classified as HIGH risk because the predicted total cost is significantly above the baseline and the projected completion date exceeds the planned schedule.
215,618803,Development of 4L Road from Samarlakota to Achampeta Junction as part of Kakinada Port Connectivity to NH-16 Rajanagaram Junction in East Godavari District,NHAI,Andhra Pradesh,93.0,105.33742236265353,29.26448585102928,64.83447332421355,70,HIGH,"['Predicted cost overrun is high.', 'Predicted completion is significantly later than planned.']",Project 618803 is classified as HIGH risk because the predicted total cost is significantly above the baseline and the projected completion date exceeds the planned schedule.
216,618563,4L of Madurai Ring Road Phase 1 [Vadipatti-Thamrapatti] from km 0.00 - km 29.960,NHAI,Tamil Nadu,99.42,100.39108938392312,31.742669851674865,219.70136986301333,70,HIGH,"['Predicted cost overrun is high.', 'Predicted completion is significantly later than planned.']",Project 618563 is classified as HIGH risk because the predicted total cost is significantly above the baseline and the projected completion date exceeds the planned schedule.
217,701168,ALL India Institute of Medical Sciences-AIIMS Madurai,PMSSY AND Institute of NATIONAL Importance,Tamil Nadu,54.0,42.79430379746835,34.41727848101262,117.55265123226246,70,HIGH,"['Predicted cost overrun is high.', 'Predicted completion is significantly later than planned.']",Project 701168 is classified as HIGH risk because the predicted total cost is significantly above the baseline and the projected completion date exceeds the planned schedule.
218,618746,Khammam-Devarapalle Pkg I [4L Access Controlled Greenfield from Thallampadu village to Somavaram village Design Chainage 0000 to 33604],NHAI,Telangana,97.26,85.86084077455604,44.084704524932135,93.2640218878247,70,HIGH,"['Predicted cost overrun is high.', 'Predicted completion is significantly later than planned.']",Project 618746 is classified as HIGH risk because the predicted total cost is significantly above the baseline and the projected completion date exceeds the planned schedule.
219,618486,Delhi-Amritsar-Katra Expressway Phase-I Pkg-V from Junction with Ambala-Kaithal- Hissar road NH-152 near Kharak Pandwa village to Junction with Patiala-Samana- Patran road SH-10 near Ghagga village Km 120250 to Km 157920,NHAI,"Multi-States (Haryana, Punjab)",98.7,86.5856038946873,28.65216492714674,112.87277701778385,70,HIGH,"['Predicted cost overrun is high.', 'Predicted completion is significantly later than planned.']",Project 618486 is classified as HIGH risk because the predicted total cost is significantly above the baseline and the projected completion date exceeds the planned schedule.
220,618863,Barhi-Koderma Section of NH31 km 0.00 - km 27.5,NHAI,Jharkhand,98.5,124.56977235674174,30.08094317975943,41.78847262247855,70,HIGH,"['Predicted cost overrun is high.', 'Predicted completion is significantly later than planned.', 'Expenditure is high compared with physical progress.', 'Multiple risk indicators are simultaneously high.']","Project 618863 is classified as HIGH risk because the predicted total cost is significantly above the baseline, the projected completion date exceeds the planned schedule, and expenditure is high relative to the physical progress achieved."
221,618123,Widening and Strengthening/Reconstruction to Two Lane with Paved Shoulder/ Two Lane with paved shoulders with service road from km 0000 to km 42250 excluding design Ch. 03220 to 04200 & 28350 to 29060 of NH-320G in the state of Jharkhand under EPC mode,MoRTH,Jharkhand,0.01,1.290231107330214,125.61874379696522,41.58686730506157,70,HIGH,"['Predicted cost overrun is high.', 'Predicted completion is significantly later than planned.']",Project 618123 is classified as HIGH risk because the predicted total cost is significantly above the baseline and the projected completion date exceeds the planned schedule.
222,618518,Davanagere - Haveri of NH-48 Old NH-4 from km. 260.00 to km. 338.923,NHAI,Karnataka,98.87,87.54562890552496,21.643472402675386,252.9868421052631,70,HIGH,"['Predicted cost overrun is high.', 'Predicted completion is significantly later than planned.']",Project 618518 is classified as HIGH risk because the predicted total cost is significantly above the baseline and the projected completion date exceeds the planned schedule.
223,701766,Green Building Development Project,ministry of housing and urban affairs,Uttarakhand,40.3,39.41842750215274,22.87414718155928,66.5003219575017,70,HIGH,"['Predicted cost overrun is high.', 'Predicted completion is significantly later than planned.']",Project 701766 is classified as HIGH risk because the predicted total cost is significantly above the baseline and the projected completion date exceeds the planned schedule.
224,618449,Construction & Upgradation of existing road to 2-lane with paved shoulder from km27.200 End of Rongli bypass to km37.600New Rolep Bridge of Rhenok-Menla spur NH-717B on EPC Mode under SARDP-NE Phase-A in Sikkim Pkg-II B,NHIDCL,Sikkim,86.19,108.35756129312215,9.717248860924236,141.99999999999997,65,HIGH,"['Predicted completion is significantly later than planned.', 'Expenditure is high compared with physical progress.']",Project 618449 is classified as HIGH risk because the projected completion date exceeds the planned schedule and expenditure is high relative to the physical progress achieved.
225,618450,Rehabilitation & Upgradation of existing road to 2-lane with paved shoulder including geometric improvement of section from start of Rabangla km33.600 to km58.840 under SARDP-NE Phase A Pkg- IV,NHIDCL,Sikkim,65.15,86.62226775956283,5.163046448087287,291.8734835355283,65,HIGH,"['Predicted completion is significantly later than planned.', 'Expenditure is high compared with physical progress.']",Project 618450 is classified as HIGH risk because the projected completion date exceeds the planned schedule and expenditure is high relative to the physical progress achieved.
226,705507,Itarsi-Nagpur bal. 280 km,CAOC/CR CR mor,"Multi-States (Madhya Pradesh, Maharashtra)",55.0,93.47771958969922,57.286022751856045,6.081774452164557,65,HIGH,"['Predicted cost overrun is high.', 'Expenditure is high compared with physical progress.']",Project 705507 is classified as HIGH risk because the predicted total cost is significantly above the baseline and expenditure is high relative to the physical progress achieved.
227,619142,Construction of 4-lane connectivity to Banbasa ICP at India Nepal border from NH-09 old NH-125 Sitarganj-Tanakpur at Km 40.00 near Jagbuda bridge under Bharatmala Priyojana of NH-109D on EPC mode in the State of Uttarakhand,NHAI,Uttarakhand,75.24,98.59427570631884,17.16158915979164,171.40727272727227,65,HIGH,"['Predicted completion is significantly later than planned.', 'Expenditure is high compared with physical progress.']",Project 619142 is classified as HIGH risk because the projected completion date exceeds the planned schedule and expenditure is high relative to the physical progress achieved.
228,709783,"Installation of Multiple Effect Evaporator [MEE] for ETP-1, 2 & 4 of Panipat Refinery and Petrochemical Complex.",Indian Oil Corporation Limited [IOCL],Haryana,92.5,117.10773330103554,17.107733301035548,132.63815789473682,65,HIGH,"['Predicted completion is significantly later than planned.', 'Expenditure is high compared with physical progress.']",Project 709783 is classified as HIGH risk because the projected completion date exceeds the planned schedule and expenditure is high relative to the physical progress achieved.
229,705364,Khagaria-Kusheshwar Asthan [42Km] new line project,East Central Railway [ECR] - I,Bihar,55.7,80.0586319218241,70.56449511400675,8.653680109508365,65,HIGH,"['Predicted cost overrun is high.', 'Expenditure is high compared with physical progress.']",Project 705364 is classified as HIGH risk because the predicted total cost is significantly above the baseline and expenditure is high relative to the physical progress achieved.
230,400006,Jharsuguda-Barpali-Sardega Ph II Works- Rail Connectivity for Coal Loading Bulb at Barpali.,South Eastern Railway [SER] - I,Odisha,44.0,91.89977626423071,10.551514851852389,33.600273785078656,65,HIGH,"['Predicted completion is significantly later than planned.', 'Expenditure is high compared with physical progress.']",Project 400006 is classified as HIGH risk because the projected completion date exceeds the planned schedule and expenditure is high relative to the physical progress achieved.
231,618488,Delhi-Amritsar-Katra Expressway Phase-I Pkg-VIII from Junction with Ludhiana- Malerkotla SH-11 near Bhogiwal village to Junction with Ludhiana-Moga road NH-5 near Mullanpur Dakha Km 225770 to km 260860,NHAI,Punjab,31.08,67.23021089389896,10.911232552987297,100.70861833105327,65,HIGH,"['Predicted completion is significantly later than planned.', 'Expenditure is high compared with physical progress.']",Project 618488 is classified as HIGH risk because the projected completion date exceeds the planned schedule and expenditure is high relative to the physical progress achieved.
232,705490,Gadag - Wadi 252 km,CAOC/SWR SWR mor,Karnataka,35.0,79.24137931034483,29.86468684025329,5.891969134038216,65,HIGH,"['Predicted cost overrun is high.', 'Expenditure is high compared with physical progress.']",Project 705490 is classified as HIGH risk because the predicted total cost is significantly above the baseline and expenditure is high relative to the physical progress achieved.
233,617374,"Dallirajhara - Rowghat New Rail Line Project, Phase-I",Rail Vikas Nigam Limited,Chhattisgarh,98.0,142.09040851989846,42.09040851989844,8.162171816395826,65,HIGH,"['Predicted cost overrun is high.', 'Expenditure is high compared with physical progress.']",Project 617374 is classified as HIGH risk because the predicted total cost is significantly above the baseline and expenditure is high relative to the physical progress achieved.
234,618304,"Widening/Improvement to 2 Lane with earthen shoulder of Jessami to Laynen bridge Nagaland border section of NH-29 of Imphal -Ukhrul - Jessami Economic Corridor from km 0.000 to km 11.009 in the State of Manipur on EPC mode under Bharatmala Pariyojana, under NHO-NE Package-7",NHIDCL,Manipur,28.12,78.18545697131421,7.199890836315006,41.44789762340031,65,HIGH,"['Predicted completion is significantly later than planned.', 'Expenditure is high compared with physical progress.']",Project 618304 is classified as HIGH risk because the projected completion date exceeds the planned schedule and expenditure is high relative to the physical progress achieved.
235,705633,Guntur-Guntakal Doubling Project,South Central Railway [SCR] - II,Andhra Pradesh,94.05,148.7449772301098,48.74497723010982,10.977981029810351,65,HIGH,"['Predicted cost overrun is high.', 'Expenditure is high compared with physical progress.']",Project 705633 is classified as HIGH risk because the predicted total cost is significantly above the baseline and expenditure is high relative to the physical progress achieved.
236,705583,Anand Vihar-Tilak Bridge - 3rd & 4th line 9.77 km,CAOC/NR NR mor,Delhi,23.0,59.02248875562219,5.600989505247329,53.621621621621465,65,HIGH,"['Predicted completion is significantly later than planned.', 'Expenditure is high compared with physical progress.']",Project 705583 is classified as HIGH risk because the projected completion date exceeds the planned schedule and expenditure is high relative to the physical progress achieved.
237,619185,Rehabilitation and up-gradation and completion of balance work of section from Km 155.00 to Km 181.00 End of Jarwa to Rangat of NH -4 Total length 26 Km to Intermediate Lane/2-lane with hard shoulders in the UT of A&N Islands on EPC basis - Package-III.B Balance work,NHIDCL,Andaman & Nicobar,50.15,89.14251470908694,5.540858574852932,96.60038610038626,65,HIGH,"['Predicted completion is significantly later than planned.', 'Expenditure is high compared with physical progress.']",Project 619185 is classified as HIGH risk because the projected completion date exceeds the planned schedule and expenditure is high relative to the physical progress achieved.
238,706757,Modasa-Shamlaji Road Railway Line Project,Western Railway WR - II,Gujarat,64.0,148.0229007633588,48.02290076335878,7.3972159274846305,65,HIGH,"['Predicted cost overrun is high.', 'Expenditure is high compared with physical progress.']",Project 706757 is classified as HIGH risk because the predicted total cost is significantly above the baseline and expenditure is high relative to the physical progress achieved.
239,705391,Jiribam-Imphal 110 km,CAO/C-III/NFR NFR mor,Manipur,78.0,118.21196676673881,47.548549884800686,9.322795598946133,65,HIGH,"['Predicted cost overrun is high.', 'Expenditure is high compared with physical progress.']",Project 705391 is classified as HIGH risk because the predicted total cost is significantly above the baseline and expenditure is high relative to the physical progress achieved.
240,709849,PRP-VIII Group B [NH & BS Asset],Oil and Natural Gas Corporation Limited [ONGC],Offshore,98.7,117.94338215085006,37.36646511445274,46.12131147540996,60,HIGH,"['Predicted cost overrun is high.', 'Predicted completion is significantly later than planned.']",Project 709849 is classified as HIGH risk because the predicted total cost is significantly above the baseline and the projected completion date exceeds the planned schedule.
241,707087,Establishment of new GMC Pithoragarh,"Medical Education, Ministry of Health and Family Welfare",Uttarakhand,78.0,144.64,114.60224615384608,0.0,60,HIGH,"['Predicted cost overrun is high.', 'Expenditure is high compared with physical progress.']",Project 707087 is classified as HIGH risk because the predicted total cost is significantly above the baseline and expenditure is high relative to the physical progress achieved.
242,707067,Establishment of new GMC Mon,"Medical Education, Ministry of Health and Family Welfare",Nagaland,0.0,47.69230769230769,2.207907692307712,151680.55190538763,60,HIGH,"['Predicted completion is significantly later than planned.', 'Expenditure is high compared with physical progress.']",Project 707067 is classified as HIGH risk because the projected completion date exceeds the planned schedule and expenditure is high relative to the physical progress achieved.
243,707052,Establishment of new GMC Handwara [Distt. Kupwara],"Medical Education, Ministry of Health and Family Welfare",Jammu and Kashmir,0.0,53.230769230769226,2.9097846153846465,151680.55190538763,60,HIGH,"['Predicted completion is significantly later than planned.', 'Expenditure is high compared with physical progress.']",Project 707052 is classified as HIGH risk because the projected completion date exceeds the planned schedule and expenditure is high relative to the physical progress achieved.
244,705785,Lodhma-Piska - Link line bypassing Hatia / Ranchi with Y connection 17.2 km,CAO/C/SER SER mor,Jharkhand,14.0,72.83298097251586,3.338794926004244,132.4528301886796,60,HIGH,"['Predicted completion is significantly later than planned.', 'Expenditure is high compared with physical progress.']",Project 705785 is classified as HIGH risk because the projected completion date exceeds the planned schedule and expenditure is high relative to the physical progress achieved.
245,617252,Anand Nagar - Ghughuli via Maharajganj 53.37 km,CAOC/NER NER mor,Uttar Pradesh,12.0,92.71917100608388,74.06941676145556,0.0,60,HIGH,"['Predicted cost overrun is high.', 'Expenditure is high compared with physical progress.']",Project 617252 is classified as HIGH risk because the predicted total cost is significantly above the baseline and expenditure is high relative to the physical progress achieved.
246,611586,Sunni Dam Hydro Electric Project [382 MW],Satluj Jal Vidyut Nigam [SJVN] Thermal Limited,Himachal Pradesh,34.66,44.069825703477896,49.86845336219771,29.528429838288844,60,HIGH,"['Predicted cost overrun is high.', 'Predicted completion is significantly later than planned.']",Project 611586 is classified as HIGH risk because the predicted total cost is significantly above the baseline and the projected completion date exceeds the planned schedule.
247,705454,Chhota Udepur-Dhar 157 km,CAOCWR WR mor,"Multi-States (Gujarat, Madhya Pradesh)",58.0,103.40078037904125,53.74857859531767,3.348602116569277,60,HIGH,"['Predicted cost overrun is high.', 'Expenditure is high compared with physical progress.']",Project 705454 is classified as HIGH risk because the predicted total cost is significantly above the baseline and expenditure is high relative to the physical progress achieved.
248,707019,Establishment of new GMC Buxar,"Medical Education, Ministry of Health and Family Welfare",Bihar,0.0,60.0,4.8356,151680.55190538763,60,HIGH,"['Predicted completion is significantly later than planned.', 'Expenditure is high compared with physical progress.']",Project 707019 is classified as HIGH risk because the projected completion date exceeds the planned schedule and expenditure is high relative to the physical progress achieved.
249,707018,Establishment of new GMC Siwan,"Medical Education, Ministry of Health and Family Welfare",Bihar,0.0,60.0,4.8356,151680.55190538763,60,HIGH,"['Predicted completion is significantly later than planned.', 'Expenditure is high compared with physical progress.']",Project 707018 is classified as HIGH risk because the projected completion date exceeds the planned schedule and expenditure is high relative to the physical progress achieved.
250,705453,"Dahod-Indore via Sardarpur, Jhabua & Dhar 200.97 km incl. material modification for change in alignment via Amjhera 4.82 km",CAOCWR WR mor,"Multi-States (Gujarat, Madhya Pradesh)",57.0,988.7298002499616,1452.8800184182228,1.8517179023507375,60,HIGH,"['Predicted cost overrun is high.', 'Expenditure is high compared with physical progress.']",Project 705453 is classified as HIGH risk because the predicted total cost is significantly above the baseline and expenditure is high relative to the physical progress achieved.
251,705498,Kalyan-Kasara - 3rd line 67.62 km,CAOC/CR CR mor,Maharashtra,73.0,146.27754165142704,82.15391794574278,0.3161353127283044,60,HIGH,"['Predicted cost overrun is high.', 'Expenditure is high compared with physical progress.']",Project 705498 is classified as HIGH risk because the predicted total cost is significantly above the baseline and expenditure is high relative to the physical progress achieved.
252,705515,Budhapank-Salegaon via Rajatgarh - 3rd & 4th line 85 85 km,CAO/C/ECOR ECoR mor,Odisha,86.0,188.72293265132137,132.9715089514064,3.3692350179508432,60,HIGH,"['Predicted cost overrun is high.', 'Expenditure is high compared with physical progress.']",Project 705515 is classified as HIGH risk because the predicted total cost is significantly above the baseline and expenditure is high relative to the physical progress achieved.
253,618325,Dillai to Lahorijan Package-7,NHIDCL,Assam,0.0,69.6766291033807,0.1048995590396734,127.9707495429616,60,HIGH,"['Predicted completion is significantly later than planned.', 'Expenditure is high compared with physical progress.']",Project 618325 is classified as HIGH risk because the projected completion date exceeds the planned schedule and expenditure is high relative to the physical progress achieved.
254,618921,4L of Kathlighat to Shakral Village from Km 128.835 to Km 146.300 of NH- 5 Shimla Bypass - Pkg I,NHAI,Himachal Pradesh,64.2,69.423180782868,41.9339411087889,39.6067518248177,60,HIGH,"['Predicted cost overrun is high.', 'Predicted completion is significantly later than planned.']",Project 618921 is classified as HIGH risk because the predicted total cost is significantly above the baseline and the projected completion date exceeds the planned schedule.
255,618941,4L of Bamni - Rajura - Warur - Devada upto M.S. Border of NH - 930D from km 19.000 to km 51.985,NHAI,"Multi-States (Maharashtra, Telangana)",78.16,85.42533960022726,21.535406229017056,40.21643835616438,60,HIGH,"['Predicted cost overrun is high.', 'Predicted completion is significantly later than planned.']",Project 618941 is classified as HIGH risk because the predicted total cost is significantly above the baseline and the projected completion date exceeds the planned schedule.
256,705632,Vijayawada19.50 km & Kazipet10.65 km -Byepass line,CAO/C/SCoR SCoR mor,"Multi-States (Andhra Pradesh, Telangana)",90.0,109.06646058732612,31.001437403400345,37.37166324435318,60,HIGH,"['Predicted cost overrun is high.', 'Predicted completion is significantly later than planned.']",Project 705632 is classified as HIGH risk because the predicted total cost is significantly above the baseline and the projected completion date exceeds the planned schedule.
257,618618,6L Amritsar-Bathinda Greenfield section from Jn. with Bhagta Bhai Ka-Bhadaur Road near Dyalpura Bhai Ka to Jn. with Mandi Dabwali Bathinda Road on NH-54 near Sangat Kalan from km 93.000 to km 154.866 of NH-754A Pkg-3,NHAI,Punjab,74.0,71.07142329129644,20.79199377085225,44.052054794520735,60,HIGH,"['Predicted cost overrun is high.', 'Predicted completion is significantly later than planned.']",Project 618618 is classified as HIGH risk because the predicted total cost is significantly above the baseline and the projected completion date exceeds the planned schedule.
258,701349,Paradip-Numaligarh Crude Oil Pipeline [PNCPL] & Crude Oil Import Terminal [COIT] at Paradip,Numaligarh Refinery Limited,West Bengal,93.2,109.19524833789598,28.85787935080173,40.23406374501999,60,HIGH,"['Predicted cost overrun is high.', 'Predicted completion is significantly later than planned.']",Project 701349 is classified as HIGH risk because the predicted total cost is significantly above the baseline and the projected completion date exceeds the planned schedule.
259,618922,4L of Shakral Village to Dhalli Section from Km 146.300 to Km 156.560 Shimla Bypass - Pkg II and Shimla connectivity from Km 0.000 to Km 0.725 of NH-5,NHAI,Himachal Pradesh,59.88,76.97647551961396,38.1031253514359,22.29223744292224,60,HIGH,"['Predicted cost overrun is high.', 'Predicted completion is significantly later than planned.']",Project 618922 is classified as HIGH risk because the predicted total cost is significantly above the baseline and the projected completion date exceeds the planned schedule.
260,707039,Establishment of new GMC Gangtok,"Medical Education, Ministry of Health and Family Welfare",Sikkim,92.0,266.884,166.884,0.0,60,HIGH,"['Predicted cost overrun is high.', 'Expenditure is high compared with physical progress.']",Project 707039 is classified as HIGH risk because the predicted total cost is significantly above the baseline and expenditure is high relative to the physical progress achieved.
261,705419,Gwalior-Sheorpurkalan with extension to Kota 284 km,CAO/C/NCR NCR mor,Madhya Pradesh,91.0,105.34672159285961,23.975214555441163,22.18368962787009,60,HIGH,"['Predicted cost overrun is high.', 'Predicted completion is significantly later than planned.']",Project 705419 is classified as HIGH risk because the predicted total cost is significantly above the baseline and the projected completion date exceeds the planned schedule.
262,616615,"Sewer Network, SPS and STP at Begusarai",National Mission for Clean Ganga,Bihar,97.0,113.80509432322003,20.95979309745279,23.35085007727968,60,HIGH,"['Predicted cost overrun is high.', 'Predicted completion is significantly later than planned.']",Project 616615 is classified as HIGH risk because the predicted total cost is significantly above the baseline and the projected completion date exceeds the planned schedule.
263,705410,Nangal Dam-Talwara 83.74 km - New broad gauge line & taking over siding Mukerian- Talwara 29.16 km,CAOC/NR NR mor,"Multi-States (Himachal Pradesh, Punjab)",84.0,145.40485629335976,91.08476709613495,1.3602823227462195,60,HIGH,"['Predicted cost overrun is high.', 'Expenditure is high compared with physical progress.']",Project 705410 is classified as HIGH risk because the predicted total cost is significantly above the baseline and expenditure is high relative to the physical progress achieved.
264,701405,J. Chokka Rao Devadula Lift Irrigation Scheme,Irrigation and CAD-TG,Telangana,87.7,59.032571570022604,47.258425185136446,48.157051282051285,60,HIGH,"['Predicted cost overrun is high.', 'Predicted completion is significantly later than planned.']",Project 701405 is classified as HIGH risk because the predicted total cost is significantly above the baseline and the projected completion date exceeds the planned schedule.
265,400299,Pottangi Bauxite Mines Project,National Aluminium Company Limited [NALCO],Odisha,52.4,55.78349022447502,28.241897175959373,25.69110576923076,60,HIGH,"['Predicted cost overrun is high.', 'Predicted completion is significantly later than planned.']",Project 400299 is classified as HIGH risk because the predicted total cost is significantly above the baseline and the projected completion date exceeds the planned schedule.
266,400298,Nadikude-Srikalahasti 308.7 km,CAO/C/SCoR SCoR mor,Andhra Pradesh,2.0,109.67474048442907,142.74320934256096,3.716019575856302,60,HIGH,"['Predicted cost overrun is high.', 'Expenditure is high compared with physical progress.']",Project 400298 is classified as HIGH risk because the predicted total cost is significantly above the baseline and expenditure is high relative to the physical progress achieved.
267,705481,Ramganj Mandi-Bhopal 262 km,CPM/Kota WCR mor,"Multi-States (Madhya Pradesh, Rajasthan)",86.0,148.36774406332452,63.06084102902391,2.3852385238524056,60,HIGH,"['Predicted cost overrun is high.', 'Expenditure is high compared with physical progress.']",Project 705481 is classified as HIGH risk because the predicted total cost is significantly above the baseline and expenditure is high relative to the physical progress achieved.
268,618110,Improvement and upgradation to two lane with Paved Shoulder configuration from existing km 55.00 to km 90.00 Design length 34.76 of NH-227A near Chhapia Village to near Sikriganj in the State of UP on EPC Mode.,MoRTH,Uttar Pradesh,0.0,40.98857087037218,0.8938491094395892,133.45521023765997,60,HIGH,"['Predicted completion is significantly later than planned.', 'Expenditure is high compared with physical progress.']",Project 618110 is classified as HIGH risk because the projected completion date exceeds the planned schedule and expenditure is high relative to the physical progress achieved.
269,707017,Establishment of new GMC Jhanjharpur,"Medical Education, Ministry of Health and Family Welfare",Bihar,0.0,60.0,4.8356,151680.55190538763,60,HIGH,"['Predicted completion is significantly later than planned.', 'Expenditure is high compared with physical progress.']",Project 707017 is classified as HIGH risk because the projected completion date exceeds the planned schedule and expenditure is high relative to the physical progress achieved.
270,706989,Establishment of new GMC West Garo Hills [Tura],"Medical Education, Ministry of Health and Family Welfare",Meghalaya,0.0,90.0,0.4380952380952397,151680.55190538763,60,HIGH,"['Predicted completion is significantly later than planned.', 'Expenditure is high compared with physical progress.']",Project 706989 is classified as HIGH risk because the projected completion date exceeds the planned schedule and expenditure is high relative to the physical progress achieved.
271,707016,Establishment of new GMC Sitamarhi,"Medical Education, Ministry of Health and Family Welfare",Bihar,0.0,60.0,4.8356,151680.55190538763,60,HIGH,"['Predicted completion is significantly later than planned.', 'Expenditure is high compared with physical progress.']",Project 707016 is classified as HIGH risk because the projected completion date exceeds the planned schedule and expenditure is high relative to the physical progress achieved.
272,705357,Baramati - Lonand 54 km,CAOC/CR CR mor,Maharashtra,60.0,817.6270941652225,915.2599653379554,2.561417971970276,60,HIGH,"['Predicted cost overrun is high.', 'Expenditure is high compared with physical progress.']",Project 705357 is classified as HIGH risk because the predicted total cost is significantly above the baseline and expenditure is high relative to the physical progress achieved.
273,705356,Ahmednagar - Beed - Parli - Vaijnath New Broad Gauge Line Railway Project [261.3 km],CAOC/CR CR mor,Maharashtra,93.0,199.10780054122824,106.02792407047784,0.0,60,HIGH,"['Predicted cost overrun is high.', 'Expenditure is high compared with physical progress.']",Project 705356 is classified as HIGH risk because the predicted total cost is significantly above the baseline and expenditure is high relative to the physical progress achieved.
274,618814,4L Access Controlled Greenfield Highway section on NH163G Warangal-Khammam from Oorugonda village in Hanamkonda District at Design Ch. 112.240 Km to Venkatpur village in Warangal District at Design Ch. 150.240 KmPackage-I,NHAI,Telangana,0.5,14.019779450376335,31.88359005776301,37.70639269406394,60,HIGH,"['Predicted cost overrun is high.', 'Predicted completion is significantly later than planned.']",Project 618814 is classified as HIGH risk because the predicted total cost is significantly above the baseline and the projected completion date exceeds the planned schedule.
275,618571,Permanent rectification of 3 nos. of black spots in project Highway NH-27 of U.P border - Dewapur - Kotwa section from Km.360.915 to km.440.000 Total Length of 79.085 Km of NH-27& Permanent rectification of 5 nos. of black spots of project Highway NH-27 of Kotwa - Mehsi - Muzaffarpur Section from km.440.000 to km.520.000 Total length 80.00Km,NHAI,Bihar,83.01,102.83828382838283,33.10376237623747,46.03556771545836,60,HIGH,"['Predicted cost overrun is high.', 'Predicted completion is significantly later than planned.']",Project 618571 is classified as HIGH risk because the predicted total cost is significantly above the baseline and the projected completion date exceeds the planned schedule.
276,400120,KG-DWN-98/2 Cluster - II Development Project - NELP Block,Oil and Natural Gas Corporation Limited [ONGC],Andhra Pradesh,96.9,97.58908620486886,8.172337116311903,143.01352221506767,55,HIGH,['Predicted completion is significantly later than planned.'],Project 400120 is classified as HIGH risk because the projected completion date exceeds the planned schedule.
277,400119,Life Extension of 48 well platforms of Mumbai High & Heera Fields,Oil and Natural Gas Corporation Limited [ONGC],Offshore,90.0,97.88478354211783,8.413468560092094,364.2946009389676,55,HIGH,['Predicted completion is significantly later than planned.'],Project 400119 is classified as HIGH risk because the projected completion date exceeds the planned schedule.
278,618581,Hosur to Dhamrapuri Pkg-1 [Neraluru - Thorapalli Agraharam],NHAI,"Multi-States (Karnataka, Tamil Nadu)",78.7,80.078308706922,6.116150623954272,108.34746922024615,55,HIGH,['Predicted completion is significantly later than planned.'],Project 618581 is classified as HIGH risk because the projected completion date exceeds the planned schedule.
279,618579,6L of Anandapuram Pendurthi Anakapalli Section from km. 681.000 to km. 731.780 of NH-16,NHAI,Andhra Pradesh,100.0,94.02888800949744,15.41507716660072,202.47258771929805,55,HIGH,['Predicted completion is significantly later than planned.'],Project 618579 is classified as HIGH risk because the projected completion date exceeds the planned schedule.
280,619132,4/6L of Gurgaon - Pataudi - Rewari from km. 0.00 to km.43.87 of NH-352W,NHAI,Haryana,77.76,70.02883914167643,9.94902322600606,150.4369863013696,55,HIGH,['Predicted completion is significantly later than planned.'],Project 619132 is classified as HIGH risk because the projected completion date exceeds the planned schedule.
281,619129,Mahabalipuram - Pondicherry Pkg-I [Mamallapuram to Mugaiyur],NHAI,Tamil Nadu,58.65,66.50594616843313,10.737560086436334,144.05198358413108,55,HIGH,['Predicted completion is significantly later than planned.'],Project 619129 is classified as HIGH risk because the projected completion date exceeds the planned schedule.
282,400012,Kandla Gorakhpur LPG Pipeline,Indian Oil Corporation Limited [IOCL],Uttar Pradesh,96.0,84.30025773195875,10.94259813639967,158.00821167883177,55,HIGH,['Predicted completion is significantly later than planned.'],Project 400012 is classified as HIGH risk because the projected completion date exceeds the planned schedule.
283,707229,"Integrated Command control Center [ICCC] - Construction and Development of Integrated Command Control Center with Security, Surveillance, ITMS, Connecting Port, Ship Service, Smart Solid Waste Management, Smart Public Transport System",ministry of housing and urban affairs,Andaman & Nicobar,97.0,17.7958833619211,6.585334476843942,211.9047619047619,55,HIGH,['Predicted completion is significantly later than planned.'],Project 707229 is classified as HIGH risk because the projected completion date exceeds the planned schedule.
284,619118,Four Laning of Angul to Sambalpur from Km.112.000 to Km.265.000,NHAI,Odisha,99.98,98.20202068492931,8.127758920176616,286.7202718006799,55,HIGH,['Predicted completion is significantly later than planned.'],Project 619118 is classified as HIGH risk because the projected completion date exceeds the planned schedule.
285,619117,Hassan km 184.912 to Maranahally km 230.060 of NH - 75 in Karnataka,NHAI,Karnataka,97.8,104.63404367786838,12.351596072711487,373.579452054795,55,HIGH,['Predicted completion is significantly later than planned.'],Project 619117 is classified as HIGH risk because the projected completion date exceeds the planned schedule.
286,619109,6L of Badakumari - Karki Section from Km 179.000 to km 226.500 of NH-130-CD Package OD-3,NHAI,Odisha,99.7,64.75638977635784,14.691348388033482,116.73324213406327,55,HIGH,['Predicted completion is significantly later than planned.'],Project 619109 is classified as HIGH risk because the projected completion date exceeds the planned schedule.
287,619153,4L of HP/Punjab Border - Mo from km. 11.00 to km. 42.00 of Old NH-20 New NH-154 Package-IA,NHAI,Himachal Pradesh,68.65,81.79940325912325,16.3529552643922,129.44049247606017,55,HIGH,['Predicted completion is significantly later than planned.'],Project 619153 is classified as HIGH risk because the projected completion date exceeds the planned schedule.
288,619152,Bakhtiyarpur Km 153.300 to Mokama Km 197.900,NHAI,Bihar,99.95,94.75416570116492,17.380274272713926,263.3077765607886,55,HIGH,['Predicted completion is significantly later than planned.'],Project 619152 is classified as HIGH risk because the projected completion date exceeds the planned schedule.
289,619149,4L of Ratnagiri - Kolhapur section of NH-166 from km 0.000 to km 19.769 and km 31.000 to km 67.140 Pkg I,NHAI,Maharashtra,97.4,81.43830713122101,15.982700405291858,87.24076607387164,55,HIGH,['Predicted completion is significantly later than planned.'],Project 619149 is classified as HIGH risk because the projected completion date exceeds the planned schedule.
290,617370,Doubling between Jaunpur Jn - Zaffarabad 6.28 km PB73/2023-24/NR,CAOC/NR NR mor,Uttar Pradesh,22.0,43.43518211004096,20.362614856636757,6.356250000000148,55,HIGH,"['Predicted cost overrun is high.', 'Expenditure is high compared with physical progress.']",Project 617370 is classified as HIGH risk because the predicted total cost is significantly above the baseline and expenditure is high relative to the physical progress achieved.
291,619103,4/6 Laning of Raipur-Simga Pkg-I from km. 0.00 to km. 48.58,NHAI,Chhattisgarh,100.0,82.56301754641959,11.08058220552297,414.8109589041096,55,HIGH,['Predicted completion is significantly later than planned.'],Project 619103 is classified as HIGH risk because the projected completion date exceeds the planned schedule.
292,619100,Dhangaon - Borgaon section km 81.000 to km 139.000 [Indore - Edlabad Pkg IV],NHAI,Madhya Pradesh,99.8,86.20900692840647,8.149561200923774,145.8904109589041,55,HIGH,['Predicted completion is significantly later than planned.'],Project 619100 is classified as HIGH risk because the projected completion date exceeds the planned schedule.
293,618835,4L of Bal Works of Talaja - Mahuva from 54.990 km. to 100.450 km. of Old NH-8E Package-II,National Highways Authority of India [NHAI],Gujarat,100.0,59.909793814433,5.060008591065329,243.71584699453547,55,HIGH,['Predicted completion is significantly later than planned.'],Project 618835 is classified as HIGH risk because the projected completion date exceeds the planned schedule.
294,618834,4L Kodinar - Veraval Package VI from km. 222.400 to km. 230.00 Kodinar Bypass of NH-8E NH 51 new,National Highways Authority of India [NHAI],Gujarat,100.0,107.4294844220488,13.695200639095386,187.83783783783784,55,HIGH,['Predicted completion is significantly later than planned.'],Project 618834 is classified as HIGH risk because the projected completion date exceeds the planned schedule.
295,618833,Kodinar - Veraval Package VI from km. 221.610 to km. 263.00 of NH-8E & km. 120.900 to km. 121.150 of NH-8D,NHAI,Gujarat,98.79,81.65904184516951,18.413563606670976,246.65266742338295,55,HIGH,['Predicted completion is significantly later than planned.'],Project 618833 is classified as HIGH risk because the projected completion date exceeds the planned schedule.
296,618830,4L from Km 147.450 Bhogu to Km 196.870 Sankha on NH-75 Sec-III,NHAI,Jharkhand,76.95,74.54656854671349,7.060670544908226,65.29274965800262,55,HIGH,['Predicted completion is significantly later than planned.'],Project 618830 is classified as HIGH risk because the projected completion date exceeds the planned schedule.
297,618856,"Improvement and Up-Gradation of Existing Road to 4L PS from Km 123.650 to 175.080, from Start of Shahabad Bypass to End of Hardoi bypass of NH 731 Pkg-2B",NHAI,Uttar Pradesh,68.8,47.16779059530401,7.432006099165818,67.17647058823519,55,HIGH,['Predicted completion is significantly later than planned.'],Project 618856 is classified as HIGH risk because the projected completion date exceeds the planned schedule.
298,618850,Nerchowk km 190.000 to Pandoh including Pandoh bypass km221.305,NHAI,Himachal Pradesh,100.0,107.56290467994427,19.249562877359864,243.30043859649064,55,HIGH,['Predicted completion is significantly later than planned.'],Project 618850 is classified as HIGH risk because the projected completion date exceeds the planned schedule.
299,618124,Rehabilitation and upgradation from km 51.600 to km 75.700 of NH-321G Nuhkhas to Etah section to two lane with paved shoulder configuration under EPC mode in the State of Uttar Pradesh,MoRTH,Uttar Pradesh,73.0,25.89800314373872,5.595622052745071,83.50274223034721,55,HIGH,['Predicted completion is significantly later than planned.'],Project 618124 is classified as HIGH risk because the projected completion date exceeds the planned schedule.
300,400261,Patratu Thermal Power Station Expansion Project Phase-I [3x800 MW],National Thermal Power Corporation [NTPC],Jharkhand,92.0,105.71952003428326,12.06251392757656,67.65262076053435,55,HIGH,['Predicted completion is significantly later than planned.'],Project 400261 is classified as HIGH risk because the projected completion date exceeds the planned schedule.
301,706779,Mumbai Urban Transport Project [MUTP] - PHASE II,Mumbai Rail Vikas Corporation Ltd.[MRVC],Maharashtra,90.0,93.47273401755905,8.392740200321507,230.71481481481507,55,HIGH,['Predicted completion is significantly later than planned.'],Project 706779 is classified as HIGH risk because the projected completion date exceeds the planned schedule.
302,618239,"Rehabilitation & Upgradation of NH214 New NH-216 from Km 34/230 to Km 84/550 Losari to Machavaram Section to two lane with paved shoulder in the state of Andhrapradesh under NHDP-IV through Engineering, Procurement& Construction EPC mode.",MoRTH,Andhra Pradesh,98.6,115.17676654238353,15.176766542383527,391.7808219178082,55,HIGH,['Predicted completion is significantly later than planned.'],Project 618239 is classified as HIGH risk because the projected completion date exceeds the planned schedule.
303,618238,Rehabilitation and Up-gradation of Thimmapuram to Gurajanapalli section from Km 26/150 to Km 41/161 of NH - 214 New NH - 216 to two lane with paved shoulder in the state of Andhra Pradesh under NHDP-IV,MoRTH,Andhra Pradesh,98.2,66.72085793331622,14.550754399475338,540.1575091575087,55,HIGH,['Predicted completion is significantly later than planned.'],Project 618238 is classified as HIGH risk because the projected completion date exceeds the planned schedule.
304,618194,Rehabilitation and upgradation of New NH 544DD from design Chainage Km. 56/000 to 102/20 of Kalyandrg - Molakalmuru Section,MoRTH,Andhra Pradesh,98.52,106.21153911535714,6.211539115357149,426.59380692167576,55,HIGH,['Predicted completion is significantly later than planned.'],Project 618194 is classified as HIGH risk because the projected completion date exceeds the planned schedule.
305,618788,4L Greenfield Jalbhera Shahbad section from km. 0.000 to km. 22.850 of NH-152G,NHAI,Haryana,87.05,59.387200448652955,15.868995491900664,67.98428571428587,55,HIGH,['Predicted completion is significantly later than planned.'],Project 618788 is classified as HIGH risk because the projected completion date exceeds the planned schedule.
306,618778,4L of Madanapalle to Pileru Section from Km 0.000 to Km 55.900 of NH-71Package-I,NHAI,Andhra Pradesh,94.9,62.99168561947728,6.366162974641585,81.1477428180578,55,HIGH,['Predicted completion is significantly later than planned.'],Project 618778 is classified as HIGH risk because the projected completion date exceeds the planned schedule.
307,618799,Belakeri Port to Kumta - Sirsi road from km 0.00 - km 4.265 of Belekeri Port Road Link Rd. and km 4.965 - km 60.00 of SH-69,NHAI,Karnataka,95.23,107.03380588876772,7.033805888767716,187.1041095890413,55,HIGH,['Predicted completion is significantly later than planned.'],Project 618799 is classified as HIGH risk because the projected completion date exceeds the planned schedule.
308,618796,Tanot -Ramgarh-Bhadasar-Jaisalmer NH-68 and BhadasarMokal-Sarkaritala up to Pakisthan Border NH-968 Pkg-BM/5,NHAI,Rajasthan,100.0,91.22595283497067,8.315189842863656,267.6361149110811,55,HIGH,['Predicted completion is significantly later than planned.'],Project 618796 is classified as HIGH risk because the projected completion date exceeds the planned schedule.
309,618793,4L of Fazilka to Abohar section of NH-07 including construction of Greenfield Abohar & Fazilka Bypasses,NHAI,Punjab,67.0,64.82041024768066,11.409275966748874,57.35342465753438,55,HIGH,['Predicted completion is significantly later than planned.'],Project 618793 is classified as HIGH risk because the projected completion date exceeds the planned schedule.
310,702810,Singrauli Sewerage Management and Treatment Infrastructure Project,Ministry of Housing & Urban Affairs,Madhya Pradesh,90.0,92.32854904106864,8.239496529936956,62.589928057553934,55,HIGH,['Predicted completion is significantly later than planned.'],Project 702810 is classified as HIGH risk because the projected completion date exceeds the planned schedule.
311,618810,4L of existing Beas Baba Bakala - Dera Baba Nanak Section from start of Batala Bypass till intersection with Ajnala Gurdaspur Highway NH 354 near Dera Baba Nanak from Km. 31.300 to Km. 69.100 with Additional batala Bypass Pkg-II,NHAI,Punjab,80.9,79.81622117243717,7.806952500548202,86.47742818057473,55,HIGH,['Predicted completion is significantly later than planned.'],Project 618810 is classified as HIGH risk because the projected completion date exceeds the planned schedule.
312,400253,Vizianagaram - Titlagarh 3rd line [272 Km including By - pass line of 7.68 KM],RVNL - II,"Multi-States (Andhra Pradesh, Odisha)",99.0,130.3387466166979,41.94350822402661,9.735001507386148,55,HIGH,"['Predicted cost overrun is high.', 'Expenditure is high compared with physical progress.']",Project 400253 is classified as HIGH risk because the predicted total cost is significantly above the baseline and expenditure is high relative to the physical progress achieved.
313,618509,Development of 6L UER II [Package - I] NH-1 Near Bakoli till Karala Kanjhawala Road from km. 0.70 to km.15.00,NHAI,Delhi,99.99,87.79725733753122,11.918375647147863,141.9027397260273,55,HIGH,['Predicted completion is significantly later than planned.'],Project 618509 is classified as HIGH risk because the projected completion date exceeds the planned schedule.
314,618504,Ahmedabad - Dholera Pkg IV from km. 71.06 to km. 109.019 [Start of DSIR zone - Adhelai Village],NHAI,Gujarat,98.08,103.47194015705388,14.250448483617571,133.0794520547946,55,HIGH,['Predicted completion is significantly later than planned.'],Project 618504 is classified as HIGH risk because the projected completion date exceeds the planned schedule.
315,618598,6L Minor Bridge Paloli Palam at km. 203.160 & Major Bridge Morad at km. 204.895 and allied works,NHAI,Kerala,100.0,90.6952380952381,6.813714285714241,272.57769652650825,55,HIGH,['Predicted completion is significantly later than planned.'],Project 618598 is classified as HIGH risk because the projected completion date exceeds the planned schedule.
316,618865,4L from Gaju Village at Km. 32.982 to Devinagar Bypass End at Km. 208.000 of NH- 530B Pkg-1C.,National Highways Authority of India [NHAI],Uttar Pradesh,99.99,59.434282454379364,10.105886091031923,66.34746922024625,55,HIGH,['Predicted completion is significantly later than planned.'],Project 618865 is classified as HIGH risk because the projected completion date exceeds the planned schedule.
317,701411,Shahpur Kandi Dam Project,Department of Water Resources-PB,Punjab,88.0,96.33084114602701,19.342928764858137,97.96320630749015,55,HIGH,['Predicted completion is significantly later than planned.'],Project 701411 is classified as HIGH risk because the projected completion date exceeds the planned schedule.
318,702639,Ahmedabad Metro Rail Project [Phase-I],Gujarat Metro Rail Corporation Limited [GMRCL],Gujarat,99.99,116.2225006961849,18.45253318481389,263.82562277580087,55,HIGH,['Predicted completion is significantly later than planned.'],Project 702639 is classified as HIGH risk because the projected completion date exceeds the planned schedule.
319,618063,Widening & Strenghteningof section from Bharthana chowk to Kodarkoot km.0.00 to km.40.00 of NH-91-A on EPC mode,MoRTH,Uttar Pradesh,94.0,43.97606433662385,18.61958303159668,132.85272727272744,55,HIGH,['Predicted completion is significantly later than planned.'],Project 618063 is classified as HIGH risk because the projected completion date exceeds the planned schedule.
320,618871,4L PS from Near Guddehosur to Start of Kushalnagara Bypass to near Hemmige Village Periyapatna - Hassan Road Jn from Km. 122.200 to Km. 144.900 of NH-275 Pkg. II,NHAI,Karnataka,14.53,35.81320203108171,14.759545424570687,21.83287671232853,55,HIGH,"['Predicted completion is significantly later than planned.', 'Expenditure is high compared with physical progress.']",Project 618871 is classified as HIGH risk because the projected completion date exceeds the planned schedule and expenditure is high relative to the physical progress achieved.
321,618888,Rehabilitation and Up-gradation of existing road to 2L PS from End of Hamirpur Bypass near Chilbahal to Bhangbar section from Km. 138.295 to Km.175.270 of NH- 88 Pkg-IV,NHAI,Himachal Pradesh,97.2,86.1419136443347,12.92970624416538,76.75102599179215,55,HIGH,['Predicted completion is significantly later than planned.'],Project 618888 is classified as HIGH risk because the projected completion date exceeds the planned schedule.
322,618887,4L of Bettadahalli- Shivamogga section from Km.170.415 to km. 226.750 of NH-206 Tumkur- Shivamogga Pkg-IV,NHAI,Karnataka,84.25,78.98491584172676,19.3259656837798,168.85342465753456,55,HIGH,['Predicted completion is significantly later than planned.'],Project 618887 is classified as HIGH risk because the projected completion date exceeds the planned schedule.
323,618883,Construction of Four Lane Highway form Ghazipur- Ballia-UP/Bihar State Border Greenfield section of NH-31 Package I [from Hridaipur km 0.000 to Shahapur km 42.500] on EPC Mode in the state of Uttar Pradesh.,NHAI,Uttar Pradesh,100.0,84.82891583209783,12.652428697838271,53.28864569083436,55,HIGH,['Predicted completion is significantly later than planned.'],Project 618883 is classified as HIGH risk because the projected completion date exceeds the planned schedule.
324,701354,Mumbai Nagpur Jharsuguda Pipeline Project,Ministry of Petroleum & Natural Gas,"Multi-States (Chhattisgarh, Madhya Pradesh, Maharashtra, Odisha)",98.9,90.13098766612487,8.281996366765465,100.60056390977456,55,HIGH,['Predicted completion is significantly later than planned.'],Project 701354 is classified as HIGH risk because the projected completion date exceeds the planned schedule.
325,701745,New Suburba Station Development Project,ministry of housing and urban affairs,Maharashtra,48.0,62.11371593849901,6.498097122849607,119.95073891625614,55,HIGH,['Predicted completion is significantly later than planned.'],Project 701745 is classified as HIGH risk because the projected completion date exceeds the planned schedule.
326,701719,Rehablitation in Junavadaj Area Smart City Project,ministry of housing and urban affairs,Gujarat,98.5,115.66604823747682,15.66604823747682,67.98379108509691,55,HIGH,['Predicted completion is significantly later than planned.'],Project 701719 is classified as HIGH risk because the projected completion date exceeds the planned schedule.
327,701570,"Replacement and revamping of pipeline projects in oil jetty area, Kandla",Deendayal Port Trust [DPT],Gujarat,92.0,87.42690058479532,13.204619883041024,141.6438356164384,55,HIGH,['Predicted completion is significantly later than planned.'],Project 701570 is classified as HIGH risk because the projected completion date exceeds the planned schedule.
328,618073,Improvement to Two lane with Paved Shoulder from Junction of NH22 near Hajipur to Junction of NH -122 at Bachhwara via Mahnar and Mohiuddin Nagar from Km 0.00 to Km 29.730 of NH 122 B in the State of Bihar.,MoRTH,Bihar,61.0,0.0,5.142775026529827,62.81056466302346,55,HIGH,['Predicted completion is significantly later than planned.'],Project 618073 is classified as HIGH risk because the projected completion date exceeds the planned schedule.
329,618903,Maheshkunt -Saharsa-Purnea Pkg II,NHAI,Bihar,94.0,98.80352998803531,15.270667212706766,281.9151846785228,55,HIGH,['Predicted completion is significantly later than planned.'],Project 618903 is classified as HIGH risk because the projected completion date exceeds the planned schedule.
330,618901,4L PS Divided Carriageway from Patan Near Rajpur to Gojariya From Km 52.000 to Km 128.940 of NH-68,NHAI,Gujarat,87.12,79.07630318113328,12.356307244315838,87.87414500684005,55,HIGH,['Predicted completion is significantly later than planned.'],Project 618901 is classified as HIGH risk because the projected completion date exceeds the planned schedule.
331,400291,Kirandul-Jagdalpur 150 km,CAO/C/ECOR ECoR mor,Chhattisgarh,89.0,86.15544367526746,7.458709880427944,101.1678543151224,55,HIGH,['Predicted completion is significantly later than planned.'],Project 400291 is classified as HIGH risk because the projected completion date exceeds the planned schedule.
332,618583,4L of Bahadurganj Araria section from Km 49.000 to Km 94.000 Package-II of NH- 327E,National Highways Authority of India [NHAI],Bihar,100.0,52.5438448008125,11.01066405646278,116.57534246575344,55,HIGH,['Predicted completion is significantly later than planned.'],Project 618583 is classified as HIGH risk because the projected completion date exceeds the planned schedule.
333,618582,4L of Galgalia - Bahadurganj section from Km 0.000 to Km 49.000 Package-I of NH327E,National Highways Authority of India [NHAI],Bihar,100.0,46.71660288237449,14.64593872031299,116.57534246575344,55,HIGH,['Predicted completion is significantly later than planned.'],Project 618582 is classified as HIGH risk because the projected completion date exceeds the planned schedule.
334,703057,Patiala Water Supply Infrastructure Part-2 Project,Ministry of Housing & Urban Affairs,Punjab,99.0,74.4390243902439,6.379303135888446,89.45328719723217,55,HIGH,['Predicted completion is significantly later than planned.'],Project 703057 is classified as HIGH risk because the projected completion date exceeds the planned schedule.
335,612894,"Construction of Permanent Campus of Central University of Himachal Pradesh at Dehra, District - Kangra, [H.P.] on Engineering. Procurement and Construction [EPC Mode 1] Basis.","Central University, Himachal Pradesh",Himachal Pradesh,86.0,88.73720136518772,9.057782363679806,73.75455650060753,55,HIGH,['Predicted completion is significantly later than planned.'],Project 612894 is classified as HIGH risk because the projected completion date exceeds the planned schedule.
336,705396,Byrnihat-Shillong New Rail Line- 108 km,Northeast Frontier Railway [NFR],Meghalaya,2.04,3.1969131264205433,7.876143041800743,54.4630263812842,55,HIGH,['Predicted completion is significantly later than planned.'],Project 705396 is classified as HIGH risk because the projected completion date exceeds the planned schedule.
337,705394,Teteliya-Byrnihat 21.5 km,CAO/C-II/NFR NFR mor,"Multi-States (Assam, Meghalaya)",87.0,97.52648280725423,13.688116079778071,2502.803738317757,55,HIGH,['Predicted completion is significantly later than planned.'],Project 705394 is classified as HIGH risk because the projected completion date exceeds the planned schedule.
338,618749,Khammam-Devarapalle Pkg V [4L Access Controlled Greenfield from Gurvaygudem village to Devarapalle village Design Chainage 132664 to 162126,NHAI,Andhra Pradesh,100.0,79.63592437564964,14.604924572295449,87.27770177838579,55,HIGH,['Predicted completion is significantly later than planned.'],Project 618749 is classified as HIGH risk because the projected completion date exceeds the planned schedule.
339,618765,4L of Karimnagar-Warangal section from km 49.500 to km 117.820 of NH-563,NHAI,Telangana,92.4,59.27820165264618,9.812544832918684,54.86867305061548,55,HIGH,['Predicted completion is significantly later than planned.'],Project 618765 is classified as HIGH risk because the projected completion date exceeds the planned schedule.
340,618764,Moga - Bagha Purana - Bajakhana from km. 0.00 to km. 43.32,NHAI,Punjab,76.0,77.45281282987439,19.71106634772752,105.26265389876856,55,HIGH,['Predicted completion is significantly later than planned.'],Project 618764 is classified as HIGH risk because the projected completion date exceeds the planned schedule.
341,618761,4L Spur of Meerut-Garh-Mukteshwar section connecting NH-119 and NH-58 bypassing Meerut Town of NH 709 A,NHAI,Uttar Pradesh,96.98,87.3010112008388,5.26143019891315,75.08755129958948,55,HIGH,['Predicted completion is significantly later than planned.'],Project 618761 is classified as HIGH risk because the projected completion date exceeds the planned schedule.
342,612819,300 MW SPP part of 510 MW CPSU scheme,NLC India Limited [NLCIL],Rajasthan,100.0,96.69442912300055,6.137385548814133,104.9090909090909,55,HIGH,['Predicted completion is significantly later than planned.'],Project 612819 is classified as HIGH risk because the projected completion date exceeds the planned schedule.
343,618257,Rehabilitation and Upgradation to 2-lane with paved shoulders configuration of Koyyuru to Chaprathipalem section Km 120000 to Km 165500 of NH-516E in the State of Andhra Pradesh under Green National Highways Corridor Project GNHCP with the loan assistance of World Bank on EPC mode,MoRTH,Andhra Pradesh,98.09,75.8281084485671,7.086947808411452,102.02051983584111,55,HIGH,['Predicted completion is significantly later than planned.'],Project 618257 is classified as HIGH risk because the projected completion date exceeds the planned schedule.
344,618597,6L of Azhiyur-Vengalam from km. 189.200 to km. 230.400 of NH-66,NHAI,Kerala,60.07,75.074942993415,15.407543273534973,118.74501992031888,55,HIGH,['Predicted completion is significantly later than planned.'],Project 618597 is classified as HIGH risk because the projected completion date exceeds the planned schedule.
345,400424,GEVRA OC [70 MTY],SECL - CIL,Chhattisgarh,78.48,66.22541552418673,11.100876747571174,56.71987480438195,55,HIGH,['Predicted completion is significantly later than planned.'],Project 400424 is classified as HIGH risk because the projected completion date exceeds the planned schedule.
346,400369,BINA KAKRI AMALGAMATION EXPANS,NCL - CIL,"Multi-States (Madhya Pradesh, Uttar Pradesh)",92.05,109.64587169125559,11.552162789029298,81.31345565749207,55,HIGH,['Predicted completion is significantly later than planned.'],Project 400369 is classified as HIGH risk because the projected completion date exceeds the planned schedule.
347,706860,Barauni-Bachwara 16 km - 3rd & 4th line incl Barauni yard remodelling 32 km Umbrella work PB57/2019-20/NR,CAO/Con/North/MHX ECR mor,Bihar,38.0,35.415503875968994,5.680558139534845,243.03314917127108,55,HIGH,['Predicted completion is significantly later than planned.'],Project 706860 is classified as HIGH risk because the projected completion date exceeds the planned schedule.
348,618024,Up-gradation to two lane with paved shoulder configuration of NH-354 Section Arifkes- Ferozepur-Muktsar-Malaut from Km 201.500 to Km 212.500 & Km 229.690 to Km 269.960 and strengthening of existing pavement from Km 212.500 to Km 229.690 excluding Km 218.500 to 223.690 of NH-354 on EPC Mode in the State of Punjab. Job No. NH-354-PB-2020-21-532,MoRTH,Punjab,83.0,0.0,5.724229643983333,89.13868613138693,55,HIGH,['Predicted completion is significantly later than planned.'],Project 618024 is classified as HIGH risk because the projected completion date exceeds the planned schedule.
349,618487,Delhi-Amritsar-Katra Expressway Phase-I Pkg-VII from Junction with Patiala-Bathinda road NH-7 near Bhawanigarh to Junction with Ludhiana-Malerhkotla SH-11 near Bhogiwal village Km 188830 to km 225770,National Highways Authority of India [NHAI],Punjab,95.8,71.0555625007103,6.481702674137319,98.44733242134058,55,HIGH,['Predicted completion is significantly later than planned.'],Project 618487 is classified as HIGH risk because the projected completion date exceeds the planned schedule.
350,618485,Delhi-Amritsar-Katra Expressway Phase-I Pkg-IV from Junction with Jind-Karnal road NH-709A near Alewa village to Junction with Ambala-Kaithal-Hissar road NH-152 near Kharak Pandwa village Km 91400 to Km 120250,National Highways Authority of India [NHAI],Haryana,76.13,43.092696736677,16.292857416121624,120.8219178082192,55,HIGH,['Predicted completion is significantly later than planned.'],Project 618485 is classified as HIGH risk because the projected completion date exceeds the planned schedule.
351,618483,Delhi-Amritsar-Katra Expressway Phase-I Pkg-II from Junction with Rohtak-Panipat road NH-709 near Rukhi Paani village to Junction with Jind-Panipat road NH-352A near Gangana village Km 34000 to Km 60800,NHAI,Haryana,99.89,76.68381283941925,13.145742468396932,126.50273972602712,55,HIGH,['Predicted completion is significantly later than planned.'],Project 618483 is classified as HIGH risk because the projected completion date exceeds the planned schedule.
352,612072,Barejadi Nandej Geratpur - Sanand - 4th line 38.20 km,CAOCWR WR mor,Gujarat,23.0,56.99876256928052,13.735564174820844,29.6255707762558,55,HIGH,"['Predicted completion is significantly later than planned.', 'Expenditure is high compared with physical progress.']",Project 612072 is classified as HIGH risk because the projected completion date exceeds the planned schedule and expenditure is high relative to the physical progress achieved.
353,618682,6L Korlam-Kantakapalle Section of NH-130CD Road from Km 421.100 to Km 445.100 Pkg-3,NHAI,Andhra Pradesh,99.5,76.38896378179204,11.467008178305145,126.81643835616426,55,HIGH,['Predicted completion is significantly later than planned.'],Project 618682 is classified as HIGH risk because the projected completion date exceeds the planned schedule.
354,618680,6L Greenfield Kandili - Aluru Section of NH-130-CD Road from km 342500 to km 365033 Package-OD-8,NHAI,Odisha,99.9,72.95041333386926,8.763696290043852,91.08344733242131,55,HIGH,['Predicted completion is significantly later than planned.'],Project 618680 is classified as HIGH risk because the projected completion date exceeds the planned schedule.
355,618677,6L Greenfield Kaliagura Baunsaguar Section of NH-130-CD Road from km 249000 to km 293000 Package OD-5,NHAI,Odisha,97.8,66.67770742003573,16.768403961682026,120.5978112175105,55,HIGH,['Predicted completion is significantly later than planned.'],Project 618677 is classified as HIGH risk because the projected completion date exceeds the planned schedule.
356,618676,6L of Dhanara - Hatibena Section from Km 124.611 to km 146.50 of NH-130-CD Package OD-1,National Highways Authority of India [NHAI],"Multi-States (Chhattisgarh, Odisha)",99.95,62.370227729403894,14.020805425318136,108.20793433652533,55,HIGH,['Predicted completion is significantly later than planned.'],Project 618676 is classified as HIGH risk because the projected completion date exceeds the planned schedule.
357,618709,4L of Left-Over Works of Hospet-Bellary -Karnataka/AP border from Km.280.080 Dec.Ch. to Km.375450Des.Ch. of NH-63 New-67,NHAI,Karnataka,92.51,69.32209081073015,5.304876319814945,133.0109439124487,55,HIGH,['Predicted completion is significantly later than planned.'],Project 618709 is classified as HIGH risk because the projected completion date exceeds the planned schedule.
358,618708,Widening/Development of Existing NH-85 from Km 0.000 to Km 124.636 section to 2L/LPS section in the state of Kerala on EPC Mode under Bharatmala Pariyojana,NHAI,Kerala,81.98,65.89977009945514,5.92639814058464,83.88782489740103,55,HIGH,['Predicted completion is significantly later than planned.'],Project 618708 is classified as HIGH risk because the projected completion date exceeds the planned schedule.
359,618909,2L PS of JH / WB Border km. 70.524 - Purulia km.84.400 & Purulia km. 94.30 - Chandil Junction with NH-33 km. 153.705 of Old NH-32,NHAI,"Multi-States (Jharkhand, West Bengal)",97.65,99.97821350762527,14.392913338174887,155.57289527720727,55,HIGH,['Predicted completion is significantly later than planned.'],Project 618909 is classified as HIGH risk because the projected completion date exceeds the planned schedule.
360,618001,"Construction of 4-lane flyover at Amberpet-X road, Hyderabad on NH-202 in the State of Telangana",MoRTH,Telangana,92.1,79.51323142289752,15.192075001154626,162.58767123287697,55,HIGH,['Predicted completion is significantly later than planned.'],Project 618001 is classified as HIGH risk because the projected completion date exceeds the planned schedule.
361,619317,4L of Hajipur-Muzaffarpur Section of the existing NH-77 from Km. 0000 Ramashish Chowk to Km. 46300 and new bypass starting at Km. 46300 and connecting NH-28 of E-W Corridor at Km. 515045,NHAI,Bihar,99.45,79.34229030730083,10.364299641256016,560.567213114754,55,HIGH,['Predicted completion is significantly later than planned.'],Project 619317 is classified as HIGH risk because the projected completion date exceeds the planned schedule.
362,619308,6L access-controlled highway from Ganeshpur tonear Mohand of Ganeshpur Dehradun section from Km.0 to Km.8.3 of NH-72A Package-1,NHAI,Uttar Pradesh,98.92,97.08456902324691,7.109250932746655,142.14931506849297,55,HIGH,['Predicted completion is significantly later than planned.'],Project 619308 is classified as HIGH risk because the projected completion date exceeds the planned schedule.
363,619306,4L of Munger Mirzachauki section from Km 95580 to Km 125000 Pkg-2,NHAI,Bihar,95.9,62.98734375612241,11.770404764703448,119.33105335157283,55,HIGH,['Predicted completion is significantly later than planned.'],Project 619306 is classified as HIGH risk because the projected completion date exceeds the planned schedule.
364,619301,Construction of Approach Road to Rail-cum- Road Bridge across river Ganga at Munger Ghat NH-333 B,NHAI,Bihar,99.99,106.70967502045066,13.049416226667828,213.9455782312925,55,HIGH,['Predicted completion is significantly later than planned.'],Project 619301 is classified as HIGH risk because the projected completion date exceeds the planned schedule.
365,701344,Dhamra Haldia Pipeline Project,Gas Authority of India Limited [GAIL],West Bengal,94.4,89.98205016251879,10.968340367729082,145.0553846153843,55,HIGH,['Predicted completion is significantly later than planned.'],Project 701344 is classified as HIGH risk because the projected completion date exceeds the planned schedule.
366,701343,Srikakulam Angul Gas Pipeline Project,Ministry of Petroleum & Natural Gas,"Multi-States (Andhra Pradesh, Odisha)",98.1,87.09194459700413,10.010480224501018,138.99032882011636,55,HIGH,['Predicted completion is significantly later than planned.'],Project 701343 is classified as HIGH risk because the projected completion date exceeds the planned schedule.
367,701324,Barauni Refinery Capacity Expansion from 6.0 to 9.0 MMTPA,Indian Oil Corporation Limited [IOCL],Bihar,91.8,88.38514517218096,7.721455773126277,106.4763912310286,55,HIGH,['Predicted completion is significantly later than planned.'],Project 701324 is classified as HIGH risk because the projected completion date exceeds the planned schedule.
368,618022,Upgradation to two lane with paved Shoulder Configuaration from Km. 0/00 to 47/000 of NH 351 Mahuva to Badhada section in the State of Gujarat,MoRTH,Gujarat,77.0,13.076389691436496,16.51883739743452,86.2248628884828,55,HIGH,['Predicted completion is significantly later than planned.'],Project 618022 is classified as HIGH risk because the projected completion date exceeds the planned schedule.
369,618007,Jaynagar-Narahia Section km 156.500 to km 219.945 Lot-III,MoRTH,Bihar,99.0,0.0,15.999331285017156,305.91028446389527,55,HIGH,['Predicted completion is significantly later than planned.'],Project 618007 is classified as HIGH risk because the projected completion date exceeds the planned schedule.
370,618469,Vadodara Mumbai Expressway Phase II - Pkg XIII [Km. 26.582 to Km. 50.700] Shirsad - Masvan,NHAI,Maharashtra,98.2,56.16669965223783,18.145112952020053,125.47397260273958,55,HIGH,['Predicted completion is significantly later than planned.'],Project 618469 is classified as HIGH risk because the projected completion date exceeds the planned schedule.
371,618468,Vadodara Mumbai Expressway Phase II - Pkg XI [Km. 77.000 to Km. 103.400] Ganjad - Talsari,National Highways Authority of India [NHAI],Maharashtra,99.76,53.344570442903894,17.488820824943748,99.86320109439126,55,HIGH,['Predicted completion is significantly later than planned.'],Project 618468 is classified as HIGH risk because the projected completion date exceeds the planned schedule.
372,705491,Marikuppam-Kuppam 23.7 km,CAOC/SWR SWR mor,"Multi-States (Andhra Pradesh, Karnataka)",20.0,49.063973063973066,48.91851851851845,6.687406669984999,55,HIGH,"['Predicted cost overrun is high.', 'Expenditure is high compared with physical progress.']",Project 705491 is classified as HIGH risk because the predicted total cost is significantly above the baseline and expenditure is high relative to the physical progress achieved.
373,705527,Sagauli - Valmikinagar 109.7 km,CAO/Con/North/MHX ECR mor,Bihar,91.0,120.10032894736841,37.26303453947365,7.412587412587415,55,HIGH,"['Predicted cost overrun is high.', 'Expenditure is high compared with physical progress.']",Project 705527 is classified as HIGH risk because the predicted total cost is significantly above the baseline and expenditure is high relative to the physical progress achieved.
374,618944,Hyderabad - Maneguda,NHAI,Telangana,24.2,44.99614125106898,16.95925369709878,23.32465753424648,55,HIGH,"['Predicted completion is significantly later than planned.', 'Expenditure is high compared with physical progress.']",Project 618944 is classified as HIGH risk because the projected completion date exceeds the planned schedule and expenditure is high relative to the physical progress achieved.
375,618938,4L of Rajura-Korpana-Adilabad Road upto M.S. Border from km 32.910 to km 89.090 of NH-353B,National Highways Authority of India [NHAI],"Multi-States (Maharashtra, Telangana)",100.0,62.17717821440202,11.084770015690916,78.9329685362517,55,HIGH,['Predicted completion is significantly later than planned.'],Project 618938 is classified as HIGH risk because the projected completion date exceeds the planned schedule.
376,617989,Construction of Major Bridge at Km.180.865 across river Krishna on NH 167 Hagari Jadcherla section,MoRTH,Karnataka,69.0,65.68141367912536,12.28368929570314,207.73879781420743,55,HIGH,['Predicted completion is significantly later than planned.'],Project 617989 is classified as HIGH risk because the projected completion date exceeds the planned schedule.
377,617985,Widening to two lane with paved shoulders from Km 0/0 to 64/020 Pamarru to Akiveedu,MoRTH,Andhra Pradesh,74.41,46.89164180231899,6.915341617252799,160.23150684931483,55,HIGH,['Predicted completion is significantly later than planned.'],Project 617985 is classified as HIGH risk because the projected completion date exceeds the planned schedule.
378,619210,Dharampuri-Lonand from km. 117.00 to 166.40 Pkg-IV on Mohol-Alandi Section,NHAI,Maharashtra,97.4,104.4322134149365,8.138385362432649,149.24520547945215,55,HIGH,['Predicted completion is significantly later than planned.'],Project 619210 is classified as HIGH risk because the projected completion date exceeds the planned schedule.
379,619209,4L of existing 2/4L stretch from Lonand to Dive Ghat Km 166.400 to Km 220.900 of Mohol Alandi section of NH-965 Pkg - V,National Highways Authority of India [NHAI],Maharashtra,98.52,65.85846650600156,13.332331126137836,99.86320109439126,55,HIGH,['Predicted completion is significantly later than planned.'],Project 619209 is classified as HIGH risk because the projected completion date exceeds the planned schedule.
380,617977,Development of Chiloda - Gandhinagar- Sarkhej ofNH-147 Package -II,MoRTH,Gujarat,99.55,0.0,6.779108292313493,274.5554035567716,55,HIGH,['Predicted completion is significantly later than planned.'],Project 617977 is classified as HIGH risk because the projected completion date exceeds the planned schedule.
381,618953,Umagaon-Saharsa Package-IV Koshi Bridge & approach Road - Bheja-Bakaur,NHAI,Bihar,92.4,109.39495490088198,11.223244802347557,99.92325763508234,55,HIGH,['Predicted completion is significantly later than planned.'],Project 618953 is classified as HIGH risk because the projected completion date exceeds the planned schedule.
382,618952,4L of Sahibganj - Manihari Ganga Bridge including Manihari Bypass,NHAI,"Multi-States (Bihar, Jharkhand)",87.02,103.59530788788452,11.358732740936366,57.27692307692315,55,HIGH,['Predicted completion is significantly later than planned.'],Project 618952 is classified as HIGH risk because the projected completion date exceeds the planned schedule.
383,618951,Hariharganj to Parwa Mode section from km 23.284 to km 57.049 of NH-98,NHAI,"Multi-States (Bihar, Jharkhand)",91.3,73.7319902645277,6.234131002504878,129.64529914529876,55,HIGH,['Predicted completion is significantly later than planned.'],Project 618951 is classified as HIGH risk because the projected completion date exceeds the planned schedule.
384,617966,Rehabilitation and Upgrading to 2 lanes/2-lane with paved shoulders configuration and strengthening of of Birpur and Bihpur Section from km 0.0 to Km 106 of NH 106 under phase I of National Highways Interconnectivity Improvement Projects NHIIP ICB No. NHIIP-BR-106-7 [NHIIP-BR-106-7],MoRTH,Bihar,99.74,0.005123147661923486,5.45424388744436,228.5735159817356,55,HIGH,['Predicted completion is significantly later than planned.'],Project 617966 is classified as HIGH risk because the projected completion date exceeds the planned schedule.
385,617961,Gaya-Hisua-Rajgir-Nalanda-Biharsharif section km0.00 to 92.935 NH-82,MoRTH,Bihar,97.0,0.0,17.8838201369913,229.70958904109656,55,HIGH,['Predicted completion is significantly later than planned.'],Project 617961 is classified as HIGH risk because the projected completion date exceeds the planned schedule.
386,705598,Jhansi-Bina - 3rd line 152.57 km,CAO/C/NCR NCR mor,"Multi-States (Madhya Pradesh, Uttar Pradesh)",98.0,97.08341658341658,10.035464535464596,216.84931506849315,55,HIGH,['Predicted completion is significantly later than planned.'],Project 705598 is classified as HIGH risk because the projected completion date exceeds the planned schedule.
387,618647,6L Access Controlled Ludhiana-Bathinda Greenfield highway from Jn. with Amritsar- Bathanda Greenfield Road NH-754A near Rampura Phul to Jn. with Moga-Barnala Road NH-703 near village Tallewal from Km 0.0 to Km 30.3 of NH-754AD Pkg-1,NHAI,Punjab,81.5,75.87561085922935,14.993535647703874,56.46648426812575,55,HIGH,['Predicted completion is significantly later than planned.'],Project 618647 is classified as HIGH risk because the projected completion date exceeds the planned schedule.
388,618491,Delhi-Amritsar-Katra Expressway Phase-I Pkg-XI from Junction with Jalandhar - Kapurthala road NH-703A near khojewal village to Junction with Amritsar-Mehta- SriHargobindpur-Tanda road NH-503A near SriHargobindpur Km 319400 to km 362420,NHAI,Punjab,43.45,63.306134644999666,10.563173742156376,109.21203830369352,55,HIGH,['Predicted completion is significantly later than planned.'],Project 618491 is classified as HIGH risk because the projected completion date exceeds the planned schedule.
389,618471,Vadodara Mumbai Expressway Phase II - Pkg XV [Km. 20.200 to Km. 43.000 of Spur] Akloli - Amne,NHAI,Maharashtra,94.6,24.9705080279446,5.750218317195718,151.61791590493624,55,HIGH,['Predicted completion is significantly later than planned.'],Project 618471 is classified as HIGH risk because the projected completion date exceeds the planned schedule.
390,602538,Installation of FGD for 4x210 & 2x250 MW MTPS U 1-6,Damodar Valley Corporation,West Bengal,97.0,110.2275795564127,10.227579556412724,90.69642857142844,55,HIGH,['Predicted completion is significantly later than planned.'],Project 602538 is classified as HIGH risk because the projected completion date exceeds the planned schedule.
391,602532,Kiru HE Project,National Hydroelectric Power Corporation Limited [NHPC],Jammu and Kashmir,87.0,92.09532627886529,17.116331085761484,91.80045871559608,55,HIGH,['Predicted completion is significantly later than planned.'],Project 602532 is classified as HIGH risk because the projected completion date exceeds the planned schedule.
392,618970,6L access control Greenfield highway of Vill-Lohadda to Vill-Karaunda Mahajan from Km. 27.000 to Km. 56.500 Pkg-2,NHAI,Uttar Pradesh,98.06,93.8717286307986,7.455217342468916,96.13132694938474,55,HIGH,['Predicted completion is significantly later than planned.'],Project 618970 is classified as HIGH risk because the projected completion date exceeds the planned schedule.
393,618969,4/6L of Spur to Haridwar Greenfield from Km. 0.000 to Km. 50.70,NHAI,"Multi-States (Uttar Pradesh, Uttarakhand)",92.98,71.57494376029129,19.90908416243406,79.27359781121777,55,HIGH,['Predicted completion is significantly later than planned.'],Project 618969 is classified as HIGH risk because the projected completion date exceeds the planned schedule.
394,619220,Tumkur-Shimoga Pkg-III from Km 121.900 Banawara to Km 170.415 Bettadahalli of Old NH-206,NHAI,Karnataka,98.0,60.43406022845276,6.171028037383144,184.66712328767096,55,HIGH,['Predicted completion is significantly later than planned.'],Project 619220 is classified as HIGH risk because the projected completion date exceeds the planned schedule.
395,619219,4L of Tumkur-Shimoga Pkg-II from Km 65.195 Karadi to Km 121.900 Banawara of NH-206,NHAI,Karnataka,99.98,86.24896238005114,8.372414251087397,256.302325581395,55,HIGH,['Predicted completion is significantly later than planned.'],Project 619219 is classified as HIGH risk because the projected completion date exceeds the planned schedule.
396,617911,Rehabilitation and upgradation Umaria to Shahdol section of NH-78 from Existing Km. 68/4 to Km. 142/2 to 2LPS including construction of Birshinghpur and Shahdol Bypass on EPC mode under NHDP-IVA,MoRTH,Madhya Pradesh,94.5,0.0,12.644159193482416,477.4642857142852,55,HIGH,['Predicted completion is significantly later than planned.'],Project 617911 is classified as HIGH risk because the projected completion date exceeds the planned schedule.
397,617935,"Construction of Elevated corridor from Km. 135.650 to 136.300 on 63, from Km. 249 to Km. 250.050 on old NH-4 and from Km. 192.910 to Km. 193.350 on NH-218 from decongestion of traffic in Ranichennamma circle in Hubli city in the state of Karnataka on EPC basis",MoRTH,Karnataka,65.0,77.88255033557047,10.227382550335722,83.0583941605837,55,HIGH,['Predicted completion is significantly later than planned.'],Project 617935 is classified as HIGH risk because the projected completion date exceeds the planned schedule.
398,619158,4 Laning of Duburi Chandikhole from km 388.376 to km 428.074 Pkg-III,NHAI,Odisha,86.0,91.88339670468947,15.426514575412028,166.86513157894754,55,HIGH,['Predicted completion is significantly later than planned.'],Project 619158 is classified as HIGH risk because the projected completion date exceeds the planned schedule.
399,619157,4 Laning of Talcher to end of Kamakhyanagar Bypass km 8.844 - km 15.725 of NH- 149 and km 301.875 - km 335.946 of NH-53 Pkg-I,NHAI,Odisha,99.0,90.00980909982647,13.027201388365045,204.06030701754392,55,HIGH,['Predicted completion is significantly later than planned.'],Project 619157 is classified as HIGH risk because the projected completion date exceeds the planned schedule.
400,705766,Lalitpur - Birari with flyover at Lalitpur 15.80 km,CAO/C/NCR NCR mor,Uttar Pradesh,85.0,94.30758113257129,11.941991853895548,90.01560062402496,55,HIGH,['Predicted completion is significantly later than planned.'],Project 705766 is classified as HIGH risk because the projected completion date exceeds the planned schedule.
401,611948,Transmission system for evacuation of power from REZ in Rajasthan 20 GW under Phase-III part H,Power Grid Corporation of India Limited [POWERGRID],Rajasthan,99.46,97.0,15.873408376963395,73.251824817518,55,HIGH,['Predicted completion is significantly later than planned.'],Project 611948 is classified as HIGH risk because the projected completion date exceeds the planned schedule.
402,618622,4L of Indore - Boregaon Pkg-III [Balwara to Dhangaon] from km. 42.260 to km. 82.660 of NH347BG & 753L,NHAI,Madhya Pradesh,92.5,83.37409777476064,13.560492767223394,122.07250341997263,55,HIGH,['Predicted completion is significantly later than planned.'],Project 618622 is classified as HIGH risk because the projected completion date exceeds the planned schedule.
403,618615,Sanchore - Santalpur from km 99.000 - km 130.073 of NH-754K AJ-RGBS-Package-4,NHAI,Gujarat,99.7,98.67377754931569,17.795553556512207,166.84931506849315,55,HIGH,['Predicted completion is significantly later than planned.'],Project 618615 is classified as HIGH risk because the projected completion date exceeds the planned schedule.
404,618386,Rehabilitation & Upgradation of Road from Km 0.00 to Km 18.600 Total length-18.600 km of Kumarghat-Kailashahar section on NH-208 to 2-lane with Paved shoulder on EPC bais under NHO,NHIDCL,Tripura,0.0,0.0,5.8554954954954015,287.9781420765027,55,HIGH,['Predicted completion is significantly later than planned.'],Project 618386 is classified as HIGH risk because the projected completion date exceeds the planned schedule.
405,618382,Widening and up-gradation to 2-lane with paved shoulder configuration and geometric improvements from km 298.00 to km 339.00 on Aizawl-Tuipang section under JICA ODA Loan assistance Phase-I Package-7,NHIDCL,Mizoram,100.0,0.0016508188061278395,15.559049788695248,59.46791862284822,55,HIGH,['Predicted completion is significantly later than planned.'],Project 618382 is classified as HIGH risk because the projected completion date exceeds the planned schedule.
406,618644,4L of Ormanjhi-Gola section from Km 81.450 to Km 53.600 of NH- 320BPKG-II,NHAI,Jharkhand,86.57,81.78248952614554,14.542129999259307,72.17373461012326,55,HIGH,['Predicted completion is significantly later than planned.'],Project 618644 is classified as HIGH risk because the projected completion date exceeds the planned schedule.
407,618642,4L of Palma to Gumla from km. 26.00 to km. 89.170 of NH-23,NHAI,Jharkhand,99.9,72.8412633502042,6.022034807454324,126.3014285714284,55,HIGH,['Predicted completion is significantly later than planned.'],Project 618642 is classified as HIGH risk because the projected completion date exceeds the planned schedule.
408,618639,4L of Bilaspur to Urga km 0.00 to 70.2 of NH-130A,NHAI,Chhattisgarh,94.81,79.26212148157728,16.696236776443094,128.96853625170962,55,HIGH,['Predicted completion is significantly later than planned.'],Project 618639 is classified as HIGH risk because the projected completion date exceeds the planned schedule.
409,618637,Bal. Works of Fagne Km. 510.000 to Maharashtra/Gujarat Border Km. 650.794,NHAI,"Multi-States (Gujarat, Maharashtra)",99.7,87.52713004890967,10.86615439491696,206.5136986301368,55,HIGH,['Predicted completion is significantly later than planned.'],Project 618637 is classified as HIGH risk because the projected completion date exceeds the planned schedule.
410,705629,Narayangarh - Bhadrak - 3rd line 155 km,CAO/C/SER SER mor,"Multi-States (Odisha, West Bengal)",84.0,120.25083333333333,43.52136666666668,16.28450704225342,55,HIGH,"['Predicted cost overrun is high.', 'Expenditure is high compared with physical progress.']",Project 705629 is classified as HIGH risk because the predicted total cost is significantly above the baseline and expenditure is high relative to the physical progress achieved.
411,705663,Bangalore-Whitefield-Bangalore City-Krishnarajapuram 23.08 km - Quadrupling,CPM/GS/SBC SWR mor,Karnataka,70.0,93.29411764705883,18.446774847870152,24.45991253644316,55,HIGH,"['Predicted completion is significantly later than planned.', 'Expenditure is high compared with physical progress.']",Project 705663 is classified as HIGH risk because the projected completion date exceeds the planned schedule and expenditure is high relative to the physical progress achieved.
412,618460,Delhi-Vadodara Greenfield Alignment NH-148N Pkg-28 Ch.756052 to Ch.781282,NHAI,Gujarat,100.0,74.00623723661923,6.731901723946825,129.17808219178082,55,HIGH,['Predicted completion is significantly later than planned.'],Project 618460 is classified as HIGH risk because the projected completion date exceeds the planned schedule.
413,705783,Ludhiana-Kila Raipur 19 km with freight line at Gill station,CAOC/NR NR mor,Punjab,70.0,45.653088705605114,5.210781013297643,86.04993909866026,55,HIGH,['Predicted completion is significantly later than planned.'],Project 705783 is classified as HIGH risk because the projected completion date exceeds the planned schedule.
414,705780,Bhatni - Aunrihar with electrification 125 km excl Indara - Mau 116.95 km,CMD / RVNL RVNL mor,Uttar Pradesh,94.0,90.75919335705814,6.171289047054132,54.24841972187093,55,HIGH,['Predicted completion is significantly later than planned.'],Project 705780 is classified as HIGH risk because the projected completion date exceeds the planned schedule.
415,619201,Karnal ring road Lot-4/Pkg-1,NHAI,Haryana,96.66,47.92213385397226,7.490929972149689,52.62790697674424,55,HIGH,['Predicted completion is significantly later than planned.'],Project 619201 is classified as HIGH risk because the projected completion date exceeds the planned schedule.
416,619198,Vadodara Mumbai Expressway Phase II - Pkg XII [Km. 50.700 to Km. 77.000] Masvan - Ganjad,NHAI,Maharashtra,99.87,57.22983790858839,7.676886489266034,119.2626538987685,55,HIGH,['Predicted completion is significantly later than planned.'],Project 619198 is classified as HIGH risk because the projected completion date exceeds the planned schedule.
417,619197,Delhi-Vadodara Greenfield Alignment NH-148N Pkg-27 Ch.729.700 to Ch.756.052,NHAI,Gujarat,98.9,88.14108240771196,7.048427497912664,125.0041095890407,55,HIGH,['Predicted completion is significantly later than planned.'],Project 619197 is classified as HIGH risk because the projected completion date exceeds the planned schedule.
418,617925,Construction of Bypass to Khordha town from Km 294/000 to 300/300 on NH-57 including LA in the State of Odisha on EPC mode.,MoRTH,Odisha,92.0,21.391834402184262,5.362054733633925,117.88545454545438,55,HIGH,['Predicted completion is significantly later than planned.'],Project 617925 is classified as HIGH risk because the projected completion date exceeds the planned schedule.
419,619066,Delhi-Amritsar-Katra Expressway Phase-II Pkg-XIV from Junction with Pathankot- Gurdaspur road NH-54 near Balsua to Junction with Hiranagar Road near village Gurha Baildaran km 423500 to km 468100,NHAI,"Multi-States (Jammu and Kashmir, Punjab)",87.3,58.360326147660004,16.792751033173133,104.45964432284546,55,HIGH,['Predicted completion is significantly later than planned.'],Project 619066 is classified as HIGH risk because the projected completion date exceeds the planned schedule.
420,619078,Six Laning of Bihar - Jharkhand Border Chordaha - Gorhar section of NH-2 from km 249.525 to km 320.810,NHAI,"Multi-States (Bihar, Jharkhand)",78.0,71.96705590342415,12.563270716985416,217.6583710407237,55,HIGH,['Predicted completion is significantly later than planned.'],Project 619078 is classified as HIGH risk because the projected completion date exceeds the planned schedule.
421,709838,Commercial Polymer Flooding Project in Bechraji field,Oil and Natural Gas Corporation Limited [ONGC],Gujarat,50.0,45.13196009011908,11.98509816543279,85.0260869565218,55,HIGH,['Predicted completion is significantly later than planned.'],Project 709838 is classified as HIGH risk because the projected completion date exceeds the planned schedule.
422,618456,Delhi-Vadodara Greenfield Alignment NH-148N Pkg-14 Ch. 388.420 to Ch. 419.000 [Junction with NH- 76 to Junction with NH-12 near village Ummedpura],National Highways Authority of India [NHAI],Rajasthan,99.8,87.16665922186985,19.611676419350523,150.1369863013699,55,HIGH,['Predicted completion is significantly later than planned.'],Project 618456 is classified as HIGH risk because the projected completion date exceeds the planned schedule.
423,609736,"Construction of Sikkim University Campus Phase-I Package-II at Yangang, South Sikkim",Sikkim University,Sikkim,96.5,92.97586448449341,6.609087435521771,54.28284671532827,55,HIGH,['Predicted completion is significantly later than planned.'],Project 609736 is classified as HIGH risk because the projected completion date exceeds the planned schedule.
424,602099,Establishment of Permanent campus Phase 1 of IIM Sirmaur,"Indian Institute of Management, Sirmaur",Himachal Pradesh,98.6,86.5328271891162,11.428040049934934,88.76730103806254,55,HIGH,['Predicted completion is significantly later than planned.'],Project 602099 is classified as HIGH risk because the projected completion date exceeds the planned schedule.
425,602098,"Construction of Permanent Campus for IIM Jammu Phase-1 at Jagti, Nagrota, Jammu, J&K","Indian Institute of Management, Jammu",Jammu and Kashmir,96.0,114.02348622125997,15.456710517026442,115.7245632065776,55,HIGH,['Predicted completion is significantly later than planned.'],Project 602098 is classified as HIGH risk because the projected completion date exceeds the planned schedule.
426,605292,"Construction of Permanent Campus of Indian Institute of Management [IIM] Amritsar, Punjab, Phase-I","Indian intitue of Management, Amritsar",Punjab,91.7,84.18937153684935,12.84255404668265,117.2253521126763,55,HIGH,['Predicted completion is significantly later than planned.'],Project 605292 is classified as HIGH risk because the projected completion date exceeds the planned schedule.
427,618436,4-Laning of Jamugurihat to end of Biswanath Chariali By-Pass from Km 182.000 to Km 208.000 of NH-52 on EPC mode in state of Assam under SARDP-NE,NHIDCL,Assam,100.0,72.2237061769616,5.1551419031719625,283.6622807017544,55,HIGH,['Predicted completion is significantly later than planned.'],Project 618436 is classified as HIGH risk because the projected completion date exceeds the planned schedule.
428,618434,Roing-Hunli Road Greenfield Alignment Project,NHIDCL,Arunachal Pradesh,82.45,65.36753966914739,7.962021191790941,115.2279260780286,55,HIGH,['Predicted completion is significantly later than planned.'],Project 618434 is classified as HIGH risk because the projected completion date exceeds the planned schedule.
429,618433,Construction of Balance work of 2-Lane with PS of Joram Koloriang Road from existing Km122.600 to km138.00 [Design Km108.724 to Km123.714] in Arunachal Pradesh on EPC Mode under SARDP-NE Pkg-7,NHIDCL,Arunachal Pradesh,99.69,84.60165503813079,6.741305641192029,283.72943327239483,55,HIGH,['Predicted completion is significantly later than planned.'],Project 618433 is classified as HIGH risk because the projected completion date exceeds the planned schedule.
430,619076,Six Laning of Vijayawada Bypass from Chinna Avutapalli to Gollapudi in Vijayawada - Gundugolanu Section from km. 0.00 to km. 30.00 Pkg-III,NHAI,Andhra Pradesh,98.2,64.79155599403,13.992771495788112,179.5260273972601,55,HIGH,['Predicted completion is significantly later than planned.'],Project 619076 is classified as HIGH risk because the projected completion date exceeds the planned schedule.
431,619072,Bangalore/TN border to Hoskote,NHAI,Karnataka,94.89,97.58479452982195,11.210733870421649,88.95212038303713,55,HIGH,['Predicted completion is significantly later than planned.'],Project 619072 is classified as HIGH risk because the projected completion date exceeds the planned schedule.
432,618577,Dwarka Expressway Pkg-III Delhi/HR Border to Start of RoB Gurugram,NHAI,"Multi-States (Delhi, Haryana)",100.0,78.9638552054069,12.55710733935885,278.79616963064296,55,HIGH,['Predicted completion is significantly later than planned.'],Project 618577 is classified as HIGH risk because the projected completion date exceeds the planned schedule.
433,618503,Ahmedabad - Dholera Pkg III from km. 48.52 to km. 71.06 [Vejallka Village - Start of DSIR zone],NHAI,Gujarat,100.0,108.84975436153341,17.19174306603245,154.16575342465734,55,HIGH,['Predicted completion is significantly later than planned.'],Project 618503 is classified as HIGH risk because the projected completion date exceeds the planned schedule.
434,618501,Ahmedabad - Dholera Pkg I from km. 0.00 to km. 22.00 [Sardar Patel Ring Road - Sindhrej Village],National Highways Authority of India [NHAI],Gujarat,100.0,78.96224961479199,10.805331278890607,117.6223744292236,55,HIGH,['Predicted completion is significantly later than planned.'],Project 618501 is classified as HIGH risk because the projected completion date exceeds the planned schedule.
435,618526,6L of Gundugolanu Design km 1023.280 to Kalaparru Design km 1050.680 of NH-5 New NH-16,NHAI,Andhra Pradesh,95.73,96.74874923000645,12.00925494673897,339.89031078610566,55,HIGH,['Predicted completion is significantly later than planned.'],Project 618526 is classified as HIGH risk because the projected completion date exceeds the planned schedule.
436,618523,Bhadrak KM 136.500 to Baleshwar KM 199.141,NHAI,Odisha,91.32,92.8149454816674,6.4549113855114735,205.39344262295108,55,HIGH,['Predicted completion is significantly later than planned.'],Project 618523 is classified as HIGH risk because the projected completion date exceeds the planned schedule.
437,619099,6L Amritsar-Bathinda Greenfield section from Jn. with Moga Jalandhar road NH-703 near Dharamkot to Jn. with Bhagta Bhai Ka-Bhadaur Road near Dyalpura Bhai Ka from km 39.000 to km 93.000 of NH-754A Pkg-2,NHAI,Punjab,66.53,70.4125193602647,17.347463319584598,50.127397260274144,55,HIGH,['Predicted completion is significantly later than planned.'],Project 619099 is classified as HIGH risk because the projected completion date exceeds the planned schedule.
438,400005,Transmission Network Expansion in Gujarat to increase its ATC from ISTS Part B,Power Grid Corporation of India Limited [POWERGRID],"Multi-States (Dadra & Nagar Haveli and Daman & Diu, Gujarat, Maharashtra)",99.9,99.59989089933264,9.44263856444648,314.91044776119406,55,HIGH,['Predicted completion is significantly later than planned.'],Project 400005 is classified as HIGH risk because the projected completion date exceeds the planned schedule.
439,709752,HP-COAT [Crude to Olefins and Aromatics Technology] demo unit at Visakh Refinery,Hindustan Petroleum Corporation Limited,Andhra Pradesh,94.0,99.3375,5.013437500000002,94.80179282868504,55,HIGH,['Predicted completion is significantly later than planned.'],Project 709752 is classified as HIGH risk because the projected completion date exceeds the planned schedule.
440,618533,Barwa Adda Km. 398.240 to Panagarh Km. 521.120,NHAI,"Multi-States (Jharkhand, West Bengal)",100.0,108.62284428892777,8.622844288927764,412.3710407239824,55,HIGH,['Predicted completion is significantly later than planned.'],Project 618533 is classified as HIGH risk because the projected completion date exceeds the planned schedule.
441,400078,New Mundra Panipat Crude Oil Pipeline,Ministry of Petroleum & Natural Gas,"Multi-States (Gujarat, Haryana, Rajasthan)",94.1,82.88336287106779,5.116217323881269,52.15602189781007,55,HIGH,['Predicted completion is significantly later than planned.'],Project 400078 is classified as HIGH risk because the projected completion date exceeds the planned schedule.
442,619318,4/6L Greenfield Ludhiana Rupnagar highway from Jn. with NE-5 village near to ManewalLudhiana to Jn. with NH-205 near Bheora Village Rupnagar from Km. 0.00 to Km. 37.7 including spur to Kharar with Ludhiana bypass of NH-205K Pkg-1,NHAI,Punjab,15.31,38.96019460738836,3.176790293006793,145.67715458276362,50,HIGH,"['Predicted completion is significantly later than planned.', 'Expenditure is high compared with physical progress.']",Project 619318 is classified as HIGH risk because the projected completion date exceeds the planned schedule and expenditure is high relative to the physical progress achieved.
443,617299,50 MW Wind Power Project,NLC India Limited,Gujarat,52.0,86.84347644852022,0.8003855773238431,107.06189555125712,50,HIGH,"['Predicted completion is significantly later than planned.', 'Expenditure is high compared with physical progress.']",Project 617299 is classified as HIGH risk because the projected completion date exceeds the planned schedule and expenditure is high relative to the physical progress achieved.
444,617245,Katihar-Kumedpur & Katihar-Mukuria 64.5 km Umbrella work PB57/2019-20/NR,CAO/C-II/NFR NFR mor,"Multi-States (Bihar, West Bengal)",65.0,101.09373673937027,51.45973011966392,0.0,50,HIGH,"['Predicted cost overrun is high.', 'Expenditure is high compared with physical progress.']",Project 617245 is classified as HIGH risk because the predicted total cost is significantly above the baseline and expenditure is high relative to the physical progress achieved.
445,615183,KHADIA EXPANSION [10 TO 16 MTP,NCL - CIL,"Multi-States (Madhya Pradesh, Uttar Pradesh)",57.12,77.22456118941567,0.1741005145725964,51.10883856829811,50,HIGH,"['Predicted completion is significantly later than planned.', 'Expenditure is high compared with physical progress.']",Project 615183 is classified as HIGH risk because the projected completion date exceeds the planned schedule and expenditure is high relative to the physical progress achieved.
446,709747,Bagodara Solar Power Project,Satluj Jal Vidyut Nigam [SJVN] Thermal Limited,Gujarat,51.86,109.03197288934727,9.031972889347276,12.656716417910452,50,HIGH,['Expenditure is high compared with physical progress.'],Project 709747 is classified as HIGH risk because expenditure is high relative to the physical progress achieved.
447,612845,Pachora-Jamner with extension upto Malkapur-Narrow gauge to broad gauge 84 km,CAOC/CR CR mor,Maharashtra,10.0,30.828248149970168,58.01129381718479,0.0,50,HIGH,"['Predicted cost overrun is high.', 'Expenditure is high compared with physical progress.']",Project 612845 is classified as HIGH risk because the predicted total cost is significantly above the baseline and expenditure is high relative to the physical progress achieved.
448,611669,NER Provision of Automatic Block Signalling on Gorakhpur Cantt[Excl] Chhapra Gramin & Burhwal Jn [Excl] Sitapur Jn section of high density routes,North Eastern Railway [NER],"Multi-States (Bihar, Uttar Pradesh)",25.0,67.98170683628143,0.5167030252057202,23.30898466033594,50,HIGH,"['Predicted completion is significantly later than planned.', 'Expenditure is high compared with physical progress.']",Project 611669 is classified as HIGH risk because the projected completion date exceeds the planned schedule and expenditure is high relative to the physical progress achieved.
449,705497,Wardha - Yavatmal Nanded Railway Line Project,Central Railways,Maharashtra,47.0,117.63802701620159,25.15733715685537,0.0,50,HIGH,"['Predicted cost overrun is high.', 'Expenditure is high compared with physical progress.']",Project 705497 is classified as HIGH risk because the predicted total cost is significantly above the baseline and expenditure is high relative to the physical progress achieved.
450,616841,Pushkar - Merta Katyasani 51.346 km,CAOC/NWR NWR mor,Rajasthan,7.0,30.273623130408684,-0.3724926216797879,51.04460093896714,50,HIGH,"['Predicted completion is significantly later than planned.', 'Expenditure is high compared with physical progress.']",Project 616841 is classified as HIGH risk because the projected completion date exceeds the planned schedule and expenditure is high relative to the physical progress achieved.
451,400112,Jigaon Irrigation Project,Department of water resources-MH - II,Maharashtra,92.0,145.60020490242906,45.600204902429056,1.623317178244433,50,HIGH,"['Predicted cost overrun is high.', 'Expenditure is high compared with physical progress.']",Project 400112 is classified as HIGH risk because the predicted total cost is significantly above the baseline and expenditure is high relative to the physical progress achieved.
452,611978,Dahod Rolling Stock Workshop Provision of Infrastructure for CBS at,PCE/WR,Gujarat,10.0,32.82911392405063,2.566455696202536,62.51709986320109,50,HIGH,"['Predicted completion is significantly later than planned.', 'Expenditure is high compared with physical progress.']",Project 611978 is classified as HIGH risk because the projected completion date exceeds the planned schedule and expenditure is high relative to the physical progress achieved.
453,618701,Balance work of 4L of Nauradehi Sanctuary de-scoped stretch of Hiran River to Sindoor River from Km. 66.00 to 130.00 NH-12 New NH-45,National Highways Authority of India [NHAI],Madhya Pradesh,57.14,79.8069368054776,-4.818049163767026,141.78082191780825,50,HIGH,"['Predicted completion is significantly later than planned.', 'Expenditure is high compared with physical progress.']",Project 618701 is classified as HIGH risk because the projected completion date exceeds the planned schedule and expenditure is high relative to the physical progress achieved.
454,602797,"Sainthia, Sitarampur, Mughalsarai, Allahabad & Etawah - Bypass 35 km",CAOC/ER ER mor,"Multi-States (Uttar Pradesh, West Bengal)",15.0,40.12433931201802,50.900485226583605,2.963110667995916,50,HIGH,"['Predicted cost overrun is high.', 'Expenditure is high compared with physical progress.']",Project 602797 is classified as HIGH risk because the predicted total cost is significantly above the baseline and expenditure is high relative to the physical progress achieved.
455,705933,Nimach-Ratlam 133 km,CAOCWR WR mor,Madhya Pradesh,100.0,135.79771507829324,74.6731211446509,0.0,50,HIGH,"['Predicted cost overrun is high.', 'Expenditure is high compared with physical progress.']",Project 705933 is classified as HIGH risk because the predicted total cost is significantly above the baseline and expenditure is high relative to the physical progress achieved.
456,400160,RAJRAPPA RCE OCP,CCL - CIL,Jharkhand,75.61,95.66604678477047,3.0262112165996875,175.93120070113912,50,HIGH,"['Predicted completion is significantly later than planned.', 'Expenditure is high compared with physical progress.']",Project 400160 is classified as HIGH risk because the projected completion date exceeds the planned schedule and expenditure is high relative to the physical progress achieved.
457,400205,Sahjanwa - Dohrighat 81.17 km,CAOC/NER NER mor,Uttar Pradesh,1.0,55.168024247016476,25.274961166887632,0.0,50,HIGH,"['Predicted cost overrun is high.', 'Expenditure is high compared with physical progress.']",Project 400205 is classified as HIGH risk because the predicted total cost is significantly above the baseline and expenditure is high relative to the physical progress achieved.
458,400174,"New Sinter Plant at BSL, SAIL",Steel Authority of India Limited [SAIL],Jharkhand,64.26,99.42940590516531,58.77344513109149,0.0,50,HIGH,"['Predicted cost overrun is high.', 'Expenditure is high compared with physical progress.']",Project 400174 is classified as HIGH risk because the predicted total cost is significantly above the baseline and expenditure is high relative to the physical progress achieved.
459,709813,New BG line intersection 5 nos between Geratpur-Sanand & Botad-Ahmedabad 16.51 km PB29/NR/2022-23,CAOCWR WR mor,Gujarat,22.0,106.1183413005192,39.276183069920506,0.0,50,HIGH,"['Predicted cost overrun is high.', 'Expenditure is high compared with physical progress.']",Project 709813 is classified as HIGH risk because the predicted total cost is significantly above the baseline and expenditure is high relative to the physical progress achieved.
460,618542,4L of existing Wayul Ganderbal Pandach Soura section of old NH-1 as a part of Srinagar Ring Road Phase IIA,NHAI,Jammu and Kashmir,0.02,32.008019517379644,51.01788690548066,0.2489740082079679,50,HIGH,"['Predicted cost overrun is high.', 'Expenditure is high compared with physical progress.']",Project 618542 is classified as HIGH risk because the predicted total cost is significantly above the baseline and expenditure is high relative to the physical progress achieved.
461,707057,Establishment of new GMC Leh,"Medical Education, Ministry of Health and Family Welfare",Ladakh,0.0,39.07692307692307,2.2183384615384862,151680.55190538763,50,HIGH,"['Predicted completion is significantly later than planned.', 'Expenditure is high compared with physical progress.']",Project 707057 is classified as HIGH risk because the projected completion date exceeds the planned schedule and expenditure is high relative to the physical progress achieved.
462,618002,Widening of existing single lane to intermediate lane road from Mokokchung to Chare via Dikhu in the state of Nagaland on EPC mode,MoRTH,Nagaland,0.0,51.65085782408128,1.900482040118245,45.690834473324216,50,HIGH,"['Predicted completion is significantly later than planned.', 'Expenditure is high compared with physical progress.']",Project 618002 is classified as HIGH risk because the projected completion date exceeds the planned schedule and expenditure is high relative to the physical progress achieved.
463,705244,Coach Production Factory Upgradation Project,CPM/ICF,Tamil Nadu,0.0,36.97115384615385,-2.9505961538461745,133.94715772618096,50,HIGH,"['Predicted completion is significantly later than planned.', 'Expenditure is high compared with physical progress.']",Project 705244 is classified as HIGH risk because the projected completion date exceeds the planned schedule and expenditure is high relative to the physical progress achieved.
464,705358,Khurda Road-Bolangir 301 km,CAO/C/ECOR ECoR mor,Odisha,93.0,127.24894514767932,54.29635021097041,0.0,50,HIGH,"['Predicted cost overrun is high.', 'Expenditure is high compared with physical progress.']",Project 705358 is classified as HIGH risk because the predicted total cost is significantly above the baseline and expenditure is high relative to the physical progress achieved.
465,618112,"Improvement and up-gradation of NH-227B 84 Kosi Parikrama Marg Package I, from km 228.920 Jagarnathpur to Km 235.960/0.000 MakhaudaDham to Km 29.000 Sarpur in the State of Uttar Pradesh on EPC basis",MoRTH,Uttar Pradesh,8.0,0.9556164383561645,5.248723287671292,21.80692167577404,45,MEDIUM,['Predicted completion is significantly later than planned.'],Project 618112 is classified as MEDIUM risk because the projected completion date exceeds the planned schedule.
466,701171,AIIMS Bibinagar,PMSSY AND Institute of NATIONAL Importance,Telangana,87.58,100.09143968871597,28.632791828793643,12.057302585604294,45,MEDIUM,['Predicted cost overrun is high.'],Project 701171 is classified as MEDIUM risk because the predicted total cost is significantly above the baseline.
467,709826,SCREENING PLANT-III AT KIRANDUL,National Mineral Development Corporation Limited [NMDC],Chhattisgarh,83.42,64.53855320651454,11.17416618852177,33.39922730199635,45,MEDIUM,['Predicted completion is significantly later than planned.'],Project 709826 is classified as MEDIUM risk because the projected completion date exceeds the planned schedule.
468,619166,Umagaon-Saharsa Package-V Bakaur-Parsarma-Bangaon-Bariyahi & Spur to Mahishi,NHAI,Bihar,99.5,66.28749918656862,11.675564521376844,34.23939808481544,45,MEDIUM,['Predicted completion is significantly later than planned.'],Project 619166 is classified as MEDIUM risk because the projected completion date exceeds the planned schedule.
469,615334,Transmission System for Evacuation of Power from Rajasthan REZ Ph-IV [Part-2 5.5 GW] [Jaisalmer/Barmer Complex] Part E [SPV Name POWERGRID Mewar Transmission Limited],Power Grid Corporation of India Limited [POWERGRID],"Multi-States (Madhya Pradesh, Rajasthan)",46.87,63.0,7.312666871731767,28.569863013698757,45,MEDIUM,['Predicted completion is significantly later than planned.'],Project 615334 is classified as MEDIUM risk because the projected completion date exceeds the planned schedule.
470,619089,Balance work of 4L of NarimbangloJatinga Junction- Harangajoroad section from Km 0.000 to Km 49.230 of NH-27,NHAI,Assam,98.0,72.93688939151195,29.893009350883183,16.514598540145982,45,MEDIUM,['Predicted cost overrun is high.'],Project 619089 is classified as MEDIUM risk because the predicted total cost is significantly above the baseline.
471,702808,Satna Sewerage Management and Treatment Infrastructure Project,Ministry of Housing & Urban Affairs,Madhya Pradesh,96.0,104.57297974524953,11.885675506368662,33.103135625236,45,MEDIUM,['Predicted completion is significantly later than planned.'],Project 702808 is classified as MEDIUM risk because the projected completion date exceeds the planned schedule.
472,616616,"Sewer Networks, SPS and STP at Hajipur",National Mission for Clean Ganga,Bihar,95.0,113.52272354926438,13.522723549264388,20.55681389203465,45,MEDIUM,['Predicted completion is significantly later than planned.'],Project 616616 is classified as MEDIUM risk because the projected completion date exceeds the planned schedule.
473,617969,Construction of 4 Lane ROB and its approaches at the level crossing LC No 29 B of Km 29 Ekangarsarai at NH 110 New NH 33 & Railway Km 32.63 at Fatwa FUT Islampur IPR section in the state of Bihar on EPC mode.,MoRTH,Bihar,62.0,0.004973145016908692,6.749751342749261,23.06438356164382,45,MEDIUM,['Predicted completion is significantly later than planned.'],Project 617969 is classified as MEDIUM risk because the projected completion date exceeds the planned schedule.
474,617928,"Widening 2 lane to 4-lane from KM 92/320 to Km 115/320 Vav Chokdi-Satlasana to to Vrundavan Chokdi, Kheralu on NH-58 in the State of Gujarat.",MoRTH,Gujarat,98.0,0.0,5.479719446833904,20.404109589041045,45,MEDIUM,['Predicted completion is significantly later than planned.'],Project 617928 is classified as MEDIUM risk because the projected completion date exceeds the planned schedule.
475,619080,4L PS of Ambala Ring Road of New NH-44,NHAI,Haryana,92.97,54.47386472767184,6.54975991219662,47.811217510259866,45,MEDIUM,['Predicted completion is significantly later than planned.'],Project 619080 is classified as MEDIUM risk because the projected completion date exceeds the planned schedule.
476,615338,TRANSMISSION SYSTEM FOR EVACUATION OF POWER FROM RAJASTHAN REZ PH -IV [PART-2 5.5 GW] [JAISALMER/BARMER COMPLEX] PART F [SPV Name POWERGRID BARMER I TRANSMISSION LIMITED],Power Grid Corporation of India Limited [POWERGRID],Rajasthan,47.28,41.0,5.3333711151737,28.05205479452038,45,MEDIUM,['Predicted completion is significantly later than planned.'],Project 615338 is classified as MEDIUM risk because the projected completion date exceeds the planned schedule.
477,618923,4L Behsuma at Km 39.250 Ex. Km 39240 To Bijnor at Km 78.810 Ex. Km 86590 Design Length 39.560 Km of NH-119 Pkg-II,NHAI,Uttar Pradesh,70.12,57.180057455286814,13.20986006857555,35.35753424657534,45,MEDIUM,['Predicted completion is significantly later than planned.'],Project 618923 is classified as MEDIUM risk because the projected completion date exceeds the planned schedule.
478,619069,Satara Km 725.000 to Pune Km 865.350 of NH - 4 New NH - 48 in Maharashtra,NHAI,Maharashtra,99.05,106.9998894172288,9.766974455379817,39.19290780141824,45,MEDIUM,['Predicted completion is significantly later than planned.'],Project 619069 is classified as MEDIUM risk because the projected completion date exceeds the planned schedule.
479,701167,AIIMS Kashmir at Awantipora Jammu & Kashmir,PMSSY AND Institute of NATIONAL Importance,Jammu and Kashmir,79.0,87.67013129102844,23.29602844638952,14.430077016619508,45,MEDIUM,['Predicted cost overrun is high.'],Project 701167 is classified as MEDIUM risk because the predicted total cost is significantly above the baseline.
480,618246,Construction of New 4-Lane Bridge Parallel to existing Vikramashila Setufrom km 8920 to Km 13375including approach road 35m Naugachhia side &53 m Bhagalpur sideacross River Ganga on newly declared NH-131B at Bhagalpur in the State of Bihar,MoRTH,Bihar,52.6,47.069526134224446,8.492528575160033,35.789869952087415,45,MEDIUM,['Predicted completion is significantly later than planned.'],Project 618246 is classified as MEDIUM risk because the projected completion date exceeds the planned schedule.
481,618412,Construction of i Connecting Road from Z-Morh Tunnel to Zojila Tunnel Road Length 18.475km and ii 14.150 Km long 2-L Bi-directional single tube Zoji-la Tunnel across Zojila Pass on Sonamarg - Kargil section from Km 82 to Km 118 of NH-01 under PMDP,NHIDCL,Andhra Pradesh,68.8,52.499085727210385,7.508438480823655,22.2174919018974,45,MEDIUM,['Predicted completion is significantly later than planned.'],Project 618412 is classified as MEDIUM risk because the projected completion date exceeds the planned schedule.
482,706759,Rampur Dumra-Tal-Rajendrapul - Addl bridge and doubling 14 km,CGM/CIVIL ECR mor,Bihar,95.0,85.44598169899396,11.3759415918167,20.599785790789,45,MEDIUM,['Predicted completion is significantly later than planned.'],Project 706759 is classified as MEDIUM risk because the projected completion date exceeds the planned schedule.
483,612138,"Transmission Scheme for Solar Energy Zone in Bidar [2500 MW], Karnataka [Bidar Transmission Ltd]",Power Grid Corporation of India Limited [POWERGRID],"Multi-States (Karnataka, Telangana)",96.84,92.0,6.490709064327463,27.29411764705896,45,MEDIUM,['Predicted completion is significantly later than planned.'],Project 612138 is classified as MEDIUM risk because the projected completion date exceeds the planned schedule.
484,705567,Burhwal - Gonda - 3rd line 61.72 km,CAOC/NER NER mor,Uttar Pradesh,100.0,76.49704724409449,17.51319881889752,34.66908077994428,45,MEDIUM,['Predicted completion is significantly later than planned.'],Project 705567 is classified as MEDIUM risk because the projected completion date exceeds the planned schedule.
485,400169,Redevelopment of Linch Field,Oil and Natural Gas Corporation Limited [ONGC],Gujarat,93.7,98.60703928497854,10.78758537628947,35.93566433566435,45,MEDIUM,['Predicted completion is significantly later than planned.'],Project 400169 is classified as MEDIUM risk because the projected completion date exceeds the planned schedule.
486,400168,"500 KTA PDHPP Project, Usar",Gas Authority of India Limited [GAIL],Maharashtra,91.9,100.73752415596225,11.312657724224158,39.3086926762492,45,MEDIUM,['Predicted completion is significantly later than planned.'],Project 400168 is classified as MEDIUM risk because the projected completion date exceeds the planned schedule.
487,400254,Sakri-Hasanpur 79 km,CAO/Con/North/MHX ECR mor,Bihar,80.0,83.74455930359086,9.635568552774595,36.74601641718976,45,MEDIUM,['Predicted completion is significantly later than planned.'],Project 400254 is classified as MEDIUM risk because the projected completion date exceeds the planned schedule.
488,705450,Jogbani-Biratnagar New Rail Line project,Indian Railway Construction International Limited [IRCON],Bihar,86.5,91.91044776119404,13.329850746268615,42.483443708609336,45,MEDIUM,['Predicted completion is significantly later than planned.'],Project 705450 is classified as MEDIUM risk because the projected completion date exceeds the planned schedule.
489,618377,Improvement/Widening to 2-L with Paved Shoulder/4-L from Km 81740 to Km 93490 design Km 0000 to Km 10670 of NH-40 New NH-106 & 206 section & 4-L from design Km 0.00 to Km 0.930 of NH-44 section between Shillong-Dawki under JICA ODA Loan assistance Phase-II -Balance Work Pkg-1,NHIDCL,Meghalaya,100.0,69.24982911825018,5.947909546593756,37.34610123119015,45,MEDIUM,['Predicted completion is significantly later than planned.'],Project 618377 is classified as MEDIUM risk because the projected completion date exceeds the planned schedule.
490,617254,Replacement of remaining 04 sets of Battery Cyclones with 04 Nos. of ESPs in Sinter Plant-1 at Bokaro Steel Plant,Steel Authority of India Limited [SAIL],Jharkhand,53.15,48.98029726927065,12.519491492875453,28.439949431099933,45,MEDIUM,['Predicted completion is significantly later than planned.'],Project 617254 is classified as MEDIUM risk because the projected completion date exceeds the planned schedule.
491,611918,Kosamba- Umarpada 69.70 Km PB32/WR/2023-24,CAOCWR WR mor,Gujarat,31.0,31.277777777777775,20.046068376068405,6.50909090909084,45,MEDIUM,['Predicted cost overrun is high.'],Project 611918 is classified as MEDIUM risk because the predicted total cost is significantly above the baseline.
492,705528,Muzaffarpur - Sagauli 100.6 km,CAO/Con/North/MHX ECR mor,Bihar,99.0,98.03783102143758,15.660750315258426,39.97967691505994,45,MEDIUM,['Predicted completion is significantly later than planned.'],Project 705528 is classified as MEDIUM risk because the projected completion date exceeds the planned schedule.
493,604833,"Andheri Residential Towers, Mumbai",Indian Oil Corporation Limited [IOCL],Maharashtra,86.0,99.96090279011906,25.448373911497924,14.943272224143987,45,MEDIUM,['Predicted cost overrun is high.'],Project 604833 is classified as MEDIUM risk because the predicted total cost is significantly above the baseline.
494,709753,Haldia Panagarh Pipeline Project,Hindustan Petroleum Corporation Limited,West Bengal,98.3,87.54455445544555,13.066049504950502,24.802919708029343,45,MEDIUM,['Predicted completion is significantly later than planned.'],Project 709753 is classified as MEDIUM risk because the projected completion date exceeds the planned schedule.
495,612201,"Construction of 200 bedded ESIC Hospital with 62 Nos Staff quarters , Beltola",Employee's State Insurance Company [ESIC],Assam,98.0,90.81896250785452,15.53166236123714,31.96478873239443,45,MEDIUM,['Predicted completion is significantly later than planned.'],Project 612201 is classified as MEDIUM risk because the projected completion date exceeds the planned schedule.
496,706777,Baranagar-Barrackpore and Dakshineshwar- Construction of Metro Railway,RVNL - II,West Bengal,17.0,18.692776327241077,12.107989556135784,23.12469357738189,45,MEDIUM,['Predicted completion is significantly later than planned.'],Project 706777 is classified as MEDIUM risk because the projected completion date exceeds the planned schedule.
497,619139,Construction of New Double Tier 4L Elevated Corridor from Chennai Port to Maduravoyal in Chennai District from km -0.342 to Km 20.593 and Package III from Km 9.700 to Km 14.185,NHAI,Tamil Nadu,17.24,14.879633050116983,-1.4062692402413,113.48684210526363,40,MEDIUM,['Predicted completion is significantly later than planned.'],Project 619139 is classified as MEDIUM risk because the projected completion date exceeds the planned schedule.
498,619138,Yekkambi-Haveri,NHAI,Karnataka,24.7,32.17704161292512,-5.345054646663394,186.10533515731905,40,MEDIUM,['Predicted completion is significantly later than planned.'],Project 619138 is classified as MEDIUM risk because the projected completion date exceeds the planned schedule.
499,617894,"Construction or 4 lane Raniganj Bypass of length 5.261 km on NH-60 new NH-14 from km 273.00 of NH to km 478.18 of NH-2 New NH 16 in paschim Bardhaman, West Bengal in EPC Mode- reg. Job No. 014-WB-2022-23/514",MoRTH,West Bengal,67.28,44.94316383905751,-0.864591193437528,55.73698630137002,40,MEDIUM,['Predicted completion is significantly later than planned.'],Project 617894 is classified as MEDIUM risk because the projected completion date exceeds the planned schedule.
500,617892,Construction of 2-lane road of Potin to Pangin section of NH-13 from Km 163.59 to Km 206.66 Package-5 on EPC Mode in the State of Arunachal Pradesh under Arunachal Pradesh Package of Roads and Highways of SARDP-NE [Job No SARDP-NE/P- P/Pkg-A/NH-13/Ar.Pr./PWD/2018-19/116],MoRTH,Arunachal Pradesh,96.61,76.55830467103073,-0.0171086208808176,88.85844748858447,40,MEDIUM,['Predicted completion is significantly later than planned.'],Project 617892 is classified as MEDIUM risk because the projected completion date exceeds the planned schedule.
501,617891,"Construction of Two lane with Paved Shoulder for Fatehpur Bypass Design Km 0.000 to Km 7.400 , Mandawa Bypass Design Km 20.925 to Km 27.300 & Jhunjhunu Bypass Design Km 41.625 to Km 54.689 of NH-11 on EPC Mode in the state of Rajasthan .",MoRTH,Rajasthan,100.0,35.80439100327447,4.357560792313221,116.636197440585,40,MEDIUM,['Predicted completion is significantly later than planned.'],Project 617891 is classified as MEDIUM risk because the projected completion date exceeds the planned schedule.
502,619095,Balance works of 4L Panvel Indapur section of NH66 old NH17 from km 42.300 kasu to km 84.600 Indapur,NHAI,Maharashtra,96.73,77.01302979284092,-10.414665837054532,152.0109689213897,40,MEDIUM,['Predicted completion is significantly later than planned.'],Project 619095 is classified as MEDIUM risk because the projected completion date exceeds the planned schedule.
503,619094,Thorapalli - Agraharam - Jittandahalli Section from km 23.350 to km 60.100 [Hosur to Dhamrapuri Pkg-2],NHAI,Tamil Nadu,77.57,66.57285074422832,2.5305933723071927,151.3123287671234,40,MEDIUM,['Predicted completion is significantly later than planned.'],Project 619094 is classified as MEDIUM risk because the projected completion date exceeds the planned schedule.
504,617889,Treatment of landslide zone from location no. 01 to 28 km 62.860 to 152.750 on NH- 12509 in the State of Uttarakhand under EPC mode in NHO Annual Plan 2022-23,MoRTH,Uttarakhand,98.5,0.0,2.124596816148119,207.65027322404373,40,MEDIUM,['Predicted completion is significantly later than planned.'],Project 617889 is classified as MEDIUM risk because the projected completion date exceeds the planned schedule.
505,617888,Landslide treatment work on NH 58 from Kodiyala Km. 266.130 to Devprayag Km. 296.925 10 location under EPC mode in the State of Uttarakhand on EPC Mode,MoRTH,Uttarakhand,99.0,0.0,2.294276513971116,140.71038251366116,40,MEDIUM,['Predicted completion is significantly later than planned.'],Project 617888 is classified as MEDIUM risk because the projected completion date exceeds the planned schedule.
506,617887,Beawer Gomti 4LPS from km 58.245 to km 108.600 Pkg-I,MoRTH,Rajasthan,100.0,54.44716926403501,-1.1599556997073084,133.4246575342466,40,MEDIUM,['Predicted completion is significantly later than planned.'],Project 617887 is classified as MEDIUM risk because the projected completion date exceeds the planned schedule.
507,617885,Rehabilitation and Up-gradation of Nongstoin Wahkaji section of Project Road Km 0000 to Km 43060 to Intermediate Lane with earthern shoulder under SARDP-NE Phase-A in the State of Meghalaya on EPC mode. Job No- SARDP-NE ong-Don- Maw/MG/2020-21/294,MoRTH,Meghalaya,99.62,61.99484944532488,-1.416963814051711,195.05494505494505,40,MEDIUM,['Predicted completion is significantly later than planned.'],Project 617885 is classified as MEDIUM risk because the projected completion date exceeds the planned schedule.
508,619093,4L Ismailabad to Ambala Section of NH-152 Lot-4/Package-1,NHAI,"Multi-States (Haryana, Punjab)",76.3,50.54815203833781,-19.46807917022266,56.89466484268122,40,MEDIUM,['Predicted completion is significantly later than planned.'],Project 619093 is classified as MEDIUM risk because the projected completion date exceeds the planned schedule.
509,619087,Widening to 6L of Existing 4L Jetpur - Gondal - Rajkot Section from Km. 117.600 to Km. 185.00 on NH-27,NHAI,Gujarat,76.83,53.95036803771179,-19.20289890071685,64.8071135430918,40,MEDIUM,['Predicted completion is significantly later than planned.'],Project 619087 is classified as MEDIUM risk because the projected completion date exceeds the planned schedule.
510,619086,Chengapalli km 102.035 to Neelambur Km144.680 and Madukkarai Km 170.880 to Walayar K183.010 Package No. NS-2/BOT/TN-08,NHAI,Tamil Nadu,100.0,0.5803932886013644,-50.4465260575743,548.774122807017,40,MEDIUM,['Predicted completion is significantly later than planned.'],Project 619086 is classified as MEDIUM risk because the projected completion date exceeds the planned schedule.
511,619084,Start of Karur Bypass - Dindigul from km. 292.600 to km. 305.600 Contract Package No. NS2/BOT/TN-4,National Highways Authority of India [NHAI],Tamil Nadu,100.0,9.160636131212897,-4.172162759457463,691.2880613362548,40,MEDIUM,['Predicted completion is significantly later than planned.'],Project 619084 is classified as MEDIUM risk because the projected completion date exceeds the planned schedule.
512,619083,Thumbipadi-Namakkal from km. 180.00 to km. 248.625 Package No. NS-2/BOT/TN- 02,National Highways Authority of India [NHAI],Tamil Nadu,100.0,80.86721715649826,-1.134856963957255,688.306010928962,40,MEDIUM,['Predicted completion is significantly later than planned.'],Project 619083 is classified as MEDIUM risk because the projected completion date exceeds the planned schedule.
513,619164,Belgaum-Khanapur Pkg I Km 0.000-Km 30.800 of NH-4A,NHAI,Karnataka,75.72,75.5842872436795,3.740121880919149,217.2120218579232,40,MEDIUM,['Predicted completion is significantly later than planned.'],Project 619164 is classified as MEDIUM risk because the projected completion date exceeds the planned schedule.
514,619059,Construction of 2-Lane with hard shoulders of Merangkong-Tamlu-Mon Road on EPC Basis from existing road Km. 76.640 to Km 98.065 Design chainage Km. 63.800 to Km. 86.835 Design Length-23.035 Km in the state of Nagaland under SARDP-NE PKG-IV Balance work,NHIDCL,Nagaland,79.03,45.48737576393604,-0.2249830236433852,59.97127222982205,40,MEDIUM,['Predicted completion is significantly later than planned.'],Project 619059 is classified as MEDIUM risk because the projected completion date exceeds the planned schedule.
515,617924,Construction of bypass to Nayagarh town from km 235.469 to 252.482 of NH-57 including land acquisition in the state of Odisha.,MoRTH,Odisha,100.0,27.41317883661306,-0.9697665900841348,56.34807417974324,40,MEDIUM,['Predicted completion is significantly later than planned.'],Project 617924 is classified as MEDIUM risk because the projected completion date exceeds the planned schedule.
516,617921,Widening and strengthening to 2LPS including LA of Kandarpur-Balikuda from km 277/500 to 318/970 of NH-55 in the State of Odisha under Annual Plan 2021-22.,MoRTH,Odisha,66.0,26.283038876328057,-0.1252325976909395,72.33515731874131,40,MEDIUM,['Predicted completion is significantly later than planned.'],Project 617921 is classified as MEDIUM risk because the projected completion date exceeds the planned schedule.
517,617919,Construction of 4 Nos Grade separtor between km. 281.000 to km. 307.600 km. 286.400 kumhari km. 299.000 Transport Nagar km. 302.000 Power House km. 304.000 Chandra Moura Chowk to km. 305.000 supeia of NH-53 old NH-06 Raipur - Durg 4 Lane on EPC mode in the state of chhattisgarh job NO. NH-53old NH-06 CG- 2017-18-56,MoRTH,Chhattisgarh,97.9,87.10999054522534,1.6110936022690636,274.5554035567716,40,MEDIUM,['Predicted completion is significantly later than planned.'],Project 617919 is classified as MEDIUM risk because the projected completion date exceeds the planned schedule.
518,617917,"Construction of 4 Lane Flyover at Nagpur RTO Chowk To Nagpur University Campus from Ch 2/250 to 5/100 and 4 lane flyover at wadi/midc junction from km 8/360 to km, 10/300 on NH 53 in state of Maharashtra.",MoRTH,Maharashtra,95.0,0.0,1.6706973247289425,108.20793433652533,40,MEDIUM,['Predicted completion is significantly later than planned.'],Project 617917 is classified as MEDIUM risk because the projected completion date exceeds the planned schedule.
519,617914,Upgradation and reconstruction of Shahpura-Dindori Section of NH 45 from Km 103.700 Design to Km 164.580 Design including 3 bypasses Total length 60.88km to Two lane with paved shoulder configuration along with One time improvement in 03 nos of bypassed built-up areas in a total length of 12.341 km in the State of Madhya Pradesh on EPC mode,MoRTH,Madhya Pradesh,41.25,21.050449778219956,2.644737387555512,75.13142857142891,40,MEDIUM,['Predicted completion is significantly later than planned.'],Project 617914 is classified as MEDIUM risk because the projected completion date exceeds the planned schedule.
520,619077,6 laning of Balance Work of Chennai - Tada from km. 21.40 to km. 54.40,NHAI,"Multi-States (Andhra Pradesh, Tamil Nadu)",100.0,83.8900606947613,-3.231780810124373,320.97286821705444,40,MEDIUM,['Predicted completion is significantly later than planned.'],Project 619077 is classified as MEDIUM risk because the projected completion date exceeds the planned schedule.
521,619075,6L of Bhubaneswar - Jagatpur - Chandikhole Section of NH-16,National Highways Authority of India [NHAI],Odisha,97.48,8.169873298920695,-2.478210542781224,476.6703176341731,40,MEDIUM,['Predicted completion is significantly later than planned.'],Project 619075 is classified as MEDIUM risk because the projected completion date exceeds the planned schedule.
522,619074,6-laning of Krishnagiri Km.0.000 to Walajahpet Km.148.300 section on NH-46 under NHDP-V,NHAI,Tamil Nadu,99.99,42.30353161962024,-36.7701727857898,505.8730853391683,40,MEDIUM,['Predicted completion is significantly later than planned.'],Project 619074 is classified as MEDIUM risk because the projected completion date exceeds the planned schedule.
523,617907,Rehabilitation and Up-gradation from Km 170700 Bhadrachalam to Km 234567 Konta on NH-30 to Two lane with Paved Shoulder in the State of Andra Pradesh on EPC mode.,MoRTH,Andhra Pradesh,100.0,50.72806072141071,-0.4324795340412481,83.03693570451438,40,MEDIUM,['Predicted completion is significantly later than planned.'],Project 617907 is classified as MEDIUM risk because the projected completion date exceeds the planned schedule.
524,617905,Construction of 4 lane ROB with approaches in lieu of LC No. RV-172 at km 176.00 of NH-201 present NH-26 at Kesinga including land acquisition in the state of Odisha on EPC mode under Annual Plan 2021-22,MoRTH,Odisha,78.0,27.30105834798976,-1.6180690548921333,92.88098495212034,40,MEDIUM,['Predicted completion is significantly later than planned.'],Project 617905 is classified as MEDIUM risk because the projected completion date exceeds the planned schedule.
525,617901,Widening of Pachpadra-Bagundi Section to 4 Lane from Km 73/60 to 95/70 of NH-25 on EPC mode in the state of Rajasthan.,MoRTH,Rajasthan,98.58,28.37130541871921,0.1149425287355539,78.9329685362517,40,MEDIUM,['Predicted completion is significantly later than planned.'],Project 617901 is classified as MEDIUM risk because the projected completion date exceeds the planned schedule.
526,617900,Upgradation to Two Lane Paved Shoulder in km 33/0 to 126/520 of NH-23 Old NH- 11B Kothun-Lalsot-Karoli-Dholpur road in the state of Rajasthan under EPC mode Length-93.52 Km.,MoRTH,Rajasthan,99.0,8.12737325960962,2.2363600026647874,83.03693570451438,40,MEDIUM,['Predicted completion is significantly later than planned.'],Project 617900 is classified as MEDIUM risk because the projected completion date exceeds the planned schedule.
527,617897,Construction of proposed 4Lane Revelgunj bypass NH-19 in the State of Bihar on EPC mode connecting NH 19 to 85 origin,MoRTH,Bihar,88.65,14.964097005825769,0.6675247256470651,65.09575923392597,40,MEDIUM,['Predicted completion is significantly later than planned.'],Project 617897 is classified as MEDIUM risk because the projected completion date exceeds the planned schedule.
528,617895,Construction of Mangaldoi Bypass NH-15 starting at Ch 26400 and terminating at Ch 41505 under Rangia NH Division L 15.105 Km in the State of Assam. Job No. 15/AS/2021-22/234,MoRTH,Assam,76.32,39.11369455918361,0.1032465469225026,79.90287277701785,40,MEDIUM,['Predicted completion is significantly later than planned.'],Project 617895 is classified as MEDIUM risk because the projected completion date exceeds the planned schedule.
529,619013,"Construction of Balance Work of 4-Laning of the Section from Jhanji to Demow of NH- 37 Old from Km 501.800 to Km 514.800 13.000 Km, under SARDP- NE under EPC Mode in the state of Assam Pkg-II Road Works",NHIDCL,Assam,73.88,21.853133107948743,2.7136174227534235,55.6608315098468,40,MEDIUM,['Predicted completion is significantly later than planned.'],Project 619013 is classified as MEDIUM risk because the projected completion date exceeds the planned schedule.
530,619071,Tumkur - Nelamangala 6L,NHAI,Karnataka,61.36,53.45274709051989,-11.209767979725866,51.5629562043796,40,MEDIUM,['Predicted completion is significantly later than planned.'],Project 619071 is classified as MEDIUM risk because the projected completion date exceeds the planned schedule.
531,619070,Tumkur-Chitradurga,National Highways Authority of India [NHAI],Karnataka,100.0,1.0035756853396902,-45.00388557806912,500.4529540481405,40,MEDIUM,['Predicted completion is significantly later than planned.'],Project 619070 is classified as MEDIUM risk because the projected completion date exceeds the planned schedule.
532,619068,Construction of Greenfield Connectivity to Jewar International Airport from DND- Faridabad-Ballabhgarh Bypass KMP Link - Spur to Delhi Mumbai Expressway,NHAI,"Multi-States (Haryana, Uttar Pradesh)",76.3,60.69353474692624,3.2471607736528965,89.46374829001373,40,MEDIUM,['Predicted completion is significantly later than planned.'],Project 619068 is classified as MEDIUM risk because the projected completion date exceeds the planned schedule.
533,619065,4L Expressway from Km 26.400 to km 53.500 of Malur to Bangarpet section of Bangalore-Chennai Expressway Phase-I Package-II,NHAI,Karnataka,99.8,63.237249283667616,4.415300859598973,148.67397260274004,40,MEDIUM,['Predicted completion is significantly later than planned.'],Project 619065 is classified as MEDIUM risk because the projected completion date exceeds the planned schedule.
534,619144,Hospet - Chitradurga from km. 299.00 to km. 418.750,National Highways Authority of India [NHAI],Karnataka,100.0,2.4149185376253524,-24.338411023083232,311.275219298246,40,MEDIUM,['Predicted completion is significantly later than planned.'],Project 619144 is classified as MEDIUM risk because the projected completion date exceeds the planned schedule.
535,619140,6L of Naidupeta Junction - Turpukanupur Section from km 57.046 to km 91.927,NHAI,Andhra Pradesh,53.7,27.79946241171256,-3.699393783420525,79.5225718194254,40,MEDIUM,['Predicted completion is significantly later than planned.'],Project 619140 is classified as MEDIUM risk because the projected completion date exceeds the planned schedule.
536,619181,Rehabilitation and Up gradation from 4 to 8 laning of Chandikhole Paradip Section of NH-53 Old NH 5A from Km.60.000 to Km.76.646 Package-4,NHAI,Odisha,36.02,22.286815117003794,4.843197914895947,52.62517882689579,40,MEDIUM,['Predicted completion is significantly later than planned.'],Project 619181 is classified as MEDIUM risk because the projected completion date exceeds the planned schedule.
537,619168,6L access controlled Greenfield highway of Junction of EPE Vill.-Mavikalan to Vill.- Lohadda from Km. 0.000 to Km. 27.000 Pkg-1,NHAI,Uttar Pradesh,99.29,88.81795716639209,-3.2202648394987072,95.74965800273633,40,MEDIUM,['Predicted completion is significantly later than planned.'],Project 619168 is classified as MEDIUM risk because the projected completion date exceeds the planned schedule.
538,617270,Eastern Region Expansion Scheme-44 [ERES-44],Power Grid Corporation of India Limited [POWERGRID],"Multi-States (Bihar, West Bengal)",1.5,1.4989974079327042,-0.5822859099134573,66.17216117216131,40,MEDIUM,['Predicted completion is significantly later than planned.'],Project 617270 is classified as MEDIUM risk because the projected completion date exceeds the planned schedule.
539,617256,Rebuilding of Coke Oven Battery No.7 & 8 at Bhilai Steel Plant,Steel Authority of India Limited [SAIL],Chhattisgarh,94.73,78.47867888247936,4.25200769143767,51.74334898278576,40,MEDIUM,['Predicted completion is significantly later than planned.'],Project 617256 is classified as MEDIUM risk because the projected completion date exceeds the planned schedule.
540,619131,Four Laning of Chettikulam to Natham section of NH-785,NHAI,Tamil Nadu,99.75,76.63829228399851,1.393488616420438,282.90013679890563,40,MEDIUM,['Predicted completion is significantly later than planned.'],Project 619131 is classified as MEDIUM risk because the projected completion date exceeds the planned schedule.
541,617251,Revamping of Air Pollution Control Systems of SP-1 at Durgapur Steel Plant,Steel Authority of India Limited [SAIL],West Bengal,34.58,33.47250509164969,-0.0048879837067385,54.988372093023216,40,MEDIUM,['Predicted completion is significantly later than planned.'],Project 617251 is classified as MEDIUM risk because the projected completion date exceeds the planned schedule.
542,619045,Construction of New Double Tier 4L Elevated Corridor from Chennai Port to Maduravoyal in Chennai District from km -0.342 to Km 20.593 and Package IV from Km 14.185 to Km 20.593,NHAI,Tamil Nadu,8.58,7.313754770200763,-5.909150489464046,113.48684210526363,40,MEDIUM,['Predicted completion is significantly later than planned.'],Project 619045 is classified as MEDIUM risk because the projected completion date exceeds the planned schedule.
543,619043,Capacity Augmentation in the stretch of DhulePimpalgaon section of NH60 Km. 261.720 to Km. 380.000 by Construction of Slip/Service Road on either side at various locations total length 30.30 Km LHSRHS and Flyover 2 x 30m at Sawadgaon Phata Km. 310.415,NHAI,Maharashtra,5.1,3.190586306823171,-5.707197845622375,189.04918032786907,40,MEDIUM,['Predicted completion is significantly later than planned.'],Project 619043 is classified as MEDIUM risk because the projected completion date exceeds the planned schedule.
544,619038,Construction/upgradation to 2-lane with paved shoulder from Design Km 95.55 Bandarkoot to Km. 111.06 Chattroo of 15.52 Km length on Khellani-Kishtwar-Chattroo section on NH-244 in UT of Jammu and Kashmir on EPC Mode Pkg-5,NHIDCL,Jammu and Kashmir,99.97,54.481079884930296,1.0221287895550368,226.9581056466302,40,MEDIUM,['Predicted completion is significantly later than planned.'],Project 619038 is classified as MEDIUM risk because the projected completion date exceeds the planned schedule.
545,619029,Transmission System for Reliable Power Supply to Dholera,Power Grid Corporation of India Limited [POWERGRID],Gujarat,35.2,21.999248638156658,-0.0022853922736338,50.924908424908224,40,MEDIUM,['Predicted completion is significantly later than planned.'],Project 619029 is classified as MEDIUM risk because the projected completion date exceeds the planned schedule.
546,617940,"Rehabilitation and Upgradation of LB-Nagar to Malkapur section to 6-Lane main carriageway with service roads, drains cum footpath, including VUPs and widening of Minor bridge & road safety provisions from Km. 15/00 to Km 40/00 of NH-65 Old NH-9 under NH O for the year 2020-21 in the state of Telangana on EPC Mode.",MoRTH,Telangana,83.47,53.26631322118472,-0.0165287740089794,114.11491108071104,40,MEDIUM,['Predicted completion is significantly later than planned.'],Project 617940 is classified as MEDIUM risk because the projected completion date exceeds the planned schedule.
547,617936,Widening to two/four lane with paved shoulder from Km.180.600 to Km.223.000 of NH-63 on Nizamabad-Jagadalpur road on EPC mode under NHO in the state of Telangana.,MoRTH,Telangana,100.0,0.0,-19.53494232056385,366.986301369863,40,MEDIUM,['Predicted completion is significantly later than planned.'],Project 617936 is classified as MEDIUM risk because the projected completion date exceeds the planned schedule.
548,619163,4L of Baramati to Indapur Pkg-II from km. 41.400 to km. 84.550 of NH-965G Saint Tukaram Marg,NHAI,Maharashtra,86.2,72.79177881086372,-8.025759182230916,160.97808219178103,40,MEDIUM,['Predicted completion is significantly later than planned.'],Project 619163 is classified as MEDIUM risk because the projected completion date exceeds the planned schedule.
549,619162,4L of Najibabad Bypass from Km. 105.423 to Km. 118.373 excluding 2.45 Km. of NH- 74 Bypass of NH-119,NHAI,Uttar Pradesh,100.0,76.28282758382063,-3.8472025189438894,139.33759124087598,40,MEDIUM,['Predicted completion is significantly later than planned.'],Project 619162 is classified as MEDIUM risk because the projected completion date exceeds the planned schedule.
550,619160,Balance works in AP Portion and punch list items in TN & AP portion of NH-205,NHAI,Andhra Pradesh,100.0,59.164064376651446,-35.076867643526306,99.2727272727273,40,MEDIUM,['Predicted completion is significantly later than planned.'],Project 619160 is classified as MEDIUM risk because the projected completion date exceeds the planned schedule.
551,619155,Upgradation and 4L of Haridwar Bypass from Km 0.000 Km 188.100 of NH-58 to Km. 15.100 Km 5.100 of NH 74 PKg-1,NHAI,Uttarakhand,80.36,48.05507551984228,-7.767445052374092,106.74965800273571,40,MEDIUM,['Predicted completion is significantly later than planned.'],Project 619155 is classified as MEDIUM risk because the projected completion date exceeds the planned schedule.
552,619203,Vadape to Thane from km 539.202 to km 563.000 section of NH-3 new NH-848,NHAI,Maharashtra,87.0,39.257095425086995,2.771405995594314,208.23026315789505,40,MEDIUM,['Predicted completion is significantly later than planned.'],Project 619203 is classified as MEDIUM risk because the projected completion date exceeds the planned schedule.
553,619199,Bangalore Chennai Expressway Phase-II Pkg-I from km.71.000 to Km 96.000 Bethamangala in the state of Karnataka to Byreddypalli,NHAI,"Multi-States (Andhra Pradesh, Karnataka)",99.2,52.79537024560109,0.2696222012608859,87.27770177838579,40,MEDIUM,['Predicted completion is significantly later than planned.'],Project 619199 is classified as MEDIUM risk because the projected completion date exceeds the planned schedule.
554,617932,Construction of New Four Lane Bypass to Parbhani City Parwa to Asola Km 463/265 to Km 481/180 Design Ch. 19220 to Ch. 34434 Length-15.214 Km section of NH-61 on EPC mode in the State of Maharashtra.,MoRTH,Maharashtra,70.14,42.31837951030928,-0.0964884020618883,154.17467248908287,40,MEDIUM,['Predicted completion is significantly later than planned.'],Project 617932 is classified as MEDIUM risk because the projected completion date exceeds the planned schedule.
555,617931,Construction of ROB and its approaches in lieu of LC No. 10/B/T at Km 307.050 of NH-60.,MoRTH,West Bengal,17.08,13.21614165650863,-0.005709886443948,65.30095759233939,40,MEDIUM,['Predicted completion is significantly later than planned.'],Project 617931 is classified as MEDIUM risk because the projected completion date exceeds the planned schedule.
556,617929,Construction of 2 lane with paved shoulder of Kund Bypass from Design Km 35.130 to Km 47.700 existing Km 33.130 to Km 41.260 of NH-109 in the State of Uttarakhand,MoRTH,Uttarakhand,73.5,46.31987389353704,0.961278848874302,322.9357045143633,40,MEDIUM,['Predicted completion is significantly later than planned.'],Project 617929 is classified as MEDIUM risk because the projected completion date exceeds the planned schedule.
557,617958,Widening & Strenthening from km132.895 to km 190.15 NH-80,MoRTH,Bihar,73.21,51.91485603250309,4.025525525525424,102.79890560875496,40,MEDIUM,['Predicted completion is significantly later than planned.'],Project 617958 is classified as MEDIUM risk because the projected completion date exceeds the planned schedule.
558,617955,Widening to two lane with paved Shoulders from Km 40.00 to Km 75.00 Existing chainages of Mangalore - Tumkur section of NH-73 in the State of Karnataka on EPC Mode under Annual Plan 2021-22 Job No NH-73-KNT-2021-22-945,MoRTH,Karnataka,85.0,43.538106106997716,-2.460182040861873,86.74555403556761,40,MEDIUM,['Predicted completion is significantly later than planned.'],Project 617955 is classified as MEDIUM risk because the projected completion date exceeds the planned schedule.
559,617954,Balance work of Rehabilitation and upgrading to 2lane/2lane with paved shoulder configuration and strengthening from from Km 343.80 to 400.33 of Gowribidanur-Chik Ballapur section in the state of Karnataka Under Annual Plan 2021-22 under EPC Mode.-952,MoRTH,Karnataka,93.25,53.099277253563535,0.2200863280466507,64.28043775649783,40,MEDIUM,['Predicted completion is significantly later than planned.'],Project 617954 is classified as MEDIUM risk because the projected completion date exceeds the planned schedule.
560,617948,Kante - Wakad section of NH-66 4L PS from Km.281/300 to 332/200,MoRTH,Maharashtra,90.14,33.63274435249385,-0.3985506598076879,333.42465753424653,40,MEDIUM,['Predicted completion is significantly later than planned.'],Project 617948 is classified as MEDIUM risk because the projected completion date exceeds the planned schedule.
561,617215,Doubling between Parbhani-Parli Vaijnath stations 64.71 km PB34/CR/2023-24,CAOCON/SCR SCR mor,Maharashtra,1.0,22.638421674697703,20.37208577403115,0.053140096618443,40,MEDIUM,"['Predicted cost overrun is high.', 'Expenditure is high compared with physical progress.']",Project 617215 is classified as MEDIUM risk because the predicted total cost is significantly above the baseline and expenditure is high relative to the physical progress achieved.
562,619184,"Rehabilitation and up-gradation and completion of balance works of the section from Km 107.760 km to 129.445 km After Middle strait to Humphrey, Km 130.600 to 138.300 After Humphrey to Kadamtala of NH-4 Intermediate/2-Lane with hard shoulder in the Union Territory of Andaman & Nicobar Islands on EPC basis Package- IIIA",NHIDCL,Andaman & Nicobar,81.95,0.0,1.390118100747254,79.99453551912559,40,MEDIUM,['Predicted completion is significantly later than planned.'],Project 619184 is classified as MEDIUM risk because the projected completion date exceeds the planned schedule.
563,619292,4L Medinipur to Ballupur from Km. 458.65 to Km. 487.65 of NH-07Pkg-2,NHAI,Uttarakhand,93.9,67.63015829444596,-5.002891389880177,77.49931600547184,40,MEDIUM,['Predicted completion is significantly later than planned.'],Project 619292 is classified as MEDIUM risk because the projected completion date exceeds the planned schedule.
564,619291,4L Poanta SahebMednipur from Km. 435.65 to km. 458.65 of NH-07Pkg-1,NHAI,"Multi-States (Himachal Pradesh, Uttarakhand)",94.25,60.96198573988638,4.90124680672584,62.675786593707386,40,MEDIUM,['Predicted completion is significantly later than planned.'],Project 619291 is classified as MEDIUM risk because the projected completion date exceeds the planned schedule.
565,619289,4L of Munger Mirzachauki section from Munger to Kharia village junction from Km 69520 to Km 95580 Pkg-1,NHAI,Bihar,82.72,41.29870286358077,-17.525198667317373,130.33515731874147,40,MEDIUM,['Predicted completion is significantly later than planned.'],Project 619289 is classified as MEDIUM risk because the projected completion date exceeds the planned schedule.
566,619217,4L of Haridwar-Nagina section from km. 0.00 to km. 71.614 of NH-74,NHAI,"Multi-States (Uttar Pradesh, Uttarakhand)",99.85,93.23557066396646,4.260143931722859,241.67763157894677,40,MEDIUM,['Predicted completion is significantly later than planned.'],Project 619217 is classified as MEDIUM risk because the projected completion date exceeds the planned schedule.
567,619216,6L access Controlled Greenfield Highway from Adhoya Musalmana to Sadopur section of Shamli -Ambala Package-III Design Ch. Form km 84.400 to km 121.786,NHAI,"Multi-States (Haryana, Punjab)",81.33,53.08771083045075,-15.154754243423662,81.95622435020523,40,MEDIUM,['Predicted completion is significantly later than planned.'],Project 619216 is classified as MEDIUM risk because the projected completion date exceeds the planned schedule.
568,617946,Kashedi to Parshuram Ghat section of NH-66 from Km 161/600 - Km 205/400 - 4L PS,MoRTH,Maharashtra,97.5,37.412263044581756,-0.1985962087133638,320.8219178082192,40,MEDIUM,['Predicted completion is significantly later than planned.'],Project 617946 is classified as MEDIUM risk because the projected completion date exceeds the planned schedule.
569,617944,Kashedi ghat tunnel NH-66 [Bhogaon Khurd - Kashedi section] 4 lanes under NHDP on EPC mode,MoRTH,Maharashtra,98.37,0.0,0.4694678365151576,203.2858707557503,40,MEDIUM,['Predicted completion is significantly later than planned.'],Project 617944 is classified as MEDIUM risk because the projected completion date exceeds the planned schedule.
570,618959,4L Prayagraj Greenfield By-pass from design Km 50860 near Nibi Kala Uperhar to design Km 64763 on NH-19 near Khodaypur Kasgaon including Interchange loop at NH-19,National Highways Authority of India [NHAI],Uttar Pradesh,100.0,39.94145325592589,-34.18951070246267,93.42105263157896,40,MEDIUM,['Predicted completion is significantly later than planned.'],Project 618959 is classified as MEDIUM risk because the projected completion date exceeds the planned schedule.
571,618958,2L with ES of Yagyi - Kalewa section from Milepost 40/0 to Milepost 115/5 in Myanmar,NHAI,Assam,52.0,0.0,-2.679604046194638,76.08562197092107,40,MEDIUM,['Predicted completion is significantly later than planned.'],Project 618958 is classified as MEDIUM risk because the projected completion date exceeds the planned schedule.
572,617983,Widening & Strengthening of Existing 2LPS to 4 lane PS from Km 150000 to Km 159000 and Km 165400 to Km 186000 of NH-163 old NH-202 under NH O for the year 2020-21 on EPC Mode in the state of Telangana.,MoRTH,Telangana,91.0,60.17213657429301,-0.0021438254672953,110.020519835841,40,MEDIUM,['Predicted completion is significantly later than planned.'],Project 617983 is classified as MEDIUM risk because the projected completion date exceeds the planned schedule.
573,617982,Widening and strengthening of existing 2-lane to 2- lane with paved shoulders from km 159/0 to 165/4 and 186/0 to 215/0 of NH-163 on EPC mode int the state of Telangana,MoRTH,Telangana,0.0,0.0,1.341694561578897,458.1081081081082,40,MEDIUM,['Predicted completion is significantly later than planned.'],Project 617982 is classified as MEDIUM risk because the projected completion date exceeds the planned schedule.
574,617981,Widening to Two with Paved shoulders from Km 59.500 to Km 132.033 of Manneguda- Ravunapally section of NH-163 Erstwhile SH-4 in the State of Telangana on EPC mode under NH O Annual Plan 2016-17,MoRTH,Telangana,99.92,0.0,3.168607242339891,350.2739726027397,40,MEDIUM,['Predicted completion is significantly later than planned.'],Project 617981 is classified as MEDIUM risk because the projected completion date exceeds the planned schedule.
575,617980,Construction of six lane elevated corridor from km 7.950 Uppal to km 14.200 of NH- 163 to De-Congest the urban limits of Hyderabad-Bhoopalapatnam section on EPC mode in the state of Telangana,MoRTH,Telangana,54.26,3.8930372072244555,-0.782021826536468,347.0560875512999,40,MEDIUM,['Predicted completion is significantly later than planned.'],Project 617980 is classified as MEDIUM risk because the projected completion date exceeds the planned schedule.
576,618947,4L of NH-80 from km 215.00 to km 260.00 Mirza Chauki to Farkka Pkg-I,NHAI,Jharkhand,91.83,69.02246145667199,-0.3942251461988114,194.81282495667224,40,MEDIUM,['Predicted completion is significantly later than planned.'],Project 618947 is classified as MEDIUM risk because the projected completion date exceeds the planned schedule.
577,617975,Rehabilitation and upgradation to 2 lane with paved shoulder configuration from km 122.00 Dharasu Bend to km 147.230 Silkyara Bend of NH-94 in the state of Uttarakhand,MoRTH,Uttarakhand,100.0,33.458093275579294,0.2797426300518811,325.0684931506851,40,MEDIUM,['Predicted completion is significantly later than planned.'],Project 617975 is classified as MEDIUM risk because the projected completion date exceeds the planned schedule.
578,617973,Strengthening and widening of existing 2 lane road to two lane paved shoulder from km 7.750 to 26.542 & km. 32.093 to 45.786 of NH-130 on EPC mode in the state of chhattisgarh.job No. 130-CG-2017-18-348,MoRTH,Chhattisgarh,97.0,54.32203389830508,-0.0604343220339625,364.9090909090909,40,MEDIUM,['Predicted completion is significantly later than planned.'],Project 617973 is classified as MEDIUM risk because the projected completion date exceeds the planned schedule.
579,617970,Reconstruction of existing 2 L/IL to 2L with paved shoulder from existing km 52.200 to 92.880 of NH-,MoRTH,Uttarakhand,100.0,58.894639818491214,1.6234401588203415,346.027397260274,40,MEDIUM,['Predicted completion is significantly later than planned.'],Project 617970 is classified as MEDIUM risk because the projected completion date exceeds the planned schedule.
580,617968,Construction & Widening Including Augustmuni Bypass Ch-16.545 to Ch - 19.890 to 2L/PS from Km 16.545-Km 33.130 & 45.980 -57.975 Augustmuni to Kund & Guptkashi to Sitapur on NH 109 in UK,MoRTH,Uttarakhand,95.0,101.74031368617061,1.7403136861705988,320.8219178082192,40,MEDIUM,['Predicted completion is significantly later than planned.'],Project 617968 is classified as MEDIUM risk because the projected completion date exceeds the planned schedule.
581,617965,Kopargaon to Savali Vihir section,MoRTH,Maharashtra,93.45,54.130412529429826,0.0193469137066251,136.37294332723982,40,MEDIUM,['Predicted completion is significantly later than planned.'],Project 617965 is classified as MEDIUM risk because the projected completion date exceeds the planned schedule.
582,617960,Construction of new road at the missing link portion of NH-81 along approved alignment between Harishchandrapur and Eastern approach of Kalindri Bridge from Km 46.550 to Km 59.697 in the district of Malda. Job No-081-WB-2015-16/400,MoRTH,West Bengal,85.56,79.87978021167534,0.213924844193685,388.393150684932,40,MEDIUM,['Predicted completion is significantly later than planned.'],Project 617960 is classified as MEDIUM risk because the projected completion date exceeds the planned schedule.
583,618946,4L of Mehgama - Hansdiha from km. 41.900 to km. 93.000 of NH -133A Pkg-II,National Highways Authority of India [NHAI],Jharkhand,99.5,59.34974184305138,4.544028600005241,55.5198358413132,40,MEDIUM,['Predicted completion is significantly later than planned.'],Project 618946 is classified as MEDIUM risk because the projected completion date exceeds the planned schedule.
584,619010,Up-gradation to 2 lane with paved shoutders of Pawlrang - Rulchawm section- of NH- 102B of Aizawl - Imphal Economic Corridor from Existing Chainage km 72.030 to km 104.129 including 2.459 km re-alignment section from Tuivai River to Rulchawm connecting km 48.150 of NH-6 [Design Chainage km 68.170 to km 98.579] in the State of Mizoram under Bharatmala Pariyojna on EPC mode under NHO-NE Package-3 Keifang- Tuivai Pkg-3,NHIDCL,Mizoram,99.52,88.56612362242454,0.3969413831655162,77.87934186471664,40,MEDIUM,['Predicted completion is significantly later than planned.'],Project 619010 is classified as MEDIUM risk because the projected completion date exceeds the planned schedule.
585,618968,6L access control Greenfield highway of Vill-Khyawari to Vill-Latifpur at Saharanpur Bypass from Km. 82.000 to Km. 119.790 Pkg-4,NHAI,Uttar Pradesh,99.24,97.65017259608317,3.782858023092259,95.74965800273633,40,MEDIUM,['Predicted completion is significantly later than planned.'],Project 618968 is classified as MEDIUM risk because the projected completion date exceeds the planned schedule.
586,617959,Rehabilitation & Widening work for 2 Lane with Paved Shoulder of Existing NH-80 from km 70.15 to Km 121.025 of Munger-Suttanganj -BhagatpurMirzachowki section on EPC Mode in the State of Bihar.,MoRTH,Bihar,95.66,65.2071030698999,-0.4454495958452704,69.2857142857143,40,MEDIUM,['Predicted completion is significantly later than planned.'],Project 617959 is classified as MEDIUM risk because the projected completion date exceeds the planned schedule.
587,618936,Jagadhari - Tajewala from Km -0.175 to 32.337 km of NH-344,NHAI,Haryana,68.0,56.145726664040964,-13.143410791650409,104.26402188782508,40,MEDIUM,['Predicted completion is significantly later than planned.'],Project 618936 is classified as MEDIUM risk because the projected completion date exceeds the planned schedule.
588,617991,"Rehabilitation and up-gradation of NH-167 from Km 14/900 to Km70/000 Design Ch. 14/900 to 69/700 Chintakunta to Adoni section to two lane with paved shoulders in the State of Andhra Pradesh under Corridor Approach through Engineering, Procurement",MoRTH,Andhra Pradesh,91.9,48.881612958814415,-0.1170773737720865,372.6082191780818,40,MEDIUM,['Predicted completion is significantly later than planned.'],Project 617991 is classified as MEDIUM risk because the projected completion date exceeds the planned schedule.
589,619214,4L of Channarayapatna Bypass and Hassan Bypass with structures in Devihalli - Hassan section,NHAI,Karnataka,82.34,87.27180232558139,-2.2491424418604358,187.8356164383567,40,MEDIUM,['Predicted completion is significantly later than planned.'],Project 619214 is classified as MEDIUM risk because the projected completion date exceeds the planned schedule.
590,619212,6L Access Controlled Greenfield Highway of Julekal village to Dinnedevarapadu village from Km 242.200 to Km 280.400 Pkg-2,NHAI,"Multi-States (Andhra Pradesh, Telangana)",70.6,43.92173155095025,-2.48586231335076,111.8372093023258,40,MEDIUM,['Predicted completion is significantly later than planned.'],Project 619212 is classified as MEDIUM risk because the projected completion date exceeds the planned schedule.
591,619208,Kadambattukonam-Kazhakuttom,NHAI,Kerala,44.34,58.425201615121416,-0.4462295496804018,93.49071038251354,40,MEDIUM,['Predicted completion is significantly later than planned.'],Project 619208 is classified as MEDIUM risk because the projected completion date exceeds the planned schedule.
592,616594,Interception & Diversion with Rehabilitation of sewerage scheme at Agra under Hybrid annuity based PPP model-Namami Gange Programme,National Mission for Clean Ganga,Uttar Pradesh,84.0,24.771742356782426,-2.783176016622137,76.00820793433661,40,MEDIUM,['Predicted completion is significantly later than planned.'],Project 616594 is classified as MEDIUM risk because the projected completion date exceeds the planned schedule.
593,701121,Construction of New Domestic Terminal Building at Rajahmundry Airport.,Airport Authority of India [AAI],Andhra Pradesh,96.0,54.58159297133805,1.254933026069565,50.730506155950906,40,MEDIUM,['Predicted completion is significantly later than planned.'],Project 701121 is classified as MEDIUM risk because the projected completion date exceeds the planned schedule.
594,701107,Construction of New Integrated Terminal Building and associated works including apron to park 3 code E type of aircraft or 6 code C type of aircraft at Vijayawada Airport.,Airport Authority of India [AAI],Andhra Pradesh,89.7,93.65642366786531,0.8749264465511796,201.2808219178086,40,MEDIUM,['Predicted completion is significantly later than planned.'],Project 701107 is classified as MEDIUM risk because the projected completion date exceeds the planned schedule.
595,701105,Goa Airport Terminal Building Extension Project,Airport Authority of India [AAI],Goa,100.0,62.09863506590011,-6.418319058234559,220.8618331053354,40,MEDIUM,['Predicted completion is significantly later than planned.'],Project 701105 is classified as MEDIUM risk because the projected completion date exceeds the planned schedule.
596,616858,"Construction of Field Gas Gathering Station at Baghjan area for collection, processing & transportation of natural Gas to be produced from Baghjan Field",Oil India Limited,Assam,95.9,80.93834153589005,-0.0819481846039446,71.83811129848232,40,MEDIUM,['Predicted completion is significantly later than planned.'],Project 616858 is classified as MEDIUM risk because the projected completion date exceeds the planned schedule.
597,616699,Multi tracking of Son Nagar-Andal 374.53 rkm & 814.38 tkm PB34/ECOR/2023-24,CAO/Con/South/MHX ECR mor,"Multi-States (Bihar, Jharkhand, Uttar Pradesh, West Bengal)",3.0,9.346766589073562,50.1298950749865,0.0,40,MEDIUM,['Predicted cost overrun is high.'],Project 616699 is classified as MEDIUM risk because the predicted total cost is significantly above the baseline.
598,619320,Muzaffarpur - Sonbarsa Section of NH-77 from km 2.800 to km 89.000,NHAI,Bihar,100.0,20.461252357337433,1.148320178808504,501.8327868852468,40,MEDIUM,['Predicted completion is significantly later than planned.'],Project 619320 is classified as MEDIUM risk because the projected completion date exceeds the planned schedule.
599,617984,"Gudivada Town 2 RoB, and Road improvement NH-165",MoRTH,Andhra Pradesh,75.2,50.009457159069406,-0.6777945905049255,86.23529411764707,40,MEDIUM,['Predicted completion is significantly later than planned.'],Project 617984 is classified as MEDIUM risk because the projected completion date exceeds the planned schedule.
600,618020,"Rehabilitation & Upgradation of KurwaiMungaoliChanderi Road section of NH-346, from Design Chainge 0.000 to 81.300 Km Total length 83.1 km to Two lane with paved shoulder configuration along with One time improvement in 07 nos of bypassed built- up areas in a total length of 22.615 km in the state of Madhya Pradesh on EPC mode.",MoRTH,Madhya Pradesh,67.57,42.65052135889674,0.0037517141452849,89.93160054719559,40,MEDIUM,['Predicted completion is significantly later than planned.'],Project 618020 is classified as MEDIUM risk because the projected completion date exceeds the planned schedule.
601,618019,Upgradation & widening of Jharkheda- Berasia - Dholkhedi from design km 0000 to km 87900 Design length 87.90km of NH-346 including 3 nos. bypasses of 13.10 Km in the State of Madhya Pradesh under EPC mode.,MoRTH,Madhya Pradesh,91.0,54.94646915473289,-0.6957366994333023,67.31326949384399,40,MEDIUM,['Predicted completion is significantly later than planned.'],Project 618019 is classified as MEDIUM risk because the projected completion date exceeds the planned schedule.
602,618018,Upgradation of Bilaspur-Takhatpur-Mungeli-Pandariya-Pondi Road on N.H.-130A Package IIIA Takhatpur By-pass from existing Ch. 26.542 to 32.093 [Design Ch. 18.700 to 25.900] & Mungeli By-pass from existing Ch. 45.786 to 56.275 [Design Ch. 29.600 to 51.600] and Package IIIB Pandariya By-Pass from existing Ch. 82.582 to 87.133 [Design Ch. 77.900 to 81.1000 & Pondi By-pass from existing Ch. 103.166 to 104.756 [Design Ch. 97.000 to 103.395] to two lane with paved shoulder configuration in the,MoRTH,Chhattisgarh,11.0,3.3115977106409638,0.1181981263703718,94.10786106032896,40,MEDIUM,['Predicted completion is significantly later than planned.'],Project 618018 is classified as MEDIUM risk because the projected completion date exceeds the planned schedule.
603,618929,4L of Moradabad western side spur connecting NH-734 & NH-24 from Km. 0.000 to Km. 33.200 Pkg-I,NHAI,Uttar Pradesh,83.06,61.47118224461431,-0.341268893328668,60.93844049247594,40,MEDIUM,['Predicted completion is significantly later than planned.'],Project 618929 is classified as MEDIUM risk because the projected completion date exceeds the planned schedule.
604,618928,"Improvement & Up-gradation of NH-734 Section of Moradabad-Thakurdwara Kashipur including Moradabad & Kashipur Bypasse Package-III Kashipur Bypass Length 14.490 Km., Starts from Ch. 38770 and ends at Ch. 53260 existing Ch. 05560",NHAI,"Multi-States (Uttar Pradesh, Uttarakhand)",53.84,41.27034995513396,-14.448767252061712,94.28961748633893,40,MEDIUM,['Predicted completion is significantly later than planned.'],Project 618928 is classified as MEDIUM risk because the projected completion date exceeds the planned schedule.
605,618927,4L of Moradabad-Thakurdwara-Kashipur Section from Km. 0.000 to Km. 38.77 of NH- 734 Pkg-II,NHAI,Uttar Pradesh,54.55,48.91519917082748,-11.991802951933895,57.83150684931498,40,MEDIUM,['Predicted completion is significantly later than planned.'],Project 618927 is classified as MEDIUM risk because the projected completion date exceeds the planned schedule.
606,618925,Bijnor-Kotawali,NHAI,Uttar Pradesh,99.02,99.73052099274736,-0.2694790072526457,215.97802197802156,40,MEDIUM,['Predicted completion is significantly later than planned.'],Project 618925 is classified as MEDIUM risk because the projected completion date exceeds the planned schedule.
607,618924,2L PS of Najibabad Kotdwar section from 112.575 to Km. 138.635 of NH 119,NHAI,Uttar Pradesh,55.9,27.092709270927095,-36.46857626939157,81.81602914389792,40,MEDIUM,['Predicted completion is significantly later than planned.'],Project 618924 is classified as MEDIUM risk because the projected completion date exceeds the planned schedule.
608,618917,4L Greenfield starting from NH-30 near Saristabad Patna to Nathupur Project end point of Patna-Gaya-Dobhi Section of NH-83,NHAI,Bihar,88.3,20.698836637719154,-15.96210879895122,81.47683397683383,40,MEDIUM,['Predicted completion is significantly later than planned.'],Project 618917 is classified as MEDIUM risk because the projected completion date exceeds the planned schedule.
609,618916,4L of Bal. works of Patna - Gaya -Dobhi Pkg-III from km. 83.00 to km. 127.217 of Old NH-83,National Highways Authority of India [NHAI],Bihar,92.0,71.90800586564698,-12.395244371020862,174.9315068493151,40,MEDIUM,['Predicted completion is significantly later than planned.'],Project 618916 is classified as MEDIUM risk because the projected completion date exceeds the planned schedule.
610,618915,4L of Bal. works of Patna - Gaya -Dobhi Pkg-II from km. 39.00 to km. 83.00 of Old NH- 83,National Highways Authority of India [NHAI],Bihar,89.01,44.51929713123515,-31.832577002241585,174.9315068493151,40,MEDIUM,['Predicted completion is significantly later than planned.'],Project 618915 is classified as MEDIUM risk because the projected completion date exceeds the planned schedule.
611,618913,4-L of Rajamunda to Barkote Section of NH-23 from km. 287.200 to km. 337.185,National Highways Authority of India [NHAI],Odisha,96.52,18.826173252628642,0.1343273789020104,196.60460021905809,40,MEDIUM,['Predicted completion is significantly later than planned.'],Project 618913 is classified as MEDIUM risk because the projected completion date exceeds the planned schedule.
612,618006,Sitamarhi-Jaynagar Section km 79.400 to km 156.500 Lot-II,MoRTH,Bihar,98.78,0.0,2.3530843497308584,304.0635268346111,40,MEDIUM,['Predicted completion is significantly later than planned.'],Project 618006 is classified as MEDIUM risk because the projected completion date exceeds the planned schedule.
613,618943,Salem - Ulundurpet section from km 0.313 to km 136.670 of NH-68,National Highways Authority of India [NHAI],Tamil Nadu,100.0,16.291815194547333,-0.6173960498356686,510.8576642335767,40,MEDIUM,['Predicted completion is significantly later than planned.'],Project 618943 is classified as MEDIUM risk because the projected completion date exceeds the planned schedule.
614,618942,Balance work of 2L PS from Km 30.800 to Km 70.800 and 2L with Rigid Carriageway from Km 70.800 to km 84.120 of Khanapur- KA/GOA Border section of NH-4A,NHAI,"Multi-States (Goa, Karnataka)",84.7,48.646145704709824,1.0935350149938172,183.55027422303456,40,MEDIUM,['Predicted completion is significantly later than planned.'],Project 618942 is classified as MEDIUM risk because the projected completion date exceeds the planned schedule.
615,618000,Widening to 2-Lane with Paved Shoulders from Km 116.800 to 149.070Design Changes on Hosadurga - Holalkere Section of NH-173 in the State of Karnataka on EPC mode under Annual Plan 2021-22 Job no. NH-173-KNT-2021-22-946,MoRTH,Karnataka,100.0,65.35752025361042,-7.005518375014759,180.5327868852459,40,MEDIUM,['Predicted completion is significantly later than planned.'],Project 618000 is classified as MEDIUM risk because the projected completion date exceeds the planned schedule.
616,617999,Widening to 2LPS from Km 67 to Km 115 on Kadur-Hosadurga section NH 173 in the state of Karnataka NH-173-KNT-2022-23-980 dated 13.03.2023,MoRTH,Karnataka,69.54,19.452101267969972,0.5848352487173055,50.6429809358753,40,MEDIUM,['Predicted completion is significantly later than planned.'],Project 617999 is classified as MEDIUM risk because the projected completion date exceeds the planned schedule.
617,617998,Widening to existing 2 lane with paved Shoulder to 4 Lane with paved shoulder from design Km 153.00 to 168.27 Mala Gate to Karkala of NH -169 on Shimoga - Mangalore section in the state of Karnataka on EPC mode under Annula Plan 2021-22 Job No. NH-169-KNT-2021-22-949,MoRTH,Karnataka,83.0,64.96571878161178,0.3371361132966277,90.96853625171016,40,MEDIUM,['Predicted completion is significantly later than planned.'],Project 617998 is classified as MEDIUM risk because the projected completion date exceeds the planned schedule.
618,617996,Widening to 2/4 Lane with paved shoulders from Km 182.120 to Km 227.600 of NH 167 on Haggari-Jadcherla Road on EPC mode under NHO in the state of Telangana,MoRTH,Telangana,95.6,78.75838926174497,0.6596979865772306,362.4657534246575,40,MEDIUM,['Predicted completion is significantly later than planned.'],Project 617996 is classified as MEDIUM risk because the projected completion date exceeds the planned schedule.
619,617995,Widening to Two Lane with Paved Shoulders from Km 67.000 to Km 114.425 of Kalwakurthy- Mallapally Section of NH 167 Erstwhile section of SH 18 in the State of Telangana on EPC mode under NH O Annual Plan 2016-17,MoRTH,Telangana,99.2,58.373333333333335,-0.0114666666666304,358.75068493150644,40,MEDIUM,['Predicted completion is significantly later than planned.'],Project 617995 is classified as MEDIUM risk because the projected completion date exceeds the planned schedule.
620,617994,Rehabilitation and upgradation of NH-167 from design km 113.900 to 154.479 Mallepally Haliya section to two lane with paved shoulders on EPC mode in the stte of Telangana,MoRTH,Telangana,88.22,84.7346411450719,-8.11647910787735,469.8841698841699,40,MEDIUM,['Predicted completion is significantly later than planned.'],Project 617994 is classified as MEDIUM risk because the projected completion date exceeds the planned schedule.
621,617993,Rehabilitation and upgradation of NH-167 from design km 157.707 to 187.723 design length 30.016 km to two lane with paved shoulders of Alinagar-Miryalaguda Sec on EPC mode in the state of Telangana,MoRTH,Telangana,97.74,0.0,2.304112947158139,437.9908925318759,40,MEDIUM,['Predicted completion is significantly later than planned.'],Project 617993 is classified as MEDIUM risk because the projected completion date exceeds the planned schedule.
622,619307,4L of Munger Mirzachauki section from Km 157350 to Km 193931 Pkg-4,NHAI,"Multi-States (Bihar, Jharkhand)",92.74,64.8965537281339,3.787702679142217,100.91381668946626,40,MEDIUM,['Predicted completion is significantly later than planned.'],Project 619307 is classified as MEDIUM risk because the projected completion date exceeds the planned schedule.
623,619305,4L of Munger Mirzachauki section from start of existing Bhagalpur bypass to Rasulpur from Km 125000 to Km 157350 Pkg-3,NHAI,Bihar,77.3,38.1746256004521,2.009968917773276,131.7647058823533,40,MEDIUM,['Predicted completion is significantly later than planned.'],Project 619305 is classified as MEDIUM risk because the projected completion date exceeds the planned schedule.
624,616050,AMALGAMATED INDER-KAMPTEE DEEP,WCL - CIL,Maharashtra,98.97,54.46799491309877,-0.4055108096650076,53.46215139442223,40,MEDIUM,['Predicted completion is significantly later than planned.'],Project 616050 is classified as MEDIUM risk because the projected completion date exceeds the planned schedule.
625,701346,North East Gas Grid,Indradhanush Gas Grid Limited,Tripura,88.2,75.63950350782514,2.4016243928764203,88.90489510489508,40,MEDIUM,['Predicted completion is significantly later than planned.'],Project 701346 is classified as MEDIUM risk because the projected completion date exceeds the planned schedule.
626,701329,Petrochemical and Lube Integration Project at Gujarat Refinery,Indian Oil Corporation Limited [IOCL],Gujarat,89.6,73.4111216730038,-3.834188318546684,58.513986013985885,40,MEDIUM,['Predicted completion is significantly later than planned.'],Project 701329 is classified as MEDIUM risk because the projected completion date exceeds the planned schedule.
627,701289,Capacity Expansion of Panipat Refinery from 15 to 25 MMTPA,Indian Oil Corporation Limited [IOCL],Haryana,94.3,80.88298148843388,3.811999595691279,61.45259938837904,40,MEDIUM,['Predicted completion is significantly later than planned.'],Project 701289 is classified as MEDIUM risk because the projected completion date exceeds the planned schedule.
628,617992,Rehabilitation & upgradation of NH - 167 from design km 187.723 to 234.434 Miryalaguda to Kodad section to two lane with paved shoulder on EPC mode in the state of Telangana,MoRTH,Telangana,98.14,45.99609677519283,-0.9302376010655752,283.4145006839948,40,MEDIUM,['Predicted completion is significantly later than planned.'],Project 617992 is classified as MEDIUM risk because the projected completion date exceeds the planned schedule.
629,618023,Work of Widening/upgradation of 2-Lane with paved shoulder of Sri Muktsar Sahib to Malout road from Km 279.400 to Km 307.060 section of NH-354 in the State of Punjab on EPC mode. Job No. NH-354-PB-2021-22-555,MoRTH,Punjab,100.0,0.0,-0.629047057281427,77.73722627737226,40,MEDIUM,['Predicted completion is significantly later than planned.'],Project 618023 is classified as MEDIUM risk because the projected completion date exceeds the planned schedule.
630,618046,Rehabilitation & Up-gradation of Sabalkhed to Ashti Section from Km 37900 to Km 55100 & Chinchpur to Jamkhed Section from km 70000 to km 72922 of NH-561 to Two lane with Paved shoulder/ Four lane configuration in the State of Maharashtra on EPC Mode Length20.122km.,MoRTH,Maharashtra,95.88,0.0,0.809590774855967,116.95568400770712,40,MEDIUM,['Predicted completion is significantly later than planned.'],Project 618046 is classified as MEDIUM risk because the projected completion date exceeds the planned schedule.
631,618045,"Construction of Mihona bypass, Lahar bypass, Daboh bypass & Bhander Bypass total length 20.60 km to 2-lane with paved shoulder from on Mihona-Bhander-MP/UP border section of NH 552E in the State of Madhya Pradesh on EPC mode",MoRTH,Madhya Pradesh,67.0,40.05469360419689,3.683335193660095,93.98907103825135,40,MEDIUM,['Predicted completion is significantly later than planned.'],Project 618045 is classified as MEDIUM risk because the projected completion date exceeds the planned schedule.
632,618017,"Upgradation of Keonchi - Ratanpur Road of NH 45 Package-II, from design chainage km 278.75 to km 321.348 of length 42.598 km to two lane with paved shoulders under Corridor scheme on EPC mode in the state of Chhattisgarh.",MoRTH,Chhattisgarh,60.0,32.43006993006993,-0.1092657342657143,61.00182149362471,40,MEDIUM,['Predicted completion is significantly later than planned.'],Project 618017 is classified as MEDIUM risk because the projected completion date exceeds the planned schedule.
633,618015,"Upgradation of Keonchi - Ratanpur Road of NH 45 Package-I, from design chainage km 237.860 to km 273.200 of length 35.340 km to two lane with paved shoulders under Corridor scheme on EPC mode in the state of Chhattisgarh.",MoRTH,Chhattisgarh,60.0,37.154518433077506,1.0717359478284476,61.00182149362471,40,MEDIUM,['Predicted completion is significantly later than planned.'],Project 618015 is classified as MEDIUM risk because the projected completion date exceeds the planned schedule.
634,618011,Construction of 2 lane with paved shoulder for the work of Development of remaining sections of NH-325 Balotra to sanderao via Jalore to 2 lane with paved shoulder configuration by Construction of Byasses for town portions1 Asotra- Brahmdham bypass 2Siwana Bypass 3 Mokalsar Bypass 4 Major realignment at Kathadi 5 Major realignment at Bishangarh 6 Jalore Bypass 7 Ahore Town portion 8 Dujana Bypass in the state of Rajasthan on EPC Mode,MoRTH,Rajasthan,92.77,20.826852031888002,-0.2470104997083278,119.98768809849494,40,MEDIUM,['Predicted completion is significantly later than planned.'],Project 618011 is classified as MEDIUM risk because the projected completion date exceeds the planned schedule.
635,618009,Balance work of Construction of Ring Road for Raebareli City on eastern side of NH- 24B Phase-1 on EPC mode.,MoRTH,Uttar Pradesh,95.0,0.0,0.6271096387048789,295.22851919561214,40,MEDIUM,['Predicted completion is significantly later than planned.'],Project 618009 is classified as MEDIUM risk because the projected completion date exceeds the planned schedule.
636,618037,Rehabilitation and Up-gradation of existin of road from 2-lane to 2-lane with paved shoulders from km. 0.00 to km 53.590 total length-53.590 km of Raychoti to Vempalli section of NH-440 in the State of Andhra Pradesh on EPC mode.,MoRTH,Andhra Pradesh,90.2,48.45618662179983,0.0630939929970907,117.25444596443218,40,MEDIUM,['Predicted completion is significantly later than planned.'],Project 618037 is classified as MEDIUM risk because the projected completion date exceeds the planned schedule.
637,618033,4-Laning of Itanagar to Bandardewa section of NH-415from km 40430 to km 51735 Package-Bon EPC Mode in the state of Arunachal Pradesh Job NO. 415/Ar. P/2020- 21/031,MoRTH,Arunachal Pradesh,51.37,34.62646282756259,0.0077144641167537,56.00729927007308,40,MEDIUM,['Predicted completion is significantly later than planned.'],Project 618033 is classified as MEDIUM risk because the projected completion date exceeds the planned schedule.
638,618030,Widening to 2 lane with paved shoulder from Km. 103.225 Pattadakal to Km. 133.00 Shirur cross of NH-367 in the state of Karnataka on EPC Mode.Job No. NH-367-KNT- 2021-22-934,MoRTH,Karnataka,0.0,1.4310592867418794,0.5135912773528383,169.18098720292517,40,MEDIUM,['Predicted completion is significantly later than planned.'],Project 618030 is classified as MEDIUM risk because the projected completion date exceeds the planned schedule.
639,618029,Widening to 4 lane from Km. 133.00 to 158.04 design Chainage Km. 130.88 to 155.145 Shirur Cross to Gaddankeri of NH-367 in the State of Karnataka on EPC mode. Job No. NH-367-KNT-2021-22-930,MoRTH,Karnataka,83.33,57.92010037354929,3.044569277709761,93.2913816689467,40,MEDIUM,['Predicted completion is significantly later than planned.'],Project 618029 is classified as MEDIUM risk because the projected completion date exceeds the planned schedule.
640,618026,Rehabilitation and upgradation to two lane with paved shoulders from Km 0/000 to 72/6 of NH-365 Nakrekal to Tanamcherla section under NHDP IV in the state of Telangana under EPC mode,MoRTH,Telangana,99.9,96.71448403516891,1.2149302571561973,343.91988555078694,40,MEDIUM,['Predicted completion is significantly later than planned.'],Project 618026 is classified as MEDIUM risk because the projected completion date exceeds the planned schedule.
641,618025,Rehabiitation and upgradation from km 121/000 to 154/000 Nakrekal to Mallampally section of NH-365 to 2 lane with paved shoulders in the state of Telangana in the EPC mode,MoRTH,Telangana,96.0,73.60772304977424,0.3499766440026485,449.4799270072996,40,MEDIUM,['Predicted completion is significantly later than planned.'],Project 618025 is classified as MEDIUM risk because the projected completion date exceeds the planned schedule.
642,618911,4L Greenfield Western Side spur of Rampur-Rudrapur Section from Km 0.000 to Km 13.700 connecting NH-24 to NH-87 bypassing rampur town,NHAI,Uttar Pradesh,63.79,57.200550853358514,-1.532811363671378,145.93818181818193,40,MEDIUM,['Predicted completion is significantly later than planned.'],Project 618911 is classified as MEDIUM risk because the projected completion date exceeds the planned schedule.
643,618910,4L of Purulia Bypass section from Km 84.030 to Km 94.345 of NH-32,NHAI,West Bengal,94.12,87.65133171912834,-1.20486055062331,201.71062271062289,40,MEDIUM,['Predicted completion is significantly later than planned.'],Project 618910 is classified as MEDIUM risk because the projected completion date exceeds the planned schedule.
644,618908,3L Major Bridge over River Brahmani at Km. 401.250 Duburi - Chandikhole Section of NH-200 New NH -53,NHAI,Odisha,38.0,48.0177071805221,-25.98750081374901,106.1549773755655,40,MEDIUM,['Predicted completion is significantly later than planned.'],Project 618908 is classified as MEDIUM risk because the projected completion date exceeds the planned schedule.
645,618003,Construction of four lane ROB and its approaches in lieu of existing Level Crossing No. RV-71 at km 435 on NH-217 New NH-353 at Khariar including land acquisition under NHO in Annual Plan 2021-22 for the state of Odisha for F.Y. 2021-22 to F.Y 2033-34,MoRTH,Odisha,90.0,16.292316654799663,-0.0563790536604629,116.2094717668486,40,MEDIUM,['Predicted completion is significantly later than planned.'],Project 618003 is classified as MEDIUM risk because the projected completion date exceeds the planned schedule.
646,618068,"Construction of Kaithi-Padaria Kala bypass, Patna-Tamoli bypass, Jaso bypass and Nagod bypass total length 15.44 Km to 2-lane with paved shoulders flexible pavement on NH-943 in the State of Madhya Pradesh on EPC Mode.",MoRTH,Madhya Pradesh,62.8,22.960343521091183,-0.0119979792876305,60.51573187414515,40,MEDIUM,['Predicted completion is significantly later than planned.'],Project 618068 is classified as MEDIUM risk because the projected completion date exceeds the planned schedule.
647,618904,Chhapra - Hajipur from km. 143.200 to km. 209.200,NHAI,Bihar,89.81,24.72155122987414,1.5131822582313703,517.8629385964908,40,MEDIUM,['Predicted completion is significantly later than planned.'],Project 618904 is classified as MEDIUM risk because the projected completion date exceeds the planned schedule.
648,618899,Kallagam km.38.700 to Meensurutti Km.98.433 of NH-227 in Tamil Nadu,NHAI,Tamil Nadu,100.0,74.1701798388388,0.5147152996423404,268.4760601915188,40,MEDIUM,['Predicted completion is significantly later than planned.'],Project 618899 is classified as MEDIUM risk because the projected completion date exceeds the planned schedule.
649,618897,4L of Sethiyathope -Cholapuram section from Km. 65.960 to Km. 116.440 section of NH45 C Pkg-II,National Highways Authority of India [NHAI],Tamil Nadu,100.0,42.924806573323885,1.0838642044995324,287.140902872777,40,MEDIUM,['Predicted completion is significantly later than planned.'],Project 618897 is classified as MEDIUM risk because the projected completion date exceeds the planned schedule.
650,618057,Construction of Shohratgarh Bypass on NH-730 under EPC mode in the State of Uttar Pradesh,MoRTH,Uttar Pradesh,54.0,16.59711584174106,1.3392847710105171,101.25045703839108,40,MEDIUM,['Predicted completion is significantly later than planned.'],Project 618057 is classified as MEDIUM risk because the projected completion date exceeds the planned schedule.
651,618056,Improvement and Up-gradation to two Lane with Paved Shoulder Configuration from existing km. 420.00 Shohrathgarh to km. 454.00 Uska Bazar of NH-730 in the state of Uttar Pradesh EPC basis,MoRTH,Uttar Pradesh,62.0,23.65741194937702,-5.786873344452196,81.64663023679401,40,MEDIUM,['Predicted completion is significantly later than planned.'],Project 618056 is classified as MEDIUM risk because the projected completion date exceeds the planned schedule.
652,616605,Pollution Abatement Works for River Kali Meerut under Meerut Municipality Interception & Diversion with STP,National Mission for Clean Ganga,Uttar Pradesh,57.0,5.0368461438230225,-0.5985869612427961,2574.638633377134,40,MEDIUM,['Predicted completion is significantly later than planned.'],Project 616605 is classified as MEDIUM risk because the projected completion date exceeds the planned schedule.
653,616600,Interception and Diversion and STP works in Bhagalpur under Hybrid annuity based PPP mode-Namami Gange Programme,National Mission for Clean Ganga,Bihar,97.0,30.649180962520262,1.316944518377031,61.29868913857649,40,MEDIUM,['Predicted completion is significantly later than planned.'],Project 616600 is classified as MEDIUM risk because the projected completion date exceeds the planned schedule.
654,615915,Rourkela-Bondamunda A-Cabin 5th line 10 km Umbrella work PB57/2019-20/NR,CAO/C/SER SER mor,Odisha,45.0,63.36176986815788,3.374260173884734,266.8290909090906,40,MEDIUM,['Predicted completion is significantly later than planned.'],Project 615915 is classified as MEDIUM risk because the projected completion date exceeds the planned schedule.
655,615861,Indaram Opencast Project,Singareni Collieries Company Limited [SCCL],Telangana,81.0,96.20536239730703,1.2237941668040109,59.317904993909856,40,MEDIUM,['Predicted completion is significantly later than planned.'],Project 615861 is classified as MEDIUM risk because the projected completion date exceeds the planned schedule.
656,618055,Construction of Pratapgarh Bypass Extension connecting NH-31 to NH-330 on EPC mode in the State of Uttar Pradesh.,MoRTH,Uttar Pradesh,78.0,29.737531642758803,1.833192698849711,87.55899419729228,40,MEDIUM,['Predicted completion is significantly later than planned.'],Project 618055 is classified as MEDIUM risk because the projected completion date exceeds the planned schedule.
657,618054,Construction of Balrampur bypass with 2L flexible pavement configuration from km.223.000 of NH-330 to km.328.300 of NH-730 under EPC mode,MoRTH,Uttar Pradesh,56.0,24.927766681533477,-7.639395761019227,56.143897996357175,40,MEDIUM,['Predicted completion is significantly later than planned.'],Project 618054 is classified as MEDIUM risk because the projected completion date exceeds the planned schedule.
658,618051,Rehabilitation and Upgrading of NH-707 OLD 72-B Package - 2 Hewna to Ashyari,MoRTH,Himachal Pradesh,98.38,59.92174629324547,-7.956589785831833,167.30136986301366,40,MEDIUM,['Predicted completion is significantly later than planned.'],Project 618051 is classified as MEDIUM risk because the projected completion date exceeds the planned schedule.
659,618050,Rehabilitation and Upgradation to 2-lane/Intermediate lane configuration of Ashyari- Shri Kyari Section km 50.000 to km 75.000 of NH-707 in the state of Himachal Pradesh under Green National Highways Corridor Project GNHCP with the loan assistance of World Bank on EPC mode.,MoRTH,Himachal Pradesh,98.16,42.394981063343835,4.381277284685886,133.28767123287673,40,MEDIUM,['Predicted completion is significantly later than planned.'],Project 618050 is classified as MEDIUM risk because the projected completion date exceeds the planned schedule.
660,618874,Four Laning of Trichy - Dindigul from km. 333.00 to km. 421.273 of NH-45,National Highways Authority of India [NHAI],Tamil Nadu,100.0,0.9709802514180897,-37.28043783832288,634.1008771929826,40,MEDIUM,['Predicted completion is significantly later than planned.'],Project 618874 is classified as MEDIUM risk because the projected completion date exceeds the planned schedule.
661,618042,"Rehabilitation/ Upgradation of existing Highway to four lane standards in Kurkheda town from km.413257 to km 410775, Two lane in Shankarpur Gurnuli km 42400 to km 43100 section and Reconstruction of Major Bridge at Ch. 448558 Bhuti Nallah and Ch. 411695 Sati River bridge, Minor Bridge at Ch. 411477 and Ch. 405800 Lendhari Bridge of NH 543 Bhamhapuri-wadsa-kurkheda-korchi-Deori-Amgaon road on EPC mode in the State of Maharashtra",MoRTH,Maharashtra,50.25,29.921884535579153,0.1213841083852643,105.94515539305284,40,MEDIUM,['Predicted completion is significantly later than planned.'],Project 618042 is classified as MEDIUM risk because the projected completion date exceeds the planned schedule.
662,618895,Kamalapuram to Oddanchatram from km. 0.00 to km. 35.822,NHAI,Tamil Nadu,93.6,49.25118612723773,-1.245691288596552,182.03013698630167,40,MEDIUM,['Predicted completion is significantly later than planned.'],Project 618895 is classified as MEDIUM risk because the projected completion date exceeds the planned schedule.
663,618894,4L of Madathukulam - Pollachi from km. 74.38 to km. 116.95 of old NH-209 New NH- 83,NHAI,Tamil Nadu,97.65,59.965691004610264,-1.523697471404364,188.45479452054812,40,MEDIUM,['Predicted completion is significantly later than planned.'],Project 618894 is classified as MEDIUM risk because the projected completion date exceeds the planned schedule.
664,618890,2L PS of Hamirpur Bypass from Km 121.175 to Km.138.295 of NH-103&3,NHAI,Himachal Pradesh,94.37,50.03313542244282,-1.6466546747994686,54.53214774281818,40,MEDIUM,['Predicted completion is significantly later than planned.'],Project 618890 is classified as MEDIUM risk because the projected completion date exceeds the planned schedule.
665,618885,Construction of Four Lane Highway from Ghazipur- Ballia-UP/Bihar State Border Greenfield section of NH-31 Package IV [from Buxur Spur of length km 17.270 on EPC Mode in the state of Uttar Pradesh.,NHAI,Uttar Pradesh,90.57,46.30348935068299,-14.980853887486232,62.12448700410401,40,MEDIUM,['Predicted completion is significantly later than planned.'],Project 618885 is classified as MEDIUM risk because the projected completion date exceeds the planned schedule.
666,616223,ADASA UG TO OC MINE,WCL - CIL,Maharashtra,86.49,66.23101265822785,-0.7625000000000296,52.86337955829468,40,MEDIUM,['Predicted completion is significantly later than planned.'],Project 616223 is classified as MEDIUM risk because the projected completion date exceeds the planned schedule.
667,701602,"Provision of 4G based mobile services in 7,287 uncovered villages of 44 Aspirational District across 5 states of Andhra Pradesh, Chhattisgarh, Jharkhand, Maharashtra & Odisha",Department of Telecommunications [DoT],"Multi-States (Andhra Pradesh, Chhattisgarh, Jharkhand, Maharashtra, Odisha)",81.47,30.068385345997285,-42.85889823609239,206.43897996356975,40,MEDIUM,['Predicted completion is significantly later than planned.'],Project 701602 is classified as MEDIUM risk because the projected completion date exceeds the planned schedule.
668,701599,Mobile connectivity in Left Wing Extremism [LWE] affected areas-Phase2,Department of Telecommunications [DoT],"Multi-States (Andhra Pradesh, Bihar, Chhattisgarh, Jharkhand, Madhya Pradesh, Maharashtra, Odisha, Telangana, Uttar Pradesh, West Bengal)",89.98,31.199883364921998,-14.11399811101882,239.95970695970655,40,MEDIUM,['Predicted completion is significantly later than planned.'],Project 701599 is classified as MEDIUM risk because the projected completion date exceeds the planned schedule.
669,701598,Provision of 4G based Mobile Services in Uncovered Villages and National Highways of Meghalaya,Department of Telecommunications,Meghalaya,99.84,17.20544055310918,-47.5551977447632,289.92673992674,40,MEDIUM,['Predicted completion is significantly later than planned.'],Project 701598 is classified as MEDIUM risk because the projected completion date exceeds the planned schedule.
670,701597,Provision of 4G Mobile Services in Uncovered Villages of Arunachal Pradesh and 2 Districts of Assam,Department of Telecommunications,"Multi-States (Arunachal Pradesh, Assam)",99.84,18.955148985655,-43.18469282909456,225.8665447897627,40,MEDIUM,['Predicted completion is significantly later than planned.'],Project 701597 is classified as MEDIUM risk because the projected completion date exceeds the planned schedule.
671,701593,4G Services by BSNL,Department of Telecommunications [DoT],PAN India,98.56,32.196444881613154,-25.903743764490965,70.06578947368419,40,MEDIUM,['Predicted completion is significantly later than planned.'],Project 701593 is classified as MEDIUM risk because the projected completion date exceeds the planned schedule.
672,618880,Rehabilitation and Up-gradation to 4L configuration & Strengthening of Thanpuri to Paror section from Km 85.135 to Km 100.840 of NH-154 Pkg-IIC,NHAI,Himachal Pradesh,56.61,60.9197234209494,-12.174725382502924,69.84531249999992,40,MEDIUM,['Predicted completion is significantly later than planned.'],Project 618880 is classified as MEDIUM risk because the projected completion date exceeds the planned schedule.
673,618072,Widening to Existing single lane /intermediate lane to 2 lane from Km185.00 to Km 220.00 of NH-61 New NH-02 in the state of Nagaland.,MoRTH,Nagaland,100.0,52.19512195121951,0.3318418839361201,99.86320109439126,40,MEDIUM,['Predicted completion is significantly later than planned.'],Project 618072 is classified as MEDIUM risk because the projected completion date exceeds the planned schedule.
674,618071,Construction of two lane with paved shoulder Gangtok Bypass Road from Ranipool to Burtuk Ch 0.00 Km to 23.316 L23.316 Km in the State of Sikkim,MoRTH,Sikkim,92.0,52.800207711281324,-7.597040114241262,125.1614227086182,40,MEDIUM,['Predicted completion is significantly later than planned.'],Project 618071 is classified as MEDIUM risk because the projected completion date exceeds the planned schedule.
675,618070,Widening to 2 Lanes with paved shoulders from Km.87/000 to 133/720 Nattukal to Thanau Jn. in Palakkad of NH-966 Old NH-213 on EPC mode Basis under NHO Annual Plan 2016-17 in the state of Kerala,MoRTH,Kerala,98.0,0.0,2.9529359793394705,346.027397260274,40,MEDIUM,['Predicted completion is significantly later than planned.'],Project 618070 is classified as MEDIUM risk because the projected completion date exceeds the planned schedule.
676,618095,Widening to Two Lane with Paved Shoulders from Km 0.00 Design Chainage 0.00 to Km 23.338 Design Chainage 23310 of NH-166E MH/KNT Border- Kanamadi- Bijjargi- Tikota section in the state of Karnataka in EPC Mode under Annual plan 2022-23 NH- 166E-KNT-2022-23-974,MoRTH,Karnataka,75.0,37.2047946952308,0.0603927569498054,54.54395604395593,40,MEDIUM,['Predicted completion is significantly later than planned.'],Project 618095 is classified as MEDIUM risk because the projected completion date exceeds the planned schedule.
677,618094,Pen to Khopoli 2LPS,MoRTH,Maharashtra,86.3,90.17569506483663,1.3695822843065135,438.6861313868612,40,MEDIUM,['Predicted completion is significantly later than planned.'],Project 618094 is classified as MEDIUM risk because the projected completion date exceeds the planned schedule.
678,618859,"Improvement and Up-Gradation of Existing Road to 4L PS from Km 229.070 to 260.800, End of Hardoi District to Lucknow Ring road of NH 731 Pkg-4",NHAI,Uttar Pradesh,99.33,67.76395789181113,-4.148177743807036,91.734610123119,40,MEDIUM,['Predicted completion is significantly later than planned.'],Project 618859 is classified as MEDIUM risk because the projected completion date exceeds the planned schedule.
679,618858,"Improvement and Up-Gradation of Existing Road to 4L PS from Km 88.750 to 123.650, from Start of Shahjahanpur Bypass to start of Shahabad bypass of NH 731Pkg.-2A",NHAI,Uttar Pradesh,70.56,38.723386438336085,-0.9837440073692588,56.72503419972637,40,MEDIUM,['Predicted completion is significantly later than planned.'],Project 618858 is classified as MEDIUM risk because the projected completion date exceeds the planned schedule.
680,618065,"Rehabilitation/Upgradation of existing Highway to 2LPS/4 lane of Dhawali to Rajoli from Design Km.149476 to 163476 existing Km.150000 to 164000, Pandhasala to Mohadongri from design Km.170476 to 181476 existing Km.171000 to 182000, Ambeshivni Fata to Bodli from design Km.183476 to 185476 existing Km.184000 to 186000 and Made Tukum to Gadchiroli from design Km.188476 to 189476 existing Km.188000 to 18900 having length 28 km of NH-930 of Dhawali to Gadchroli road in the",MoRTH,Maharashtra,37.2,15.731260270509416,-0.3965364682089632,85.07650273224058,40,MEDIUM,['Predicted completion is significantly later than planned.'],Project 618065 is classified as MEDIUM risk because the projected completion date exceeds the planned schedule.
681,618064,Up-gradation of NH-930 Sherpar to Kohka from Km.67880 to Km.114860 to 2LPS in Chhattisgarh under EPC mode,MoRTH,Chhattisgarh,90.0,72.06868122020289,-0.0399684553893994,99.86320109439126,40,MEDIUM,['Predicted completion is significantly later than planned.'],Project 618064 is classified as MEDIUM risk because the projected completion date exceeds the planned schedule.
682,618060,Widening and Strengthening of existing paveemnt to two lane with paved shoulders from km 116.00 to km 176.355 of NH-75E in the State of Jharkhand on EPC mode.,MoRTH,Jharkhand,89.0,51.44506836712034,-3.8037181561499858,140.34369287020135,40,MEDIUM,['Predicted completion is significantly later than planned.'],Project 618060 is classified as MEDIUM risk because the projected completion date exceeds the planned schedule.
683,618059,Construction of four-lane Concrete Road from Police Headquarter Gondia City to Rawanwadi Village Birsi Airport Junction from design km 0.000 to km 15.781 existing km 39/720 of NH-753 to existing Km 8/400 of NH 543 on sections from Kohmara- Goregaon- Police HeadquarterKaranja - Collector Office Square - Balaghat T Point- Rawanwadi- Rajegaon of NH-753 and NH-543 in Gondia District in the state of Maharashtra. Total Length of the project 15.781 Km.,MoRTH,Maharashtra,34.15,33.976410350187436,0.2289476090336199,81.91407678244992,40,MEDIUM,['Predicted completion is significantly later than planned.'],Project 618059 is classified as MEDIUM risk because the projected completion date exceeds the planned schedule.
684,618090,Sarsam - Kothari of NH-161A - 2L PS from Km.33/00 to 90/00,MoRTH,Maharashtra,97.25,0.0,3.992284290008002,346.027397260274,40,MEDIUM,['Predicted completion is significantly later than planned.'],Project 618090 is classified as MEDIUM risk because the projected completion date exceeds the planned schedule.
685,618089,Rehabilitation & Up-gradation of Mudkhed to Nanded section from Km. 372000 to Km 388400 of NH 161A i.e. Nanded-Bhokar-Himayatnagar-Kinwat-Mahur-Arani Road Design chainage from Km 372000 Mudkhed to Km 387650 Nanded of NH 161A Length 15.65 Km to 2/4Lane with paved shoulders configuration in the State of Maharashtra on EPC mode.,MoRTH,Maharashtra,65.14,36.075336496562414,-0.1593395952356436,78.79753761969921,40,MEDIUM,['Predicted completion is significantly later than planned.'],Project 618089 is classified as MEDIUM risk because the projected completion date exceeds the planned schedule.
686,618087,Widening to intermediate/two lane to 2 lane with paved shoulder from Existing chanages Km 112.750 to 142.00 Liingasur to Mudabal cross & from Km. 147.070 to Km. 149.070 Maski city limit of Jewargi Chamrajnagar setion of NH-150A in the state of Karnataka on EPC mode. Job No. NH-150A-KNT-2021-22-951,MoRTH,Karnataka,96.0,72.40503360950447,-0.242848210098437,139.72943327239526,40,MEDIUM,['Predicted completion is significantly later than planned.'],Project 618087 is classified as MEDIUM risk because the projected completion date exceeds the planned schedule.
687,618085,Upgradation of Nasrullagani-Rehti-Budhni Scction to 2-lane with paved shoulder from Km 0150 to Km 50500 of NH-146B in the state of Madhya Pradesh on EPC mode.,MoRTH,Madhya Pradesh,92.33,0.0,-2.0185500786574444,127.88888888888894,40,MEDIUM,['Predicted completion is significantly later than planned.'],Project 618085 is classified as MEDIUM risk because the projected completion date exceeds the planned schedule.
688,618084,Widening to 2-lane with paved shoulder from km 0.00 to 44.00 Kuru-Ghaghra section of NH-143A including re-construction of culverts and bridges.,MoRTH,Jharkhand,95.0,65.85844062479576,-7.234036991046307,156.7890410958902,40,MEDIUM,['Predicted completion is significantly later than planned.'],Project 618084 is classified as MEDIUM risk because the projected completion date exceeds the planned schedule.
689,618082,Widening & Upgradation to four lane configuration from Km.34.900 Bhadohi to km.73.134 Jaunpur of NH-135A on EPC mode,MoRTH,Uttar Pradesh,95.0,0.0,-4.904453768768057,153.99451553930544,40,MEDIUM,['Predicted completion is significantly later than planned.'],Project 618082 is classified as MEDIUM risk because the projected completion date exceeds the planned schedule.
690,618078,Up-gradation of NH-130C Abhanpur to Paund from NH Km. 0000 to KM 40380 to two lane with paved shoulders in the State of Chhattisgarh on EPC mode.,MoRTH,Chhattisgarh,85.0,50.621246634914066,0.173120728929364,177.2313296903461,40,MEDIUM,['Predicted completion is significantly later than planned.'],Project 618078 is classified as MEDIUM risk because the projected completion date exceeds the planned schedule.
691,618875,4L of Haridwar Nagina section Design Ch. LME from km 13.829 to km 17.110 & km 26.077 to km 27.508 and Design Ch. RME from km 13.839 to km 17.120 & km 26.078 to km 27.509 of EUP mitigation measures on NH74,NHAI,Uttarakhand,70.42,65.06633318834277,-22.35194649847749,205.04918032786907,40,MEDIUM,['Predicted completion is significantly later than planned.'],Project 618875 is classified as MEDIUM risk because the projected completion date exceeds the planned schedule.
692,618864,4L from Mathura Bypass Start at Existing Km. 154.20 of NH-44 to Gaju Village at Km 32.982 of NH-530B Pkg-IB,National Highways Authority of India [NHAI],Uttar Pradesh,100.0,60.976360395096705,-0.7658105463645594,64.23119015047895,40,MEDIUM,['Predicted completion is significantly later than planned.'],Project 618864 is classified as MEDIUM risk because the projected completion date exceeds the planned schedule.
693,618109,Widening to 4 lane from Km 51.60 to 76.20 Hebri to Parkala and from Km 85.20 to 88.90 Karavali junction to Malpe of Thirthahalli-Udupi-Malpe Section of NH-169A in the State of Karnataka on EPC Mode under Annual plan 2021-22 Job No. NH-169A- KNT-2021-22-927,MoRTH,Karnataka,88.33,61.13235128752952,2.3342516586078967,94.33652530779746,40,MEDIUM,['Predicted completion is significantly later than planned.'],Project 618109 is classified as MEDIUM risk because the projected completion date exceeds the planned schedule.
694,618108,Up-gradation and strengthening to 2lanePS from Km 95/500 to km 129/775 of Nh 168G Idar-Bhiloda-Samlaji in the state of Gujarat Length 34.275 km,MoRTH,Gujarat,64.5,17.510957518543492,0.8255225893458951,57.55266757865949,40,MEDIUM,['Predicted completion is significantly later than planned.'],Project 618108 is classified as MEDIUM risk because the projected completion date exceeds the planned schedule.
695,618105,Widening and strengthening to 4 lane / 2-lane with paved shoulders of Mahabubnagar - Chincholi section from km 60/255 to Km 102/834 of NH-167N in the State of Telangana on EPC mode.,MoRTH,Telangana,46.63,19.848295301588305,-1.0599217723163432,60.378932968536205,40,MEDIUM,['Predicted completion is significantly later than planned.'],Project 618105 is classified as MEDIUM risk because the projected completion date exceeds the planned schedule.
696,618104,Widening to two lane with paved shoulders from Km 0/000 to Km 79/300 of Kalwakurthy - Kollapur section of NH-167K in the state of Telangana under annual plan 2021-22 on EPC mode under NHO.,MoRTH,Telangana,90.05,69.95116669862071,2.376151755405015,55.66073871409015,40,MEDIUM,['Predicted completion is significantly later than planned.'],Project 618104 is classified as MEDIUM risk because the projected completion date exceeds the planned schedule.
697,618098,"Upgradation of exhisting 2 lane flexible pavement to 2 lane paved shoulders rigid pavement from design chainage Km 66.00 to Design Km 82.440 Start of Kolhapur Municipal corporation near Phulewadi to kale, design length 16.440 Km section on Talere Gaganbawada-Kolhapur road NH 166G in the state of Maharashtra on EPC mode",MoRTH,Maharashtra,93.75,0.0,-0.3026730963863747,151.27970749542988,40,MEDIUM,['Predicted completion is significantly later than planned.'],Project 618098 is classified as MEDIUM risk because the projected completion date exceeds the planned schedule.
698,616044,UKNI DEEP OC MINE -COST PLUS,WCL - CIL,Maharashtra,94.57,71.2520037121404,0.0577490930567288,274.79240506329154,40,MEDIUM,['Predicted completion is significantly later than planned.'],Project 616044 is classified as MEDIUM risk because the projected completion date exceeds the planned schedule.
699,615982,NILJAI EXPANSION DEEP OCP,WCL - CIL,Maharashtra,79.83,61.554339327599685,-0.2549804534792386,88.43915603532847,40,MEDIUM,['Predicted completion is significantly later than planned.'],Project 615982 is classified as MEDIUM risk because the projected completion date exceeds the planned schedule.
700,702674,"ESR - 8 nos., distribution system - 216 Km, new house service connections - 38760 nos. upgrading of feeder mains, pumping station etc. - Phase II",Ministry of Housing & Urban Affairs,Andhra Pradesh,82.0,51.59679479735222,0.8241783764951123,73.86619718309858,40,MEDIUM,['Predicted completion is significantly later than planned.'],Project 702674 is classified as MEDIUM risk because the projected completion date exceeds the planned schedule.
701,615818,Jawahar Khani Open Cast Mine,Singareni Collieries Company Limited [SCCL],Telangana,20.0,16.916207868940514,0.7308983483282714,63.509274873524376,40,MEDIUM,['Predicted completion is significantly later than planned.'],Project 615818 is classified as MEDIUM risk because the projected completion date exceeds the planned schedule.
702,615336,Transmission system for evacuation of Power from REZ in Rajasthan [20 GW] under phase-III Part-D Phase-II,Power Grid Corporation of India Limited [POWERGRID],Delhi,45.94,32.0,3.780563380281716,64.29508196721314,40,MEDIUM,['Predicted completion is significantly later than planned.'],Project 615336 is classified as MEDIUM risk because the projected completion date exceeds the planned schedule.
703,702630,Surat Metro Rail Project,Gujarat Metro Rail Corporation Limited [GMRCL],Gujarat,81.9,77.6369514289137,0.0528213891143863,55.50519978106176,40,MEDIUM,['Predicted completion is significantly later than planned.'],Project 702630 is classified as MEDIUM risk because the projected completion date exceeds the planned schedule.
704,702629,Agra Metro Rail Project,Uttar Pradesh metro rail corporation [UPMRC],Uttar Pradesh,73.0,75.99724092500614,3.091851420470117,88.68644747393722,40,MEDIUM,['Predicted completion is significantly later than planned.'],Project 702629 is classified as MEDIUM risk because the projected completion date exceeds the planned schedule.
705,702628,Kanpur Metro Rail Project,Uttar Pradesh metro rail corporation [UPMRC],Uttar Pradesh,83.0,85.4346326630843,3.781614736811616,61.570906877662736,40,MEDIUM,['Predicted completion is significantly later than planned.'],Project 702628 is classified as MEDIUM risk because the projected completion date exceeds the planned schedule.
706,618097,Guhagar - Rampur - 2L-PS - km 0/00 Guhagar to 26/230 Rampur and 40/00 Mirjoli to 53/600 Sati on NH-166E,MoRTH,Maharashtra,91.89,0.0,-0.2719793713163244,362.1424657534251,40,MEDIUM,['Predicted completion is significantly later than planned.'],Project 618097 is classified as MEDIUM risk because the projected completion date exceeds the planned schedule.
707,618841,4L Elevated Section and at-grade improvements at Begusarai town Simaria - Khagaria section from Km. 221.047 to Km. 225.302 of NH-31,NHAI,Bihar,95.72,72.12650700553927,-20.21102150537636,69.05689277899344,40,MEDIUM,['Predicted completion is significantly later than planned.'],Project 618841 is classified as MEDIUM risk because the projected completion date exceeds the planned schedule.
708,618838,4L of Karwar Km. 281.980 of NH-62 Nagaur road to Dangiyavas of Jodhpur Ring Road Pkg-II,NHAI,Rajasthan,100.0,62.97658635900917,-20.682212419409694,99.48153214774268,40,MEDIUM,['Predicted completion is significantly later than planned.'],Project 618838 is classified as MEDIUM risk because the projected completion date exceeds the planned schedule.
709,618837,4L of Ratnagiri - Kolhapur section from km 112.340 to km 145.300 of NH-166 PkgIII,NHAI,Maharashtra,68.95,55.649407238955675,-3.5317574501218765,86.25444596443256,40,MEDIUM,['Predicted completion is significantly later than planned.'],Project 618837 is classified as MEDIUM risk because the projected completion date exceeds the planned schedule.
710,618855,"Improvement and Up-Gradation of Existing Road to 2/4L PS from Km 40.000 to 88.750, start of Khutar bypass to start of Shahjahanpur bypass of NH 731Pkg-I",National Highways Authority of India [NHAI],Uttar Pradesh,99.2,66.82882625077504,-3.159619878857333,62.106703146374834,40,MEDIUM,['Predicted completion is significantly later than planned.'],Project 618855 is classified as MEDIUM risk because the projected completion date exceeds the planned schedule.
711,618854,2L PS of Raebareli - Jagdishpur with 4L Jagdishpur Bypass Spur,National Highways Authority of India [NHAI],Uttar Pradesh,97.2,72.97886496510525,2.1644937076202244,116.57534246575344,40,MEDIUM,['Predicted completion is significantly later than planned.'],Project 618854 is classified as MEDIUM risk because the projected completion date exceeds the planned schedule.
712,618852,4L Sundar Nagar Bypass from Km.173.900 to Km.179.600 of NH-21,NHAI,Himachal Pradesh,100.0,95.54706713411123,-4.452932865888766,103.96716826265391,40,MEDIUM,['Predicted completion is significantly later than planned.'],Project 618852 is classified as MEDIUM risk because the projected completion date exceeds the planned schedule.
713,618851,Pandoh bypass 221.305 to Takoli 242.000 of NH-21 in the state of Himachal Pradesh,NHAI,Himachal Pradesh,95.65,84.31643737481542,2.526829339610198,154.65546875000007,40,MEDIUM,['Predicted completion is significantly later than planned.'],Project 618851 is classified as MEDIUM risk because the projected completion date exceeds the planned schedule.
714,618849,Conversion of Partially Excavated Escape Tunnel to Uni-Directional 2L Tunnelincluding construction of cross passages and approach roads on either side of the tunnel from Km 12.732 to Km 14.568 of Kiratpur to Nerchowk Section of NH-21,National Highways Authority of India [NHAI],Chhattisgarh,100.0,88.84311474302694,-5.522117917201342,144.60694698354664,40,MEDIUM,['Predicted completion is significantly later than planned.'],Project 618849 is classified as MEDIUM risk because the projected completion date exceeds the planned schedule.
715,618847,Sattanathapuram to Nagapattinam from Km 123.800 to Km 179.555,NHAI,"Multi-States (Puducherry, Tamil Nadu)",85.6,55.01712204761067,0.0759301599781676,209.035616438356,40,MEDIUM,['Predicted completion is significantly later than planned.'],Project 618847 is classified as MEDIUM risk because the projected completion date exceeds the planned schedule.
716,618846,Poondiyankuppam Km.67.000 to Sattanathapuram Km.123.800,NHAI,Tamil Nadu,99.8,47.16970100910887,3.09628824109478,131.76849315068498,40,MEDIUM,['Predicted completion is significantly later than planned.'],Project 618846 is classified as MEDIUM risk because the projected completion date exceeds the planned schedule.
717,618845,Puducherry Km.29.000 to Poondiyankuppam Km.67.000,NHAI,"Multi-States (Puducherry, Tamil Nadu)",98.75,28.98829010324855,-15.743213296398965,141.8013698630135,40,MEDIUM,['Predicted completion is significantly later than planned.'],Project 618845 is classified as MEDIUM risk because the projected completion date exceeds the planned schedule.
718,618844,Viluppuram Km.0.000 to Puducherry Km.29.000,NHAI,"Multi-States (Puducherry, Tamil Nadu)",98.32,38.754776155664025,-8.154051726041853,142.72602739726008,40,MEDIUM,['Predicted completion is significantly later than planned.'],Project 618844 is classified as MEDIUM risk because the projected completion date exceeds the planned schedule.
719,618125,Rehabilitation and upgradation of NH 326A from km 0/0 to 41/979 excluding km 2/255 to 3/372 and km 36/820 to 38/275 Odisha border to Narasamapeta to two lane with paved Shoulders in the State of Andhra Pradesh under NHO on EPC Mode,MoRTH,Andhra Pradesh,100.0,19.682901191310442,0.0827347582340155,422.8519195612432,40,MEDIUM,['Predicted completion is significantly later than planned.'],Project 618125 is classified as MEDIUM risk because the projected completion date exceeds the planned schedule.
720,618121,Improvement to two lane with paved shoulders of NH-319A from km 0 to km 45 in state of Bihar under EPC mode,MoRTH,Bihar,93.0,46.392379882515385,0.6350253925906004,118.7176684881601,40,MEDIUM,['Predicted completion is significantly later than planned.'],Project 618121 is classified as MEDIUM risk because the projected completion date exceeds the planned schedule.
721,618118,Upgradation of two lane paved shoulder from Shahpura existing km. 0.00 Design Ch. 000 to Thanagazi existing Km.37352 Design Ch. 36810 of NH-248A on EPC mode in the State of Rajasthan.,MoRTH,Rajasthan,100.0,36.4517609269244,2.1584834231960586,129.65116279069767,40,MEDIUM,['Predicted completion is significantly later than planned.'],Project 618118 is classified as MEDIUM risk because the projected completion date exceeds the planned schedule.
722,618869,"Construction of 4/6 lane Highway of Southern Bareilly Bypass, starting at Ch. 237000 of NH 530 near Jhumka chauraha, Dhantiya village and ending at Ch. 267000 of NH 30 near Invertis University including Trumpet Interchange",NHAI,Uttar Pradesh,16.4,55.279763284076935,36.36558171868582,0.0,40,MEDIUM,"['Predicted cost overrun is high.', 'Expenditure is high compared with physical progress.']",Project 618869 is classified as MEDIUM risk because the predicted total cost is significantly above the baseline and expenditure is high relative to the physical progress achieved.
723,618146,Estimate for Improvement to two lane with paved shoulder from Ramnagar to Roseda from km 3.500 to 43.000 of NH 527 E on EPC mode in State of Bihar,MoRTH,Bihar,39.0,0.07674287099119476,-0.0981904838838471,64.52468007312633,40,MEDIUM,['Predicted completion is significantly later than planned.'],Project 618146 is classified as MEDIUM risk because the projected completion date exceeds the planned schedule.
724,618827,4 Laning of NH-544D from Km 37.000 to km 69.000 of Muchukota- Bugga section Pkg-2,NHAI,Andhra Pradesh,84.92,42.53942800914748,-3.482092258352561,64.58139534883738,40,MEDIUM,['Predicted completion is significantly later than planned.'],Project 618827 is classified as MEDIUM risk because the projected completion date exceeds the planned schedule.
725,618826,4 Laning of NH-544D from Km 0.000 to km 37.000 of Anantapur- Muchukota section Pkg-1,NHAI,Andhra Pradesh,92.34,51.56869657178109,-2.808969331100705,57.158686730506105,40,MEDIUM,['Predicted completion is significantly later than planned.'],Project 618826 is classified as MEDIUM risk because the projected completion date exceeds the planned schedule.
726,618825,Bridge over Ganga River at d/s of Farraka Barrage including Approaches connecting Farakka-Raiganj,NHAI,West Bengal,96.71,100.97099864960455,3.1728666966753782,158.2381386861317,40,MEDIUM,['Predicted completion is significantly later than planned.'],Project 618825 is classified as MEDIUM risk because the projected completion date exceeds the planned schedule.
727,618824,"Development to 4-laning of the de-scoped stretches from Km 115.342 to Km 191.700 of NH-34 in Nadia District 3.962 & Murshidabad District 5.538 pertaining to Krishnagar to Berhampore section of NH-34 New NH-12 , in the state of West Bengal under NHO.",NHAI,West Bengal,54.79,32.13823968175037,-5.956340129288919,93.32604735883412,40,MEDIUM,['Predicted completion is significantly later than planned.'],Project 618824 is classified as MEDIUM risk because the projected completion date exceeds the planned schedule.
728,618823,4 laning of Barasat - Barajaguli Section of NH-12 from Km. 31.000 to Km. 48.679 in the district of North 24 - Parganas,NHAI,West Bengal,43.52,27.806028237834152,-12.780716456918787,105.20036429872502,40,MEDIUM,['Predicted completion is significantly later than planned.'],Project 618823 is classified as MEDIUM risk because the projected completion date exceeds the planned schedule.
729,618111,Improvement and upgradation to two lane with paved shoulder configuration from existing km 90.00 to 130.00 Design length 39.15 of NH-227A near Sikriganj to Barhalganj in the State of UP on EPC Mode.,MoRTH,Uttar Pradesh,96.0,35.24642998809996,-9.666327846092887,72.0802919708029,40,MEDIUM,['Predicted completion is significantly later than planned.'],Project 618111 is classified as MEDIUM risk because the projected completion date exceeds the planned schedule.
730,618145,Widening to two lane with paved shoulder of Rampachodavaram - Koyyuru section of NH 516E from Km 43700 to Km 113820 in the State of Andhra Pradesh on EPC mode Job No. 737,MoRTH,Andhra Pradesh,98.63,53.356685207350566,1.3852531155390355,66.34746922024625,40,MEDIUM,['Predicted completion is significantly later than planned.'],Project 618145 is classified as MEDIUM risk because the projected completion date exceeds the planned schedule.
731,618144,Construction of Major Bridge Across Sharavathi Backwaters and approches between Ambargodu and Kalasavalli Near Sigandhur in Sagar Taluk on NH 369E in the State of Karnataka on EPC mode.Job No. NH-369E-KNT-2018-19-895 dated 06.03.2019.,MoRTH,Karnataka,0.0,0.0,0.1974477135768456,113.77737226277372,40,MEDIUM,['Predicted completion is significantly later than planned.'],Project 618144 is classified as MEDIUM risk because the projected completion date exceeds the planned schedule.
732,618143,widening to two lane with Paved shoulders from Km.0/970 to Km.40/410 of Jangaon - Thirumal giriof NH- 365B in the state of Telanganaon EPC mode under NHO Annual Plan 2016-17,MoRTH,Telangana,92.74,0.0,-0.2218274111675475,343.91988555078694,40,MEDIUM,['Predicted completion is significantly later than planned.'],Project 618143 is classified as MEDIUM risk because the projected completion date exceeds the planned schedule.
733,618142,Widening to Two lane with Paved shoulders from km.40/410 to 84/037 of Thirumanlagiri-- Suryapet Section of NH-365B earstwhile section of SH-16,MoRTH,Telangana,99.96,0.0,-3.516316349063413,350.2739726027397,40,MEDIUM,['Predicted completion is significantly later than planned.'],Project 618142 is classified as MEDIUM risk because the projected completion date exceeds the planned schedule.
734,618141,Widening and Improvement of existing carriage way to 2 lane with paved shoulders from Km. 86/160 to 131/730 of Jangaon-Duddeda section of NH-365B in the State of Telangana on EPC Mode,MoRTH,Telangana,77.85,43.64550864267498,0.0762019457826434,89.86730506155956,40,MEDIUM,['Predicted completion is significantly later than planned.'],Project 618141 is classified as MEDIUM risk because the projected completion date exceeds the planned schedule.
735,618136,Upgradatiobn and Rehabilitation of Section of NH 361 F from Parli 00/000 to Gangakhed 30/400 to Two Lanes with paved shoulder / Four lane configurations on EPC mode in the State of Maharashtra.,MoRTH,Maharashtra,91.0,0.0,0.1164230974870308,168.630849220104,40,MEDIUM,['Predicted completion is significantly later than planned.'],Project 618136 is classified as MEDIUM risk because the projected completion date exceeds the planned schedule.
736,618133,Strengthening and Widening of road Sakoli- Wadsa-Armori-Gadchiroli-Ashti- Allapalli - Sironcha National highway NH 353C in Km 262/00 to 321/00 including 16 minor Bridges and 2 Major Bridge Total length 59 Km section from repanpalli to sironcha in Gadchiroli Dist in the State of Maharashtra.,MoRTH,Maharashtra,67.39,51.5415047938126,2.998146630074452,143.8342857142854,40,MEDIUM,['Predicted completion is significantly later than planned.'],Project 618133 is classified as MEDIUM risk because the projected completion date exceeds the planned schedule.
737,618132,Widening & strengthening of existing carriageway in 2 lane with paved shoulders from km 25/0 to 59/2 design Ch km 25.467 to 59.200 of NH - 353C on EPC mode in the state of Telangana,MoRTH,Telangana,98.57,74.1134235676515,0.5273856304273827,295.4856361149112,40,MEDIUM,['Predicted completion is significantly later than planned.'],Project 618132 is classified as MEDIUM risk because the projected completion date exceeds the planned schedule.
738,702851,Pune Water Supply Infrastructure Project,Ministry of Housing & Urban Affairs,Maharashtra,96.0,93.56643356643357,0.6308963763510627,59.622522957950686,40,MEDIUM,['Predicted completion is significantly later than planned.'],Project 702851 is classified as MEDIUM risk because the projected completion date exceeds the planned schedule.
739,702840,Mira-Bhayandar Water Supply Infrastructure Project,Ministry of Housing & Urban Affairs,Maharashtra,99.0,90.9948667807382,2.57848936690281,68.78242677824262,40,MEDIUM,['Predicted completion is significantly later than planned.'],Project 702840 is classified as MEDIUM risk because the projected completion date exceeds the planned schedule.
740,702833,Kalyan-Dombivali Water Supply Infrastructure Project,Ministry of Housing & Urban Affairs,Maharashtra,75.0,70.31925849639548,0.4822348094748682,69.92756539235393,40,MEDIUM,['Predicted completion is significantly later than planned.'],Project 702833 is classified as MEDIUM risk because the projected completion date exceeds the planned schedule.
741,615327,50 MW Solar PP Minedout Area,NLC India Limited [NLCIL],Tamil Nadu,100.0,77.94798880887951,1.515296060175177,100.50761421319795,40,MEDIUM,['Predicted completion is significantly later than planned.'],Project 615327 is classified as MEDIUM risk because the projected completion date exceeds the planned schedule.
742,615193,BASUNDHARA WEST EXTENSION OPEN,MCL - CIL,Odisha,67.58,58.76447876447877,0.1801940937077404,185.9563739376774,40,MEDIUM,['Predicted completion is significantly later than planned.'],Project 615193 is classified as MEDIUM risk because the projected completion date exceeds the planned schedule.
743,618163,"Rehabilitation and Up-gradation from km. 0000 to km.40390 of NH-730S MaharajganjNichloulThuthibari to two lane with paved shoulders in the State of U.P. on Engineering, Procurement & Construction EPC Basis.",MoRTH,Uttar Pradesh,59.5,20.74019153537226,-15.952746370095678,76.28284671532846,40,MEDIUM,['Predicted completion is significantly later than planned.'],Project 618163 is classified as MEDIUM risk because the projected completion date exceeds the planned schedule.
744,618807,"4L Greenfield Road connecting North and South industrial cluster of Khandaleru Creek near Krishnapatnam port at Thamminapatnam to Mollur from Km 0.0 to Km 16.046, Part I & 6L extension of dedicated port road of NH-67 Km 18.0 to Km 19.3, Part II",NHAI,Andhra Pradesh,84.03,95.04290894770524,-4.957091052294755,64.74555403556788,40,MEDIUM,['Predicted completion is significantly later than planned.'],Project 618807 is classified as MEDIUM risk because the projected completion date exceeds the planned schedule.
745,618804,Dedicated Port road to Krishnapatnam Port Package-I from Km. 0.000 to Km. 18.000,NHAI,Andhra Pradesh,80.19,89.05138793301217,-8.821145905024087,303.0396716826264,40,MEDIUM,['Predicted completion is significantly later than planned.'],Project 618804 is classified as MEDIUM risk because the projected completion date exceeds the planned schedule.
746,618836,4L of Ratnagiri - Kolhapur section from km 67.140 to km 112.340 of NH-166 Pkg II,NHAI,Maharashtra,81.57,62.432884384853274,-6.169609847988795,83.05198358413166,40,MEDIUM,['Predicted completion is significantly later than planned.'],Project 618836 is classified as MEDIUM risk because the projected completion date exceeds the planned schedule.
747,618829,4L from km 196.87 Sankha to km 219.6 Khajuri on NH-75 [Rehla / Garhwa Bypass],National Highways Authority of India [NHAI],Jharkhand,93.45,46.668378368806884,0.1641374791939511,129.17808219178082,40,MEDIUM,['Predicted completion is significantly later than planned.'],Project 618829 is classified as MEDIUM risk because the projected completion date exceeds the planned schedule.
748,618154,"Rehabilitation & upgradation of Jamkhed to Sautada Section of NH548 D from km 195.375 to km 208.774, Length 13.399 Km to 2L PS /4L configuration with rigid pavement in the state of Maharashtra on EPC mode.",MoRTH,Maharashtra,68.93,0.0,1.3814871209237825,133.45521023765997,40,MEDIUM,['Predicted completion is significantly later than planned.'],Project 618154 is classified as MEDIUM risk because the projected completion date exceeds the planned schedule.
749,618153,Satara to Mhaswad,MoRTH,Maharashtra,98.08,1.1232516144829063,-0.531402075107952,346.027397260274,40,MEDIUM,['Predicted completion is significantly later than planned.'],Project 618153 is classified as MEDIUM risk because the projected completion date exceeds the planned schedule.
750,618152,Mhaswad to Tembhurni section of NH-548C - 2L PS,MoRTH,Maharashtra,96.19,0.0,0.1827261563649549,365.98140200286167,40,MEDIUM,['Predicted completion is significantly later than planned.'],Project 618152 is classified as MEDIUM risk because the projected completion date exceeds the planned schedule.
751,618147,Widening to 2 Lane with Paved Shoulders from design Km 103.200 Existing Km 103.200 to design Km 116.700 Existing Km 118.470 on AP/KNT Border to Sira Section of NH-544E in the State of Karnatakaon EPC mode under Annual plan 2022- 23,MoRTH,Karnataka,65.0,28.028574858926635,-0.5821227038059895,65.14571948998174,40,MEDIUM,['Predicted completion is significantly later than planned.'],Project 618147 is classified as MEDIUM risk because the projected completion date exceeds the planned schedule.
752,618820,Rehabilitation and Up gradation from 4 to 8 laning of Chandikhole Paradip Section of NH-53 Old NH 5A from Km.39.000 to Km.60.00 Package-3,NHAI,Odisha,92.02,45.94356261022927,-0.5985449735450399,56.682626538987954,40,MEDIUM,['Predicted completion is significantly later than planned.'],Project 618820 is classified as MEDIUM risk because the projected completion date exceeds the planned schedule.
753,618819,Balance work of Panikoili Rimoli Section of new NH-20 from Km 0.00 to Km. 163.000,National Highways Authority of India [NHAI],Odisha,99.0,48.82259738840627,3.919138938971789,416.986301369863,40,MEDIUM,['Predicted completion is significantly later than planned.'],Project 618819 is classified as MEDIUM risk because the projected completion date exceeds the planned schedule.
754,618177,Pal Phata Phulambri - Khultabad 2LPS,MoRTH,Maharashtra,95.29,2.544126061886527,0.9201109203749364,438.6861313868612,40,MEDIUM,['Predicted completion is significantly later than planned.'],Project 618177 is classified as MEDIUM risk because the projected completion date exceeds the planned schedule.
755,618175,Rehabilitation and Upgradation of Satana to Mangrul Chandwad Section of NH752 G Design Ch Km 64.000 to Ch Km 101.140 two lane with paved shoulder/four lane configuration in the state of Maharashtra on EPC mode.,MoRTH,Maharashtra,93.46,0.0,0.0347014925373518,61.19699042407648,40,MEDIUM,['Predicted completion is significantly later than planned.'],Project 618175 is classified as MEDIUM risk because the projected completion date exceeds the planned schedule.
756,618173,Shirur-Kharda section from 55937 km to 114486 km to 2LPS/4L,MoRTH,Maharashtra,83.93,0.0,0.0387144091992459,361.0917808219185,40,MEDIUM,['Predicted completion is significantly later than planned.'],Project 618173 is classified as MEDIUM risk because the projected completion date exceeds the planned schedule.
757,618172,Paithan - Shirur section 2LPS Km 0.0 to 55.00,MoRTH,Maharashtra,82.0,60.927442949093034,0.0042715038033193,366.56164383561617,40,MEDIUM,['Predicted completion is significantly later than planned.'],Project 618172 is classified as MEDIUM risk because the projected completion date exceeds the planned schedule.
758,618170,Construction of Two lane with paved shoulder configuration of Shujalpur Bypass section of NH-752C from km 33100 Design to km. 42570 Design total design length 10.470 km in the State of Madhya Pradesh on EPC mode.,MoRTH,Madhya Pradesh,46.33,17.783902461811557,-0.1151025365534876,87.51366120218569,40,MEDIUM,['Predicted completion is significantly later than planned.'],Project 618170 is classified as MEDIUM risk because the projected completion date exceeds the planned schedule.
759,618168,Widening to four lane with paved shoulder from Design Km.49.200 to Km.89.285 of NH-731B on EPC mode in the state of Uttar Pradesh,MoRTH,Uttar Pradesh,56.0,14.643047793356647,4.90643962915763,50.57045143638857,40,MEDIUM,['Predicted completion is significantly later than planned.'],Project 618168 is classified as MEDIUM risk because the projected completion date exceeds the planned schedule.
760,618167,Rehabilitation & Upgradation of NH-731A from Km.0.00 to Km.35.00 to 2-lane with paved shoulder under EPC mode,MoRTH,Uttar Pradesh,93.0,0.0,4.497130559540966,279.28493150684943,40,MEDIUM,['Predicted completion is significantly later than planned.'],Project 618167 is classified as MEDIUM risk because the projected completion date exceeds the planned schedule.
761,702627,Patna Metro Rail Project,Patna Metro Rail Corporation Ltd. [PMRCL],Bihar,50.05,38.891062767053455,-0.734155982034646,65.11938663745869,40,MEDIUM,['Predicted completion is significantly later than planned.'],Project 702627 is classified as MEDIUM risk because the projected completion date exceeds the planned schedule.
762,702626,Indore Metro Rail Project,Madhya Pradesh Metro Rail Co Limited [MPMRCL],Madhya Pradesh,65.48,67.9120893771331,2.750186646757777,141.223134839151,40,MEDIUM,['Predicted completion is significantly later than planned.'],Project 702626 is classified as MEDIUM risk because the projected completion date exceeds the planned schedule.
763,702625,Bhopal Metro Rail Project,Madhya Pradesh Metro Rail Co Limited [MPMRCL],Madhya Pradesh,62.7,64.81055694816608,0.417901287924721,139.5427789185489,40,MEDIUM,['Predicted completion is significantly later than planned.'],Project 702625 is classified as MEDIUM risk because the projected completion date exceeds the planned schedule.
764,702355,Storm water drainag Development Project,ministry of housing and urban affairs,Dadra & Nagar Haveli and Daman & Diu,20.0,0.0,1.447714285714285,92.6918392204628,40,MEDIUM,['Predicted completion is significantly later than planned.'],Project 702355 is classified as MEDIUM risk because the projected completion date exceeds the planned schedule.
765,701991,Kalyan Station Precinct Imporvement Project,ministry of housing and urban affairs,Maharashtra,85.0,88.34,1.5988166666667212,106.10045662100455,40,MEDIUM,['Predicted completion is significantly later than planned.'],Project 701991 is classified as MEDIUM risk because the projected completion date exceeds the planned schedule.
766,702949,Jhansi Water Supply Infrastructure Phase-II Project,Ministry of Housing & Urban Affairs,Uttar Pradesh,95.0,90.16982945846833,0.6083953430412229,75.46478873239421,40,MEDIUM,['Predicted completion is significantly later than planned.'],Project 702949 is classified as MEDIUM risk because the projected completion date exceeds the planned schedule.
767,702854,Solapur Sewerage Management Infrastructure Project,Ministry of Housing & Urban Affairs,Maharashtra,98.0,95.55037727474478,1.8920328450954456,65.24902506963777,40,MEDIUM,['Predicted completion is significantly later than planned.'],Project 702854 is classified as MEDIUM risk because the projected completion date exceeds the planned schedule.
768,618204,Construction of realignment between Pandrass- Pashkyun Total length 27.10 km on road Zozila-Kargil -Leh NH-1 to 2 lane specifications i.e. Drass alignment 9.30 km Kharboo realignment 6.30 km & Kargil alignment 11.50 km under project Vijayak BRO in the UT of Ladakh on EPC Mode,MoRTH,Jammu and Kashmir,54.89,26.32875747976065,0.5521999296023897,103.10943912448712,40,MEDIUM,['Predicted completion is significantly later than planned.'],Project 618204 is classified as MEDIUM risk because the projected completion date exceeds the planned schedule.
769,618200,Construction of 2 lane with Paved Shoulder for Northern Bypass Phase-II of Kota city in the State of Rajasthan.,MoRTH,Rajasthan,50.33,1.9323975577516206,-0.227733366903643,102.824817518248,40,MEDIUM,['Predicted completion is significantly later than planned.'],Project 618200 is classified as MEDIUM risk because the projected completion date exceeds the planned schedule.
770,618198,Balance work of Rehabilitation and Up-gradation to 2-lane road with paved shoulders configuration for NH- 965DD from Pacharal-Mandangad-Mhapral-Rajewadi Upto Junction of NH-66 Ch-22700 to 75100 Km and Ambadave connector Birth place of Dr. Babasaheb Ambedkar Ch-0000 to 7325 Km length Km 59.725 in the state of Maharashtra on EPC mode. Balance Work,MoRTH,Maharashtra,93.07,43.77651505412285,-1.994626282364465,124.93150684931508,40,MEDIUM,['Predicted completion is significantly later than planned.'],Project 618198 is classified as MEDIUM risk because the projected completion date exceeds the planned schedule.
771,618801,Construction of New Double Tier 4-lane Elevated Corridor from Chennai Port to Maduravoyal in Chennai District from Km -0342 to Km 20223 Package 1 from Km - 0342 to Km 4604,NHAI,Tamil Nadu,22.8,19.818664976702987,-3.130823353185612,106.05921052631616,40,MEDIUM,['Predicted completion is significantly later than planned.'],Project 618801 is classified as MEDIUM risk because the projected completion date exceeds the planned schedule.
772,618800,Construction of New Double Tier 4L Elevated Corridor from Chennai Port to Maduravoyal in Chennai District from km -0.342 to Km 20.593 and Package II from Km 4.604 to Km 9.700,NHAI,Tamil Nadu,18.13,15.48575421931143,-0.6312362010426429,113.48684210526363,40,MEDIUM,['Predicted completion is significantly later than planned.'],Project 618800 is classified as MEDIUM risk because the projected completion date exceeds the planned schedule.
773,618798,4L of Sonauli - Gorakhpur,NHAI,Uttar Pradesh,89.0,51.974955977303864,-7.79883780082185,72.53214774281822,40,MEDIUM,['Predicted completion is significantly later than planned.'],Project 618798 is classified as MEDIUM risk because the projected completion date exceeds the planned schedule.
774,618795,Amritsar Bypass Pkg III from km. 71.496 to km. 105.158,NHAI,Punjab,82.88,82.90580904140985,-9.55886680634952,112.49794801641602,40,MEDIUM,['Predicted completion is significantly later than planned.'],Project 618795 is classified as MEDIUM risk because the projected completion date exceeds the planned schedule.
775,618192,Duttalur at NH-565 Junction to Kavali Joining on NH-16 Chainage Km. 36/400 to Km. 107/224 excluding the stretch from Km 101.880 to 105.300 67.404 Km of NH-167BG from in the State of Andhra Pradesh on EPC mode,MoRTH,Andhra Pradesh,94.65,0.0,0.3518776406163784,94.19972640218872,40,MEDIUM,['Predicted completion is significantly later than planned.'],Project 618192 is classified as MEDIUM risk because the projected completion date exceeds the planned schedule.
776,618191,"Rehabilitation and upgradation of NH-167AD from Macherla to Dachepalli via Paluvai Junction, Rentachinthala, Gurazala from Km.0.000 to 43.659 to two lane with paved shoulders in the state of Andhra Pradesh job-729",MoRTH,Andhra Pradesh,99.06,56.32905113833638,0.1410148306136885,66.34746922024625,40,MEDIUM,['Predicted completion is significantly later than planned.'],Project 618191 is classified as MEDIUM risk because the projected completion date exceeds the planned schedule.
777,618190,Widening to two lane with paved shoulders of 'Bodhan Basar Bhainsa ' section from Km 38/900 to 95/300 of NH-161BB in the state of Telangana under Annual Plan 2021- 22 on EPC Mode under NH O.,MoRTH,Telangana,98.6,62.60842578943285,-0.4418186050120462,71.26675786593701,40,MEDIUM,['Predicted completion is significantly later than planned.'],Project 618190 is classified as MEDIUM risk because the projected completion date exceeds the planned schedule.
778,618188,Rehabilitation and Up-gradation to 2 lane with paved shoulder configuration of Mahud Sangola road NH 965 G 159400 to 161900and 162400 to 183960 Design Chainage from km. 32/300 to km. 34/800 and km. 35/800 to km. 56/860 Rigid Pavement on EPC mode in the State of Maharashtra.,MoRTH,Maharashtra,100.0,38.990464181574595,-2.9327370163134328,77.87934186471664,40,MEDIUM,['Predicted completion is significantly later than planned.'],Project 618188 is classified as MEDIUM risk because the projected completion date exceeds the planned schedule.
779,618186,"Rehabilitation and Up-gradation of Valigonda to Thorrur Section to Two Lane with Paved Shoulders from Km 39.180 to Km 108.300 of NH-930P in the State of Telangana on Engineering, Procurement and Construction EPC Basis",MoRTH,Telangana,94.97,59.308549373725604,0.5082289542673456,89.473324213406,40,MEDIUM,['Predicted completion is significantly later than planned.'],Project 618186 is classified as MEDIUM risk because the projected completion date exceeds the planned schedule.
780,618184,Construction of 2 Lane with paved shoulder from km 55.6 to km 90.7 existing chainages of NH-766C complete Realignment of 13.76 km with 2 major Bridges across Sharavathi Backwaters on EPC mode under Annual Plan 2022-23 in the state of Karnataka NH-766C-KNT-2022-23 dated 14.10.2022,MoRTH,Karnataka,65.0,51.05243015690777,0.3540311264192912,80.87277701778372,40,MEDIUM,['Predicted completion is significantly later than planned.'],Project 618184 is classified as MEDIUM risk because the projected completion date exceeds the planned schedule.
781,618181,Rehabilitation / Upgradation to 4 Lane with Paved shoulder of Existing Section in Sillod Town with Design Ch. Km54500 to Km 60679 [Length6.179 km] section of NH 753F Aurangabad-Jalgaon road on EPC Mode in the State of Maharashtra,MoRTH,Maharashtra,98.0,0.0,0.0150204824762327,55.57586837294332,40,MEDIUM,['Predicted completion is significantly later than planned.'],Project 618181 is classified as MEDIUM risk because the projected completion date exceeds the planned schedule.
782,618180,Pune raigarh District Border To Mangaon Ch 69000 to 103775 NH-753F,MoRTH,Maharashtra,89.08,0.0,-0.1373847668485967,438.6861313868612,40,MEDIUM,['Predicted completion is significantly later than planned.'],Project 618180 is classified as MEDIUM risk because the projected completion date exceeds the planned schedule.
783,618794,Amritsarairport Junction - Ramdas from km. 100.835 to km. 139.813 Pkg - IV,NHAI,Punjab,96.0,75.34674592287762,-6.216106538637487,201.03825136611988,40,MEDIUM,['Predicted completion is significantly later than planned.'],Project 618794 is classified as MEDIUM risk because the projected completion date exceeds the planned schedule.
784,618214,Rehabilitation and upgradation to 2 lane / 2 lane with paved shoulder configuration for design chainage km 107.347 to km 129.208 & km 133.878 to km 138.570 existing chainage km 110.000 to km 133.020 & km 137.330 to km 142.028 and land slide treatment at existing km 138.500 Design chainage km 134.970 of NH -94 on EPC mode under improvement to NH connectivity to Chardham in the state of Uttarakhand.,MoRTH,Uttarakhand,100.0,0.0,2.565945165945188,200.21929824561403,40,MEDIUM,['Predicted completion is significantly later than planned.'],Project 618214 is classified as MEDIUM risk because the projected completion date exceeds the planned schedule.
785,618213,Rehabilitation and Upgradation of road Rishikesh Dharasu Old NH-94 with 2-lane with paved shoulder from km 76.000 to km 110.000 Design Chainage from km 74.733 to km 107.347 32.614 km including construction of Kamand re-alignment from existing Chainage Km 105.200 to Km 108.600 design chainage Km 103.436 to Km 105.949 - total length 2513 mtrs and land slide treatment work between design chainage Km 73.800 to Km 74.00 200m on EPC mode under improvement to NH connectivity to Chardham in,MoRTH,Uttarakhand,96.46,0.0,0.0341905318526276,274.5554035567716,40,MEDIUM,['Predicted completion is significantly later than planned.'],Project 618213 is classified as MEDIUM risk because the projected completion date exceeds the planned schedule.
786,618774,Ara - Mohania Pkg-II,National Highways Authority of India [NHAI],Bihar,100.0,81.05785929740105,0.7688167128768771,113.61141602634468,40,MEDIUM,['Predicted completion is significantly later than planned.'],Project 618774 is classified as MEDIUM risk because the projected completion date exceeds the planned schedule.
787,618773,Tuticorin - Tirunelveli from km. 0.00 to km. 47.250,National Highways Authority of India [NHAI],Tamil Nadu,100.0,0.2600866955651884,-2.375480715794067,703.5567715458277,40,MEDIUM,['Predicted completion is significantly later than planned.'],Project 618773 is classified as MEDIUM risk because the projected completion date exceeds the planned schedule.
788,618771,6L of Varadharajula to Kumarajapet from km 0.000 to km 43.800 of NH-716B Pkg-I,National Highways Authority of India [NHAI],"Multi-States (Andhra Pradesh, Tamil Nadu)",99.19,49.235485127938695,-6.525683855046053,70.84815321477441,40,MEDIUM,['Predicted completion is significantly later than planned.'],Project 618771 is classified as MEDIUM risk because the projected completion date exceeds the planned schedule.
789,618770,4L Spur of Panipat - Shamli connecting NH-709AD Panipat Shamli Muzaffarnagar and NH-709A Karnal Meerut bypassing Shamli district UP,National Highways Authority of India [NHAI],Uttar Pradesh,74.23,45.12747985120893,-32.835399876007564,78.9329685362517,40,MEDIUM,['Predicted completion is significantly later than planned.'],Project 618770 is classified as MEDIUM risk because the projected completion date exceeds the planned schedule.
790,618787,"Upgradation to 4L PS from Bhimasar, Junction of NH-41 to Anjar- Bhuj upto Airport Junction from Km 0.000 to Km 65.478 of NH-341",NHAI,Gujarat,96.0,61.0206400302973,-1.639637015134054,67.9433106575961,40,MEDIUM,['Predicted completion is significantly later than planned.'],Project 618787 is classified as MEDIUM risk because the projected completion date exceeds the planned schedule.
791,618786,4L of Phagwara - Hoshiarpur,NHAI,Punjab,20.03,46.49275313863488,15.65045386917191,14.878082191780898,40,MEDIUM,['Expenditure is high compared with physical progress.'],Project 618786 is classified as MEDIUM risk because expenditure is high relative to the physical progress achieved.
792,618785,4/6L Greenfield LudhianaRupnagar highway from Jn. with NE-5 village near to ManewalLudhiana to Jn. with NH-205 near Bheora Village Rupnagar from Km 66.0 to Km 91.0 i/c spur to Kharar from Km 0.0 to Km 19.5 with Ludhiana bypass of NH-205K Pkg-3,NHAI,Punjab,80.25,77.44866823893086,-3.571957735406623,93.08618331053336,40,MEDIUM,['Predicted completion is significantly later than planned.'],Project 618785 is classified as MEDIUM risk because the projected completion date exceeds the planned schedule.
793,618783,4-laning of Pilibhit - Sitarganj from Km. 32.500 to Km. 70.800 Pkg-2 of NH-30,NHAI,"Multi-States (Uttar Pradesh, Uttarakhand)",44.41,31.954404257777718,-1.7243863810927584,69.89452054794512,40,MEDIUM,['Predicted completion is significantly later than planned.'],Project 618783 is classified as MEDIUM risk because the projected completion date exceeds the planned schedule.
794,618782,4L of Bareilly-Pilibhit-Sitarganj from Km. 0.000 to Km. 32.500 of NH-30 Pkg-1,NHAI,Uttar Pradesh,64.12,44.656921112657265,-3.9454574146068913,50.353424657534376,40,MEDIUM,['Predicted completion is significantly later than planned.'],Project 618782 is classified as MEDIUM risk because the projected completion date exceeds the planned schedule.
795,618779,4L of Aurangabad-Paithan,NHAI,Bihar,96.5,21.231893687707643,-54.16607308970103,123.25959780621604,40,MEDIUM,['Predicted completion is significantly later than planned.'],Project 618779 is classified as MEDIUM risk because the projected completion date exceeds the planned schedule.
796,618210,Rehabilitation and upgradation of Askot-Lipulekh on EPC Basis for Phase-I Existing Km 72.00 to 107.620 Design Chainage Km 21330 to Km 56935 under Project Hirak of BRO in the state of Uttarakhand under Bharatmala Pariyojna Phase-I on EPC Mode Length-35.605 Km CA No EPC/MORT&H/HRK/01/2021-22,MoRTH,Uttarakhand,81.17,0.0,2.663266657835353,133.56027397260291,40,MEDIUM,['Predicted completion is significantly later than planned.'],Project 618210 is classified as MEDIUM risk because the projected completion date exceeds the planned schedule.
797,618209,Construction & up gradation of existing road to 2-Lane with paved shoulder from existing chainage km 468000 to km 489350 Design Chainage km 465150 to km 471500 of NH-07 Old NH-58 including Joshimath bypass on EPC mode in the state of Uttarakhand Length 6.35 km,MoRTH,Uttarakhand,37.23,0.0,0.3153563840060542,63.03558394160592,40,MEDIUM,['Predicted completion is significantly later than planned.'],Project 618209 is classified as MEDIUM risk because the projected completion date exceeds the planned schedule.
798,618208,Construction and upgradation of existing road to 2-lane with paved shoulder from existing chainage Km 509.725 to Km 528.000 design chainage Km 490.550 to Km 507.850 of NH-58 new NH-07 Benakuli bend to Mana Village in EPC mode under Chardham Programme in the State of Uttarakhand.,MoRTH,Uttarakhand,95.0,0.0,1.9349250416435668,239.0000000000001,40,MEDIUM,['Predicted completion is significantly later than planned.'],Project 618208 is classified as MEDIUM risk because the projected completion date exceeds the planned schedule.
799,618205,"Construction of 4 lane with paved shoulder from Existing Ch. 14200 to 24320 Design Ch. 14200 to 24400, Ch. 33760 to 42780 Design Ch. 35300 to 44294 & Ch. 43440 to 47020 Design Ch. 44958 to 48500 Delina Flyover including construction of flyover length 1.704 km of total length 22.736 kms in AOR of 760 BRTF on road SRINAGAR BARAMULA URI NH-01 in the UT of Jammu & Kashmir under project BEACON, Border Roads Organization BRO Package-IJob No NH-1-J&K-2022-23-110",MoRTH,Jammu and Kashmir,85.5,36.305345736283485,-5.1350399533674524,59.34199726402192,40,MEDIUM,['Predicted completion is significantly later than planned.'],Project 618205 is classified as MEDIUM risk because the projected completion date exceeds the planned schedule.
800,618514,6L of Kagal-Satara section from Km 658.000 to Km 725.000 of NH-48 Pkg-II,NHAI,Maharashtra,90.12,8.867684096262513,-2.8158758489902764,96.3830369357044,40,MEDIUM,['Predicted completion is significantly later than planned.'],Project 618514 is classified as MEDIUM risk because the projected completion date exceeds the planned schedule.
801,618236,Rehabilitation and Up-gradation of Dhindi - Digamarru section from Km 126/510 to Km 135/740 of NH -214 New NH -216 and digamarru -Losari section from Km 0/000 tp Km 34/230 of NH-214 A New Nh-216 to two lane with paved shoulder in the state of AP-NH,MoRTH,Andhra Pradesh,100.0,70.37587799784852,-6.347180915016281,408.63013698630135,40,MEDIUM,['Predicted completion is significantly later than planned.'],Project 618236 is classified as MEDIUM risk because the projected completion date exceeds the planned schedule.
802,618234,Construction of a new 4-lane major bridge across river Kosi at Phulaut including Rehabilitation and upgradation of existing Birpur and Bihpur section of NH-106 from km 106.000 to km 136.000 to 2-lane with paved shoulders in the State of Bihar on EPC mode,MoRTH,Bihar,98.6,60.97943722943723,3.6185876623375406,69.34306569343065,40,MEDIUM,['Predicted completion is significantly later than planned.'],Project 618234 is classified as MEDIUM risk because the projected completion date exceeds the planned schedule.
803,618233,Construction of 6-lane bridge on Ganga on NH-96 and its approaches in Phaphamau Allahabad on EPC mode,MoRTH,Uttar Pradesh,91.0,0.022071089439240344,-18.767560631335726,88.28675799086753,40,MEDIUM,['Predicted completion is significantly later than planned.'],Project 618233 is classified as MEDIUM risk because the projected completion date exceeds the planned schedule.
804,618231,Rehabilitation and Upgradation to 2-lane configuration of Hamirpur-Karnohal Section km 141.00 to 181.00 of NH-70 in the State of Himachal Pradesh under Green National Highways Corridor Project GNHCP with the loan assistance of World Bank on EPC mode.Package-1,MoRTH,Himachal Pradesh,93.62,53.32723899658538,-0.0168848976957674,67.66192560175044,40,MEDIUM,['Predicted completion is significantly later than planned.'],Project 618231 is classified as MEDIUM risk because the projected completion date exceeds the planned schedule.
805,618230,Rehabilitation and Upgradation to 2-lane configuration of Kalwahn-Mandi Section km 208.950 to 250.592 of NH-70 in the State of Himachal Pradesh under Green National Highways Corridor Project GNHCP with the loan assistance of World Bank on EPC mode.Package-3,MoRTH,Himachal Pradesh,70.58,0.0,-5.645870450496332,71.61336254107337,40,MEDIUM,['Predicted completion is significantly later than planned.'],Project 618230 is classified as MEDIUM risk because the projected completion date exceeds the planned schedule.
806,618229,Rehabilitation and upgradation to 2-lane with paved sholuders configuration of Near Karri village-Etawah section Km30.000 to Km 57.346 Pakage-II of NH-92 in state of Uttar Pradesh undergreen national Highway Corridor ProjectGNHCP with the loan assistance of world Bank on EPC mode.,MoRTH,Uttar Pradesh,100.0,0.0,3.902553413236085,149.3624772313297,40,MEDIUM,['Predicted completion is significantly later than planned.'],Project 618229 is classified as MEDIUM risk because the projected completion date exceeds the planned schedule.
807,618197,Widening to 2 lane with Paved Shoulders of Medak - Siddipet section from Km 0/0 to km 69/978 of NH-765DG in the State of Telangana under Annual plan 2021-22 on EPC mode,MoRTH,Telangana,74.06,43.50019270443674,4.9881090026979,93.41860465116316,40,MEDIUM,['Predicted completion is significantly later than planned.'],Project 618197 is classified as MEDIUM risk because the projected completion date exceeds the planned schedule.
808,618196,Widening to 2 lane with Paved Shoulders of Siddipet-Elkathurthy section from Km 69/978 to km 133/619 of NH-765DG in the State of Telangana under Annual plan 2021-22 on EPC mode,MoRTH,Telangana,85.0,0.0,2.9806512913534924,122.20624999999984,40,MEDIUM,['Predicted completion is significantly later than planned.'],Project 618196 is classified as MEDIUM risk because the projected completion date exceeds the planned schedule.
809,618226,Rehabilitation and upgradation to 2 lane with paved shoulder from existing chainage Km 30.053 to Km 49.150 design chainage Km 30.000 to Km 46.450 including Kandi Tunnel under 31 BRTF on Akhnoor-Poonch Road NH-144A Under Project Sampark in the UT of Jammu & Kashmir EPC modePackage-I Job no NH-144A-J&K-2020-21-83.,MoRTH,Jammu and Kashmir,95.27,58.74710998568755,0.1498403611142725,101.19015047879616,40,MEDIUM,['Predicted completion is significantly later than planned.'],Project 618226 is classified as MEDIUM risk because the projected completion date exceeds the planned schedule.
810,618225,Rehabilitation and up-gradation to 2 lane with paved shoulder from existing chainage km 134950 to km 166100 Design chainage km 116980 to km 146700 under 31 TF on Akhnoor-Poonch road NH-144A in the UT of Jammu & Kashmir under Project Sampark BRO on EPC mode Package-VI Job no NH-144A-J&K-2021-22-106,MoRTH,Jammu and Kashmir,89.2,40.98671726755218,-0.2062239089184135,118.37072503419934,40,MEDIUM,['Predicted completion is significantly later than planned.'],Project 618225 is classified as MEDIUM risk because the projected completion date exceeds the planned schedule.
811,618224,Rehabilitation and up-gradation to 2 lane with paved shoulder from existing chainage km 49150 to km 64535 Design chainage km 46.450 to km 55.800 including construction of Sungal Tunnel Total length of Tunnel 2.79 km under 13 TF on Akhnoor-Poonch road NH-144A under Project Sampark BRO in the UT of Jammu & Kashmir on EPC mode Package-II Job no NH-144A-J&K-2019-20-78,MoRTH,Jammu and Kashmir,92.1,55.330815463568264,-5.347478575103145,66.04470802919722,40,MEDIUM,['Predicted completion is significantly later than planned.'],Project 618224 is classified as MEDIUM risk because the projected completion date exceeds the planned schedule.
812,618223,Rehabilitation and up-gradation to 2 lane with paved shoulder from existing chainage km 64535 to km 85385 Design chainage km 55800 to km 74350 under 13 TF on Akhnoor-Poonch road NH-144A under Project Sampark BRO in the UT of Jammu & Kashmir on EPC mode Package-III Job no NH-144A-J&K-2019-20-79,MoRTH,Jammu and Kashmir,90.06,50.75524749885568,-0.3163538873993723,161.0657534246577,40,MEDIUM,['Predicted completion is significantly later than planned.'],Project 618223 is classified as MEDIUM risk because the projected completion date exceeds the planned schedule.
813,618222,Widening and Strengthening up gradation to 2 lane with paved shoulder from existing chainage Km 192.98 to Km 229.820 design chainage Km 162.800 to Km 198.18 under 31 BRTF on Akhnoor-Poonch Road NH-144A in the UT of Jammu and Kashmir under Project Sampark Border Roads Organisation BRO on EPC Mode Package-VIII Job No NH-144A-J&K-2022-2023-111,MoRTH,Jammu and Kashmir,71.27,28.212285536492132,-0.3724242154857987,54.90560875512988,40,MEDIUM,['Predicted completion is significantly later than planned.'],Project 618222 is classified as MEDIUM risk because the projected completion date exceeds the planned schedule.
814,618220,Reconstruction and widening to 2 lane with paved shoulder from existing chainage km 102000 to km 134950 Design chainage km 90150 to km 116980 including construction of Naushera Tunnel Total length of tunnel 0.700 km under 31 TF on Akhnoor-Poonch road NH-144A in the UT of Jammu & Kashmir under Project Sampark BRO on EPC mode Package-V Job no NH-144A-J&K-2020-21-104,MoRTH,Jammu and Kashmir,100.0,0.0,-7.305882536123545,91.51846785225722,40,MEDIUM,['Predicted completion is significantly later than planned.'],Project 618220 is classified as MEDIUM risk because the projected completion date exceeds the planned schedule.
815,618218,Rehabilitation & upgradation of existing road to 2-lane with hard shoulder from Joshimath km 0.00 to Saraithota km 29.725 road on NH-107B under Bharatmala Pariyojna on EPC mode in the state of Uttarakhand,MoRTH,Uttarakhand,80.0,0.0,0.1033453513801173,88.0492476060192,40,MEDIUM,['Predicted completion is significantly later than planned.'],Project 618218 is classified as MEDIUM risk because the projected completion date exceeds the planned schedule.
816,618258,Two laning with paved shoulders of Gondiguda to Araku uptoBhallaguda section of NH 516E,MoRTH,Andhra Pradesh,91.5,80.0647205555181,-1.6802062967706075,133.28767123287673,40,MEDIUM,['Predicted completion is significantly later than planned.'],Project 618258 is classified as MEDIUM risk because the projected completion date exceeds the planned schedule.
817,618762,Itarsi Km. 63.000 to Betul Km. 137.000 of NH-69 in Madhya Pradesh,NHAI,Madhya Pradesh,100.0,69.84015069401327,-11.505887800309338,324.06598173515965,40,MEDIUM,['Predicted completion is significantly later than planned.'],Project 618762 is classified as MEDIUM risk because the projected completion date exceeds the planned schedule.
818,618760,4L Greenfield a Malout bypass from ch. Km 44.500 to ch. Km 35.500 on NH-07 and Ch. Km 0.000 to Km 6.984 on NH-09 bMandi Dabwali Bypass from Ch. 38.450 Km to Km 27.910 Pkg-02,National Highways Authority of India [NHAI],"Multi-States (Haryana, Punjab)",98.0,84.96024256675227,0.0233594257602992,115.80449826989638,40,MEDIUM,['Predicted completion is significantly later than planned.'],Project 618760 is classified as MEDIUM risk because the projected completion date exceeds the planned schedule.
819,618759,4L PS Mydukur - Badvel from Km 585.820 to Km 630.960 of NH-67,NHAI,Andhra Pradesh,90.4,55.077709976776326,0.9795876152955882,56.18878248974004,40,MEDIUM,['Predicted completion is significantly later than planned.'],Project 618759 is classified as MEDIUM risk because the projected completion date exceeds the planned schedule.
820,618240,Rehabilitation and upgradation to 2-lane with paved sholuders configuration of Bewar- naer Karri village section Km0.00 to Km30.00 Pakage-I of NH-92 in state of Uttar Pradesh undergreen national Highway Corridor Project GNHCP with the loan assistance of world Bank on EPC mode.,MoRTH,Uttar Pradesh,100.0,0.0,-0.3176301433584848,155.7586837294333,40,MEDIUM,['Predicted completion is significantly later than planned.'],Project 618240 is classified as MEDIUM risk because the projected completion date exceeds the planned schedule.
821,618237,Rehabilitation and Up-gradation of Pasarlapudi to Dhindi section from Km 105/170 to Km 126/510 of NH -214 New NH -216 to two lane with paved shoulder in the state of Andhra Pradesh under NHDP-IV,MoRTH,Andhra Pradesh,98.4,57.528942873410514,0.3015372936042058,333.42465753424653,40,MEDIUM,['Predicted completion is significantly later than planned.'],Project 618237 is classified as MEDIUM risk because the projected completion date exceeds the planned schedule.
822,702793,Indore Water Supply Infrastructure Project,Ministry of Housing & Urban Affairs,Madhya Pradesh,99.0,87.92701187449941,-0.332520806491011,62.589928057553934,40,MEDIUM,['Predicted completion is significantly later than planned.'],Project 702793 is classified as MEDIUM risk because the projected completion date exceeds the planned schedule.
823,702746,Augmentation and Strenghthning of Urban Water Supply Phase 1 - SAAP 3,Ministry of Housing & Urban Affairs,Jharkhand,81.0,67.01882995544057,-0.4369699583154505,78.52998065764022,40,MEDIUM,['Predicted completion is significantly later than planned.'],Project 702746 is classified as MEDIUM risk because the projected completion date exceeds the planned schedule.
824,702742,SAAP-3 Water Supply Infrastructure SAAP-3 Project,Ministry of Housing & Urban Affairs,Jharkhand,67.0,54.92436130814136,-1.8311468206641548,57.75524079320093,40,MEDIUM,['Predicted completion is significantly later than planned.'],Project 702742 is classified as MEDIUM risk because the projected completion date exceeds the planned schedule.
825,702741,Dhanbad Water Supply Infrastructure Project,Ministry of Housing & Urban Affairs,Jharkhand,76.0,59.644423920572606,1.522235049641973,79.68085106382956,40,MEDIUM,['Predicted completion is significantly later than planned.'],Project 702741 is classified as MEDIUM risk because the projected completion date exceeds the planned schedule.
826,702734,Sewerage Management Scheme Part-3 Implementation,Ministry of Housing & Urban Affairs,Haryana,88.0,82.18769109024856,0.3896262724361122,50.82206572769946,40,MEDIUM,['Predicted completion is significantly later than planned.'],Project 702734 is classified as MEDIUM risk because the projected completion date exceeds the planned schedule.
827,702699,Muzaffarpur Storm Water Drainage Phase-I Project,Ministry of Housing & Urban Affairs,Bihar,85.0,85.47676029726665,3.67294369567964,58.95478567234292,40,MEDIUM,['Predicted completion is significantly later than planned.'],Project 702699 is classified as MEDIUM risk because the projected completion date exceeds the planned schedule.
828,618513,6L of Kagal-Satara section from Km 592.500 to Km 658.000 of NH-48 Pkg-I,NHAI,Maharashtra,51.14,30.022964558820053,-19.779331897061933,107.8098495212036,40,MEDIUM,['Predicted completion is significantly later than planned.'],Project 618513 is classified as MEDIUM risk because the projected completion date exceeds the planned schedule.
829,705298,North Region Video Surveillance Project,RCIL,PAN India,48.0,0.0,-0.8972994642662395,254.3283582089553,40,MEDIUM,['Predicted completion is significantly later than planned.'],Project 705298 is classified as MEDIUM risk because the projected completion date exceeds the planned schedule.
830,400047,Doubling of Lingaraj SILO connectivity of NTPC line and augmentation of NTPC exchange yard and NTPC Block Cabin.,East Coast Railway [ECoR] - II,Odisha,53.0,19.604761904761904,0.0643333333333441,85.44091903719911,40,MEDIUM,['Predicted completion is significantly later than planned.'],Project 400047 is classified as MEDIUM risk because the projected completion date exceeds the planned schedule.
831,613808,MURAIDIH UG PROJECT,BCCL - CIL,Jharkhand,70.47,56.23915026333598,-1.0288345543885025,403.05281385281376,40,MEDIUM,['Predicted completion is significantly later than planned.'],Project 613808 is classified as MEDIUM risk because the projected completion date exceeds the planned schedule.
832,618722,6L access Controlled Greenfield Highway from Gogwan Jalalpur Shamli to Ranipur Barsi Saharanpur of Shamli -Ambala section Package-I Design Ch. Form km 00.600 to km 45.500,NHAI,Uttar Pradesh,68.2,41.18703182377861,-23.305257676598323,87.07660738714105,40,MEDIUM,['Predicted completion is significantly later than planned.'],Project 618722 is classified as MEDIUM risk because the projected completion date exceeds the planned schedule.
833,618721,6L Access Controlled Greenfield Highway from Chandrasekharapuram Ch. 228000 to Polavaram Ch. 260000of [NH-544G] Package-11,NHAI,Andhra Pradesh,64.2,27.726762851506592,-12.770927938730424,72.04103967168255,40,MEDIUM,['Predicted completion is significantly later than planned.'],Project 618721 is classified as MEDIUM risk because the projected completion date exceeds the planned schedule.
834,618720,6L Access Controlled Greenfield Highway from Audireddipalle Ch. 160000 to Mallapalle Ch. 176000Package-07,NHAI,Andhra Pradesh,73.78,34.287306250633165,-12.428730625063382,52.65616438356152,40,MEDIUM,['Predicted completion is significantly later than planned.'],Project 618720 is classified as MEDIUM risk because the projected completion date exceeds the planned schedule.
835,618719,6L Access Controlled Greenfield Highway from Mallapalle Ch. 176000 to Kavulakuntla Ch. 196000 Package-08,NHAI,Andhra Pradesh,65.92,31.906888737321516,-14.845360938153233,69.77291381668968,40,MEDIUM,['Predicted completion is significantly later than planned.'],Project 618719 is classified as MEDIUM risk because the projected completion date exceeds the planned schedule.
836,618228,construction of a new 4 lane Parallel to existing MG Setu with its approaces from km 0.00 to km 14.500 across river Ganga on NH-19 at Patna in the state of Bihar.,MoRTH,Bihar,75.33,21.276850212888103,1.5793016723505982,69.4781249999998,40,MEDIUM,['Predicted completion is significantly later than planned.'],Project 618228 is classified as MEDIUM risk because the projected completion date exceeds the planned schedule.
837,618227,Development to 4/6-lanning of NH-31 New NH-10 with both side service roads from km 569.258 to km 581.030 end of AH-02 project on NH- 31 near Shivmandir to Sevoke Army Cantonment in districts of Darjeeling and Jalpaiguri in the state of West Bengal on EPC Mode Job No. 010/WB/2021-22/490,MoRTH,West Bengal,74.98,59.372487538189425,1.4115211448786344,56.633879781420674,40,MEDIUM,['Predicted completion is significantly later than planned.'],Project 618227 is classified as MEDIUM risk because the projected completion date exceeds the planned schedule.
838,618757,6L access controlled Highway from Km 40080 to Km 86513 Mator to Barodameo Section,NHAI,Rajasthan,37.27,35.2343050442742,-14.508372301263492,67.9013698630135,40,MEDIUM,['Predicted completion is significantly later than planned.'],Project 618757 is classified as MEDIUM risk because the projected completion date exceeds the planned schedule.
839,618756,Melur - Pilayarpatti - Karaikudi from km 99.920 of NH 38 to km 12.9 of NH 383 Ext.,NHAI,Tamil Nadu,98.12,86.64504556737269,2.427517982352995,220.15753424657524,40,MEDIUM,['Predicted completion is significantly later than planned.'],Project 618756 is classified as MEDIUM risk because the projected completion date exceeds the planned schedule.
840,618751,2L PS of Hinotiya-Mehulwa section of NH-346 from Km. 27.000 to Km 75.700 Vidisha Mehulwa-Talbehat Pkg-II Section of NH- 346,NHAI,Madhya Pradesh,69.04,47.055789564170894,-16.017777013668024,73.52393980848143,40,MEDIUM,['Predicted completion is significantly later than planned.'],Project 618751 is classified as MEDIUM risk because the projected completion date exceeds the planned schedule.
841,618748,Khammam-Devarapalle Pkg IV [4L Access Controlled Greenfield from Recherla village to Gurvaygudem village Design Chainage 105236 to 132664],National Highways Authority of India [NHAI],Andhra Pradesh,100.0,62.50417127702548,-4.894514990252338,83.03693570451438,40,MEDIUM,['Predicted completion is significantly later than planned.'],Project 618748 is classified as MEDIUM risk because the projected completion date exceeds the planned schedule.
842,618745,4L of Vadugapatti to Therkuvenganallur Rajapalyam section from km 36.000 to km 71.600 of NH-744,National Highways Authority of India [NHAI],Tamil Nadu,99.99,70.73618700667882,-6.755449301760608,57.77564979480175,40,MEDIUM,['Predicted completion is significantly later than planned.'],Project 618745 is classified as MEDIUM risk because the projected completion date exceeds the planned schedule.
843,618744,4L of Thirumangalam to Vadugapatti section from km 0.000 to km 36.000 of NH-744,NHAI,Tamil Nadu,95.95,63.652655134312,-22.818667186643985,76.62106703146362,40,MEDIUM,['Predicted completion is significantly later than planned.'],Project 618744 is classified as MEDIUM risk because the projected completion date exceeds the planned schedule.
844,618741,4L Greenfield Alignment from Kalyanapur to Tal Dashraha of NH-119D Pkg-III,NHAI,Bihar,36.25,51.533715909947354,1.9939275831996732,145.1381668946653,40,MEDIUM,['Predicted completion is significantly later than planned.'],Project 618741 is classified as MEDIUM risk because the projected completion date exceeds the planned schedule.
845,618740,4L Greenfield Alignment of Shivrampur to Ramnagar from Km. 55.002 to Km. 109.300 of NH 119 D Pkg-II,NHAI,Bihar,50.8,47.004302989339564,4.399468651083309,107.93707250341993,40,MEDIUM,['Predicted completion is significantly later than planned.'],Project 618740 is classified as MEDIUM risk because the projected completion date exceeds the planned schedule.
846,618739,4L Greenfield Alignment of Amas to Shivrampur from 0.000 Km. to 55.002 Km. of NH 119 D Pkg-I,NHAI,Bihar,54.8,46.18741552353837,4.276464498317556,115.42270861833109,40,MEDIUM,['Predicted completion is significantly later than planned.'],Project 618739 is classified as MEDIUM risk because the projected completion date exceeds the planned schedule.
847,618259,Two laning with paved shoulders of Paderu to GundigudaSection of NH 516E,MoRTH,Andhra Pradesh,100.0,55.03795876196037,0.6117425093213312,158.49315068493152,40,MEDIUM,['Predicted completion is significantly later than planned.'],Project 618259 is classified as MEDIUM risk because the projected completion date exceeds the planned schedule.
848,618292,Construction of 2-Lane with paved shoulder of Kohima-Bypass Road connecting New NH-02 and New NH-29 from Design Km 10.500 to design Km 21.000 [Design Length- 10.500 km] including TUNNEL of 500m at Ch. 11.000 in the state of Nagaland Under SARDP-NE on EPC Mode Package-2,NHIDCL,Nagaland,69.76,72.80493079584775,2.292928200691972,247.96986301369884,40,MEDIUM,['Predicted completion is significantly later than planned.'],Project 618292 is classified as MEDIUM risk because the projected completion date exceeds the planned schedule.
849,618256,"Rehabilitation and Upgradation to 2-lane with paved should ders Sir, configuration of Chaprathipalem to Lambasingi section Km 165500 to Km 205000 of NH-516E in the State of Andhra Pradesh under Green National Highways Corridor Project GNHCP with the loan assistance of World Bank on EPC mode",MoRTH,Andhra Pradesh,93.01,67.81376518218623,-0.7268170426064433,88.2995896032833,40,MEDIUM,['Predicted completion is significantly later than planned.'],Project 618256 is classified as MEDIUM risk because the projected completion date exceeds the planned schedule.
850,618255,Two laning with paved shoulders of Lambasingi to Paderusection of NH 516E,MoRTH,Andhra Pradesh,56.69,40.39973424869893,-1.145055918502976,67.24760601915173,40,MEDIUM,['Predicted completion is significantly later than planned.'],Project 618255 is classified as MEDIUM risk because the projected completion date exceeds the planned schedule.
851,618550,Corridor Efficiency Improvement including removal of black spots in Lakhanpur - Samba section of NH-44 from Chainage Km. 16.300 to Km. 74.100,NHAI,Jammu and Kashmir,74.63,23.78643045784935,-43.99181994531048,164.63868613138666,40,MEDIUM,['Predicted completion is significantly later than planned.'],Project 618550 is classified as MEDIUM risk because the projected completion date exceeds the planned schedule.
852,618290,"Construction of 2-lane with Paved shoulder of Kohima- Bypass Road Connecting NH- 39New NH-02, NH-150New NH-02, NH-61New NH-29, NH-39New NH-02 from Design Km 32.00 to Design Km 43.454Design Length-11.454 Km in the State of Nagaland under SARDP-NE on EPC Mode Package-IV",NHIDCL,Nagaland,46.77,50.563352441193906,1.992439217236696,319.59232175502706,40,MEDIUM,['Predicted completion is significantly later than planned.'],Project 618290 is classified as MEDIUM risk because the projected completion date exceeds the planned schedule.
853,618289,Construction and up gradation to 4-Lane of existing two lane with paved shoulder from Hapachara to Tulungia road of NH-117 of existing Km 0.00 to km 14.050 and Design Km 0.000 to km 14.660 under BMP on EPC mode,NHIDCL,Assam,97.76,93.37336001778964,0.7110518123192532,143.2639649507119,40,MEDIUM,['Predicted completion is significantly later than planned.'],Project 618289 is classified as MEDIUM risk because the projected completion date exceeds the planned schedule.
854,618286,Construction of New 2-Lane Bridge with its approaches from km 0000 to Km 4385 across River Brahmaputra on NH-17 at Jogighopa in Assam on EPC mode,NHIDCL,Assam,81.07,58.35743746317424,0.0204885103647785,71.33759124087562,40,MEDIUM,['Predicted completion is significantly later than planned.'],Project 618286 is classified as MEDIUM risk because the projected completion date exceeds the planned schedule.
855,618266,Rehabilitation and upgradation to 2-lane with paved sholuders configuration of Bewar- Allahaganj- section of NH-730C Km.0.000 to Km 52.770 pakage-I in state of Uttar Pradesh undergreen national Highway Corridor Project GNHCP with the loan assistance of world Bank on EPC mode.,MoRTH,Uttar Pradesh,99.0,0.0,1.0390788340917498,89.11491108071145,40,MEDIUM,['Predicted completion is significantly later than planned.'],Project 618266 is classified as MEDIUM risk because the projected completion date exceeds the planned schedule.
856,618265,Rehabilitation and upgradation to 2-lane with paved sholuders configuration of Miranpur Katra to radhaita section of NH-730CKm.114.000 to Km 137.250pakage-III in state of Uttar Pradesh undergreen national Highway Corridor ProjectGNHCP with the loan assistance of world Bank on EPC mode.,MoRTH,Uttar Pradesh,92.0,0.07536231884057971,-0.5892753623188944,114.43502051983556,40,MEDIUM,['Predicted completion is significantly later than planned.'],Project 618265 is classified as MEDIUM risk because the projected completion date exceeds the planned schedule.
857,704495,"502 Aspirational District Scheme in Four states - Bihar, Madhya Pradesh, Rajastha and Uttar Pradesh",Department of Telecommunications [DoT],"Multi-States (Bihar, Madhya Pradesh, Rajasthan, Uttar Pradesh)",99.59,36.27653266927547,-32.3576900272739,433.6986301369863,40,MEDIUM,['Predicted completion is significantly later than planned.'],Project 704495 is classified as MEDIUM risk because the projected completion date exceeds the planned schedule.
858,703585,Yeshvanthpur - Channasandra Doubling Project [21.70 Km],Karnataka Rail Infrastructure Development Company Limited [K-RIDE],Karnataka,56.8,55.23718560967844,2.5080865966253545,54.18412895226295,40,MEDIUM,['Predicted completion is significantly later than planned.'],Project 703585 is classified as MEDIUM risk because the projected completion date exceeds the planned schedule.
859,703021,Jalandhar Water Supply Infrastructure Project,Ministry of Housing & Urban Affairs,Punjab,90.0,62.28290720612696,3.799984527907804,100.8264840182651,40,MEDIUM,['Predicted completion is significantly later than planned.'],Project 703021 is classified as MEDIUM risk because the projected completion date exceeds the planned schedule.
860,705424,Chandigarh-Baddi 33.23 km,CAOC/NR NR mor,"Multi-States (Haryana, Himachal Pradesh)",47.0,71.54090909090908,19.12094155844151,5.23543990086728,40,MEDIUM,['Expenditure is high compared with physical progress.'],Project 705424 is classified as MEDIUM risk because expenditure is high relative to the physical progress achieved.
861,612885,Construction and Developement of National Institute of Technology Meghalaya Permanent Campus at Sohra,"National Institute of Technology, Meghalaya",Meghalaya,97.5,76.40135889347246,-13.150186038987384,61.5989773557344,40,MEDIUM,['Predicted completion is significantly later than planned.'],Project 612885 is classified as MEDIUM risk because the projected completion date exceeds the planned schedule.
862,618735,4L of Chandesara to Khedakhajuriya from Km. 0.000 to - 750 & Km 0.000 to km 41.400 of NH-148NG Pkg-I,NHAI,Madhya Pradesh,99.0,64.60586476743163,0.9387914358569834,140.03782894736833,40,MEDIUM,['Predicted completion is significantly later than planned.'],Project 618735 is classified as MEDIUM risk because the projected completion date exceeds the planned schedule.
863,618723,6L access Controlled Greenfield Highway from Ranipur Barsi to Adhoya Musalmana section of Shamli -Ambala Package-II Design Ch. Form km 45.500 to km 84.400,NHAI,"Multi-States (Haryana, Uttar Pradesh)",82.75,54.55504725873595,-12.47285759324674,87.27770177838589,40,MEDIUM,['Predicted completion is significantly later than planned.'],Project 618723 is classified as MEDIUM risk because the projected completion date exceeds the planned schedule.
864,612139,Transmission system for Evacuation of Additional 7 GW RE power from Khavda RE park under Phase-III Part B [Vataman Transmission Limited],Power Grid Corporation of India Limited [POWERGRID],Gujarat,72.12,75.06003308910422,1.5539399669109124,53.66347469220263,40,MEDIUM,['Predicted completion is significantly later than planned.'],Project 612139 is classified as MEDIUM risk because the projected completion date exceeds the planned schedule.
865,618681,6L Aluru - Jakkuva Section of NH-130CD Road from km 365.033 to km 396.800 Pkg. 1,NHAI,"Multi-States (Andhra Pradesh, Odisha)",99.63,57.83393086208599,-1.6676397066077573,122.25718194254414,40,MEDIUM,['Predicted completion is significantly later than planned.'],Project 618681 is classified as MEDIUM risk because the projected completion date exceeds the planned schedule.
866,618715,6L Access Controlled Greenfield Highway from Odulapalle Ch. 72000 to Nallacheruvu- palli Ch. 96300 of [NH-544G]Package-4,NHAI,Andhra Pradesh,76.97,38.07441684767211,-9.200037775049507,56.19699042407652,40,MEDIUM,['Predicted completion is significantly later than planned.'],Project 618715 is classified as MEDIUM risk because the projected completion date exceeds the planned schedule.
867,618714,6L Access Controlled Greenfield Highway from Nallacheruvu palli Ch. 96300 to Yerragudipadu Ch. 129000 of [NH-544G] Package-5,NHAI,Andhra Pradesh,67.05,31.054210618706414,-12.464684103857172,67.68125854993153,40,MEDIUM,['Predicted completion is significantly later than planned.'],Project 618714 is classified as MEDIUM risk because the projected completion date exceeds the planned schedule.
868,618713,6L Access Controlled Greenfield Highway from Yerragudipadu Ch. 129000 to Audireddipalle Ch. 160000 of [NH 544G] Package-6,NHAI,Andhra Pradesh,47.2,23.50510654604222,-11.929916195997995,85.14363885088943,40,MEDIUM,['Predicted completion is significantly later than planned.'],Project 618713 is classified as MEDIUM risk because the projected completion date exceeds the planned schedule.
869,618711,6L with access control provision Saharanpur bypass to Ganeshpur section from 13.89 Km to 41.820 Km of Delhi- Dehradun Economic Corridor package-2,NHAI,"Multi-States (Uttar Pradesh, Uttarakhand)",99.29,63.821000439339734,-19.42246908931155,86.98221614227108,40,MEDIUM,['Predicted completion is significantly later than planned.'],Project 618711 is classified as MEDIUM risk because the projected completion date exceeds the planned schedule.
870,618710,DL/UP Border - EPE Crossing Pkg-02,NHAI,Uttar Pradesh,100.0,86.8648235711183,-0.8032494669935384,107.95951859956254,40,MEDIUM,['Predicted completion is significantly later than planned.'],Project 618710 is classified as MEDIUM risk because the projected completion date exceeds the planned schedule.
871,618307,Rehabilitation and up-gradation of road from km 16.077 to km 43.935 total length 27.858 km of Lalchara-Kanchanpur section via Shivbari on NH-44A to 2 lane with paved shoulder in the state of Tripura on EPC Mode Pkg-2 under BharatMala Pariyojana Manu-Simlung -2,NHIDCL,Tripura,54.56,45.02057433023989,0.1195281036595224,74.69220246238032,40,MEDIUM,['Predicted completion is significantly later than planned.'],Project 618307 is classified as MEDIUM risk because the projected completion date exceeds the planned schedule.
872,618303,Widening/Improvement to 2-lane with earthen shoulder of Yaingangpokpi - Finch corner road section of NH-202 from Km 0.000 to Km 16.900 of NH-202 in the state of Manipur on EPC mode Package-1,NHIDCL,Manipur,88.96,63.2490909907079,1.6144005027608044,215.59857142857072,40,MEDIUM,['Predicted completion is significantly later than planned.'],Project 618303 is classified as MEDIUM risk because the projected completion date exceeds the planned schedule.
873,705482,Dholpur - Sirmuttra Gauge Conversion,North Central Railway,Rajasthan,49.7,68.2463186077644,-1.7083801874162925,8032.457293035471,40,MEDIUM,['Predicted completion is significantly later than planned.'],Project 705482 is classified as MEDIUM risk because the projected completion date exceeds the planned schedule.
874,400048,Doubling of lines connecting the loading spurs in Talcher Yard.,East Coast Railway [ECoR] - II,Odisha,88.0,56.42554105579721,0.017292304387605,94.55251641137876,40,MEDIUM,['Predicted completion is significantly later than planned.'],Project 400048 is classified as MEDIUM risk because the projected completion date exceeds the planned schedule.
875,612791,"Re-Construction of Rigid portions of Secondary Runway, K and A Taxiway and Strengthening of C Taxiway at NSCBI Airport Kolkata.",Airport Authority of India [AAI],West Bengal,73.5,46.76210782820591,0.0738044471518912,50.395522388059845,40,MEDIUM,['Predicted completion is significantly later than planned.'],Project 612791 is classified as MEDIUM risk because the projected completion date exceeds the planned schedule.
876,612789,"Development of additional RESA on either end on Runway 10-28 at Calicut Airport. Construction of embankment with slope protection, drainage system and associated works for additional RESA on either end on Runway 10-28",Airport Authority of India [AAI],Kerala,65.8,50.04643291990837,-0.1068782632024615,78.24048442906594,40,MEDIUM,['Predicted completion is significantly later than planned.'],Project 612789 is classified as MEDIUM risk because the projected completion date exceeds the planned schedule.
877,618302,Widening/Improvement to 2-lane with earthen shoulder of Yaingangpokpi - Finch corner road section of NH-202 from Km 16.900 to Km 30.970 of NH-202 in the state of Manipur on EPC mode Package-2,NHIDCL,Manipur,98.12,76.15997500390563,-0.4146227152005828,216.9899999999993,40,MEDIUM,['Predicted completion is significantly later than planned.'],Project 618302 is classified as MEDIUM risk because the projected completion date exceeds the planned schedule.
878,618300,Improvement/Up-gradation of existing 2-Lane Road to 4-Lane Divided Highway from Taphukuki to Daili section of Imphal-Kohima road NH-02 Design Chainage from Km 262175 to Km 274610 in the state of Manipur on EPC mode Pkg-4A,NHIDCL,Manipur,91.39,82.95685178839717,0.3307678114868809,291.90493601462475,40,MEDIUM,['Predicted completion is significantly later than planned.'],Project 618300 is classified as MEDIUM risk because the projected completion date exceeds the planned schedule.
879,618293,"Construction of 2-Lane with paved shoulder of Kohima-Bypass Road connecting NH- 39New NH-02, NH-150New NH-02, NH-61New NH-29 and NH-39New NH-02 from design Km 0.00 to Km 10.500 in the State of Nagaland under SARDP-NE on EPC Mode Package-1 -Balance work",NHIDCL,Nagaland,27.24,52.055620130009906,32.12187352016892,1.419708029197173,40,MEDIUM,"['Predicted cost overrun is high.', 'Expenditure is high compared with physical progress.']",Project 618293 is classified as MEDIUM risk because the predicted total cost is significantly above the baseline and expenditure is high relative to the physical progress achieved.
880,618695,Indore - Harda Pkg-III [Nanasa to Pidgaon Section from km 95.000 to km 142.445],National Highways Authority of India [NHAI],Madhya Pradesh,98.21,54.616042295545356,-0.8300849749611943,131.66164383561653,40,MEDIUM,['Predicted completion is significantly later than planned.'],Project 618695 is classified as MEDIUM risk because the projected completion date exceeds the planned schedule.
881,618694,Indore - Harda Pkg-I [Indore to Raghav Garh from km. 0.25 to km. 26.903],NHAI,Madhya Pradesh,96.09,68.03488613552987,-10.866863115426863,100.22714285714294,40,MEDIUM,['Predicted completion is significantly later than planned.'],Project 618694 is classified as MEDIUM risk because the projected completion date exceeds the planned schedule.
882,618693,Bodhre - Dhule,NHAI,Maharashtra,97.69,62.29048617617752,4.887364475973653,83.84868421052647,40,MEDIUM,['Predicted completion is significantly later than planned.'],Project 618693 is classified as MEDIUM risk because the projected completion date exceeds the planned schedule.
883,618687,Outer Ring Road of Jabalpur Town from Barela to Manegaon Pkg-1,NHAI,Madhya Pradesh,89.72,76.7970199132341,-2.2388208422118208,73.0683994528043,40,MEDIUM,['Predicted completion is significantly later than planned.'],Project 618687 is classified as MEDIUM risk because the projected completion date exceeds the planned schedule.
884,618545,"4L of Km.165.092 to Km.171.855 North Bound and from Km.166.895 to Km.173.638 South Bound, excl. certain reaches of North Bound and South Bound of Ramban to Banihal Pkg-III of Old NH-1A New NH-44",NHAI,Jammu and Kashmir,42.8,49.8063403202708,-11.051360499934871,113.87609649122814,40,MEDIUM,['Predicted completion is significantly later than planned.'],Project 618545 is classified as MEDIUM risk because the projected completion date exceeds the planned schedule.
885,705496,Tumkur-Chitradurg-Davangere 199.7 km,CAOC/SWR SWR mor,Karnataka,22.0,36.07196162046908,-4.0061886993603375,586.3030927835049,40,MEDIUM,['Predicted completion is significantly later than planned.'],Project 705496 is classified as MEDIUM risk because the projected completion date exceeds the planned schedule.
886,705493,Hubli-Ankola 167 km,CAOC/SWR SWR mor,Karnataka,10.0,3.6008890606880555,-60.12548125241588,6290.11169513797,40,MEDIUM,['Predicted completion is significantly later than planned.'],Project 705493 is classified as MEDIUM risk because the projected completion date exceeds the planned schedule.
887,705513,Koraput-Singapur Road 164.56 km,CAO/C/ECOR ECoR mor,Odisha,56.0,88.63124470787469,48.94446232006774,2.545036764705853,40,MEDIUM,"['Predicted cost overrun is high.', 'Expenditure is high compared with physical progress.']",Project 705513 is classified as MEDIUM risk because the predicted total cost is significantly above the baseline and expenditure is high relative to the physical progress achieved.
888,705511,Jagdalpur-Koraput 110.22 km,CAO/C/ECOR ECoR mor,"Multi-States (Chhattisgarh, Odisha)",90.0,89.34518422753717,1.653341952165552,114.37868480725604,40,MEDIUM,['Predicted completion is significantly later than planned.'],Project 705511 is classified as MEDIUM risk because the projected completion date exceeds the planned schedule.
889,709865,Power Recovery Turbine [PRT] in PFCCU unit as an Energy Conservation Scheme,Numaligarh Refinery Limited,Assam,99.0,27.884156729131178,-0.6051788756388474,94.59016393442629,40,MEDIUM,['Predicted completion is significantly later than planned.'],Project 709865 is classified as MEDIUM risk because the projected completion date exceeds the planned schedule.
890,612132,Transmission Scheme for Evacuation of power from REZ in Rajasthan [20 GW] under Phase-III Part D Phase I [Sikar Khetri Transmission Ltd],Power Grid Corporation of India Limited [POWERGRID],"Multi-States (Delhi, Haryana, Rajasthan)",92.47,92.0,2.448617416425878,90.64076782449732,40,MEDIUM,['Predicted completion is significantly later than planned.'],Project 612132 is classified as MEDIUM risk because the projected completion date exceeds the planned schedule.
891,611979,Sabarmati Setting up of Maintenance Facilities for Train Sets Phase ii,Western Railway [WR] - II,Gujarat,88.0,74.00800000000001,4.583680000000004,61.64015151515152,40,MEDIUM,['Predicted completion is significantly later than planned.'],Project 611979 is classified as MEDIUM risk because the projected completion date exceeds the planned schedule.
892,709864,DCU Revamp Project,Numaligarh Refinery Limited,Assam,80.5,83.88648648648649,1.3227837837837648,88.30234741784024,40,MEDIUM,['Predicted completion is significantly later than planned.'],Project 709864 is classified as MEDIUM risk because the projected completion date exceeds the planned schedule.
893,611977,Dahod Creation of Infrastructure facilities for 9000 HP Electric locomotives Manufacturing at,PCE/WR,Gujarat,53.0,45.765913757700204,-0.0977412731006275,66.34746922024625,40,MEDIUM,['Predicted completion is significantly later than planned.'],Project 611977 is classified as MEDIUM risk because the projected completion date exceeds the planned schedule.
894,612211,"Demolition, Construction and upgradation of ESI Hospital, Kalol, Gujarat from 50 beds to 150 beds.",Employee's State Insurance Company [ESIC],Gujarat,58.0,25.13236508476223,-0.1675329091173744,62.68673050615588,40,MEDIUM,['Predicted completion is significantly later than planned.'],Project 612211 is classified as MEDIUM risk because the projected completion date exceeds the planned schedule.
895,709859,SETTING UP OF PHYSICAL INFRASTRUCTURE FOR THE NATIONAL INSTITUTE OF COMMUNICATION FINANCE [NICF] AT GHITORNI,National Communication Academy - Finance [Erstwhile NICF],Delhi,98.0,95.6607574536664,3.8433521353747184,351.7228017883759,40,MEDIUM,['Predicted completion is significantly later than planned.'],Project 709859 is classified as MEDIUM risk because the projected completion date exceeds the planned schedule.
896,618342,Rehabilitation and upgradation to 2 Lane with Paved shoulder of Economic corridor of NH-6 from Design chaiange Km 0.000 to Km 13.510 Package-1 in the state of Mizoram under Bharatmala Pariyojana on EPC mode,NHIDCL,Mizoram,0.0,0.0,-0.1305461575639784,204.2857142857144,40,MEDIUM,['Predicted completion is significantly later than planned.'],Project 618342 is classified as MEDIUM risk because the projected completion date exceeds the planned schedule.
897,618675,Development of 6L of Basanwahi Marangpuri Section from km 99.500 to km 124.661 of NH-130-CD,NHAI,Chhattisgarh,70.73,37.451421402123685,-2.1074925793323045,66.55129958960356,40,MEDIUM,['Predicted completion is significantly later than planned.'],Project 618675 is classified as MEDIUM risk because the projected completion date exceeds the planned schedule.
898,618674,Development of 6L Sargi Basanwahi Section from km 42.800 to km 99.500 of NH- 130CD Pkg-CG-2,NHAI,Chhattisgarh,100.0,51.51319412808605,0.7538093327802196,78.60328317373494,40,MEDIUM,['Predicted completion is significantly later than planned.'],Project 618674 is classified as MEDIUM risk because the projected completion date exceeds the planned schedule.
899,618673,Development of 6L of Jhanki Sargi Section Road from km 0.000 to km 42.800 of NH- 130CD Pkg-CG-1,NHAI,Chhattisgarh,99.35,52.28221226584028,-3.7404307881215737,91.38166894664845,40,MEDIUM,['Predicted completion is significantly later than planned.'],Project 618673 is classified as MEDIUM risk because the projected completion date exceeds the planned schedule.
900,618341,Up-gradation to 2-lane with paved shoulders of Ngopa - Pawlrang section of NH 102B of Aizawl - Imphal Economic Corridor from Existing Chainage km 32.796 to km 72.030 [Design Chainage km 31.280 to km 68.170] in the State of Mizoram under Bharatmala Pariyojna on EPC mode under NHO-NE Package-2 Keifang- Tuivai Pkg-2,NHIDCL,Mizoram,95.31,75.27778838443622,0.7398907938446381,89.99421965317916,40,MEDIUM,['Predicted completion is significantly later than planned.'],Project 618341 is classified as MEDIUM risk because the projected completion date exceeds the planned schedule.
901,618340,Widening/Improvement to 4-Lane with Paved Shoulder from km 626030 Nalani hulla Gaon to km 650450 Chotahapjan on existing Tinsukhia -Makum Bypass of NH-15 OLD NH-37 and Strengthening of existing NH-315 OLD NH-38 from Km 0000 Chotahapjan to Km 16900 Bogapani section 2-Lane PS in Assam on EPCMode under NHO-NE Package-3,NHIDCL,Assam,88.99,56.917944133103646,0.059857388952969,70.42954856361146,40,MEDIUM,['Predicted completion is significantly later than planned.'],Project 618340 is classified as MEDIUM risk because the projected completion date exceeds the planned schedule.
902,618339,Widening/Improvement to 2-Lane Lane with Paved Shoulder from km 16900 Bogapani to km 27150 Golai Goan on existing Dibrugarh to Ledo section with proposed Digboi Bypass Green Field and Brownfield 2-LanePS of NH-315 OLD NH-38 in Tinsukia District under NHO- NE Package-4,NHIDCL,Assam,20.45,22.453385672227675,3.9380344875930096,51.29411764705893,40,MEDIUM,['Predicted completion is significantly later than planned.'],Project 618339 is classified as MEDIUM risk because the projected completion date exceeds the planned schedule.
903,618336,Widening to 2 -Lane with Paved shoulder of Imphal to Jiribam section of NH-37 from Design Chainage 66.110 km to 101.280 Km Existing Chainage km 67.496 to km 103.557 on EPC Mode in Manipur PKG-4,NHIDCL,Manipur,86.05,70.42596138916205,0.0835360488586936,194.0967153284671,40,MEDIUM,['Predicted completion is significantly later than planned.'],Project 618336 is classified as MEDIUM risk because the projected completion date exceeds the planned schedule.
904,618335,Widening to 2 Lane with Paved shoulder of lmphal to Jiribam section of NH-37 from Design Ch. from Km 101280 Near Khongsang Village to Km 131280 near Puilon Kambiron Village on EPC Mode in Manipur PKG-5,NHIDCL,Manipur,91.02,93.17960455829356,3.7006428362715846,165.27787934186486,40,MEDIUM,['Predicted completion is significantly later than planned.'],Project 618335 is classified as MEDIUM risk because the projected completion date exceeds the planned schedule.
905,618334,Widening to 2 Lane with Paved shoulder of lmphal to Jiribam section of NH-37 from Design Ch. from km 131.280 to km 169.570 on EPC mode in Manipur under NHO- TSP PKG-6,NHIDCL,Manipur,95.2,64.56335684285601,-3.814862508915161,85.76196990424064,40,MEDIUM,['Predicted completion is significantly later than planned.'],Project 618334 is classified as MEDIUM risk because the projected completion date exceeds the planned schedule.
906,618329,Construction of 4/6 Laning from Km 132.375 to Km 153.058 Total New Alignment length of 20.683 Km of Daboka-Dimapur Section Dimapur Bypass Nagaland Portion of NH-36 & 39 in the State of Nagaland on EPC basis under PhaseA of SARDP-NE,NHIDCL,Nagaland,0.0,0.0,-3.994471497089347,188.6861313868613,40,MEDIUM,['Predicted completion is significantly later than planned.'],Project 618329 is classified as MEDIUM risk because the projected completion date exceeds the planned schedule.
907,618327,Widening/Improvement to 4-Lane with Paved Shoulder from KM 113300 to Km 146230 Design Chainage 113830 to 145712 of Kwaram Taro Village - Dillai Section in Assam on EPC Package-6,NHIDCL,Assam,0.0,0.0,-0.1592289495557166,91.51846785225722,40,MEDIUM,['Predicted completion is significantly later than planned.'],Project 618327 is classified as MEDIUM risk because the projected completion date exceeds the planned schedule.
908,618665,4L of Sagar - Mohari from Km.8 to Km.50 Pkg-I,National Highways Authority of India [NHAI],Madhya Pradesh,98.64,57.479956498646914,-11.341017729330591,109.48563611491112,40,MEDIUM,['Predicted completion is significantly later than planned.'],Project 618665 is classified as MEDIUM risk because the projected completion date exceeds the planned schedule.
909,618664,Berkhedi to Godpehra on NH-44 Sagar link road,NHAI,Madhya Pradesh,93.05,73.54241292584408,-7.897378248609176,100.96580027359782,40,MEDIUM,['Predicted completion is significantly later than planned.'],Project 618664 is classified as MEDIUM risk because the projected completion date exceeds the planned schedule.
910,618702,4L of Addahole Near Gundya to Bantwal Cross section Pkg-02 from Design Km 270.270 to Design km 318.55 including flyover at Kalladka Town including approaches from Km. 311.57 to Km. 313.67 of NH-75 Old NH-48,NHAI,Karnataka,94.21,87.4598690511327,-10.771393635668172,162.523287671233,40,MEDIUM,['Predicted completion is significantly later than planned.'],Project 618702 is classified as MEDIUM risk because the projected completion date exceeds the planned schedule.
911,709857,"Planning, Engineering, Supply, Installation, Testing, Commissioning, Integration & Annual Maintenance of 4G mobile network at 1 Lakh sites on PAN India basis including Mumbai & Delhi LSA on turnkey basis under Phase IX.2 Project.",BSNL,PAN India,98.56,37.34389100635375,-12.743260316444982,62.54582763337883,40,MEDIUM,['Predicted completion is significantly later than planned.'],Project 709857 is classified as MEDIUM risk because the projected completion date exceeds the planned schedule.
912,618358,Construction of 2 -Lane with paved shoulders road from Tamenglong to Mahur NH- 137 starting from km 80.630 near Mandeu to km 96.870 near Jiri River on EPC Mode Package-6,NHIDCL,Manipur,86.87,74.2592711613857,-0.6342309917089345,211.9047619047619,40,MEDIUM,['Predicted completion is significantly later than planned.'],Project 618358 is classified as MEDIUM risk because the projected completion date exceeds the planned schedule.
913,618630,6L of MH/KN Border Nimbal Village to KN/TS Border Singnodi Village from Km. 26.000 to Km. 97.000 in Gulbarga of NH-150C Pkg-II,NHAI,Karnataka,81.35,42.966428365229504,-4.132333712577989,61.09200438116109,40,MEDIUM,['Predicted completion is significantly later than planned.'],Project 618630 is classified as MEDIUM risk because the projected completion date exceeds the planned schedule.
914,618629,Nandigama Bypass and Kanchikacherla bypass,NHAI,Andhra Pradesh,98.47,93.19825990818852,3.9506573413129233,581.4201312910282,40,MEDIUM,['Predicted completion is significantly later than planned.'],Project 618629 is classified as MEDIUM risk because the projected completion date exceeds the planned schedule.
915,618628,Strengthening of Existing Alignment of Pandharpur Town Part Bypassed Section of NH 965 from KM 36.230 to KM 44.230 from Chh. Shivaji Maharaj Chowk to Wakhari,NHAI,Maharashtra,69.25,50.89541308834299,-34.63337993475794,66.14857142857137,40,MEDIUM,['Predicted completion is significantly later than planned.'],Project 618628 is classified as MEDIUM risk because the projected completion date exceeds the planned schedule.
916,618654,4L Greenfield Rudhi to Deshgaon Pkg V of Betul-Khandwa/Deshgaon,NHAI,Madhya Pradesh,63.79,38.27248134149382,-14.127050517066069,87.20109439124487,40,MEDIUM,['Predicted completion is significantly later than planned.'],Project 618654 is classified as MEDIUM risk because the projected completion date exceeds the planned schedule.
917,618357,Construction of 2 -Lane with paved shoulders road from Tamenglong to Mahur NH- 137 in Manipur starting from km 54.180 near Azuram to km 80.630 near Mandeu on EPC Mode Package 5,NHIDCL,Manipur,84.87,69.08508768258486,0.3246139036538837,211.9047619047619,40,MEDIUM,['Predicted completion is significantly later than planned.'],Project 618357 is classified as MEDIUM risk because the projected completion date exceeds the planned schedule.
918,618356,Construction of 2 -Lane with paved shoulders road from Tamenglong to Mahur in the state of Manipur from km 31.430 at Old Tamenglong to km 43.480 ending near Phelong on EPC Mode Package-3,NHIDCL,Manipur,98.5,85.92361585782638,1.789516404648161,238.6861313868613,40,MEDIUM,['Predicted completion is significantly later than planned.'],Project 618356 is classified as MEDIUM risk because the projected completion date exceeds the planned schedule.
919,618355,"Construction of of 2 -Lane with paved shoulders road from Tamenglong-Tousem- Lisang-Mahur Road NH-137 starting near Dialong Village from km 10.000 at Dialong to km 31.430 near Old Tamenglong , near Barak River on EPC Mode Package-2",NHIDCL,Manipur,95.28,77.67995535991072,-0.2754665509330538,223.0769230769231,40,MEDIUM,['Predicted completion is significantly later than planned.'],Project 618355 is classified as MEDIUM risk because the projected completion date exceeds the planned schedule.
920,618353,Widening & Upgradation to 2-lanes with paved shoulders road from Tamenglong to Mahur NH-137 in the State of Assam starting from km 116.480 near Hangrum to km 136.500 near Hejaichak Package-8 on EPC mode under NHO-NE Package 8,NHIDCL,Assam,85.2,62.3335250652626,-3.048880580505372,55.906976744185975,40,MEDIUM,['Predicted completion is significantly later than planned.'],Project 618353 is classified as MEDIUM risk because the projected completion date exceeds the planned schedule.
921,618352,Widening & Upgradation to 2 lanes with paved shoulders road from Tamenglong to Mahur NH-137 in the State of Assam starting from km 136.500 near Hejaichak to km 156.489 near P. Leikul Package-9 on EPC mode under NHO-NE Package-9,NHIDCL,Assam,87.5,65.03132373281262,-1.1289793925869211,53.90424076607378,40,MEDIUM,['Predicted completion is significantly later than planned.'],Project 618352 is classified as MEDIUM risk because the projected completion date exceeds the planned schedule.
922,618351,Widening & Upgradation to 2 lanes with paved shoulders road from Tamenglong to Mahur NH-137 in the State of Assam starting from km 156.489 near P. Leikul to km 176.410 near Borowapu on EPC mode under NHO-NE Assam portion Package-10,NHIDCL,Assam,90.5,68.00062898026573,-14.102748419125485,54.32421340629266,40,MEDIUM,['Predicted completion is significantly later than planned.'],Project 618351 is classified as MEDIUM risk because the projected completion date exceeds the planned schedule.
923,618347,Widening to 2-lane with Hard shoulder of Churachandpur to Tuivai Section of NH- 102B from km 13.747 to km 32.835 in the State of Manipur on EPC mode under NHO Package-1B,NHIDCL,Manipur,100.0,68.25521695925802,-0.1720768466378821,217.16142857142788,40,MEDIUM,['Predicted completion is significantly later than planned.'],Project 618347 is classified as MEDIUM risk because the projected completion date exceeds the planned schedule.
924,618346,Widening to 2-lane with Hard shoulder of Churachandpur to Tuivai Section of NH- 102B from km 32.835 to km 48.587 in the State of Manipur on EPC mode under NHO Package-2A,NHIDCL,Manipur,100.0,66.71530966994291,0.5778359586249736,217.16142857142788,40,MEDIUM,['Predicted completion is significantly later than planned.'],Project 618346 is classified as MEDIUM risk because the projected completion date exceeds the planned schedule.
925,618345,Widening to 2-lane with Hard shoulder of Churachandpur to Tuivai Section from Km 48.587 to Km 69.875 in the State of Manipur on EPC mode under NHO Package-2B,NHIDCL,Manipur,88.2,54.24452165348945,0.1189232073974211,199.6424657534251,40,MEDIUM,['Predicted completion is significantly later than planned.'],Project 618345 is classified as MEDIUM risk because the projected completion date exceeds the planned schedule.
926,618344,Widening to 2-lane with Hard shoulder of Churachandpur to Tuivai Section of NH- 102B from Design Chainage 69.875 Km to 121.769 Km in the State of Manipur on EPC mode Package-3,NHIDCL,Manipur,85.84,83.67965303667177,1.5959570454646526,162.6547945205482,40,MEDIUM,['Predicted completion is significantly later than planned.'],Project 618344 is classified as MEDIUM risk because the projected completion date exceeds the planned schedule.
927,618343,"Rehabilitation and Up gradation to 2-lane with paved shoulder of Keifang Section Economic Corridor of NH-06 from Existing Chainage Km 30050 Keifang to Km 50360 Keifang, Design Chainage Km 27400 to Km 45040 PkgIII in the State of Mizoram under Bharatmala Pariyojna on EPC Mode Seling-Dulte - III",NHIDCL,Mizoram,0.0,0.0,-0.7600520138248559,204.2857142857144,40,MEDIUM,['Predicted completion is significantly later than planned.'],Project 618343 is classified as MEDIUM risk because the projected completion date exceeds the planned schedule.
928,618388,Construction of 2-laning with Hard shoulder road of Ukhrul - Tolloi - Tadubi section of NH-102A from Design Chainage 50.850 km to 81.870 km in the State of Manipur on EPC mode under NHO-TSP Package -3,NHIDCL,Manipur,94.5,81.57244264165294,-1.207884395994386,117.17454545454532,40,MEDIUM,['Predicted completion is significantly later than planned.'],Project 618388 is classified as MEDIUM risk because the projected completion date exceeds the planned schedule.
929,618384,Widening and Up-gradation to 2- Lane with Paved Shoulder Configuration and geometric improvement from Km. 166. 000 to Km 208.000 Package-4 on Aizawl Tuipang Section of NH-54 in the State of Mizoram Package-4,NHIDCL,Mizoram,99.88,21.300794930235142,-2.8857301684363903,88.10641627543038,40,MEDIUM,['Predicted completion is significantly later than planned.'],Project 618384 is classified as MEDIUM risk because the projected completion date exceeds the planned schedule.
930,618383,Widening and up-gradation to 2-lane with paved shoulder configuration and geometric improvements from km 339.00 to km 380.00 Siaha on Aizawl-Tuipang section under JICA ODA Loan assistance Phase-I Package-8,NHIDCL,Mizoram,99.82,85.8647537123662,1.0288983769188684,80.84440969507428,40,MEDIUM,['Predicted completion is significantly later than planned.'],Project 618383 is classified as MEDIUM risk because the projected completion date exceeds the planned schedule.
931,618645,4L of Gola-BokaroJaina More section from Km 53.600 to Km 21.110 of NH-320PKG-1,NHAI,Jharkhand,78.1,61.29646715676061,2.1156582041131946,74.34199726402208,40,MEDIUM,['Predicted completion is significantly later than planned.'],Project 618645 is classified as MEDIUM risk because the projected completion date exceeds the planned schedule.
932,618638,Tarsod - Fagne section of NH-6,National Highways Authority of India [NHAI],Maharashtra,98.84,43.65098611545907,4.639165075683753,193.530701754386,40,MEDIUM,['Predicted completion is significantly later than planned.'],Project 618638 is classified as MEDIUM risk because the projected completion date exceeds the planned schedule.
933,618635,6L of Pondavakkam to Kannigaipair from km 96.040 to km 116.100 of NH 716B Pkg- IV,NHAI,Tamil Nadu,44.53,30.103470337767778,-3.1907325288092347,135.54309165526686,40,MEDIUM,['Predicted completion is significantly later than planned.'],Project 618635 is classified as MEDIUM risk because the projected completion date exceeds the planned schedule.
934,618634,6L of Veera Kaveri Raja Puram to Pondavakkam from km 61.380 to km 96.040 of NH 716B Pkg-III,NHAI,"Multi-States (Andhra Pradesh, Tamil Nadu)",98.89,56.16313716774207,0.8854747633302592,82.44733242134066,40,MEDIUM,['Predicted completion is significantly later than planned.'],Project 618634 is classified as MEDIUM risk because the projected completion date exceeds the planned schedule.
935,618632,6L Access Controlled Greenfield Highway of Nandinne village to Julekal village from Km 202.900 to Km 242.200 Pkg-1,NHAI,"Multi-States (Karnataka, Telangana)",93.79,47.26971586116084,4.881591671295905,80.64569083447367,40,MEDIUM,['Predicted completion is significantly later than planned.'],Project 618632 is classified as MEDIUM risk because the projected completion date exceeds the planned schedule.
936,618372,"Widening / Improvement to 4-Lane with Paved Shoulder configuration of existing single lane road from Kachukhana Harichara Paglagaunj to Dhubri - Phulbari Bridge approach Package-II of Srirampur - Dhubri Section of NH-127B from existing Km 28.050 to Km 55.060 Design Km 27.650 to Km 54.154, Design Length26.504 Km under JICA ODA Loan assistance Phase-V [Srirampur - Dhubri Pkg-2]",NHIDCL,Assam,100.0,70.24047875734307,-5.279300785461307,66.34746922024625,40,MEDIUM,['Predicted completion is significantly later than planned.'],Project 618372 is classified as MEDIUM risk because the projected completion date exceeds the planned schedule.
937,709856,MPLS-IP BASED ACCESS AND AGGREGATION NETWORK [MAAN] IN BSNL ALONG WITH TEST AND MEASURING EQUIPMENT,BSNL,PAN India,92.1,63.227566536977044,-0.2311317098880468,152.69868995633178,40,MEDIUM,['Predicted completion is significantly later than planned.'],Project 709856 is classified as MEDIUM risk because the projected completion date exceeds the planned schedule.
938,612133,Transmission System for Evacuation of power from Rajasthan REZ Ph-IV [Part-1] [Bikaner Complex] Part D [Neemrana Bareilly Transmission Ltd],Power Grid Corporation of India Limited [POWERGRID],"Multi-States (Rajasthan, Uttar Pradesh)",73.45,83.50015285845306,3.527068174870064,61.67852257181957,40,MEDIUM,['Predicted completion is significantly later than planned.'],Project 612133 is classified as MEDIUM risk because the projected completion date exceeds the planned schedule.
939,709777,Installation of Bitumen Manufacturing Unit along with allied facilities at Barauni Refinery,Indian Oil Corporation Limited [IOCL],Bihar,66.3,31.994349556953892,3.4772826505714893,58.53372681281611,40,MEDIUM,['Predicted completion is significantly later than planned.'],Project 709777 is classified as MEDIUM risk because the projected completion date exceeds the planned schedule.
940,611966,Transmission System for Evacuation of power from Potential RE Zone in Khavda Area of Gujarat under phase IV 7GW-Part E4,Power Grid Corporation of India Limited [POWERGRID],Maharashtra,100.0,100.0,1.6997905619178209,55.09868421052631,40,MEDIUM,['Predicted completion is significantly later than planned.'],Project 611966 is classified as MEDIUM risk because the projected completion date exceeds the planned schedule.
941,611949,Transmission system for evacuation of power from REZ in Rajasthan 20 GW under Phase-III part C1,Power Grid Corporation of India Limited [POWERGRID],Rajasthan,99.87,99.00000000000001,4.263508620689652,83.74087591240891,40,MEDIUM,['Predicted completion is significantly later than planned.'],Project 611949 is classified as MEDIUM risk because the projected completion date exceeds the planned schedule.
942,618363,Construction of 2-laning with hard shoulder configuration of Chhumkhum to Tlabung from Design Chainage Km 37.420 to Km 74.950 of NH-302 in Mizoram under Bharatmala Pariyojana on EPC mode [Pkg-B],NHIDCL,Mizoram,61.34,66.77063922871262,0.9530773177780694,260.3624772313292,40,MEDIUM,['Predicted completion is significantly later than planned.'],Project 618363 is classified as MEDIUM risk because the projected completion date exceeds the planned schedule.
943,618362,Construction of 2-laning with hard shoulder of Lunglei to Chhumkhum from Design Chainage Km 0.000 to Km 37.420 of NH-302 [Lunglei-Tlabung] Package-A,NHIDCL,Mizoram,64.78,79.30274178538191,4.871214832844174,260.8813868613135,40,MEDIUM,['Predicted completion is significantly later than planned.'],Project 618362 is classified as MEDIUM risk because the projected completion date exceeds the planned schedule.
944,606013,Additional Campus of NITPatna,NIT Patna,Bihar,98.6,90.13441237154704,-0.6554756515295186,107.10571428571424,40,MEDIUM,['Predicted completion is significantly later than planned.'],Project 606013 is classified as MEDIUM risk because the projected completion date exceeds the planned schedule.
945,611751,Aurangabad-Ankai 98.25 km,CAOCON/SCR SCR mor,Maharashtra,0.0,39.67459193870753,-3.7303047968020935,38.686131386861305,40,MEDIUM,"['Predicted completion is significantly later than planned.', 'Expenditure is high compared with physical progress.']",Project 611751 is classified as MEDIUM risk because the projected completion date exceeds the planned schedule and expenditure is high relative to the physical progress achieved.
946,611735,Transmission system for evacuation of power from REZ in Rajasthan 20GW under Phase-III Part J,Power Grid Corporation of India Limited [POWERGRID],"Multi-States (Delhi, Rajasthan)",68.9,71.0,-0.1003021148036578,79.655298416565,40,MEDIUM,['Predicted completion is significantly later than planned.'],Project 611735 is classified as MEDIUM risk because the projected completion date exceeds the planned schedule.
947,709840,"Restoration of Gas Terminal, Phase-I [Part-A], Hazira",Oil and Natural Gas Corporation Limited [ONGC],Gujarat,97.6,88.02469630758128,3.2058292907829933,51.14200595829197,40,MEDIUM,['Predicted completion is significantly later than planned.'],Project 709840 is classified as MEDIUM risk because the projected completion date exceeds the planned schedule.
948,618397,Widening and Up-gradation to 2-Lane with Paved Shoulder of configuration and geometric improvement from Km 0.000 to Km 16.990 on Chenani Sudhmahadev section of NH-244 in UT of Jammu and Kashmir to be executed on EPC basis,NHIDCL,Jammu and Kashmir,94.06,93.77100429855413,0.9439234075811896,282.90013679890563,40,MEDIUM,['Predicted completion is significantly later than planned.'],Project 618397 is classified as MEDIUM risk because the projected completion date exceeds the planned schedule.
949,618396,Construction & Upgradation to 2 lane with paved shoulder from Design Km. 31.449 Khellani Ex. Km 44.946 to Km 51.700 Prem Nagar Ex. Km 68617 of 20.251 Km length on Khellani - Kishtwar - Chattroo section of NH-244 in the UT of J&K on EPC Mode under NHO-Gen PKG- 1,NHIDCL,Jammu and Kashmir,0.0,0.0,-0.0029191078220607,264.2857142857143,40,MEDIUM,['Predicted completion is significantly later than planned.'],Project 618396 is classified as MEDIUM risk because the projected completion date exceeds the planned schedule.
950,618395,"Construction & Upgradation to 2-lane with paved shoulder from Design Ch. Km 51700 at Premnagar km 66315 to Km 66535 New Thatri at Start of Km 83rd, Tunnel Km 82665 of 14.835 Km design length on Chenani-Sudhmahadev-Goha Khellani- Kishtwar-Vailoo Donipawa-Ashajipora section of NH-244 in the UT of J&K on EPC Mode under NHO-Gen Pkg - 2",NHIDCL,Jammu and Kashmir,53.49,32.13316940850458,0.3600491774486768,246.53369763205785,40,MEDIUM,['Predicted completion is significantly later than planned.'],Project 618395 is classified as MEDIUM risk because the projected completion date exceeds the planned schedule.
951,618394,Up-gradation to 2-lane with Paved Shoulder from Km 12.850 to Km20.300 of 7.450Km length on Goha-Khellani section and a link road to Goha village of 2.016 km on NH- 244 in UT of Jammu and Kashmir on EPC Mode Pkg-1,NHIDCL,Jammu and Kashmir,94.26,79.780200534174,0.6918866850562221,300.2705667276056,40,MEDIUM,['Predicted completion is significantly later than planned.'],Project 618394 is classified as MEDIUM risk because the projected completion date exceeds the planned schedule.
952,618614,Sanchore - Santalpur from km 67.000 - km 99.000 of NH-754K AJ-RGBS-Package-3,National Highways Authority of India [NHAI],Gujarat,99.0,75.71181709424432,1.9043466702113567,140.28082191780803,40,MEDIUM,['Predicted completion is significantly later than planned.'],Project 618614 is classified as MEDIUM risk because the projected completion date exceeds the planned schedule.
953,618613,Deogarh near Dhandhaniya-Rajasthan/Gujarat Border Phase-I AJ/DRGB-Package-7,NHAI,Rajasthan,99.2,84.84624214596423,-7.567363460609071,150.1369863013699,40,MEDIUM,['Predicted completion is significantly later than planned.'],Project 618613 is classified as MEDIUM risk because the projected completion date exceeds the planned schedule.
954,618625,Indore - Gujarat / MP Border from km. Km 9.500 to Km 171.000 of NH-59 in MP,National Highways Authority of India [NHAI],Madhya Pradesh,99.93,1.1948936170212765,-49.32149787234039,531.9355191256833,40,MEDIUM,['Predicted completion is significantly later than planned.'],Project 618625 is classified as MEDIUM risk because the projected completion date exceeds the planned schedule.
955,618624,Mangloor to Telangana Maharashtra Border,National Highways Authority of India [NHAI],"Multi-States (Maharashtra, Telangana)",96.02,16.63787927769824,-3.736830924121383,253.8987688098496,40,MEDIUM,['Predicted completion is significantly later than planned.'],Project 618624 is classified as MEDIUM risk because the projected completion date exceeds the planned schedule.
956,618620,"Additional works 2VUPs, MR-10 junction flyover and underpass in Six lane Indore- Dewas section of NH-52 in the state of Madhya Pradesh on EPC Mode",NHAI,Madhya Pradesh,79.72,72.4791837127593,-2.662318910333429,168.19378427787905,40,MEDIUM,['Predicted completion is significantly later than planned.'],Project 618620 is classified as MEDIUM risk because the projected completion date exceeds the planned schedule.
957,618391,"Construction for Mitigation Measures of 5 Nos. Landslides, 05 No. Sinking Zones and 01 No. Bridge from Ch. 450.00 to Ch. 468.00 18 Km. Length on NH-07 Package-III",NHIDCL,Uttarakhand,88.12,40.3187792114409,0.0512922941718179,67.54072992700706,40,MEDIUM,['Predicted completion is significantly later than planned.'],Project 618391 is classified as MEDIUM risk because the projected completion date exceeds the planned schedule.
958,618390,"Construction, Operation & Maintenance of 2-L Bi-directional Silkyara Bend- Barkot Tunnel with escape passage including approaches Tunnel-4.531 & Approach road- 0.328 on Dharasu-Yamunotri section b/w Chainage 25.400km and 51.00km falling along NH-134 Old NH-94 on EPC mode",NHIDCL,Uttarakhand,76.03,60.87961959270983,1.9955122924163868,116.6605065023955,40,MEDIUM,['Predicted completion is significantly later than planned.'],Project 618390 is classified as MEDIUM risk because the projected completion date exceeds the planned schedule.
959,618389,Construction of 2-laning with Hard shoulder road of Ukhrul - Tolloi - Tadubi section of NH-102A from Design Chainage 81.870 km to 105.825 km in the State of Manipur on EPC mode under NHO-TSP Package -4,NHIDCL,Manipur,97.0,92.58913631097954,0.6595765220747398,167.44444444444412,40,MEDIUM,['Predicted completion is significantly later than planned.'],Project 618389 is classified as MEDIUM risk because the projected completion date exceeds the planned schedule.
960,618381,Widening and up-gradation to 2-lane with paved shoulder configuration and geometric improvements from km 250.00 Lunglei to km 298.00 on Aizawl-Tuipang section under JICA ODA Loan assistance Phase-I Package-6,NHIDCL,Mizoram,98.73,21.95483635985223,-1.4620948020188662,83.33333333333334,40,MEDIUM,['Predicted completion is significantly later than planned.'],Project 618381 is classified as MEDIUM risk because the projected completion date exceeds the planned schedule.
961,618380,Widening and Up-gradation to 2- Lane with Paved Shoulder Configuration and geometric improvement from Km. 125. 000 to Km 166 Package-3 on Aizawl Tuipang Section of NH-54 in the State of Mizoram Package-3,NHIDCL,Mizoram,97.51,60.562340702810545,1.5934793389382258,92.8794992175274,40,MEDIUM,['Predicted completion is significantly later than planned.'],Project 618380 is classified as MEDIUM risk because the projected completion date exceeds the planned schedule.
962,618379,Widening and Up-gradation to 2- Lane with Paved Shoulder Configuration and geometric improvement from Km. 208. 000 to Km 250.000 Package-5 on Aizawl Tuipang Section of NH-54 in the State of Mizoram Package-5,NHIDCL,Mizoram,95.35,16.687696741887926,-0.2325970593314119,92.8794992175274,40,MEDIUM,['Predicted completion is significantly later than planned.'],Project 618379 is classified as MEDIUM risk because the projected completion date exceeds the planned schedule.
963,900808,Transmission System for Kurnool Wind Energy Zone/ Solar Energy Zone Part-A and Part-B,Power Grid Corporation of India Limited [POWERGRID],"Multi-States (Andhra Pradesh, Telangana)",99.69,99.59993684697231,2.931831381416143,89.3617021276596,40,MEDIUM,['Predicted completion is significantly later than planned.'],Project 900808 is classified as MEDIUM risk because the projected completion date exceeds the planned schedule.
964,618408,Kargil Zanskar Road,NHIDCL,Ladakh,97.1,84.64241785274996,3.514446368953468,237.28597449908904,40,MEDIUM,['Predicted completion is significantly later than planned.'],Project 618408 is classified as MEDIUM risk because the projected completion date exceeds the planned schedule.
965,618407,Jammu-Akhnoor Road Pkg-I,NHIDCL,Jammu and Kashmir,75.29,46.96697920913167,0.1326946596003754,85.93160054719586,40,MEDIUM,['Predicted completion is significantly later than planned.'],Project 618407 is classified as MEDIUM risk because the projected completion date exceeds the planned schedule.
966,618400,Construction & Upgradation to 2-lane with paved shoulder from Design Km 67.805 at the end of Km 83rd Tunnel near Dhrabshalla Ex. Km 83905 to Km 80.675 start of Kishtwar Bypass - Dulhasti Ex. Km 970751 of 12.870 Km length on chenani- Sudhmahadev-Goha Khellani-Kishtwar-vailoo-Donipawa-Ashajipora seition of NH-244 in the UT of J&K on EPC Mode under NHO-Gen Pkg-3,NHIDCL,Jammu and Kashmir,98.55,30.13475195101754,0.3628767157662295,252.5096525096525,40,MEDIUM,['Predicted completion is significantly later than planned.'],Project 618400 is classified as MEDIUM risk because the projected completion date exceeds the planned schedule.
967,618399,Construction of Kishtwar bypass with 2 lane with paved shoulder from Design Km. 80.675 Dulhasti to km 95.550 Bandarkoot of 14.88 km & a link road to Kishtwar town from 0000 to 1.871 of length1.871 Km on Khellani - Kishtwar - Chattroo section in UT of Jammu and Kashmir on EPC Mode Pkg-4,NHIDCL,Jammu and Kashmir,50.64,42.22899484685984,-2.9392790256727483,184.417808219178,40,MEDIUM,['Predicted completion is significantly later than planned.'],Project 618399 is classified as MEDIUM risk because the projected completion date exceeds the planned schedule.
968,618398,Up-gradation to 2-lane with Paved Shoulder from Km 20.300 to Km 29.030 of 8.730 Km length on Goha-Khellani section on NH-244 in UT of Jammu and Kashmir on EPC Mode Package II,NHIDCL,Jammu and Kashmir,96.95,90.26519284596044,0.8680677451493921,283.72943327239483,40,MEDIUM,['Predicted completion is significantly later than planned.'],Project 618398 is classified as MEDIUM risk because the projected completion date exceeds the planned schedule.
969,611947,Transmission System for Evacuation of Power from REZ in Rajasthan 20GW under Phase III- Part E2,Power Grid Corporation of India Limited [POWERGRID],Rajasthan,98.4,96.99976651879523,0.163810413261835,57.93501730103792,40,MEDIUM,['Predicted completion is significantly later than planned.'],Project 611947 is classified as MEDIUM risk because the projected completion date exceeds the planned schedule.
970,611929,Maintenance cum workshop depot for Vande Bharat Sleeper Trains as per conditions under WTA 527,WPO/Patna,Rajasthan,0.0,0.0,-0.1632506292699984,105.10018214936244,40,MEDIUM,['Predicted completion is significantly later than planned.'],Project 611929 is classified as MEDIUM risk because the projected completion date exceeds the planned schedule.
971,618559,6L of existing 4L from Gundlapochampally to Bowenpally from km 471.300 to km 481.331 of NH-44,NHAI,Telangana,50.5,49.337526125055135,-5.069794642686071,131.99428571428592,40,MEDIUM,['Predicted completion is significantly later than planned.'],Project 618559 is classified as MEDIUM risk because the projected completion date exceeds the planned schedule.
972,618558,Improvement of Geometrics of Kalkallu to Gundla Pochanpalli from Km 454.00 to Km 471.00 of NH-44,NHAI,Telangana,36.5,47.56721682068886,2.001601272645387,114.2558139534882,40,MEDIUM,['Predicted completion is significantly later than planned.'],Project 618558 is classified as MEDIUM risk because the projected completion date exceeds the planned schedule.
973,607653,Ludhiana Mullanpur 21Km Doubling Railway project,CAO/C/NR,Punjab,99.0,26.14788312462731,-0.4330437004855065,158.0788177339901,40,MEDIUM,['Predicted completion is significantly later than planned.'],Project 607653 is classified as MEDIUM risk because the projected completion date exceeds the planned schedule.
974,606479,Banaras Hindu University [ Kayakalp of Institute of Medical Sciences],Banaras Hindu University,Uttar Pradesh,99.1,86.3211382113821,2.525203252032539,196.87226277372287,40,MEDIUM,['Predicted completion is significantly later than planned.'],Project 606479 is classified as MEDIUM risk because the projected completion date exceeds the planned schedule.
975,606431,CONSTRUCTION OF PERMANENT CAMPUS FOR IIT PALAKKAD UNDER PHASE 1A,INDIAN INSTITUTE OF TECHNOLOGY PALAKKAD,Kerala,86.5,68.18023746832928,3.308867802672749,181.3868613138685,40,MEDIUM,['Predicted completion is significantly later than planned.'],Project 606431 is classified as MEDIUM risk because the projected completion date exceeds the planned schedule.
976,618611,Sangariya near Chautala-Rasisar near Bikaner section of NH-754K Phase-I AJ/SR- Package-7,NHAI,Rajasthan,100.0,86.54706797533757,-8.685342757812728,154.24657534246575,40,MEDIUM,['Predicted completion is significantly later than planned.'],Project 618611 is classified as MEDIUM risk because the projected completion date exceeds the planned schedule.
977,618608,4L of left-over works including additional structures from Kerala/Tamil Nadu border to Kanyakumari Section from Km 43.0 to Km 96.174 of NH66,NHAI,Tamil Nadu,81.85,62.65958330935988,-11.44920504017952,67.99316005471972,40,MEDIUM,['Predicted completion is significantly later than planned.'],Project 618608 is classified as MEDIUM risk because the projected completion date exceeds the planned schedule.
978,618606,Paravoor-Kottankulangara,NHAI,Kerala,71.2,87.32103091082934,3.41898393516629,83.87868852459033,40,MEDIUM,['Predicted completion is significantly later than planned.'],Project 618606 is classified as MEDIUM risk because the projected completion date exceeds the planned schedule.
979,618603,6L of Kodugallur to Edapppally section from km 397.750 to km 423.780 of NH - 66 old NH-17,NHAI,Kerala,71.11,62.85814035350942,3.2440692245990146,82.7886089813802,40,MEDIUM,['Predicted completion is significantly later than planned.'],Project 618603 is classified as MEDIUM risk because the projected completion date exceeds the planned schedule.
980,618602,6L of Thalikulam to Kodugallur section from km 369.015 to km 397.850 of NH - 66 old NH-17,NHAI,Kerala,95.05,77.00218035080867,1.451730101393251,93.85294117647037,40,MEDIUM,['Predicted completion is significantly later than planned.'],Project 618602 is classified as MEDIUM risk because the projected completion date exceeds the planned schedule.
981,618601,6L of Kappirikkad to Thalikulam section from km 335.85 to km 369.015 of NH - 66 old NH-17,NHAI,Kerala,95.27,79.1676428617069,0.2313854396665197,100.29308323563876,40,MEDIUM,['Predicted completion is significantly later than planned.'],Project 618601 is classified as MEDIUM risk because the projected completion date exceeds the planned schedule.
982,611602,"Modernization of Chennai Airport, Phase II, Part 2",Airport Authority of India [AAI],Tamil Nadu,46.0,27.493786246893126,-6.847763048881498,79.66622864651788,40,MEDIUM,['Predicted completion is significantly later than planned.'],Project 611602 is classified as MEDIUM risk because the projected completion date exceeds the planned schedule.
983,705728,Mumbai-Ahmedabad High Speed Rail Project- 508 km,National High Speed Rail Corporation [NHSRC],"Multi-States (Dadra & Nagar Haveli and Daman & Diu, Gujarat, Maharashtra)",62.16,84.22860185185185,-15.77139814814815,21.32642916321471,40,MEDIUM,"['Predicted completion is significantly later than planned.', 'Expenditure is high compared with physical progress.']",Project 705728 is classified as MEDIUM risk because the projected completion date exceeds the planned schedule and expenditure is high relative to the physical progress achieved.
984,705659,Satna - Rewa 50 km,CE/C-4/WCR WCR mor,Madhya Pradesh,88.0,123.638,23.63800000000001,3.4867104887110743,40,MEDIUM,"['Predicted cost overrun is high.', 'Expenditure is high compared with physical progress.']",Project 705659 is classified as MEDIUM risk because the predicted total cost is significantly above the baseline and expenditure is high relative to the physical progress achieved.
985,705650,Hospet - Tinaighat - Vasco Rail Doubling Project,RVNL - II,"Multi-States (Goa, Karnataka)",86.14,108.91363636363636,31.94561067193681,4.5939133681853335,40,MEDIUM,"['Predicted cost overrun is high.', 'Expenditure is high compared with physical progress.']",Project 705650 is classified as MEDIUM risk because the predicted total cost is significantly above the baseline and expenditure is high relative to the physical progress achieved.
986,705639,Ernakulam-Kumbalam - Patch doubling 7.71 km,CAO/CN/ERS SR mor,Kerala,25.0,52.01830282861897,27.350000000000023,0.0,40,MEDIUM,"['Predicted cost overrun is high.', 'Expenditure is high compared with physical progress.']",Project 705639 is classified as MEDIUM risk because the predicted total cost is significantly above the baseline and expenditure is high relative to the physical progress achieved.
987,611017,2.5 MTPA PATHERDIH NLW WASHERY,Ministry of Coal,Jharkhand,51.81,48.68818619678703,-0.6119603913004055,430.697260273973,40,MEDIUM,['Predicted completion is significantly later than planned.'],Project 611017 is classified as MEDIUM risk because the projected completion date exceeds the planned schedule.
988,618600,6L of Valanchery bypass to Kappirikkad of NH 66 from km. 298500 to km 335850,NHAI,Kerala,100.0,64.43734250510693,-0.7121776169624344,85.24342105263173,40,MEDIUM,['Predicted completion is significantly later than planned.'],Project 618600 is classified as MEDIUM risk because the projected completion date exceeds the planned schedule.
989,618599,6L of Ramanatukkara Junction to start of Valanchery bypass section of NH-66,NHAI,Kerala,100.0,76.53827859155274,-0.9594752269556566,85.24342105263173,40,MEDIUM,['Predicted completion is significantly later than planned.'],Project 618599 is classified as MEDIUM risk because the projected completion date exceeds the planned schedule.
990,618418,Rehabilitation and up gradation of Nongstoin-Rambrai-Kyrshai road up to Meghalaya- Assam border from Km 0.335 to km 34.039 to 2-Lane under NHO - NE in the State of Meghalaya Package-1,NHIDCL,Meghalaya,83.05,86.1640638025899,1.6319679875507414,127.81805745554033,40,MEDIUM,['Predicted completion is significantly later than planned.'],Project 618418 is classified as MEDIUM risk because the projected completion date exceeds the planned schedule.
991,618416,"Improvement of existing road to 2 laning with Hard Shoulders of Maram -Peren section Package-1A, length- 22.340Km from Design Chainage 0.000 km to 22.340 km on NH-129A in the State of Manipur on EPC mode",NHIDCL,Manipur,75.08,84.03587840226228,3.395678685047685,276.13321167883254,40,MEDIUM,['Predicted completion is significantly later than planned.'],Project 618416 is classified as MEDIUM risk because the projected completion date exceeds the planned schedule.
992,618410,Widening & Up-gradation to 2 lane with paved shoulder of NH-301 Kargil- Zanskar Road from Design Km .30.040 Ex. Km. 30.000 to Design Km 57.000 Ex. Km. 57.905 of 26.960 Km length Pkg-II,NHIDCL,Ladakh,84.94,88.92785694880091,2.360838746326112,249.3770491803282,40,MEDIUM,['Predicted completion is significantly later than planned.'],Project 618410 is classified as MEDIUM risk because the projected completion date exceeds the planned schedule.
993,618409,Widening & Up-gradation to 2 lane with Paved shoulder of NH-301 Kargil- Zanskar Road from Design km 57.000 Ex. Km. 57.905 to Km 87.000 Ex. Km. 88.2491 of 30.000 Km length Pkg-lll,NHIDCL,Ladakh,91.01,82.23931130416524,0.0218366971995125,238.17850637522736,40,MEDIUM,['Predicted completion is significantly later than planned.'],Project 618409 is classified as MEDIUM risk because the projected completion date exceeds the planned schedule.
994,618442,"Construction of Balance Work of the 4-Laning of the Section from Jorhat to Jhanji of NH-37 Old from Km 477.000 to Km 490800 13.800 Km, under SARDP- NE under EPC Mode in the state of Assam Pkg-III Road Works",NHIDCL,Assam,100.0,27.98840321141838,4.9569023193578,384.065934065934,40,MEDIUM,['Predicted completion is significantly later than planned.'],Project 618442 is classified as MEDIUM risk because the projected completion date exceeds the planned schedule.
995,618441,"Construction of Balance Work of 4-Laning of the Section from Jhanji to Demow of NH- 37 Old from Km 490.800 to Km 501.800 11.000 Km, under SARDP- NE under EPC Mode in the state of Assam Pkg-I Road Works",NHIDCL,Assam,87.33,20.923918852476536,0.8545714957566743,111.08955223880596,40,MEDIUM,['Predicted completion is significantly later than planned.'],Project 618441 is classified as MEDIUM risk because the projected completion date exceeds the planned schedule.
996,618440,"Construction of Balance Work of 4-Laning of the Section from Jhanji to Demow of NH- 37 Old from Km 490.800 to Km 534.800, under SARDP- NE on EPC Mode in the state of Assam Pkg- IV Structures & Toll Plaza",NHIDCL,Assam,58.19,8.931530279544605,-0.2461382222458998,96.49863013698624,40,MEDIUM,['Predicted completion is significantly later than planned.'],Project 618440 is classified as MEDIUM risk because the projected completion date exceeds the planned schedule.
997,618439,"Construction of Balance Work of 4-Laning of the Section from Jorhat to Jhanji of NH- 37 Old from Km 453000 to Km 463000 10.000 Km, under SARDP- NE under EPC Mode in the state of Assam Pkg-I Road Works",NHIDCL,Assam,96.79,0.0,0.189441772945929,367.5824175824176,40,MEDIUM,['Predicted completion is significantly later than planned.'],Project 618439 is classified as MEDIUM risk because the projected completion date exceeds the planned schedule.
998,611016,2.0 MTPA BHOJUDIH NLW WASHERY,Ministry of Coal,West Bengal,97.6,94.4275424500091,1.5909977377329891,373.0999999999999,40,MEDIUM,['Predicted completion is significantly later than planned.'],Project 611016 is classified as MEDIUM risk because the projected completion date exceeds the planned schedule.
999,610984,Development of Jharia CBM Block [Phase-1],Oil and Natural Gas Corporation Limited [ONGC],Jharkhand,66.2,62.12064965197216,-0.3145707656612237,62.8948751642574,40,MEDIUM,['Predicted completion is significantly later than planned.'],Project 610984 is classified as MEDIUM risk because the projected completion date exceeds the planned schedule.
1000,610315,IISER BERHAMPUR,"Indian Institutes of Science Education and Research, Behrampur",Odisha,98.5,71.10353691471708,-11.682905996811344,356.12431444241315,40,MEDIUM,['Predicted completion is significantly later than planned.'],Project 610315 is classified as MEDIUM risk because the projected completion date exceeds the planned schedule.
1001,609996,Construction of Precast housing and hostels at IIT Hyderabad,"Indian Institute of Technology, Hyderabad",Telangana,90.39,85.36259541984734,-0.127137404580175,91.14285714285718,40,MEDIUM,['Predicted completion is significantly later than planned.'],Project 609996 is classified as MEDIUM risk because the projected completion date exceeds the planned schedule.
1002,609019,"HEFA projects on development of student hostels, playgrounds, departmental buildings, class room complex and other campus facilities in IIT Kharagpur","Indian Institute of Technology, Kharagpur",West Bengal,97.0,83.772,0.1776999999999702,91.2097902097902,40,MEDIUM,['Predicted completion is significantly later than planned.'],Project 609019 is classified as MEDIUM risk because the projected completion date exceeds the planned schedule.
1003,602181,"TEESTA-VI HE PROJECT, SIKKIM [500 MW], executed by LANCO TEESTA HYDRO POWER LIMITED [A wholly owned Subsidiary of NHPC LTD. acquired through NCLT]",National Hydroelectric Power Corporation Limited [NHPC],Sikkim,73.78,79.55198641623929,2.2089042525799845,88.6721423682411,40,MEDIUM,['Predicted completion is significantly later than planned.'],Project 602181 is classified as MEDIUM risk because the projected completion date exceeds the planned schedule.
1004,604863,Development of Surface Facilities for production and evacuation of Crude Oil and Natural Gas from Nadua and East Khagorija,Oil India Limited,Assam,94.4,88.02460096646655,4.9445160345584585,313.98028909329804,40,MEDIUM,['Predicted completion is significantly later than planned.'],Project 604863 is classified as MEDIUM risk because the projected completion date exceeds the planned schedule.
1005,618437,"Construction of Balance Work of 4-Laning of NH-37 Section between End of Moran Bypass to Bogibeel junction near Lapetketa Km. 561.700-Km. 580.875 under SARDP- NE, Phase 'A' in the State of Assam on EPC mode Pkg-I Road works & Toll Plaza",NHIDCL,Assam,100.0,42.52387548297733,-1.034555660858799,269.060773480663,40,MEDIUM,['Predicted completion is significantly later than planned.'],Project 618437 is classified as MEDIUM risk because the projected completion date exceeds the planned schedule.
1006,618435,4-Laning from Rangagara to Kaliabor Tiniali from km 297.00 to km 315.315 of NH-37 on EPC basis under SARDP-NE in state of Assam,NHIDCL,Assam,97.13,93.20586789475045,0.6008641432303922,249.4205914567356,40,MEDIUM,['Predicted completion is significantly later than planned.'],Project 618435 is classified as MEDIUM risk because the projected completion date exceeds the planned schedule.
1007,618612,Deogarh near Dhandhaniya-Rajasthan/Gujarat Border Phase-I AJ/DRGB-Package-6,NHAI,Rajasthan,100.0,83.33195525579087,-1.7149623784831272,148.86095890410982,40,MEDIUM,['Predicted completion is significantly later than planned.'],Project 618612 is classified as MEDIUM risk because the projected completion date exceeds the planned schedule.
1008,618432,Construction of Balance work of 2-Lane with PS of Joram-Koloriang Road NH-713 on EPC basis from Design Km 44.989 to Km 61.547 Existing Km 50.050 to Km 70.000 in the state of Arunachal Pradesh under SARDP-NE Pkg-3,NHIDCL,Arunachal Pradesh,99.52,0.0,-0.2714672962574353,272.57769652650825,40,MEDIUM,['Predicted completion is significantly later than planned.'],Project 618432 is classified as MEDIUM risk because the projected completion date exceeds the planned schedule.
1009,618431,Construction of alternative highway to Gangtok in Sikkim via Bagrakot -Chuikhim- Nimbong -Kafer-Bakhim-Algarah-Rhenock in the State of West Bengal and from Rhenok-Rorathang-Pakyong along with spur from Aritar-Rolep-Menla in the State of Sikkim from Km 13.00 to Km 25.60 of Bagrakot -Kafer section of NH 717A on EPC Mode under Phase-A of SARDP-NE in the State of West Bengal PKG- IVB,NHIDCL,West Bengal,97.73,86.47498057235529,-1.186235091394357,141.9736842105262,40,MEDIUM,['Predicted completion is significantly later than planned.'],Project 618431 is classified as MEDIUM risk because the projected completion date exceeds the planned schedule.
1010,618430,Construction of alternative highway to Gangtok in Sikkim via Bagrakot -Chuikhim- Nimbong -Kafer-Bakhim-Algarah-Rhenock in the State of West Bengal and from Rhenok-Rorathang-Pakyong along with spur from Aritar-Rolep-Menla in the State of Sikkim from Km 0.00 to Km 13.00 of Bagrakot -Kafer section of NH 717A on EPC Mode under Phase-A of SARDP-NE in the State of West Bengal PKG- IVA,NHIDCL,West Bengal,99.23,64.99727006502208,-0.9943912244999252,172.07995618838964,40,MEDIUM,['Predicted completion is significantly later than planned.'],Project 618430 is classified as MEDIUM risk because the projected completion date exceeds the planned schedule.
1011,618427,Construction & upgradation of existing road to 2-lane with paved shoulder including geometric improvement of Kafer- Lava More section from km 40.00 to km 61.100 of NH717-A on EPC under SARDP-NE A in state of West Bengal Pkg-VA,NHIDCL,West Bengal,95.98,86.23239663044177,-7.4609349881037454,143.4813596491227,40,MEDIUM,['Predicted completion is significantly later than planned.'],Project 618427 is classified as MEDIUM risk because the projected completion date exceeds the planned schedule.
1012,618459,Delhi-Vadodara Greenfield Alignment NH-148N Pkg-26 Ch.696890 to Ch.726390,NHAI,Gujarat,85.5,82.83950617283949,-1.3693094135803752,144.73234811165864,40,MEDIUM,['Predicted completion is significantly later than planned.'],Project 618459 is classified as MEDIUM risk because the projected completion date exceeds the planned schedule.
1013,618457,Delhi-Vadodara Greenfield Alignment NH-148N Pkg-10 Ch. 292.950 to Ch. 319.400 [End of Interchange on NH-166 near village Mui to Hardeoganj village near Indergarh],NHAI,Rajasthan,95.25,90.35012608309701,2.3990196155449133,169.24794520547982,40,MEDIUM,['Predicted completion is significantly later than planned.'],Project 618457 is classified as MEDIUM risk because the projected completion date exceeds the planned schedule.
1014,604859,Integrated Para Xylene [PX] and Purified Terephthalic Acid [PTA] Project at Paradip Refinery,Indian Oil Corporation Limited [IOCL],Odisha,94.9,64.25418326693227,-10.687262586019528,77.71696637998404,40,MEDIUM,['Predicted completion is significantly later than planned.'],Project 604859 is classified as MEDIUM risk because the projected completion date exceeds the planned schedule.
1015,618554,Construction of left out portion of Agra Inner Ring Road connecting village Deori to NH-44 village Bad from Km. 0.000 to Km. 7.772,NHAI,Uttar Pradesh,94.0,71.54993972203899,-2.324386415849708,131.35090909090914,40,MEDIUM,['Predicted completion is significantly later than planned.'],Project 618554 is classified as MEDIUM risk because the projected completion date exceeds the planned schedule.
1016,618553,6L of Agra Bypass Northern connecting Km. 174.500 of NH-2 new NH-19 to Km. 141.000 of Yamuna Expressways,National Highways Authority of India [NHAI],Uttar Pradesh,100.0,79.22453582840792,-6.560138677137125,63.121751025991976,40,MEDIUM,['Predicted completion is significantly later than planned.'],Project 618553 is classified as MEDIUM risk because the projected completion date exceeds the planned schedule.
1017,705774,Aligarh-Daud Khan - 3rd line 6.9 km & construction of flyover at Daud Khan,CAO/C/NCR NCR mor,Uttar Pradesh,87.0,52.142480211081796,-4.0624142480211205,51.12657342657359,40,MEDIUM,['Predicted completion is significantly later than planned.'],Project 705774 is classified as MEDIUM risk because the projected completion date exceeds the planned schedule.
1018,618455,Development of External Trunk Connectivity and Internal Infrastructure Works at Multi Model Logistics ParkMMLP at Jogighopa in the State of Assam on EPC Mode Package-I Road and Utility Works,NHIDCL,Assam,100.0,44.50480568324279,1.0042941337522178,268.97746967071066,40,MEDIUM,['Predicted completion is significantly later than planned.'],Project 618455 is classified as MEDIUM risk because the projected completion date exceeds the planned schedule.
1019,618454,"Earthwork in Formation, Road Work, Construction of Bridges, Blanketing, P. Way Linking works including Supply of P. Way Fittings and Track Ballast in connection with Construction of Railway Siding from Jogighopa Railway Station to MMLP at Jogighopa from Ch. 00 to 3760 on Item Rate basis Package -3, Railway Siding from Jogighopa Railway Station to MMLP",NHIDCL,Assam,93.23,5.788434658558728,0.6117411415479609,272.57769652650825,40,MEDIUM,['Predicted completion is significantly later than planned.'],Project 618454 is classified as MEDIUM risk because the projected completion date exceeds the planned schedule.
1020,618448,Construction of 2-Laning with Paved Shoulder of New Greenfield Alignment From Chochenpheri at Km 52000 to Helipad near Menla at Km 82000 of Rhenock-Menla Spur NH-717B Package-IIIA on EPC Basis under SARDP-NE Phase 'A' in the State of Sikkim.,NHIDCL,Sikkim,64.31,58.149585572791054,-2.3954872121352837,110.48675799086772,40,MEDIUM,['Predicted completion is significantly later than planned.'],Project 618448 is classified as MEDIUM risk because the projected completion date exceeds the planned schedule.
1021,618415,"Improvement of existing road to 2 laning with Hard Shoulders of Maram-Peren section Package-1B, length- 17.660 km from Design Chainage 22.340 km to 40.000 km on NH-129A in the State of Manipur on EPC mode",NHIDCL,Manipur,100.0,0.0,4.2897642811638,238.6861313868613,40,MEDIUM,['Predicted completion is significantly later than planned.'],Project 618415 is classified as MEDIUM risk because the projected completion date exceeds the planned schedule.
1022,400022,Taranga Hill-Abu Road via Ambaji 116.65 km,CAOC/NWR NWR mor,"Multi-States (Gujarat, Rajasthan)",48.0,69.82058613295212,22.11100071479616,0.0905271199388658,40,MEDIUM,"['Predicted cost overrun is high.', 'Expenditure is high compared with physical progress.']",Project 400022 is classified as MEDIUM risk because the predicted total cost is significantly above the baseline and expenditure is high relative to the physical progress achieved.
1023,618411,Melaghar-Srimantapur section on NH-08 Spur from Km 23 to Km 34.500 11.5 Km and overlay from Km 20.30 to Km 22.00 1.7 Km Total Length 13.2 Km,NHIDCL,Tripura,72.48,48.757336055116106,-5.58897677979064,125.01272727272708,40,MEDIUM,['Predicted completion is significantly later than planned.'],Project 618411 is classified as MEDIUM risk because the projected completion date exceeds the planned schedule.
1024,618443,"Construction of Balance Work of the 4-Laning of the Section from Jorhat to Jhanji of NH-37 Old from Km 463.00 to Km 477.000 14.000 Km, under SARDP- NE under EPC Mode in the state of Assam Pkg-II Road Works",NHIDCL,Assam,95.86,0.0,0.2435452969620415,367.5824175824176,40,MEDIUM,['Predicted completion is significantly later than planned.'],Project 618443 is classified as MEDIUM risk because the projected completion date exceeds the planned schedule.
1025,618478,Bangalore Chennai Expressway Phase-III Package II Walajahpet to Arakkonam from Km 180.000 to Km 204.500,NHAI,Tamil Nadu,93.04,53.58514435458365,-8.055329146523222,106.269493844049,40,MEDIUM,['Predicted completion is significantly later than planned.'],Project 618478 is classified as MEDIUM risk because the projected completion date exceeds the planned schedule.
1026,618477,Bangalore Chennai Expressway Phase-III Package I Gudipala to Walajajhpet from Km 156.000 to Km 180.000,NHAI,"Multi-States (Andhra Pradesh, Tamil Nadu)",99.02,50.39173476755722,-0.2618380829628408,112.91108071135432,40,MEDIUM,['Predicted completion is significantly later than planned.'],Project 618477 is classified as MEDIUM risk because the projected completion date exceeds the planned schedule.
1027,618476,Bangalore Chennai Expressway Phase-II Pkg-III from km.127.000 to Km 156.000 Bangarupalem to Gudipala section,NHAI,Andhra Pradesh,99.46,61.721131504338004,3.051921013550507,91.54582763337892,40,MEDIUM,['Predicted completion is significantly later than planned.'],Project 618476 is classified as MEDIUM risk because the projected completion date exceeds the planned schedule.
1028,618475,Bangalore Chennai Expressway Phase-II Pkg-II from km.96.000 to Km 127.000 Baireddypalle to Bangarupalem section,NHAI,Andhra Pradesh,94.24,52.291565281549744,1.0670044426304657,64.9562243502053,40,MEDIUM,['Predicted completion is significantly later than planned.'],Project 618475 is classified as MEDIUM risk because the projected completion date exceeds the planned schedule.
1029,618472,Vadodara Mumbai Expressway Phase II - Pkg XVI [Km. 43.000 to Km. 69.800 of Spur] Amne - Bhoj,NHAI,Maharashtra,95.5,23.512759761093836,2.8053284959770703,96.88000000000024,40,MEDIUM,['Predicted completion is significantly later than planned.'],Project 618472 is classified as MEDIUM risk because the projected completion date exceeds the planned schedule.
1030,602535,"Ratle HE Project - 850 MW, Ratle Hydroelectric Power Corporation Limited.",National Hydroelectric Power Corporation Limited [NHPC],Jammu and Kashmir,31.53,31.14594258927591,0.2923187313752624,62.01742627345822,40,MEDIUM,['Predicted completion is significantly later than planned.'],Project 602535 is classified as MEDIUM risk because the projected completion date exceeds the planned schedule.
1031,400093,Saryu Nahar CADWM Project,Irrigation & Water Resources-UP,Uttar Pradesh,1.76,1.3295868954385126,-2.969342978418103,237.4743326488706,40,MEDIUM,['Predicted completion is significantly later than planned.'],Project 400093 is classified as MEDIUM risk because the projected completion date exceeds the planned schedule.
1032,706718,C/o NITB Imphal Airport,Airport Authority of India [AAI],Manipur,53.14,42.519038076152306,0.0344288577154118,130.8727770177836,40,MEDIUM,['Predicted completion is significantly later than planned.'],Project 706718 is classified as MEDIUM risk because the projected completion date exceeds the planned schedule.
1033,705941,Bangalore Suburban Railway Project,Karnataka Rail Infrastructure Development Company Limited [K-RIDE],Karnataka,20.02,20.790194710471237,1.9122001649013671,51.50355239786851,40,MEDIUM,['Predicted completion is significantly later than planned.'],Project 705941 is classified as MEDIUM risk because the projected completion date exceeds the planned schedule.
1034,619114,Indore - Harda Pkg-II [Raghavgarh to Nanasa from km. 29.30 to km. 92.30],NHAI,Madhya Pradesh,40.25,34.161496426292864,2.0969477859660173,82.61780821917813,40,MEDIUM,['Predicted completion is significantly later than planned.'],Project 619114 is classified as MEDIUM risk because the projected completion date exceeds the planned schedule.
1035,705799,Nagpur- Nagbhir Railway Line Gauge Conversion Project,MRIDC,Maharashtra,80.0,105.14285714285714,14.611728571428555,11.34734299516908,40,MEDIUM,['Expenditure is high compared with physical progress.'],Project 705799 is classified as MEDIUM risk because expenditure is high relative to the physical progress achieved.
1036,705794,New Delhi- Howrah Speed Booster[160Kmph] Project,PCE/NCR,"Multi-States (Bihar, Delhi, Jharkhand, Uttar Pradesh, West Bengal)",0.0,1.9002783923552053,0.5943130769610999,50.030432136335975,40,MEDIUM,['Predicted completion is significantly later than planned.'],Project 705794 is classified as MEDIUM risk because the projected completion date exceeds the planned schedule.
1037,547243,BharatNet Phase-II,Department of Telecommunications,PAN India,93.33,93.31287745957529,3.131793821388233,57.64823119083206,40,MEDIUM,['Predicted completion is significantly later than planned.'],Project 547243 is classified as MEDIUM risk because the projected completion date exceeds the planned schedule.
1038,618470,Vadodara Mumbai Expressway Phase II - Pkg XIV [Km. 3.000 to Km. 20.200 of Spur] Shirsad - Akloli,NHAI,Maharashtra,98.0,30.821501950174618,-8.026938152992859,149.8318098720295,40,MEDIUM,['Predicted completion is significantly later than planned.'],Project 618470 is classified as MEDIUM risk because the projected completion date exceeds the planned schedule.
1039,618467,Vadodara Mumbai Expressway Karvad - Jujuwa from Km. 128.000 to Km. 154.600 Phase-I Package-IX,NHAI,Gujarat,21.75,9.079975483487974,-1.6578211913636554,107.8229927007302,40,MEDIUM,['Predicted completion is significantly later than planned.'],Project 618467 is classified as MEDIUM risk because the projected completion date exceeds the planned schedule.
1040,618479,Bangalore Chennai Expressway Phase-III Package III Arakkonam to Kancheepuram from Km 204.500 to Km 230.000,NHAI,Tamil Nadu,53.56,23.667300504884924,-5.559091207133809,173.73142857142878,40,MEDIUM,['Predicted completion is significantly later than planned.'],Project 618479 is classified as MEDIUM risk because the projected completion date exceeds the planned schedule.
1041,618505,Additional Structures on 6LGurgaon-Jaipur Section of NH-48 between KM 42.700 to KM 273.00,NHAI,"Multi-States (Haryana, Rajasthan)",88.9,48.89903329752954,-17.16326530612254,148.35948905109478,40,MEDIUM,['Predicted completion is significantly later than planned.'],Project 618505 is classified as MEDIUM risk because the projected completion date exceeds the planned schedule.
1042,618462,Delhi-Vadodara Greenfield Alignment NH-148N Pkg-31 Ch.824920 to Ch.844382 [Junction near Pratap nagar Village - Junction near Dodka Village],NHAI,Gujarat,100.0,78.89837979147035,2.994066328236788,159.33972602739743,40,MEDIUM,['Predicted completion is significantly later than planned.'],Project 618462 is classified as MEDIUM risk because the projected completion date exceeds the planned schedule.
1043,618594,Balance work of 4L Panvel to Indapur section of NH-66 Old NH- 17 from km 0.000 Panvel to km 42.300 Kasu,NHAI,Maharashtra,98.66,55.83954884482445,-26.944211994421263,115.18793103448266,40,MEDIUM,['Predicted completion is significantly later than planned.'],Project 618594 is classified as MEDIUM risk because the projected completion date exceeds the planned schedule.
1044,618592,"Balance work of 8 nos. of Elephant Underpasses EUPs, 1 no. of Vehicular Underpass VUP, 1 nos. of Light Vehicular Underpass LVUP, 1 nos. of Pedestrian Underpass PUP, 1 nos. of Foot Over Bridge FOB and A2 side approach of Jharpokharia Flyover at Km.215.270 in Baharagora-Singhara section of NH-49",NHAI,Odisha,25.04,17.246756487025948,-22.11224426147711,83.24358974359004,40,MEDIUM,['Predicted completion is significantly later than planned.'],Project 618592 is classified as MEDIUM risk because the projected completion date exceeds the planned schedule.
1045,618590,Durg-Raipur-Arang Package - 2 from km. 44.50 to km. 92.23 near Khatti Village to near Aurang,NHAI,Chhattisgarh,73.96,51.10929603348817,-15.405564347337773,92.59714285714304,40,MEDIUM,['Predicted completion is significantly later than planned.'],Project 618590 is classified as MEDIUM risk because the projected completion date exceeds the planned schedule.
1046,618589,Durg-Raipur Bypass Section Package - 1 from km. 0.00 to km. 44.50 near Tendesara to near Khatti Village,NHAI,Chhattisgarh,75.39,58.18490153172866,-6.921673960612653,84.21477428180575,40,MEDIUM,['Predicted completion is significantly later than planned.'],Project 618589 is classified as MEDIUM risk because the projected completion date exceeds the planned schedule.
1047,400425,MOONIDIH XV SEAM UG,BCCL - CIL,Jharkhand,84.02,65.0466970664976,2.6023311955913164,99.09028530155317,40,MEDIUM,['Predicted completion is significantly later than planned.'],Project 400425 is classified as MEDIUM risk because the projected completion date exceeds the planned schedule.
1048,400382,Rewas Port Project,Reliance Industries Ltd,Maharashtra,88.0,99.99816666666668,3.5292416666666817,102.8571428571428,40,MEDIUM,['Predicted completion is significantly later than planned.'],Project 400382 is classified as MEDIUM risk because the projected completion date exceeds the planned schedule.
1049,706866,Sawaimadhopur - Bypass line 6.98 km Umbrella work PB57/2019-20/NR,CAOC/NWR NWR mor,Rajasthan,72.0,61.86513157894736,-12.356184210526292,57.42203147353385,40,MEDIUM,['Predicted completion is significantly later than planned.'],Project 706866 is classified as MEDIUM risk because the projected completion date exceeds the planned schedule.
1050,706836,Dedicatedtest track for RDSO Phase-2 34 km Umbrella work PB22/2019-20/NR,CAOC/NWR NWR mor,Rajasthan,98.0,125.70858882552207,28.23712533767861,0.0,40,MEDIUM,"['Predicted cost overrun is high.', 'Expenditure is high compared with physical progress.']",Project 706836 is classified as MEDIUM risk because the predicted total cost is significantly above the baseline and expenditure is high relative to the physical progress achieved.
1051,706781,Mumbai Urban Transport Project Phase-III,Mumbai Rail Vikas Corporation Ltd.[MRVC],Maharashtra,75.0,62.85265369507628,3.789834657897124,90.56628392484356,40,MEDIUM,['Predicted completion is significantly later than planned.'],Project 706781 is classified as MEDIUM risk because the projected completion date exceeds the planned schedule.
1052,618588,4L Mitigation Measure structures on CH/MH Border to Wainganga Bridge Section of NH-6 New NH-53,NHAI,Maharashtra,99.79,85.94143343699096,-9.144121131349165,137.9890410958904,40,MEDIUM,['Predicted completion is significantly later than planned.'],Project 618588 is classified as MEDIUM risk because the projected completion date exceeds the planned schedule.
1053,618493,Delhi-Amritsar-Katra Expressway Phase-I Spur-I from Jn. with Kapurthala - Sultanpur Lodhi Road NH-703A near Isharwal village to Jn. with Kapurthala - Tarn Taran road NH-703AA near Goinwal Sahib [Km 24000 to Km 41000 of Amritsar connectivity],NHAI,Punjab,34.79,28.552163049652922,1.6788470508906213,61.26916058394178,40,MEDIUM,['Predicted completion is significantly later than planned.'],Project 618493 is classified as MEDIUM risk because the projected completion date exceeds the planned schedule.
1054,618447,Construction of 2-Laning with Paved Shoulder of New Greenfield Alignment From Helipad near Menla at Km 82000 to Menla at Km 94030 of Rhenock-Menla Spur NH- 717B Package-IIIB on EPC Basis under SARDP-NE Phase 'A' in the State of Sikkim.,NHIDCL,Sikkim,82.64,58.88212372138334,-6.035289819775875,98.6109589041095,40,MEDIUM,['Predicted completion is significantly later than planned.'],Project 618447 is classified as MEDIUM risk because the projected completion date exceeds the planned schedule.
1055,618446,Construction & Upgradation of existing road to 2-lane with paved shoulder from New Rolep Bridge at km 37.600 to Chochenpheri at km 52.00 in the section of Rongli to Chochenpheri of NH 717B Pkg-II C,NHIDCL,Sikkim,79.13,80.09201086295651,-2.06102306351576,78.72536496350394,40,MEDIUM,['Predicted completion is significantly later than planned.'],Project 618446 is classified as MEDIUM risk because the projected completion date exceeds the planned schedule.
1056,618490,Delhi-Amritsar-Katra Expressway Phase-I Pkg-X from Jn. with Jalandhar - Moga road NH-703 to Jn. with Jalandhar-Kapurthala road NH-703A and to Jn. with Kapurthala - Sultanpur Lodhi road NH-703A km 000 to km 24000 to Amritsar connectivity,NHAI,Punjab,62.99,69.99779567769134,2.43162926972629,104.56908344733216,40,MEDIUM,['Predicted completion is significantly later than planned.'],Project 618490 is classified as MEDIUM risk because the projected completion date exceeds the planned schedule.
1057,618484,Delhi-Amritsar-Katra Expressway Phase-I Pkg-III from Junction with Jind-Panipat road NH-352A near Gangana village to Junction with Jind-Karnal road NH-709A near Alewa village Km 60800 to Km 91400,National Highways Authority of India [NHAI],Haryana,79.08,39.32215629999938,-1.184614043716116,120.8219178082192,40,MEDIUM,['Predicted completion is significantly later than planned.'],Project 618484 is classified as MEDIUM risk because the projected completion date exceeds the planned schedule.
1058,618481,4L Bangalore-Chennai Expressway from Km. 230.000 to Km. 261.705 of Kanchepuram to Sriperumbudur Section Phase-III/Package-IV,NHAI,Tamil Nadu,89.97,27.383636600632883,-0.5650312142062814,113.31053351573178,40,MEDIUM,['Predicted completion is significantly later than planned.'],Project 618481 is classified as MEDIUM risk because the projected completion date exceeds the planned schedule.
1059,706942,Harmuty-Murkongselek Branch Line Electrification Project,GM/C/ NFR,Assam,0.0,0.0,0.7800185247559291,89.42420681551118,40,MEDIUM,['Predicted completion is significantly later than planned.'],Project 706942 is classified as MEDIUM risk because the projected completion date exceeds the planned schedule.
1060,706940,"Mariani-Jorhat, Tinsukia-Dangri and Makum -TirapTrack Electrification Project",GM/C/ NFR,Assam,0.0,0.0,0.3465949236371362,89.42420681551118,40,MEDIUM,['Predicted completion is significantly later than planned.'],Project 706940 is classified as MEDIUM risk because the projected completion date exceeds the planned schedule.
1061,706922,Guwahati-Dibrugarh via Tinsukia & Simaluguri-Dibrugarh,Central Organisation for Railway Electrification [CORE],Assam,89.0,43.99681027898828,-1.308964913068882,287.140902872777,40,MEDIUM,['Predicted completion is significantly later than planned.'],Project 706922 is classified as MEDIUM risk because the projected completion date exceeds the planned schedule.
1062,706898,Khurda Road - Balangir Electrification of Railway Track Project,Ministry of Railways,Odisha,0.0,0.0,-1.5038302006650672,350.6398537477148,40,MEDIUM,['Predicted completion is significantly later than planned.'],Project 706898 is classified as MEDIUM risk because the projected completion date exceeds the planned schedule.
1063,400275,Tindivanam-Nagari 179.2 km,CAOC/SR SR mor,"Multi-States (Andhra Pradesh, Tamil Nadu)",16.0,32.38281465161113,-0.48668686312311,149.8638059701493,40,MEDIUM,['Predicted completion is significantly later than planned.'],Project 400275 is classified as MEDIUM risk because the projected completion date exceeds the planned schedule.
1064,619113,4L of Padalur - Trichy section from km. 285.00 to km. 325.00 of NH - 45 Pkg VI-C,NHAI,Tamil Nadu,100.0,42.37315581144297,-39.63073047858946,684.2105263157895,40,MEDIUM,['Predicted completion is significantly later than planned.'],Project 619113 is classified as MEDIUM risk because the projected completion date exceeds the planned schedule.
1065,706776,Noapara-Barasat via Bimanbandar - Construction of Metro railway [18 km],"Metro Railway, Kolkata",West Bengal,32.2,69.37101449275363,6.901026915113906,16.13890278472563,40,MEDIUM,['Expenditure is high compared with physical progress.'],Project 706776 is classified as MEDIUM risk because expenditure is high relative to the physical progress achieved.
1066,619112,6L Kantakapalle Sabbavaram Section of NH-130CD Road from Km 445.100 to Km 464.662 Pkg-4,NHAI,Andhra Pradesh,84.6,69.36804369080656,-0.8804922128839392,108.8098495212038,40,MEDIUM,['Predicted completion is significantly later than planned.'],Project 619112 is classified as MEDIUM risk because the projected completion date exceeds the planned schedule.
1067,619111,6L Jakkuva Korlam Section of NH-130CD Road from km 396.800 to km 421.100 Pkg 2,NHAI,Andhra Pradesh,99.83,68.27997287361245,-0.8607036204210116,120.44186046511588,40,MEDIUM,['Predicted completion is significantly later than planned.'],Project 619111 is classified as MEDIUM risk because the projected completion date exceeds the planned schedule.
1068,400162,BLOCK B EXPANSION [3.5 TO 8.0,NCL - CIL,Madhya Pradesh,51.31,54.604439727248156,0.2336213715694188,110.4533233756535,40,MEDIUM,['Predicted completion is significantly later than planned.'],Project 400162 is classified as MEDIUM risk because the projected completion date exceeds the planned schedule.
1069,619127,4L of Greenfield Alignment from Km. 47.000 to Km. 89.210 of Balbhadarpur to Bela Nawda Section of NH-119D,NHAI,Bihar,30.41,34.998055587327,-0.5628365549582978,97.2986301369862,40,MEDIUM,['Predicted completion is significantly later than planned.'],Project 619127 is classified as MEDIUM risk because the projected completion date exceeds the planned schedule.
1070,619126,6L Access Controlled Greenfield Highway from Marripudi Ch. 285500 to Somavarappadu Ch. 314600 of [NH-544G] Package-13,NHAI,Andhra Pradesh,73.0,37.977898628649854,-13.407113814893258,57.767441860465006,40,MEDIUM,['Predicted completion is significantly later than planned.'],Project 619126 is classified as MEDIUM risk because the projected completion date exceeds the planned schedule.
1071,618480,Construction of Trumpet Interchange Connecting Bangalore Chennai Expressway km.261705 to km. 262800 with Maduravoyal to Walajapet Section of NH 48 near Sriperumbudur Toll Plaza at km. 35700,NHAI,Tamil Nadu,38.52,33.82343894186404,-11.235004613964945,113.2614259597808,40,MEDIUM,['Predicted completion is significantly later than planned.'],Project 618480 is classified as MEDIUM risk because the projected completion date exceeds the planned schedule.
1072,618497,Delhi Amritsar Katra Expressway Phase-II Pkg XVIII Development and Upgradation of Four lane Access Control Expressway from Design Chainage KM 530.00 to KM 545.300 Sidhra to Domel Section of NH-44,NHAI,Jammu and Kashmir,70.17,61.536661694597996,-0.4981622844218105,73.98632010943936,40,MEDIUM,['Predicted completion is significantly later than planned.'],Project 618497 is classified as MEDIUM risk because the projected completion date exceeds the planned schedule.
1073,618495,4/6L Access Control Expressway from Design Chainage Km 515.000 to 528.300 Kunjwani to Sidhra Section of NH-44 and from Design Chainage Km 550.900 to Km 566.520 Domel to Katra Section Phase II-Package XVII,NHAI,Jammu and Kashmir,66.74,35.13130712948313,0.9387855213247788,113.80164158686708,40,MEDIUM,['Predicted completion is significantly later than planned.'],Project 618495 is classified as MEDIUM risk because the projected completion date exceeds the planned schedule.
1074,706988,Establishment of new GMC Gondia,"Medical Education, Ministry of Health and Family Welfare",Maharashtra,40.14,60.0,0.4579894179894484,151680.55190538763,40,MEDIUM,['Predicted completion is significantly later than planned.'],Project 706988 is classified as MEDIUM risk because the projected completion date exceeds the planned schedule.
1075,400180,BONJEMEHARI EXPANSION OCP,Eastern Coal Fields Limited [ECL],West Bengal,17.13,17.291399905281434,0.6388065461051912,75.03825463239666,40,MEDIUM,['Predicted completion is significantly later than planned.'],Project 400180 is classified as MEDIUM risk because the projected completion date exceeds the planned schedule.
1076,619125,6L Access Controlled Greenfield Highway from Somavarappadu Ch.314.600 to Muppavaram Ch.343240 of [NH-544G] Package-14,NHAI,Andhra Pradesh,44.56,24.242232086239696,-11.212772896095512,78.52941176470586,40,MEDIUM,['Predicted completion is significantly later than planned.'],Project 619125 is classified as MEDIUM risk because the projected completion date exceeds the planned schedule.
1077,400173,MOHANPUR EXPANSION OC -PHASE I,Eastern Coal Fields Limited [ECL],West Bengal,31.52,17.31853001721054,-0.9304716588488298,51.0873586844809,40,MEDIUM,['Predicted completion is significantly later than planned.'],Project 400173 is classified as MEDIUM risk because the projected completion date exceeds the planned schedule.
1078,400171,2G Ethanol Biorefinery at Bathinda,Hindustan Petroleum Corporation Limited,Punjab,95.9,90.84673504706427,1.769216158034758,138.00894632206752,40,MEDIUM,['Predicted completion is significantly later than planned.'],Project 400171 is classified as MEDIUM risk because the projected completion date exceeds the planned schedule.
1079,400096,Omkareshwar CADWM Project,Water resource-mp,Madhya Pradesh,49.78,32.10356586276597,-0.479825332901431,264.715605749487,40,MEDIUM,['Predicted completion is significantly later than planned.'],Project 400096 is classified as MEDIUM risk because the projected completion date exceeds the planned schedule.
1080,400095,Gosikhurd CADWM Project,Department of water resources-MH - II,Maharashtra,53.93,61.72401274656125,0.2964247778092313,256.56570841889146,40,MEDIUM,['Predicted completion is significantly later than planned.'],Project 400095 is classified as MEDIUM risk because the projected completion date exceeds the planned schedule.
1081,619124,6L Access Controlled Greenfield Highway from Polavaram Ch. 260000 to Marripudi Ch. 285500 of [NH-544G]Package-12,NHAI,Andhra Pradesh,70.2,33.57866424012098,-10.290422727455056,61.56087551299589,40,MEDIUM,['Predicted completion is significantly later than planned.'],Project 619124 is classified as MEDIUM risk because the projected completion date exceeds the planned schedule.
1082,400148,AMADAND OCP[4.0MTY],SECL - CIL,Madhya Pradesh,75.15,37.39073426573426,-9.418579775487649,121.95837897042732,40,MEDIUM,['Predicted completion is significantly later than planned.'],Project 400148 is classified as MEDIUM risk because the projected completion date exceeds the planned schedule.
1083,707410,Integrated Multi Modal Logistics Hub at Nangal Chaudhary in Haryana - Other Trunk Infrastructure Development Phase 1,NICDC,Haryana,60.0,56.356487549148106,-0.2668152031454777,195.42739726027412,40,MEDIUM,['Predicted completion is significantly later than planned.'],Project 707410 is classified as MEDIUM risk because the projected completion date exceeds the planned schedule.
1084,618521,Karaipettai to Walajapet from Km 71.015 to 107.091,NHAI,Tamil Nadu,93.55,80.07201471605066,3.967854300661408,281.0725034199727,40,MEDIUM,['Predicted completion is significantly later than planned.'],Project 618521 is classified as MEDIUM risk because the projected completion date exceeds the planned schedule.
1085,618519,Bangalore Ring Road STRR-NH-948A- Package-I of Phase-III from Belagondapalli TN to TN/KNT border from km 144.480 to 179.969,NHAI,"Multi-States (Karnataka, Tamil Nadu)",92.95,61.630470993226204,-2.979004394244677,77.3036935704513,40,MEDIUM,['Predicted completion is significantly later than planned.'],Project 618519 is classified as MEDIUM risk because the projected completion date exceeds the planned schedule.
1086,618517,4/6L of Bangalore - Pune Section of bypass connecting Dharwad - Hubli from km. 403.80 to km. 433.20,NHAI,Karnataka,83.19,65.5651362087036,-20.95855168708548,61.37923497267765,40,MEDIUM,['Predicted completion is significantly later than planned.'],Project 618517 is classified as MEDIUM risk because the projected completion date exceeds the planned schedule.
1087,618516,6L from Sankeshwar Bypass to MH-KNT Border from Km. 555.017 to Km. 592.853 of NH-48 Pkg-II,NHAI,"Multi-States (Karnataka, Maharashtra)",85.3,85.25815510909483,-11.904118960178584,78.52792990142402,40,MEDIUM,['Predicted completion is significantly later than planned.'],Project 618516 is classified as MEDIUM risk because the projected completion date exceeds the planned schedule.
1088,619123,6L Access Controlled Greenfield Highway from Narayanmpet Ch. 203500 to Chandrasekharpuram Ch. 228000Package-10,NHAI,Andhra Pradesh,66.12,27.450040557481014,-16.303197895927074,67.80984952120401,40,MEDIUM,['Predicted completion is significantly later than planned.'],Project 619123 is classified as MEDIUM risk because the projected completion date exceeds the planned schedule.
1089,617413,Mobile connectivity in Left Wing Extremism [LWE] affected areas-Phase 1 Upgradation,Department of Telecommunications [DoT],"Multi-States (Andhra Pradesh, Bihar, Chhattisgarh, Jharkhand, Madhya Pradesh, Maharashtra, Odisha, Telangana, Uttar Pradesh, West Bengal)",99.31,19.99363260108246,-3.731651278785833,141.12328767123282,40,MEDIUM,['Predicted completion is significantly later than planned.'],Project 617413 is classified as MEDIUM risk because the projected completion date exceeds the planned schedule.
1090,619128,Khammam-Devarapalle Pkg II [4L Access Controlled Greenfield from Somavaram village to Chintagudem village Design Chainage 33604 to 63117],NHAI,Telangana,98.02,85.1131897755692,-1.076504595797226,96.17920656634776,40,MEDIUM,['Predicted completion is significantly later than planned.'],Project 619128 is classified as MEDIUM risk because the projected completion date exceeds the planned schedule.
1091,709837,"Creation of Gas Dehydration Facilities, Tripura Asset",Oil and Natural Gas Corporation Limited [ONGC],Tripura,71.3,38.84297520661157,-24.22170735202782,114.86237373737372,40,MEDIUM,['Predicted completion is significantly later than planned.'],Project 709837 is classified as MEDIUM risk because the projected completion date exceeds the planned schedule.
1092,400013,Saturation 4G mobile coverage of Uncovered Villages through USOF,Department of Telecommunications [DoT],PAN India,87.7,33.14645082839337,-28.8101535187718,137.546362339515,40,MEDIUM,['Predicted completion is significantly later than planned.'],Project 400013 is classified as MEDIUM risk because the projected completion date exceeds the planned schedule.
1093,618576,"6L Standalone Flyovers at Raha, Demow, Borghat, Kathiatali junctions and ROB at Jagiroad on stretches of NH 36 and NH 27",National Highways Authority of India [NHAI],Assam,99.04,75.43722172751558,0.7335707925201014,127.55474452554742,40,MEDIUM,['Predicted completion is significantly later than planned.'],Project 618576 is classified as MEDIUM risk because the projected completion date exceeds the planned schedule.
1094,618570,4L Elevated Highway and at grade improvements at Gopalganj Town from Km. 384.000 to Km. 386.750 on NH-27,National Highways Authority of India [NHAI],Bihar,99.78,69.24470927911048,-16.34573210062367,72.17194570135746,40,MEDIUM,['Predicted completion is significantly later than planned.'],Project 618570 is classified as MEDIUM risk because the projected completion date exceeds the planned schedule.
1095,618566,4L Green Field Northern East side Gorakhpur Bypass 26.616 Kms starting from NH- 29E Chainage 83.308 and end at NH-28 Chainage 285.100,NHAI,Uttar Pradesh,73.78,52.45848488839806,-26.715265605527872,52.14637482900144,40,MEDIUM,['Predicted completion is significantly later than planned.'],Project 618566 is classified as MEDIUM risk because the projected completion date exceeds the planned schedule.
1096,618565,Strengthening of existing 4L Ayodhya Bypass Section from design Km. 121 600 to Km. 144020 of NH 28 New NH 27Pkg-3,NHAI,Uttar Pradesh,81.85,49.32282268021655,-32.04310000949761,77.87934186471664,40,MEDIUM,['Predicted completion is significantly later than planned.'],Project 618565 is classified as MEDIUM risk because the projected completion date exceeds the planned schedule.
1097,618564,6L with PS of Samakhiyali to Santalpur section from km. 339.700 to Km. 430.100 of NH-27,NHAI,Gujarat,64.52,1.8445577180516939,-63.95489007311305,63.17920656634779,40,MEDIUM,['Predicted completion is significantly later than planned.'],Project 618564 is classified as MEDIUM risk because the projected completion date exceeds the planned schedule.
1098,618562,Dindigul Bypass - Samyanallore from km. 373.275 to km. 426.00,National Highways Authority of India [NHAI],Tamil Nadu,100.0,0.24179620034542312,-22.166528497409367,691.6939890710385,40,MEDIUM,['Predicted completion is significantly later than planned.'],Project 618562 is classified as MEDIUM risk because the projected completion date exceeds the planned schedule.
1099,618560,Improvement of Geometrics of Thondupally to Kothur from Km 22.300 to Km 34.14 of NH-44,NHAI,Telangana,17.05,13.665571106761698,-13.99789504782314,129.2745454545459,40,MEDIUM,['Predicted completion is significantly later than planned.'],Project 618560 is classified as MEDIUM risk because the projected completion date exceeds the planned schedule.
1100,400109,Purna Barrage-2 [Ner Dhamana] Medium Irrigation Project,Department of water resources-MH - II,Maharashtra,69.63,81.41898664025375,4.843527067340993,285.5580808080806,40,MEDIUM,['Predicted completion is significantly later than planned.'],Project 400109 is classified as MEDIUM risk because the projected completion date exceeds the planned schedule.
1101,400023,Construction of New BG line between Hassan to Belur [27 Km],South Western Railway [SWR] - II,Karnataka,0.5,0.4579439252336449,-0.9663951935914225,79.4788732394368,40,MEDIUM,['Predicted completion is significantly later than planned.'],Project 400023 is classified as MEDIUM risk because the projected completion date exceeds the planned schedule.
1102,400045,Proposed 6 nos Road Over Bridge [ROB] at different locations under MCL Talcher Under Deposit Scheme.,East Coast Railway [ECoR] - II,Odisha,82.0,41.49833650190114,-1.167538022813728,57.366529774127336,40,MEDIUM,['Predicted completion is significantly later than planned.'],Project 400045 is classified as MEDIUM risk because the projected completion date exceeds the planned schedule.
1103,400081,"National Sports University [NSU], Imphal [Manipur]",Department of Sports & Youth Affairs,Manipur,97.5,63.68881485322184,0.3941222544595656,77.02545068928956,40,MEDIUM,['Predicted completion is significantly later than planned.'],Project 400081 is classified as MEDIUM risk because the projected completion date exceeds the planned schedule.
1104,400087,Redevelopment of Sobhasan Complex,Oil and Natural Gas Corporation Limited [ONGC],Gujarat,95.6,119.9507695087113,46.63386515813603,0.0,40,MEDIUM,"['Predicted cost overrun is high.', 'Expenditure is high compared with physical progress.']",Project 400087 is classified as MEDIUM risk because the predicted total cost is significantly above the baseline and expenditure is high relative to the physical progress achieved.
1105,618512,Tunnel at Khambataki Ghat Section and its approaches from existing Km. 771.730 to existing Km. 782.000,NHAI,Maharashtra,89.2,75.71855396183147,-4.249054606793655,153.46806569343073,40,MEDIUM,['Predicted completion is significantly later than planned.'],Project 618512 is classified as MEDIUM risk because the projected completion date exceeds the planned schedule.
1106,618544,"4L twin tube tunnel including approaches from Digdol to Khuni Nallah North Bound connecting with existing major bridge on NB and South Bound connecting with Tunnel T4 ,Single tube tunnel of Ramban to Banihal Pkg-II of Old NH-1A New NH-44",NHAI,Jammu and Kashmir,87.1,75.24235485458709,-17.994393203363984,97.90481786133977,40,MEDIUM,['Predicted completion is significantly later than planned.'],Project 618544 is classified as MEDIUM risk because the projected completion date exceeds the planned schedule.
1107,618543,4L of twin tube tunnel configuration including approaches from Marog to Digdol from Km.154.210 to Km.158.650 North Bound and from Km.155.940 to Km.160.260 South Bound of Ramban to Banihal Pkg-I of Old NH-1A New NH-44,NHAI,Jammu and Kashmir,30.5,21.237128497989193,-33.103531589764415,73.25091240875919,40,MEDIUM,['Predicted completion is significantly later than planned.'],Project 618543 is classified as MEDIUM risk because the projected completion date exceeds the planned schedule.
1108,619122,Akshardham - DL/UP Border Pkg-01,National Highways Authority of India [NHAI],"Multi-States (Delhi, Uttar Pradesh)",100.0,91.38464866618894,3.236543583780616,59.07221006564538,40,MEDIUM,['Predicted completion is significantly later than planned.'],Project 619122 is classified as MEDIUM risk because the projected completion date exceeds the planned schedule.
1109,618541,4L Ring road/bypass around Srinagar city from km 0.000 to km 42.100 Phase-I,NHAI,Jammu and Kashmir,89.0,62.75051713037164,0.0366614611160393,106.71444201312896,40,MEDIUM,['Predicted completion is significantly later than planned.'],Project 618541 is classified as MEDIUM risk because the projected completion date exceeds the planned schedule.
1110,618532,6L of Aurangabad to Bihar-Jharkhand border Chordaha section from km. 209.827 to Km. 249.525 of NH-19 PKG-02,National Highways Authority of India [NHAI],"Multi-States (Bihar, Jharkhand)",97.92,33.22432316758667,-38.85982134038605,114.28317373461014,40,MEDIUM,['Predicted completion is significantly later than planned.'],Project 618532 is classified as MEDIUM risk because the projected completion date exceeds the planned schedule.
1111,618530,Six Laning of Varanasi to Aurangabad from km. 786.00 to km. 978.40 of Old NH-2,NHAI,"Multi-States (Bihar, Uttar Pradesh)",99.92,88.23591110452992,3.5940689050950687,498.1359649122805,40,MEDIUM,['Predicted completion is significantly later than planned.'],Project 618530 is classified as MEDIUM risk because the projected completion date exceeds the planned schedule.
1112,707058,Establishment of new GMC Rajgarh,"Medical Education, Ministry of Health and Family Welfare",Madhya Pradesh,86.0,55.230769230769226,-0.2697230769230933,158.80077369439076,40,MEDIUM,['Predicted completion is significantly later than planned.'],Project 707058 is classified as MEDIUM risk because the projected completion date exceeds the planned schedule.
1113,619154,Construction of Four Lane Highway from Ghazipur- Ballia-UP/Bihar State Border Greenfield section of NH-31 Package III [from Pindari km 78.150 to Rawalganj Bypass Km 117.120] on EPC Mode in the state of Uttar Pradesh.,NHAI,"Multi-States (Bihar, Uttar Pradesh)",86.11,69.95714763977234,-2.288490123870208,58.15731874145019,40,MEDIUM,['Predicted completion is significantly later than planned.'],Project 619154 is classified as MEDIUM risk because the projected completion date exceeds the planned schedule.
1114,619148,4L of Bhavnagar - Talaja Package-I from Km. 6.945 to Km. 54.990 of Old NH-8E,National Highways Authority of India [NHAI],Gujarat,100.0,4.4852655904728165,-1.8861562336587716,270.5817782656422,40,MEDIUM,['Predicted completion is significantly later than planned.'],Project 619148 is classified as MEDIUM risk because the projected completion date exceeds the planned schedule.
1115,709750,Laying of new 28 inch Desal Water Pipeline and 10 inch Reject Water Pipeline between CPCL Manali Refinery and CPCL Desalination plant at Ennore,Chennai Petroleum Corporation Limited [CPCL],Tamil Nadu,76.9,57.50243902439024,-0.0849756097561456,74.43513957307051,40,MEDIUM,['Predicted completion is significantly later than planned.'],Project 709750 is classified as MEDIUM risk because the projected completion date exceeds the planned schedule.
1116,619147,4L of Bal Works of Mahuva to Kagvadar from 100.450 Km. to 140.470 Km. of NH-8E Pkg- III,National Highways Authority of India [NHAI],Gujarat,99.71,103.53684419977446,4.752404324467637,243.71584699453547,40,MEDIUM,['Predicted completion is significantly later than planned.'],Project 619147 is classified as MEDIUM risk because the projected completion date exceeds the planned schedule.
1117,619104,4L/2L PS of Govindpur Raiganj - Chas - WB border section of from km. 0.00 to km. 56.889 of Old NH-32,National Highways Authority of India [NHAI],"Multi-States (Jharkhand, West Bengal)",99.84,0.5826350195235378,-5.611512306409771,320.95890410958907,40,MEDIUM,['Predicted completion is significantly later than planned.'],Project 619104 is classified as MEDIUM risk because the projected completion date exceeds the planned schedule.
1118,618529,Varanasi Ring Road Pkg-II connecting Sandaha Village km 11.70 / NH-29 with Revasa Village km 818.80 / NH-2,NHAI,Uttar Pradesh,96.86,87.92745931887674,-0.3144734926268268,154.05109489051102,40,MEDIUM,['Predicted completion is significantly later than planned.'],Project 618529 is classified as MEDIUM risk because the projected completion date exceeds the planned schedule.
1119,618500,Construction of 4L Connector from Delhi Meerut Expressway Km 50.000 of Pkg IV to Km 8.520 of NH-235 Pkg-5,NHAI,Uttar Pradesh,78.0,42.07547693246654,0.2998918059165167,128.71819425444608,40,MEDIUM,['Predicted completion is significantly later than planned.'],Project 618500 is classified as MEDIUM risk because the projected completion date exceeds the planned schedule.
1120,400178,DINESH[MAKARDHOKRA-III] OC,WCL - CIL,Maharashtra,40.63,96.2473264631538,19.390020416099528,0.3988394584140202,35,MEDIUM,['Expenditure is high compared with physical progress.'],Project 400178 is classified as MEDIUM risk because expenditure is high relative to the physical progress achieved.
1121,613002,Redevelopment of Chennai Egmore Station,Ministry of Railways,Tamil Nadu,0.0,40.38004750593824,-0.675296912114005,9.783480352846851,35,MEDIUM,['Expenditure is high compared with physical progress.'],Project 613002 is classified as MEDIUM risk because expenditure is high relative to the physical progress achieved.
1122,400035,"Grass Root Rail-fed Depot at Sekerkote, Agartala as resitement of existing Dharmanagar Depot",Indian Oil Corporation Limited [IOCL],Tripura,97.7,82.59298780487804,0.5961585365853477,23.24831649831643,30,MEDIUM,['Predicted completion is significantly later than planned.'],Project 400035 is classified as MEDIUM risk because the projected completion date exceeds the planned schedule.
1123,709841,Old Pipe Line Replacement [OPRP] Group-A,Oil and Natural Gas Corporation Limited [ONGC],Gujarat,94.6,97.22013523666416,3.706409293186196,32.0171115674198,30,MEDIUM,['Predicted completion is significantly later than planned.'],Project 709841 is classified as MEDIUM risk because the projected completion date exceeds the planned schedule.
1124,617915,Upgradation of Dindori-Sagartola-kabichabutra MP-CG border section of NH -45 from km 000Design to km 77.00 Design to Two lane with paved shoulder configration along with one time improvement in 04 nos. of bypaased built-up areas in a total length of 9.1 km in the state of Madhya Pradesh on EPC mode.,MoRTH,Madhya Pradesh,100.0,0.0,-5.891110165886956,40.56497948016424,30,MEDIUM,['Predicted completion is significantly later than planned.'],Project 617915 is classified as MEDIUM risk because the projected completion date exceeds the planned schedule.
1125,619057,Construction of 4-Lane Badarpur Bypass from Design Chainage km 27300 at crossing with NH-6 Old NH-44 Near Siddeswar Pt.-I Village to Design Chainage km 38600 on NH-37 Old NH-44 at Kandigram Chaita Village on Silchar - Churaibari stretch in the State of Assam on EPC Mode under Bharatmala Pariyojana in Economic Corridors Silchar- Churaibari Pkg-3,NHIDCL,Assam,71.09,57.63591404590256,-0.1833838331069303,20.88486842105273,30,MEDIUM,['Predicted completion is significantly later than planned.'],Project 619057 is classified as MEDIUM risk because the projected completion date exceeds the planned schedule.
1126,617899,Widening and Strengthening to 4LPS/2LPS from km 0.000 to 35.800 Kuakhia - Mangalpur section of NH 20 in the state of Odisha on Annual Plan 2021-22,MoRTH,Odisha,56.11,46.61216789812922,-0.4980820625688927,39.83584131326948,30,MEDIUM,['Predicted completion is significantly later than planned.'],Project 617899 is classified as MEDIUM risk because the projected completion date exceeds the planned schedule.
1127,709845,"Revamping of SV Stations, Gas Terminal & Kribhco Terminal",Oil and Natural Gas Corporation Limited [ONGC],Gujarat,70.9,56.12893209448969,26.531349272696858,2.271731190650171,30,MEDIUM,['Predicted cost overrun is high.'],Project 709845 is classified as MEDIUM risk because the predicted total cost is significantly above the baseline.
1128,617837,Siliguri Marketing Terminal [SMT] Capacity Augmentation Project,Numaligarh Refinery Limited,West Bengal,89.0,65.97520661157024,0.2857438016528652,21.1656606304494,30,MEDIUM,['Predicted completion is significantly later than planned.'],Project 617837 is classified as MEDIUM risk because the projected completion date exceeds the planned schedule.
1129,617886,Widening of existing Single lane / Intermediate lane road to 2 lane from Km 101 to Km 125 of NH 61,MoRTH,Nagaland,44.46,0.0,0.6003965107059197,39.31232876712334,30,MEDIUM,['Predicted completion is significantly later than planned.'],Project 617886 is classified as MEDIUM risk because the projected completion date exceeds the planned schedule.
1130,619101,4L Shahpur to Muktainagar from Km. 186.000 to km 216.278 of NH 753L Pkg II of Boregaon Buzurg to Muktainagar,NHAI,"Multi-States (Madhya Pradesh, Maharashtra)",64.0,42.12660164467393,-14.083164403646451,35.11506849315067,30,MEDIUM,['Predicted completion is significantly later than planned.'],Project 619101 is classified as MEDIUM risk because the projected completion date exceeds the planned schedule.
1131,619106,4 Lane with PS from Des. Ch 182.300 to Des. Ch. 228.500 of Belgaum-Hungund- Raichur Section of NH 748 A Package-5,NHAI,Karnataka,40.63,22.367499211826107,-15.891818755035626,32.971232876712094,30,MEDIUM,['Predicted completion is significantly later than planned.'],Project 619106 is classified as MEDIUM risk because the projected completion date exceeds the planned schedule.
1132,619107,4 Lane with PS from Des. Ch 136.100 to Des. Ch. 182.300 of Belgaum-Hungund- Raichur Section of NH-748A Package-4,NHAI,Karnataka,15.0,17.365278593269835,-2.986495451460704,26.217808219177822,30,MEDIUM,['Predicted completion is significantly later than planned.'],Project 619107 is classified as MEDIUM risk because the projected completion date exceeds the planned schedule.
1133,619108,4 Lane with PS from Des. Ch 0.000 to Des. Ch. 43.800 of Belgaum-Hungund-Raichur Section of NH-748A Package-1,NHAI,Karnataka,40.21,33.75790915913331,-7.6421032338907455,22.8123287671234,30,MEDIUM,['Predicted completion is significantly later than planned.'],Project 619108 is classified as MEDIUM risk because the projected completion date exceeds the planned schedule.
1134,617730,600 MW Khavda Solar Power Project,NLC India Limited [NLCIL],Gujarat,62.0,63.64045145914834,1.7078855464124136,26.87945205479461,30,MEDIUM,['Predicted completion is significantly later than planned.'],Project 617730 is classified as MEDIUM risk because the projected completion date exceeds the planned schedule.
1135,709785,Laying of Natural Gas Pipeline from Hazaribagh to Ranchi [HRPL],Indian Oil Corporation Limited [IOCL],Jharkhand,58.4,32.652051269362104,-0.0790815064087075,33.96532846715336,30,MEDIUM,['Predicted completion is significantly later than planned.'],Project 709785 is classified as MEDIUM risk because the projected completion date exceeds the planned schedule.
1136,618609,Construction of 4L Flyover from MES College Junction to Bogmalo Junction on NH- 566 from Km. 7.106 to Km. 10.460 and 4L VUP at Queeny Nagar Junction from Km. 3.330 to Km. 4.550,NHAI,Goa,59.18,36.32417724799171,-21.00902651809628,40.05150214592257,30,MEDIUM,['Predicted completion is significantly later than planned.'],Project 618609 is classified as MEDIUM risk because the projected completion date exceeds the planned schedule.
1137,618393,"Construction for Mitigation Measures of 10 Nos. Landslides, 01 No. Sinking Zones and 1 No. of Minor Bridge in between at Ch. Km 368.00 to Km 433.00 on NH-07 on EPC Mode in Uttarakhand Package-1",NHIDCL,Uttarakhand,99.97,54.37973047812442,1.8327487539228928,38.686131386861305,30,MEDIUM,['Predicted completion is significantly later than planned.'],Project 618393 is classified as MEDIUM risk because the projected completion date exceeds the planned schedule.
1138,618522,Balance Works for six laning of Sriperumbudur to karaipettai section of NH-4 New NH- 48 from 37000 Existing Km 37000 to Km 71015 Existing Km 71000 in Tamilnadu on EPC mode underNHDP Phase-V,NHAI,Tamil Nadu,38.26,32.74880824982975,-2.663245451892137,39.73197492163013,30,MEDIUM,['Predicted completion is significantly later than planned.'],Project 618522 is classified as MEDIUM risk because the projected completion date exceeds the planned schedule.
1139,618515,6L from Belgaum to Sankeshwar Bypass from Km. 515.000 to Km. 555.017 of NH-48 Pkg-I,National Highways Authority of India [NHAI],"Multi-States (Karnataka, Maharashtra)",100.0,79.65321435814236,-9.210619887784889,44.20920043811616,30,MEDIUM,['Predicted completion is significantly later than planned.'],Project 618515 is classified as MEDIUM risk because the projected completion date exceeds the planned schedule.
1140,618498,6L Greenfield Kanpur - Lucknow Expressway Pkg II from km. 28.500 to km. 73.744,National Highways Authority of India [NHAI],Uttar Pradesh,99.8,47.69619187881338,2.892403987764783,40.02192982456141,30,MEDIUM,['Predicted completion is significantly later than planned.'],Project 618498 is classified as MEDIUM risk because the projected completion date exceeds the planned schedule.
1141,618499,6L Elevated Kanpur - Lucknow Exeressway Pkg-1 from Km. 10980 to Km. 28500,NHAI,Uttar Pradesh,100.0,39.06910499052176,-7.92051963060207,44.202043132803645,30,MEDIUM,['Predicted completion is significantly later than planned.'],Project 618499 is classified as MEDIUM risk because the projected completion date exceeds the planned schedule.
1142,618585,6L of Gonde Km. 439.038 to Pimpri Sado Km. 459.905 section of NH-848 Old NH-3,NHAI,Maharashtra,40.5,18.677138155975403,-14.074136743958176,21.552631578947256,30,MEDIUM,['Predicted completion is significantly later than planned.'],Project 618585 is classified as MEDIUM risk because the projected completion date exceeds the planned schedule.
1143,618524,Construction of 6 lane elevated corridor including its approaches from Km. 629880 to Km. 634470 Design Chainage of NH-16 in Ranasthalam Town portion in the state of Andhra Pradesh on EPC Mode under NHO.,NHAI,Andhra Pradesh,39.1,21.641212497092795,-25.51069850376001,22.824657534246533,30,MEDIUM,['Predicted completion is significantly later than planned.'],Project 618524 is classified as MEDIUM risk because the projected completion date exceeds the planned schedule.
1144,707069,Establishment of new GMC Kapurthala,"Medical Education, Ministry of Health and Family Welfare",Punjab,0.0,15.384615384615385,45.50618461538462,0.0,30,MEDIUM,['Predicted cost overrun is high.'],Project 707069 is classified as MEDIUM risk because the predicted total cost is significantly above the baseline.
1145,707070,Establishment of new GMC Hoshiarpur,"Medical Education, Ministry of Health and Family Welfare",Punjab,5.0,0.6276923076923077,24.612430769230777,0.0,30,MEDIUM,['Predicted cost overrun is high.'],Project 707070 is classified as MEDIUM risk because the predicted total cost is significantly above the baseline.
1146,400172,CHITRA EAST OC,ECL - CIL,Jharkhand,53.03,53.69754275375007,-0.0049611860153075,22.490790899241595,30,MEDIUM,['Predicted completion is significantly later than planned.'],Project 400172 is classified as MEDIUM risk because the projected completion date exceeds the planned schedule.
1147,618466,Vadodara Mumbai Expressway Jujuwa - Gandeva from Km. 154.600 to Km. 190.000 Phase-I Package-VIII,NHAI,Gujarat,4.85,5.163474378234017,2.455133220664349,49.805892547660335,30,MEDIUM,['Predicted completion is significantly later than planned.'],Project 618466 is classified as MEDIUM risk because the projected completion date exceeds the planned schedule.
1148,618473,Vadodara Mumbai Expressway Phase II - Pkg XVII [Km. 69.800 to Km. 79.783 of Spur] Bhoj - Morbe,NHAI,Maharashtra,90.73,42.162739735950886,3.9771718854699447,46.62390350877215,30,MEDIUM,['Predicted completion is significantly later than planned.'],Project 618473 is classified as MEDIUM risk because the projected completion date exceeds the planned schedule.
1149,618452,"2-laning of Zorinpui - Longmasu section of NH-502A from km 0.000 to km 28.244 in the State of Mizoram on EPC mode under NHO-NE, stretch of IMBR",NHIDCL,Mizoram,4.71,6.172539489671931,-0.1379292703204069,28.41917808219153,30,MEDIUM,['Predicted completion is significantly later than planned.'],Project 618452 is classified as MEDIUM risk because the projected completion date exceeds the planned schedule.
1150,618414,Construction of Balance work for 2-lane with hard shoulder of Peren- Dimapur section on NH-129A from Design Km 126.775 to Km 146.208 Length 19.433 Km in the state of Nagaland on EPC mode under NHO-TSP Package-II,NHIDCL,Nagaland,96.53,52.64196193718088,0.2834983753675757,41.4500683994528,30,MEDIUM,['Predicted completion is significantly later than planned.'],Project 618414 is classified as MEDIUM risk because the projected completion date exceeds the planned schedule.
1151,617904,Construction of Bypass road to Balangir town from km 72/400 Desing km 0/0 to km 79/800 Design km 11/670 of NH-26 in the State of Odisha.,MoRTH,Odisha,55.0,2.843621743864645,-4.412471731300769,44.40590809628013,30,MEDIUM,['Predicted completion is significantly later than planned.'],Project 617904 is classified as MEDIUM risk because the projected completion date exceeds the planned schedule.
1152,618604,Aroor-Thuravoor Thekku,NHAI,Kerala,91.63,74.194902696829,2.007174256643108,30.4281690140844,30,MEDIUM,['Predicted completion is significantly later than planned.'],Project 618604 is classified as MEDIUM risk because the projected completion date exceeds the planned schedule.
1153,617801,Provision of ICT Augmentation & Bus Reactor at Bhuj-II PS,Power Grid Corporation of India Limited [POWERGRID],Gujarat,7.2,2.9996218241826247,1.4075188228417543,28.310937499999977,30,MEDIUM,['Predicted completion is significantly later than planned.'],Project 617801 is classified as MEDIUM risk because the projected completion date exceeds the planned schedule.
1154,617391,Augmentation of Transformation Capacity at Bhuj-II PS [GIS],Power Grid Corporation of India Limited [POWERGRID],Gujarat,7.2,2.998218271928567,-0.5570050584692983,32.37774294670839,30,MEDIUM,['Predicted completion is significantly later than planned.'],Project 617391 is classified as MEDIUM risk because the projected completion date exceeds the planned schedule.
1155,617405,Jamnagar Transmission Limited,Adani Transmission Limited,Gujarat,24.0,17.45,-1.012530000000004,36.78082191780817,30,MEDIUM,['Predicted completion is significantly later than planned.'],Project 617405 is classified as MEDIUM risk because the projected completion date exceeds the planned schedule.
1156,619134,6L of Ambala-Chandigarh greenfield section from Km. 0.000 to Km. 25.000 with 4L spur to Lalru from Km. 0.000 to Km. 5.828 & spur to PR-7 road from Km. 0.000 to Km. 11.157,NHAI,"Multi-States (Haryana, Punjab)",90.01,77.84315875394418,4.793507790894607,46.9726402188782,30,MEDIUM,['Predicted completion is significantly later than planned.'],Project 619134 is classified as MEDIUM risk because the projected completion date exceeds the planned schedule.
1157,619136,Rehabilitation and Upgradation of Chorma - Bairgania Section of National Highway No 227F to 2 lane with paved shoulders from Design Ch.0.000 to Ch. 34.566,NHAI,Bihar,100.0,55.24083958217362,-6.240921444709965,29.502857142857223,30,MEDIUM,['Predicted completion is significantly later than planned.'],Project 619136 is classified as MEDIUM risk because the projected completion date exceeds the planned schedule.
1158,619141,Construction of four lane access controlled highway from Chillakuru cross road to Turpu KanupurPart 1 of Package - II km 0.000 131.500 of NH - 16 to km 23.770 on New NH-516W including six lane flyover and approaches on NH-16 length km 1.050 and six lane access controlled from Turpu Kanupur to Port South Gate Part 2 of Package - II km 23.770 to km 35.015 on New NH-516W in the state of Andhra Pradesh on HAM Mode under Bharatmala Pariyojana Phase I,NHAI,Andhra Pradesh,55.53,41.53783846331868,-1.4034945614441254,29.00136798905608,30,MEDIUM,['Predicted completion is significantly later than planned.'],Project 619141 is classified as MEDIUM risk because the projected completion date exceeds the planned schedule.
1159,619143,4L Access Controlled Greenfield Highway section on NH-163G Khammam Vijayawada from BrahmanapalliK village at Design Ch. 250.400 Km to Remidicherla village at Design Ch. 280.200 KmPackage-II,NHAI,"Multi-States (Andhra Pradesh, Telangana)",25.78,21.289088509824335,5.543153230590571,11.545205479452044,30,MEDIUM,[],Project 619143 is classified as LOW risk. Progress and expenditure appear to be within normal thresholds.
1160,617326,Implementation of Transmission Systems in the State of Jharkhand consisting of 400/220/132/33 kV transmission lines and substations under Jharkhand Consultancy Project,Power Grid Corporation of India Limited [POWERGRID],Jharkhand,96.4,89.4585425430859,11.852756140588946,6.595293660054617,30,MEDIUM,[],Project 617326 is classified as LOW risk. Progress and expenditure appear to be within normal thresholds.
1161,617957,Construction of Jasra Bypass with four lane paved shoulder configurationfrom Km 379.670 on NH-76New NH-35 to Km 18.00 on NH-27New NH-30 on EPC in the State of Uttar Pradesh.,MoRTH,Uttar Pradesh,91.85,0.0,0.4847478654309968,44.08014571948994,30,MEDIUM,['Predicted completion is significantly later than planned.'],Project 617957 is classified as MEDIUM risk because the projected completion date exceeds the planned schedule.
1162,618967,Upgradation and Strengthening of Chenani to Nashri Section via Patnitop of NH244 from Km 0.000 to Km 39.100,NHAI,Jammu and Kashmir,64.88,59.733613502338514,-12.25560902867208,29.45068493150661,30,MEDIUM,['Predicted completion is significantly later than planned.'],Project 618967 is classified as MEDIUM risk because the projected completion date exceeds the planned schedule.
1163,706775,BharatNet,Department of Telecommunications [DoT],PAN India,99.98,79.87316107283706,-20.126838927162936,24.641369736233216,30,MEDIUM,['Predicted completion is significantly later than planned.'],Project 706775 is classified as MEDIUM risk because the projected completion date exceeds the planned schedule.
1164,400277,Dum Dum Airport-New Garia via Rajarhat-Construction of Metro Railway,RVNL - II,West Bengal,87.0,100.23047746541722,9.852836903168251,13.42917874396122,30,MEDIUM,[],Project 400277 is classified as LOW risk. Progress and expenditure appear to be within normal thresholds.
1165,706835,Belgaum-Dharwad via Kittur [73.10Km],South Western Railway [SWR] - II,Karnataka,0.0,0.023884349465744813,-4.116769327466965,41.1930348258705,30,MEDIUM,['Predicted completion is significantly later than planned.'],Project 706835 is classified as MEDIUM risk because the projected completion date exceeds the planned schedule.
1166,400203,Dharamjaigarh-Korba,Railway,Chhattisgarh,43.7,47.01225225652643,25.41068188018164,0.0,30,MEDIUM,['Predicted cost overrun is high.'],Project 400203 is classified as MEDIUM risk because the predicted total cost is significantly above the baseline.
1167,618385,Rehabilitation and up-gradation of road from design km 25.250 to km 36.460 Total lengh 11.210 km of Kailashahar-Kurti Bridge section on NH-208A to 2-lane with paved shoulder on EPC basis under NHO Package-III- Balance Work,NHIDCL,Tripura,53.14,38.46815341397695,1.403829616465124,29.901098901098923,30,MEDIUM,['Predicted completion is significantly later than planned.'],Project 618385 is classified as MEDIUM risk because the projected completion date exceeds the planned schedule.
1168,618387,Construction of 2-laning with Hard shoulder of Ukhrul Tolloi - Tadubi section of NH- 102A from Design Chainage km 9450 to km 50850 in the State of Manipur on EPC mode under NHO-NE Package-2,NHIDCL,Manipur,80.04,48.119106014024666,0.1868112888183417,37.878082191780834,30,MEDIUM,['Predicted completion is significantly later than planned.'],Project 618387 is classified as MEDIUM risk because the projected completion date exceeds the planned schedule.
1169,618392,"Construction for Mitigation Measures of 5 Nos. Landslides, 5 Nos. Sinking Zones in between Ch. 433.00 to 450.00 BANERPANI VILLAGE on NH-07 on EPC mode in the state of Uttarakhand Package-2",NHIDCL,Uttarakhand,68.45,0.0,-0.5576182406409863,39.22120658135283,30,MEDIUM,['Predicted completion is significantly later than planned.'],Project 618392 is classified as MEDIUM risk because the projected completion date exceeds the planned schedule.
1170,618623,4L Boregaon Buzurg to Shahpur Pkg I of Boregaon Buzurg to Muktainagar of NH 753L,NHAI,Madhya Pradesh,90.1,37.016159588399134,-19.347534183744788,40.046666666666766,30,MEDIUM,['Predicted completion is significantly later than planned.'],Project 618623 is classified as MEDIUM risk because the projected completion date exceeds the planned schedule.
1171,618626,Four laning from Dive Ghat Km. 220.900 to Hadapsar Km. 234.150 of Mohol Alandi section Pkg VI of NH-965,NHAI,Maharashtra,70.01,17.25400234283483,-36.46233160874658,20.23835616438369,30,MEDIUM,['Predicted completion is significantly later than planned.'],Project 618626 is classified as MEDIUM risk because the projected completion date exceeds the planned schedule.
1172,617250,Secondary Emission Control in Converters of SMS-II at Bokaro Steel Plant,Steel Authority of India Limited [SAIL],Jharkhand,55.91,49.95413508424661,-0.0575483995558376,27.11037891268529,30,MEDIUM,['Predicted completion is significantly later than planned.'],Project 617250 is classified as MEDIUM risk because the projected completion date exceeds the planned schedule.
1173,617253,Revamping of old sub-systems of Blast Furnace 3 at Bokaro Steel Plant,Steel Authority of India Limited [SAIL],Jharkhand,98.72,80.36861157603829,0.1510451130745815,49.35837245696394,30,MEDIUM,['Predicted completion is significantly later than planned.'],Project 617253 is classified as MEDIUM risk because the projected completion date exceeds the planned schedule.
1174,617257,Rebuilding of Coke Oven Battery No.6 at Bokaro Steel Plant,Steel Authority of India Limited [SAIL],Jharkhand,68.07,55.3825062568746,-0.5252586440516694,21.73170731707309,30,MEDIUM,['Predicted completion is significantly later than planned.'],Project 617257 is classified as MEDIUM risk because the projected completion date exceeds the planned schedule.
1175,617269,Transmission System for Strengthening to facilitate evacuation of power from Bhadla/Bikaner Complex,Power Grid Corporation of India Limited [POWERGRID],Uttar Pradesh,12.07,5.99595883652084,0.0139561110850947,43.65813528336368,30,MEDIUM,['Predicted completion is significantly later than planned.'],Project 617269 is classified as MEDIUM risk because the projected completion date exceeds the planned schedule.
1176,617271,Eastern Region Expansion Scheme-43 [ERES-43],Power Grid Corporation of India Limited [POWERGRID],"Multi-States (Bihar, Odisha, West Bengal)",29.75,42.0000583617847,-0.1017245907380773,36.07326007326011,30,MEDIUM,['Predicted completion is significantly later than planned.'],Project 617271 is classified as MEDIUM risk because the projected completion date exceeds the planned schedule.
1177,617967,Construction of Rudraprayag tunnel of length 900.30 MTR including approaches and one major bridge on river Alaknanda connecting NH-107/old-109 to NH-07old-58 on EPC mode in the state of Uttarakhand.,MoRTH,Uttarakhand,99.0,43.25075432745752,0.290495474035307,40.67434210526309,30,MEDIUM,['Predicted completion is significantly later than planned.'],Project 617967 is classified as MEDIUM risk because the projected completion date exceeds the planned schedule.
1178,618949,4L of Basukinath- Deoghar Section of NH-114A,NHAI,Jharkhand,90.53,54.08598280897476,2.512104308829378,47.55905152758782,30,MEDIUM,['Predicted completion is significantly later than planned.'],Project 618949 is classified as MEDIUM risk because the projected completion date exceeds the planned schedule.
1179,618954,Umagaon - Saharsa Package - I Combined Umagaon-Kaluahi0.000KM to 21.609Km of NH227LSaharghat-Rahika0.000 Km to 26.130KM of NH227JRahika-Rampatti 0.00 KM to 15.00KM of NH527ABideshwarsthan-Bheja0.000KM to 25.915KM of NH527A.,NHAI,Bihar,23.78,43.739478685853925,10.38873201194674,14.273326015367752,30,MEDIUM,[],Project 618954 is classified as LOW risk. Progress and expenditure appear to be within normal thresholds.
1180,618956,Construction of Major Bridge over Baghmati and Lakhandei River along with Approaches from Design km.16.500 to km.21.500,NHAI,Bihar,26.84,11.469627432510972,-21.426017596248283,22.89254385964928,30,MEDIUM,['Predicted completion is significantly later than planned.'],Project 618956 is classified as MEDIUM risk because the projected completion date exceeds the planned schedule.
1181,618960,4 Lane Inner Ring Road around Allahabad City Pkg-2 Prayagraj Southern Bypass 43.200 - 50.860,NHAI,Uttar Pradesh,44.64,32.594318734528244,-18.08499393833806,39.308871851040486,30,MEDIUM,['Predicted completion is significantly later than planned.'],Project 618960 is classified as MEDIUM risk because the projected completion date exceeds the planned schedule.
1182,617942,Construction of Six lane Elevated Corridor from Km. 508.000 to Km. 513.150 including approaches on NH-66,MoRTH,Goa,99.08,0.0,-1.6529791413338877,21.42191780821933,30,MEDIUM,['Predicted completion is significantly later than planned.'],Project 617942 is classified as MEDIUM risk because the projected completion date exceeds the planned schedule.
1183,618423,Construction of 2-Lane with hard shoulders of Merangkong-Tamlu-Mon MTM Road from existing Km 20.456 to Km 41.065 Design Km. 20 to Km. 40.0 Design Length- 20.000 Km in the State of Nagaland under SARDP-NE Phase-A Pkg-2 Balance work,NHIDCL,Nagaland,100.0,80.22614578988832,2.7534640159415944,45.690834473324216,30,MEDIUM,['Predicted completion is significantly later than planned.'],Project 618423 is classified as MEDIUM risk because the projected completion date exceeds the planned schedule.
1184,705772,Mughalsarai - Allahabad - 3rd line 150 km,CAO/C/NCR NCR mor,Uttar Pradesh,77.0,76.5436013590034,5.238018120045346,5.023277042446315,30,MEDIUM,[],Project 705772 is classified as LOW risk. Progress and expenditure appear to be within normal thresholds.
1185,618367,Improvement and Widening to 2-lane with paved shoulder of road from design Km 72.000 Pati Chhari to design Km 107.654 Harina Total length 35.654 Km on Teliamura to Harina section of NH 208 in the state of Tripura on EPC mode under JICA ODA Loan Phase VI Package-4,NHIDCL,Tripura,9.5,13.79144311459623,-2.032150226991303,24.17534246575357,30,MEDIUM,['Predicted completion is significantly later than planned.'],Project 618367 is classified as MEDIUM risk because the projected completion date exceeds the planned schedule.
1186,618368,Improvement and Widening to 2-lane with paved shoulder of road from design Km 36.000 Rangamati to design Km 72.000 Pati Chhari Total length 36.000 Km on Teliamura to Harina section of NH 208 in the state of Tripura on EPC mode under JICA ODA Loan Phase VI Package-3,NHIDCL,Tripura,14.7,27.312565210910723,2.0622745565658334,26.64794520547937,30,MEDIUM,['Predicted completion is significantly later than planned.'],Project 618368 is classified as MEDIUM risk because the projected completion date exceeds the planned schedule.
1187,618369,Improvement and Widening to 2-lane with paved shoulder of road from existing Km 438.170 Khowai Chowmuhani to existing Km 439.410 South Pulinpur of NH-08 and from design Km 0.000 South Pulinpur to design Km 36.00 near Rangamati of NH 208 on Khowai Teliamura- Harina section Total length 37.24 in the state of Tripura on EPC mode under JICA ODA Loan Phase VI Package-2,NHIDCL,Tripura,60.7,45.93052448988907,-0.131160511860826,22.693150684931418,30,MEDIUM,['Predicted completion is significantly later than planned.'],Project 618369 is classified as MEDIUM risk because the projected completion date exceeds the planned schedule.
1188,618370,Improvement and Widening to 2-lane with paved shoulder of road from Km 101.300 to km 127.319 Total Length 26.019 Km i.e. the Khowai Teliamura-Amarpur-Harina- Sabroom section of NH 208 in the state of Tripura on EPC under JICA ODA Loan Phase VI Package-1,NHIDCL,Tripura,63.15,61.45722358608552,-0.0490295984065845,32.41643835616435,30,MEDIUM,['Predicted completion is significantly later than planned.'],Project 618370 is classified as MEDIUM risk because the projected completion date exceeds the planned schedule.
1189,618375,Improvement/Widening to 2-Lane with Paved Shoulder from design Km 45.760 to Km 63.530 between Shillong-Dawki under JICA ODA Loan assistance Phase-II -Balance work Pkg-4,NHIDCL,Meghalaya,53.43,9.514937936297727,-1.3393863212946868,35.85890410958918,30,MEDIUM,['Predicted completion is significantly later than planned.'],Project 618375 is classified as MEDIUM risk because the projected completion date exceeds the planned schedule.
1190,618631,6L of MH/KN Border Nimbal Village to KN/TS Border Singnodi Village from Km. 162.5 to Km. 203.100 in Raichur of NH-150C Pkg-IV,NHAI,"Multi-States (Karnataka, Telangana)",99.51,56.03075220206304,-0.7957765731165597,49.54385964912299,30,MEDIUM,['Predicted completion is significantly later than planned.'],Project 618631 is classified as MEDIUM risk because the projected completion date exceeds the planned schedule.
1191,618636,Akkalkot MH/KN border New Greenfield corridor from Km 512.000 to Km 548.400 of NH-150C part of Akkalkot KN/TS Border section Package XIV,NHAI,"Multi-States (Karnataka, Maharashtra)",57.62,23.557906255699436,-8.309983585628277,30.743835616438474,30,MEDIUM,['Predicted completion is significantly later than planned.'],Project 618636 is classified as MEDIUM risk because the projected completion date exceeds the planned schedule.
1192,618640,4L of Urga - Pathalgaon from Km. 70.200 to km. 157.745 of NH-130A,NHAI,Chhattisgarh,81.5,49.54893203024808,14.709892539689369,5.532894736842212,30,MEDIUM,[],Project 618640 is classified as LOW risk. Progress and expenditure appear to be within normal thresholds.
1193,706763,Rajkot-Kanalus 111.20 km,CAOCWR WR mor,Gujarat,90.0,102.51439041995967,24.207582964703917,0.0,30,MEDIUM,['Predicted cost overrun is high.'],Project 706763 is classified as MEDIUM risk because the predicted total cost is significantly above the baseline.
1194,705747,Parasnath-Madhuban-Giridih new line,East Central Railway [ECR] - I,Jharkhand,0.1,0.0,0.6271293445274295,44.99178981937606,30,MEDIUM,['Predicted completion is significantly later than planned.'],Project 705747 is classified as MEDIUM risk because the projected completion date exceeds the planned schedule.
1195,602792,Gauge Conversion of Kendri-Dhamtari including Abhanpur - Rajim Branch line 67.20 Kms - 2nd Material Modification to Raipur Titlagarh doubling.,SECR,Chhattisgarh,100.0,38.323654995730145,-0.9632877882152544,37.53644314868806,30,MEDIUM,['Predicted completion is significantly later than planned.'],Project 602792 is classified as MEDIUM risk because the projected completion date exceeds the planned schedule.
1196,618350,Improvement & widening of existing NH-08 to 4-lane with Paved Shoulder from Champak Nagar to Khayerpur section design Km 242500 to Km 261610 in the state of Tripura on EPC basis under NHO-NE,NHIDCL,Tripura,48.3,43.946733864836105,-2.0621293419936477,21.86986301369856,30,MEDIUM,['Predicted completion is significantly later than planned.'],Project 618350 is classified as MEDIUM risk because the projected completion date exceeds the planned schedule.
1197,618354,Wideinig & Upgradation to 2-lanes with paved shoulders road from Tamenglong to Mahur NH-137 in the State of Assam starting from km 96.870 near Jiri River to km 116.550 near Hangrum Package-7 on EPC mode Package7,NHIDCL,Assam,90.36,56.896388842965436,-0.3643159112915363,34.55205479452053,30,MEDIUM,['Predicted completion is significantly later than planned.'],Project 618354 is classified as MEDIUM risk because the projected completion date exceeds the planned schedule.
1198,618649,4 Lane with PS from Des. Ch 228.500 to Des. Ch. 273.400 of Belgaum-Hungund- Raichur Section of NH 748 A Package-6,NHAI,Karnataka,53.8,32.04349396140111,-14.14790354291221,28.09452054794501,30,MEDIUM,['Predicted completion is significantly later than planned.'],Project 618649 is classified as MEDIUM risk because the projected completion date exceeds the planned schedule.
1199,618650,4 Lane with PS from Des. Ch 89.900 to Des. Ch. 136.100 of Belgaum-Hungund- Raichur Section of NH-748A Package-3,NHAI,Karnataka,24.5,22.44226116284185,-7.148808563677791,41.63013698630114,30,MEDIUM,['Predicted completion is significantly later than planned.'],Project 618650 is classified as MEDIUM risk because the projected completion date exceeds the planned schedule.
1200,618651,4 Lane with PS from Des. Ch 43.800 to Des. Ch. 89.900 of Belgaum-Hungund- Raichur Section of NH-748A Package-2,NHAI,Karnataka,58.7,41.638653108104315,-5.573983808163069,22.15099715099729,30,MEDIUM,['Predicted completion is significantly later than planned.'],Project 618651 is classified as MEDIUM risk because the projected completion date exceeds the planned schedule.
1201,618663,i 4L Vidisha to Hinotiya from km 0.000 to Km 27.000 Vidisha Mehulwa-Talbehat Pkg- I Section of NH- 346 and ii 4L Vidisha to Morikori from Km 39.000 to 59.476 section of NH-146,NHAI,Madhya Pradesh,90.04,43.2366740713439,-8.483190054489107,44.7113543091656,30,MEDIUM,['Predicted completion is significantly later than planned.'],Project 618663 is classified as MEDIUM risk because the projected completion date exceeds the planned schedule.
1202,618326,Widening/Improvement to 4-Lane with Paved Shoulder from KM 38500 to Km 51246 Design Chainage 38500 to 50959 with proposed Daboka Bypass of Daboka- Parokhaowa of NH 29 on EPC under NHO-NE Package-1,NHIDCL,Assam,99.7,62.48645720476706,0.1634034979104769,33.10533515731874,30,MEDIUM,['Predicted completion is significantly later than planned.'],Project 618326 is classified as MEDIUM risk because the projected completion date exceeds the planned schedule.
1203,618328,4-Laning of Balance work of Dimapur-Kohima Road from design km 152.490 to km 166.700 Existing km 156.000 to km 172.900 Excluding Dimapur & Kohima Bypass under SARDP-NE Package-III,NHIDCL,Nagaland,84.32,96.42438452520517,1.9596078013429528,46.54172366621081,30,MEDIUM,['Predicted completion is significantly later than planned.'],Project 618328 is classified as MEDIUM risk because the projected completion date exceeds the planned schedule.
1204,602961,Talcher Thermal Power Station Stage III [2 x 660 MW] Expansion,National Thermal Power Corporation [NTPC],Odisha,55.0,59.367261213720326,2.815274722955118,20.63476218438073,30,MEDIUM,['Predicted completion is significantly later than planned.'],Project 602961 is classified as MEDIUM risk because the projected completion date exceeds the planned schedule.
1205,603293,Badam Coal Mining project of NTPC,National Thermal Power Corporation [NTPC],Jharkhand,67.86,87.36454183266932,36.44685258964144,0.0,30,MEDIUM,['Predicted cost overrun is high.'],Project 603293 is classified as MEDIUM risk because the predicted total cost is significantly above the baseline.
1206,604795,CBR 9 MMTPA Project,Chennai Petroleum Corporation Limited [CPCL],Tamil Nadu,10.2,5.115199493350222,2.8632476250791727,28.853177501826146,30,MEDIUM,['Predicted completion is significantly later than planned.'],Project 604795 is classified as MEDIUM risk because the projected completion date exceeds the planned schedule.
1207,605155,Kwar HE Project,National Hydroelectric Power Corporation Limited [NHPC],Jammu and Kashmir,36.52,37.59224236211148,2.7635723312682368,23.28062970568114,30,MEDIUM,['Predicted completion is significantly later than planned.'],Project 605155 is classified as MEDIUM risk because the projected completion date exceeds the planned schedule.
1208,618333,Widening to 2 lane with Paved shoulder of lmphal to Jiribam section of NH-37 from Design Ch. from km 169570 Near Nungkao vlllage under Tamenglong District to km 205974 near Jiribam Bridge under Jiribam district under NHO-NE PKG-7,NHIDCL,Manipur,92.52,56.321037676278685,-0.2507366870132836,47.49384404924772,30,MEDIUM,['Predicted completion is significantly later than planned.'],Project 618333 is classified as MEDIUM risk because the projected completion date exceeds the planned schedule.
1209,618338,Widening to 2-Lane with Paved shoulder of Imphal to Jiribam section of NH-37 from Design Chainage 15.940 km to 33.120 Km Existing Chainage Km 15.946 to Km 33.395 Total length17.180 Km in the State of Manipur on EPC mode PKG-2 - Balance Works & Rectification works,NHIDCL,Manipur,93.1,83.38116224249258,0.2802090806599904,47.04383561643807,30,MEDIUM,['Predicted completion is significantly later than planned.'],Project 618338 is classified as MEDIUM risk because the projected completion date exceeds the planned schedule.
1210,618684,Outer Ring Road of Jabalpur Town from Manegaon to NH-45 Pkg-2,NHAI,Madhya Pradesh,78.75,56.73200619235549,-8.680057998822605,44.84657534246581,30,MEDIUM,['Predicted completion is significantly later than planned.'],Project 618684 is classified as MEDIUM risk because the projected completion date exceeds the planned schedule.
1211,618685,Outer Ring Road of Jabalpur Town from NH45 to Kushner Pkg-3,NHAI,Madhya Pradesh,79.8,60.644835608621214,-11.250043896229252,37.802739726027376,30,MEDIUM,['Predicted completion is significantly later than planned.'],Project 618685 is classified as MEDIUM risk because the projected completion date exceeds the planned schedule.
1212,618686,Outer Ring Road of Jabalpur Town from Kushner to Amjhar Road including Airport Connectivity Pkg-IV,NHAI,Madhya Pradesh,79.63,59.3712272000522,-9.507292720331495,37.01917808219174,30,MEDIUM,['Predicted completion is significantly later than planned.'],Project 618686 is classified as MEDIUM risk because the projected completion date exceeds the planned schedule.
1213,618315,4-Laning of Silchar - Dhanehari section from Existing Chainage km 263800 of NH 37 to km 12920 of NH 306 Design Chainage km 0000 to km 20000 on Silchar - Vairengte - Sairang road in the State of Assam under Bharatmala Pariyojna on EPC mode Package-1,NHIDCL,Assam,59.65,50.29835309093802,-0.5076855756226948,23.03837719298242,30,MEDIUM,['Predicted completion is significantly later than planned.'],Project 618315 is classified as MEDIUM risk because the projected completion date exceeds the planned schedule.
1214,611047,"Construction of NTB complex including apron, taxi track and other associated civil works and electrical & mechanical installations towards Tawi River side at CA Jammu.",Airport Authority of India [AAI],Jammu and Kashmir,58.35,43.0059091911722,-3.1229088544992707,20.08105147864181,30,MEDIUM,['Predicted completion is significantly later than planned.'],Project 611047 is classified as MEDIUM risk because the projected completion date exceeds the planned schedule.
1215,705638,Kumbalam-Turavur - Patch doubling 15.59 km,CAO/CN/ERS SR mor,Kerala,30.0,48.58917589175891,26.445559655596707,0.8002270147558157,30,MEDIUM,['Predicted cost overrun is high.'],Project 705638 is classified as MEDIUM risk because the predicted total cost is significantly above the baseline.
1216,705648,Vijaywada-Gudur 3rd Line,RVNL - II,Andhra Pradesh,96.0,93.38202584911332,1.3594003606853131,23.981712385702387,30,MEDIUM,['Predicted completion is significantly later than planned.'],Project 705648 is classified as MEDIUM risk because the projected completion date exceeds the planned schedule.
1217,705667,Mathura-Jhansi - 3rd line 273.80 km,CMD / RVNL RVNL mor,"Multi-States (Madhya Pradesh, Rajasthan, Uttar Pradesh)",94.0,96.04462338533804,3.621394061399152,42.491980753809166,30,MEDIUM,['Predicted completion is significantly later than planned.'],Project 705667 is classified as MEDIUM risk because the projected completion date exceeds the planned schedule.
1218,705668,Kharagpur-Adityapur - 3rd line 132 km,CMD / RVNL RVNL mor,"Multi-States (Jharkhand, West Bengal)",98.0,101.45938461538462,7.967267692307709,16.009204470742954,30,MEDIUM,[],Project 705668 is classified as LOW risk. Progress and expenditure appear to be within normal thresholds.
1219,619165,Thanamcherla-Jamandlapally 2LPS,NHAI,Telangana,100.0,4.684501636753584,-74.19578959250478,43.042037434795766,30,MEDIUM,['Predicted completion is significantly later than planned.'],Project 619165 is classified as MEDIUM risk because the projected completion date exceeds the planned schedule.
1220,619183,Widening of Existing Road from Intermediate Lane 2-lane to 4-lane Between Km 19.994 to Km 35.180 of NH-848A Rakholi-Khadoli-Velugam Section in U.T. of Dadra and Nagar Haveli and Daman and Diu,MoRTH,Dadra & Nagar Haveli and Daman & Diu,80.0,39.25073210138342,12.735635665959766,8.690951821386712,30,MEDIUM,[],Project 619183 is classified as LOW risk. Progress and expenditure appear to be within normal thresholds.
1221,617214,"South Central Railway- Rail connectivity to Amaravati, Capital of Andhra Pradesh Errupalem- Amaravati- Namburu New line 57 km PB7/WR/2023-24",CAO/C/SCoR SCoR mor,"Multi-States (Andhra Pradesh, Telangana)",0.0,7.570577317573507,-0.0179544788513721,44.46520146520143,30,MEDIUM,['Predicted completion is significantly later than planned.'],Project 617214 is classified as MEDIUM risk because the projected completion date exceeds the planned schedule.
1222,617248,Third Ladle Furnace in Secondary Refinery Unit at IISCO Steel Plant,Steel Authority of India Limited [SAIL],West Bengal,74.55,48.8857694332339,0.0622477627653941,22.880415944540747,30,MEDIUM,['Predicted completion is significantly later than planned.'],Project 617248 is classified as MEDIUM risk because the projected completion date exceeds the planned schedule.
1223,619211,6L of MH/KN Border Nimbal Village to KN/TS Border Singnodi Village from Km. 97.000 to Km. 162.500 in Yadgir of NH-150C Pkg-III,NHAI,Karnataka,73.9,46.76580985413599,-5.8897325034447565,47.86433260393868,30,MEDIUM,['Predicted completion is significantly later than planned.'],Project 619211 is classified as MEDIUM risk because the projected completion date exceeds the planned schedule.
1224,617179,Transmission Scheme for evacuation of Power from Ratle HEP [850 MW] & kiru [624 MW] Part B,Power Grid Corporation of India Limited [POWERGRID],Jammu and Kashmir,1.7,1.7017383348581887,0.3361390667885672,38.84246575342453,30,MEDIUM,['Predicted completion is significantly later than planned.'],Project 617179 is classified as MEDIUM risk because the projected completion date exceeds the planned schedule.
1225,617181,"Augmentation at Fatehgarh-II PS, Fatehgarh-IV PS [Section-II] and Barmer-I PS [POWERGRID Fatehgarh Barmer Augmentation Transmission Limited]",Power Grid Corporation of India Limited [POWERGRID],Rajasthan,17.2,8.0,-0.5077970297029503,28.434375,30,MEDIUM,['Predicted completion is significantly later than planned.'],Project 617181 is classified as MEDIUM risk because the projected completion date exceeds the planned schedule.
1226,617990,Construction of bypass road to Adoni town connecting NH-167 Hagari - Jadcharla road from km.62/700 to 71/400 in Kurnool District in the State of Andhra Pradesh.,MoRTH,Andhra Pradesh,95.94,32.43388429752066,0.0982231404958869,28.325508607198746,30,MEDIUM,['Predicted completion is significantly later than planned.'],Project 617990 is classified as MEDIUM risk because the projected completion date exceeds the planned schedule.
1227,612128,Hostel blocks & dining hall block,"Indian Institute of Technology, Mandi",Himachal Pradesh,93.0,82.9593183727349,-0.9337573502940396,26.008219178082182,30,MEDIUM,['Predicted completion is significantly later than planned.'],Project 612128 is classified as MEDIUM risk because the projected completion date exceeds the planned schedule.
1228,612134,Transmission System for Evacuation of power from Rajasthan REZ Ph-IV [Part-1] [Bikaner Complex] Part A [Bikaner Neemrana Transmission Ltd],Power Grid Corporation of India Limited [POWERGRID],Rajasthan,79.39,82.0,0.3886395275258593,45.09986320109443,30,MEDIUM,['Predicted completion is significantly later than planned.'],Project 612134 is classified as MEDIUM risk because the projected completion date exceeds the planned schedule.
1229,705562,Chhapra-Ballia - Patch doubling 65 km,CAOC/NER NER mor,"Multi-States (Bihar, Uttar Pradesh)",95.0,103.84735202492212,14.677943925233484,15.37313432835823,30,MEDIUM,[],Project 705562 is classified as LOW risk. Progress and expenditure appear to be within normal thresholds.
1230,611927,Kurnool - Setting up facilities for coach midlife rehabilitation workshop,WPO/Patna,Andhra Pradesh,65.0,49.34013411328292,0.2101405335997855,41.87388987566607,30,MEDIUM,['Predicted completion is significantly later than planned.'],Project 611927 is classified as MEDIUM risk because the projected completion date exceeds the planned schedule.
1231,611943,New BG line between Naliya - Jakhau Port 24.88 Km,CAOCWR WR mor,Gujarat,5.0,2.8908497050650803,21.237020426071236,0.0,30,MEDIUM,['Predicted cost overrun is high.'],Project 611943 is classified as MEDIUM risk because the predicted total cost is significantly above the baseline.
1232,611945,Petlad-Bhadran 22.5 km,CAOCWR WR mor,Gujarat,32.0,37.35794992022402,29.94822701963471,0.1414879050662927,30,MEDIUM,['Predicted cost overrun is high.'],Project 611945 is classified as MEDIUM risk because the predicted total cost is significantly above the baseline.
1233,705628,Bondamunda - Ranchi 158.50 km,CAO/C/SER SER mor,"Multi-States (Jharkhand, Odisha)",95.0,89.01683724001322,6.492720369758917,12.984878369493766,30,MEDIUM,[],Project 705628 is classified as LOW risk. Progress and expenditure appear to be within normal thresholds.
1234,611452,MUMBAI CENTRAL VIRAR VADODARA AHMEDABAAD TRAIN PROTECTION SYSTEM 500 RKM,Western Railway,"Multi-States (Gujarat, Maharashtra)",93.0,84.70096463022509,-0.6026688102893908,31.32504970178922,30,MEDIUM,['Predicted completion is significantly later than planned.'],Project 611452 is classified as MEDIUM risk because the projected completion date exceeds the planned schedule.
1235,611570,"SITC of ATM Automation System and ASMGCS [Including SMR & MLAT] for Mumbai, Navi Mumbai, Jewar [earlier MOPA, without ASMGCS], HIAL & BIAL",Airport Authority of India [AAI],"Multi-States (Karnataka, Maharashtra, Telangana, Uttar Pradesh)",80.0,79.87731777493605,0.2017663043479024,33.90900562851783,30,MEDIUM,['Predicted completion is significantly later than planned.'],Project 611570 is classified as MEDIUM risk because the projected completion date exceeds the planned schedule.
1236,618697,4LPS Access Controlled Highway of Bellary Bypass Balance work from Ch. 254750 to Ch. 266837 and construction of 4LPS from Ch. 277.690 to Ch. 278.690 at D. Hirehal Village Balance work of NH 150A of Bellary Byrapura Section,NHAI,Karnataka,38.97,18.092362741809236,-42.6222105078194,45.53934191702423,30,MEDIUM,['Predicted completion is significantly later than planned.'],Project 618697 is classified as MEDIUM risk because the projected completion date exceeds the planned schedule.
1237,618306,"Widening/Improvement to 2 lane with earthen shoulder of Choithar to Marrem Khullen section of NH-202 of Imphal Ukhrul Jessami Economic Corridor from Design Chainage km 53.110 to km 95.700 in the State of Manipur on EPC mode under Bharatmala Pariyojana, under NHO-NE Package-5",NHIDCL,Manipur,14.5,30.77386756493219,-0.5123836539312815,20.52765321375187,30,MEDIUM,['Predicted completion is significantly later than planned.'],Project 618306 is classified as MEDIUM risk because the projected completion date exceeds the planned schedule.
1238,618712,6L Access Controlled Greenfield Highway from Kodur Ch. 0000 to Vanavolu Ch. 24300 of [NH-544G] Package-1,NHAI,Andhra Pradesh,87.65,39.20191907463798,-8.327349004315748,49.71135430916562,30,MEDIUM,['Predicted completion is significantly later than planned.'],Project 618712 is classified as MEDIUM risk because the projected completion date exceeds the planned schedule.
1239,618716,6L Access Controlled Greenfield Highway from Vankarakunta Ch. 45700 to Odulapalle Ch. 72000 of [NH-544G]Package-3,NHAI,Andhra Pradesh,77.21,35.373800243728034,-9.341259530068164,47.64931506849331,30,MEDIUM,['Predicted completion is significantly later than planned.'],Project 618716 is classified as MEDIUM risk because the projected completion date exceeds the planned schedule.
1240,618717,6L Access Controlled Greenfield Highway from Vanavolu Ch. 24300 to Vankarakunta Ch. 45700 of [NH-544G] Package-2,NHAI,Andhra Pradesh,87.24,34.815732342403535,-12.516695302406564,45.335616438356325,30,MEDIUM,['Predicted completion is significantly later than planned.'],Project 618717 is classified as MEDIUM risk because the projected completion date exceeds the planned schedule.
1241,618718,6L Access Controlled Greenfield Highway from Kavulakuntla Ch. 196000 to Narayanmpet Ch. 203500Package-09,NHAI,Andhra Pradesh,54.56,22.169422622644618,-11.123834899009372,31.302739726027305,30,MEDIUM,['Predicted completion is significantly later than planned.'],Project 618718 is classified as MEDIUM risk because the projected completion date exceeds the planned schedule.
1242,618728,6L Greenfield Varanasi-Ranchi-Kolkata Highway from junction with NH-19 & Varanasi Ring Road near Rewasa village to junction with Chandauli-Chainpur road near Khainti village from Km. 0.000 to Km. 27.000 - Pkg-1,NHAI,"Multi-States (Bihar, Uttar Pradesh)",47.63,38.99915584732696,2.637237597583267,25.11917808219173,30,MEDIUM,['Predicted completion is significantly later than planned.'],Project 618728 is classified as MEDIUM risk because the projected completion date exceeds the planned schedule.
1243,612781,Rebuilding of COB 4 at Durgapur Steel Plant,Steel Authority of India Limited [SAIL],West Bengal,37.19,26.69997163986998,0.2066362704246875,20.800136892539385,30,MEDIUM,['Predicted completion is significantly later than planned.'],Project 612781 is classified as MEDIUM risk because the projected completion date exceeds the planned schedule.
1244,611967,Transmission Scheme for Solar Energy Zone in Ananthpuram 2500MW and Kurnool 1000MW,Power Grid Corporation of India Limited [POWERGRID],Andhra Pradesh,98.57,97.0,4.720012150668283,34.97264021887835,30,MEDIUM,['Predicted completion is significantly later than planned.'],Project 611967 is classified as MEDIUM risk because the projected completion date exceeds the planned schedule.
1245,611971,Samni-Jambusar 24.08 km,CAOCWR WR mor,Gujarat,40.0,53.779999999999994,26.593457142857137,0.0180555555554653,30,MEDIUM,['Predicted cost overrun is high.'],Project 611971 is classified as MEDIUM risk because the predicted total cost is significantly above the baseline.
1246,611974,Western Railway- Samakhiali-Gandhidham Quadrupiling 53 km PB34/CR/2023-24,CAOCWR WR mor,Gujarat,50.0,52.339860139860136,46.15569930069923,3.1550308008213874,30,MEDIUM,['Predicted cost overrun is high.'],Project 611974 is classified as MEDIUM risk because the predicted total cost is significantly above the baseline.
1247,705765,Gomoh - Flyover for down trains 20 km,CAO/Con/South/MHX ECR mor,Jharkhand,65.0,77.49708454810495,2.7956997084547752,20.11398601398599,30,MEDIUM,['Predicted completion is significantly later than planned.'],Project 705765 is classified as MEDIUM risk because the projected completion date exceeds the planned schedule.
1248,618935,4L Ambala - Kalaamb from Km. -0.800 to Km. 33.015 of old NH-72,National Highways Authority of India [NHAI],"Multi-States (Haryana, Punjab)",100.0,38.22590183323477,2.292185519979621,46.68262653898763,30,MEDIUM,['Predicted completion is significantly later than planned.'],Project 618935 is classified as MEDIUM risk because the projected completion date exceeds the planned schedule.
1249,616856,Doubling between Bhadrachalam Road and Dornakal,South Central Railway [SCR] - II,Telangana,0.06,11.418999636420297,23.259258297408,0.0,30,MEDIUM,['Predicted cost overrun is high.'],Project 616856 is classified as MEDIUM risk because the predicted total cost is significantly above the baseline.
1250,618013,4-laning of Puttaparthi-Koduru Section of NH-342,MoRTH,Andhra Pradesh,90.19,35.193653827194204,0.5881282278798752,46.44550843593254,30,MEDIUM,['Predicted completion is significantly later than planned.'],Project 618013 is classified as MEDIUM risk because the projected completion date exceeds the planned schedule.
1251,618012,"Widening & strengthenlng to 2LPS from km 0,000 to 40.000 Dhaugaon- Podamari section of NH 326 in the State of Odisha under Annual Plan 2021.22.",MoRTH,Odisha,60.0,24.871327471584813,-0.1090499678317546,42.763337893296935,30,MEDIUM,['Predicted completion is significantly later than planned.'],Project 618012 is classified as MEDIUM risk because the projected completion date exceeds the planned schedule.
1252,618919,4L PS from Mandlem Existing Km. 38.000/Design Km.30.600 to Atmakur Existing Km.73.000/Design Km 66.115 of NH340C Package2,National Highways Authority of India [NHAI],Andhra Pradesh,99.94,42.19524839960328,-5.647078712469613,27.41176470588248,30,MEDIUM,['Predicted completion is significantly later than planned.'],Project 618919 is classified as MEDIUM risk because the projected completion date exceeds the planned schedule.
1253,616950,PRP-VIII [Group-A],Oil and Natural Gas Corporation Limited [ONGC],Offshore,60.2,39.60362400906002,-5.134755253554765,28.957528957528964,30,MEDIUM,['Predicted completion is significantly later than planned.'],Project 616950 is classified as MEDIUM risk because the projected completion date exceeds the planned schedule.
1254,612186,350 Bedded [Upgradable to 500 beds] ESI Hospital at Sanand,Employee's State Insurance Company [ESIC],Gujarat,28.0,9.999641654124561,-0.2724503690961196,41.03286384976531,30,MEDIUM,['Predicted completion is significantly later than planned.'],Project 612186 is classified as MEDIUM risk because the projected completion date exceeds the planned schedule.
1255,618914,"4L Elevated Corridor and at-grade improvements from Design Ch0000 to Design Ch 19870 of Danapur Bihta Section, Design Ch0000 to Design Ch0231 connecting the existing RoB near Danapur station ,1.35 Km ramps and at-grade improvements to 4- lane section on Danapur side and Upgradation of existing Two lane carriageway to Four Lane carriageway from Design Ch19870 to Design Ch23500 of Bihta - Koilwar section",NHAI,Bihar,63.91,35.600286038479844,-28.233073988770503,36.33041575492326,30,MEDIUM,['Predicted completion is significantly later than planned.'],Project 618914 is classified as MEDIUM risk because the projected completion date exceeds the planned schedule.
1256,612213,"Construction of 200 Bedded ESIC Hospital at Butibori, Nagpur, Maharashtra.",Employee's State Insurance Company [ESIC],Maharashtra,67.0,59.62140255476325,0.6246857846407317,38.72718978102171,30,MEDIUM,['Predicted completion is significantly later than planned.'],Project 612213 is classified as MEDIUM risk because the projected completion date exceeds the planned schedule.
1257,618738,6L Bridge and its approaches across River Ganga as Part of Patna Ring Road NH- 131G starting from Km 8.480 near Sherpur to Km 23.000 near Dighwara,NHAI,Bihar,22.05,11.669201756602758,-26.3800966036153,30.127310061601627,30,MEDIUM,['Predicted completion is significantly later than planned.'],Project 618738 is classified as MEDIUM risk because the projected completion date exceeds the planned schedule.
1258,618282,4-L Bilasipara-Guwahati Package-10,NHIDCL,Assam,64.48,50.04269112182781,0.0015732468968626,29.444687842278437,30,MEDIUM,['Predicted completion is significantly later than planned.'],Project 618282 is classified as MEDIUM risk because the projected completion date exceeds the planned schedule.
1259,618283,4-L Bilasipara-Guwahati Package-9,NHIDCL,Assam,59.78,50.533355993881656,-4.85992781948877,27.82037239868585,30,MEDIUM,['Predicted completion is significantly later than planned.'],Project 618283 is classified as MEDIUM risk because the projected completion date exceeds the planned schedule.
1260,618296,Balance work of Construction of 2-lane with hard shoulder of Kohima - Jessami road on NH-29 old NH-150 from existing km 98.380 near Chizami vill. to km120.367 Nagaland/Manipur Border [Design km 95.700 to design km 117.200] [Design Length 21.500 km] in the state of Nagaland Under Bharatmala Pariyojna on EPC Mode Package-V under NHO,NHIDCL,Nagaland,98.39,81.0701330108827,-0.6173821039904502,33.10533515731874,30,MEDIUM,['Predicted completion is significantly later than planned.'],Project 618296 is classified as MEDIUM risk because the projected completion date exceeds the planned schedule.
1261,618297,Construction of 2-lane with hard shoulder of Kohima - Jessami road on NH-29 Old NH- 150 from existing Km 30.474 Near Kidwema road Chakahabama to existing Km 53.220 Near Kikruma Village Design Km 29.60 to Km 51.50 Design length-21.90 Km in the state of Nagaland Under Bharatmala Pariyojna on EPC Mode under NHO Package-II -Balance work,NHIDCL,Nagaland,43.13,0.0,0.9331066078305787,48.0341997264021,30,MEDIUM,['Predicted completion is significantly later than planned.'],Project 618297 is classified as MEDIUM risk because the projected completion date exceeds the planned schedule.
1262,618299,Improvement/Up-gradation of existing 2-Lane Road to 4-Lane Divided Highway from Daili to Kuraopokpi section of Imphal-Kohima road NH-02 Design Chainage from Km 274610 to Km 287000 in the state of Manipur on EPC mode Pkg-4B,NHIDCL,Manipur,76.63,76.6897167075619,1.1948843780205645,35.592321755027434,30,MEDIUM,['Predicted completion is significantly later than planned.'],Project 618299 is classified as MEDIUM risk because the projected completion date exceeds the planned schedule.
1263,612188,"Construction of 200 Bedded [Upgradable to 500 Bedded including 50 beds of SST] ESIC Hospital at Bibewadi, Pune",Employee's State Insurance Company [ESIC],Maharashtra,78.0,79.65055329062317,0.2110425160163545,39.744262295081896,30,MEDIUM,['Predicted completion is significantly later than planned.'],Project 612188 is classified as MEDIUM risk because the projected completion date exceeds the planned schedule.
1264,701126,"Development of Dholera International Greenfield Airport , Gujarat",Airport Authority of India [AAI],Gujarat,88.0,74.05057471264368,14.04509578544064,10.639412997903507,30,MEDIUM,[],Project 701126 is classified as LOW risk. Progress and expenditure appear to be within normal thresholds.
1265,701128,Construction of New Integrated Passenger Terminal Building at Udaipur Airport,Airport Authority of India [AAI],Rajasthan,78.71,66.20293122886133,-0.2952085682074197,22.405405405405517,30,MEDIUM,['Predicted completion is significantly later than planned.'],Project 701128 is classified as MEDIUM risk because the projected completion date exceeds the planned schedule.
1266,618027,Widening to 2LPS from Km 71.00 to 104.00 Existing chainages Sarjapur to Pattadkallu on Bhanapur to Gaddanakeri section NH-367 in the State of Karnataka under NHO on EPC mode under Annual Plan 2022-23 NH-367-KNT-2022-23-972 dated 08.02.2023,MoRTH,Karnataka,90.0,44.46613706745658,0.4981149858624552,34.907853881278534,30,MEDIUM,['Predicted completion is significantly later than planned.'],Project 618027 is classified as MEDIUM risk because the projected completion date exceeds the planned schedule.
1267,618035,Rehabilitation & Upgradation of existing intermediate lane to two Lane with paved shoulder from km. 0.600 Gulganj bypass on NH-34 to km. 43.00 Barna River length 42.400 km. on Gulganj-Amanganj-Pawai-Katni NH43 Extn. in the state of Madhya Pradesh on EPCmode.,MoRTH,Madhya Pradesh,60.14,0.0,-0.2187363834421998,42.64835164835141,30,MEDIUM,['Predicted completion is significantly later than planned.'],Project 618035 is classified as MEDIUM risk because the projected completion date exceeds the planned schedule.
1268,616604,Pollution Abatement works for River Ganga at Hooghly Chinsurah- Municipal Town Interception & Diversion with STP,National Mission for Clean Ganga,West Bengal,94.0,65.94713371679701,0.0501518774638526,44.47048903878596,30,MEDIUM,['Predicted completion is significantly later than planned.'],Project 616604 is classified as MEDIUM risk because the projected completion date exceeds the planned schedule.
1269,612787,Construction of New Domestic Terminal Building and Miscellaneous works at Hubli Airport,Airport Authority of India [AAI],Karnataka,88.5,52.76936998783037,-0.3595968421380386,34.61470588235306,30,MEDIUM,['Predicted completion is significantly later than planned.'],Project 612787 is classified as MEDIUM risk because the projected completion date exceeds the planned schedule.
1270,612788,Construction of New Domestic Terminal Building and Miscellaneous Works at Belagavi Airport.,Airport Authority of India [AAI],Karnataka,97.0,74.73716855326408,-0.5262831446734703,26.4445964432286,30,MEDIUM,['Predicted completion is significantly later than planned.'],Project 612788 is classified as MEDIUM risk because the projected completion date exceeds the planned schedule.
1271,612790,Power System Upgradation Project,Mangalore Refinery and Petrochemicals Limited,Karnataka,90.4,70.48311688311689,-0.0690389610389496,40.994750656167966,30,MEDIUM,['Predicted completion is significantly later than planned.'],Project 612790 is classified as MEDIUM risk because the projected completion date exceeds the planned schedule.
1272,612793,"Widening of basic strip at Western Side of Runway Chainage 80m to 920m i/c slope stabilization Measures [Balance work] of uphill and Improvement of Storm Water Drainage System at Pakyong Airport, Sikkim on design & build basis [EPC] with integrated 10 years maintenance.",Airport Authority of India [AAI],Sikkim,36.14,27.1020231392687,1.7837344552372687,38.25082146768901,30,MEDIUM,['Predicted completion is significantly later than planned.'],Project 612793 is classified as MEDIUM risk because the projected completion date exceeds the planned schedule.
1273,618285,Widening/Improvement to 4 -Lane with Paved Shoulder from Ch. 88.000km to Ch.99.930 km Design Ch.84.100km to Ch.96.000 km of Sagunbashi forest near Nichinta to starting of Krishnai Bypass Section of Bilasipura Guwahati road NH 17 on EPC Package-7,NHIDCL,Assam,100.0,65.09486607142856,0.394461495535744,29.00136798905608,30,MEDIUM,['Predicted completion is significantly later than planned.'],Project 618285 is classified as MEDIUM risk because the projected completion date exceeds the planned schedule.
1274,618250,Construction of 6-Lane Elevated / Extra Dose Cable Bridge on River Ganga parallel to & Western side of Digha-Sonepur Rail cum-Road Bridge of NH 139W in the State of Bihar,MoRTH,Bihar,18.66,0.0,4.837073536850135,21.433150899139942,30,MEDIUM,['Predicted completion is significantly later than planned.'],Project 618250 is classified as MEDIUM risk because the projected completion date exceeds the planned schedule.
1275,618252,"Improvement and Up-gradation to two Lane with Paved Shoulder/Four Lane configuration from existing Km 130.000 to Km 191.000 design km 131.500 to Km 188.735, Design length 57.235 Km of NH-227A near Barhalganj to Mehrauna Ghat in the state of Uttar Pradesh on Hybrid Annuity Model HAM basis",MoRTH,Uttar Pradesh,58.0,0.12317925661318632,23.39753025590498,0.0,30,MEDIUM,['Predicted cost overrun is high.'],Project 618252 is classified as MEDIUM risk because the predicted total cost is significantly above the baseline.
1276,618254,Construction of Paderu bypass Km 0000 to Km 13000 of 2- lane with paved shoulder on NH-516E,MoRTH,Andhra Pradesh,13.0,8.984167246246368,-0.0495438366812054,25.285714285714175,30,MEDIUM,['Predicted completion is significantly later than planned.'],Project 618254 is classified as MEDIUM risk because the projected completion date exceeds the planned schedule.
1277,612834,3rd & 4th line between Sarla - Sason 8 km PB73/2023-24/NR,CAO/C/ECOR ECoR mor,Odisha,88.0,67.30158730158729,0.109007936507946,30.2857142857143,30,MEDIUM,['Predicted completion is significantly later than planned.'],Project 612834 is classified as MEDIUM risk because the projected completion date exceeds the planned schedule.
1278,612851,"Phase 1B - Construction of Academic Block, Hostel, Residential Tower, Directors Residence and External Development works at National Institute of Technology, Delhi Campus on Engineering, Procurement and Construction basis",National Institute of Technology Delhi,Delhi,100.0,100.87858706407988,0.8785870640798844,29.275362318840585,30,MEDIUM,['Predicted completion is significantly later than planned.'],Project 612851 is classified as MEDIUM risk because the projected completion date exceeds the planned schedule.
1279,618305,Widening/Improvement to 2 lane with earthen shoulder of Marrem Khullen to Jessami section of NH-202 of Imphal - Ukhrul - Jessami Economic Corridor from Design Chainage km 95.700 to km 140.180 in the State of Manipur on EPC mode under Bharatmala Pariyojana under NHO-NE Package-6,NHIDCL,Manipur,26.22,40.69700356975444,-0.1640284138028693,30.62191780821924,30,MEDIUM,['Predicted completion is significantly later than planned.'],Project 618305 is classified as MEDIUM risk because the projected completion date exceeds the planned schedule.
1280,612140,Transmission Scheme for Integration of Renewable Energy Zone [Phase II] in Koppal II [Phase A&B] and gadag II[Phase A] in Karnataka [POWERGRID KOPPAL GADAG TRANSMISSION LIMITED],Power Grid Corporation of India Limited [POWERGRID],Karnataka,95.95,92.0,2.405948256467989,35.93296853625166,30,MEDIUM,['Predicted completion is significantly later than planned.'],Project 612140 is classified as MEDIUM risk because the projected completion date exceeds the planned schedule.
1281,612167,"Construction of 350 beds + 50 Super Specialty beds ESIC Hospital Sheelanagar, Visakhapatnam, Andhra Pradesh",Employee's State Insurance Company [ESIC],Andhra Pradesh,95.0,74.52572410024202,-0.009654669893552,35.93544857768064,30,MEDIUM,['Predicted completion is significantly later than planned.'],Project 612167 is classified as MEDIUM risk because the projected completion date exceeds the planned schedule.
1282,616670,Transmission System for evacuation of Power from Rajasthan REZ Ph-IV [Part-4 3.5 GW] Part A [SPV name POWERGRID Ghiror Transmission Limited],Power Grid Corporation of India Limited [POWERGRID],"Multi-States (Rajasthan, Uttar Pradesh)",40.71,33.419945261717416,-0.3009168662333797,26.005479452054946,30,MEDIUM,['Predicted completion is significantly later than planned.'],Project 616670 is classified as MEDIUM risk because the projected completion date exceeds the planned schedule.
1283,701170,AIIMS Rajkot,PMSSY AND Institute of NATIONAL Importance,Gujarat,94.0,67.4041841004184,14.850518828451904,10.455657492354764,30,MEDIUM,[],Project 701170 is classified as LOW risk. Progress and expenditure appear to be within normal thresholds.
1284,618083,Construction of byepass around Lohardaga town of NH-143A in the Sate of Jharkhand under EPC mode.,MoRTH,Jharkhand,5.0,0.5056890012642224,0.0210122498800461,34.317373461012366,30,MEDIUM,['Predicted completion is significantly later than planned.'],Project 618083 is classified as MEDIUM risk because the projected completion date exceeds the planned schedule.
1285,618091,Widening to two lane with paved shoulders from Km 0/000 to Km 45/946 of Nizampet- Narayankhed-bidar section of NH-161B in the state of Telangana under Annual Plan 2021-22 on EPC mode under NHO,MoRTH,Telangana,46.0,29.72630511910796,0.0221256189326536,49.48153214774285,30,MEDIUM,['Predicted completion is significantly later than planned.'],Project 618091 is classified as MEDIUM risk because the projected completion date exceeds the planned schedule.
1286,618062,Dornala to Kunta Junction from Design Chainage Km 244000 to 267990 section of NH-765 Package-2,MoRTH,Andhra Pradesh,99.64,0.0,-0.1742025078624493,44.08014571948994,30,MEDIUM,['Predicted completion is significantly later than planned.'],Project 618062 is classified as MEDIUM risk because the projected completion date exceeds the planned schedule.
1287,618884,Construction of Four Lane Highway from Ghazipur- Ballia-UP/Bihar State Border Greenfield section of NH-31 Package II [from Shahapur km 42.500 to Pindari km 78.150] on EPC Mode in the state of Uttar Pradesh.,NHAI,Uttar Pradesh,98.4,51.95059083453285,-8.823218290764174,43.846785225718335,30,MEDIUM,['Predicted completion is significantly later than planned.'],Project 618884 is classified as MEDIUM risk because the projected completion date exceeds the planned schedule.
1288,618755,4L of left out existing road section from Lalgopalganj Km 161.450 to Nawabganj Km 180.200 in Prayagraj,National Highways Authority of India [NHAI],"Multi-States (Rajasthan, Uttar Pradesh)",100.0,45.40838713721557,-24.050460728389726,29.074850299401277,30,MEDIUM,['Predicted completion is significantly later than planned.'],Project 618755 is classified as MEDIUM risk because the projected completion date exceeds the planned schedule.
1289,618232,Rehabilitation and Upgradation to 2-lane configuration of Karnohal- Kalwahn Section km 181.00 to 208.950 of NH-70 in the State of Himachal Pradesh under Green National Highways Corridor Project GNHCP with the loan assistance of World Bank on EPC mode.Package-2,MoRTH,Himachal Pradesh,58.0,30.935537715602894,-14.873380494396208,25.92105263157888,30,MEDIUM,['Predicted completion is significantly later than planned.'],Project 618232 is classified as MEDIUM risk because the projected completion date exceeds the planned schedule.
1290,618242,Widening and Reconstruction to 4-lane/4-lane with service road including structures from Pokharia More at Km 47.600 Ex. Km 50.230 to Govindpur at km 62.949 Ex. Km 65.325 of Nh-419 in the State of Jharkhand on EPC mode.,MoRTH,Jharkhand,54.54,31.345270585102845,-2.435532183984644,47.731874145006856,30,MEDIUM,['Predicted completion is significantly later than planned.'],Project 618242 is classified as MEDIUM risk because the projected completion date exceeds the planned schedule.
1291,618768,Four laning of Agra-Aligarh Section from Km. 0.000 Junction of NH-34 Aligarh Km 144.60 to Km. 28.000 near Asroi village in Hathras of NH-509 Package-I,NHAI,Uttar Pradesh,3.96,23.686864057200477,-1.6524123812142697,23.636114911080487,30,MEDIUM,['Predicted completion is significantly later than planned.'],Project 618768 is classified as MEDIUM risk because the projected completion date exceeds the planned schedule.
1292,618772,6L of Kumarajapet to Veera Kaveri Raja Puram from km 43.800 to km 61.380 of NH- 716B Pkg-II,NHAI,"Multi-States (Andhra Pradesh, Tamil Nadu)",99.8,57.7649034902921,4.165091385298681,45.63611491108068,30,MEDIUM,['Predicted completion is significantly later than planned.'],Project 618772 is classified as MEDIUM risk because the projected completion date exceeds the planned schedule.
1293,618216,"Improvement/construction of existing CL-5 Road to NH Intermediate lane specification with hard shoulder from Km 133.000 to 166.000 net Length 33.000 kms of NH-505 Sumdo-Kaza-Gramphoo road in the state of Himachal Pradesh on EPC mode under project Deepak, BRO",MoRTH,Himachal Pradesh,23.24,13.619605291693773,-0.1008458035132952,33.26735459662294,30,MEDIUM,['Predicted completion is significantly later than planned.'],Project 618216 is classified as MEDIUM risk because the projected completion date exceeds the planned schedule.
1294,618217,Improvement/construction of existing Class-5 Road to NH Intermediate lane specification with hard shoulder from existing Km 76/340 to 134/940 Design chainage from Km 76/300 to 133/000 net Length 56.700 kms of NH-505 Sumdo-Kaza- Gramphoo road in the state of Himachal Pradesh Package I,MoRTH,Himachal Pradesh,62.28,29.64057584135761,-11.876251310897104,39.75091240875911,30,MEDIUM,['Predicted completion is significantly later than planned.'],Project 618217 is classified as MEDIUM risk because the projected completion date exceeds the planned schedule.
1295,613793,SHYAMSUNDARPUR UG INCLUDING SA,ECL - CIL,West Bengal,16.79,20.014473276129433,1.01081360487968,33.39814814814816,30,MEDIUM,['Predicted completion is significantly later than planned.'],Project 613793 is classified as MEDIUM risk because the projected completion date exceeds the planned schedule.
1296,705429,Rishikesh-Karnaprayag New Rail Line- 125 km,RVNL - II,Uttarakhand,77.5,74.00759890123996,1.349612353348931,36.13624486748798,30,MEDIUM,['Predicted completion is significantly later than planned.'],Project 705429 is classified as MEDIUM risk because the projected completion date exceeds the planned schedule.
1297,612786,"Construction of New Domestic Terminal Building Building and miscellaneous works including maintenance, operations and AICMC at Kadapa Airport",Airport Authority of India [AAI],Andhra Pradesh,80.0,66.33071339927042,1.255876048286988,33.81942544459648,30,MEDIUM,['Predicted completion is significantly later than planned.'],Project 612786 is classified as MEDIUM risk because the projected completion date exceeds the planned schedule.
1298,618103,Rehabilitation and upgradation from Km 22300 to 58635 of MudireddyPalle to Kadapa/Nellore Border via porumamilla Section of NH 167 Two Lane with paved Shoulder in,MoRTH,Andhra Pradesh,90.33,60.40316516882093,0.1804933939633635,21.400365630712788,30,MEDIUM,['Predicted completion is significantly later than planned.'],Project 618103 is classified as MEDIUM risk because the projected completion date exceeds the planned schedule.
1299,618867,4L Kasganj-Badaun Section from Km. 123.100 to Km. 179.500 Pkg-III of NH530B,NHAI,Uttar Pradesh,40.0,29.41551234128545,-11.81837231410932,21.728767123287643,30,MEDIUM,['Predicted completion is significantly later than planned.'],Project 618867 is classified as MEDIUM risk because the projected completion date exceeds the planned schedule.
1300,618872,4L PS from near Hunsur - KR Nagar Junction to near Yalachahalli village KR Nagara - Yelawala Road Junction fcrom Km 169.000 to Km 195.550 of NH-275 Pkg-IV,NHAI,Karnataka,19.58,25.645489103842827,-3.4354981369265305,46.58082191780814,30,MEDIUM,['Predicted completion is significantly later than planned.'],Project 618872 is classified as MEDIUM risk because the projected completion date exceeds the planned schedule.
1301,618873,4L PS from near Yalachahalli village KR Nagara - Yelawala Road junction to Srirangapatna Bypass Near Paschima Vahini from km 195.550 to Km 214.535 of NH- 275 Pkg-V,NHAI,Karnataka,17.36,36.34685042154143,-3.766073968146799,48.239726027397374,30,MEDIUM,['Predicted completion is significantly later than planned.'],Project 618873 is classified as MEDIUM risk because the projected completion date exceeds the planned schedule.
1302,618878,Rehabilitation and Upgradation to 4L configuration & Strengthening of Sihuni to Rajol from Km 51.000 to Km 72.000 of NH-154 Package-IIA,NHAI,Himachal Pradesh,99.18,71.26677671714636,4.635412330438363,49.88372093023269,30,MEDIUM,['Predicted completion is significantly later than planned.'],Project 618878 is classified as MEDIUM risk because the projected completion date exceeds the planned schedule.
1303,618075,Construction of two lane with paved shoulder from existing Km.0.000 to Km.55.610 design km. 0.000 to km. 54.048 of NH-124D,MoRTH,Uttar Pradesh,77.0,24.985432794644026,-7.889360588871742,43.398084815321496,30,MEDIUM,['Predicted completion is significantly later than planned.'],Project 618075 is classified as MEDIUM risk because the projected completion date exceeds the planned schedule.
1304,618080,Improvement to two lane with paved shoulders of BH WB Border Amdabad Manihari section from design Km 0.000 to Km 23.945 of NH 131 A Total length 23.945 Km under EPC mode in the state of Bihar,MoRTH,Bihar,7.5,0.0,-0.3128485294533835,35.510018214936245,30,MEDIUM,['Predicted completion is significantly later than planned.'],Project 618080 is classified as MEDIUM risk because the projected completion date exceeds the planned schedule.
1305,618081,Construction of Mariahu Bypass with four lane paved shoulder configuration Km. 53.540 to Km.59.200 of NH-135A on EPC mode in the state of Uttar Pradesh,MoRTH,Uttar Pradesh,55.0,18.585706462212485,0.7961391018619232,46.29138166894664,30,MEDIUM,['Predicted completion is significantly later than planned.'],Project 618081 is classified as MEDIUM risk because the projected completion date exceeds the planned schedule.
1306,615843,TETARIAKHAR OC,CCL - CIL,Jharkhand,30.06,21.844910591471802,1.0667555020633668,37.34565998972773,30,MEDIUM,['Predicted completion is significantly later than planned.'],Project 615843 is classified as MEDIUM risk because the projected completion date exceeds the planned schedule.
1307,615860,Godavarikhani Coal Mine - 5,Singareni Collieries Company Limited [SCCL],Telangana,71.0,33.11149182920401,1.77250263574065,22.853120600656982,30,MEDIUM,['Predicted completion is significantly later than planned.'],Project 615860 is classified as MEDIUM risk because the projected completion date exceeds the planned schedule.
1308,618169,Construction of Two Lane with paved shoulder highway from Design Ch.0.000 to Ch.49.2OO of NH-731B on EPC Mode,MoRTH,Uttar Pradesh,98.0,42.303727076759664,-3.831203723952573,39.25718194254458,30,MEDIUM,['Predicted completion is significantly later than planned.'],Project 618169 is classified as MEDIUM risk because the projected completion date exceeds the planned schedule.
1309,618171,"Work of Upgradation of Jirapur-Pachore Road including Pachore, Jirapur, Chhapiheda & Khujner Bypasses from 0000 to 58790 Design Length 58.79 Km section of NH-752C to 2LPS in the State of Madhya Pradesh under EPC mode",MoRTH,Madhya Pradesh,57.26,28.05863506195242,-0.241628625705353,48.27633378932955,30,MEDIUM,['Predicted completion is significantly later than planned.'],Project 618171 is classified as MEDIUM risk because the projected completion date exceeds the planned schedule.
1310,618219,Upgradation to 2-lane with Hard shoulder configuration of Suraithota Ch. 29.725 km to Malari Ch. 60.550 km road on NH- 107B under in the state of Uttarakhand.,MoRTH,Uttarakhand,76.67,0.0,-0.0289998633694502,32.175342465753346,30,MEDIUM,['Predicted completion is significantly later than planned.'],Project 618219 is classified as MEDIUM risk because the projected completion date exceeds the planned schedule.
1311,612855,Transmission System for Evacuation of Power from Potential Energy Renewable Zone in Khavda Area of Gujarat under Ph-IV [7GW] Part E2,Power Grid Corporation of India Limited [POWERGRID],Gujarat,82.0,85.00000000000001,4.483213773314227,22.15890410958894,30,MEDIUM,['Predicted completion is significantly later than planned.'],Project 612855 is classified as MEDIUM risk because the projected completion date exceeds the planned schedule.
1312,618221,Rehabilitation and upgradation to 2 lane with paved shoulder from existing chainage Km 166.100 to Km 192.98 design chainage Km 146.700 to Km 162.800 including construction of Bhimber Gali Tunnel Total Length of Tunnel 1.100 Km under 31 BRTF on Akhnoor-Poonch Roads on EPC mode NH-144A Package-VII,MoRTH,Jammu and Kashmir,60.0,0.0,-0.9214172928237242,27.505479452054725,30,MEDIUM,['Predicted completion is significantly later than planned.'],Project 618221 is classified as MEDIUM risk because the projected completion date exceeds the planned schedule.
1313,618202,Construction of 2 lane with paved shoulders Baramulla Bypass Greenfield bypass from existing Ch. Km 47020 to Km 56720 and Design Ch. From 48500 to 62600 Total length 14.100 km on road Srinagar Baramulla Uri NH-01 in the UT of Jammu & Kashmir under Project.Package-III,MoRTH,Jammu and Kashmir,46.8,11.301552754350434,-1.4461876404380467,38.20821917808211,30,MEDIUM,['Predicted completion is significantly later than planned.'],Project 618202 is classified as MEDIUM risk because the projected completion date exceeds the planned schedule.
1314,618207,Widening to 2-lane with Hard Shoulder configuration of Mana Ch. 0.00 to Mana Pass Ch. 50.987 road on NH-07 under Bharatmala Pariyojna in the state of Uttarakhand under Annual Plan 2022-23 length 50.987,MoRTH,Uttarakhand,21.03,0.0,2.9974911143633043,26.145106091718223,30,MEDIUM,['Predicted completion is significantly later than planned.'],Project 618207 is classified as MEDIUM risk because the projected completion date exceeds the planned schedule.
1315,618203,"Construction of 4 lane with paved shoulder Pattan bypass Greenfield bypass from existing Ch. Km 24320 to Km 33760 and Design Ch. from Km 24400 to Km 35300, total length 10.900 km on road SrinagarBaramulla Uri NH-01 in the UT of Jammu & Kashmir under Project BEACON, Border Roads Organization BRO on EPC mode. Package-II",MoRTH,Jammu and Kashmir,57.0,13.46956264473939,-5.8528580610276615,32.759656652360334,30,MEDIUM,['Predicted completion is significantly later than planned.'],Project 618203 is classified as MEDIUM risk because the projected completion date exceeds the planned schedule.
1316,618784,Balance works of 4 lane divided carriageway of Missing Link section of NH-39 Rewa Bypass from junction with NH 30 near Bela to Junction with MPRDC ring road near Silpara on SH 9 design length 13.100 km on EPC Mode under Bharatmala Pariyojana in the State of Madhya Pradesh,NHAI,Madhya Pradesh,84.44,71.231990094552,-7.308250787933376,37.45890410958895,30,MEDIUM,['Predicted completion is significantly later than planned.'],Project 618784 is classified as MEDIUM risk because the projected completion date exceeds the planned schedule.
1317,618790,Construction of four laning of Bakarpur- Manikpur road section starting from village Chitarsenpur km 0000 and terminating at SH-74 near Manikpur 38814 at NH-139W under Bharatmalapariyona,NHAI,Bihar,49.0,44.707776457602456,7.3246412677433135,17.999999999999954,30,MEDIUM,[],Project 618790 is classified as LOW risk. Progress and expenditure appear to be within normal thresholds.
1318,618792,4L Bhiwani-Hansi road section of NH-148B,NHAI,Haryana,99.5,34.26926170662216,-11.799636153146356,34.407660738714256,30,MEDIUM,['Predicted completion is significantly later than planned.'],Project 618792 is classified as MEDIUM risk because the projected completion date exceeds the planned schedule.
1319,618777,4L of Pileru to Kalur Section from Km 55.900 to Km 92.800 & Km 94.500 to Km 95.717 of NH-71Package-II,NHAI,Andhra Pradesh,98.84,13.125109855283974,-4.958982034333388,35.89632545931773,30,MEDIUM,['Predicted completion is significantly later than planned.'],Project 618777 is classified as MEDIUM risk because the projected completion date exceeds the planned schedule.
1320,618178,Widening and strengthening of Gangakhed to Kingaon section of NH-752K in Km 38/750 to 72/304 Flexible Pavement Length33.554 km to 2-lane configuration on EPC mode in the State of Maharashtra.,MoRTH,Maharashtra,72.0,0.0,0.33226778139791,25.02010968921381,30,MEDIUM,['Predicted completion is significantly later than planned.'],Project 618178 is classified as MEDIUM risk because the projected completion date exceeds the planned schedule.
1321,618179,Rehabilitation and Upgradation of Shewali phata to Kalambhir section i.e. Km 0443 to Km 4500 & Nizampur to Chadwel section i.e. Km 13485 to Km 26265 Length16.317 Km excluding 2 Major Bridges with approaches Km 13735 to Km 14095 & Km 19660 to Km 20030 of NH 753B to 2LPS Configuration in the State of Maharashtra on EPC Mode.,MoRTH,Maharashtra,97.0,0.0,1.1444542350479945,24.238615664845007,30,MEDIUM,['Predicted completion is significantly later than planned.'],Project 618179 is classified as MEDIUM risk because the projected completion date exceeds the planned schedule.
1322,615189,MAKARDHOKRA EXPN OC 4.9 MTY,WCL - CIL,Maharashtra,12.2,28.78658081631525,0.4123856633597701,20.54054054054042,30,MEDIUM,['Predicted completion is significantly later than planned.'],Project 615189 is classified as MEDIUM risk because the projected completion date exceeds the planned schedule.
1323,618182,Widening to Two lane with paved shoulders from 106/830 to 158/496 of Yellareddy- Rudrur Section of NH-765D in the state of Telangana on EPC mode under NHO under Annual plan 2022-23,MoRTH,Telangana,68.9,41.425942226134275,0.0201848443625836,29.631506849315222,30,MEDIUM,['Predicted completion is significantly later than planned.'],Project 618182 is classified as MEDIUM risk because the projected completion date exceeds the planned schedule.
1324,705362,"Jaynagar-Bijalpura, incl. extn. Bet, Bijalpura-Bardibas [Nepal]",East Central Railway [ECR] - I,Offshore,75.0,70.88034188034187,1.94639804639812,38.93056246889005,30,MEDIUM,['Predicted completion is significantly later than planned.'],Project 705362 is classified as MEDIUM risk because the projected completion date exceeds the planned schedule.
1325,612916,"Construction of permanent campus of Central University of Gujarat at Village kundhela, Dist. Vadodara, Gujarat.",Central University of Gujarat,Gujarat,86.0,69.75928907730876,0.2397733526281378,32.70651443922096,30,MEDIUM,['Predicted completion is significantly later than planned.'],Project 612916 is classified as MEDIUM risk because the projected completion date exceeds the planned schedule.
1326,618806,Improvement of 4L road to 6L road and 4L dedicated Port Roads for the Port connectivity road from Convent junction to Sheelanagar Junction,NHAI,Andhra Pradesh,79.0,72.00104957798219,-0.612764034461188,44.29001367989067,30,MEDIUM,['Predicted completion is significantly later than planned.'],Project 618806 is classified as MEDIUM risk because the projected completion date exceeds the planned schedule.
1327,618808,6L Elevated Kona Expressway from Km. 0.145 to Km. 7.337 of NH-117,NHAI,West Bengal,39.99,35.724417760770606,0.0601042422643079,35.212486308871924,30,MEDIUM,['Predicted completion is significantly later than planned.'],Project 618808 is classified as MEDIUM risk because the projected completion date exceeds the planned schedule.
1328,618165,Construction of 4-lane highway with paved shoulders from Km 49.155 to Km 74.700 of NH-731A on Hybrid Annuity Mode in the state of Uttar Pradesh,MoRTH,Uttar Pradesh,100.0,0.0,0.3146310256588006,24.722857142856977,30,MEDIUM,['Predicted completion is significantly later than planned.'],Project 618165 is classified as MEDIUM risk because the projected completion date exceeds the planned schedule.
1329,618166,Construction of 4-lane green field highway from Km. 35.000 to Km. 49.155 of NH- 731A with paved shoulders on Hybrid Annuity Mode in the state of Uttar Pradesh,MoRTH,Uttar Pradesh,100.0,0.005733451824671044,0.4759481695956571,39.09302325581399,30,MEDIUM,['Predicted completion is significantly later than planned.'],Project 618166 is classified as MEDIUM risk because the projected completion date exceeds the planned schedule.
1330,701565,Jal Marg Vikas Project,Inland Waterways Authority of India [IWAI],"Multi-States (Bihar, Jharkhand, Uttar Pradesh, West Bengal)",85.1,77.98565144025716,-3.203042177762578,47.15782057303903,30,MEDIUM,['Predicted completion is significantly later than planned.'],Project 701565 is classified as MEDIUM risk because the projected completion date exceeds the planned schedule.
1331,701574,Deepening and Optimization of Inner Harbour facilities including development of Western Dock on BOT basis to handle Cape size vessels,Paradip Port Trust [PPT],Odisha,76.0,75.25452385152248,15.394018564681785,16.413927576601413,30,MEDIUM,[],Project 701574 is classified as LOW risk. Progress and expenditure appear to be within normal thresholds.
1332,618113,"Improvement and up-gradation of NH-227B 84 Kosi Parikrama Marg Package III, from Km.47.800 Gosaiganj to Km.73.300 Bikapur in the State of Uttar Pradesh on EPC basis.",MoRTH,Uttar Pradesh,50.72,13.633348640236745,-0.5865775464733981,20.56102003642977,30,MEDIUM,['Predicted completion is significantly later than planned.'],Project 618113 is classified as MEDIUM risk because the projected completion date exceeds the planned schedule.
1333,618117,Upgradation to 2-Lane with Paved Shoulder from Design Km 36300 to Design Chainage 47918 and from Design Ch 69900 to Design Ch 83940 of NH-248A Natni Ka Bara in the State of Rajasthan on EPC Mode.,MoRTH,Rajasthan,23.0,9.768222609593908,-0.0337658983795701,26.60805860805846,30,MEDIUM,['Predicted completion is significantly later than planned.'],Project 618117 is classified as MEDIUM risk because the projected completion date exceeds the planned schedule.
1334,618093,Up-gradation to 2 lane with Paved shoulder from Charbhuja at Design km 0.00 existing km 150.00 to Neechli Oden Nathdwara at Design ch. Km 88.800 existing km 55.950 of NH-162E on EPC mode.,MoRTH,Rajasthan,0.0,6.564650596949059,-1.7386186085899564,33.10533515731874,30,MEDIUM,['Predicted completion is significantly later than planned.'],Project 618093 is classified as MEDIUM risk because the projected completion date exceeds the planned schedule.
1335,618096,Rehabilitation and Up-gradation to 2 lane road with paved shoulders configuration for the balance work of 13 km length on Helwak-Patan-Karad section Km. 85000 to 133 417 of NH-166E in the state of Maharashtra on EPC mode.,MoRTH,Maharashtra,87.0,33.20473959768531,0.5760264535685826,42.4862888482633,30,MEDIUM,['Predicted completion is significantly later than planned.'],Project 618096 is classified as MEDIUM risk because the projected completion date exceeds the planned schedule.
1336,701657,Tumakuru Node - Phase 1 - Roads and Services Development,NICDC,Karnataka,27.12,19.835351772524547,-4.305727431381816,26.15366972477069,30,MEDIUM,['Predicted completion is significantly later than planned.'],Project 701657 is classified as MEDIUM risk because the projected completion date exceeds the planned schedule.
1337,702632,DMRTS Phase - IV [3 Priority Corridors],Delhi Metro Rail Corporation Limited [DMRC],Delhi,83.46,85.85939519773615,2.980958087912428,29.54299516908233,30,MEDIUM,['Predicted completion is significantly later than planned.'],Project 702632 is classified as MEDIUM risk because the projected completion date exceeds the planned schedule.
1338,615337,Additional Transmission System for evacuation of Power from Bhadla-III PS as part of Rajasthan REZ Phase III Scheme [20 GW] [SPV Name POWERGRID Bhadla-III Power Transmission Limited],Power Grid Corporation of India Limited [POWERGRID],Rajasthan,87.1,70.0,-5.286341463414647,42.59380692167577,30,MEDIUM,['Predicted completion is significantly later than planned.'],Project 615337 is classified as MEDIUM risk because the projected completion date exceeds the planned schedule.
1339,615339,Transmission system for evacuation of power from Rajasthan REZ Ph-IV [Part- 3/6GW] [Bikaner complex] Part A [SPV Name POWERGRID Bikaner IV Transmission Limited],Power Grid Corporation of India Limited [POWERGRID],"Multi-States (Haryana, Punjab, Rajasthan)",33.3,33.0,-0.6120807505445265,21.317808219177927,30,MEDIUM,['Predicted completion is significantly later than planned.'],Project 615339 is classified as MEDIUM risk because the projected completion date exceeds the planned schedule.
1340,615340,TRANSMISSION SYSTEM FOR EVACUATION OF POWER FROM RAJASTHAN REZ PH-IV [PART-3/ 6 GW] [BIKANER COMPLEX] PART B [SPV Name POWERGRID Siwani Transmission Limited],Power Grid Corporation of India Limited [POWERGRID],"Multi-States (Haryana, Rajasthan)",36.53,35.85999626656711,-0.593025947358561,21.58082191780816,30,MEDIUM,['Predicted completion is significantly later than planned.'],Project 615340 is classified as MEDIUM risk because the projected completion date exceeds the planned schedule.
1341,615342,Augmentation of Transformation Capacity at jam Khambhaliya PS [GIS] [SPV Name POWERGRID Jam Khambhaliya Transmission Limited],Power Grid Corporation of India Limited [POWERGRID],Gujarat,33.0,21.999999999999996,-0.1417021276595962,47.70219435736694,30,MEDIUM,['Predicted completion is significantly later than planned.'],Project 615342 is classified as MEDIUM risk because the projected completion date exceeds the planned schedule.
1342,615332,Transmission System for Evacuation of Power from Rajasthan REZ Ph-IV [Part-2 5.5 GW][Jaisalmer/Barmer Complex] Part B [SPV Name POWERGRID Sirohi Transmission Limited],Power Grid Corporation of India Limited [POWERGRID],Rajasthan,56.15,57.99999999999999,2.5651692589203847,27.85753424657514,30,MEDIUM,['Predicted completion is significantly later than planned.'],Project 615332 is classified as MEDIUM risk because the projected completion date exceeds the planned schedule.
1343,615333,Transmission System for Evacuation of Power from Rajasthan REZ Ph-IV [Part-2 5.5 GW] [Jaisalmer/Barmer Complex] Part D [SPV Name POWERGRID Beawar Mandsaur Transmission Limited],Power Grid Corporation of India Limited [POWERGRID],"Multi-States (Madhya Pradesh, Rajasthan)",49.31,50.0,2.690098787606605,20.43972602739741,30,MEDIUM,['Predicted completion is significantly later than planned.'],Project 615333 is classified as MEDIUM risk because the projected completion date exceeds the planned schedule.
1344,615335,Transmission System Strengthening for Interconnections of Bhadla-III & Bikaner III Complex [SPV Name POWERGRID BHADLA BIKANER TRANSMISSION LIMITED],Power Grid Corporation of India Limited [POWERGRID],Rajasthan,57.31,45.49999999999999,1.4850361794500622,26.36438356164365,30,MEDIUM,['Predicted completion is significantly later than planned.'],Project 615335 is classified as MEDIUM risk because the projected completion date exceeds the planned schedule.
1345,705252,Kazipet Wagon Overhauling Project,RVNL,Telangana,0.0,0.0,-0.072571428571431,38.9505119453925,30,MEDIUM,['Predicted completion is significantly later than planned.'],Project 705252 is classified as MEDIUM risk because the projected completion date exceeds the planned schedule.
1346,613800,JAGANNATHPUR OC RCE PROJECT,SECL - CIL,Chhattisgarh,96.15,63.20050490761496,-0.4324794881281733,21.874565560821264,30,MEDIUM,['Predicted completion is significantly later than planned.'],Project 613800 is classified as MEDIUM risk because the projected completion date exceeds the planned schedule.
1347,613801,MAHAMAYA OCP [1.50 MTY],SECL - CIL,Chhattisgarh,54.6,46.00009749914689,-0.2113781504411898,24.01712687871394,30,MEDIUM,['Predicted completion is significantly later than planned.'],Project 613801 is classified as MEDIUM risk because the projected completion date exceeds the planned schedule.
1348,618812,4L Access Controlled Greenfield Section Mancherial Warangal from Puttapaka village at Design Ch. 35.300 Km to Pangidipalle village at Design Ch. 72.350 KmPackage-II,NHAI,Telangana,9.04,18.63494284221618,-2.2423472324297644,21.794520547945307,30,MEDIUM,['Predicted completion is significantly later than planned.'],Project 618812 is classified as MEDIUM risk because the projected completion date exceeds the planned schedule.
1349,618813,4L Access Controlled Greenfield Section Mancherial Warangal from Narva village at Design Ch. 3.834 Km to Puttapaka village at Design Ch. 35.300 Km Package-I,NHAI,Telangana,11.28,14.333717528149656,-1.9219079705647333,23.86986301369869,30,MEDIUM,['Predicted completion is significantly later than planned.'],Project 618813 is classified as MEDIUM risk because the projected completion date exceeds the planned schedule.
1350,618815,4L Access Controlled Greenfield Highway section on NH-163G Warangal-Khammam from Venkatpur village in Warangal District at Design Ch. 150.240 Km to Thallasenkesa village in Mahabubabed District at Design Ch. 189.650 kmPackage-II,NHAI,Telangana,77.65,37.386538320767144,-2.075936973867192,42.9739726027399,30,MEDIUM,['Predicted completion is significantly later than planned.'],Project 618815 is classified as MEDIUM risk because the projected completion date exceeds the planned schedule.
1351,618818,4L Access Controlled Greenfield Highway section on NH-163G Khammam Vijayawada from Remidicherla village at Design Ch. 280.200 Km to Jakkampudi village on NH-16 at Design Ch. 309.909 Km Package-III,NHAI,"Multi-States (Andhra Pradesh, Telangana)",5.8,19.326758111271687,2.5690863145795717,30.77989601386484,30,MEDIUM,['Predicted completion is significantly later than planned.'],Project 618818 is classified as MEDIUM risk because the projected completion date exceeds the planned schedule.
1352,618821,Rehabilitation and Up gradation from 4 to 8 laning of Chandikhole Paradip Section of NH-53 Old NH 5A from Km 18.00 to Km 39.00 in the State of Odisha on HAM mode Package-2,NHAI,Odisha,98.22,46.112312188338564,1.0525709691787095,43.523939808481536,30,MEDIUM,['Predicted completion is significantly later than planned.'],Project 618821 is classified as MEDIUM risk because the projected completion date exceeds the planned schedule.
1353,618822,Rehabilitation and Up gradation from 4 to 8 laning of Chandikhole Paradip Section of NH-53 Old NH 5A from Km.0.00 to Km.18.00Package-1,NHAI,Odisha,96.75,42.89769977739782,-3.2744351603919752,42.42681258549933,30,MEDIUM,['Predicted completion is significantly later than planned.'],Project 618822 is classified as MEDIUM risk because the projected completion date exceeds the planned schedule.
1354,615344,Transmission System for Evacuation of Power from Rajasthan REZ Ph-IV [Part-2 5.5GW] [Jaisalmer/Barmer Complex] Part H1 [POWERGRID KURAWAR TRANSMISSION LIMITED],Power Grid Corporation of India Limited [POWERGRID],Madhya Pradesh,47.9,45.54001088731628,-1.5407757212847013,30.628767123287695,30,MEDIUM,['Predicted completion is significantly later than planned.'],Project 615344 is classified as MEDIUM risk because the projected completion date exceeds the planned schedule.
1355,615345,Transmission System for Evacuation of Power from Potential Renewable Energy Zone in Khavda area of Gujarat under Phase-IV [7GW] Part B [SPV Name POWERGRID South Olpad Transmission Limited],Power Grid Corporation of India Limited [POWERGRID],Gujarat,38.26,44.99999999999999,0.373176668065467,43.62328767123303,30,MEDIUM,['Predicted completion is significantly later than planned.'],Project 615345 is classified as MEDIUM risk because the projected completion date exceeds the planned schedule.
1356,615346,Transmission System for Evacuation of Power from Rajasthan REZ Ph-IV [Part-2 5.5 GW] [Jaisalmer/Barmer Complex] Part C [SPV Name POWERGRID Mandsaur Transmission Limited],Power Grid Corporation of India Limited [POWERGRID],Madhya Pradesh,72.39,60.0,4.76568316100447,24.564383561643687,30,MEDIUM,['Predicted completion is significantly later than planned.'],Project 615346 is classified as MEDIUM risk because the projected completion date exceeds the planned schedule.
1357,702760,Belgavi Improvement in Sewerage System Project,Ministry of Housing & Urban Affairs,Karnataka,80.0,48.85392982240521,0.4747127143119158,44.48051948051948,30,MEDIUM,['Predicted completion is significantly later than planned.'],Project 702760 is classified as MEDIUM risk because the projected completion date exceeds the planned schedule.
1358,618157,Construction of Ater realignment & Bhind bypass Total length. 21.50 km Section of NH-552Extn. to Two lane with paved shoulder configuration in the State of Madhya Pradesh on EPC mode.,MoRTH,Madhya Pradesh,79.0,22.93857380911337,-0.0638970292477635,32.89579524680071,30,MEDIUM,['Predicted completion is significantly later than planned.'],Project 618157 is classified as MEDIUM risk because the projected completion date exceeds the planned schedule.
1359,618828,4L from Km 219.600 Khajuri to Km 260.483 Wyndhamganj on NH-75 Sec-V,National Highways Authority of India [NHAI],"Multi-States (Jharkhand, Uttar Pradesh)",92.02,57.792257516585565,0.7139137759400305,37.80574555403566,30,MEDIUM,['Predicted completion is significantly later than planned.'],Project 618828 is classified as MEDIUM risk because the projected completion date exceeds the planned schedule.
1360,618130,Widening to 2 lane with paved shoulders from 0.00 to 32.970 ofAdilabadto Bela section of NH 353B in the State of Telangana,MoRTH,Telangana,79.07,30.512099731117083,0.0481952252911297,31.54109589041093,30,MEDIUM,['Predicted completion is significantly later than planned.'],Project 618130 is classified as MEDIUM risk because the projected completion date exceeds the planned schedule.
1361,709782,ATF Pipeline from Jawaharlal Nehru Port Trust to Navi Mumbai International Airport,Indian Oil Corporation Limited [IOCL],Maharashtra,98.8,62.296969696969704,-0.2296363636364076,26.55748175182481,30,MEDIUM,['Predicted completion is significantly later than planned.'],Project 709782 is classified as MEDIUM risk because the projected completion date exceeds the planned schedule.
1362,709847,Pipeline Network Project Rudrasagar,Oil and Natural Gas Corporation Limited [ONGC],Assam,55.4,49.64970999729747,-0.0460054466457717,25.831365935919155,30,MEDIUM,['Predicted completion is significantly later than planned.'],Project 709847 is classified as MEDIUM risk because the projected completion date exceeds the planned schedule.
1363,709848,MHN TCPP PGC BGC Project [MTPBP],Oil and Natural Gas Corporation Limited [ONGC],Offshore,95.6,82.86290755328511,15.962583442443478,13.09440559440558,30,MEDIUM,[],Project 709848 is classified as LOW risk. Progress and expenditure appear to be within normal thresholds.
1364,709850,Borholla GGS Life Extension Project [BLEP],Oil and Natural Gas Corporation Limited [ONGC],Assam,63.5,55.85807750377454,-5.444187216909842,24.927029804727567,30,MEDIUM,['Predicted completion is significantly later than planned.'],Project 709850 is classified as MEDIUM risk because the projected completion date exceeds the planned schedule.
1365,709812,Nadiad-Petlad 37.26 km,CAOCWR WR mor,Gujarat,30.0,30.787382823493754,21.5110952350025,0.4837983798377742,30,MEDIUM,['Predicted cost overrun is high.'],Project 709812 is classified as MEDIUM risk because the predicted total cost is significantly above the baseline.
1366,709831,SOURCING OF BAUXITE ARRANGEMENT FOR 5TH STREAM ALUMINA REFINERY FROM SOUTH BLOCK MINING LEASE OF PANCHPATMAILI MINES,National Aluminium Company Limited [NALCO],Odisha,93.18,93.97308488612836,1.3733954451345691,21.21513944223108,30,MEDIUM,['Predicted completion is significantly later than planned.'],Project 709831 is classified as MEDIUM risk because the projected completion date exceeds the planned schedule.
1367,617930,Construction of Bypass on NH-59 from Km 336/350 to 349/910 13.56 km near Berhampur town including 4-lane RoB in the state of Odisha.,MoRTH,Odisha,70.0,30.237635828171015,-0.0571747740428342,24.94675419401881,30,MEDIUM,['Predicted completion is significantly later than planned.'],Project 617930 is classified as MEDIUM risk because the projected completion date exceeds the planned schedule.
1368,619033,"1000 seater Boys hostel, 500 seater Girls hostel, 1.5 MLD Sewage Treatment Plant and Faculty Residence - 72 nos. Flats",NIT Rourkela,Odisha,50.0,26.642207367944913,-0.0219631100166145,32.14285714285724,30,MEDIUM,['Predicted completion is significantly later than planned.'],Project 619033 is classified as MEDIUM risk because the projected completion date exceeds the planned schedule.
1369,619049,Khavda IVA Power Transmission Limited,Adani Transmission Limited,Gujarat,70.0,61.61555555555556,-2.6797444444444207,20.650684931506667,30,MEDIUM,['Predicted completion is significantly later than planned.'],Project 619049 is classified as MEDIUM risk because the projected completion date exceeds the planned schedule.
1370,400121,"Construction of Screening Plant-II for Donimalai and Kumaraswamy Iron Ore Mining Complex of NMDC Limited at Ballari Dt, Karnataka.",National Mineral Development Corporation Limited [NMDC],Karnataka,70.33,62.23661642536147,5.216590170845905,5.260429835651136,30,MEDIUM,[],Project 400121 is classified as LOW risk. Progress and expenditure appear to be within normal thresholds.
1371,709774,Revamping/ Augmentation of facilities at existing port terminal at Mangalore,Indian Oil Corporation Limited [IOCL],Karnataka,85.6,70.76673866090712,4.506933045356468,34.66853146853165,30,MEDIUM,['Predicted completion is significantly later than planned.'],Project 709774 is classified as MEDIUM risk because the projected completion date exceeds the planned schedule.
1372,618556,"Construction of 26 VUPs, Major Bridge, Service Road etc. on Lalitpur-Sagar- Lakhnadon section of NH-44 NS",NHAI,"Multi-States (Madhya Pradesh, Uttar Pradesh)",97.4,86.25640101515219,1.7252932077910048,22.06575342465748,30,MEDIUM,['Predicted completion is significantly later than planned.'],Project 618556 is classified as MEDIUM risk because the projected completion date exceeds the planned schedule.
1373,618537,Construction of Ring Road around Kanpur from Km.000 to Km. 23.325 Chachendi Sachendi I to Maharajpur Package-I,NHAI,Uttar Pradesh,62.15,27.344832501781895,-21.72460727013549,27.54326396495047,30,MEDIUM,['Predicted completion is significantly later than planned.'],Project 618537 is classified as MEDIUM risk because the projected completion date exceeds the planned schedule.
1374,709778,Installation of new Biturox Unit along with allied facilities at Gujarat Refinery,Indian Oil Corporation Limited [IOCL],Gujarat,87.7,66.45648664290718,-1.423741204422999,37.28211009174321,30,MEDIUM,['Predicted completion is significantly later than planned.'],Project 709778 is classified as MEDIUM risk because the projected completion date exceeds the planned schedule.
1375,709779,Capacity Expansion of Digboi Refinery from 0.65 to 1.0 MMTPA,Indian Oil Corporation Limited [IOCL],Assam,60.1,32.66145833333333,-3.7182812500000217,30.859751643535223,30,MEDIUM,['Predicted completion is significantly later than planned.'],Project 709779 is classified as MEDIUM risk because the projected completion date exceeds the planned schedule.
1376,707215,National Maritime Heritage Complex [NMHC] Phase-I,Indian Port Rail & Ropeway Corporation Ltd. [IPRCL],Gujarat,79.87,114.55148342059336,17.49375218150087,0.0,25,MEDIUM,['Expenditure is high compared with physical progress.'],Project 707215 is classified as MEDIUM risk because expenditure is high relative to the physical progress achieved.
1377,400151,NORTH URIMARI EXPANSION OCP,Ministry of Coal,Jharkhand,68.9,94.33075831625415,7.916600977455432,0.0,25,MEDIUM,['Expenditure is high compared with physical progress.'],Project 400151 is classified as MEDIUM risk because expenditure is high relative to the physical progress achieved.
1378,701395,Morna [Gureghar] Irrigation Project,"Department of Water Resources, River Development & GR",Uttar Pradesh,31.5,52.38744884038199,5.789677125966379,2.7680608365019,25,MEDIUM,['Expenditure is high compared with physical progress.'],Project 701395 is classified as MEDIUM risk because expenditure is high relative to the physical progress achieved.
1379,701338,City Gas Distribution Maharashtra Natural Gas Limited,Gas Authority of India Limited [GAIL],Karnataka,47.0,80.9743450767841,7.239766937669422,0.0,25,MEDIUM,['Expenditure is high compared with physical progress.'],Project 701338 is classified as MEDIUM risk because expenditure is high relative to the physical progress achieved.
1380,705436,Kotapalli - Narasapur New Line,South Central Railway [SCR] - II,Andhra Pradesh,30.02,56.68532586965214,6.220475809676122,0.0,25,MEDIUM,['Expenditure is high compared with physical progress.'],Project 705436 is classified as MEDIUM risk because expenditure is high relative to the physical progress achieved.
1381,705385,Pirpainti - Jasidih 97 km,CAOC/ER ER mor,"Multi-States (Bihar, Jharkhand)",40.0,69.49745596868885,13.714254403130964,0.0,25,MEDIUM,['Expenditure is high compared with physical progress.'],Project 705385 is classified as MEDIUM risk because expenditure is high relative to the physical progress achieved.
1382,611754,South Central Railway - Rail road over double line between Guntakal West-Mallapa Gate 9.64 km PB34/CR/2023-24,CAO/C/SCoR SCoR mor,Andhra Pradesh,0.0,31.169451073985684,1.7343675417659594,9.774725274725457,25,MEDIUM,['Expenditure is high compared with physical progress.'],Project 611754 is classified as MEDIUM risk because expenditure is high relative to the physical progress achieved.
1383,705742,Jeypore - Malkangiri 130 km,CAO/C/ECOR ECoR mor,Odisha,6.0,31.424061433447097,5.71397184300355,0.0,25,MEDIUM,['Expenditure is high compared with physical progress.'],Project 705742 is classified as MEDIUM risk because expenditure is high relative to the physical progress achieved.
1384,400165,SUBHADRA OCP,MCL - CIL,Odisha,46.57,78.69064416906264,10.99565476647315,0.0,25,MEDIUM,['Expenditure is high compared with physical progress.'],Project 400165 is classified as MEDIUM risk because expenditure is high relative to the physical progress achieved.
1385,616694,Flyover between Siju & Paradeep coaching yard 7 km PB73/2023-24/NR,CAO/C/ECOR ECoR mor,Odisha,0.0,27.847786023808336,1.5505802659759231,7.639769452449574,25,MEDIUM,['Expenditure is high compared with physical progress.'],Project 616694 is classified as MEDIUM risk because expenditure is high relative to the physical progress achieved.
1386,400271,Wardha-Nanded Via Yavatmal New BG Line,Central Railway [CR] - II,Maharashtra,50.0,87.16777939042089,1.7713817126269853,9.156361281968202,25,MEDIUM,['Expenditure is high compared with physical progress.'],Project 400271 is classified as MEDIUM risk because expenditure is high relative to the physical progress achieved.
1387,611752,Doubling between Gooty-Pendakallu 29.225 km PB73/2023-24/NR,CAO/C/SCoR SCoR mor,Andhra Pradesh,0.0,42.446636159508856,4.5130318619789405,0.3682352941175631,20,LOW,['Expenditure is high compared with physical progress.'],Project 611752 is classified as LOW risk. Progress and expenditure appear to be within normal thresholds.
1388,618348,Balance work of Widening to 2 Two lane with hard shoulder of Churachandpur to Tuivai section of NH-102B from km 130.000 to km 141.029 Package-4B in the State of Manipur on EPC Mode,NHIDCL,Manipur,9.17,55.09113411341134,0.6651102610261015,1.8356164383561453,20,LOW,['Expenditure is high compared with physical progress.'],Project 618348 is classified as LOW risk. Progress and expenditure appear to be within normal thresholds.
1389,617408,NATHDWARA- NATHDWARA TOWN NL,North Western Railway [NWR],Rajasthan,15.0,67.66668670714844,-0.2734924547586521,4.5911654135340125,20,LOW,['Expenditure is high compared with physical progress.'],Project 617408 is classified as LOW risk. Progress and expenditure appear to be within normal thresholds.
1390,701530,Ken-Betwa Linking Development Project,"Department of Water Resources, River Development,","Multi-States (Madhya Pradesh, Uttar Pradesh)",0.0,40.56519258202568,-1.4695915359010656,0.0559249120063558,20,LOW,['Expenditure is high compared with physical progress.'],Project 701530 is classified as LOW risk. Progress and expenditure appear to be within normal thresholds.
1391,400138,CHANDRAGUPT OCP,CCL - CIL,Jharkhand,25.11,79.31381612737545,4.534658448895738,0.0,20,LOW,['Expenditure is high compared with physical progress.'],Project 400138 is classified as LOW risk. Progress and expenditure appear to be within normal thresholds.
1392,618547,2L NH-1 from km 8.660 to km 33.775 Sumbal to Wayul to 4L dual carriageway NH standard as part of Srinagar Ring Road PhaseII [Design Ch. 41.907 to Ch. 66.609],NHAI,Jammu and Kashmir,55.02,49.38085327783559,-21.41753381893865,18.806133625410656,15,LOW,[],Project 618547 is classified as LOW risk. Progress and expenditure appear to be within normal thresholds.
1393,618557,4L of Indora Chowk to Pachpaoli and Agrasen Chowk - Ashoka Chowk,NHAI,Maharashtra,84.0,67.0777020522891,-8.162046128374016,8.161350844277539,15,LOW,[],Project 618557 is classified as LOW risk. Progress and expenditure appear to be within normal thresholds.
1394,709760,HP TDAE Unit in Mumbai Refinery,Hindustan Petroleum Corporation Limited,Maharashtra,92.0,63.645833333333336,1.8281250000000189,8.626307922272023,15,LOW,[],Project 709760 is classified as LOW risk. Progress and expenditure appear to be within normal thresholds.
1395,709771,"City Gas Distribution Project at Beed, Jalgaon and Jalna Districts",Indian Oil Corporation Limited [IOCL],Maharashtra,3.4,10.315606936416186,6.905202312138757,0.0558916738693746,15,LOW,[],Project 709771 is classified as LOW risk. Progress and expenditure appear to be within normal thresholds.
1396,618161,Widening and Reconstruction of existing road to four lane from Km.56400 to Km 120300 i.e. from B.Kothapalli Junction to Gorantla excluding Kadiri Bypass from Km 70200 to Km 77105 of NH 716G in the State of Andhra Pradesh on EPC mode Job no. 742,MoRTH,Andhra Pradesh,99.45,42.329579275697036,-1.524845829662666,18.369829683698278,15,LOW,[],Project 618161 is classified as LOW risk. Progress and expenditure appear to be within normal thresholds.
1397,709815,4th line - Bhatapara-Hathband 8.8 km PB72/NR/2022-23,CAOC/SECR SECR mor,"Multi-States (Chhattisgarh, Maharashtra)",3.0,11.907586284810483,-0.0341185109867668,16.037089871611787,15,LOW,[],Project 709815 is classified as LOW risk. Progress and expenditure appear to be within normal thresholds.
1398,615206,GANDHIGRAM UG MINE,WCL - CIL,Madhya Pradesh,56.88,6.891222986840518,0.7697935530605313,11.069883527454143,15,LOW,[],Project 615206 is classified as LOW risk. Progress and expenditure appear to be within normal thresholds.
1399,615199,KOLGAON EXPANSION DEEP OC MINE,WCL - CIL,Maharashtra,3.93,12.621408082129735,0.1269186251319385,5.34220830070471,15,LOW,[],Project 615199 is classified as LOW risk. Progress and expenditure appear to be within normal thresholds.
1400,702665,Construction Bangalore Metro Rail Project Phase-2A & 2B,Bengaluru Metro Rail,Karnataka,67.5,73.56239138226005,6.9363258295522,2.9560561299852943,15,LOW,[],Project 702665 is classified as LOW risk. Progress and expenditure appear to be within normal thresholds.
1401,615192,GOKUL EXTENSION OC MINE,WCL - CIL,Maharashtra,8.44,20.127269203436914,3.1079204082953016,11.739554317548748,15,LOW,[],Project 615192 is classified as LOW risk. Progress and expenditure appear to be within normal thresholds.
1402,619042,"Construction of six lane Flyover at Katraj junction at Km, 3/880 of NH 548-DD Vadgaon - Katraj - Kondhwa - Mantarwadi Chowk - Loni Kalbhor - Theur Phata - Lonikand Road in Pune Dist of the State of Maharashtra. On Engineering Procurement and construction EPC Basis mode L.1.326 Km,",MoRTH,Maharashtra,83.19,49.067335331172416,0.1744847409943864,10.46755059316121,15,LOW,[],Project 619042 is classified as LOW risk. Progress and expenditure appear to be within normal thresholds.
1403,619030,Inter-Regional Strengthening between SR Grid and ER Grid,Power Grid Corporation of India Limited [POWERGRID],"Multi-States (Andhra Pradesh, Odisha)",3.0,6.99981634527089,6.817818181818232,1.1857961006873606e-13,15,LOW,[],Project 619030 is classified as LOW risk. Progress and expenditure appear to be within normal thresholds.
1404,617939,6-Laning of Pune-Hyderabad Section of NH-65 from Km 493/0 to Km 524/0 from Sangareddy X Roads to Madinaguda in the State of Telangana,MoRTH,Telangana,45.85,0.0,0.0807243305721694,12.978082191780812,15,LOW,[],Project 617939 is classified as LOW risk. Progress and expenditure appear to be within normal thresholds.
1405,400154,EPR PUNDI OCP,Ministry of Coal,Jharkhand,11.24,2.310819262038774,-0.4768136335210441,5.136304630030267,15,LOW,[],Project 400154 is classified as LOW risk. Progress and expenditure appear to be within normal thresholds.
1406,709800,"CUF POL Depot at Sadashibpur [Meramundali], Odisha",Bharat Petroleum Corporation Limited [BPCL],Odisha,86.0,59.28241093662652,-2.615972963358087,10.791086350974828,15,LOW,[],Project 709800 is classified as LOW risk. Progress and expenditure appear to be within normal thresholds.
1407,709797,POL & LOBS Installations with Receipt Pipelines at Rasayani,Bharat Petroleum Corporation Limited [BPCL],Maharashtra,87.3,58.321856866537715,1.890998065764014,16.059306569343086,15,LOW,[],Project 709797 is classified as LOW risk. Progress and expenditure appear to be within normal thresholds.
1408,400043,Laying of POL Pipelines in Common Corridor for proposed grass root terminal at Vallur [Chennai],MinistryofPetroleumNaturalGas,Tamil Nadu,81.0,46.13630880579011,-1.546405307599519,19.34282099936737,15,LOW,[],Project 400043 is classified as LOW risk. Progress and expenditure appear to be within normal thresholds.
1409,618127,Construction of 2- Lane with paved shoulder from km 56.45 Dharampur More to 93.050 Pakur of NH-333A in the State of Jharkhand on EPC mode,MoRTH,Jharkhand,15.0,3.933836468150002,14.68271223556088,0.7838827838830087,15,LOW,[],Project 618127 is classified as LOW risk. Progress and expenditure appear to be within normal thresholds.
1410,618843,Construction of two lane with paved shoulders bypass to Mungrabadshapur town starting from near Kodahu at Km 47/225 of NH-319D and ending near Nauwadandi at Km 219/720 of NH-31 under NHO in the state of Uttar Pradesh on EPC mode,NHAI,Uttar Pradesh,22.79,27.601214574898787,-16.88178137651814,6.769230769230932,15,LOW,[],Project 618843 is classified as LOW risk. Progress and expenditure appear to be within normal thresholds.
1411,618831,4L from Km 95.400 Udaipura to Km 147.450 Bhogu on NH-75 Sec-II,NHAI,Jharkhand,29.2,29.205178173719375,-5.285613864142637,19.1602739726026,15,LOW,[],Project 618831 is classified as LOW risk. Progress and expenditure appear to be within normal thresholds.
1412,709776,Augmentation/Revamping of Facilities at existing Guwahati Terminal at Betkuchi,Indian Oil Corporation Limited [IOCL],Assam,84.3,85.25631768953068,11.300180505415131,1.902106567533898,15,LOW,[],Project 709776 is classified as LOW risk. Progress and expenditure appear to be within normal thresholds.
1413,618531,6L of Aurangabad to Bihar-Jharkhand border Chordaha section from km. 180.000 to km. 209.827 of NH-2 PKG-01,NHAI,"Multi-States (Bihar, Jharkhand)",37.93,19.182330292282305,-5.306223090491816,5.093150684931543,15,LOW,[],Project 618531 is classified as LOW risk. Progress and expenditure appear to be within normal thresholds.
1414,618183,Widening to 2 lane with paved shoulders from Km 62/920 to km 106/830 of Medak - Yellareddy section in the State of Telangana under Annual Plan 2022-23 on EPC mode under NHO,MoRTH,Telangana,70.6,36.60058645146738,-2.606526152226751,12.694520547945254,15,LOW,[],Project 618183 is classified as LOW risk. Progress and expenditure appear to be within normal thresholds.
1415,618193,Widening of Existing Road to Two Lane with Paved Shoulder Configuration from Km 0.00 to 26.000 & Km 45.200 To 59.622 Of NH 365BB in the State of Andhra Pradesh Under Annual Plan 2023-24 through EPC Mode,MoRTH,Andhra Pradesh,45.62,20.649431679461795,-0.7846078723923656,8.525451559934297,15,LOW,[],Project 618193 is classified as LOW risk. Progress and expenditure appear to be within normal thresholds.
1416,618811,4L Access Controlled Greenfield Highway Section Mancherial Warangal from Pangidipalle village at Design Ch. 72.350 Km to Oorugonda village at Design Ch. 112.240 KmPackage-III,NHAI,Telangana,5.63,17.71717734918181,0.8304652321936836,11.097716894977172,15,LOW,[],Project 618811 is classified as LOW risk. Progress and expenditure appear to be within normal thresholds.
1417,618164,Construction of four lane highway with paved shoulder from Km.74.700 to Km.112.950 of NH-731A i/c Yamuna Bridge on HAM in the state of Uttar Pradesh.,MoRTH,Uttar Pradesh,100.0,0.0,1.2974765037181688,5.900438356164398,15,LOW,[],Project 618164 is classified as LOW risk. Progress and expenditure appear to be within normal thresholds.
1418,618126,"Pre-Construction activities from Km 134.000 to Km 190.233 of NH-333A and Construction of 4 no. of Bypasses at Katoria, Lakhpura, Banka & Panjwara total length-14.359 Km to two lane with paved shoulders standard in State of Bihar.",MoRTH,Bihar,58.75,14.0538623610155,-0.4069925110040425,13.0643835616438,15,LOW,[],Project 618126 is classified as LOW risk. Progress and expenditure appear to be within normal thresholds.
1419,618853,Construction of Four lane Elevated Structure at Raniwada Circle in Sanchore City on NH-68,NHAI,Rajasthan,89.37,54.59382960656666,-21.58763090857624,15.578082191780792,15,LOW,[],Project 618853 is classified as LOW risk. Progress and expenditure appear to be within normal thresholds.
1420,618099,"Rehabilitation & up-gradation for Talere Gaganbawada - kolhapur Road NH 166G stretch start from km. 0/00 to Km. 06/00 and km. 13/00 to km 19/440 of NH-166G, length 12.440 km in the State of Maharashtra.",MoRTH,Maharashtra,100.0,60.12307317370378,-0.5075854505576418,10.607531992687267,15,LOW,[],Project 618099 is classified as LOW risk. Progress and expenditure appear to be within normal thresholds.
1421,613802,KANCHAN OC EXP,SECL - CIL,Madhya Pradesh,58.2,42.556058645968086,0.026439197930231,17.64191820837388,15,LOW,[],Project 613802 is classified as LOW risk. Progress and expenditure appear to be within normal thresholds.
1422,615343,Provision of Dynamic Reactive Compensation at Khavda pooling Station 1 [KPS1] and Khavda Pooling station 3 [KPS3],Power Grid Corporation of India Limited [POWERGRID],Gujarat,8.67,5.279441117764471,-0.1401996007983827,18.01506849315074,15,LOW,[],Project 615343 is classified as LOW risk. Progress and expenditure appear to be within normal thresholds.
1423,618816,4L Access Controlled Greenfield Highway section on NH-163G Warangal-Khammam from Thallasenkesa village at Design Ch. 189.650 km to V.Vekatayapalem village in Khammam District at Design Ch. 220.480 KmPackage-III,NHAI,Telangana,10.11,15.225514589459399,0.0887581995024979,8.168036529680432,15,LOW,[],Project 618816 is classified as LOW risk. Progress and expenditure appear to be within normal thresholds.
1424,618817,4L Access Controlled Greenfield Highway section on NH-163G Khammam Vijayawada from V. Venkatayapalem village at Design Ch. 220.480 Km to BrahmanapalliK village at Design Ch. 250.400 Km Package-I.,NHAI,Telangana,45.89,27.84221069392367,3.52685808207929,12.335616438356194,15,LOW,[],Project 618817 is classified as LOW risk. Progress and expenditure appear to be within normal thresholds.
1425,618155,Development/Widening of Talegaon Chakan Shikrapur Nhavara Section of NH-548D from existing chainage km. 54/000 to 82/300 and Design chainage Km. 54/000 to 82/120 Shikrapur to Nhavara Section to 2LPS/4L Configuration on EPC Mode in the State of Maharashtra.,MoRTH,Maharashtra,76.2,25.165964106317993,-0.4194159073125083,11.789377289377148,15,LOW,[],Project 618155 is classified as LOW risk. Progress and expenditure appear to be within normal thresholds.
1426,615865,Kakatiyakhani OC - 2 Project,Singareni Collieries Company Limited [SCCL],Telangana,64.0,57.27815198227928,0.0879481036118076,17.786705624543472,15,LOW,[],Project 615865 is classified as LOW risk. Progress and expenditure appear to be within normal thresholds.
1427,618201,"Widening and strengthening to 2 lane with paved shoulder from existing Ch. Km 56720 to Km 100820 and Design Ch. From Km 62600 to Km 106360 Total Length43.760 Km on SRINAGAR -BARAMULA URINH-01 in the UT of Jammu & Kashmir under project BEACON, Border Roads Organization BRO on EPC mode.",MoRTH,Jammu and Kashmir,51.0,0.0,0.005654465175874,16.661643835616328,15,LOW,[],Project 618201 is classified as LOW risk. Progress and expenditure appear to be within normal thresholds.
1428,612877,Establishment of NIT Puducherry Permanent Campus [Phase-I and Phase-II],"National Institute of Technology, Puducherry",Puducherry,99.5,87.93544004916389,-7.450431801274539,14.436106449292684,15,LOW,[],Project 612877 is classified as LOW risk. Progress and expenditure appear to be within normal thresholds.
1429,613013,Establishment of NIT Nagaland,NIT Nagaland,Nagaland,98.0,95.50847150165076,1.1219388310416545,5.2762568442010975,15,LOW,[],Project 613013 is classified as LOW risk. Progress and expenditure appear to be within normal thresholds.
1430,613786,"Redevelopment of Ahmedabad railway station and associated infrastructure on engineering, procurement and construction mode",Rail Land Development Authority,Gujarat,32.5,41.37074401008827,7.938797814207595,0.0575221238938643,15,LOW,[],Project 613786 is classified as LOW risk. Progress and expenditure appear to be within normal thresholds.
1431,705428,Bhanupalli-Bilaspur-Beri New Railway Line Project,RVNL - II,"Multi-States (Himachal Pradesh, Punjab)",64.0,57.87082620658883,-0.2613155350635583,6.889019239793345,15,LOW,[],Project 705428 is classified as LOW risk. Progress and expenditure appear to be within normal thresholds.
1432,705433,Dallirajhra- Rowghat New Railway Line - Phase I [95 km],Rail Vikas Nigam Limited,Chhattisgarh,82.0,88.50429975429975,3.4283353808353687,5.266817312706429,15,LOW,[],Project 705433 is classified as LOW risk. Progress and expenditure appear to be within normal thresholds.
1433,618775,Ara Bypass,NHAI,Bihar,25.78,2.6290208554259458,5.630832449628764,0.8409506398536241,15,LOW,[],Project 618775 is classified as LOW risk. Progress and expenditure appear to be within normal thresholds.
1434,618891,4L PS from Kalar Bala Village to Nauni Chowk of NH 205 from Km 41.000 to Km 58.450,NHAI,Himachal Pradesh,31.46,11.709778774217915,-26.424025457438223,14.56438356164376,15,LOW,[],Project 618891 is classified as LOW risk. Progress and expenditure appear to be within normal thresholds.
1435,701370,Borolia Irrigation Project,"Department of Water Resources, River Development & GR",Assam,55.44,17.45003123048095,-0.5770612117426889,13.77422072451558,15,LOW,[],Project 701370 is classified as LOW risk. Progress and expenditure appear to be within normal thresholds.
1436,701330,Mehsana-Bhatinda & Bhatinda-Jammu Natural Gas Pipeline,Indian Oil Corporation Limited [IOCL],Rajasthan,90.2,86.05059523809523,4.769906655844138,16.105107014197937,15,LOW,[],Project 701330 is classified as LOW risk. Progress and expenditure appear to be within normal thresholds.
1437,618211,Improvement/construction of 2-lane with paved shoulder of Askote Llipulekh road from Tawaghat village to Budhi village design km. 56935 to km 95748 and from end of Tunnel portal to Kali Mandir design km 113828 to km. 133078 [total design length 58.063 km] under project Hirak of BRO in the state of Uttarakhand under Bharatmala Pariyojna on EPC Mode,MoRTH,Uttarakhand,37.19,0.0,-1.9105295566503329,19.89178082191779,15,LOW,[],Project 618211 is classified as LOW risk. Progress and expenditure appear to be within normal thresholds.
1438,701173,AIIMS Majra Rewari Haryana,Ministry of Health and Family Welfare,Haryana,67.45,57.553502694380285,15.644357197844284,0.0,15,LOW,[],Project 701173 is classified as LOW risk. Progress and expenditure appear to be within normal thresholds.
1439,615863,Venkatesh Khani Coal Mine,Singareni Collieries Company Limited [SCCL],Telangana,97.0,98.48090815273478,0.4908771929824846,5.812291567413056,15,LOW,[],Project 615863 is classified as LOW risk. Progress and expenditure appear to be within normal thresholds.
1440,615857,Naini Coal Mine,Singareni Collieries Company Limited [SCCL],Odisha,80.0,99.39915031357475,1.9116326117743103,5.56823368324966,15,LOW,[],Project 615857 is classified as LOW risk. Progress and expenditure appear to be within normal thresholds.
1441,615862,Goleti Opencast Mine,Singareni Collieries Company Limited [SCCL],Telangana,33.0,32.39004629629629,2.9768518518517726,10.128511655708325,15,LOW,[],Project 615862 is classified as LOW risk. Progress and expenditure appear to be within normal thresholds.
1442,618868,4L from Devinagar Bypass End Existing Km. 208.000 of NH 530B/Design Km. 66.000 to Kasganj Bypass End Existing Km.150.100 of NH 530B/ Design Km. 123.100 of NH 530B,NHAI,Uttar Pradesh,77.0,44.85700059401097,-3.828553583283905,16.438356164383592,15,LOW,[],Project 618868 is classified as LOW risk. Progress and expenditure appear to be within normal thresholds.
1443,618199,"Rehabilitation, Upgradation & Widening of existing Highway to Rigid Pavement 2 Lane with Paved Shoulder of NH 965DD from Lonand Shirval-Bhor Mandangad-Pchral Section ShindewadiPhata to Varandah Ghat Dist Border from Km 33/550 to 92/550 in the state of Maharashtra on EPC mode.",MoRTH,Maharashtra,53.5,23.240634464065938,0.0743158214981529,17.04794520547945,15,LOW,[],Project 618199 is classified as LOW risk. Progress and expenditure appear to be within normal thresholds.
1444,615917,GAURIDEEP/GAURI CENTRAL OCP 7.,WCL - CIL,Maharashtra,2.31,0.15928967083560278,5.398070025794829,0.0628870890901853,15,LOW,[],Project 615917 is classified as LOW risk. Progress and expenditure appear to be within normal thresholds.
1445,615186,SASTI EXPANSION OPENCAST,WCL - CIL,Maharashtra,32.21,48.69922266800401,-0.0216273821463198,17.00490677134431,15,LOW,[],Project 615186 is classified as LOW risk. Progress and expenditure appear to be within normal thresholds.
1446,618031,Balance work of Construction of Two/Four lane with paved shoulder from Km 422.000 to 523.600 Chitradurga to Shivamogga of NH-13 in the state of Kanataka on EPC mode.,MoRTH,Karnataka,98.0,23.551145156298357,-0.8186900340452768,15.527036276523033,15,LOW,[],Project 618031 is classified as LOW risk. Progress and expenditure appear to be within normal thresholds.
1447,618028,"Construction of Bypass at Kuknoor, Yelburga, Gajendragada of Bhanapur Gaddanakeri section of NH-367 in the State of Karnataka under NHO on EPC mode under Annual Plan 2022-23. NH-367-KNT-2022-23-973 dated 08.02.2023",MoRTH,Karnataka,36.0,19.050185650976164,0.1094143011138104,7.264383561643892,15,LOW,[],Project 618028 is classified as LOW risk. Progress and expenditure appear to be within normal thresholds.
1448,618912,Construction of Rudrapur Bypass Section from Km. 0.000 to 20.640 in the state of Uttar Pradesh & Uttarakhand,National Highways Authority of India [NHAI],"Multi-States (Uttar Pradesh, Uttarakhand)",99.1,63.23866391564374,2.2853869339088098,19.443228454172484,15,LOW,[],Project 618912 is classified as LOW risk. Progress and expenditure appear to be within normal thresholds.
1449,618905,Widening with additional 3L abetting Chhapra Bypass Section of NH-19 from Km. 143.200 to Km. 159.255 Pkg-1,NHAI,Bihar,77.28,64.3443145589798,-12.63740701381514,9.236986301369903,15,LOW,[],Project 618905 is classified as LOW risk. Progress and expenditure appear to be within normal thresholds.
1450,618049,Up-gradation to 2/4 lane with paved shoulder configuration of NH-652 from Tuljapur Naldurg-Akkalkot road Chainage from Km. 00.000 to km 30.982 in the State of Maharashtra on EPC mode.,MoRTH,Maharashtra,98.0,35.41246387874162,0.3822583283354216,7.9322344322342655,15,LOW,[],Project 618049 is classified as LOW risk. Progress and expenditure appear to be within normal thresholds.
1451,618043,Upgradation and reconstruction of Dindori - Mandla Section of NH 543 from Km 77100 Design to Km 170580 Design Total length 93.48km to Two lane with paved shoulder configuration along with One time improvement in 04 nos of bypassed built-up areas in a total length of 7.23 km in the state of Madhya Pradesh on EPC mode,MoRTH,Madhya Pradesh,88.0,0.0,4.111395594570326,6.472587719298378,15,LOW,[],Project 618043 is classified as LOW risk. Progress and expenditure appear to be within normal thresholds.
1452,701127,Construction of New Passenger Terminal Building for Domestic Operations at Jodhpur Airport.,Airport Authority of India [AAI],Rajasthan,100.0,72.54166666666666,-0.087062499999971,11.787439613526573,15,LOW,[],Project 701127 is classified as LOW risk. Progress and expenditure appear to be within normal thresholds.
1453,701122,Development of New Integrated Civil Enclave at Agra Airport,Airport Authority of India [AAI],Uttar Pradesh,44.94,38.78756476683938,0.12506044905009,18.85205479452044,15,LOW,[],Project 701122 is classified as LOW risk. Progress and expenditure appear to be within normal thresholds.
1454,701101,"Construction of New Domestic Terminal Building [Phase-I and II] and other allied structures at JPNI Airport, Patna",Airport Authority of India [AAI],Bihar,99.26,98.89719779768264,2.38168296491071,7.248104008667208,15,LOW,[],Project 701101 is classified as LOW risk. Progress and expenditure appear to be within normal thresholds.
1455,619328,ONGC-BP Redevelopment Phase-1 Scheme of Mumbai High Field,Oil and Natural Gas Corporation Limited [ONGC],Maharashtra,56.3,62.06387677061452,5.116063445898596,0.0,15,LOW,[],Project 619328 is classified as LOW risk. Progress and expenditure appear to be within normal thresholds.
1456,618301,Widening/Improvement of existing 2-lane to 4-Lane Divided Highway from Kuraopokpi to Sekmai section of Imphal-Kohima Road Design Ch. km 287.00 to 297.700 of NH-39 New NH-02 in state of Manipur on EPC mode Pkg-5A,NHIDCL,Manipur,48.35,62.567148534742536,4.05284535091937,16.910256410256565,15,LOW,[],Project 618301 is classified as LOW risk. Progress and expenditure appear to be within normal thresholds.
1457,618263,"Rehabilitation and Up-gradation to 2LPS from Km. 0.000 to Km. 7.800 and Km. 35.400 to Km. 52.345 Design length 24.745 Km., except Bihar portion of NH-727B Tamkuhiraj to Bihar Border and Bihar Border to Majhauli on EPC mode in the State of Uttar Pradesh",MoRTH,Uttar Pradesh,81.18,22.310347778950675,0.7247724743943337,13.978021978021824,15,LOW,[],Project 618263 is classified as LOW risk. Progress and expenditure appear to be within normal thresholds.
1458,618734,6L Greenfield Varanasi- Ranchi- Kolkata Highway from junction with NH-320 in Lepo village to Kamlapur villageJH/WB border from km 358.500 to km 387.200 Pkg -13,NHAI,"Multi-States (Jharkhand, West Bengal)",24.76,28.607437050126027,7.007726355360268,7.407164683745702e-14,15,LOW,[],Project 618734 is classified as LOW risk. Progress and expenditure appear to be within normal thresholds.
1459,618733,6L Greenfield Varanasi- Ranchi- Kolkata Highway from junction with NH-20 in Bongabar village to junction with NH-30 in Lepo village from km 325.500 to km 358.500 Pkg -12,NHAI,Jharkhand,0.1,14.308563637317112,15.677205149719327,0.3351573187414731,15,LOW,[],Project 618733 is classified as LOW risk. Progress and expenditure appear to be within normal thresholds.
1460,612194,Development of New Civil Enclave and associated works at Darbhanga Airport,Airport Authority of India [AAI],Bihar,71.1,46.752078625803485,0.0876532917975126,19.95205479452042,15,LOW,[],Project 612194 is classified as LOW risk. Progress and expenditure appear to be within normal thresholds.
1461,612183,Development of New Civil Enclave at Bihta,Airport Authority of India [AAI],Bihar,4.15,1.0990799716914366,0.4199575371550033,5.104434907009837,15,LOW,[],Project 612183 is classified as LOW risk. Progress and expenditure appear to be within normal thresholds.
1462,617976,Work of development and construction of elevated corridorfrom km 38/660 to km 42/690 Iscon junction to start point of approach of sanand flyover of NH-147 in the sate of Gujarat,MoRTH,Gujarat,90.0,10.993964541682383,0.8358166729534791,13.910958904109592,15,LOW,[],Project 617976 is classified as LOW risk. Progress and expenditure appear to be within normal thresholds.
1463,618920,Access Controlled Highway of 4 Lane with Paved Shoulders from TN/AP Border Design Chainage Km 6151 to Puttur Design Chainage Km 81540 of NH-716 & 6 Lane with Paved Shoulders from Mallavaram to Renigunta,NHAI,Andhra Pradesh,42.48,14.009295971250799,-5.916165486108088,19.478082191780764,15,LOW,[],Project 618920 is classified as LOW risk. Progress and expenditure appear to be within normal thresholds.
1464,618004,Construction of Bhabhua Bypass from Ch. 10800Design Ch. 10800 to Ch. 19860 Design Ch. 18150 and Chand Bypass from Ch. 38060 Design Ch. 36250 to Ch. 40460 Design Ch. 38650 and widening of existing road to 2 - lane with Paved shoulder from Ch. 40460 Design Ch. 38650 to Ch. 46860 Design Ch. 45050 of NH-219 Total length- 16.150 Kmunder EPC mode in the state of Bihar,MoRTH,Bihar,2.0,1.317691537862782,13.57783831869233,0.8740875912409642,15,LOW,[],Project 618004 is classified as LOW risk. Progress and expenditure appear to be within normal thresholds.
1465,618036,Upgradation and reconstruction of existing intermediate lane to two Lane with paved shoulder configuration from km. 43.00 Barna River to km. 77.00 ken river length 34.00 km. on Gulganj-Amanganj-Pawai-Katni NH43 Extn. along with One time improvement in 01 no. of bypassed built-up area in a total length of 1.585 km in the state of Madhya Pradesh on EPCmode.,MoRTH,Madhya Pradesh,43.0,0.0,-0.7728093804469314,12.879452054794529,15,LOW,[],Project 618036 is classified as LOW risk. Progress and expenditure appear to be within normal thresholds.
1466,616843,Ajmer-Chanderiya section 178.28 km Umbrella work PB57/2019-20/NR,CAOC/NWR NWR mor,Rajasthan,23.0,34.26556316101762,0.8676343750573032,19.399800598205232,15,LOW,[],Project 616843 is classified as LOW risk. Progress and expenditure appear to be within normal thresholds.
1467,616842,LUNI- SAMDARI- BHILDI DOUBLING,North Western Railway [NWR],"Multi-States (Gujarat, Rajasthan)",36.0,31.202136382345024,9.12536014182058,1.0842696629215252,15,LOW,[],Project 616842 is classified as LOW risk. Progress and expenditure appear to be within normal thresholds.
1468,616697,3rd & 4 th line Vadlapudi-Gate Jn. incl. tie line between Gangavaram Port- Visakhapatnam Steel Plant12.04 km PB73/2023-24/NR,CAO/C/SCoR SCoR mor,Andhra Pradesh,87.0,58.12159709618875,0.115115374643587,7.545316301703137,15,LOW,[],Project 616697 is classified as LOW risk. Progress and expenditure appear to be within normal thresholds.
1469,617211,Doubling of Guntur Bibinagar 239 Km,South Central Railway [SCR] - II,"Multi-States (Andhra Pradesh, Telangana)",2.6,12.538070888081226,5.9211910711720375,0.7945071113291371,15,LOW,[],Project 617211 is classified as LOW risk. Progress and expenditure appear to be within normal thresholds.
1470,617963,Rehabilitation and upgradation to four lane road from km 70.500 to km 78.600 of NH- 92 under EPC mode in the State of Uttar Pradesh,MoRTH,Uttar Pradesh,39.0,25.464495642186343,12.057023174109776,4.421917808219213,15,LOW,[],Project 617963 is classified as LOW risk. Progress and expenditure appear to be within normal thresholds.
1471,616691,"Upgradation & Extension of ESIC Hospital and Construction of PG Hostel / Staff Housing for ESIC Hospital at Andheri, Mumbai",Employee's State Insurance Company [ESIC],Maharashtra,89.0,83.21224003382925,1.1325875523776263,6.647925486875598,15,LOW,[],Project 616691 is classified as LOW risk. Progress and expenditure appear to be within normal thresholds.
1472,616671,Transmission System under ISTS for evacuation of Power from Kudankulam Unit-3&4 [2x1000 MW] [SPV Name POWERGRID Kudankulam Tarnsmission Limited],Power Grid Corporation of India Limited [POWERGRID],Tamil Nadu,23.78,38.0,-0.1284306569343067,18.061516452074347,15,LOW,[],Project 616671 is classified as LOW risk. Progress and expenditure appear to be within normal thresholds.
1473,616612,Sewage Treatment Plant 50MLD and Sewerage Network 150 km in Kankarbagh Patna under Hybrid annuity based PPP mode Namami Gange Programme,NMCG1,Bihar,55.0,30.162897959888756,0.1579920192091087,9.040511727078895,15,LOW,[],Project 616612 is classified as LOW risk. Progress and expenditure appear to be within normal thresholds.
1474,705480,"Lalitpur-Satna, Rewa-Singrauli & Mahoba-Khajuraho 541 km",CE/C-4/WCR WCR mor,"Multi-States (Madhya Pradesh, Uttar Pradesh)",73.0,74.29683643706528,13.338298182634054,1.7703559239394806,15,LOW,[],Project 705480 is classified as LOW risk. Progress and expenditure appear to be within normal thresholds.
1475,618743,Trichy 135.800 to Karur 218.000 section of NH-67 - Trichy Bypass,National Highways Authority of India [NHAI],Tamil Nadu,100.0,7.593969528327708,-7.895538728218209,9.155823548079963,15,LOW,[],Project 618743 is classified as LOW risk. Progress and expenditure appear to be within normal thresholds.
1476,618248,Widening to 4 lane from km. 139.00 to km 179.20 of NH-135A Pkg-III Jaunpur Akbarpur section and Akbarpur bypass on Hybrid Annuity Mode in the state of Uttar Pradesh.,MoRTH,Uttar Pradesh,22.0,0.0,6.859728397301977,4.444298810247422e-14,15,LOW,[],Project 618248 is classified as LOW risk. Progress and expenditure appear to be within normal thresholds.
1477,616611,Sewage Treatment Plant 100MLD and Sewerage Network 288 km in Digha-Patna under Hybrid annuity based PPP mode-Namami Gange Programme,National Mission for Clean Ganga,Bihar,59.0,48.94902912621359,-0.0604247572815345,12.310874200426278,15,LOW,[],Project 616611 is classified as LOW risk. Progress and expenditure appear to be within normal thresholds.
1478,618705,"4L Godibandha to Ballhar Chhak, Ballhar Chhak to Banarpal & Banarpal to Start of Angul bypass at Km.314.130 to Km.321.035 of NH53, at Km.75.200 to Km.84.000 of NH149 & at Km.84.000 to Km.86.100 of NH55",NHAI,Odisha,5.4,24.771867806642554,5.69114805984862,7.407164683745702e-14,15,LOW,[],Project 618705 is classified as LOW risk. Progress and expenditure appear to be within normal thresholds.
1479,618707,Additional works under BM1 to ensure road safety under 6L of Bengaluru Mysuru Access control with close toll from Km.17.300 to Km.136.300 of NH-275,NHAI,Karnataka,12.67,4.4462803201646866,-9.352980213172156,19.952054794520613,15,LOW,[],Project 618707 is classified as LOW risk. Progress and expenditure appear to be within normal thresholds.
1480,618726,6L Greenfield Varanasi-Ranchi-Kolkata Highway from junction with Chandauli- Chainpur Road near Khainti village to junction with Bhabhua-Adhaura road near Palka village from Km. 27.000 to Km. 54.000 Pkg-2,NHAI,Bihar,26.77,20.342807410571105,16.41296447019575,7.407164683745702e-14,15,LOW,[],Project 618726 is classified as LOW risk. Progress and expenditure appear to be within normal thresholds.
1481,612745,"Construction of 200 bed ESI Hospital at Bommasandra, Karnataka",Employee's State Insurance Company [ESIC],Karnataka,35.0,28.964028776978417,0.3022661870503236,13.317518248174986,15,LOW,[],Project 612745 is classified as LOW risk. Progress and expenditure appear to be within normal thresholds.
1482,612748,"Construction of 100 bed ESI Hospital and Staff Quarters [32 Nos.] at Harohalli, Karnataka",Employee's State Insurance Company [ESIC],Karnataka,28.1,20.573813941160882,7.654850251789133,4.535612535612579,15,LOW,[],Project 612748 is classified as LOW risk. Progress and expenditure appear to be within normal thresholds.
1483,611970,Samlaya-Timba Road 53.53 km,CAOCWR WR mor,Gujarat,25.0,29.112016354059417,9.719130966769653,1.8427230046947416,15,LOW,[],Project 611970 is classified as LOW risk. Progress and expenditure appear to be within normal thresholds.
1484,612068,Jaipur Metro Phase 1D Project from Mansarovar to Ajmer Road Chauraha,Jaipur Metro Rail Corporation,Rajasthan,12.48,11.395927933206385,0.0084956789219043,14.859926918392198,15,LOW,[],Project 612068 is classified as LOW risk. Progress and expenditure appear to be within normal thresholds.
1485,611884,Doubling between Bhiwani - Dobh Bahali PB73/2023-24/NR,CAOC/NWR NWR mor,Haryana,77.0,72.68789808917198,3.298110403397069,10.511169513797682,15,LOW,[],Project 611884 is classified as LOW risk. Progress and expenditure appear to be within normal thresholds.
1486,617185,Transmission System for Integration of Kurnool-IV REZ Phase-I [for 4.5 GW] [POWERGRID Kurnool-IV Transmission Limited],Power Grid Corporation of India Limited [POWERGRID],"Multi-States (Andhra Pradesh, Karnataka)",28.77,32.0,0.0481945945946069,18.7753424657534,15,LOW,[],Project 617185 is classified as LOW risk. Progress and expenditure appear to be within normal thresholds.
1487,619225,Installation of Compression facility at GAIL Usar,Gas Authority of India Limited [GAIL],Maharashtra,0.0,0.0,-0.0338970023058422,15.673972602739786,15,LOW,[],Project 619225 is classified as LOW risk. Progress and expenditure appear to be within normal thresholds.
1488,617243,Replacement of Hot Leveller No.1 of Plate Mill at Bhilai Steel Plant,Steel Authority of India Limited [SAIL],Chhattisgarh,82.79,65.07401067364817,0.0271372470043006,13.535050071530677,15,LOW,[],Project 617243 is classified as LOW risk. Progress and expenditure appear to be within normal thresholds.
1489,617246,Up-gradation of Blast Furnace No. 3 at Durgapur Steel Plant,Steel Authority of India Limited [SAIL],West Bengal,62.17,41.685024205569256,-2.9897505573218504,5.504109589041143,15,LOW,[],Project 617246 is classified as LOW risk. Progress and expenditure appear to be within normal thresholds.
1490,617239,Narkatiaganj-Raxaul-Sitamarhi-Darbhanga & Sitamarhi-Muzaffarpur Sections doubling 256 km Umbrella work PB57/2019-20/NR,CAO/Con/North/MHX ECR mor,Bihar,0.0,0.4632409710903319,-4.821880170100117,8.511718749999995,15,LOW,[],Project 617239 is classified as LOW risk. Progress and expenditure appear to be within normal thresholds.
1491,618321,Construction of 4-Laning of West Serawlg-Sairang section of NH-6 from Existing Chainage km 142000 to km 158900 Design Chainage km 123400 to km 136260 on Silchar - Vairengte - Sairang road in the State of Mizoram under Bharatmala Pariyojna on EPC mode under NHO-NE Package-8,NHIDCL,Mizoram,13.95,32.923417714292235,8.455588668516317,1.1840650114892764e-13,15,LOW,[],Project 618321 is classified as LOW risk. Progress and expenditure appear to be within normal thresholds.
1492,705572,New Bongaigaon - Goalpara - Guwahati Kamakhya 176 km,CAO/C-III/NFR NFR mor,Assam,91.0,94.13694581280788,11.885059113300498,3.818466353677623,15,LOW,[],Project 705572 is classified as LOW risk. Progress and expenditure appear to be within normal thresholds.
1493,705617,Rajnandgaon-Nagpur - 3rd line 228 km,CAOC/SECR SECR mor,"Multi-States (Chhattisgarh, Maharashtra)",95.0,88.67531734837799,1.4554104372355614,19.746748802190258,15,LOW,[],Project 705617 is classified as LOW risk. Progress and expenditure appear to be within normal thresholds.
1494,611855,Nathdwara Mavli - Devgarh Madariya 82.542 km,CAOC/NWR NWR mor,Rajasthan,75.0,84.23399248647979,15.206343144944888,1.506228765571921,15,LOW,[],Project 611855 is classified as LOW risk. Progress and expenditure appear to be within normal thresholds.
1495,609424,"Development of Container Terminal at Tuna-Tekra, Deendayal Port on BOT Basis Under PPP Mode",Deendayal Port Trust,Gujarat,60.0,64.5130124138711,0.7090563761300701,14.623744292237548,15,LOW,[],Project 609424 is classified as LOW risk. Progress and expenditure appear to be within normal thresholds.
1496,619171,RPR FOR DURGAPUR OCP 10 MTY,SECL - CIL,Chhattisgarh,0.01,0.12376288851819812,12.037046082014683,0.3135271807836233,15,LOW,[],Project 619171 is classified as LOW risk. Progress and expenditure appear to be within normal thresholds.
1497,618314,4-Laning of Dhanehari Lailapur / Vairengte section from Existing Chainage km 12920 to km 43000 of NH 306 Design Chainage km 20000 to km 49360 on Silchar - Vairengte Sairang road in the State of Assam under Bharatmala Pariyojna on EPC mode. Project Length 29.360 km under NHO-NE Package-2,NHIDCL,Assam,81.65,61.631152364803846,4.594950501395526,16.061403508772003,15,LOW,[],Project 618314 is classified as LOW risk. Progress and expenditure appear to be within normal thresholds.
1498,705741,Jeypore - Navarangpur 38 km,CAO/C/ECOR ECoR mor,Odisha,1.0,2.129679144385027,0.4822593582889232,15.210798122065636,15,LOW,[],Project 705741 is classified as LOW risk. Progress and expenditure appear to be within normal thresholds.
1499,705918,Allahabad division - Aligarh - Harduaganj Flyover,North Central Railway,Uttar Pradesh,36.0,27.46671242278655,-2.436506520247053,7.647969052224547,15,LOW,[],Project 705918 is classified as LOW risk. Progress and expenditure appear to be within normal thresholds.
1500,400392,BHARATPUR RE-ORGANIZATION OCP,MCL - CIL,Odisha,53.54,60.467229803512666,13.149803089972742,0.2282003710575576,15,LOW,[],Project 400392 is classified as LOW risk. Progress and expenditure appear to be within normal thresholds.
1501,705762,Construction of New BG line between Hassan [Alur] to Belur [ Km 27.34],CAOC/SWR SWR mor,Karnataka,0.0,0.4860721630211255,-1.9899046550756585,10.618649133293564,15,LOW,[],Project 705762 is classified as LOW risk. Progress and expenditure appear to be within normal thresholds.
1502,705761,Shimoga-Shikaripura-Ranebennur 103 km umbrella work PB23/2018-19/NR,CAOC/SWR SWR mor,Karnataka,14.0,7.3026134800550215,-39.64127922971111,14.97330595482547,15,LOW,[],Project 705761 is classified as LOW risk. Progress and expenditure appear to be within normal thresholds.
1503,617974,Rehabilitation and upgradation of 2 lane with paved shoulder from existing km. 195.175 to km. 220.000 Design Chainage km71.300 to Km. 95.947 Excluding existing chainage Km 200.300 to Km 202.400 Design chainage Km 76.400 to Km 78.400 on Dharasu to Yamunotri Road of NH- 134 Old NH-94,MoRTH,Uttarakhand,53.74,0.0,15.159458126649897,1.1844973097775164e-13,15,LOW,[],Project 617974 is classified as LOW risk. Progress and expenditure appear to be within normal thresholds.
1504,617972,Upgradation to Two lane with Paved Shoulder Configuration of Narayanpur Kasturmeta pkg-II from design ch. 48.693 to 70.453 design length21.760 Km. on NH-130D under EPC mode in the state of Chhattisgarh.,MoRTH,Chhattisgarh,0.0,0.0,0.0317436587431451,5.484460694698344,15,LOW,[],Project 617972 is classified as LOW risk. Progress and expenditure appear to be within normal thresholds.
1505,617255,"Replacement of Converter Vessels, Trunnion Rings, Support System & Installation of Secondary Emission at Bhilai Steel Plant",Steel Authority of India Limited [SAIL],Chhattisgarh,74.3,56.399550685628306,0.1474471737703679,13.259583789704228,15,LOW,[],Project 617255 is classified as LOW risk. Progress and expenditure appear to be within normal thresholds.
1506,619161,Access Controlled Highway of 4 Lane with Paved Shoulders from Tiruvallur Design Chainage Km 1756 to TN/AP Broder Design Chainage Km 6151 of NH-716 Chennai- Tirupati Package-1,NHAI,Tamil Nadu,46.31,13.209795799723858,-9.715689266768484,14.01506849315057,15,LOW,[],Project 619161 is classified as LOW risk. Progress and expenditure appear to be within normal thresholds.
1507,617206,Delhi Metro Rail Phase-IV [Rithala - Kundli Corridor],Delhi Metro Rail Corporation Limited [DMRC],"Multi-States (Delhi, Haryana)",5.36,12.846754689062253,8.9852174373574,0.0,15,LOW,[],Project 617206 is classified as LOW risk. Progress and expenditure appear to be within normal thresholds.
1508,617186,Rajasthan REZ Ph-V [Part-1- 4 GW] [Sirohi/Nagaur] Complex [Rajasthan V Power Transmission Limited],Power Grid Corporation of India Limited [POWERGRID],"Multi-States (Madhya Pradesh, Rajasthan)",34.03,30.000000000000004,0.2893914081145681,12.371232876712348,15,LOW,[],Project 617186 is classified as LOW risk. Progress and expenditure appear to be within normal thresholds.
1509,611930,Lara Super Thermal Power Project Stage-II [2 x 800 MW],National Thermal Power Corporation [NTPC],Chhattisgarh,33.5,35.23586606567933,4.81500193174501,8.453001132502846,15,LOW,[],Project 611930 is classified as LOW risk. Progress and expenditure appear to be within normal thresholds.
1510,618376,Improvement/Widening to 2-Lane with Paved Shoulder between Shillong-Dawki road up to Bangladesh Border from design Km 10.670 to Km 37.550 under JICA ODA Loan assistance Phase-II -Balance Work-Pkg-2,NHIDCL,Meghalaya,53.21,0.0,-1.330245210873939,16.436403508772017,15,LOW,[],Project 618376 is classified as LOW risk. Progress and expenditure appear to be within normal thresholds.
1511,618364,"Widening to 2 Lane with Hard shoulder of Akegwo-Avangkhu section of NH-202K for Package-I Design Chainage 0000 Km to 34795 Km, in the State of Nagaland on EPC mode under NH O-NE",NHIDCL,Nagaland,87.0,0.0,-0.0186872443287725,16.393442622950836,15,LOW,[],Project 618364 is classified as LOW risk. Progress and expenditure appear to be within normal thresholds.
1512,619156,4 Laning of Paramakudi to Ramanathapuram Section of NH-87 Old NH-49,NHAI,Tamil Nadu,0.0,9.148157741371495,-1.1293897990458794,11.601915184678589,15,LOW,[],Project 619156 is classified as LOW risk. Progress and expenditure appear to be within normal thresholds.
1513,400204,"Bahraich - Khalilabad via Bhinga, Shravasti, Balrampur, Utraula, Domriyaganj, Mehdawal, Bansi 240.26 km",CAOC/NER NER mor,Uttar Pradesh,15.0,33.83227593131678,7.056881075675618,0.0,15,LOW,[],Project 400204 is classified as LOW risk. Progress and expenditure appear to be within normal thresholds.
1514,400280,Phase II extension of MRTS from Velachery to St Thomas Mount,Ministry of Railways,Tamil Nadu,99.9,66.28474114441416,2.688501362397824,5.997371015445288,15,LOW,[],Project 400280 is classified as LOW risk. Progress and expenditure appear to be within normal thresholds.
1515,618982,Talabira II & III OCP - FMC,NLC India Limited [NLCIL],Odisha,74.8,64.01378122308354,-0.047832328452597,19.68145519077192,15,LOW,[],Project 618982 is classified as LOW risk. Progress and expenditure appear to be within normal thresholds.
1516,706854,Boridand-Ambikapur 118.81 km Umbrella work PB57/2019-20/NR,CAOC/SECR SECR mor,Chhattisgarh,38.0,36.29142441860465,11.890828488372158,0.0,15,LOW,[],Project 706854 is classified as LOW risk. Progress and expenditure appear to be within normal thresholds.
1517,400188,Redevelopment of Seven General Pool Residential Accommodation [GPRA] Colonies in Delhi,National Buildings Construction Corporation [NBCC],Delhi,46.7,43.74566210045662,-0.9116136986301188,7.650667629014783,15,LOW,[],Project 400188 is classified as LOW risk. Progress and expenditure appear to be within normal thresholds.
1518,617949,Tadipatri Bypass Km 0000 to Km 6285 of 4-Lane on NH-67 in Anantapuramu district of AP state under NHO on EPC Mode under Annual Plan 2022-23,MoRTH,Andhra Pradesh,100.0,47.375673305774775,-0.8234999373669526,12.602739726027426,15,LOW,[],Project 617949 is classified as LOW risk. Progress and expenditure appear to be within normal thresholds.
1519,618976,"Gadarwara Super Thermal Power Project, Stage-II [2x800 MW]",National Thermal Power Corporation [NTPC],Madhya Pradesh,11.5,11.39469822948254,7.543392839675213,1.1246458923512337,15,LOW,[],Project 618976 is classified as LOW risk. Progress and expenditure appear to be within normal thresholds.
1520,619024,Mahan Transmission Limited,Adani Transmission Limited,Madhya Pradesh,30.0,17.36750156783945,11.172999884811794,0.8712220762155028,15,LOW,[],Project 619024 is classified as LOW risk. Progress and expenditure appear to be within normal thresholds.
1521,617828,Siliguri-Jhapa Pipeline Project,Indian Oil Corporation Limited [IOCL],West Bengal,16.5,1.1947565543071161,5.031273408239757,4.240111420612913,15,LOW,[],Project 617828 is classified as LOW risk. Progress and expenditure appear to be within normal thresholds.
1522,707059,Establishment of new GMC Mandla,"Medical Education, Ministry of Health and Family Welfare",Madhya Pradesh,45.0,27.510769230769228,1.9860923076923185,9.967141292442491,15,LOW,[],Project 707059 is classified as LOW risk. Progress and expenditure appear to be within normal thresholds.
1523,707045,Establishment of new GMC Mahasamund,"Medical Education, Ministry of Health and Family Welfare",Chhattisgarh,84.0,98.98461538461538,0.5635384615384282,6.468716861081656,15,LOW,[],Project 707045 is classified as LOW risk. Progress and expenditure appear to be within normal thresholds.
1524,400177,AMALGAMATED YEKONA I & YEKONA,WCL - CIL,Maharashtra,80.77,77.58359916400836,-0.1917830821692296,19.34714285714301,15,LOW,[],Project 400177 is classified as LOW risk. Progress and expenditure appear to be within normal thresholds.
1525,400167,Redevelopment of Santhal Field [Onshore-Mehsana Asset],Oil and Natural Gas Corporation Limited [ONGC],Gujarat,96.8,97.0040255986788,4.105930016515194,7.720361990950285,15,LOW,[],Project 400167 is classified as LOW risk. Progress and expenditure appear to be within normal thresholds.
1526,400231,NLC Talabira Thermal Power Project,NLC India Limited,Odisha,4.1,13.134219871708186,5.828842580887864,0.190137716570237,15,LOW,[],Project 400231 is classified as LOW risk. Progress and expenditure appear to be within normal thresholds.
1527,618366,Widening to 2 Lane with Hard shoulder of Akegwo-Avangkhu section of NH-202K for Package-II Design Chainage 34795 Km to 69875 Km in the State of Nagaland on EPC mode under NHO-NE,NHIDCL,Nagaland,58.5,0.0,-0.0365616667418929,16.393442622950836,15,LOW,[],Project 618366 is classified as LOW risk. Progress and expenditure appear to be within normal thresholds.
1528,618365,Widening to 2 Lane with Hard shoulder of Akegwo-Avangkhu section of NH-202K for Package-III Design Chainage 69875 Km to 106816 Km in the State of Nagaland on EPC mode under NHO-NE,NHIDCL,Nagaland,85.67,0.0,-0.1235769741341028,16.393442622950836,15,LOW,[],Project 618365 is classified as LOW risk. Progress and expenditure appear to be within normal thresholds.
1529,707086,Establishment of new GMC Rudrapur,"Medical Education, Ministry of Health and Family Welfare",Uttarakhand,95.0,108.61846153846153,8.618461538461537,0.0,15,LOW,[],Project 707086 is classified as LOW risk. Progress and expenditure appear to be within normal thresholds.
1530,618591,"Construction of 6-lane flyover at Ainthapali junction and a 2-lane ROB LHS on NH-53 Earlier NH-6 in Sambalpur, on EPC mode in Odisha under NHO",NHAI,Odisha,54.2,28.572573963706333,-29.19103616003414,5.23110624315455,15,LOW,[],Project 618591 is classified as LOW risk. Progress and expenditure appear to be within normal thresholds.
1531,618586,Improvement and strengthening of existing 2 lane stretch to 2-Lane with PS 1.5m on both sides on Ghoti-Sinnar section of NH-160A using Thin White Topping 200mm thick in the State Of Maharashtra on EPC Mode,NHAI,Maharashtra,77.0,45.15660569903446,-32.63427270586396,17.947945205479535,15,LOW,[],Project 618586 is classified as LOW risk. Progress and expenditure appear to be within normal thresholds.
1532,618492,Delhi-Amritsar-Katra Expressway Phase-I Pkg-XII from Junction with Amritsar-Mehta- SriHargobindpur-Tanda road NH-503A near SriHargobindpur to Junction with Pathankot-Gurdaspur road NH-54 near Gurdaspur Km 362420 to km 397700,NHAI,Punjab,27.6,45.0132050882838,-6.255671268265077,16.04109589041092,15,LOW,[],Project 618492 is classified as LOW risk. Progress and expenditure appear to be within normal thresholds.
1533,618508,Construction of Additional Structures including Approaches in Vadodara Surat Section of NH48 between existing Km. 108.000 to Km. 250.000,NHAI,Gujarat,48.73,40.62530995492566,3.8084726523324592,16.473972602739686,15,LOW,[],Project 618508 is classified as LOW risk. Progress and expenditure appear to be within normal thresholds.
1534,618540,Construction of Ring Road around Kanpur from Ch.23.325 to Ch.32.090 Chaudhariya to Transganga Package-IIA,NHAI,Uttar Pradesh,49.85,23.14830963549077,-4.304219715258734,18.297567954220096,15,LOW,[],Project 618540 is classified as LOW risk. Progress and expenditure appear to be within normal thresholds.
1535,617839,Capacity Augmentation of Kandla LPG Import Terminal [KLIT] from 0.6 MMTPA to 2.5 MMTPA,Indian Oil Corporation Limited [IOCL],Gujarat,68.0,47.08849408731715,1.7210390629378989,17.471910112359605,15,LOW,[],Project 617839 is classified as LOW risk. Progress and expenditure appear to be within normal thresholds.
1536,617836,Coke Drum Structure Package,Numaligarh Refinery Limited,Assam,72.0,73.11106913486967,1.376825966502875,19.34306569343065,15,LOW,[],Project 617836 is classified as LOW risk. Progress and expenditure appear to be within normal thresholds.
1537,617906,Up-gradation of Dhoraji-Jamkandorna-Kalavad Section of NH-927D from Design Chainage km 0/00 to km 58/115 to Two lane with PS configuration in the State of Gujarat on EPC,MoRTH,Gujarat,35.0,0.0,10.59395782643946,0.9917808219178236,15,LOW,[],Project 617906 is classified as LOW risk. Progress and expenditure appear to be within normal thresholds.
1538,619056,"Darlipali Super Thermal Power Project, Stage-II [1x800 MW]",National Thermal Power Corporation [NTPC],Odisha,2.7,5.086694816278861,11.81228550893899,2.459459459459359,15,LOW,[],Project 619056 is classified as LOW risk. Progress and expenditure appear to be within normal thresholds.
1539,619053,RPR FOR RAMPUR BATURA OCP,SECL - CIL,Madhya Pradesh,0.3,4.691248777022353,17.075971059830923,0.1218130311613884,15,LOW,[],Project 619053 is classified as LOW risk. Progress and expenditure appear to be within normal thresholds.
1540,709832,25.5 MW WIND POWER PROJECT AT KAYATHAR IN TAMILNADU,National Aluminium Company Limited [NALCO],Tamil Nadu,70.0,81.32530120481928,-0.4313855421686987,18.398186626369483,15,LOW,[],Project 709832 is classified as LOW risk. Progress and expenditure appear to be within normal thresholds.
1541,245986,Jaipur Metro Rail Project Phase 2,Prahladpura to Todi Mod,Rajasthan,1.79,0.013729457586714181,5.021975569235575,0.0,15,LOW,[],Project 245986 is classified as LOW risk. Progress and expenditure appear to be within normal thresholds.
1542,618933,Construction of 6 lane Indore western bypass from km 34000 to Km 64000 Pkg-II in the state of Madhya Pradesh on Hybrid Annuity Mode under NHO,NHAI,Madhya Pradesh,17.5,46.34059389330052,3.724198915110124,1.4814329367491404e-14,10,LOW,['Expenditure is high compared with physical progress.'],Project 618933 is classified as LOW risk. Progress and expenditure appear to be within normal thresholds.
1543,616233,BALABHADRA OCP,MCL - CIL,Odisha,18.93,47.17100690895711,0.3931053513756983,0.0,10,LOW,['Expenditure is high compared with physical progress.'],Project 616233 is classified as LOW risk. Progress and expenditure appear to be within normal thresholds.
1544,617333,Construction of surface traingle between Bhadaura and new crossing station Karma Dildarnagar-Taraghat line 11.1 km PB72/NR/2022-23,CAO/Con/South/MHX ECR mor,"Multi-States (Bihar, Uttar Pradesh)",0.0,32.02640528105621,-0.0555611122226117,0.0,10,LOW,['Expenditure is high compared with physical progress.'],Project 617333 is classified as LOW risk. Progress and expenditure appear to be within normal thresholds.
1545,617404,North Western Railway - New line between Ramdevra and Pokhran via Bhairav Gufa - Kailash Tekri 13.38 Km PB30/NR/2025-26,CAOC/NWR NWR mor,Rajasthan,3.0,30.289096770783786,1.6336345859097348,2.3328358208954745,10,LOW,['Expenditure is high compared with physical progress.'],Project 617404 is classified as LOW risk. Progress and expenditure appear to be within normal thresholds.
1546,619105,6L Access Controlled Ludhiana-Bathinda Greenfield highway from Jn. with Moga- Barnala Road NH-703 near village Tallewal to Jn. with Delhi-Katra Expressway NE-5 near Ludhiana village Ballowal from Km 30.300 to Km 75.543 of NH-754AD Pkg-2,NHAI,Punjab,25.55,45.74472873650434,0.7011118041579667,7.407164683745702e-14,10,LOW,['Expenditure is high compared with physical progress.'],Project 619105 is classified as LOW risk. Progress and expenditure appear to be within normal thresholds.
1547,615821,TIRAP OCP,INVALID CO.,Assam,5.0,36.50245284322532,2.1656532854279096,0.2286105407254058,10,LOW,['Expenditure is high compared with physical progress.'],Project 615821 is classified as LOW risk. Progress and expenditure appear to be within normal thresholds.
1548,615194,URDHAN EXPANSION OC COST PLUS,WCL - CIL,Madhya Pradesh,2.02,24.502126836813613,0.0113109048723943,0.0,10,LOW,['Expenditure is high compared with physical progress.'],Project 615194 is classified as LOW risk. Progress and expenditure appear to be within normal thresholds.
1549,612876,"Construction of Permanent Campus for NIT Mizoram at Lengpui, Aizawl",NIT Mizoram,Mizoram,4.0,35.33095755224258,1.3484385213926813,0.0,10,LOW,['Expenditure is high compared with physical progress.'],Project 612876 is classified as LOW risk. Progress and expenditure appear to be within normal thresholds.
1550,613015,Redevelopment of Chhatrapati Shivaji Maharaj Terminus [CSMT] and construction of associated infrastructure,Rail Land Development Authority,Maharashtra,25.0,48.206839492553776,3.744892443463897,3.913368185212792,10,LOW,['Expenditure is high compared with physical progress.'],Project 613015 is classified as LOW risk. Progress and expenditure appear to be within normal thresholds.
1551,613787,Jamrani Dam Multipurpose Project,Irrigation-UK,Uttarakhand,26.22,50.5843427111954,1.6358654850819634,0.1947032859245017,10,LOW,['Expenditure is high compared with physical progress.'],Project 613787 is classified as LOW risk. Progress and expenditure appear to be within normal thresholds.
1552,705495,Bagalkot-Kudachi 142 km,CAOC/SWR SWR mor,Karnataka,35.0,57.86429608127721,-2.236959361393305,0.0,10,LOW,['Expenditure is high compared with physical progress.'],Project 705495 is classified as LOW risk. Progress and expenditure appear to be within normal thresholds.
1553,612096,Construction of Balurghat-Hilli new BG Line,Northeast Frontier Railway [NFR],West Bengal,18.0,42.857733664185275,0.4186435070307395,0.4897202561509893,10,LOW,['Expenditure is high compared with physical progress.'],Project 612096 is classified as LOW risk. Progress and expenditure appear to be within normal thresholds.
1554,618316,4-Laning of Vairengte - Chhimluang section Package-3 of NH-306 from Existing Chainage km 43000 to Km 59700 Design Chainage km 46000 to km 60850 on Silchar - Vairengte- Sairang road in the State of Mizoram under Bharatmala Pariyojna under NHO-NE. Package-1&2 in Assam state,NHIDCL,Mizoram,17.86,48.43606911007549,0.3188099065914235,0.0,10,LOW,['Expenditure is high compared with physical progress.'],Project 618316 is classified as LOW risk. Progress and expenditure appear to be within normal thresholds.
1555,618317,4-Laning of chhimluang-Kolasib from section pkg-4 of NH-306 & NH-6 existing chainage km 59700 to km 86000 design chainage km 61000 to km 77500 on Silchar- vairengte-sairang road in the state of Mizoram under Bharatmala Pariyojna on EPC mode Vairengte - Sairang Pkg-4,NHIDCL,Mizoram,17.12,39.86225552134684,-0.1491875923188125,0.0,10,LOW,['Expenditure is high compared with physical progress.'],Project 618317 is classified as LOW risk. Progress and expenditure appear to be within normal thresholds.
1556,618318,4-Laning of Kolasib - Sethawn section Package-5 of NH-6 from Existing Chainage km 86000 to km 107850 Design Chainage km 77500 to km 95500 on silchar - vairengte - sairang road under Bharatmala Pariyojna on EPC mode under NHO-NE Vairengte - Sairang Pkg-5,NHIDCL,Mizoram,11.86,36.07023875624654,-0.4157828983896789,0.0,10,LOW,['Expenditure is high compared with physical progress.'],Project 618318 is classified as LOW risk. Progress and expenditure appear to be within normal thresholds.
1557,618319,"4-Laning of Sethawn - N. Kawnpui section Package-6 of NH-6 from Existing Chainage km 107850 to km 126315 Design Chainage km 95500 to km 111850 on Silchar- Vairengte- Sairang road, Vairengte - Sairang Pkg-6",NHIDCL,Mizoram,6.72,31.795517501888693,3.532107781415373,0.0,10,LOW,['Expenditure is high compared with physical progress.'],Project 618319 is classified as LOW risk. Progress and expenditure appear to be within normal thresholds.
1558,618349,Balance work of Widening to 2 Two lane with hard shoulder of Churachandpur to Tuivai section of NH-102B from Design Chainage km 118850 to km 130000 Package- 4A in the State of Manipur on EPC Mode,NHIDCL,Manipur,25.93,55.0705467372134,-0.1061140505585087,1.6794520547945102,10,LOW,['Expenditure is high compared with physical progress.'],Project 618349 is classified as LOW risk. Progress and expenditure appear to be within normal thresholds.
1559,618404,Construction of lntermediate Lane Road with hard shoulder from design chainage Km 0.000 to Km 53.040 Existing Length68.500 Km & Total Design length 53.04 km of Tato to Monigong section of NH-913 Frontier Highway on Nafra Bomdila to Vijaynagar along China border in state of Arunachal pradesh on EPC mode,NHIDCL,Arunachal Pradesh,22.81,43.10033407394383,1.6240149613977437,0.0,10,LOW,['Expenditure is high compared with physical progress.'],Project 618404 is classified as LOW risk. Progress and expenditure appear to be within normal thresholds.
1560,400139,KOTRE BASANTPUR PACHMO OCP,Ministry of Coal,Jharkhand,45.78,72.99008634473937,4.746754077390559,0.0,10,LOW,['Expenditure is high compared with physical progress.'],Project 400139 is classified as LOW risk. Progress and expenditure appear to be within normal thresholds.
1561,709817,4th line - Dadhapara-Belha 9.2 km PB72/NR/2022-23,CAOC/SECR SECR mor,"Multi-States (Chhattisgarh, Maharashtra)",10.0,38.70223589258252,-0.7770613983201634,4.740492170022451,10,LOW,['Expenditure is high compared with physical progress.'],Project 709817 is classified as LOW risk. Progress and expenditure appear to be within normal thresholds.
1562,709818,4th line - Rajnandgaon-Dongarhgarh 31.2 km PB72/NR/2022-23,CAOC/SECR SECR mor,Chhattisgarh,5.0,29.911067795577758,2.764542851921815,3.666666666666608,10,LOW,['Expenditure is high compared with physical progress.'],Project 709818 is classified as LOW risk. Progress and expenditure appear to be within normal thresholds.
1563,914467,Amended BharatNet Program - BR,Department of Telecommunications,PAN India,17.76,14.37225806451613,0.4175612903225761,0.0,0,LOW,[],Project 914467 is classified as LOW risk. Progress and expenditure appear to be within normal thresholds.
1564,938832,Amended BharatNet Program - RJ,Department of Telecommunications,PAN India,0.0,10.001056710109193,0.1571187037689767,1.1840650114892764e-13,0,LOW,[],Project 938832 is classified as LOW risk. Progress and expenditure appear to be within normal thresholds.
1565,944288,Super accelerated cooling system,Uniform Cooling,Chhattisgarh,48.01,33.19286197388273,1.4194891004630463,0.0018248175183569,0,LOW,[],Project 944288 is classified as LOW risk. Progress and expenditure appear to be within normal thresholds.
1566,946208,Amended BharatNet Program - SKM,Department of Telecommunications,PAN India,0.0,0.0,0.0559999999999938,1.1840650114892764e-13,0,LOW,[],Project 946208 is classified as LOW risk. Progress and expenditure appear to be within normal thresholds.
1567,709791,City Gas Distribution Projects at Alipurduar and Cooch Behar,Bharat Petroleum Corporation Limited [BPCL],West Bengal,43.8,23.442477876106192,-8.820816125860322,0.0,0,LOW,[],Project 709791 is classified as LOW risk. Progress and expenditure appear to be within normal thresholds.
1568,617937,Udgir Raavi Degloor Aadampur phata to Sagroli fata,MoRTH,Maharashtra,12.0,0.11484742581226769,-2.528199365251911,0.1203830369357355,0,LOW,[],Project 617937 is classified as LOW risk. Progress and expenditure appear to be within normal thresholds.
1569,617938,Rehabilitation And Upgradation to four lane with paved shoulder configuration from km 24350 to km 61875 Jawale - Borgaon Kale of NH-63 in the State of Maharashtra on EPC mode under Annual Plan 2024-25 Total length - 37.525 Km.,MoRTH,Maharashtra,20.0,1.31317705249225,-0.097861297850815,0.005494505494734,0,LOW,[],Project 617938 is classified as LOW risk. Progress and expenditure appear to be within normal thresholds.
1570,619027,WRNES Talegaon Power Transmission Limited,Adani Transmission Limited,Maharashtra,5.0,1.25,-2.1033649999999517,0.0,0,LOW,[],Project 619027 is classified as LOW risk. Progress and expenditure appear to be within normal thresholds.
1571,619028,Augmentation of 1x500 MVA 400/220kV ICT [3rd] at Thrissur VSC HVDC Station in Kerala,Power Grid Corporation of India Limited [POWERGRID],Kerala,1.5,1.2013399561048863,1.257652766547226,0.0,0,LOW,[],Project 619028 is classified as LOW risk. Progress and expenditure appear to be within normal thresholds.
1572,619031,Delhi Metro Rail Phase V A,Delhi Metro Rail Corporation Limited [DMRC],Delhi,5.65,2.2054264243344313,2.669273427765992,0.0,0,LOW,[],Project 619031 is classified as LOW risk. Progress and expenditure appear to be within normal thresholds.
1573,619032,JAYANT EXPN. [20 TO 38 MTPA],NCL - CIL,Madhya Pradesh,2.1,1.3039661227019212,-3.95888613985344,0.0,0,LOW,[],Project 619032 is classified as LOW risk. Progress and expenditure appear to be within normal thresholds.
1574,619039,"Balance Works of Rehabilitation and Up gradation of NH-43 New NH-30 from Krn 162120 to Krn 173500 Length 11.380 Km. Keshkal Bypass 4-Lane with Paved shoulder in the State Of Chhattisgarh under NHDP-IV through Engineering, Procurement & Construction EPC Basis",MoRTH,Chhattisgarh,0.0,0.0,-1.2760748149111198,2.95881270540868e-14,0,LOW,[],Project 619039 is classified as LOW risk. Progress and expenditure appear to be within normal thresholds.
1575,619051,"Nabinagar Super Thermal Power Project, Stage-II [3x800 MW]",National Thermal Power Corporation [NTPC],Bihar,15.0,11.427307332710031,-2.2206317617202957,0.9435318275154556,0,LOW,[],Project 619051 is classified as LOW risk. Progress and expenditure appear to be within normal thresholds.
1576,619052,LUCKNOW METRO RAIL PROJECT PHASE-1B EAST WEST CORRIDOR,Uttar Pradesh metro rail corporation [UPMRC],Uttar Pradesh,2.0,0.0008619129295558564,-0.6106429008542389,0.0267260579065948,0,LOW,[],Project 619052 is classified as LOW risk. Progress and expenditure appear to be within normal thresholds.
1577,617908,Bemetara Bypass NH 30,MoRTH,Chhattisgarh,42.0,0.0,0.3075450728572988,1.4814329367491404e-14,0,LOW,[],Project 617908 is classified as LOW risk. Progress and expenditure appear to be within normal thresholds.
1578,617909,Construction of Rewa Bypass to 4-lane with paved shoulder along with service road from Ratahara Chowk to Chorhata Chowk Road section of NH-30 from km 00.000 to 19.200 in the State of Madhya Pradesh on Hybrid Annuity Mode HAM.,MoRTH,Madhya Pradesh,50.0,0.0,-0.9519172903324497,0.164383561643843,0,LOW,[],Project 617909 is classified as LOW risk. Progress and expenditure appear to be within normal thresholds.
1579,617912,Construction of 6 lane flyover from Khapari ROB to Mihan Interchange design chainage km 8760 to 11450 L- 2.69 km and upgradation of existing 4L PS road to 6LPS with service road by flexible pavement design chainage km 11450 to 14500 L- 3.05 [total project length 5.74 km] in section of Nagpur - Hyderabad NH-44 Old NH-7 in Nagpur district in the state of Maharashtra on HAM mode.,MoRTH,Maharashtra,8.24,2.9618271325962398,-0.4708740214670582,7.407164683745702e-14,0,LOW,[],Project 617912 is classified as LOW risk. Progress and expenditure appear to be within normal thresholds.
1580,617916,Work of 6 laning/Construction of elevated corridor from km 0/0 to 10/170 Narol Junction to Sarkhej junction including 4 lane Shastri Bridge on Sabarmati river on NH 47 in the State of Gujarat on HAM mode,MoRTH,Gujarat,35.0,0.0,-5.296350905904843,0.0,0,LOW,[],Project 617916 is classified as LOW risk. Progress and expenditure appear to be within normal thresholds.
1581,617918,"Widening and Strengthening of existing S/L, I/L, & D/L to 2 Lane with PS from Km 256/455 to 256/503, 256/820 to 256/960, 265/760 to 266/010, 266/010 to 266/800, 270/975 to 271/055, 276/460 to 276/560, 276/560 to 276/700, 276/700 to 277/480, 285/780 to 288/290, 288/290 to 291/050 and construction of 3 Nos. of Bypass from Km 266/800 to 267/300, 270/025 to 270/975, & 284/700 to 285/780 on NH-53 under NHO in Annual Plan 2022-23 for the State of Odisha.",MoRTH,Odisha,0.0,3.6909477067906544,0.3151369037367099,0.0,0,LOW,[],Project 617918 is classified as LOW risk. Progress and expenditure appear to be within normal thresholds.
1582,617920,Widening and Strengthening to 2LPS including LA from km 318.970 to 353.450 Balikuda-Mulkani Section of NH-55 under NHO in Annual Plan 2022-23 in the State of Odisha. Job No. NH-55-OD-2022-23-656,MoRTH,Odisha,3.0,1.4935293427688938,1.000957891856117,1.4814329367491404e-14,0,LOW,[],Project 617920 is classified as LOW risk. Progress and expenditure appear to be within normal thresholds.
1583,617922,Construction of Jharsuguda Bypass including Land acqusition on NH-49 from km 258.636 to km 283.300 design chainage 258.636 to km 289.876 under NHO in Annual Plan 2022-23 for the state of Odisha Job No.NH-49-OD-2022-23-655,MoRTH,Odisha,25.0,8.955884857775507,-0.1991653892012199,0.0,0,LOW,[],Project 617922 is classified as LOW risk. Progress and expenditure appear to be within normal thresholds.
1584,617923,Construction of Daspalla Bypass from km 195.250 To 200.635 of NH-57 including land acquisition in the state of Odisha on EPC mode under Annual Plan 2022-23.,MoRTH,Odisha,25.0,34.01295120856575,0.7849586458933313,0.164383561643843,0,LOW,[],Project 617923 is classified as LOW risk. Progress and expenditure appear to be within normal thresholds.
1585,619054,Development of Keshod Airport.,Airport Authority of India [AAI],Gujarat,46.69,29.920132194987602,0.490002754062133,0.0,0,LOW,[],Project 619054 is classified as LOW risk. Progress and expenditure appear to be within normal thresholds.
1586,619055,SAONER-III EXPN UG MINE 1.54,WCL - CIL,Maharashtra,0.0,0.0,-0.1207641420279641,0.0,0,LOW,[],Project 619055 is classified as LOW risk. Progress and expenditure appear to be within normal thresholds.
1587,619061,Construction of 4 lane with PS Idar-Badoli bypass section from design km 81/300 to km 95/500 of NH 168G in the State of Gujarat,MoRTH,Gujarat,7.0,0.0,0.5493624927314938,0.0,0,LOW,[],Project 619061 is classified as LOW risk. Progress and expenditure appear to be within normal thresholds.
1588,617893,Construction of additional major Bridge with 4- lane configuration of length 1.48 km on NH-60 NH-14 over River Kangshabati from Km. 117.770 to Km 119.250 and additional major Bridge with 4- lane configuration of length 0.900 km on NH-60 NH- 14 over River Shilabati from Km. 173.220 to Km 174.120 in the district of Paschim Medinipur of West Bengal under Annual Plan for FY 2023-24 on EPC mode. Job No 014-W8-2023-24/527 .,MoRTH,West Bengal,0.0,0.04920775514221041,-1.678115671029575,0.0,0,LOW,[],Project 617893 is classified as LOW risk. Progress and expenditure appear to be within normal thresholds.
1589,617896,"Construction of 4 lane Gauripur Bypass Starting bfrom Km 852.56 of NH- 31Dumardoha Pt-II and Terminating at Km 862.17 Baladmara via. Khudimari Pt.- II, Fulkumari, Charaldanga, Sajuakuti,Geramari Pt.-III and finally meeting at km 862.17 of NH-17New/ NH-31Old in the State of Assam under EPC Mode Job no. 31/AS/ 2023- 24/265",MoRTH,Assam,34.0,0.0,-1.2497210020181175,0.0,0,LOW,[],Project 617896 is classified as LOW risk. Progress and expenditure appear to be within normal thresholds.
1590,617898,New construction of Major Bridge with Approaches from Km 0.000 to 1.200 Madhopur -Badabanta section of NH-20 under NHO in Annual Plan 2022-23 in the State of Odisha,MoRTH,Odisha,0.0,0.16040100250626568,0.0256641604009569,1.1844973097775164e-13,0,LOW,[],Project 617898 is classified as LOW risk. Progress and expenditure appear to be within normal thresholds.
1591,617902,construction or By-pass road on NH-26 for Nabrangpur Town,MoRTH,Odisha,38.0,6.587747854394792,-0.6466410180526118,0.6191780821917905,0,LOW,[],Project 617902 is classified as LOW risk. Progress and expenditure appear to be within normal thresholds.
1592,617832,Koderma-Barkakana Arigada 133 Km,CAO/Con/South/MHX ECR mor,Jharkhand,0.0,0.02944120591179415,-0.4654931748358772,0.0,0,LOW,[],Project 617832 is classified as LOW risk. Progress and expenditure appear to be within normal thresholds.
1593,617838,Augmentation of CCKPL and IDPL Pipelines capacity along with setting up of Palakkad TOP,Bharat Petroleum Corporation Limited [BPCL],Kerala,48.8,28.72654867256637,-4.375672566371674,0.0,0,LOW,[],Project 617838 is classified as LOW risk. Progress and expenditure appear to be within normal thresholds.
1594,617877,Phase B Construction of Permanent Campus of IIT Bhilai,"Indian Institute of Technology, Bhilai",Chhattisgarh,0.0,0.1614843099489474,0.603841980874237,0.3037848605577291,0,LOW,[],Project 617877 is classified as LOW risk. Progress and expenditure appear to be within normal thresholds.
1595,617878,Phase B of Construction of Permanent Campus of IIT Palakkad,INDIAN INSTITUTE OF TECHNOLOGY PALAKKAD,Kerala,0.0,0.641781270464964,0.3141846758349772,0.0,0,LOW,[],Project 617878 is classified as LOW risk. Progress and expenditure appear to be within normal thresholds.
1596,617880,Desalpar-Hajipir-Luna and Vayor-Lakhpat New Line,Western Railway [WR] - II,Gujarat,0.0,0.0,-2.473019667757736,0.0,0,LOW,[],Project 617880 is classified as LOW risk. Progress and expenditure appear to be within normal thresholds.
1597,617882,"Setting up IT Infrastructure including Network Security and Hosting at AIIMS, New Delhi",PMSSY AND Institute of NATIONAL Importance,Delhi,40.0,15.000418772160026,-0.3659510315754448,2.5041095890410783,0,LOW,[],Project 617882 is classified as LOW risk. Progress and expenditure appear to be within normal thresholds.
1598,617883,"Redevelopment of Residential colonies at Ayur Vigyan Nagar and West Ansari Nagar campuses of AIIMS, New Delhi",PMSSY AND Institute of NATIONAL Importance,Delhi,57.0,1.0006755235307363,-3.0200090069803847,0.0,0,LOW,[],Project 617883 is classified as LOW risk. Progress and expenditure appear to be within normal thresholds.
1599,617890,Construction of Champawat Bypass with two lane with paved shoulder configuration starting from existing chainage 121.700 to existing chainage 129.450 Design Length 9.847 of NH-125 in District-Champawat in the state of Uttrakhand on EPC mode.,MoRTH,Uttarakhand,8.5,0.0,-0.3015528090905619,0.2618025751071226,0,LOW,[],Project 617890 is classified as LOW risk. Progress and expenditure appear to be within normal thresholds.
1600,619102,4 L of China Orampadu-Renigunta section of NH-716 Package-II of Kadapa- Renigunta section,NHAI,Andhra Pradesh,2.25,8.070074861176847,1.1273839918405402,2.95881270540868e-14,0,LOW,[],Project 619102 is classified as LOW risk. Progress and expenditure appear to be within normal thresholds.
1601,617764,North Dhadu Western Part OCP,NLC India Limited [NLCIL],Jharkhand,40.0,17.26259045931177,-1.4950671983459909,1.6713615023474744,0,LOW,[],Project 617764 is classified as LOW risk. Progress and expenditure appear to be within normal thresholds.
1602,617802,Augmentation of Transformation Capacity and Implementation of Line Bays at Mandsaur S/S for RE Interconnection [SPV Name- POWERGRID Mandsaur I RE Transmission Limited],Power Grid Corporation of India Limited [POWERGRID],Madhya Pradesh,4.8,5.401253918495298,-0.075109717868355,0.1349206349204018,0,LOW,[],Project 617802 is classified as LOW risk. Progress and expenditure appear to be within normal thresholds.
1603,617803,Transmission System Strengthening at Davanagere for Integration of RE Generation [SPV Name - POWERGRID Davanagere Power Transmission Limited],Power Grid Corporation of India Limited [POWERGRID],Karnataka,2.5,4.5013192612137205,0.2165699208443323,0.4986301369863243,0,LOW,[],Project 617803 is classified as LOW risk. Progress and expenditure appear to be within normal thresholds.
1604,617804,Mechanization of Berth No.14 for handling Containers and other cargo on DBFOT basis - Phase II,New Mangalore Port Authority,Karnataka,95.0,63.59720681328722,1.6105201331330945,0.0,0,LOW,[],Project 617804 is classified as LOW risk. Progress and expenditure appear to be within normal thresholds.
1605,617806,Transmission System for Integration of Ananthapur 2 REZ Phase 1 for 4.5 GW. SPV Name Anantapuram 2 REZ Transmission Ltd,Sterlite Power,"Multi-States (Andhra Pradesh, Karnataka)",64.0,26.62197227066197,-6.854007614655218,2.68219178082191,0,LOW,[],Project 617806 is classified as LOW risk. Progress and expenditure appear to be within normal thresholds.
1606,617807,Inter-regional [NR-WR] Transmission System strengthening to relieve the loading of 765 kV Vindhyachal-Varanasi D/c line,Power Grid Corporation of India Limited [POWERGRID],"Multi-States (Bihar, Uttar Pradesh)",6.38,6.669763513513513,-0.877352195945952,0.1260273972603354,0,LOW,[],Project 617807 is classified as LOW risk. Progress and expenditure appear to be within normal thresholds.
1607,618986,Furkating-New Tinsukia[194 Km],Northeast Frontier Railway [NFR],Assam,0.0,0.0,-1.6412876557003837,0.0,0,LOW,[],Project 618986 is classified as LOW risk. Progress and expenditure appear to be within normal thresholds.
1608,618991,200 MW SPP part of 510 MW CPSU scheme,NLC India Limited [NLCIL],Gujarat,0.0,5.854708902006697,-1.2091025945422058,0.0,0,LOW,[],Project 618991 is classified as LOW risk. Progress and expenditure appear to be within normal thresholds.
1609,618992,100 MW SPP part of SECI 150 MW Hybrid,NLC India Limited [NLCIL],Gujarat,1.2,0.5721061829075477,0.2663726387617867,0.8521560574949261,0,LOW,[],Project 618992 is classified as LOW risk. Progress and expenditure appear to be within normal thresholds.
1610,618995,New Line between Junagarh - Nabarangpur [116.21 Km],Indian Railway,Odisha,0.0,0.037004583680978594,0.0674600542501845,0.033406352683587,0,LOW,[],Project 618995 is classified as LOW risk. Progress and expenditure appear to be within normal thresholds.
1611,619004,"Construction of Dubrajpur Bypass with 4-lane configuration of length 5.676 km on NH- 60 new NH-14 from design chainage 0.00 existing km 316.135 on NH-60 to design chainage 5.676 existing km 320.980 on NH-60 in the district of Birbhum, West Bengal under Annual Plan 2022-23 in EPC Mode- reg. Job. No. 014-WB-2022- 23/518 .",MoRTH,West Bengal,8.0,0.05527915975677171,3.624387025446285,7.407164683745702e-14,0,LOW,[],Project 619004 is classified as LOW risk. Progress and expenditure appear to be within normal thresholds.
1612,619005,Construction of bypass around Chatra Town on NH-22 old NH-99 in the state of Jharkhand under EPC Mode,MoRTH,Jharkhand,13.0,0.3653045620592983,-5.837439469883495,0.0,0,LOW,[],Project 619005 is classified as LOW risk. Progress and expenditure appear to be within normal thresholds.
1613,619007,Upgradation of Sarvardewla to Pal MP/MH Border Road section of NH-347 C from Design Chainge km 81.600 to 137.400 Total length 55.80 km to two lane with paved shoulder configuration along with One time improvement of 1 .95 km in the State of Madhya Pradesh on EPC mode.,MoRTH,Madhya Pradesh,0.0,0.6005680463109511,1.252065130195434,1.4814329367491404e-14,0,LOW,[],Project 619007 is classified as LOW risk. Progress and expenditure appear to be within normal thresholds.
1614,619008,Rehabilitation and Up gradation of Charthana Jintur Section of NH 752 I Km 25100 to 47100 to 2 Lane with Paved Shoulder configuration Flexible Pavement in the state of Maharashtra on EPC mode. Reg- Resubmission of Annual Plan Estimate.,MoRTH,Maharashtra,51.0,0.006341556217895871,0.8458367683430033,0.0,0,LOW,[],Project 619008 is classified as LOW risk. Progress and expenditure appear to be within normal thresholds.
1615,619009,Upgradation to Two Lane with Paved Shoulders from Km 0.000 to Km 41.920 Green Field Alignment of Gowrelly to Valigonda Section of NH-930P in the State of Telangana on EPC Mode under Annual Plan 2022-23,MoRTH,Telangana,0.0,0.0,-0.0577115292684843,0.0,0,LOW,[],Project 619009 is classified as LOW risk. Progress and expenditure appear to be within normal thresholds.
1616,619014,"lmprovement and Widening to 2 lane with paved Shoulder of NH-15 old NH-52 from Existing Km 770.600 Design Km 24.819 to Existing km 805.750 Design Km 59.885 Kamlang T-Junction to Chowkham, Existing Length 35.150 Km, Design Length-35.066 Km in the state of Arunachal Pradesh on EPC mode Pkg-2",NHIDCL,Arunachal Pradesh,15.06,11.044106968080067,-0.0872351845421082,7.407164683745702e-14,0,LOW,[],Project 619014 is classified as LOW risk. Progress and expenditure appear to be within normal thresholds.
1617,619022,"Metro connectivity from Millennium City Centre to Cyber City with Spur to Dwarka Expressway, Gurugram.",Gurugram Metro Rail Limited [GMRL],Haryana,10.05,3.5453865226895935,-8.623200897900423,0.0,0,LOW,[],Project 619022 is classified as LOW risk. Progress and expenditure appear to be within normal thresholds.
1618,619025,RAJASTHAN PART I POWER TRANSMISSION LIMITED,Adani Transmission Limited,"Multi-States (Madhya Pradesh, Rajasthan, Uttar Pradesh)",10.0,2.9402,-7.007320400000011,0.0,0,LOW,[],Project 619025 is classified as LOW risk. Progress and expenditure appear to be within normal thresholds.
1619,619026,KPSIII HVDC Transmission Limited,Adani Transmission Limited,Gujarat,1.0,0.10526315789473684,-0.6093005263157943,0.0821355236138409,0,LOW,[],Project 619026 is classified as LOW risk. Progress and expenditure appear to be within normal thresholds.
1620,617926,Construction of new 4 lane major bridge with approaches on Sabarmati River near Dharoi at Km. 82/00 to 86/00 Design length 3.300 km on NH-58 in the State of Gujarat on Hybrid Annuity Mode HAM,MoRTH,Gujarat,53.0,0.0,-2.073293172690718,4.444298810247422e-14,0,LOW,[],Project 617926 is classified as LOW risk. Progress and expenditure appear to be within normal thresholds.
1621,617927,Widening to 2LPS between Km 0/0 to 56/0 Khokhara Gujarat Border Vijayanagar Antrasuba Mathasur road of NH 58 in the State of Gujarat,MoRTH,Gujarat,36.0,0.0,1.5060570088245997,7.407164683745702e-14,0,LOW,[],Project 617927 is classified as LOW risk. Progress and expenditure appear to be within normal thresholds.
1622,617808,Inter-Regional Strengthening between SR Grid and WR Grid,Power Grid Corporation of India Limited [POWERGRID],"Multi-States (Karnataka, Maharashtra)",3.0,5.0,4.547626613704089,7.407164683745702e-14,0,LOW,[],Project 617808 is classified as LOW risk. Progress and expenditure appear to be within normal thresholds.
1623,617818,"City Gas Distribution [CGD] Project in Gajapati, Kandhamal, Boudh, & Sonepur GA",GAIL Gas,Odisha,5.8,5.004758113068304,-0.0666718455650455,0.5821727019498942,0,LOW,[],Project 617818 is classified as LOW risk. Progress and expenditure appear to be within normal thresholds.
1624,617819,"City Gas Distribution [CGD] Project in Kondagaon, Bastar, Sukma, Narayanpur, Bijapur & Dantewada GA",GAIL Gas,Chhattisgarh,2.2,2.087821341375844,0.2844319977022347,0.1957563312798162,0,LOW,[],Project 617819 is classified as LOW risk. Progress and expenditure appear to be within normal thresholds.
1625,617822,ATF Pipeline from BPCLs Malkapur POL Installation to Hyderabad International airport,Bharat Petroleum Corporation Limited [BPCL],Telangana,29.1,21.8,2.414139534883713,0.0,0,LOW,[],Project 617822 is classified as LOW risk. Progress and expenditure appear to be within normal thresholds.
1626,617827,"Pipeline Rehabilitation Project, Phase-II",Oil India Limited,Assam,29.0,1.989705882352941,0.5097499999999902,1.1844973097775164e-13,0,LOW,[],Project 617827 is classified as LOW risk. Progress and expenditure appear to be within normal thresholds.
1627,617829,LPG Bottling Plant at Mualkhang,Indian Oil Corporation Limited [IOCL],Mizoram,34.0,14.376855256745383,-0.0174560276462207,0.0,0,LOW,[],Project 617829 is classified as LOW risk. Progress and expenditure appear to be within normal thresholds.
1628,617830,C2/C3 Vijaipur Pata Pipeline,Gas Authority of India Limited [GAIL],Madhya Pradesh,73.0,30.200892857142858,-6.773286830357161,2.497435897435741,0,LOW,[],Project 617830 is classified as LOW risk. Progress and expenditure appear to be within normal thresholds.
1629,617375,North Eastern Region Expansion Scheme-XXIII [NERES-XXIII],Power Grid Corporation of India Limited [POWERGRID],Arunachal Pradesh,3.89,1.4996656796255612,-3.3913458783073938,0.0,0,LOW,[],Project 617375 is classified as LOW risk. Progress and expenditure appear to be within normal thresholds.
1630,617390,Sardega -Bhalumuda New Double line [37.24 Km],SECR,"Multi-States (Chhattisgarh, Odisha)",5.0,10.152830762749549,-0.0330548209173717,0.0117462803444702,0,LOW,[],Project 617390 is classified as LOW risk. Progress and expenditure appear to be within normal thresholds.
1631,617403,SADULPUR - CHURU DOUBLING PROJECT,North Western Railway [NWR],Rajasthan,95.0,42.215773301468076,0.3665713554114851,3.4013605442176806,0,LOW,[],Project 617403 is classified as LOW risk. Progress and expenditure appear to be within normal thresholds.
1632,617406,RATLAM- DUNGARPUR VIA BANSWARA NEW LINE PROJECT,North Western Railway [NWR],"Multi-States (Madhya Pradesh, Rajasthan)",8.0,0.3185451175721071,-0.5444722079727861,2.8618346545866986,0,LOW,[],Project 617406 is classified as LOW risk. Progress and expenditure appear to be within normal thresholds.
1633,617409,Railway Manufacturing Unit,RVNL - II,Telangana,91.0,94.39159122295536,-0.0918750959030526,0.0,0,LOW,[],Project 617409 is classified as LOW risk. Progress and expenditure appear to be within normal thresholds.
1634,617412,"Construction of One Tower of Office Complex and another Tower of Residential quarters i/c internal water supply, sanitary installation and all development and bulk services, Horticulture works on EPC Mode-I basis i/c comprehensive operation and maintenance of Civil, E&M services for 7 years after completion of original construction work for Ranga Reddy, Secunderabad, Medchal, AuditI, Audit-II Commissionerates of Central Tax at Khajaguda, Serilingampally, Hyderabad.",Central Public Works Department - CPWD,Telangana,26.0,29.299689440993788,-0.8327018633540264,0.0,0,LOW,[],Project 617412 is classified as LOW risk. Progress and expenditure appear to be within normal thresholds.
1635,617416,"Revised Jharia Master Plan for Dealing with Fire, Subsidence & Rehabilitation of affected families in Jharia Coalfield- Reg.",Bharat Coking Coal Limited [BCCL],Jharkhand,34.0,8.766141399586228,-3.110277469627986,0.0,0,LOW,[],Project 617416 is classified as LOW risk. Progress and expenditure appear to be within normal thresholds.
1636,617422,Bodwad Parisar Sinchan Yojna,Department of Water Resources-MH,Maharashtra,49.6,17.61660455034541,-8.55304837795831,0.3986433602924337,0,LOW,[],Project 617422 is classified as LOW risk. Progress and expenditure appear to be within normal thresholds.
1637,617727,Orvakal Industrial Area,NICDC,Andhra Pradesh,16.22,12.77997128499641,2.218115577889459,1.1840650114892764e-13,0,LOW,[],Project 617727 is classified as LOW risk. Progress and expenditure appear to be within normal thresholds.
1638,617729,Kopparthy Industrial Area,NICDC,Andhra Pradesh,5.39,1.8609550561797754,-1.0926638576778007,1.1840650114892764e-13,0,LOW,[],Project 617729 is classified as LOW risk. Progress and expenditure appear to be within normal thresholds.
1639,617284,Chunar-Chopan doubling project,North Central Railway,Uttar Pradesh,18.5,10.644259670215455,-5.911696957779681,0.0,0,LOW,[],Project 617284 is classified as LOW risk. Progress and expenditure appear to be within normal thresholds.
1640,617287,KUSMUNDA OC EXPANSION PROJECT,SECL - CIL,Chhattisgarh,23.75,18.75608827332141,0.5240674979189661,0.0668036998973174,0,LOW,[],Project 617287 is classified as LOW risk. Progress and expenditure appear to be within normal thresholds.
1641,617288,MANIKPUR OC EXPANSION PROJECT,SECL - CIL,Chhattisgarh,21.29,36.29544444734847,-0.045241891220745,0.0,0,LOW,[],Project 617288 is classified as LOW risk. Progress and expenditure appear to be within normal thresholds.
1642,617304,"Setting up of LPG Plant with Rail Unloading Facility at Hathua, Dist. Gopalganj, Bihar",Bharat Petroleum Corporation Limited [BPCL],Bihar,56.0,54.74349551668383,-2.4899015140380105,3.5533279871693177,0,LOW,[],Project 617304 is classified as LOW risk. Progress and expenditure appear to be within normal thresholds.
1643,617327,Thane Integral Ring Metro Rail Project,Maharashtra Metro Rail Corporation Limited [MMRCL],Maharashtra,10.04,0.8292554979057549,0.0754461029007646,1.1844973097775164e-13,0,LOW,[],Project 617327 is classified as LOW risk. Progress and expenditure appear to be within normal thresholds.
1644,617950,Construction of Srinivasapura Bypass from existing Km 453.890 Design Ch. 0000 to existing Km 461.450 Design Ch 10080 on NH-69 in the State of Karnataka Under NH O in EPC mode under Annual Plan 2022-23 NH-69-KNT-2022-23-966 dated 22.11.2022,MoRTH,Karnataka,22.0,4.7744839056843755,0.0791018491340781,0.0,0,LOW,[],Project 617950 is classified as LOW risk. Progress and expenditure appear to be within normal thresholds.
1645,617951,Construction of Chintamani Bypass from Design Ch.0000 Existing Ch.428880 to Design Ch.15400 Existing Ch.444010 on NH-69 in the State of Karnataka in EPC Mode under NHO Annual Plan 2022-23. NH-69-KNT-2022-23-989 dated 24.03.2023,MoRTH,Karnataka,14.0,2.2317596566523603,-0.9285646161182234,2.3768044919271924e-13,0,LOW,[],Project 617951 is classified as LOW risk. Progress and expenditure appear to be within normal thresholds.
1646,618963,Construction work of 4-laning of Shahganj bypass end to Badi Package-IV of NH-146B from design km 102.000 to design km 142.357 Design length 40.357 km,NHAI,Madhya Pradesh,52.15,40.57438722677074,-15.39384548677529,2.247945205479437,0,LOW,[],Project 618963 is classified as LOW risk. Progress and expenditure appear to be within normal thresholds.
1647,618964,4 Laning of Sandalpur to Nasrullaganj Pkg-1 section of NH-146B Length 43.2 Km.,NHAI,Madhya Pradesh,11.57,13.871863560498745,-0.0353371015021199,0.0,0,LOW,[],Project 618964 is classified as LOW risk. Progress and expenditure appear to be within normal thresholds.
1648,618966,Six laning with both sides Service Road of Ayodhya Bypass from Design Km 0000 near Ashram Tiraha on NH-46 to Km 16439 end at Ratnagiri Tiraha on Nh-146,NHAI,Madhya Pradesh,21.61,15.456253283118315,-7.3203344106412755,0.0,0,LOW,[],Project 618966 is classified as LOW risk. Progress and expenditure appear to be within normal thresholds.
1649,618971,Pune Metro Rail Project Phase-2 Corridor 2A Vanaz to Chandani Chowk and Corridor 2B Ramwadi to Wagholi/Vitthalwadi,Maharashtra Metro Rail Corporation Limited [MMRCL],Maharashtra,2.4,0.4459164313448642,0.8166861542533854,0.0,0,LOW,[],Project 618971 is classified as LOW risk. Progress and expenditure appear to be within normal thresholds.
1650,618972,Devbhumi Dwarka [Okha] - Kanalus Doubling,Western Railway [WR] - II,Gujarat,0.0,0.01922060448801115,-8.808157773704789,1.1840650114892764e-13,0,LOW,[],Project 618972 is classified as LOW risk. Progress and expenditure appear to be within normal thresholds.
1651,618977,"Development of New Greenfield Airport at Bundi, Kota Rajasthan.",Airport Authority of India [AAI],Rajasthan,13.6,5.402123424021234,-3.005228931652292,3.779452054794565,0,LOW,[],Project 618977 is classified as LOW risk. Progress and expenditure appear to be within normal thresholds.
1652,618978,Gondia - Dongargarh 4th line [84 Km],South Eastern Central Railway,"Multi-States (Chhattisgarh, Maharashtra)",1.0,0.015747818927078595,0.9540568631244424,1.1844973097775164e-13,0,LOW,[],Project 618978 is classified as LOW risk. Progress and expenditure appear to be within normal thresholds.
1653,618981,810 MW Solar Power Project - Rajasthan,NLC India Limited [NLCIL],Rajasthan,0.0,6.027146877192814,1.632950492757546,0.0679824561404786,0,LOW,[],Project 618981 is classified as LOW risk. Progress and expenditure appear to be within normal thresholds.
1654,618985,Pune Metro Rail Project Phase-2 Line-4 Kharadi to Khadakwasla with Spur Line 4A Nal Stop - Warje - Manikbaug,Maharashtra Metro Rail Corporation Limited [MMRCL],Maharashtra,1.51,0.08744300227737285,-2.3449859756439,0.0153340635269551,0,LOW,[],Project 618985 is classified as LOW risk. Progress and expenditure appear to be within normal thresholds.
1655,617338,Stamp Charge Battery No.12 Battery Proper at IISCO Steel Plant,Steel Authority of India Limited [SAIL],West Bengal,27.66,18.758413113139746,-0.8022744690058687,0.1741573033709706,0,LOW,[],Project 617338 is classified as LOW risk. Progress and expenditure appear to be within normal thresholds.
1656,617345,SER Upgradation of maintenance infrastructure at Shalimar into Vande Bharat Chair Car maintenance cum workshop depot.,South Eastern Railway - JH,West Bengal,50.0,38.21131044210341,0.0621501300304225,3.947683109118078,0,LOW,[],Project 617345 is classified as LOW risk. Progress and expenditure appear to be within normal thresholds.
1657,617361,Babupeth - Sasti New Rail Line [13.114 KMs],CentralRailway,Maharashtra,0.0,0.13230065323447535,0.0460571649072687,0.0240577385728115,0,LOW,[],Project 617361 is classified as LOW risk. Progress and expenditure appear to be within normal thresholds.
1658,617364,Central Railway - Double chord line between Nilaje and Kopar 4.495 km PB34/CR/2023-24,CAOC/CR CR mor,Maharashtra,15.0,17.007064109006002,4.338899890639267,0.4671253822629733,0,LOW,[],Project 617364 is classified as LOW risk. Progress and expenditure appear to be within normal thresholds.
1659,617372,Pradhankhunta Jn-Patherdih Bazar-Bhojudih 17.1 km Umbrella work PB57/2019- 20/NR,CAO/Con/South/MHX ECR mor,Jharkhand,60.0,46.65253994616573,2.5753393276445826,0.0,0,LOW,[],Project 617372 is classified as LOW risk. Progress and expenditure appear to be within normal thresholds.
1660,617249,Replacement of existing Grinders in CRM-I & II at Bokaro Steel Plant,Steel Authority of India Limited [SAIL],Jharkhand,62.05,28.59299801830707,0.2497876757572809,2.9170243204576263,0,LOW,[],Project 617249 is classified as LOW risk. Progress and expenditure appear to be within normal thresholds.
1661,617272,Implementation of LILO of both circuits of 400KV vindhyachal PS-Sasan D/C Line at Hindalco Switchyard,Power Grid Corporation of India Limited [POWERGRID],Madhya Pradesh,55.26,40.0,-1.084378378378365,1.3888280394305537,0,LOW,[],Project 617272 is classified as LOW risk. Progress and expenditure appear to be within normal thresholds.
1662,617971,Up-gradation to Two/Four lane with paved shoulder Configuration of Kondagaon- Narayanpur from design ch. 0.00 - 48.693 Design Length 47.493 Km. 1.20 Km. retained on NH-130D under EPC mode in the State Chhattisgarh.,MoRTH,Chhattisgarh,70.0,0.3535980148883375,-0.2946960297765755,0.0,0,LOW,[],Project 617971 is classified as LOW risk. Progress and expenditure appear to be within normal thresholds.
1663,618948,4L of NH-80 section of Mirza Chauki to Farakka section from existing km 190.00 to design km 200.75 junction at km 3.100 of NH 133 B and from existing km 260.00 to existing km 283.00 design km 274.133 in the state of Jharkhand package - II,NHAI,"Multi-States (Jharkhand, West Bengal)",8.65,28.645580301209446,-6.030900815669044,0.0443490700999711,0,LOW,[],Project 618948 is classified as LOW risk. Progress and expenditure appear to be within normal thresholds.
1664,618950,Construction of Bypass to NH-114A Connecting NH-333 and NH-133 Deoghar Bypass from design km 0.000 to design Km 49.000,NHAI,Jharkhand,12.0,6.773684580349672,-1.974448568161624,0.0,0,LOW,[],Project 618950 is classified as LOW risk. Progress and expenditure appear to be within normal thresholds.
1665,618961,4 Lane Inner Ring Road around Allahabad City Pkg-1 Prayagraj Southern Bypass 34.400 43.200,NHAI,Uttar Pradesh,24.55,9.02389360002062,-29.687849575998055,2.515068493150729,0,LOW,[],Project 618961 is classified as LOW risk. Progress and expenditure appear to be within normal thresholds.
1666,618962,4L of Budhni to Shahganj Bypass End Package-III of NH-146B from Km. 73.750 to Km. 102.000,NHAI,Madhya Pradesh,28.28,17.831853994215617,-21.64850358577291,0.0,0,LOW,[],Project 618962 is classified as LOW risk. Progress and expenditure appear to be within normal thresholds.
1667,617941,4-Laning from End of Zuari approaches to Start of Margao Bypass section of NH-66 from Km 536.800 to Km 543.450,MoRTH,Goa,1.0,0.07030759573132456,0.0383929692404239,7.407164683745702e-14,0,LOW,[],Project 617941 is classified as LOW risk. Progress and expenditure appear to be within normal thresholds.
1668,617943,4-laning of Navelim to Cuncolim Section of NH-66 from Km 554.245 to Km 561.480 on HAM Mode,MoRTH,Goa,0.0,0.0,-0.477040508871754,0.0,0,LOW,[],Project 617943 is classified as LOW risk. Progress and expenditure appear to be within normal thresholds.
1669,617945,Balance work of NH-66 from design Km 84/00 to Km 87/100 Indapur Bypass and Km 91/600 to Km 99/100 Mangaon Bypass to four lane with paved shoulder in State of Maharashtra under NHO on EPC Mode.,MoRTH,Maharashtra,67.16,0.0,-0.0908500606985669,0.0,0,LOW,[],Project 617945 is classified as LOW risk. Progress and expenditure appear to be within normal thresholds.
1670,617278,KOLARPIMPRI EXPANSION OC [2.5,WCL - CIL,Maharashtra,0.4,0.09676856449386868,-1.0965464727064271,0.0,0,LOW,[],Project 617278 is classified as LOW risk. Progress and expenditure appear to be within normal thresholds.
1671,617279,Transmission System for evacuation of power from Mahan Energen Limited Generating Station in Madhya Pradesh [SPV Name - POWERGRID MEL Power Transmission Limited],Power Grid Corporation of India Limited [POWERGRID],Madhya Pradesh,18.47,32.41935483870968,0.1828136200717175,1.1844973097775164e-13,0,LOW,[],Project 617279 is classified as LOW risk. Progress and expenditure appear to be within normal thresholds.
1672,617280,"Construction of Basement + Ground Floor+ 10 Storeyed building for State of the Art Director General, GSI Building at plot No.GN-40, Sector-V, Salt Lake, Kolkata",Central Public Works Department [CPWD],West Bengal,64.0,38.743783529780316,-0.954732349140426,0.2587442056466721,0,LOW,[],Project 617280 is classified as LOW risk. Progress and expenditure appear to be within normal thresholds.
1673,619172,MADANNAGAR OCP 12 MTY - MDO,SECL - CIL,Chhattisgarh,0.0,0.02420408887741436,0.9491014904340704,0.0,0,LOW,[],Project 619172 is classified as LOW risk. Progress and expenditure appear to be within normal thresholds.
1674,619187,"Slope protection and landslide mitigation at 4 vulnerable locations km 1.950 to Km 2.100, km 11.100 to 11.450, km 22.435 to km 22.485 and km 22.610 to km 22.680 within Sevoke-Rangpo section of NH-10 old NH-31A in Darjeeling & Kalimpong district in the State of West Bengal on EPC mode",NHIDCL,West Bengal,34.47,13.922637420371705,4.566690746699996,0.332876712328775,0,LOW,[],Project 619187 is classified as LOW risk. Progress and expenditure appear to be within normal thresholds.
1675,619191,Kanpur LPG Bottling Plant,Bharat Petroleum Corporation Limited [BPCL],Uttar Pradesh,62.5,65.71782178217822,0.2566336633663435,0.165753424657564,0,LOW,[],Project 619191 is classified as LOW risk. Progress and expenditure appear to be within normal thresholds.
1676,619194,"Construction of Four Lane Gola Flyover at Km 99.850 of NH 730 Major Junction with State Highways -93 of Engineering, Procurement and Construction EPC mode in the State of Uttar Pradesh.",MoRTH,Uttar Pradesh,12.0,0.0,-0.0963998809879571,0.8629343629341977,0,LOW,[],Project 619194 is classified as LOW risk. Progress and expenditure appear to be within normal thresholds.
1677,619196,Change of service of existing Mundra-Panipat Pipeline [Panipat - Churwa section] from Crude oil to Product,Indian Oil Corporation Limited [IOCL],"Multi-States (Gujarat, Haryana, Rajasthan)",43.3,14.637883008356544,-0.3615320334261597,0.6285714285714363,0,LOW,[],Project 619196 is classified as LOW risk. Progress and expenditure appear to be within normal thresholds.
1678,617213,"Varanasi- Pt. Deen Dayal Upadhyaya - Multitracking 15 km, including construction of a new Rail- cum- Road Bridge across Ganga River",CAO/C-II/NR NR mor,Uttar Pradesh,5.0,4.46061206106003,-0.8903126851318959,0.0065703022339249,0,LOW,[],Project 617213 is classified as LOW risk. Progress and expenditure appear to be within normal thresholds.
1679,617216,South Central Railway- 3rd line between Gudur-Renigunta stations 83.17 km PB34/CR/2023-24,CAO/C/SCoR SCoR mor,Andhra Pradesh,0.0,6.09341874301867,-0.2369662844508889,0.1055618615208596,0,LOW,[],Project 617216 is classified as LOW risk. Progress and expenditure appear to be within normal thresholds.
1680,617221,"Construction of Girls Hostel 400 seater, Boys Hostel 600 seater, Academic Block, International Hostel 100 seater, VC Residence and Purchase of Equipment",Central University of Punjab,Punjab,58.0,46.931134176975206,0.1558841651263922,0.0010952902520294,0,LOW,[],Project 617221 is classified as LOW risk. Progress and expenditure appear to be within normal thresholds.
1681,617224,Gorakhpur-Valmikinagar Doubling project,NER,"Multi-States (Bihar, Uttar Pradesh)",32.0,39.52678571428571,2.356125,1.303649635036333,0,LOW,[],Project 617224 is classified as LOW risk. Progress and expenditure appear to be within normal thresholds.
1682,617225,PCMC To Nigdi- Extension Of North South Corridor Of Phase-1,Maharashtra Metro Rail Corporation Limited [MMRCL],Maharashtra,49.12,35.442439956931594,3.3365048671689816,4.64730639730632,0,LOW,[],Project 617225 is classified as LOW risk. Progress and expenditure appear to be within normal thresholds.
1683,617226,Pune Metro Phase-1 Extension line towards south from Swargate to Katraj,Maharashtra Metro Rail Corporation Limited [MMRCL],Maharashtra,9.04,6.433172111977201,2.711930493174889,0.0012180267963591,0,LOW,[],Project 617226 is classified as LOW risk. Progress and expenditure appear to be within normal thresholds.
1684,617231,East Central Railway - Construction of Bulb line at Nabinagar Ankorah 17.49Km PB45/ECoR/2024-25.,CAO/Con/South/MHX ECR mor,Bihar,0.0,0.0,0.3452937522476134,0.0,0,LOW,[],Project 617231 is classified as LOW risk. Progress and expenditure appear to be within normal thresholds.
1685,617233,WAGHODA UG MINE [1.02 MTY],WCL - CIL,Maharashtra,0.11,0.0,0.1048510413920493,0.0,0,LOW,[],Project 617233 is classified as LOW risk. Progress and expenditure appear to be within normal thresholds.
1686,617242,Installation of New Bar Mill at Durgapur Steel Plant,Steel Authority of India Limited [SAIL],West Bengal,67.5,44.225787543017056,-3.135631358015322,0.2698259187622248,0,LOW,[],Project 617242 is classified as LOW risk. Progress and expenditure appear to be within normal thresholds.
1687,619204,"Capacity Augmentation in the stretch of Pimpri Sado Vadape section of NH848 Km. 460900 to Km. 537000 by Construction of Slip/Service Road on either side at various locations total length 25.140 Km LHSRHS, Flyover 2 x 25m at Borivali Junction Km. 528550 & LVUP 1 x 15m at Sherekarpada Km. 528800",NHAI,Maharashtra,1.0,0.4031932908636401,-3.4270623336828487,0.0,0,LOW,[],Project 619204 is classified as LOW risk. Progress and expenditure appear to be within normal thresholds.
1688,619221,Realignment of Rudrapur-Kathgodam Section of NH-87 New NH-109 From Design Chainage 000 Existing Chainage Km.54050 To Design Chainage 7875 Existing Chainage Km.61550 Due To Proposed Expansion Of Pantnagar Airport in the state of Uttarakhand.,NHAI,Uttarakhand,0.0,0.055342530734869756,-22.58172905878172,0.0,0,LOW,[],Project 619221 is classified as LOW risk. Progress and expenditure appear to be within normal thresholds.
1689,619223,Petro Resid Fluidized Catalytic Cracking [PRFCC] Unit and its associated facilities at Mumbai Refinery,Bharat Petroleum Corporation Limited [BPCL],Maharashtra,7.2,0.6869220607661822,-2.836972699251415,0.0,0,LOW,[],Project 619223 is classified as LOW risk. Progress and expenditure appear to be within normal thresholds.
1690,619224,Augmentation of DUPL-DPPL Pipeline,Gas Authority of India Limited [GAIL],Maharashtra,8.2,0.14218009478672985,-2.0263151658767984,0.0029880478087168,0,LOW,[],Project 619224 is classified as LOW risk. Progress and expenditure appear to be within normal thresholds.
1691,619226,Provision of four bitumen tanks with capacity of 5 TMT each at Visakh Refinery,Hindustan Petroleum Corporation Limited,Andhra Pradesh,20.2,3.356042424711621,-0.6403576681891996,1.1857961006873606e-13,0,LOW,[],Project 619226 is classified as LOW risk. Progress and expenditure appear to be within normal thresholds.
1692,619227,Network Expansion Scheme in Maharashtra for removal of Transmission constraints in Pune Region-I [765/400kV AIS Pune East],Power Grid Corporation of India Limited [POWERGRID],Maharashtra,3.92,2.7394366197183095,1.647971830985981,2.95881270540868e-14,0,LOW,[],Project 619227 is classified as LOW risk. Progress and expenditure appear to be within normal thresholds.
1693,619228,Transmission System Strengthening for integration of additional RE Potential at Davanagere [0.25 GW] and Bellary [2.75 GW],Power Grid Corporation of India Limited [POWERGRID],Karnataka,1.0,2.0,-0.4659405940593861,0.4602739726027575,0,LOW,[],Project 619228 is classified as LOW risk. Progress and expenditure appear to be within normal thresholds.
1694,617069,Augmentation of Transformation Capacity at KPS1 [GIS] and KPS2 [GIS] [Phase-V Part B1 and Part B2 Scheme] [SPV Name- POWERGRID KPS1 and 2 Augmentation Transmission Limited],Power Grid Corporation of India Limited [POWERGRID],Gujarat,37.0,33.24034334763948,0.1698068669527972,3.497260273972638,0,LOW,[],Project 617069 is classified as LOW risk. Progress and expenditure appear to be within normal thresholds.
1695,617182,Augmentation of Banaskantha [Raghanesda] PS [GIS] [POWERGRID Banaskantha Transco Limited],Power Grid Corporation of India Limited [POWERGRID],Gujarat,42.0,36.0,3.133779069767453,2.99452054794524,0,LOW,[],Project 617182 is classified as LOW risk. Progress and expenditure appear to be within normal thresholds.
1696,617183,Transmission system strengthening at Kurnool- III PS for integration of additional RE generation projects [POWERGRID Kurnool III PS RE Transmission Limited],Power Grid Corporation of India Limited [POWERGRID],Andhra Pradesh,43.89,31.0,0.916330561330525,0.0029850746267961,0,LOW,[],Project 617183 is classified as LOW risk. Progress and expenditure appear to be within normal thresholds.
1697,617184,Transmission Scheme for integration of Davanagere/ Chitradurga and Bellary REZ in Karnataka [POWERGRID Chitradurga Bellary REZ Transmission Limited],Power Grid Corporation of India Limited [POWERGRID],Karnataka,23.01,16.0,0.5367738198667797,0.0306345733040078,0,LOW,[],Project 617184 is classified as LOW risk. Progress and expenditure appear to be within normal thresholds.
1698,617188,"Sipat Super Thermal Power Project, Stage-III [1x800 MW]",National Thermal Power Corporation [NTPC],Chhattisgarh,22.31,19.513328567051374,-4.48917475232361,3.3105147864182705,0,LOW,[],Project 617188 is classified as LOW risk. Progress and expenditure appear to be within normal thresholds.
1699,617200,KHARSIA- NAYA RAIPUR-PARMALKASA 5th and 6th Line [278KM],CAO/C/SECR,Chhattisgarh,0.0,0.008148880038299736,-0.465027298748175,0.0999999999999133,0,LOW,[],Project 617200 is classified as LOW risk. Progress and expenditure appear to be within normal thresholds.
1700,617201,Gondia-Balharshah [Chanda Fort] Doubling [240 Km],South East Central Railway,Maharashtra,2.0,0.04093262352962699,-2.1931448145913137,0.0,0,LOW,[],Project 617201 is classified as LOW risk. Progress and expenditure appear to be within normal thresholds.
1701,617207,Delhi Metro Rail Phase-IV [2 Corridors],Delhi Metro Rail Corporation Limited [DMRC],Delhi,4.31,2.1813588640695443,-2.7640732349896924,1.1844973097775164e-13,0,LOW,[],Project 617207 is classified as LOW risk. Progress and expenditure appear to be within normal thresholds.
1702,617210,Tirupati-Pakala-Katpadi Doubling 104.39 Km Item83/NR/2024-25,CAO/C/SCoR SCoR mor,"Multi-States (Andhra Pradesh, Tamil Nadu)",0.0,0.0,-0.0270410345849409,0.0,0,LOW,[],Project 617210 is classified as LOW risk. Progress and expenditure appear to be within normal thresholds.
1703,617978,"Rehabilitation, upgradation & widening of existing highway to 2L/4LPS Rigid Pavement of NH 160 section- Phaltan to Mhaishal near Karnataka Border including Tasgaon Bypass, from existing chainage Km 301/430 to Km 458/415 in the State of Maharashtra- Package-II & Package III combined- starting from existing chainage Km 341/300 to Km 394/130 and design chainage Km 340/250 at Dahiwadi Village to Km 392/950 ending at Vita Village in the State of Maharashtra on EPC Mode.",MoRTH,Maharashtra,85.0,33.74382676965937,-1.0337786501202548,0.0,0,LOW,[],Project 617978 is classified as LOW risk. Progress and expenditure appear to be within normal thresholds.
1704,617979,"Rehabilitation, upgradation & widening of existing highway to 2L/4LPS Rigid Pavement of NH 160 section- Phaltan to Mhaisal near Karnataka Border including Tasgaon Bypass, from existing chainage Km 301/430 to Km 458/415 in the State of Maharashtra. Package-I starting from existing chainage Km 301/430 at Phaltan Village Junction of Phaltan Baramati Road Design Chainage -301/430km & ending at existing chainage Km 341/300 Dahiwadi Village Bus Stop Design chainage Km 340466km in the S",MoRTH,Maharashtra,74.29,0.0,0.3869716726618785,0.0,0,LOW,[],Project 617979 is classified as LOW risk. Progress and expenditure appear to be within normal thresholds.
1705,617986,Kurnool/Kadapa Border-Jammalamadugu section of NH-167K i.e. Design Ch. Km 248010 to km 269900 to 2,MoRTH,Andhra Pradesh,95.77,0.0,0.0617161603390232,0.0,0,LOW,[],Project 617986 is classified as LOW risk. Progress and expenditure appear to be within normal thresholds.
1706,617987,Nandyala-Kurnool/Kadapa Border section of NH-167K i.e. Km 186/000 to Km 250/000Design Ch.186000 to 248010 to 2LPS,MoRTH,Andhra Pradesh,49.71,0.0,-1.8904467989765503,4.444298810247422e-14,0,LOW,[],Project 617987 is classified as LOW risk. Progress and expenditure appear to be within normal thresholds.
1707,617988,Sangameswaram - Atmakuru section from Km 96 to Km 124 & Velegodu- Nandyal section including Nandyal Bypass from Km 143/6 to 185/9 NH-167K,MoRTH,Andhra Pradesh,41.98,0.0,-14.118453431593643,0.0,0,LOW,[],Project 617988 is classified as LOW risk. Progress and expenditure appear to be within normal thresholds.
1708,618930,4L PS from Ch. 94.030 in Jabugam Village to Ch. 132.320 in Dhamasiya Village of NH-56 Pkg-III,NHAI,Gujarat,25.82,15.101055146996952,-21.621266176396343,7.407164683745702e-14,0,LOW,[],Project 618930 is classified as LOW risk. Progress and expenditure appear to be within normal thresholds.
1709,618931,4L PS from Ch. 179.780 in Bitada/Movi Village to Ch. 208.900 in Nasarpore Village of NH-56 Pkg-V,NHAI,Gujarat,10.08,10.78244025025523,-16.78072563545461,7.407164683745702e-14,0,LOW,[],Project 618931 is classified as LOW risk. Progress and expenditure appear to be within normal thresholds.
1710,618932,Construction of 6 lane Indore western bypass from km 0000 to Km 34000 Pkg -l in the State of Madhya Pradesh on Hybrid Annuity Mode under NHO,NHAI,Madhya Pradesh,27.6,42.86766143220173,-2.3910145305272845,0.0014306151643584,0,LOW,[],Project 618932 is classified as LOW risk. Progress and expenditure appear to be within normal thresholds.
1711,618934,Guwahati Ring Road in the State of Assam,NHAI,Assam,0.0,5.732118328571404,-0.6738110156787674,0.0,0,LOW,[],Project 618934 is classified as LOW risk. Progress and expenditure appear to be within normal thresholds.
1712,618939,Construction of Standalone Flyover cum ROB from Design Ch.66.600 to Design Ch.68.800 in Gadchandur Town on NH-353B,NHAI,Maharashtra,40.11,19.376927499869325,-33.45313888453289,1.4814329367491404e-14,0,LOW,[],Project 618939 is classified as LOW risk. Progress and expenditure appear to be within normal thresholds.
1713,617962,"Construction of Bypass to Madurai Achambathu Viratipathu in between km 6/850 10/382 of NH 49 Extn New NH 85 including Land Acquisition on Engineering, Procurement & Construction EPC basis Contract under NH O Annual Plan 2021-22 in the state of Tamil Nadu job No.NH-49 Extn New NH 85 - TN-2021-22-997",MoRTH,Tamil Nadu,94.0,52.96062267230196,4.9395321588483325,0.9628040057223044,0,LOW,[],Project 617962 is classified as LOW risk. Progress and expenditure appear to be within normal thresholds.
1714,617964,"Widening to Four Lane rigid pavement configuration from Km 90.00 to Km 100.800 on NH-96 Km 42.0 to Km 53.300 as per new NH-330,design length of 11.300 km under EPC mode in the state of Uttar Pradesh.",MoRTH,Uttar Pradesh,31.09,13.53873978619643,1.7333914672351398,4.801369863013718,0,LOW,[],Project 617964 is classified as LOW risk. Progress and expenditure appear to be within normal thresholds.
1715,617212,Doubling between Mudkhed Medchal & Mahbubnagar Dhone section 417.88 Km,South Central Railway [SCR] - II,"Multi-States (Andhra Pradesh, Maharashtra, Telangana)",21.0,13.658721876873894,-0.8745350601459726,4.801863658656309,0,LOW,[],Project 617212 is classified as LOW risk. Progress and expenditure appear to be within normal thresholds.
1716,619229,"Integrated development of Outer Container Terminal and berth No. 1 though 5 NSD at KDS, SMPK on DBFOT basis through PPP mode",Syama Prasad Mookerjee Port Kolkata,West Bengal,0.0,0.0,0.0248362871733062,0.0,0,LOW,[],Project 619229 is classified as LOW risk. Progress and expenditure appear to be within normal thresholds.
1717,619248,"lmprovement and Widening to 2-lane with Paved Shoulder of NH-13 & 15 Old NH-52 from Existing Km 745.60 Design Km 0.000 to Existing km 770.600 Design Km 24.819 Brahmakund T-junction to Kamlang T-Junction, Existing Length 25.00 Km, Design Length 24.819 Km in the state of Arunachal Pradesh on EPC mode Pkg-1",NHIDCL,Arunachal Pradesh,14.69,5.8630298362067,0.4916517523392032,0.373461012311915,0,LOW,[],Project 619248 is classified as LOW risk. Progress and expenditure appear to be within normal thresholds.
1718,619251,Construction of two lane with paved shoulder of Ghatol Bypass from km 133.250 to km 140.950 of NH-56 old NH No. 113 on EPC mode in the State of Rajasthan.,MoRTH,Rajasthan,17.0,0.0,-0.1429409349522573,0.0,0,LOW,[],Project 619251 is classified as LOW risk. Progress and expenditure appear to be within normal thresholds.
1719,619253,Construction of 4 lane Bypass to Nalgonda Town lrorn Km 000 Existing Ch. 181590 to Km 14.00 Existing Ch. 28/685 ol Nakrekal to Nagarjunsagar Section of NH -565 in the State of Telangara on EPC under Annual Plan 2024 -25,MoRTH,Telangana,55.62,0.0,-1.919503264428394,1.5520547945205576,0,LOW,[],Project 619253 is classified as LOW risk. Progress and expenditure appear to be within normal thresholds.
1720,619265,Rehabilitation & Upgradation of Thorrur to Nehru Nagar section to Two Lane with Paved shoulders from Km 109/420 to Km 178/500 of NH 930P in the state of Telangana on EPC mode under Annual Plan 2022-2023,MoRTH,Telangana,0.0,0.0,0.3229254571025529,0.551983584131383,0,LOW,[],Project 619265 is classified as LOW risk. Progress and expenditure appear to be within normal thresholds.
1721,619270,"Upgradation of 6 laned Jaipur- Kishangarh section of NH-48 from km 274100 to 363885 involving construction of flyovers and Service road in Rajasthan On Engineering, Procurement & Construction EPC Mode",NHAI,Rajasthan,0.0,0.0,0.5814734715834478,0.0,0,LOW,[],Project 619270 is classified as LOW risk. Progress and expenditure appear to be within normal thresholds.
1722,619271,Construction of Elevated Corridor at Kherwara Town on Udaipur Ratanpur Shamlaji Section of NH-48 in Udaipur District in the State of Rajasthan on EPC mode,NHAI,Rajasthan,0.0,0.10442716205446702,-9.320976119156835,0.0,0,LOW,[],Project 619271 is classified as LOW risk. Progress and expenditure appear to be within normal thresholds.
1723,619293,Construction of 4 Lane Access Controlled Bypass for Dehradun on NH307 from Design Chainage km 0050 Jhajra on NH-07 to Design Chainage km 12220 Asharori on EPC Mode in the State of Uttarakhand under NHO,NHAI,Uttarakhand,62.79,26.78603852116709,-39.37299048842824,0.5835616438356064,0,LOW,[],Project 619293 is classified as LOW risk. Progress and expenditure appear to be within normal thresholds.
1724,619294,Road Safety Improvement of existing four lane section of Dehradun-Lal Tappar-Nepali Farm Section of NH-7 and Nepali Farm-Motichur NH-34 on EPC Mode in Uttarakhand under NHO.,NHAI,Uttarakhand,5.13,1.506931050272663,-35.03502296474112,1.1857961006873606e-13,0,LOW,[],Project 619294 is classified as LOW risk. Progress and expenditure appear to be within normal thresholds.
1725,619295,Four/Six laning of Bhaniyawala-Jollygrant-Rishikesh spur section of NH-07 from Km. 0.000 to Km 19.780,NHAI,Uttarakhand,0.0,1.7981493204746575,-25.718720956857823,3.0898458395053513e-14,0,LOW,[],Project 619295 is classified as LOW risk. Progress and expenditure appear to be within normal thresholds.
1726,619297,Upgradation of Existing Two Lane Carriageway to Two Lane Carriageway with Paved Shoulder from Ch. 665686 Existing Km. 665.686 in Khanpur Village in Vansda Taluka to Ch. 710470 Existing Km. 710.483 in Karvad Village in Vapi Taluka Length 44.784 Km Section of NH-56 in the State of Gujarat on EPC Mode,NHAI,Gujarat,0.0,1.4276885043263288,-8.611109394313946,0.0,0,LOW,[],Project 619297 is classified as LOW risk. Progress and expenditure appear to be within normal thresholds.
1727,619298,Construction of 6 Lane Elevated corridor from KM 612582 to KM 617540 including construction of Service Roads in Kolhapur City on NH -48 in the State of Maharashtra on EPC mode under NHO,NHAI,Maharashtra,0.0,0.005774783445620789,0.7717131857555346,1.1840650114892764e-13,0,LOW,[],Project 619298 is classified as LOW risk. Progress and expenditure appear to be within normal thresholds.
1728,619299,Construction of a 6-Lane Elevated Corridor from Km 593766 to Km 596620 Including Construction of Service Roads in Kagal City on NH-48 in the State of Maharashtra on EPC Mode.,NHAI,Maharashtra,0.0,0.022346992932763484,-3.413978044079364,0.0,0,LOW,[],Project 619299 is classified as LOW risk. Progress and expenditure appear to be within normal thresholds.
1729,619300,Construction of Four Lane Nagpur-Katol section of NH-353J including Mitigation Structures from Design Ch. 37000 to Ch. 45990 Tiger Corridor-I Mitigation Structures from Design Ch. 37000 to Ch. 45990 Tiger Corridor-I in the State of Maharashtra on EPC Mode,NHAI,Maharashtra,0.0,0.0,-31.482140481575072,0.0,0,LOW,[],Project 619300 is classified as LOW risk. Progress and expenditure appear to be within normal thresholds.
1730,619311,Kalai-II Hydro Electric Project [1200 MW],THDC India Limited,Arunachal Pradesh,0.0,1.3446922300920967,1.4125797631192631,0.0172631578945866,0,LOW,[],Project 619311 is classified as LOW risk. Progress and expenditure appear to be within normal thresholds.
1731,619312,Bulk Loading Hub- Kanpur,Bharat Petroleum Corporation Limited [BPCL],Uttar Pradesh,62.5,56.04301075268817,2.715483870967747,0.165753424657564,0,LOW,[],Project 619312 is classified as LOW risk. Progress and expenditure appear to be within normal thresholds.
1732,619313,Setting up of 50 MW [plus/minus 5 percent] Wind Power Plant for Captive Consumption at MR,Bharat Petroleum Corporation Limited [BPCL],Maharashtra,77.9,78.78047770832471,0.4130272798774197,0.0,0,LOW,[],Project 619313 is classified as LOW risk. Progress and expenditure appear to be within normal thresholds.
1733,619314,Pipeline Replacement Project- PRP-IX,Oil and Natural Gas Corporation Limited [ONGC],Offshore,23.5,14.65394973070018,-5.702281567923405,1.852664576802385,0,LOW,[],Project 619314 is classified as LOW risk. Progress and expenditure appear to be within normal thresholds.
1734,619316,"Group Gathering Station, Lakwagaon",Oil India Limited,Assam,7.8,4.0436651264149805,0.4962368086521841,7.407164683745702e-14,0,LOW,[],Project 619316 is classified as LOW risk. Progress and expenditure appear to be within normal thresholds.
1735,619321,Balance work of widening to two laning/re-alignment and geometric improvement from Km. 11000 to Km. 114618 with rectification of damaged stretches and provision of protection works in vulnerable location of NH-44 in the State of Mizoram.,MoRTH,Mizoram,2.0,0.0,0.2564342536263806,0.0,0,LOW,[],Project 619321 is classified as LOW risk. Progress and expenditure appear to be within normal thresholds.
1736,619326,Nidadavolu-Duvvada 3rd & 4th Lines,South Central Railway [SCR] - II,Andhra Pradesh,0.01,0.0,3.887250183027154,0.0,0,LOW,[],Project 619326 is classified as LOW risk. Progress and expenditure appear to be within normal thresholds.
1737,616701,Lumding-Furkating section 140 km Umbrella work PB57/2019-20/NR,CAO/C-1/NFR NFR mor,Assam,1.0,9.428356170833922,2.9908979611057407,0.0694980694980162,0,LOW,[],Project 616701 is classified as LOW risk. Progress and expenditure appear to be within normal thresholds.
1738,616839,Gunupur - Therubali new line 73.62 km,CAO/C/ECOR ECoR mor,Odisha,0.0,0.16725420065357793,1.9602706944908557,0.1519083969465152,0,LOW,[],Project 616839 is classified as LOW risk. Progress and expenditure appear to be within normal thresholds.
1739,616857,Doubling between Motumari Vishnupuram 88.81 km and Rail over Rail RoR at Motumari 10.877 Km,CAO/C/SCoR SCoR mor,"Multi-States (Andhra Pradesh, Telangana)",22.0,20.533358403058507,0.0694055341418096,1.7826736370425955,0,LOW,[],Project 616857 is classified as LOW risk. Progress and expenditure appear to be within normal thresholds.
1740,616879,Demo Bio-ATF Project,Mangalore Refinery and Petrochemicals Limited,Karnataka,54.8,25.107142857142854,-0.5118681318681648,3.636100386100225,0,LOW,[],Project 616879 is classified as LOW risk. Progress and expenditure appear to be within normal thresholds.
1741,616886,Delhi University Eastern Campus at Surajmal Vihar,Delhi University,Delhi,14.0,8.453083109919572,-0.1671045576407431,3.0777202072536483,0,LOW,[],Project 616886 is classified as LOW risk. Progress and expenditure appear to be within normal thresholds.
1742,618038,Construction of Shopian Bypass on NH-444 taking off from existing chainage Km 36500 and re-joining at km 47588 of existing Chainage New Design Ch. From km 28000 to km 36925 as 2- lane with paved shoulder in the UT of Jammu & Kashmir on EPC mode.,MoRTH,Jammu and Kashmir,3.0,0.0,-0.2369898413830516,7.407164683745702e-14,0,LOW,[],Project 618038 is classified as LOW risk. Progress and expenditure appear to be within normal thresholds.
1743,618039,Widening to 2 Lane from Existing Chainage Km 74.700 Km 100.660 Design Chainage Km 53.365 to Km 78.785 on NH- 507 in the State of Uttarakhand.,MoRTH,Uttarakhand,31.75,0.0,-0.0181938757857486,1.1844973097775164e-13,0,LOW,[],Project 618039 is classified as LOW risk. Progress and expenditure appear to be within normal thresholds.
1744,618040,Rehabilitation and Upgradation to Two lanes with Paved Shoulders configuration and Strengthening from Km 175.00 to Km 196.00 Gumkhal to Satpuli of NH-119 New NH- 534 in the State of Uttarakhand under NHO Annual Plan 2021-22 under EPC mode,MoRTH,Uttarakhand,42.0,0.0,-0.1120999977915862,1.0780821917808268,0,LOW,[],Project 618040 is classified as LOW risk. Progress and expenditure appear to be within normal thresholds.
1745,618010,Development to 4-lane with paved shoulder for the road section Talwandi Sabo- Raman road to refinery Road junction with Bathinda Dabwali Road of NH-254 from existing Km 131.600 to Km 155.650 Design Km 131600 to km 155600 in the State of Punjab. Job No NH-254-PB-2022-23-565,MoRTH,Punjab,45.0,0.0,1.6935262589861912,3.562841530054613,0,LOW,[],Project 618010 is classified as LOW risk. Progress and expenditure appear to be within normal thresholds.
1746,618014,"Upgradation of Ambikapur-Ramanujganj-Garwa road of NH-343, Package-III, Badki mahri village to Ramanujganj section from existing km 80.600 to km 110.330 Design Ch. 85.370 to Ch. 114.800 of total length 29.430 km to two lane with paved shoulders udner corridor scheme under EPC Mode in the of Chhattisgarh",MoRTH,Chhattisgarh,38.56,26.626475759859332,-0.1842250690781968,1.8532818532816444,0,LOW,[],Project 618014 is classified as LOW risk. Progress and expenditure appear to be within normal thresholds.
1747,618016,"Upgradation of Ambikapur Ramanujganj - Garhwa Road NH 343 of Package-I, Rajpuri Khurd Village to Padih Village section from existing km 7.830 to km 57.650 Design Ch. 13.700 to Ch. 62.700 of total length 49.00 km to two lane with paved shoulders under EPC mode in the state of Chhattisgarh",MoRTH,Chhattisgarh,28.07,19.290962157809986,-0.2011372785829143,1.4814329367491404e-14,0,LOW,[],Project 618016 is classified as LOW risk. Progress and expenditure appear to be within normal thresholds.
1748,618021,Up-gradation of Pichhore- Dinara section of NH-346 from Km 292.750 to 334.550 to two lane with paved shoulders in the state of Madhya Pradesh on EPC mode,MoRTH,Madhya Pradesh,36.85,0.0,-0.2579524379649908,1.672760511882878,0,LOW,[],Project 618021 is classified as LOW risk. Progress and expenditure appear to be within normal thresholds.
1749,617997,Widening of existing 2 lane to 4 lane with paved shoulder from Designed km 25.15 to km 56.70 Except Km 52.70 to 53.50 of NH-169 Nellisara Camp to Thirthahalli of NH- 169 on Shimoga-Mangalore section in the state of Karnataka on EPC mode under Annual plan 2022-23 NH-169-KNT-2022-23-978 dated 08.03.2023,MoRTH,Karnataka,6.0,3.829518664958883,-0.7401384789591057,1.4814329367491404e-14,0,LOW,[],Project 617997 is classified as LOW risk. Progress and expenditure appear to be within normal thresholds.
1750,616933,Lube Modernization & Bottom Upgradation Project at Mumbai Refinery,Hindustan Petroleum Corporation Limited,Maharashtra,14.1,6.730070527890575,-0.932818978414153,4.225969645868653,0,LOW,[],Project 616933 is classified as LOW risk. Progress and expenditure appear to be within normal thresholds.
1751,616983,Kosamba Umarpada GC PROJECT,Ministry of Railways-,Gujarat,16.0,15.086188459728819,0.4940758800633674,0.0,0,LOW,[],Project 616983 is classified as LOW risk. Progress and expenditure appear to be within normal thresholds.
1752,617068,"Augmentation of Transformation Capacity by 3x500 MVA, 400/220 KV ICTS [6th-8th] and 1x1500 MVA, 765/400 KV ICT [4th] at Bidar PS [SPV Name- POWERGRID Bidar Augmentation Transmission Limited]",Power Grid Corporation of India Limited [POWERGRID],Karnataka,18.75,10.0,-0.0155902777777722,0.1811764705881579,0,LOW,[],Project 617068 is classified as LOW risk. Progress and expenditure appear to be within normal thresholds.
1753,619341,"Telangana Super Thermal Power Project , Stage-II [3 x 800 MW]",National Thermal Power Corporation [NTPC],Telangana,0.97,2.4977466233427674,4.394015985769342,0.2204502814258144,0,LOW,[],Project 619341 is classified as LOW risk. Progress and expenditure appear to be within normal thresholds.
1754,619347,Balance Work Estimate of Rehabilitation and Up-gradation of NH- 43 from Km. 468.600 to Km. 531.250 Pathalgaon to kunkuri Section to two-lane with paved shoulder in the State of Chhattisgarh on SBD mode under NHO under Annual plan 2025-26,MoRTH,Chhattisgarh,0.0,0.0,-0.0609962219129237,2.95881270540868e-14,0,LOW,[],Project 619347 is classified as LOW risk. Progress and expenditure appear to be within normal thresholds.
1755,635651,"New Product Testing Laboratory for NPM, SPP & NHSM at RSP",Steel Authority of India Limited (SAIL,Odisha,71.75,36.2231096225686,-0.1360298853535579,0.0,0,LOW,[],Project 635651 is classified as LOW risk. Progress and expenditure appear to be within normal thresholds.
1756,660056,Amended BharatNet Program - KL,Department of Telecommunications,PAN India,1.63,12.411764705882353,0.0422875816993569,1.1840650114892764e-13,0,LOW,[],Project 660056 is classified as LOW risk. Progress and expenditure appear to be within normal thresholds.
1757,665021,Amended BharatNet Program - UKD,Department of Telecommunications,PAN India,20.54,11.524986271279516,-1.7028061504667773,0.0,0,LOW,[],Project 665021 is classified as LOW risk. Progress and expenditure appear to be within normal thresholds.
1758,701113,"Development of Lal Bahadur Shastri International airport, Varanasi including C/o New Terminal Building, Apron Extension, Runway Extension, PTT and allied works.",Airport Authority of India [AAI],Uttar Pradesh,33.0,26.028609760772213,-0.774993466102213,1.1851463493993126e-13,0,LOW,[],Project 701113 is classified as LOW risk. Progress and expenditure appear to be within normal thresholds.
1759,618041,Rehabilitation and upgrading to two lanes with paved shoulders and Strengthening of Kotdwar-Pauri-Srinagar road section from Km 232.00 to 274.470 on NH-119 New 534 Paidul to Srinagar in the State of Uttarakhand on EPC Mode under NHO Annual Plan 2021-22.,MoRTH,Uttarakhand,2.0,0.0,0.3163275533729079,0.0,0,LOW,[],Project 618041 is classified as LOW risk. Progress and expenditure appear to be within normal thresholds.
1760,618044,Upgradation of Shahdol- Sagartola Section of NH 543 from km 0000 to km 69400 to 2 lane with paved shoulders under Hybrid Annuity Mode HAM in the State of Madhya Pradesh,MoRTH,Madhya Pradesh,0.0,0.0,-3.097369039229529,0.0793433652531034,0,LOW,[],Project 618044 is classified as LOW risk. Progress and expenditure appear to be within normal thresholds.
1761,618047,"Widening, Reconstruction & Up-gradation to 2 lane with Paved Shoulder/Four Lane configuration for the work of Ahmednagar to Sabalkhed & Ashti to Chinchpur Section of NH-561 from Design km 2915 to km 37728 & Design km 55100 to km 70000 in the State of Maharashtra on EPC mode. Length 49.713 km",MoRTH,Maharashtra,88.56,0.0,-0.8641426745387729,0.0,0,LOW,[],Project 618047 is classified as LOW risk. Progress and expenditure appear to be within normal thresholds.
1762,618052,Gorantla - Hindupur section from Km 120/300 to 165/000 of NH716G in the State of Andhra Pradesh,MoRTH,Andhra Pradesh,37.7,0.0,-7.888710275751324,7.407164683745702e-14,0,LOW,[],Project 618052 is classified as LOW risk. Progress and expenditure appear to be within normal thresholds.
1763,618053,Muddanur to B. Kothapalli section of NH-716G from Km. 0/000 to Km. 56/500 56.500 Km in the State of Andhra Pradesh on EPC mode Job no. 741,MoRTH,Andhra Pradesh,33.55,0.0,0.6377932684295115,7.407164683745702e-14,0,LOW,[],Project 618053 is classified as LOW risk. Progress and expenditure appear to be within normal thresholds.
1764,618898,Balance Works for Four laning of Vikravandi to Sethiyathope section from Km 0.0 to Km 65.96 of NH-45C in Tamil Nadu under NHDP Phase-IV on EPC mode,NHAI,Tamil Nadu,37.62,22.707772724537254,-23.465624113414087,1.9643835616438787,0,LOW,[],Project 618898 is classified as LOW risk. Progress and expenditure appear to be within normal thresholds.
1765,618907,2L/4L of Hoshiarpur to Una section including Hoshiarpur Bypass of NH 503A,NHAI,"Multi-States (Himachal Pradesh, Punjab)",26.43,45.120243637763856,-13.786624426786236,3.105479452054837,0,LOW,[],Project 618907 is classified as LOW risk. Progress and expenditure appear to be within normal thresholds.
1766,618034,Construction of 2 lane Barpeta Bypass from Km 77900Baradi to Km 86150 Deurikuchi Length8.25Km on NH-427 in the state of Assam under EPC ModeJob No.427/AS/2022-23/245,MoRTH,Assam,20.0,6.553412035704002,0.3054995680966419,0.3003663003664796,0,LOW,[],Project 618034 is classified as LOW risk. Progress and expenditure appear to be within normal thresholds.
1767,616587,Badampahar-Kendujhargarh new line [82.06 km],CAO/C/SER,Odisha,0.0,0.1252852238073913,-0.1206363423111933,1.6723392430312462e-13,0,LOW,[],Project 616587 is classified as LOW risk. Progress and expenditure appear to be within normal thresholds.
1768,616588,Buramara - Chakulia 59.96 km PB9/SECR/2023-24,CAO/C/SER SER mor,"Multi-States (Jharkhand, Odisha, West Bengal)",2.0,0.8018476763550882,-1.6742990686230843,0.122176591375892,0,LOW,[],Project 616588 is classified as LOW risk. Progress and expenditure appear to be within normal thresholds.
1769,616672,System Strengthening at Koppal-II and GadagII for integration of RE generation projects [SPV Name POWERGRID Koppal Gadag Augmentation Transmission Limited],Power Grid Corporation of India Limited [POWERGRID],Karnataka,38.07,25.0,-0.9065140324962953,1.6753688989782918,0,LOW,[],Project 616672 is classified as LOW risk. Progress and expenditure appear to be within normal thresholds.
1770,616695,Construction of Paradeep- Badabandha 3rd & 4th line 18.51 km PB34/ECOR/2023-24,CAO/C/ECOR ECoR mor,Odisha,7.0,7.163085124104615,2.414792603698148,1.1840650114892764e-13,0,LOW,[],Project 616695 is classified as LOW risk. Progress and expenditure appear to be within normal thresholds.
1771,701172,AIIMS Darbhanga,PMSSY AND Institute of NATIONAL Importance,Bihar,1.12,2.010398440732377,-0.5707926443243352,0.0,0,LOW,[],Project 701172 is classified as LOW risk. Progress and expenditure appear to be within normal thresholds.
1772,616221,"Extension of Aqua Line Metro Corridor from Noida Sector-142 station to Botanical Garden, Noida of Noida Metro Rail Corporation",Noida Metro Rail Corporation Ltd. [NMRCL],Uttar Pradesh,0.0,0.0,-0.0847162153169284,0.0,0,LOW,[],Project 616221 is classified as LOW risk. Progress and expenditure appear to be within normal thresholds.
1773,616225,CHUPERBHITA SIMLONG OCP MDO 6,ECL - CIL,Jharkhand,0.05,0.0,1.6589247048250797,0.0,0,LOW,[],Project 616225 is classified as LOW risk. Progress and expenditure appear to be within normal thresholds.
1774,616226,INTEGRATED KULDA GARJANBAHAL O,MCL - CIL,Odisha,10.43,19.440437771853514,0.3588803142977172,0.056598564328906,0,LOW,[],Project 616226 is classified as LOW risk. Progress and expenditure appear to be within normal thresholds.
1775,616227,3rd line between Chandil - Anara- Damodar section 121.26 km,CAO/C/SER SER mor,"Multi-States (Jharkhand, West Bengal)",0.0,0.46945926780917285,-3.9597879928157504,1.1844973097775164e-13,0,LOW,[],Project 616227 is classified as LOW risk. Progress and expenditure appear to be within normal thresholds.
1776,616229,AMAL GONDEGAON GHATROHANA EXPN,WCL - CIL,Maharashtra,2.55,0.4412600592335537,0.4724025488378287,0.0012180267963591,0,LOW,[],Project 616229 is classified as LOW risk. Progress and expenditure appear to be within normal thresholds.
1777,616230,PARASCOLE JAMBAD OCP,ECL - CIL,West Bengal,0.23,0.9894851493443928,0.8605839721839027,0.4015101043749924,0,LOW,[],Project 616230 is classified as LOW risk. Progress and expenditure appear to be within normal thresholds.
1778,616231,BHUBANESWARI EXPN OCP 50 MTY,MCL - CIL,Odisha,34.03,8.90245925009364,-0.8071230109553625,0.0927897779131034,0,LOW,[],Project 616231 is classified as LOW risk. Progress and expenditure appear to be within normal thresholds.
1779,616232,HINGULA II OC EXPN PH III 15 M,MCL - CIL,Odisha,33.55,18.19765022249256,-1.545692608124833,0.0,0,LOW,[],Project 616232 is classified as LOW risk. Progress and expenditure appear to be within normal thresholds.
1780,616234,PELMA OC MDO,SECL - CIL,Chhattisgarh,23.75,0.9686731901868942,-0.1026237072763344,0.0,0,LOW,[],Project 616234 is classified as LOW risk. Progress and expenditure appear to be within normal thresholds.
1781,616236,JARANGDIH EXPN. OCP 1.5 MTY,CCL - CIL,Jharkhand,32.99,23.0070418749664,-0.0054023544588854,0.0,0,LOW,[],Project 616236 is classified as LOW risk. Progress and expenditure appear to be within normal thresholds.
1782,616253,BLOCK E OCP,BCCL - CIL,Jharkhand,4.18,0.3473011521442257,-0.4541321487721602,1.1844973097775164e-13,0,LOW,[],Project 616253 is classified as LOW risk. Progress and expenditure appear to be within normal thresholds.
1783,616254,Visakh Raipur Pipeline Project,Hindustan Petroleum Corporation Limited,"Multi-States (Chhattisgarh, Odisha)",38.4,25.76853526220615,-0.1742224231464882,0.0,0,LOW,[],Project 616254 is classified as LOW risk. Progress and expenditure appear to be within normal thresholds.
1784,616586,Bangriposi - Gorumahisani 85.60 km PB9/SECR/2023-24,CAO/C/SER SER mor,"Multi-States (Odisha, West Bengal)",2.0,0.3220987975271978,-0.1703334229275907,0.1842915811089294,0,LOW,[],Project 616586 is classified as LOW risk. Progress and expenditure appear to be within normal thresholds.
1785,618086,"Widening to Two Lane with Paved Shoulders from KB Cross to Chunchanahalli ie., Design Ch. 485240 Km Existing Km 494.000 to Design Ch. 523393 Km Existing km 533.152 & From Design Ch. 530393 Existing Km 540.175 to Design Ch. 534476 Existing Km 544.200 at Nelligere of NH-150A on EPC mode under Annual Plan 2022-23 NH-150A-KNT-2022-23-977 dated 08.03.2023",MoRTH,Karnataka,48.5,1.3008683255572835,-5.731434681182036,0.0,0,LOW,[],Project 618086 is classified as LOW risk. Progress and expenditure appear to be within normal thresholds.
1786,618088,Nandurshingote to Kolhar,MoRTH,Maharashtra,41.93,9.948126093495809,0.0916848276497992,0.0018248175183766,0,LOW,[],Project 618088 is classified as LOW risk. Progress and expenditure appear to be within normal thresholds.
1787,618061,"Strengthening, Widening & Up-gradation of newly declared NH-761 from NH- 61Junction-BelheAlkutiDevibhoyareNighojShirur, from Design chainage Km 0.000 to Km 37.970 from Single/Intermediate/2L to 2LPS in the State of Maharashtra on EPC Mode Length 37.970 Km",MoRTH,Maharashtra,62.5,14.82028174849803,-0.014216904909846,0.8688524590163236,0,LOW,[],Project 618061 is classified as LOW risk. Progress and expenditure appear to be within normal thresholds.
1788,618066,Construction of Amethi bypass Part-II at km.30.050 of NH-931 under EPC mode in the state of Uttar Pradesh,MoRTH,Uttar Pradesh,48.0,13.629958430212074,1.3268160360742016,4.836986301369887,0,LOW,[],Project 618066 is classified as LOW risk. Progress and expenditure appear to be within normal thresholds.
1789,618067,"Rehabilitation & Up-gradation from design Km. 0.000 to Km. 69.280 of NH-931 Pratapgarh - Amethi - Gauriganj -Musafirkhana to two lane with paved shoulder on Engineering, Procurement & Construction EpC mode in the State of Uttar Pradesh",MoRTH,Uttar Pradesh,9.32,2.2360305624597254,-1.7888612722083015,0.0013698630137506,0,LOW,[],Project 618067 is classified as LOW risk. Progress and expenditure appear to be within normal thresholds.
1790,618069,Upgradation to Two-lane with paved shoulder of Hanumangarh to Kenchiyan section from Km 0.000existing chainage-Km 23.200 to Km 49.605existing chainage-Km 74.645 of NH-54 in the State of Rajasthan on EPC mode.,MoRTH,Rajasthan,72.0,0.0,-0.9510817595028376,1.58082191780827,0,LOW,[],Project 618069 is classified as LOW risk. Progress and expenditure appear to be within normal thresholds.
1791,618074,Pre construction activity of NH 122B from km 0 to 72.348 and Improvement to two lane with paved shoulders of NH 122B from km 29.730 to km 72.348 in state of Bihar under EPC mode,MoRTH,Bihar,96.0,24.70252870618004,0.0076709959483455,0.0,0,LOW,[],Project 618074 is classified as LOW risk. Progress and expenditure appear to be within normal thresholds.
1792,618881,4L PS bijni to mandi section from Km 202.815 to Km 208.000 of NH-20 New NH-154 of Pathankot-Mandi Package-VB,NHAI,Himachal Pradesh,35.3,49.152755565937724,3.461447233652557,0.0,0,LOW,[],Project 618881 is classified as LOW risk. Progress and expenditure appear to be within normal thresholds.
1793,618882,Construction of additional 3-Lane Bridge over River Ganga for connection between Buxar and Bharauli on NH-922 in the State of Uttar Pradesh and Bihar on Hybrid Annuity Mode,NHAI,"Multi-States (Bihar, Uttar Pradesh)",22.26,8.861759560580124,-18.368446793702294,0.0,0,LOW,[],Project 618882 is classified as LOW risk. Progress and expenditure appear to be within normal thresholds.
1794,618886,Road Safety Improvement of Critical Junctions on MuzaffarnagarHaridwar Section of NH-334 from Km 143000 to Km 196000,NHAI,"Multi-States (Uttar Pradesh, Uttarakhand)",22.64,17.63177742395039,-64.66089834911585,7.407164683745702e-14,0,LOW,[],Project 618886 is classified as LOW risk. Progress and expenditure appear to be within normal thresholds.
1795,618892,"4 Lane with Paved Shoulder from Dareota Village to Kalar Bala NH 205, Design Chainage -Km 33185 to Km 41000, Design Length-7.815 Km Package-IIB",NHAI,Himachal Pradesh,0.68,0.5307951855768746,-0.0179181145186857,0.0848153214774692,0,LOW,[],Project 618892 is classified as LOW risk. Progress and expenditure appear to be within normal thresholds.
1796,618101,Kondamodu to Perecherla Section Design Ch. Km 000 to Km 49917 of NH-167AG to to 4LPS,MoRTH,Andhra Pradesh,37.95,0.0,1.406404192329929,0.6287671232876896,0,LOW,[],Project 618101 is classified as LOW risk. Progress and expenditure appear to be within normal thresholds.
1797,618106,Widening and Strengthening to 2/4 lane with paved shoulders of Mahabubnagar Chincholi section from Km 0/0 to Km 60/255 of NH-167N in the state of Telangana under Annual plan 2021-22 on EPC modepackage-I under NHO Job No.167N-TS- 2021-22-75,MoRTH,Telangana,90.69,43.29382673942701,2.11104479308777,0.0,0,LOW,[],Project 618106 is classified as LOW risk. Progress and expenditure appear to be within normal thresholds.
1798,618107,Upgradation of Mehsana-Visnagar-vadnagar-Kheralu-Idar section from km 0/00 to 81/300 of NH 168G Mehsana to Idar in the State of GujaratTotal Length 81.300 Km on Hybrid Annuity Mode HAM,MoRTH,Gujarat,23.0,36.4937976644939,0.9135049038704416,1.1844973097775164e-13,0,LOW,[],Project 618107 is classified as LOW risk. Progress and expenditure appear to be within normal thresholds.
1799,618866,"Four Lane Highway from Chandan Nagar Existing Km. 59.025 of NH 530B/Design Km. 179.5000 to Bareilly BypassStartExisting Km. 59.025 of NH 530B/Design Km. 218.000 Section of NH 530B, in the State of Uttar Pradesh on HAM Mode under NH0",NHAI,Uttar Pradesh,34.5,23.40346653827636,-29.07560423688008,2.4712328767123664,0,LOW,[],Project 618866 is classified as LOW risk. Progress and expenditure appear to be within normal thresholds.
1800,618879,Rehabilitation and Upgradation to 2L PS configuration & Strengthening of Padhar to Bijni section from Km 180.000 to Km 202.815 of NH-154 Pkg-VA,NHAI,Himachal Pradesh,99.86,71.55963302752293,-0.3554455020088876,0.0,0,LOW,[],Project 618879 is classified as LOW risk. Progress and expenditure appear to be within normal thresholds.
1801,618076,Improvement and Widening two lannig with paved Shoulder of NH 127B from km 31.500 Goeragre to km 63.224 Package-II in state of Meghalaya,MoRTH,Meghalaya,4.5,0.0,-18.6916269841271,1.0027397260274291,0,LOW,[],Project 618076 is classified as LOW risk. Progress and expenditure appear to be within normal thresholds.
1802,618079,Construction of Dharmagarh Bypass on NH-130C including land acquisition in the state of Odisha on EPC Mode under Annual plan 2022-23.,MoRTH,Odisha,15.0,0.0,0.3948801112011444,4.6970802919708845,0,LOW,[],Project 618079 is classified as LOW risk. Progress and expenditure appear to be within normal thresholds.
1803,701399,Kudali Irrigation Project,"Department of Water Resources, River Development & GR",Chhattisgarh,86.31,65.14949383975515,0.0455675011118215,3.6276522929500494,0,LOW,[],Project 701399 is classified as LOW risk. Progress and expenditure appear to be within normal thresholds.
1804,615858,Kalyanikhani Opencast Project,Singareni Collieries Company Limited [SCCL],Telangana,77.0,79.20222731057453,-0.0065049958368411,3.781773093614384,0,LOW,[],Project 615858 is classified as LOW risk. Progress and expenditure appear to be within normal thresholds.
1805,615914,GHONSA EXPANSION DEEP OC MINE,WCL - CIL,Maharashtra,12.98,8.51063829787234,0.4921227870714982,0.0110688343133579,0,LOW,[],Project 615914 is classified as LOW risk. Progress and expenditure appear to be within normal thresholds.
1806,615916,AMLG GAURI PAUNI EXPANSION OC,WCL - CIL,Maharashtra,4.21,7.510549211971824,0.903037030386799,0.0708333333332352,0,LOW,[],Project 615916 is classified as LOW risk. Progress and expenditure appear to be within normal thresholds.
1807,615918,RPR OF BHANEGAON OC,WCL - CIL,Maharashtra,16.06,10.651530108588352,-0.0108094768015875,1.7958167330676862,0,LOW,[],Project 615918 is classified as LOW risk. Progress and expenditure appear to be within normal thresholds.
1808,615919,N. EXTN. MUNGOLI NIRGUDA D OCP,WCL - CIL,Maharashtra,27.92,21.295528387858443,-0.0107911914215504,0.7612456747404126,0,LOW,[],Project 615919 is classified as LOW risk. Progress and expenditure appear to be within normal thresholds.
1809,618139,Rehabilitation and Up-gradation of Gangakhed Loha section of NH-361F from Km 169/00 to 210/00 to two lane with paved shoulder/ four lane configuration in the state of Maharashtra on EPC mode Length - 41.00 Km.,MoRTH,Maharashtra,43.46,0.0,-0.0190921378688829,1.573359073358983,0,LOW,[],Project 618139 is classified as LOW risk. Progress and expenditure appear to be within normal thresholds.
1810,618140,Widening to two/four lane with paved shoulders from Km.34.250 to Km.71.830 of NH- 365A on Kodad-Khammam-Kurvi road.,MoRTH,Telangana,13.33,4.109834888729361,0.166547020818372,1.057224606580671,0,LOW,[],Project 618140 is classified as LOW risk. Progress and expenditure appear to be within normal thresholds.
1811,618114,"Improvement and up-gradation of NH-227B 84 Kosi Parikrama Marg PackageV, from Design Km.140.960 Patranga to Km.160.200 Bahuvan Madar Majha on EPC mode in the State of Uttar Pradesh",MoRTH,Uttar Pradesh,4.0,0.0,0.7158337037566296,1.1857961006873606e-13,0,LOW,[],Project 618114 is classified as LOW risk. Progress and expenditure appear to be within normal thresholds.
1812,618116,lmprovement and Up-gradation from Km. 73.300 Bikapur to Km.140.960 Patranga of NH-227B 84 Kosi Parikrama Marg to 2LPS along with Parikrama Path,MoRTH,Uttar Pradesh,40.45,10.292603065932429,-11.13053132906682,0.0,0,LOW,[],Project 618116 is classified as LOW risk. Progress and expenditure appear to be within normal thresholds.
1813,618119,Rehabilitation and up-gradation to 2-lane configuration of Bageshwar to Kangarchina road from km 129.600 to Km 161.600 Existing Chainage 136.00 to Km 169.00 of NH- 309Ain the State of Uttarakhand Package-IV under NHO Annual Plan 2021-22,MoRTH,Uttarakhand,67.0,0.0,0.0227431548187555,0.4409190371989653,0,LOW,[],Project 618119 is classified as LOW risk. Progress and expenditure appear to be within normal thresholds.
1814,618120,construction of Four-Lane of chausa-Buxar Bypass from Km 45.000 to Km 65.915 Package - 2 in the State of Bihar on EPC Mode.,MoRTH,Bihar,4.0,0.02075158466646544,0.7262960307878765,7.407164683745702e-14,0,LOW,[],Project 618120 is classified as LOW risk. Progress and expenditure appear to be within normal thresholds.
1815,618122,Widening to 2 lane with paved shoulded of Jareikela Jharkhand/Odisha Border - Dhabaleswar section from 0/0 to 36/0 of NH-320D in the State of Odisha under Annual Plan 2021-22.,MoRTH,Odisha,34.0,4.311697367656459,-0.2142483584170849,1.6602739726027715,0,LOW,[],Project 618122 is classified as LOW risk. Progress and expenditure appear to be within normal thresholds.
1816,618848,Construction of Underpass beneath airport runway on NH-31 old NH-56 for proposed expansion of runway of Babatpur Airport Varanasi,NHAI,Uttar Pradesh,22.0,0.013858093126385806,-9.406211505296824,1.7123287671233414,0,LOW,[],Project 618848 is classified as LOW risk. Progress and expenditure appear to be within normal thresholds.
1817,618092,Up-gradation to 2 lane with paved shoulder from Neechli Oden Nathdwara at Design Km 88.800 existing km 55.95 to Bhatewar at Design Km 142.028 existing km 0.00 of NH-162E in the State of Rajasthan on EPC mode.,MoRTH,Rajasthan,63.52,50.216778490298545,1.4567184846936774,1.087671232876711,0,LOW,[],Project 618092 is classified as LOW risk. Progress and expenditure appear to be within normal thresholds.
1818,701658,Krishnapatnam Node - Phase 1 - Roads and Services Development,National Industrial Corridor Development Corporation,Andhra Pradesh,47.77,45.999420409079015,1.2247457278540734,0.4927007299270935,0,LOW,[],Project 701658 is classified as LOW risk. Progress and expenditure appear to be within normal thresholds.
1819,701661,Development of IMC Khurpia Farms under AKIC Project,National Industrial Corridor Development Corporation,Uttarakhand,3.23,0.0,0.7047740976946651,0.0,0,LOW,[],Project 701661 is classified as LOW risk. Progress and expenditure appear to be within normal thresholds.
1820,701662,IMC Rajpura - Patiala Development Project,National Industrial Corridor Development Corporation,Punjab,3.4,0.0,0.1948936916913014,0.0,0,LOW,[],Project 701662 is classified as LOW risk. Progress and expenditure appear to be within normal thresholds.
1821,701668,Development of Palakkad Node under extension of CBIC to Kochi,National Industrial Corridor Development Corporation,Kerala,5.3,1.5224704336399475,1.9155190538764748,0.0219092331768925,0,LOW,[],Project 701668 is classified as LOW risk. Progress and expenditure appear to be within normal thresholds.
1822,615347,TRANSMISSION SYSTEM FOR EVACUATION OF POWER FROM POTENTIAL RENEWABLE ENERGY ZONE IN KHAVDA AREA OF GUJARAT UNDER PHASE-V [8 GW] PART A [SPV Name POWERGRID West Central Transmission Limited],Power Grid Corporation of India Limited [POWERGRID],"Multi-States (Gujarat, Maharashtra)",18.56,12.000000000000002,-1.8493637938675933,0.0,0,LOW,[],Project 615347 is classified as LOW risk. Progress and expenditure appear to be within normal thresholds.
1823,615349,TAPIN SOUTH EXPN,CCL - CIL,Jharkhand,23.67,9.556876871663556,-0.3079727442384797,0.7415016809861595,0,LOW,[],Project 615349 is classified as LOW risk. Progress and expenditure appear to be within normal thresholds.
1824,615820,TIKAK EXTENSION OCP,INVALID CO.,Assam,89.73,70.53264067096451,1.769668899042505,0.2044417401887284,0,LOW,[],Project 615820 is classified as LOW risk. Progress and expenditure appear to be within normal thresholds.
1825,210914,Amended BharatNet Program - WB & ANI,Department of Telecommunications,PAN India,15.13,13.345878136200717,-1.7564814814815022,0.0036529680366486,0,LOW,[],Project 210914 is classified as LOW risk. Progress and expenditure appear to be within normal thresholds.
1826,615822,SIRKA OC,CCL - CIL,Jharkhand,56.47,49.0883284201332,0.1659569822033605,0.3670045438655623,0,LOW,[],Project 615822 is classified as LOW risk. Progress and expenditure appear to be within normal thresholds.
1827,702658,Nagpur Metro Rail Phase II Development Project,Maharashtra Metro Rail Corporation Limited [MMRCL],Maharashtra,42.11,32.226147883124625,-1.6353205128205102,0.0991237677985895,0,LOW,[],Project 702658 is classified as LOW risk. Progress and expenditure appear to be within normal thresholds.
1828,702664,Kochi Metro Rail Phase 2 Development Project,CSPCC Projects,Kerala,41.2,41.73628675813086,-2.343379065430209,2.576317590691196,0,LOW,[],Project 702664 is classified as LOW risk. Progress and expenditure appear to be within normal thresholds.
1829,702668,Chennai Metro Rail Phase-II Development Project,Chennai Metro Rail Limited [CMRL],Tamil Nadu,55.73,54.861967555260414,-15.027149226828575,0.0,0,LOW,[],Project 702668 is classified as LOW risk. Progress and expenditure appear to be within normal thresholds.
1830,615190,SINGHORI DEEP OC MIN 2.0 MTY,WCL - CIL,Maharashtra,9.64,16.065524944154877,0.4361876396128201,0.1899038461537548,0,LOW,[],Project 615190 is classified as LOW risk. Progress and expenditure appear to be within normal thresholds.
1831,615191,KATKONA RO UG MINE,SECL - CIL,Chhattisgarh,2.01,18.836001336532913,1.8565353421826776,0.0137716570411318,0,LOW,[],Project 615191 is classified as LOW risk. Progress and expenditure appear to be within normal thresholds.
1832,222253,Amended BharatNet Program - UP,East,Uttar Pradesh,7.65,10.023961661341852,-3.643057108626182,0.0018264840183737,0,LOW,[],Project 222253 is classified as LOW risk. Progress and expenditure appear to be within normal thresholds.
1833,615195,SHARDA UG MINE,WCL - CIL,Madhya Pradesh,9.39,3.5669172932330824,-0.1347368421052739,0.0200852099816019,0,LOW,[],Project 615195 is classified as LOW risk. Progress and expenditure appear to be within normal thresholds.
1834,615202,Capacity expansion of Deposit-14 and 14 NMZ at Kirandul,National Mineral Development Corporation Limited [NMDC],Chhattisgarh,23.09,17.17705882352941,1.0289882352942374,0.0,0,LOW,[],Project 615202 is classified as LOW risk. Progress and expenditure appear to be within normal thresholds.
1835,618158,"Upgradation of Goras to Shyampur Road section of NH-552 Ext., from Design Chainge 48.400 to 111.800 Km Total length 63.40 km to two lane with paved shoulder configuration along with One time improvement of 8.91 km in the state of Madhya Pradesh on EPC mode",MoRTH,Madhya Pradesh,16.52,0.0,0.2629988488103749,0.9863013698630284,0,LOW,[],Project 618158 is classified as LOW risk. Progress and expenditure appear to be within normal thresholds.
1836,618159,"Construction of new 2 Lane with paved shoulders of NH Standards from km 0.080 to km 11.690 L11.610 km in Majuli and from km 19.715 to km 27.484 L 7.769 km in Jorhat on the newly declared NH 715K and construction of 1.10 km flyover on NH-715 with its approaches and service roads L1.10 km, Total Length 20.479 km in the State of Assam Job No. 715K/AS/2023-24/256",MoRTH,Assam,6.7,7.579167757131641,1.0726511384453377,0.0036630036632418,0,LOW,[],Project 618159 is classified as LOW risk. Progress and expenditure appear to be within normal thresholds.
1837,618160,"Construction of 2 lane Major Bridge including approaches over Brahmaputra between Majuli on North Bank and Jorhat on South Bank from km. 11.690 to km. 19.715 length of bridge 6,812.5m Package - II on NH-715K in the state of Assam Job no. 715/AS/2020-21/213",MoRTH,Assam,3.25,0.0,1.3430634732183104,7.407164683745702e-14,0,LOW,[],Project 618160 is classified as LOW risk. Progress and expenditure appear to be within normal thresholds.
1838,618832,4L from Km 55.00 Kuru to Km 95.400 Udaipura on NH-75 Sec-I,NHAI,Jharkhand,11.1,19.89614220046752,0.3399381873520773,0.0,0,LOW,[],Project 618832 is classified as LOW risk. Progress and expenditure appear to be within normal thresholds.
1839,618842,"2L PS Greenfield bypass lalganj ajhara, mohanganj and Raniganj on Raebareli - Jaunpur Section Design km 0.00 to Km 53177 of NH-31",NHAI,Uttar Pradesh,0.0,15.582346878220946,-7.761954586625819,0.0,0,LOW,[],Project 618842 is classified as LOW risk. Progress and expenditure appear to be within normal thresholds.
1840,618129,"Construction of Kasrawad bypass, Selani bypass, Khargone bypass & Bistan bypass Total length. 31.950 km Section of NH-347 C to Two lane with paved shoulder configuration in the State of Madhya Pradesh on EPC mode.",MoRTH,Madhya Pradesh,99.15,35.82800846280427,2.5085162310602445,2.326027397260277,0,LOW,[],Project 618129 is classified as LOW risk. Progress and expenditure appear to be within normal thresholds.
1841,618134,Rehabilitation /Upgradation from Lagam to Alapalli section Desing Km. 199/400 to km 227/400 Length 28.0 Km to 2 lane with Paved Shoulders/ 4 lane configuration section of NH-353 C Sakoli-Wadsa-Armori-Gadchiroli-Ashti-Alapalli Sironcha in Gadchiroli District on EPC mode in the state of Maharashtra.,MoRTH,Maharashtra,81.42,28.794706023204686,-0.3398419643440925,0.5013698630137219,0,LOW,[],Project 618134 is classified as LOW risk. Progress and expenditure appear to be within normal thresholds.
1842,618137,Rehabilitation and Up-gradation of Jarud - Sirsala section of NH-361F km 59500 to km11500 to Two lane with paved shoulder/ Four Lane in the state of Maharashtra on EPC mode Length 55.5 Km.,MoRTH,Maharashtra,68.23,29.31063199777921,-0.8315721291756937,0.0,0,LOW,[],Project 618137 is classified as LOW risk. Progress and expenditure appear to be within normal thresholds.
1843,618138,"Widening, Reconstruction & Up-gradation to 2 lane with Paved Shoulder/Four Lane configuration for the work of Sautada to Shirapur Section of NH-561 from Design km 86300 to km 125589 in the state of Maharashtra on EPC mode. Design length 39.289 km",MoRTH,Maharashtra,54.04,0.0,-0.1428326229367686,0.7085610200363778,0,LOW,[],Project 618138 is classified as LOW risk. Progress and expenditure appear to be within normal thresholds.
1844,615330,BALLARPUR NORTH WEST OC MINE,WCL - CIL,Maharashtra,5.35,7.474848258085973,0.9350904908401152,0.0398773006133862,0,LOW,[],Project 615330 is classified as LOW risk. Progress and expenditure appear to be within normal thresholds.
1845,615331,GADEGAON OC 3 MTY,WCL - CIL,Maharashtra,2.19,19.237651032347557,1.0916547717176353,0.0,0,LOW,[],Project 615331 is classified as LOW risk. Progress and expenditure appear to be within normal thresholds.
1846,613794,PARASEA-BELBAID UG PROJECT,ECL - CIL,West Bengal,22.26,34.04780262143407,0.8573374453867413,2.9077412513253416,0,LOW,[],Project 613794 is classified as LOW risk. Progress and expenditure appear to be within normal thresholds.
1847,613798,AMERA OC RCE [1.0 MTY],SECL - CIL,Chhattisgarh,42.47,27.3566092210614,-0.1768610292585311,3.015323776569441,0,LOW,[],Project 613798 is classified as LOW risk. Progress and expenditure appear to be within normal thresholds.
1848,613799,AMGAON OC RCE [1.0 MTY],SECL - CIL,Chhattisgarh,78.86,61.05469615007434,-0.9087026667932594,3.383470225872778,0,LOW,[],Project 613799 is classified as LOW risk. Progress and expenditure appear to be within normal thresholds.
1849,613803,JHIRIA WEST OCP [1.5 MTY],SECL - CIL,Madhya Pradesh,41.29,10.135171962718701,0.114024091131962,0.0005302226932933,0,LOW,[],Project 613803 is classified as LOW risk. Progress and expenditure appear to be within normal thresholds.
1850,613804,RPR TAWA-III UG 0.84 MTY,WCL - CIL,Madhya Pradesh,17.78,5.699003470342896,-0.0557483523830343,0.0,0,LOW,[],Project 613804 is classified as LOW risk. Progress and expenditure appear to be within normal thresholds.
1851,615184,SAONER UG MINE -1 EXPANSION 1.,WCL - CIL,Maharashtra,69.33,68.67127361791464,0.7452764170748313,0.0,0,LOW,[],Project 615184 is classified as LOW risk. Progress and expenditure appear to be within normal thresholds.
1852,615185,AMALGAMATED DHANKASA & JAMUNIA,WCL - CIL,Madhya Pradesh,67.13,29.358717434869742,0.3423847695390954,0.0,0,LOW,[],Project 615185 is classified as LOW risk. Progress and expenditure appear to be within normal thresholds.
1853,618174,Rehabilitation and Upgradation to two lane with paved shoulder configuration of NH- 752G from Sakri to Pimpalner Section Design Ch km 0000 to Ch km 21411 in the state of Maharashtra on EPC Mode. Length 21.411 km.,MoRTH,Maharashtra,100.0,0.0,-0.000706152352268,0.0,0,LOW,[],Project 618174 is classified as LOW risk. Progress and expenditure appear to be within normal thresholds.
1854,618176,Rehabilitation and upgradation from ch km 50/200 to 56/800 and km 62/600 to 100/403 of Kolde to Visarwadi Near Junction with NH-6 section of NH 752G total length 44.40 to two-lane with paved shoulder / four lanes in the State of Maharashtra on EPC mode.,MoRTH,Maharashtra,35.45,11.44436805316833,0.005299644780571,7.407164683745702e-14,0,LOW,[],Project 618176 is classified as LOW risk. Progress and expenditure appear to be within normal thresholds.
1855,618148,Widening to 4LPS of NH-548B from Km 80.000 Near Murgundi to Km 140.200 Near Chikkodi excluding length from Km 118.450 to Km 128.450 in the State of Karnataka under NH O on EPC Mode under Annual Plan 2022-23 - Package 1 NH-548B-KNT- 2022-23-979 dated 09.03.2023,MoRTH,Karnataka,0.0,0.7826518535486582,-5.372224131129206,0.0,0,LOW,[],Project 618148 is classified as LOW risk. Progress and expenditure appear to be within normal thresholds.
1856,618149,Widening to two lane with paved shoulders from Km 0.00 to 102.310 Design Chainage of NH-548B Murrum-Maharashtra Border in the State of Karnataka,MoRTH,Karnataka,60.21,30.115245170255672,1.5913028032889434,2.8246575342465867,0,LOW,[],Project 618149 is classified as LOW risk. Progress and expenditure appear to be within normal thresholds.
1857,618150,Rehabilitation and Up-gradation of i. Deogaon phata to Digras phata Ch. 0/000 to 15/000 & Selu to Borgavhan Ch 20/900 to 35/800 [Length 29.9km] ii. Injegaon Dhamoni to Pohner Phata Ch.58/200 to Ch. 83/700 [Length25.5 km] and iii. Pohner phata to Pathri Design Ch. 42/700 to 58/200 [Length 15.5 km] sections of NH-548B to Two lane with paved shoulder configuartion in the state of Maharashtra on EPC mode Total project length 70.9 Km.,MoRTH,Maharashtra,15.0,0.0,-1.483729966002942,1.4814329367491404e-14,0,LOW,[],Project 618150 is classified as LOW risk. Progress and expenditure appear to be within normal thresholds.
1858,618151,Widening to 4LPS of NH-548B from Km 118.450 Near Shirguppi to Km 128.450 Near Ankali in the State of Karnataka under NH O on EPC Mode Under Annual Plan 2022- 23 NH-548B-KNT-2022-23-982,MoRTH,Karnataka,0.0,0.15770688653404533,-0.4039601951508354,0.3330291970804011,0,LOW,[],Project 618151 is classified as LOW risk. Progress and expenditure appear to be within normal thresholds.
1859,618156,"Construction of Morena bypass, Ambah bypass & Porsa bypass Totat length 27.16 km Section of NH-552 Ext. to TWo lane with paved shoulder configuration in the state of Madhya Pradesh on EPC mode",MoRTH,Madhya Pradesh,73.5,0.0,0.8343685300208376,0.164383561643843,0,LOW,[],Project 618156 is classified as LOW risk. Progress and expenditure appear to be within normal thresholds.
1860,615187,RPR OF VISHNUPURI UG TO OC,WCL - CIL,Madhya Pradesh,11.2,0.0,-0.3044601577372928,0.0268166089966322,0,LOW,[],Project 615187 is classified as LOW risk. Progress and expenditure appear to be within normal thresholds.
1861,615188,NEW MAJRI UG TO OC 3 MTY COST,WCL - CIL,Maharashtra,24.17,16.85683744748552,0.1792577124816329,4.350182704019388,0,LOW,[],Project 615188 is classified as LOW risk. Progress and expenditure appear to be within normal thresholds.
1862,240484,Amended BharatNet Program - AS,Department of Telecommunications,PAN India,0.0,9.995192307692308,-3.0836778846154,1.1840650114892764e-13,0,LOW,[],Project 240484 is classified as LOW risk. Progress and expenditure appear to be within normal thresholds.
1863,612878,Bangalore Metro Rail Project - PHASE-3,Bengaluru Metro Rail,Karnataka,3.8,0.0,2.656911792966513,0.4891364902508046,0,LOW,[],Project 612878 is classified as LOW risk. Progress and expenditure appear to be within normal thresholds.
1864,612883,Establishment of Permanent Campus of NIT SIkkim at Khamdong-Gangtok District,NIT Sikkim,Sikkim,38.0,41.349743350443305,-7.131634974334975,0.0,0,LOW,[],Project 612883 is classified as LOW risk. Progress and expenditure appear to be within normal thresholds.
1865,612898,Construction of Permanent Campus of National Institute of Technology Arunachal Pradesh,"National Institute of Technology, Arunachal Pradesh",Arunachal Pradesh,80.0,93.02914226894585,1.0941597340578717,0.0,0,LOW,[],Project 612898 is classified as LOW risk. Progress and expenditure appear to be within normal thresholds.
1866,613008,Construction of Permanent Campus of Central Tribal University of Andhra Pradesh Phase-1,Central Tribal University of Andhra Pradesh,Andhra Pradesh,44.5,22.206557377049183,-0.442098360655709,0.0,0,LOW,[],Project 613008 is classified as LOW risk. Progress and expenditure appear to be within normal thresholds.
1867,709773,"City Gas Distribution Project at Jammu, Udhampur, Reasi, Samba and Kathua Districts",Indian Oil Corporation Limited [IOCL],Jammu and Kashmir,0.6,0.8271375464684014,-0.8648327137547022,0.0,0,LOW,[],Project 709773 is classified as LOW risk. Progress and expenditure appear to be within normal thresholds.
1868,618185,Widening to 2LPS from Km 0.000 to 37.850 Except Ex. Km 24.45 to 27.20 of NH-766c Byndoor-Ranebennur Section in the state of Karnataka on EPC Mode under Annual Plan 2022-23 NH-766C-KNT-2022-23-969 dated 30.12.2022,MoRTH,Karnataka,12.0,3.970122800354475,-0.0942144575262807,1.4589041095890678,0,LOW,[],Project 618185 is classified as LOW risk. Progress and expenditure appear to be within normal thresholds.
1869,618187,"Rehabilitation and upgradation of Salon - Jais - Jagdishpur Road section of NH-931A, from design Chainage km 0.000 to km 5.740 to four lane divided carriageway and from design Chainage km 5.740 to km 53.500 to two lane with paved Total length km 53.500 along with One time improvement in 04 no's of realigned/bypassed built-up areas in a total length of 9.732 km in the state of Uttar Pradesh on EPC mode",MoRTH,Uttar Pradesh,9.06,2.8126484717309825,2.0712030829329358,4.444298810247422e-14,0,LOW,[],Project 618187 is classified as LOW risk. Progress and expenditure appear to be within normal thresholds.
1870,618189,Widening to two lane with paved shoulder of NH-73New spur road Ujire - Dharmasthala - Periyashanthi in the State of Karnataka under NHO on HAM Mode Job No. NH-73Spur-KNT-2023-24-996,MoRTH,Karnataka,25.18,10.761834922186916,-5.18966837773972,0.957534246575346,0,LOW,[],Project 618189 is classified as LOW risk. Progress and expenditure appear to be within normal thresholds.
1871,618797,"Widening Strengthening of 2-Lane with Paved Shoulder from MyajlarJaisalmer from Design Chainage 0000 to 98350 Section of NH-11 & SundraMyajlarAmbasingh ki Dhani Road from Design Chainage 46000 to 81601, part of MunabaoTanot Road Section of NH-70 along with Strengthening/Widening of Existing Connection of NH-70 & NH-11 of length 0.914 km in the State of Rajasthan under NHO on Hybrid Annuity Mode",NHAI,Rajasthan,21.22,7.601134352958286,-14.174443124803007,0.0424657534247151,0,LOW,[],Project 618797 is classified as LOW risk. Progress and expenditure appear to be within normal thresholds.
1872,618805,6L Connectivity to Port Road from Sabbavaram Sheelanagar-NH516C,NHAI,Andhra Pradesh,7.2,15.911718662069104,-3.3049737550264324,7.407164683745702e-14,0,LOW,[],Project 618805 is classified as LOW risk. Progress and expenditure appear to be within normal thresholds.
1873,618162,"Improvement and up-gradation to 2LPS of NH-227B 84-Kosi Parikrama Marg PackageVI, Design Km 160200 Bahuvan Madar Majha to Km 224040 Jagarnathpur under HAM",MoRTH,Uttar Pradesh,20.0,0.0,-3.656967192711624,4.444298810247422e-14,0,LOW,[],Project 618162 is classified as LOW risk. Progress and expenditure appear to be within normal thresholds.
1874,618206,Widening and Strengthening of Rafiabad-Kupwara-Chowkibal-Tangdhar-Chamkot NH- 701 road from design Ch. From 0000 to 51000 to two lanes with paved shoulders under Project Beacon in the UT of Jammu & Kashmir on EPC mode Package-I.,MoRTH,Jammu and Kashmir,41.7,11.43038136859937,-1.1009509302887677,0.0032930845224378,0,LOW,[],Project 618206 is classified as LOW risk. Progress and expenditure appear to be within normal thresholds.
1875,618791,4L PS under NH configuration of Manikpur-Sahebganj of NH-139W,NHAI,Bihar,27.5,38.729236528113546,1.8402674881072731,0.3075822603717926,0,LOW,[],Project 618791 is classified as LOW risk. Progress and expenditure appear to be within normal thresholds.
1876,618235,Balance work of Rehabilitation and Up-gradation to 4-Lane configuration of Ras- Beawar Section Km 00.000 to km 30.050 of NH-158 in the State of Rajasthan under Green National Highway Corridor Project GNHCP.,MoRTH,Rajasthan,56.2,35.64545127651924,0.7499101042789429,0.0036496350366152,0,LOW,[],Project 618235 is classified as LOW risk. Progress and expenditure appear to be within normal thresholds.
1877,618243,Construction of Basti Ring Road Phase-I with 4L configuration for Basti City in the state of Uttar Pradesh on HAM mode,MoRTH,Uttar Pradesh,36.67,0.006147253056062949,-1.5040396234368416,1.7890410958904006,0,LOW,[],Project 618243 is classified as LOW risk. Progress and expenditure appear to be within normal thresholds.
1878,618758,6L accesscontrolled highway from km 0000 to km 40080 Paniyala to Mator Section of Paniyala-Barodameo ICR,NHAI,Rajasthan,42.75,32.37707240234353,-22.478003920990812,1.5589041095889702,0,LOW,[],Project 618758 is classified as LOW risk. Progress and expenditure appear to be within normal thresholds.
1879,618766,Up-gradation to Four Lane with Paved Shoulder configuration of the highway starting from existing km 88.400 Savali Vihir to km 163.400 start of Ahmednagar bypass Design Length 75.000 km section of NH-160 in the State of Maharashtra under Bharatmala Pariyojana on EPC Mode,NHAI,Maharashtra,48.55,34.622969837587,-0.717192575406055,1.087671232876726,0,LOW,[],Project 618766 is classified as LOW risk. Progress and expenditure appear to be within normal thresholds.
1880,618769,Walajahpet/Ranipet to TN/AP Border Section of from Km.106.800 to Km.133.36 NH-4,NHAI,"Multi-States (Andhra Pradesh, Tamil Nadu)",15.58,17.992885647241692,-6.459129836937954,7.407164683745702e-14,0,LOW,[],Project 618769 is classified as LOW risk. Progress and expenditure appear to be within normal thresholds.
1881,618212,"STABILIZATION OF LAND SLIDE AND SLOPE PROTECTION AT KM 11.00 TO KM 11.08, 29,730 KM TO 30,060 KM, 30,400 KM TO 31,060 KM, 34,750 KM TO 35,300 KM, 38,950 KM TO 39,030 KM & 39,460 KM TO 39,540 KM TWO LOC CLUBBED, KM 40,400 TO KM 40,650, KM 43,500 KM 43,680, 52,460 RISHIKESH - DHARASU ROAD NH-94 ON EPC MODE IN THE STATE OF UTTARAKHAND. NOSE OF LAND SLIDE - 12 NOS",MoRTH,Uttarakhand,22.0,0.0,-0.2464767312177093,0.0,0,LOW,[],Project 618212 is classified as LOW risk. Progress and expenditure appear to be within normal thresholds.
1882,618215,"Improvement/construction of existing CL-5 Road to NH Intermediate lane specification with hard shoulder from Km 166.000 to 203.77 net Length 37.770 kms of NH-505 Sumdo-Kaza-Gramphoo road in the state of Himachal Pradesh on EPC mode under project Deepak, BRO",MoRTH,Himachal Pradesh,22.26,0.0,-19.50120279924188,1.2849315068494245,0,LOW,[],Project 618215 is classified as LOW risk. Progress and expenditure appear to be within normal thresholds.
1883,613785,Redevelopment of New Delhi Railway Station and construction of associated infrastructure,Rail Land Development Authority,Delhi,6.0,7.5,0.3438153456998654,0.0,0,LOW,[],Project 613785 is classified as LOW risk. Progress and expenditure appear to be within normal thresholds.
1884,617933,Up-gradation to four lane/ Two lane with paved shoulders configuration of Kalyan - Murbad - Malshej Ghat - Nirmal Road NH- 61 km 15/200 to Km 38/00 and from Km. 58/00 to Km 84/00 Design length 48.58 km of NH-61 on EPC Mode in Thane District in the state of Maharashtra,MoRTH,Maharashtra,100.0,0.0,-1.0235958824066242,0.0,0,LOW,[],Project 617933 is classified as LOW risk. Progress and expenditure appear to be within normal thresholds.
1885,612815,Nipania-Bhatapra 14.4 km 4th line PB72/NR/2022-23,CAOC/SECR SECR mor,Chhattisgarh,3.0,7.108921344360372,0.1747903102820956,2.725530458589864,0,LOW,[],Project 612815 is classified as LOW risk. Progress and expenditure appear to be within normal thresholds.
1886,612816,ITAPARA OCP,Eastern Coal Fields Limited [ECL],West Bengal,8.41,14.25357873210634,-0.2249596383596669,0.0004382120945519,0,LOW,[],Project 612816 is classified as LOW risk. Progress and expenditure appear to be within normal thresholds.
1887,612827,Flyover between Pendurthi-Simhachalam North to avoid surface crossing at Simhachalam 7.135 km PB73/2023-24/NR,CAO/C/SCoR SCoR mor,Andhra Pradesh,21.0,13.852436700245033,0.2072420364824168,0.3094777562863715,0,LOW,[],Project 612827 is classified as LOW risk. Progress and expenditure appear to be within normal thresholds.
1888,618287,"Widening/Improvement to 4-Lane with paved Shoulder from Ch. 25.633 Km to Ch. 52.470 Km Design Ch. 21.850 Km to Ch.48.670 Km for Package-2 of Bilasipura- Guwahati road NH-17 Section Near Mowatari, before Chapar Bypass to Tulungia junction with NH-17 in the state of Assam on HAM mode under NHO-NE Package-2",NHIDCL,Assam,12.45,14.877372797155259,0.1671659407893191,1.1857961006873606e-13,0,LOW,[],Project 618287 is classified as LOW risk. Progress and expenditure appear to be within normal thresholds.
1889,618288,"Widening/lmprovement to 4-Lane with Paved Shoulder from Ch.5.580 Km to Ch.25.633 Km Design Ch.0.000 Km to Ch.17.737km Km 901.100 to Km 921.145 of old NH-31 of Bilasipara- Guwahati road NH-17 Section Near Chirakuta to near Mowatari, before Chapar Bypass in the state ol Assam on HAM mode Package-1",NHIDCL,Assam,35.0,15.087638163067105,-7.370919853859305,0.0,0,LOW,[],Project 618288 is classified as LOW risk. Progress and expenditure appear to be within normal thresholds.
1890,618244,Construction of Raebareli Ring Road Phase-2 with four Lane configuration for Raebareli City in the state of Uttar Pradesh on Hybrid Annuity Model HAM basis,MoRTH,Uttar Pradesh,55.0,0.0,-1.103209496592601,0.0,0,LOW,[],Project 618244 is classified as LOW risk. Progress and expenditure appear to be within normal thresholds.
1891,618247,Construction of 4 lane Mirzapur bypass including bridge over river Ganga from km 0.000 to km 15.000 of NH 135A in the State of Uttar Pradesh on HAM Mode.,MoRTH,Uttar Pradesh,7.0,0.0,-1.5365265535930146,1.1840650114892764e-13,0,LOW,[],Project 618247 is classified as LOW risk. Progress and expenditure appear to be within normal thresholds.
1892,618249,Widening to 4 lane from km. 108.50 to km 139.00 of NH-135A Pkg-II Jaunpur Akbarpur section on Hybrid Annuity Mode in the state of Uttar Pradesh,MoRTH,Uttar Pradesh,40.0,0.0,-1.309856639123417,2.373972602739743,0,LOW,[],Project 618249 is classified as LOW risk. Progress and expenditure appear to be within normal thresholds.
1893,618251,"Improvement and Up gradation to four lane with Paved shoulder configuration from Existing Km 0000 to Km 39500 design km 0500 to Km 40342, Design length km of NH 227A near Mehrauna GhatUP Bihar Border to Siwan on the state of Bihar on Hybrid Annuity Model HAM basis",MoRTH,Bihar,9.07,0.04996237772761475,-1.646627539503421,0.0,0,LOW,[],Project 618251 is classified as LOW risk. Progress and expenditure appear to be within normal thresholds.
1894,618253,Construction of missing link from Birhu to Lathiani from Km 35/550 Design chainage Km 0.000 to Km 42/800 Design Chainage Km 8.153on NH-503A including Lathiani Bridge on back water of Govindsagar and its approaches in Himachal Pradesh.,MoRTH,Himachal Pradesh,0.0,0.0,2.92219989666458,1.1840650114892764e-13,0,LOW,[],Project 618253 is classified as LOW risk. Progress and expenditure appear to be within normal thresholds.
1895,618260,"Construction of Salempur bypass to 4LPS from km 64.000 of NH-727A Km 171.00 of Sonauli Balia Marg, old SH-01, near Mahadahan Chauraha to km 61.500 of NH-727B Km 178.500 of Sonauli Balia Marg, old SH-01, near near Ahirauli Village under Hybrid Annuity Mode HAM in the State of Uttar Pradesh",MoRTH,Uttar Pradesh,35.0,0.0,-1.0133302671988742,0.0,0,LOW,[],Project 618260 is classified as LOW risk. Progress and expenditure appear to be within normal thresholds.
1896,618742,"Construction of 6-lane Greenfield corridor from Ramnagar to Kacchi Dargah NH-119D from Km 109700 to Km 122300, including widening of the existing NH-31 from Km 196700 to Km 198600, as part of the Amas-Darbhanga.",NHAI,Bihar,0.8,1.1172381585328615,-0.0695220304276226,0.3351573187414731,0,LOW,[],Project 618742 is classified as LOW risk. Progress and expenditure appear to be within normal thresholds.
1897,618754,Upgradation of 2L/4L with Paved Shoulder of Shirwal-Lonand Section from KM 159900 To KM 188025 of NH-965DD Section I and 2L With Paved Shoulder of Lonand-Satara Section from KM 51500 To KM 96246 Of NH-965D Section II in Satara District in the State of Maharashtra on EPC Mode under NHO-,NHAI,Maharashtra,43.57,29.87679099068964,-32.86006578580587,0.8780821917808443,0,LOW,[],Project 618754 is classified as LOW risk. Progress and expenditure appear to be within normal thresholds.
1898,612853,Gurdaspur Jammu Pipeline,Gas Authority of India Limited [GAIL],Punjab,91.1,62.54071661237784,0.0216899789232536,1.610401459854079,0,LOW,[],Project 612853 is classified as LOW risk. Progress and expenditure appear to be within normal thresholds.
1899,705464,Bangalore-Satyamanglam New Line Project [260 Km] - Part Hejjala - Chamarajanagar [142 Km],South Western Railway [SWR] - II,Karnataka,0.0,0.0,-3.762840075789317,0.0444669024758509,0,LOW,[],Project 705464 is classified as LOW risk. Progress and expenditure appear to be within normal thresholds.
1900,705479,Wadsa-Gadchiroli 49.5 km,CAOC/SECR SECR mor,Maharashtra,69.0,53.841993637327676,-1.0082502651114646,2.390624999999909,0,LOW,[],Project 705479 is classified as LOW risk. Progress and expenditure appear to be within normal thresholds.
1901,171218,Amended BharatNet Program - PB,Department of Telecommunications,PAN India,26.58,0.0,-6.133502008032133,0.0018264840183737,0,LOW,[],Project 171218 is classified as LOW risk. Progress and expenditure appear to be within normal thresholds.
1902,612142,"Singrauli Super Thermal Power Project, Stage-III [2x800 MW]",National Thermal Power Corporation [NTPC],Uttar Pradesh,25.0,22.33486478627508,0.3382907822041242,2.1830790568652847,0,LOW,[],Project 612142 is classified as LOW risk. Progress and expenditure appear to be within normal thresholds.
1903,618729,6 Lane Greenfield Varanasi- Ranchi- Kolkata Highway from Donoreshan village to junction with NH-20 in Bongabar village from km 288.600 to km 325.500 Pkg -11,NHAI,Jharkhand,0.0,14.103613990474754,1.149338404844493,2.95881270540868e-14,0,LOW,[],Project 618729 is classified as LOW risk. Progress and expenditure appear to be within normal thresholds.
1904,618730,6 Lane Greenfield Varanasi- Ranchi- Kolkata Highway from Deoria village to Donoreshan village from km 253.000 to km 288.600 Pkg -10,NHAI,Jharkhand,5.65,11.863387377366177,0.653495185187526,0.0,0,LOW,[],Project 618730 is classified as LOW risk. Progress and expenditure appear to be within normal thresholds.
1905,618731,6 Lane Greenfield Varanasi- Ranchi- Kolkata Highway from Chatra to junction with NH- 100 in Deoria village from km 222.000 to km 253.000 Pkg -9,NHAI,Jharkhand,0.0,10.134258475771421,-2.7110199131267554,2.95881270540868e-14,0,LOW,[],Project 618731 is classified as LOW risk. Progress and expenditure appear to be within normal thresholds.
1906,618732,6L Greenfield Varanasi- Ranchi- Kolkata Highway from Sonepurbigha village to junction with NH- 22 Chatra Bypass near Chatra from km 184.700 to km 222.000Pkg - 8,NHAI,"Multi-States (Bihar, Jharkhand)",3.94,11.587401702378816,-0.2894333312114824,2.95881270540868e-14,0,LOW,[],Project 618732 is classified as LOW risk. Progress and expenditure appear to be within normal thresholds.
1907,618736,4L Elevated corridor of Kalimandir-Dimna Chowk-Baliguma Jamshedpur Section of NH-33 New NH-18 from km 241940 to km 251961 Length 10.021 km,NHAI,Jharkhand,49.5,35.1141776856856,-3.3032384166791573,1.85729967069149,0,LOW,[],Project 618736 is classified as LOW risk. Progress and expenditure appear to be within normal thresholds.
1908,618737,Grade separated Interchanges at Km. 113.730 junction with Ranchi Hazaribagh Road & Km. 139.225 junction with Ranchi Jamshedpur road on 4L Ranchi Bypass of NH-33,NHAI,Jharkhand,0.0,1.640694494778111,-61.570388429479806,0.0,0,LOW,[],Project 618737 is classified as LOW risk. Progress and expenditure appear to be within normal thresholds.
1909,618262,Construction of Deoria Bypass from existing Km. 27.140 to existing Km. 46.780 Design Km. 49.109 on NH727A Design length 21.969 Km. to four lane with paved shoulder configuration under Hybrid Annuity Mode HAM in the State of Uttar Pradesh,MoRTH,Uttar Pradesh,10.0,0.0,-2.575021617570795,0.2203147353360232,0,LOW,[],Project 618262 is classified as LOW risk. Progress and expenditure appear to be within normal thresholds.
1910,618264,"Widening and Strengthening to two Lane with Paved Shoulder/Four Lane with paved shoulder configuration from km. 61.500 of NH-727B near Nawalpur km 178.500 of Sonauli Balia Marg, Old SH-01 i.e. end point of Salempur Bypass to km. 106.495 of NH-727B near Sikanderpur under EPC mode",MoRTH,Uttar Pradesh,41.0,10.776677368977523,-8.30240171495654,0.6802721088433105,0,LOW,[],Project 618264 is classified as LOW risk. Progress and expenditure appear to be within normal thresholds.
1911,618267,Widening/Upgradation to four lane configuration of Shahjahanpur-Bisalpur section from km 0.00 to km 47.026 of NH-731K on Hybrid Annuity Mode in the state of Uttar Pradesh.,MoRTH,Uttar Pradesh,0.0,0.0,-1.3096277197836526,0.0,0,LOW,[],Project 618267 is classified as LOW risk. Progress and expenditure appear to be within normal thresholds.
1912,618284,Widening/Improvement to 4-Lane with paved shoulder from Km 99930 to Km 143680 Design Chainage 96000 to 139750 of Paikan to Dhupdhara Sahar of Bilasipura- Guwahati Road on NH-17 in the state of Assam on EPC mode under Bharatmala Pariyojana in Economic Corridors Project Length 43.750km under NHO-NE Package- 8,NHIDCL,Assam,85.87,66.04943777056648,-0.7382597301024151,0.8229927007300282,0,LOW,[],Project 618284 is classified as LOW risk. Progress and expenditure appear to be within normal thresholds.
1913,618724,6L Greenfield Varanasi-Ranchi-Kolkata Highway from Anarbansalea village to Sagrampur village From KM. 151200 to KM. 184700Package-7,NHAI,"Multi-States (Bihar, Jharkhand)",28.16,19.795835272219637,-7.957206840390819,1.295714285714314,0,LOW,[],Project 618724 is classified as LOW risk. Progress and expenditure appear to be within normal thresholds.
1914,618725,6L Greenfield Varanasi-Ranchi-Kolkata Highway from Pachmon village to Anarbansalea village From KM. 116000 to KM. 151200 Package-6,NHAI,Bihar,24.8,22.496985892410713,-1.2228560691861707,7.407164683745702e-14,0,LOW,[],Project 618725 is classified as LOW risk. Progress and expenditure appear to be within normal thresholds.
1915,618727,6L Greenfield Varanasi-Ranchi-Kolkata Highway from junction with Bhabhua-Adhaura road in Bhairopur village to Konki village From KM. 54.000 to KM. 90.000Pkg-3,NHAI,Bihar,26.31,20.812459573604574,3.856012276941491,7.407164683745702e-14,0,LOW,[],Project 618727 is classified as LOW risk. Progress and expenditure appear to be within normal thresholds.
1916,612513,"Construction of 100 Bedded ESI Hospital at Duburi, Odisha.",Employee's State Insurance Company [ESIC],Odisha,7.2,9.987849331713246,3.715249088699838,0.1082352941175726,0,LOW,[],Project 612513 is classified as LOW risk. Progress and expenditure appear to be within normal thresholds.
1917,612066,Rajasthan Metro Rail Project Phase 1C from Badi Chaupar to Transport Nagar via Galta Gate,Jaipur Metro Rail Corporation,Rajasthan,0.0,10.5124071504367,0.1533446249287118,0.0519877675842867,0,LOW,[],Project 612066 is classified as LOW risk. Progress and expenditure appear to be within normal thresholds.
1918,709793,"City Gas Distribution Projects at Gopalganj, Siwan, West Champaran, East Champaran and Deoria districts",Bharat Petroleum Corporation Limited [BPCL],Bihar,30.3,13.451135493748403,-2.8515845879050894,0.0,0,LOW,[],Project 709793 is classified as LOW risk. Progress and expenditure appear to be within normal thresholds.
1919,611864,AMALAGAMATED NTST KUJAMA OCP 8.5MTY,Bharat Coking Coal Limited (BCCL,Jharkhand,31.16,10.343607064072685,-1.3014619190648171,2.3150221121676175e-13,0,LOW,[],Project 611864 is classified as LOW risk. Progress and expenditure appear to be within normal thresholds.
1920,611957,"Phase III A works at IIT Indore [03 Hostels, 01 Studio Apartment, 01 Housing, Heavy & Sophisticated lab complex, Academic POD and Infrastructure for center of excellence]","Indian Institute of Technology, Indore",Madhya Pradesh,67.5,19.615942613041028,0.3152051261384021,0.9903474903473004,0,LOW,[],Project 611957 is classified as LOW risk. Progress and expenditure appear to be within normal thresholds.
1921,611961,Construction of IIT Bhubaneswar -Phase III,"Indian Institute of Technology, Bhubaneshwar",Odisha,10.45,22.48662689589892,1.0331520901665832,1.274617067833545,0,LOW,[],Project 611961 is classified as LOW risk. Progress and expenditure appear to be within normal thresholds.
1922,611963,"Construction & Development of Infrastructural Facilities in the main campus of NIT Uttarakhand at Sumari, Pauri Garhwal",National Institute of Technology Uttarakhand,Uttarakhand,63.0,61.69777982638088,-3.208004916647557,0.0,0,LOW,[],Project 611963 is classified as LOW risk. Progress and expenditure appear to be within normal thresholds.
1923,705608,Jhansi-Khairar-Manikpur & Khirar-Bhimsen,North Central Railway,"Multi-States (Madhya Pradesh, Uttar Pradesh)",73.0,71.65635103926097,0.557826789838364,4.829770387965164,0,LOW,[],Project 705608 is classified as LOW risk. Progress and expenditure appear to be within normal thresholds.
1924,611495,Development of New Civil Enclave at Bagdogra Airport,Airport Authority of India [AAI],West Bengal,27.9,35.39703034215623,0.237211103938002,4.327113062568562,0,LOW,[],Project 611495 is classified as LOW risk. Progress and expenditure appear to be within normal thresholds.
1925,611509,"Koderma Thermal Power Station Phase II [2X800 MW] At Koderma, Jharkhand",Damodar Valley Corporation,Jharkhand,14.3,15.526605376793427,1.6644316757208684,2.186142102172624,0,LOW,[],Project 611509 is classified as LOW risk. Progress and expenditure appear to be within normal thresholds.
1926,611698,240MW Heo HE Project,North Eastern Electric Power Corporation Limited,Arunachal Pradesh,6.58,5.4815999174768555,-3.524439745209716,0.0,0,LOW,[],Project 611698 is classified as LOW risk. Progress and expenditure appear to be within normal thresholds.
1927,709794,"City Gas Distribution Projects at Fazilka [except area already authorized], Ganganagar and Hanumangarh districts",Bharat Petroleum Corporation Limited [BPCL],Rajasthan,31.1,13.386342376052385,3.334402868724704,0.0,0,LOW,[],Project 709794 is classified as LOW risk. Progress and expenditure appear to be within normal thresholds.
1928,709795,"City Gas Distribution Projects at Lakhimpur Kheri , Sitapur, Bahraich, Shravasti,Balrampur, Siddharth Nagar & Maharajganj districts",Bharat Petroleum Corporation Limited [BPCL],Uttar Pradesh,19.8,4.531644049477603,3.666156478923994,0.0,0,LOW,[],Project 709795 is classified as LOW risk. Progress and expenditure appear to be within normal thresholds.
1929,709796,City Gas Distribution Projects at the Nilgiris and Erode districts,Bharat Petroleum Corporation Limited [BPCL],Tamil Nadu,25.5,8.225237449118048,-1.968594301221166,0.0,0,LOW,[],Project 709796 is classified as LOW risk. Progress and expenditure appear to be within normal thresholds.
1930,400033,BHATADI EXPANSION OC,WCL - CIL,Maharashtra,34.25,19.31933655982501,-1.2811870274366095,0.8653214453307344,0,LOW,[],Project 400033 is classified as LOW risk. Progress and expenditure appear to be within normal thresholds.
1931,618320,Construction of 4-Laning of N. Kawnpui N. Mualvum Mualkhang via Khamrang Village section Package-7 of NH-6 from Existing Chainage km 127200 to km 142000 Design Chainage km 111850 to km 123400 on Silchar - Vairengte - Sairang road in the State of Mizoram on EPC mode,NHIDCL,Mizoram,18.9,21.933003970819094,1.986863976359848,1.1840650114892764e-13,0,LOW,[],Project 618320 is classified as LOW risk. Progress and expenditure appear to be within normal thresholds.
1932,618323,Construction of Twin Tube Uni-directional Aizawl Bypass Tunnel of 2.5 km and its approaches of 2.1 km from km 10.600 to km 15.200 on Sarrang - Phaibawk section of NH-6 in the State of Mizoram on EPC Mode under NHO-NE Package-2,NHIDCL,Mizoram,0.0,0.008375974658869396,-2.2670413011696264,1.1840650114892764e-13,0,LOW,[],Project 618323 is classified as LOW risk. Progress and expenditure appear to be within normal thresholds.
1933,618324,Construction of 2-lane Aizawl Bypass from km 15.200 to km 34.500 Package-3 on Sairang - Phaibawk section of NH-6 in the State of Mizoram under Bharatmala Pariyojna on EPC Mode under NHO-NE,NHIDCL,Mizoram,15.1,14.23853923853924,-0.1225163725162989,0.1064773735580565,0,LOW,[],Project 618324 is classified as LOW risk. Progress and expenditure appear to be within normal thresholds.
1934,618688,Outer Ring Road of Jabalpur Town from Amjhar Road including Airport Connectivity to barela Pkg-V,NHAI,Madhya Pradesh,32.38,13.255316471624512,-25.632213413866783,0.0,0,LOW,[],Project 618688 is classified as LOW risk. Progress and expenditure appear to be within normal thresholds.
1935,618690,"4 lanning of Aligarh Palwal section from km 0.00 to km 46.39 package -1 from khereshwar junction-kurana of NH33D , including khair & jattari bypass in the state of UP on HAM mode",NHAI,Uttar Pradesh,21.25,35.501809568469014,-1.2321718428740758,2.4178082191781054,0,LOW,[],Project 618690 is classified as LOW risk. Progress and expenditure appear to be within normal thresholds.
1936,618691,4 laning of Aligarh-Palwal Section from Km. 46.390 Design Chainage to Km. 69.110 Terminating at junction EPE Package-II from Kurana- Eastern Peripheral Expressway of NH-334D,NHAI,"Multi-States (Haryana, Uttar Pradesh)",17.16,26.64160908035819,3.3662808650192075,7.407164683745702e-14,0,LOW,[],Project 618691 is classified as LOW risk. Progress and expenditure appear to be within normal thresholds.
1937,618704,6L Flyover including RE Wall approaches with Flexible Pavement in the Elephant Corridor of Angul Sambalpur Section of NH-42 New NH-55 Km.202.533,NHAI,Odisha,100.0,70.3566220336736,-29.6433779663264,0.0,0,LOW,[],Project 618704 is classified as LOW risk. Progress and expenditure appear to be within normal thresholds.
1938,618294,Improvement and Widening of National Highway No. 127B Darugiri - Songsak - Williamnagar Junction Section to two lane with paved shoulder from design Km 0000 to Km 36635 Design length 36.635 Km existing Km 112000 to Km 151060 of NH-1278 under Bharatmala Pariyojana Lot-1 Pkg-1B Meghalaya portion,NHIDCL,Meghalaya,26.8,22.03927247306727,-4.102550338921616,7.407164683745702e-14,0,LOW,[],Project 618294 is classified as LOW risk. Progress and expenditure appear to be within normal thresholds.
1939,618295,Improvement/Widening of New NH-217 Dainadubi-Darugiri section to Two lane with paved shoulder in Meghalaya from design Km 0000 to Km 40840 existing Km 8600 to Km 53000 of Old NH-62 under BMP Lot-1 Pkg-1B Meghalaya portion,NHIDCL,Meghalaya,46.38,0.0,0.3002847711206237,0.5424657534246715,0,LOW,[],Project 618295 is classified as LOW risk. Progress and expenditure appear to be within normal thresholds.
1940,618669,4 -Laning of MP/UP Border to Kabarai section of NH-34&35 from km 197.000 to km 242.991 Length 45.991 Km Sagar-Kabrai Package-5 under Bharat Mala Pariyojana EC in MP & UP on HAM,NHAI,Uttar Pradesh,61.77,35.15582419332121,-11.3845174012359,1.9027397260273653,0,LOW,[],Project 618669 is classified as LOW risk. Progress and expenditure appear to be within normal thresholds.
1941,618671,4-lanning of Rahatgarh to Berkhedi section of NH-146 from Design Ch 124470 to Ch. 134.549,NHAI,Madhya Pradesh,14.6,8.602202707292221,-34.96815616256693,0.0,0,LOW,[],Project 618671 is classified as LOW risk. Progress and expenditure appear to be within normal thresholds.
1942,618672,4-lanning of Gyaraspur to Rahatgarh section of NH-146 from Design Ch. 88361 to Ch 124470 in the state of MP on HAM mode,NHAI,Madhya Pradesh,35.25,18.797042415655714,-24.11528159036563,0.0,0,LOW,[],Project 618672 is classified as LOW risk. Progress and expenditure appear to be within normal thresholds.
1943,618308,Construction of 4-Lane Panchgram Bypass from Design Chainage km 15500 on NH- 37 Old NH-53 at Kalinagar Pt.-I Village to Design Chainage km 27300 at crossing with NH-6 Old NH-44 Near Siddeswar Pt.-I Village on Silchar - Churaibari stretch in the State of Assam on EPC Mode under Bharatmala Pariyojana in Economic Corridors Silchar- Churaibari Package-2,NHIDCL,Assam,57.17,50.249933449673165,1.378878405158428,2.5503282275709576,0,LOW,[],Project 618308 is classified as LOW risk. Progress and expenditure appear to be within normal thresholds.
1944,618309,Widening/lmprovement to 4-Laning and Greenfield alignment with Paved shoulder of Silchar-Badarpur Churaibari section of NH-37 & NH-8 from Design chainage 38.600 End point of proposed Badarpur Bypass to Km. 62.800 Start point of proposed Nilambazar/Cheragi Bypass in the state of Assam on HAM Mode Package-4,NHIDCL,Assam,23.07,14.032814216967907,2.0081846083892945,0.0,0,LOW,[],Project 618309 is classified as LOW risk. Progress and expenditure appear to be within normal thresholds.
1945,618310,Widening/lmprovement to 4-L of Karimgani - sutarkandi section of NH 37 from design Ch 0020 Start of proposed Karimganj Bypass from NH -8 to design Chainage Km 14380 near Sutarkandi Spur Connectivity to Indo/Bangladesh Border on Silchar- Churaibari in the State of Assam on HAM Mode Package-7,NHIDCL,Assam,41.88,17.11817527374683,-4.307998332891303,1.9835616438356476,0,LOW,[],Project 618310 is classified as LOW risk. Progress and expenditure appear to be within normal thresholds.
1946,618311,Widening/lmprovement to 4-Lane with Paved shoulder for existing as well as Greenfield alignment of Badarpur Churaibari section of NH-8 from Design chainage 87.700 Chandkhira to Km. 106.500 Churaibari section Assam-Tripura border in the state of Assam on HAM Mode Package-6,NHIDCL,Assam,40.99,18.170114942528738,-0.8436551724138156,0.4575342465753598,0,LOW,[],Project 618311 is classified as LOW risk. Progress and expenditure appear to be within normal thresholds.
1947,618312,Widening/lmprovement to 4-Lane with Paved Shoulder from existing road and Greenfield alignment form Design Ch. 62.800 start of proposed Nilambazar/Cheragi Bypass to Design Ch. 87.700 near Chandkhira Village of NH-8 on Silchar-Churaibari in the state of Assam on HAM Mode Package-5,NHIDCL,Assam,14.04,14.852201282856303,-0.0519024266172104,1.1844973097775164e-13,0,LOW,[],Project 618312 is classified as LOW risk. Progress and expenditure appear to be within normal thresholds.
1948,618313,Widening/lmprovement of Existing 2 lane to 4-Laning of Karimganj-Silchar section of NH-37 from Design Ch 0.000 near Silchar ISBT to Design Ch 15.970 near Kalinagar Pt I on NH-37 in Assam on HAM Mode Pkg-1,NHIDCL,Assam,41.26,15.117430493842834,-6.023866954424251,7.407164683745702e-14,0,LOW,[],Project 618313 is classified as LOW risk. Progress and expenditure appear to be within normal thresholds.
1949,611699,186 MW Tato-I H E Project,North Eastern Electric Power Corporation Limited,Arunachal Pradesh,5.6,4.53981840726371,-2.0576491226064544,0.0,0,LOW,[],Project 611699 is classified as LOW risk. Progress and expenditure appear to be within normal thresholds.
1950,611716,700 MW Tato-II HE Project,North Eastern Electric Power Corporation Limited,Arunachal Pradesh,6.59,3.117646120097567,1.2730803649795108,0.0556823368326669,0,LOW,[],Project 611716 is classified as LOW risk. Progress and expenditure appear to be within normal thresholds.
1951,611861,Rewari - Kathuwas Doubling Project [27.72 Km],North Western Railway [NWR],"Multi-States (Haryana, Rajasthan)",80.0,97.39488636363636,2.3658806818181817,0.0,0,LOW,[],Project 611861 is classified as LOW risk. Progress and expenditure appear to be within normal thresholds.
1952,618648,"Development of 6-lane Greenfield Southern Ludhiana Bypass from intersection with NH-44 near Village Rajgarh to intersection with Delhi Katra Expressway NE-5 near Village Ballowal, km 0000 to km 25240",NHAI,Punjab,5.79,11.399389280825522,-0.6194868554981527,2.95881270540868e-14,0,LOW,[],Project 618648 is classified as LOW risk. Progress and expenditure appear to be within normal thresholds.
1953,618655,2L PS of Roshni to Ashapur Section of NH-347B from Design KM Ch. 89.900 to 114.000 KM Package III of Betul Khandwa,NHAI,Madhya Pradesh,98.85,63.047912831484155,-2.210707000348287,3.8876712328767633,0,LOW,[],Project 618655 is classified as LOW risk. Progress and expenditure appear to be within normal thresholds.
1954,618661,4L from km 0.000 to 42.040 Bhopal Ratnaigiri Tiraha to Vidisha Morikodi,NHAI,Madhya Pradesh,20.23,17.42419839194033,-2.5021021021022247,0.0,0,LOW,[],Project 618661 is classified as LOW risk. Progress and expenditure appear to be within normal thresholds.
1955,618662,4L Vidisha Gyaraspur section of NH-146 from Design Chainage km 59475 existing chainage km 81240 to Design Chainage km 88361 existing chainage km 110.315,NHAI,Madhya Pradesh,12.25,11.537441338502347,-1.224219547031339,0.2818057455540588,0,LOW,[],Project 618662 is classified as LOW risk. Progress and expenditure appear to be within normal thresholds.
1956,618666,4- Laning of Mohari to Satai Ghat section NH-934 from Km 50300 to Km 89875 Total length 39.575 km Package-2 in the State of Madhya Pradesh on EPC Mode,NHAI,Madhya Pradesh,99.5,73.00258819557757,-15.863936870533829,0.9677260273972884,0,LOW,[],Project 618666 is classified as LOW risk. Progress and expenditure appear to be within normal thresholds.
1957,618667,4L of near Satai Ghat to Chowka section of NH-34 from D. Ch. 89.875 to D. Ch. 145.000 Package-3,NHAI,Madhya Pradesh,38.26,19.232490378782604,-10.572937280601364,0.0,0,LOW,[],Project 618667 is classified as LOW risk. Progress and expenditure appear to be within normal thresholds.
1958,618668,4L of Chowka to Kaimaha near MP/UP Border section NH-34 from D. Ch. 145.000 to D. Ch. 197.266 excluding existing Chhatarpur bypass from D. Ch. 160.307 to D. Ch. 168.630 Package-4,NHAI,"Multi-States (Madhya Pradesh, Uttar Pradesh)",49.18,31.407927747114904,-9.438775715002617,1.0410958904110108,0,LOW,[],Project 618668 is classified as LOW risk. Progress and expenditure appear to be within normal thresholds.
1959,618331,lmprovement to 4-Lane with Paved Shoulder from existing km 260000 Design Ch.4560 km to existing km Ch.233000 D. Ch.24560 of Silchar near Nutan Dayapur village - Budha Nagar Section Length-20.00 Km of NH-37 under Package Silchar- Jiribam Pkg-1 in the state of Assam on HAM Mode,NHIDCL,Assam,47.27,22.406179863249644,-2.0115976825513124,0.0009132420092559,0,LOW,[],Project 618331 is classified as LOW risk. Progress and expenditure appear to be within normal thresholds.
1960,603210,Development of Jodhpur Pali Marwar Industrial Area JPMIA in Rajasthan,National Industrial Corridor Development Corporation,Rajasthan,6.32,0.0,1.4577392964869298,1.1857961006873606e-13,0,LOW,[],Project 603210 is classified as LOW risk. Progress and expenditure appear to be within normal thresholds.
1961,604852,"Grass-root Terminal at Mirzapur, Uttar Pradesh",Indian Oil Corporation Limited [IOCL],Uttar Pradesh,77.2,31.449844459176912,-0.3409148860218495,0.1576872536136448,0,LOW,[],Project 604852 is classified as LOW risk. Progress and expenditure appear to be within normal thresholds.
1962,602182,Dibang Multipurpose Project,National Hydroelectric Power Corporation Limited [NHPC],Arunachal Pradesh,17.93,15.438887527728202,0.3601402166305861,0.0,0,LOW,[],Project 602182 is classified as LOW risk. Progress and expenditure appear to be within normal thresholds.
1963,705752,Gudha-Thathana Mithri - Construction of dedicated test track for testing and trial of rolling stocks and infrastructure components umbrella work PB23/2018-19/NR,CAOC/NWR NWR mor,Rajasthan,95.0,39.80573046322058,-23.66636159515792,0.0,0,LOW,[],Project 705752 is classified as LOW risk. Progress and expenditure appear to be within normal thresholds.
1964,705763,Indore - Budni New Railway Line [198 kms],RVNL - II,Madhya Pradesh,41.0,38.52849879582553,-2.644131656408838,0.718111540585118,0,LOW,[],Project 705763 is classified as LOW risk. Progress and expenditure appear to be within normal thresholds.
1965,705771,Allahabad-Bamhrauli Flyover Construction & 4th Railway Line Project,North Central Railway,Uttar Pradesh,80.0,83.05668016194332,-3.5017206477733347,4.653515427415292,0,LOW,[],Project 705771 is classified as LOW risk. Progress and expenditure appear to be within normal thresholds.
1966,425828,Stamp Charge Battery No.12 Coke Dry Cooling Plant at IISCO Steel Plant,Steel Authority of India Limited (SAIL,West Bengal,11.87,18.72018796620005,1.9225064047218725,0.0,0,LOW,[],Project 425828 is classified as LOW risk. Progress and expenditure appear to be within normal thresholds.
1967,618371,"Widening/Improvement to 4-Lane with Paved Shoulder configuration of existing single lane road from Srirampur near Bhairiguri Village to Kachukhana Harichara Paglagaunj Package-I of Srirampur - Dhubri Section of NH-127B from existing Km 0.000 to Km 28.050 Design Km 0.000 to Km 27.650, Design Length27.650 Km under JICA ODA Loan assistance Phase-V -Balance work",NHIDCL,Assam,89.5,62.64966036260569,0.7555262343416402,0.0,0,LOW,[],Project 618371 is classified as LOW risk. Progress and expenditure appear to be within normal thresholds.
1968,618373,"Construction of 4-Lane Bridge including approaches over River Brahmaputra between Dhubri on North Bank,Assam and Phulbari on south Bank,Meghalaya on NH-127B under JICA ODA Loan assistance Phase-III",NHIDCL,Assam,77.14,61.658101596144924,-3.018995245185068,0.0254327092900986,0,LOW,[],Project 618373 is classified as LOW risk. Progress and expenditure appear to be within normal thresholds.
1969,618374,Improvement/Widening to 2-L with Paved Shoulder/ 4-Laning of NH-40 section from Km 151330 to Km 163400 design Km 63.530 to Km 71.520 including Dawki Bridge of length 368 m between Shillong-Dawki under JICA ODA Loan assistance Phase-II Pkg- 5 -Balance work,NHIDCL,Meghalaya,42.91,60.09992611097429,3.4579008479645514,3.0251641137854635,0,LOW,[],Project 618374 is classified as LOW risk. Progress and expenditure appear to be within normal thresholds.
1970,618633,4L of Kadapa China Orampadu section of NH-716 Package I of Kadapa-Renigunta section,NHAI,Andhra Pradesh,5.01,6.140269874066464,-0.8740606928074525,2.95881270540868e-14,0,LOW,[],Project 618633 is classified as LOW risk. Progress and expenditure appear to be within normal thresholds.
1971,618641,4 Lane of CG/JH Border-Gumla from km 0.000 to km 32.370 of NH-43 in the State of Jhrkhand,NHAI,Jharkhand,9.76,22.13003469603258,-1.1939583647608345,2.9628658734982814e-14,0,LOW,[],Project 618641 is classified as LOW risk. Progress and expenditure appear to be within normal thresholds.
1972,618646,4L of Pathalgaon-Kunkuri-CG/JH Border section of NH-43 from Km. 00.000 to Km.104.250,NHAI,Chhattisgarh,0.0,0.0009532676426008953,0.9808138999133968,1.1840650114892764e-13,0,LOW,[],Project 618646 is classified as LOW risk. Progress and expenditure appear to be within normal thresholds.
1973,124199,Amended BharatNet Program - HR,Department of Telecommunications,PAN India,0.0,9.997610513739547,-3.1413261648745965,1.1840650114892764e-13,0,LOW,[],Project 124199 is classified as LOW risk. Progress and expenditure appear to be within normal thresholds.
1974,437130,"Amended BharatNet Program - J&K, LAD",Department of Telecommunications,PAN India,8.28,10.490438001233807,1.5656014805675684,1.1840650114892764e-13,0,LOW,[],Project 437130 is classified as LOW risk. Progress and expenditure appear to be within normal thresholds.
1975,462136,"Amended BharatNet Program - MGH, MZM, TRP",Department of Telecommunications,PAN India,0.0,0.0,-1.1477213541666609,0.0,0,LOW,[],Project 462136 is classified as LOW risk. Progress and expenditure appear to be within normal thresholds.
1976,476006,Amended BharatNet Program - HP,Department of Telecommunications,PAN India,23.18,11.527089783281735,-1.9493266253870225,0.0018264840183737,0,LOW,[],Project 476006 is classified as LOW risk. Progress and expenditure appear to be within normal thresholds.
1977,478482,Stamp Charge Battery No.7 Coke Dry Cooling Plant at RSP,Steel Authority of India Limited (SAIL,Odisha,0.0,6.942839697524776,-0.7918369264008016,1.1857961006873606e-13,0,LOW,[],Project 478482 is classified as LOW risk. Progress and expenditure appear to be within normal thresholds.
1978,505491,Installation of 140 TPH Walking Beam type Reheating Furnace in Plate Mill at BSP,Steel Authority of India Limited (SAIL,Chhattisgarh,0.0,0.0,-0.1062006260246462,2.95881270540868e-14,0,LOW,[],Project 505491 is classified as LOW risk. Progress and expenditure appear to be within normal thresholds.
1979,589703,Implementation of Treatment System-2 Under ZLD at RSP,Steel Authority of India Limited (SAIL,Odisha,89.83,62.16554022775668,0.746134617165177,3.821493624772238,0,LOW,[],Project 589703 is classified as LOW risk. Progress and expenditure appear to be within normal thresholds.
1980,601812,Development of Zaheerabad Node under Hyderabad Nagpur Industrial Corridor,National Industrial Corridor Development Corporation,Telangana,4.87,1.817372881355932,-1.3230211864407018,1.1840650114892764e-13,0,LOW,[],Project 601812 is classified as LOW risk. Progress and expenditure appear to be within normal thresholds.
1981,705912,Sawai Madhopur-Jaipur Railway Line Project,North Western Railway [NWR],Rajasthan,19.0,19.962787297842826,-0.547574944554739,0.413986013986206,0,LOW,[],Project 705912 is classified as LOW risk. Progress and expenditure appear to be within normal thresholds.
1982,705919,Agra Fort-Bandikui Doubling Line Project,CAO/C/NCR,Rajasthan,56.0,38.12374100719424,0.8507697841726688,0.6598874945910653,0,LOW,[],Project 705919 is classified as LOW risk. Progress and expenditure appear to be within normal thresholds.
1983,400312,JHANJRA EXPANSION UG,Eastern Coal Fields Limited [ECL],West Bengal,52.04,52.35596469771594,0.2559085049416048,0.0371621621621489,0,LOW,[],Project 400312 is classified as LOW risk. Progress and expenditure appear to be within normal thresholds.
1984,400315,SONEPUR BAZARI EXPANSION OCP [,Eastern Coal Fields Limited [ECL],West Bengal,18.5,13.00140890217448,-1.0581824416497556,0.0,0,LOW,[],Project 400315 is classified as LOW risk. Progress and expenditure appear to be within normal thresholds.
1985,400352,JHARKHAND-LAIYO OCP,Ministry of Coal,Jharkhand,32.45,0.30082306411959625,-0.4018812894161155,0.0949792960661016,0,LOW,[],Project 400352 is classified as LOW risk. Progress and expenditure appear to be within normal thresholds.
1986,400353,DHUPTALA OC [SASTI UG TO OC ],WCL - CIL,Maharashtra,19.02,24.565055343806698,0.634519908299519,0.0,0,LOW,[],Project 400353 is classified as LOW risk. Progress and expenditure appear to be within normal thresholds.
1987,400354,DIPKA EXPANSION OCP [40 MTY],SECL - CIL,Chhattisgarh,39.34,56.115350860457134,1.5069885908346443,0.243027888446212,0,LOW,[],Project 400354 is classified as LOW risk. Progress and expenditure appear to be within normal thresholds.
1988,706780,Mumbai Urban Transport Project [MUTP] Phase-IIIA,Mumbai Rail Vikas Corporation Ltd.[MRVC],Maharashtra,25.0,11.440961709706144,-17.60934758088452,0.0445356917247179,0,LOW,[],Project 706780 is classified as LOW risk. Progress and expenditure appear to be within normal thresholds.
1989,706837,Pradhan Kuntha Jn Line Doubling Project,East Central Railway [ECR] - I,Jharkhand,72.0,41.68432506729282,0.1133382967757715,0.2847754654984784,0,LOW,[],Project 706837 is classified as LOW risk. Progress and expenditure appear to be within normal thresholds.
1990,706865,Chandorgaon-Cansaulim rail flyover 16 km Umbrella work PB57/2019-20/NR,CAOC/SWR SWR mor,Goa,0.0,0.0,-1.1599947145877187,1.6631799163180627,0,LOW,[],Project 706865 is classified as LOW risk. Progress and expenditure appear to be within normal thresholds.
1991,400185,GOPALJI KANIHA OCP [10 TO 30 M,MCL - CIL,Odisha,35.8,21.1204832590519,-17.16425484690818,0.7682462815634437,0,LOW,[],Project 400185 is classified as LOW risk. Progress and expenditure appear to be within normal thresholds.
1992,400186,TILABONI UG,ECL - CIL,West Bengal,12.14,7.2048379345330265,-0.2019009985581649,0.0408707241224351,0,LOW,[],Project 400186 is classified as LOW risk. Progress and expenditure appear to be within normal thresholds.
1993,400187,INTEGRATED LAKHANPUR-BELPAHAR-,MCL - CIL,Odisha,82.9,87.63528082965396,3.1358825341410976,0.0,0,LOW,[],Project 400187 is classified as LOW risk. Progress and expenditure appear to be within normal thresholds.
1994,400192,Tubed Coal Mine,Damodar Valley Corporation,Jharkhand,37.0,39.523086654016446,-0.4154648956356646,4.225492997999513,0,LOW,[],Project 400192 is classified as LOW risk. Progress and expenditure appear to be within normal thresholds.
1995,618403,Construction of Intermediate Lane Road with hard shoulder from design Km 0.000 to Km 17.387 Total length 17.387 km of Hunli to Ithun Bridge section on NH-913 Frontier Highway in State of Arunachal Pradesh on EPC mode under NHO-NE,NHIDCL,Arunachal Pradesh,56.18,59.219600725952816,-0.1206896551723865,3.901369863013692,0,LOW,[],Project 618403 is classified as LOW risk. Progress and expenditure appear to be within normal thresholds.
1996,738679,Stamp Charge Battery No.7 Battery Proper at RSP,Steel Authority of India Limited (SAIL,Odisha,54.16,45.77137528488127,0.4828142593474772,0.0,0,LOW,[],Project 738679 is classified as LOW risk. Progress and expenditure appear to be within normal thresholds.
1997,618405,"Construction of Intermediate Lane of Pango to Jorging Road from 0000 to Design Km Design Km 40000 Design Length 40.00 Km, Pkg-l, Greenfield Alignment in the State of Arunachal Pradesh on EPC mode Pkg-1",NHIDCL,Arunachal Pradesh,39.86,28.448323851300948,-0.7562319776439205,0.0,0,LOW,[],Project 618405 is classified as LOW risk. Progress and expenditure appear to be within normal thresholds.
1998,618616,4L of Dhrol bypass section of NH-151A Approx. length 5.7 Km & widening upto 4 laning of missing link of Amran section of NH-151A Approx. length 6.55 Km from existing Ch. 42000 to 48500 of ongoing Dhrol-Bhadra-Pipaliya section of NH-151A,NHAI,Gujarat,35.47,24.29585344800026,-23.92399053678179,3.617808219178119,0,LOW,[],Project 618616 is classified as LOW risk. Progress and expenditure appear to be within normal thresholds.
1999,618619,Bypass on Western side of Gwalior City,NHAI,Madhya Pradesh,0.0,19.55152910556084,-4.349006456779536,1.4814329367491404e-14,0,LOW,[],Project 618619 is classified as LOW risk. Progress and expenditure appear to be within normal thresholds.
2000,618627,Construction of 7 Nos of Standalone safety structures/works at different locations on various NHs,NHAI,Maharashtra,33.35,15.891288867790173,-31.276169000712034,1.025500910746744,0,LOW,[],Project 618627 is classified as LOW risk. Progress and expenditure appear to be within normal thresholds.
2001,618359,Widening/Improvement to 4-Lane with Paved Shoulder from km 55000 Nagabang Gamsuk to km 82514 Oyan in the State of Assam and Arunachal Pradesh on EPC mode under Bharatmala Pariyojna of Length 27.514 Km Package-3,NHIDCL,"Multi-States (Arunachal Pradesh, Assam)",96.7,57.191158128841266,0.9895261995282096,0.0,0,LOW,[],Project 618359 is classified as LOW risk. Progress and expenditure appear to be within normal thresholds.
2002,400232,Brundamal - Jharsuguda - Fly-over connection for joining down line 6.6 km,CAO/C/ECOR ECoR mor,Odisha,55.0,15.61952861952862,-0.1069023569024893,1.9806576402321667,0,LOW,[],Project 400232 is classified as LOW risk. Progress and expenditure appear to be within normal thresholds.
2003,400166,SIARMAL OCP,Mahanadi Coalfields Limited [MCL],Odisha,61.04,68.20951115987641,-1.7340147643382968,0.0,0,LOW,[],Project 400166 is classified as LOW risk. Progress and expenditure appear to be within normal thresholds.
2004,400181,NAKRAKONDA KUMARDIH- B OCP,ECL - CIL,West Bengal,28.58,17.68520728893133,-4.1445651308984015,0.0,0,LOW,[],Project 400181 is classified as LOW risk. Progress and expenditure appear to be within normal thresholds.
2005,400182,SIDULI [OC & UG],ECL - CIL,West Bengal,14.61,1.072536342912665,0.0887551851711997,0.5582765034098522,0,LOW,[],Project 400182 is classified as LOW risk. Progress and expenditure appear to be within normal thresholds.
2006,400183,BALARAM EXPANSION OCP,Mahanadi Coalfields Limited [MCL],Odisha,62.06,27.50434477385773,2.152493714703253,0.2935545628587712,0,LOW,[],Project 400183 is classified as LOW risk. Progress and expenditure appear to be within normal thresholds.
2007,707044,Establishment of new GMC Korba,"Medical Education, Ministry of Health and Family Welfare",Chhattisgarh,55.0,55.22769230769231,-0.594707692307758,0.0,0,LOW,[],Project 707044 is classified as LOW risk. Progress and expenditure appear to be within normal thresholds.
2008,707046,Establishment of new GMC Kanker,"Medical Education, Ministry of Health and Family Welfare",Chhattisgarh,45.0,11.384615384615385,1.7928000000000128,0.4072447859494364,0,LOW,[],Project 707046 is classified as LOW risk. Progress and expenditure appear to be within normal thresholds.
2009,707051,Establishment of new GMc Udhampur,"Medical Education, Ministry of Health and Family Welfare",Jammu and Kashmir,75.0,68.3076923076923,0.7397846153846086,0.0,0,LOW,[],Project 707051 is classified as LOW risk. Progress and expenditure appear to be within normal thresholds.
2010,618593,Balance work of Rehabilitation and Upgradation to four laning of Baharagora Singhara section of NH-49 from Km.229.727 to Km.238.990 Length 9.263 Km. including construction of five nos. of Elephant Underpasses EUP and fourteen nos. of Animal Underpasses AUP inside the buffer zone of Similipal Tiger Reserve Area in Bangriposi Ghat section in the State of Odisha on EPC Mode,NHAI,Odisha,9.95,5.248367005924351,-25.14879234391621,0.0,0,LOW,[],Project 618593 is classified as LOW risk. Progress and expenditure appear to be within normal thresholds.
2011,618445,Construction of 2-Laning with hard shoulders of Demwe-Brahmakund section of NH- 13 from Ch.0.00 km to 18.464 km on EPC under SARDP-NE NHO-NE -Balance Work,NHIDCL,Arunachal Pradesh,19.57,7.578411980785534,0.2554676462278683,1.1844973097775164e-13,0,LOW,[],Project 618445 is classified as LOW risk. Progress and expenditure appear to be within normal thresholds.
2012,618417,"Construction of 4-Lane with paved shoulder Agartala bypass Western side, length 25.402 km connecting NH-8 near Amtali to NH-108B near Lembuchhera in the state of Tripura on EPC basis under NHO-NE",NHIDCL,Tripura,9.2,22.81977246366082,1.9310974556401843,3.081278538812896,0,LOW,[],Project 618417 is classified as LOW risk. Progress and expenditure appear to be within normal thresholds.
2013,618419,"Construction of 2-Lane with paved shoulders of Shillong Western Bypass starting from NH-06 near Ladumsaw existing Km 60.900 of old NH40 to NH106 old NH 44E Package-III, from km 24700 to km 38256 under SARDP-NE PHASE A in the state of Meghalaya on EPC Mode Greenfield alignment",NHIDCL,Meghalaya,52.28,60.476816953491685,-0.1263156023323498,0.4561643835616684,0,LOW,[],Project 618419 is classified as LOW risk. Progress and expenditure appear to be within normal thresholds.
2014,618420,"Construction of 2 lane with paved shoulder of Shillong Western Bypass starting from NH-06 near Ladumsaw existing km 60.900 of old NH-40 to NH-106 old NH-44E, Package-II km 12800 to km 24700 under SARDP-NE Phase A in the State of Meghalaya on EPC Mode",NHIDCL,Meghalaya,50.48,52.08518577904756,-1.383831610862571,0.4561643835616684,0,LOW,[],Project 618420 is classified as LOW risk. Progress and expenditure appear to be within normal thresholds.
2015,618421,"Construction of 2-Lane with paved shoulder of Shillong Western Bypass starting from NH-06 near Ladumsaw Existing km 60.900 of old NH-40 to NH106 old NH-44E, km 0000 to km 12800 Package-I under SARDP-NE PHASE A in the State of Meghalaya on EPC Mode Greenfield alignment",NHIDCL,Meghalaya,74.85,53.67564081895857,0.5904078671611546,0.0,0,LOW,[],Project 618421 is classified as LOW risk. Progress and expenditure appear to be within normal thresholds.
2016,618401,"Construction of Intermediate Lane with Hard Shoulder of Hunli to Hayuliang Package- III from design Km 60.000 to Km 121.500 Design Length 61.500 km, Greenfield Section of Frontier Highway NH-913 in the State of Arunachal Pradesh on EPC Mode Pkg-3",NHIDCL,Arunachal Pradesh,1.7,6.568828550684795,4.07064363100654,1.1840650114892764e-13,0,LOW,[],Project 618401 is classified as LOW risk. Progress and expenditure appear to be within normal thresholds.
2017,618402,"Construction of Intermediate Lane with Hard Shoulder of Hunli to Hayuliang from Design Km 0.000 to Km 53.000 Design Length 53.000 km, Greenfield Section of Frontier Highway NH-913 in the State of Arunachal Pradesh on EPC Mode Package-I",NHIDCL,Arunachal Pradesh,19.13,20.234785295026256,-0.2862416133964869,2.668228678538069,0,LOW,[],Project 618402 is classified as LOW risk. Progress and expenditure appear to be within normal thresholds.
2018,618539,Construction of Ring Road Kanpur from Ch. 32.090 to Ch.51.200 Transganaga to Sathara Package-II B,NHAI,Uttar Pradesh,20.4,4.974252118118981,-0.1285466445140647,0.0,0,LOW,[],Project 618539 is classified as LOW risk. Progress and expenditure appear to be within normal thresholds.
2019,618525,Construction of flyover at Gammon Junction at Km.903.265 on NH16 including vent at Diwancheruvu junction at Km.902.308 Blackspot ID No.AP03299 in Andhra Pradesh on EPC mode under NHO,NHAI,Andhra Pradesh,18.9,13.41661308594348,-22.5287651939621,7.407164683745702e-14,0,LOW,[],Project 618525 is classified as LOW risk. Progress and expenditure appear to be within normal thresholds.
2020,618506,"Construction of Additional Structures, Improvement of Service Road & Maintenance of Six Lane Gurgaon-Jaipur Section of NH-48 old NH-8 between km 42700 to km 107100 in the State of Haryana",NHAI,Haryana,61.38,32.80479912381142,-26.78851993826846,0.5808219178082236,0,LOW,[],Project 618506 is classified as LOW risk. Progress and expenditure appear to be within normal thresholds.
2021,618511,Upgradation & rehabilitation of Service Roads on both sides in urban areas of Pune City on PuneSatara section of NH48,NHAI,Maharashtra,24.08,10.980995385302435,-29.88880067483757,3.143835616438404,0,LOW,[],Project 618511 is classified as LOW risk. Progress and expenditure appear to be within normal thresholds.
2022,618584,4L of Kishanganj - Bahadurganj section from Km. 0.000 to Km. 23.649 & interchange at Start Point Length - 1.200 Km of NH-27,NHAI,"Multi-States (Bihar, West Bengal)",20.14,18.811017406838104,-8.924452660878323,7.407164683745702e-14,0,LOW,[],Project 618584 is classified as LOW risk. Progress and expenditure appear to be within normal thresholds.
2023,707414,Multi Modal Transport Hub [MMTH] Project at Boraki in Greater Noida - Infrastructure Development - Phase 1,National Industrial Corridor Development Corporation,Uttar Pradesh,0.0,0.0,-0.5607027027026806,0.680098684210507,0,LOW,[],Project 707414 is classified as LOW risk. Progress and expenditure appear to be within normal thresholds.
2024,707419,IMC at Prayagraj,National Industrial Corridor Development Corporation,Uttar Pradesh,27.79,11.493920972644377,-1.90094224924012,0.0,0,LOW,[],Project 707419 is classified as LOW risk. Progress and expenditure appear to be within normal thresholds.
2025,707420,Gaya Integrated Manufacturing Cluster IMC in Bihar,National Industrial Corridor Development Corporation,Bihar,5.0,0.0,2.282169049006027,1.1840650114892764e-13,0,LOW,[],Project 707420 is classified as LOW risk. Progress and expenditure appear to be within normal thresholds.
2026,400136,SANGHMITRA OC,CCL - CIL,Jharkhand,16.77,0.6402255639097745,1.4502293233083132,0.0,0,LOW,[],Project 400136 is classified as LOW risk. Progress and expenditure appear to be within normal thresholds.
2027,834015,Stamp Charge Battery No.12 By-product Plant at RSP,Steel Authority of India Limited (SAIL,Odisha,22.59,18.205899637741542,-1.3648021612707812,0.0,0,LOW,[],Project 834015 is classified as LOW risk. Progress and expenditure appear to be within normal thresholds.
2028,400142,Pachwara South Coal Block,NLC India Limited,Jharkhand,87.0,63.865977083240445,4.464175843773583,0.1614502634027053,0,LOW,[],Project 400142 is classified as LOW risk. Progress and expenditure appear to be within normal thresholds.
2029,400144,PORDA CHIMTAPANI OCP [10 MTY],SECL - CIL,Chhattisgarh,11.81,5.149948920402403,-0.2295941336381531,0.2636122177954664,0,LOW,[],Project 400144 is classified as LOW risk. Progress and expenditure appear to be within normal thresholds.
2030,400149,BAROUD OC EXPANSION [3.0-10.0M,SECL - CIL,Chhattisgarh,55.95,45.01039051000086,1.4542427915835243,0.0,0,LOW,[],Project 400149 is classified as LOW risk. Progress and expenditure appear to be within normal thresholds.
2031,400150,RPR MAGADH EXP OCP,Ministry of Coal,Jharkhand,39.42,33.02212847467022,-0.5404396402813129,0.0556157457565085,0,LOW,[],Project 400150 is classified as LOW risk. Progress and expenditure appear to be within normal thresholds.
2032,400153,EPR ROHINI - KARKETTA OCP,Ministry of Coal,Jharkhand,24.02,8.571973844129493,0.2485711702845294,0.1636085626913272,0,LOW,[],Project 400153 is classified as LOW risk. Progress and expenditure appear to be within normal thresholds.
2033,400155,EPR ASHOK OC,Ministry of Coal,Jharkhand,27.74,6.593951940221264,0.420099465805666,0.2186020607072284,0,LOW,[],Project 400155 is classified as LOW risk. Progress and expenditure appear to be within normal thresholds.
2034,400156,EPR AMRAPALI OCP,CCL - CIL,Jharkhand,43.69,36.897645663650756,-1.9543820995791104,0.0013554727210603,0,LOW,[],Project 400156 is classified as LOW risk. Progress and expenditure appear to be within normal thresholds.
2035,708687,Amended BharatNet Program - UP,West,Uttar Pradesh,7.2,0.0,-2.726760563380278,0.0027397260275112,0,LOW,[],Project 708687 is classified as LOW risk. Progress and expenditure appear to be within normal thresholds.
2036,709754,"Construction of LPG Facilities at Kamardanga, Assam",Hindustan Petroleum Corporation Limited,Assam,83.8,72.97262727040163,1.4630340240471056,0.0,0,LOW,[],Project 709754 is classified as LOW risk. Progress and expenditure appear to be within normal thresholds.
2037,709755,"Setting up of new rail fed POL facility at Kamardanga, Assam",Hindustan Petroleum Corporation Limited,Assam,87.5,65.11561295698364,-0.3891261326944033,0.0,0,LOW,[],Project 709755 is classified as LOW risk. Progress and expenditure appear to be within normal thresholds.
2038,709757,"CGD Project in Banka, Dumka, Godda, Jamtara, Pakur, Sahibganj GA ID 11A.02",Hindustan Petroleum Corporation Limited,"Multi-States (Bihar, Jharkhand)",37.0,27.245461147421935,-1.1493028322439791,0.0,0,LOW,[],Project 709757 is classified as LOW risk. Progress and expenditure appear to be within normal thresholds.
2039,709758,"CGD Project in Malda, Birbhum, Murshidabad, Dakshin Dinajpur GA ID 11A.03",Hindustan Petroleum Corporation Limited,West Bengal,36.3,14.766362252663622,2.627694063926961,0.0,0,LOW,[],Project 709758 is classified as LOW risk. Progress and expenditure appear to be within normal thresholds.
2040,709759,"Petrochemical evacuation marketing terminal at Barmer, Rajasthan",Hindustan Petroleum Corporation Limited,Rajasthan,97.5,54.69688753931244,1.2076347467737008,0.0,0,LOW,[],Project 709759 is classified as LOW risk. Progress and expenditure appear to be within normal thresholds.
2041,709770,City Gas Distribution Project at Pathankot District,Indian Oil Corporation Limited [IOCL],Punjab,2.0,5.973509933774834,1.4294701986755178,0.0,0,LOW,[],Project 709770 is classified as LOW risk. Progress and expenditure appear to be within normal thresholds.
2042,709772,"City Gas Distribution Project at East Mednipore, West Mednipore & Jhargram Districts",Indian Oil Corporation Limited [IOCL],West Bengal,3.0,10.58128078817734,1.8742200328407392,0.0,0,LOW,[],Project 709772 is classified as LOW risk. Progress and expenditure appear to be within normal thresholds.
2043,709792,"City Gas Distribution Projects at Darbhanga, Madhubani, Supaul, Sitamarhi and Sheohar districts",Bharat Petroleum Corporation Limited [BPCL],Bihar,33.6,13.576415612974163,-0.4426553051126956,0.0,0,LOW,[],Project 709792 is classified as LOW risk. Progress and expenditure appear to be within normal thresholds.
2044,317725,Amended BharatNet Program - OD,Department of Telecommunications,PAN India,0.0,0.0,-0.2061587857559998,1.1840650114892764e-13,0,LOW,[],Project 317725 is classified as LOW risk. Progress and expenditure appear to be within normal thresholds.
2045,364934,Stamp Charge Battery No.12 By-product Plant at IISCO Steel Plant,Steel Authority of India Limited (SAIL,West Bengal,18.72,7.040802033097873,-0.8864386768853818,0.0,0,LOW,[],Project 364934 is classified as LOW risk. Progress and expenditure appear to be within normal thresholds.
2046,400018,HURA C OCP,Eastern Coal Fields Limited [ECL],Jharkhand,63.3,53.05383926181916,0.6467343875450986,0.1277038269549639,0,LOW,[],Project 400018 is classified as LOW risk. Progress and expenditure appear to be within normal thresholds.
2047,709842,"Kalol Redevelopment Project, Ahmedabad Asset",Oil and Natural Gas Corporation Limited [ONGC],Gujarat,66.0,63.630740683469924,-0.5927551919106236,0.1667662881052712,0,LOW,[],Project 709842 is classified as LOW risk. Progress and expenditure appear to be within normal thresholds.
2048,400062,"Raghunathpur Thermal Power Station Phase II [2X660 MW] at Raghunathpur, Purulia, West Bengal",Damodar Valley Corporation,West Bengal,13.0,12.8366434674362,2.2707780229728844,0.0,0,LOW,[],Project 400062 is classified as LOW risk. Progress and expenditure appear to be within normal thresholds.
2049,400073,KONAR EXPANSION OCP,CCL - CIL,Jharkhand,50.78,26.02682872600608,-0.1590306084635473,0.0,0,LOW,[],Project 400073 is classified as LOW risk. Progress and expenditure appear to be within normal thresholds.
2050,400074,KARO EXPANSION OCP,CCL - CIL,Jharkhand,23.28,27.976828248813746,0.4476457359502983,2.3150221121676175e-13,0,LOW,[],Project 400074 is classified as LOW risk. Progress and expenditure appear to be within normal thresholds.
2051,709798,Ethylene Cracker Project at Bina Refinery including downstream Petrochemical Plants and expansion of Refinery,Bharat Petroleum Corporation Limited [BPCL],Madhya Pradesh,33.5,14.075218484100812,-23.7589821753868,0.4110563765738245,0,LOW,[],Project 709798 is classified as LOW risk. Progress and expenditure appear to be within normal thresholds.
2052,709799,Setting up Polypropylene Unit at Kochi Refinery,Bharat Petroleum Corporation Limited [BPCL],Kerala,45.2,23.004484304932735,3.628421524663689,0.0,0,LOW,[],Project 709799 is classified as LOW risk. Progress and expenditure appear to be within normal thresholds.
2053,709811,GANDHAMARDAN IRON ORE MINES TO GOALDIH STATION/12.76kms,East Coast Railway [ECoR] - II,Odisha,5.0,1.789473684210526,-0.26957894736835,0.0,0,LOW,[],Project 709811 is classified as LOW risk. Progress and expenditure appear to be within normal thresholds.
2054,709816,4th line - Bhilai-Bhilai nagar 8.8 km PB72/NR/2022-23,CAOC/SECR SECR mor,"Multi-States (Chhattisgarh, Maharashtra)",3.0,19.854516747490695,-0.936224202097605,4.23168178646183,0,LOW,[],Project 709816 is classified as LOW risk. Progress and expenditure appear to be within normal thresholds.
2055,108841,"Amended BharatNet Program - KTK, GOA, PY",Department of Telecommunications,PAN India,8.15,11.633083912346338,2.787685729556387,1.1840650114892764e-13,0,LOW,[],Project 108841 is classified as LOW risk. Progress and expenditure appear to be within normal thresholds.
2056,900874,Jhajha - Batia 20 km Umbrella work PB23/2018-19/NR,CAO/Con/South/MHX ECR mor,Bihar,0.0,4.508823829439967,-0.2966608861232427,0.0,0,LOW,[],Project 900874 is classified as LOW risk. Progress and expenditure appear to be within normal thresholds.
2057,709819,3rd & 4th line - Saragbundia & Madwarani 12.2 km PB72/NR/2022-23,CAOC/SECR SECR mor,Chhattisgarh,10.0,16.96492483894059,0.0642448103077311,2.22611232676872,0,LOW,[],Project 709819 is classified as LOW risk. Progress and expenditure appear to be within normal thresholds.
2058,976009,"Amended BharatNet Program - ARP, NGL, MNP",Department of Telecommunications,PAN India,0.61,10.554794520547945,0.2962585616438518,1.1840650114892764e-13,0,LOW,[],Project 976009 is classified as LOW risk. Progress and expenditure appear to be within normal thresholds.
2059,298178,"Meja Thermal Power Project, Stage-II ,",3x800 MW,Uttar Pradesh,0.02,2.6141352520986496,-3.392616142656041,0.0,0,LOW,[],Project 298178 is classified as LOW risk. Progress and expenditure appear to be within normal thresholds.
2060,709851,Integrated Development of 4 Contract Areas under DSF-II,Oil and Natural Gas Corporation Limited [ONGC],Offshore,47.4,33.19970438840905,-3.8772370989313214,1.285115303983232,0,LOW,[],Project 709851 is classified as LOW risk. Progress and expenditure appear to be within normal thresholds.
2061,618551,Greenfield connectivity from Govindsar village on Delhi Amritsar Katra Expressway to Talwara village on NH-44 Pathankot by-pass,NHAI,Punjab,29.01,32.62098648790511,-0.6454462290606836,1.4054794520548362,0,LOW,[],Project 618551 is classified as LOW risk. Progress and expenditure appear to be within normal thresholds.
2062,618561,Improving the Alignment of Thoppur Ghat Section from Km 158.500 to Km 165.100 in Dharmapuri - Salem Section of NH-44,NHAI,Tamil Nadu,47.84,23.352744229218004,-7.113050972938948,0.7718978102190922,0,LOW,[],Project 618561 is classified as LOW risk. Progress and expenditure appear to be within normal thresholds.
2063,618567,4/6L of Northern Ayodhya Bypass starting Km. 112.540 and ending Km. 139.928 north of existing NH-27 part-1 and part-2 south of NH-27 from km 0.000 to km 5.000.,NHAI,Uttar Pradesh,33.53,12.478268846042964,-12.991067294504138,0.0,0,LOW,[],Project 618567 is classified as LOW risk. Progress and expenditure appear to be within normal thresholds.
2064,618568,4/6L Southern Ayodhya Bypass from Km 5.000 to Km 37.172 starting near Km. 112.540 and ending at Km. 153.281 of NH-27,NHAI,Uttar Pradesh,39.5,12.534974597915099,-16.551664023485717,0.0,0,LOW,[],Project 618568 is classified as LOW risk. Progress and expenditure appear to be within normal thresholds.
2065,618572,Binnaguri Bypass-Descoped portion of Ghoshpukur-Dhupguri Section of NH-31Dpkg-1,NHAI,West Bengal,3.67,1.5387593148166068,-13.760476144391692,7.407164683745702e-14,0,LOW,[],Project 618572 is classified as LOW risk. Progress and expenditure appear to be within normal thresholds.
2066,618574,Balance Works of 4L of NH-31D from Km. 113.200 to Km. 154.854 Package-II A Ghoshpukur-Salsalabari Section,NHAI,West Bengal,61.1,25.3511212784444,-34.64734445629824,0.0,0,LOW,[],Project 618574 is classified as LOW risk. Progress and expenditure appear to be within normal thresholds.
2067,618534,Construction of Six lane elevated flyover including reconstruction/rehabilitation of existing pavement from Km 426230 to Km 430500 Length 4.27 Km at Nirsa in the Barwa Adda Panagarh section of NH-19 from Km.398.240 to Km.521.120 including Panagarh Bypass in the State of Jharkhand on EPC Mode.,NHAI,Jharkhand,0.0,0.19755708975039832,-6.037620817843854,0.0,0,LOW,[],Project 618534 is classified as LOW risk. Progress and expenditure appear to be within normal thresholds.
2068,618535,Construction of Six lane elevated flyover including reconstruction/rehabilitation of existing pavement from Km 406100 to Km 411150 Length 5.05 Km at Gobindpur area in the Barwa Adda Panagarh section of NH-19 from Km.398.240 to Km.521.120 including Panagarh Bypass in the State of Jharkhand on EPC Mode.,NHAI,Jharkhand,19.91,9.86376259505358,-28.560521686028835,0.0,0,LOW,[],Project 618535 is classified as LOW risk. Progress and expenditure appear to be within normal thresholds.
2069,618536,Construction of Ring Road around Kanpur from Ch.68.650 to Ch.93.209 Jarkala to Pakari Package-IV in State of Uttar Pradesh.,NHAI,Uttar Pradesh,39.2,16.610852307097467,-21.142760035671177,0.2357456140352085,0,LOW,[],Project 618536 is classified as LOW risk. Progress and expenditure appear to be within normal thresholds.
2070,618538,Construction of Ring Road around kanpur from Ch.51.200 to Ch. 68.650 Badarka to Harbanch-Uchti Pkg-III,NHAI,Uttar Pradesh,34.8,15.88850213088783,-26.596537028359784,0.0,0,LOW,[],Project 618538 is classified as LOW risk. Progress and expenditure appear to be within normal thresholds.
2071,709780,Construction of Additional Tankages and Allied Facilities at JNPT Terminal,Indian Oil Corporation Limited [IOCL],Maharashtra,72.9,89.33309902469027,0.3792285387926442,2.2779532533166926,0,LOW,[],Project 709780 is classified as LOW risk. Progress and expenditure appear to be within normal thresholds.
2072,709781,Revamping / Augmentation of Facilities at Mathura Bitumen Plant,Indian Oil Corporation Limited [IOCL],Uttar Pradesh,57.3,9.065046901430108,1.2617638013224282,0.0,0,LOW,[],Project 709781 is classified as LOW risk. Progress and expenditure appear to be within normal thresholds.
2073,709786,"Augmentation/ Revamping of Dimapur Depot, Dimapur",Indian Oil Corporation Limited [IOCL],Nagaland,43.0,12.31438362182585,1.5135313241366677,3.4558918222795048,0,LOW,[],Project 709786 is classified as LOW risk. Progress and expenditure appear to be within normal thresholds.
2074,175860,"Amended BharatNet Program - MP, DD and DNH",Department of Telecommunications,PAN India,8.4,11.372243576775237,0.5933603075055905,0.0,0,LOW,[],Project 175860 is classified as LOW risk. Progress and expenditure appear to be within normal thresholds.
