project_code,project_name,agency,state,report_month,original_cost,physical_progress,cumulative_expenditure,progress_change_1m,expenditure_change_1m,num_observations,expenditure_per_progress,project_size_category,target_total_cost
108841,"Amended BharatNet Program - KTK, GOA, PY",Department of Telecommunications,PAN India,July 2026,3742.0,8.15,435.31,8.15,0.0,2,53.412269938650304,Medium,3742.0
124199,Amended BharatNet Program - HR,Department of Telecommunications,PAN India,July 2026,837.0,0.0,83.68,0.0,0.0,1,0.0,Small,837.0
171218,Amended BharatNet Program - PB,Department of Telecommunications,PAN India,July 2026,1245.0,26.58,0.0,0.0,0.0,1,0.0,Medium,1245.0
175860,"Amended BharatNet Program - MP, DD and DNH",Department of Telecommunications,PAN India,July 2026,4943.0,8.4,562.13,0.0,0.0,1,66.92023809523809,Medium,4943.0
210914,Amended BharatNet Program - WB & ANI,Department of Telecommunications,PAN India,July 2026,1674.0,15.13,223.41,0.0,0.0,1,14.766027759418373,Medium,1674.0
222253,Amended BharatNet Program - UP,East,Uttar Pradesh,July 2026,5008.0,7.65,502.0,7.65,0.0,2,65.62091503267973,Large,5008.0
240484,Amended BharatNet Program - AS,Department of Telecommunications,PAN India,July 2026,832.0,0.0,83.16,0.0,0.0,1,0.0,Small,832.0
245986,Jaipur Metro Rail Project Phase 2,Prahladpura to Todi Mod,Rajasthan,July 2026,13037.66,1.79,1.79,0.0,0.0,1,1.0,Large,13037.66
298178,"Meja Thermal Power Project, Stage-II ,",3x800 MW,Uttar Pradesh,July 2026,38358.0,0.02,1002.73,0.0,0.0,1,50136.5,Large,38358.0
317725,Amended BharatNet Program - OD,Department of Telecommunications,PAN India,July 2026,1713.0,0.0,0.0,0.0,0.0,1,0.0,Medium,1713.0
364934,Stamp Charge Battery No.12 By-product Plant at IISCO Steel Plant,Steel Authority of India Limited (SAIL,West Bengal,July 2026,999.46,18.72,70.37,0.0,0.0,1,3.759081196581197,Small,999.46
400005,Transmission Network Expansion in Gujarat to increase its ATC from ISTS Part B,Power Grid Corporation of India Limited [POWERGRID],"Multi-States (Dadra & Nagar Haveli and Daman & Diu, Gujarat, Maharashtra)",April 2026,4546.26,99.9,4528.07,0.0,0.0,1,45.32602602602602,Medium,4546.26
400006,Jharsuguda-Barpali-Sardega Ph II Works- Rail Connectivity for Coal Loading Bulb at Barpali.,South Eastern Railway [SER] - I,Odisha,July 2026,808.99,44.0,743.46,4.0,0.0,4,16.896818181818183,Small,808.99
400010,"Construction of Terminal Building & Associated works at Leh Airport, Ladakh",Airport Authority of India [AAI],Ladakh,July 2026,480.0,88.0,512.55,4.599999999999994,3.1399999999999295,4,5.824431818181818,Small,640.0
400012,Kandla Gorakhpur LPG Pipeline,Indian Oil Corporation Limited [IOCL],Uttar Pradesh,July 2026,10088.0,96.0,8504.21,0.29999999999999716,-168.14000000000124,4,88.58552083333332,Large,10088.0
400013,Saturation 4G mobile coverage of Uncovered Villages through USOF,Department of Telecommunications [DoT],PAN India,July 2026,26316.0,87.7,8722.82,2.700000000000003,169.71999999999935,4,99.46202964652223,Large,15392.84
400018,HURA C OCP,Eastern Coal Fields Limited [ECL],Jharkhand,July 2026,859.41,63.3,455.95,0.0,0.0,4,7.203001579778831,Small,859.41
400019,DHULE [BORVIHIR] - NARDANA NEW LINE [50.60 KMS],Central Railway,Maharashtra,June 2026,492.76,38.0,560.32,13.0,18.06000000000006,3,14.745263157894739,Small,1170.83
400022,Taranga Hill-Abu Road via Ambaji 116.65 km,CAOC/NWR NWR mor,"Multi-States (Gujarat, Rajasthan)",July 2026,2798.0,48.0,1953.58,3.0,-662.9300000000003,4,40.69958333333333,Medium,3198.16
400023,Construction of New BG line between Hassan to Belur [27 Km],South Western Railway [SWR] - II,Karnataka,July 2026,749.0,0.5,3.43,0.0,0.0,4,6.86,Small,749.0
400033,BHATADI EXPANSION OC,WCL - CIL,Maharashtra,July 2026,580.61,34.25,112.17,0.3400000000000034,0.0,4,3.275036496350365,Small,580.61
400035,"Grass Root Rail-fed Depot at Sekerkote, Agartala as resitement of existing Dharmanagar Depot",Indian Oil Corporation Limited [IOCL],Tripura,May 2026,656.0,97.7,541.81,0.7000000000000028,4.639999999999986,2,5.545649948822927,Small,656.0
400043,Laying of POL Pipelines in Common Corridor for proposed grass root terminal at Vallur [Chennai],MinistryofPetroleumNaturalGas,Tamil Nadu,July 2026,829.0,81.0,382.47,1.4000000000000057,-0.48999999999995225,4,4.721851851851852,Small,829.0
400045,Proposed 6 nos Road Over Bridge [ROB] at different locations under MCL Talcher Under Deposit Scheme.,East Coast Railway [ECoR] - II,Odisha,July 2026,168.32,82.0,69.85,0.0,0.0,4,0.8518292682926829,Small,168.32
400047,Doubling of Lingaraj SILO connectivity of NTPC line and augmentation of NTPC exchange yard and NTPC Block Cabin.,East Coast Railway [ECoR] - II,Odisha,July 2026,210.0,53.0,41.17,0.0,0.0,4,0.7767924528301887,Small,210.0
400048,Doubling of lines connecting the loading spurs in Talcher Yard.,East Coast Railway [ECoR] - II,Odisha,July 2026,186.21,88.0,105.07,0.0,0.0,4,1.1939772727272726,Small,186.21
400062,"Raghunathpur Thermal Power Station Phase II [2X660 MW] at Raghunathpur, Purulia, West Bengal",Damodar Valley Corporation,West Bengal,July 2026,17673.0,13.0,2268.62,1.5,148.23000000000002,4,174.50923076923075,Large,17673.0
400073,KONAR EXPANSION OCP,CCL - CIL,Jharkhand,July 2026,674.65,50.78,175.59,0.0,3.289999999999992,4,3.457857424182749,Small,674.65
400074,KARO EXPANSION OCP,CCL - CIL,Jharkhand,July 2026,849.31,23.28,237.61,0.0,29.330000000000013,4,10.206615120274915,Small,849.31
400078,New Mundra Panipat Crude Oil Pipeline,Ministry of Petroleum & Natural Gas,"Multi-States (Gujarat, Haryana, Rajasthan)",June 2026,9028.0,94.1,7482.71,1.3999999999999915,26.409999999999854,3,79.51870350690756,Large,9028.0
400081,"National Sports University [NSU], Imphal [Manipur]",Department of Sports & Youth Affairs,Manipur,July 2026,906.47,97.5,577.32,0.25,0.9500000000000455,4,5.92123076923077,Small,611.74
400087,Redevelopment of Sobhasan Complex,Oil and Natural Gas Corporation Limited [ONGC],Gujarat,July 2026,885.63,95.6,1062.32,1.2999999999999972,24.950000000000045,4,11.11213389121339,Small,1347.61
400093,Saryu Nahar CADWM Project,Irrigation & Water Resources-UP,Uttar Pradesh,April 2026,1672.7,1.76,22.24,0.0,0.0,1,12.636363636363635,Medium,1672.7
400095,Gosikhurd CADWM Project,Department of water resources-MH - II,Maharashtra,April 2026,743.73,53.93,459.06,0.0,0.0,1,8.512145373632487,Small,743.73
400096,Omkareshwar CADWM Project,Water resource-mp,Madhya Pradesh,April 2026,648.09,49.78,208.06,0.0,0.0,1,4.1795901968662115,Small,648.09
400097,Sardar Sarovar CADWM Project,"Narmada and Water Resources, Water Supply and Kalpsar Department-GJ",Gujarat,April 2026,5021.76,90.3,4956.98,0.0,0.0,1,54.89457364341085,Large,6670.31
400100,Sardar Gouthu Latchanna Thotapalli Barrage Project,Water Resources-AP,Andhra Pradesh,July 2026,353.05,95.88,879.15,0.0,0.0,4,9.16927409261577,Small,1023.24
400101,Gundlakamma project,Water Resources-AP,Andhra Pradesh,July 2026,397.41,98.3,624.78,0.0,0.0,4,6.355849440488301,Small,697.39
400102,Sri Ram Sagar Project Stage - II,Irrigation and CAD-TG,Telangana,July 2026,736.13,97.0,971.47,0.0,0.0,4,10.015154639175258,Small,949.87
400103,Indiramma Flood Flow Canal Project,Irrigation and CAD-TG,Telangana,July 2026,1331.3,92.0,4491.08,0.0,0.0,4,48.81608695652174,Medium,5940.09
400105,Urmodi Irrigation Project,Department of water resources-MH - II,Maharashtra,April 2026,580.79,76.22,713.46,0.0,0.0,1,9.360535292574129,Small,895.81
400107,Sulwade-Jamphal-Kanoli Lift Irrigation Scheme,Department of water resources-MH - II,Maharashtra,April 2026,2407.67,80.54,2779.38,0.0,0.0,1,34.509312143034514,Medium,2407.67
400109,Purna Barrage-2 [Ner Dhamana] Medium Irrigation Project,Department of water resources-MH - II,Maharashtra,April 2026,848.07,69.63,690.49,0.0,0.0,1,9.916558954473647,Small,888.43
400111,Kelo Irrigation Project,Water Resources-CT,Chhattisgarh,July 2026,459.97,73.0,620.15,0.0,0.0,4,8.495205479452055,Small,727.04
400112,Jigaon Irrigation Project,Department of water resources-MH - II,Maharashtra,April 2026,7222.95,92.0,10516.63,0.0,0.0,1,114.31119565217391,Large,7222.95
400115,Bargi Diversion Project Phase - IV [km. 154 to km 197],Water Resources-MP,Madhya Pradesh,July 2026,751.03,75.0,814.02,0.0,0.0,4,10.8536,Small,893.35
400116,Bargi Diversion Project Phase - III [km. 104 to km 154],Water Resources-MP,Madhya Pradesh,July 2026,1229.15,81.52,2270.96,0.0,30.909999999999854,4,27.857703631010796,Medium,1399.7
400119,Life Extension of 48 well platforms of Mumbai High & Heera Fields,Oil and Natural Gas Corporation Limited [ONGC],Offshore,July 2026,3190.69,90.0,3123.2,0.0,0.0,4,34.70222222222222,Medium,3375.9
400120,KG-DWN-98/2 Cluster - II Development Project - NELP Block,Oil and Natural Gas Corporation Limited [ONGC],Andhra Pradesh,July 2026,34012.0,96.9,33192.0,0.10000000000000853,78.26000000000204,4,342.53869969040244,Large,34012.0
400121,"Construction of Screening Plant-II for Donimalai and Kumaraswamy Iron Ore Mining Complex of NMDC Limited at Ballari Dt, Karnataka.",National Mineral Development Corporation Limited [NMDC],Karnataka,July 2026,1043.63,70.33,649.52,5.329999999999998,21.230000000000018,4,9.235319209441206,Medium,1043.63
400136,SANGHMITRA OC,CCL - CIL,Jharkhand,July 2026,2660.0,16.77,17.03,0.0,-0.36999999999999744,4,1.0155038759689923,Medium,2660.0
400138,CHANDRAGUPT OCP,CCL - CIL,Jharkhand,July 2026,973.5,25.11,772.12,0.0,0.0,4,30.749502190362406,Small,973.5
400139,KOTRE BASANTPUR PACHMO OCP,Ministry of Coal,Jharkhand,July 2026,625.4,45.78,456.48,0.0,0.0,4,9.971166448230669,Small,625.4
400141,Expansion of Alumina Refinery Plant with addition of 5th Stream having capacity enhancement of 1.0 Million Tonee Per Annum,National Aluminium Company Limited [NALCO],Odisha,July 2026,4103.0,95.64,5023.49,0.4399999999999977,38.42000000000007,4,52.5249895441238,Medium,5677.4
400142,Pachwara South Coal Block,NLC India Limited,Jharkhand,July 2026,2242.9,87.0,1432.45,0.0,9.940000000000055,4,16.464942528735634,Medium,2242.9
400144,PORDA CHIMTAPANI OCP [10 MTY],SECL - CIL,Chhattisgarh,July 2026,2310.12,11.81,118.97,0.0,1.5999999999999943,4,10.073666384419983,Medium,2310.12
400148,AMADAND OCP[4.0MTY],SECL - CIL,Madhya Pradesh,July 2026,869.44,75.15,325.09,0.0,0.16999999999995907,4,4.325881570192947,Small,869.44
400149,BAROUD OC EXPANSION [3.0-10.0M,SECL - CIL,Chhattisgarh,July 2026,2309.8,55.95,1039.65,0.0,32.56000000000006,4,18.58176943699732,Medium,2309.8
400150,RPR MAGADH EXP OCP,Ministry of Coal,Jharkhand,July 2026,6964.33,39.42,2299.77,0.0,1.3200000000001637,4,58.34018264840182,Large,6964.33
400151,NORTH URIMARI EXPANSION OCP,Ministry of Coal,Jharkhand,July 2026,634.3,68.9,598.34,0.0,0.01999999999998181,4,8.684179970972423,Small,634.3
400153,EPR ROHINI - KARKETTA OCP,Ministry of Coal,Jharkhand,July 2026,995.57,24.02,85.34,0.0,0.0,4,3.5528726061615323,Small,995.57
400154,EPR PUNDI OCP,Ministry of Coal,Jharkhand,July 2026,639.6,11.24,14.78,0.0,-221.8,4,1.3149466192170818,Small,639.6
400155,EPR ASHOK OC,Ministry of Coal,Jharkhand,July 2026,2821.07,27.74,186.02,0.0,0.0,4,6.705839942321558,Medium,2821.07
400156,EPR AMRAPALI OCP,CCL - CIL,Jharkhand,July 2026,4983.57,43.69,1838.82,0.0,27.049999999999955,4,42.08789196612497,Medium,4983.57
400160,RAJRAPPA RCE OCP,CCL - CIL,Jharkhand,July 2026,510.85,75.61,488.71,0.0,-0.4900000000000091,4,6.4635630207644486,Small,510.85
400162,BLOCK B EXPANSION [3.5 TO 8.0,NCL - CIL,Madhya Pradesh,July 2026,998.71,51.31,545.34,0.23000000000000398,-139.12,4,10.628337556031962,Small,998.71
400165,SUBHADRA OCP,MCL - CIL,Odisha,July 2026,1693.81,46.57,1332.87,0.29999999999999716,1.509999999999991,4,28.620785913678333,Medium,1693.81
400166,SIARMAL OCP,Mahanadi Coalfields Limited [MCL],Odisha,July 2026,5194.95,61.04,3543.45,0.38000000000000256,52.36999999999989,4,58.05127785058978,Large,5194.95
400167,Redevelopment of Santhal Field [Onshore-Mehsana Asset],Oil and Natural Gas Corporation Limited [ONGC],Gujarat,July 2026,1162.56,96.8,1127.73,0.0,9.930000000000064,4,11.650103305785125,Medium,1162.56
400168,"500 KTA PDHPP Project, Usar",Gas Authority of India Limited [GAIL],Maharashtra,July 2026,8797.0,91.9,8861.88,0.30000000000001137,120.0,4,96.42959738846571,Large,11256.0
400169,Redevelopment of Linch Field,Oil and Natural Gas Corporation Limited [ONGC],Gujarat,July 2026,631.03,93.7,622.24,1.6000000000000085,4.399999999999977,4,6.64076840981857,Small,845.42
400171,2G Ethanol Biorefinery at Bathinda,Hindustan Petroleum Corporation Limited,Punjab,July 2026,1421.46,95.9,1291.35,1.9000000000000057,-1.990000000000009,4,13.465589155370175,Medium,1421.46
400172,CHITRA EAST OC,ECL - CIL,Jharkhand,July 2026,513.99,53.03,276.0,0.0,1.7200000000000273,4,5.204601169149538,Small,513.99
400173,MOHANPUR EXPANSION OC -PHASE I,Eastern Coal Fields Limited [ECL],West Bengal,July 2026,888.99,31.52,153.96,0.0,10.670000000000016,4,4.884517766497463,Small,888.99
400174,"New Sinter Plant at BSL, SAIL",Steel Authority of India Limited [SAIL],Jharkhand,July 2026,1034.01,64.26,1028.11,0.5000000000000071,13.159999999999854,4,15.999221910986615,Medium,1752.3
400177,AMALGAMATED YEKONA I & YEKONA,WCL - CIL,Maharashtra,July 2026,727.28,80.77,564.25,0.0,0.0,4,6.985885848706203,Small,727.28
400178,DINESH[MAKARDHOKRA-III] OC,WCL - CIL,Maharashtra,July 2026,822.88,40.63,792.0,0.0,0.5199999999999818,4,19.49298547871031,Small,822.88
400180,BONJEMEHARI EXPANSION OCP,Eastern Coal Fields Limited [ECL],West Bengal,July 2026,570.11,17.13,98.58,0.0,9.620000000000005,4,5.754816112084063,Small,570.11
400181,NAKRAKONDA KUMARDIH- B OCP,ECL - CIL,West Bengal,July 2026,502.68,28.58,88.9,0.0,0.0,4,3.110566829951015,Small,502.67
400182,SIDULI [OC & UG],ECL - CIL,West Bengal,April 2026,535.18,14.61,5.74,0.0,0.0,1,0.39288158795345657,Small,535.17
400183,BALARAM EXPANSION OCP,Mahanadi Coalfields Limited [MCL],Odisha,July 2026,3504.21,62.06,963.81,3.8300000000000054,2.6099999999999,4,15.53029326458266,Medium,3504.21
400185,GOPALJI KANIHA OCP [10 TO 30 M,MCL - CIL,Odisha,July 2026,8416.19,35.8,1777.54,0.10999999999999943,0.7100000000000364,4,49.651955307262575,Large,6107.87
400186,TILABONI UG,ECL - CIL,West Bengal,July 2026,749.08,12.14,53.97,0.0,0.0,4,4.445634266886326,Small,749.07
400187,INTEGRATED LAKHANPUR-BELPAHAR-,MCL - CIL,Odisha,July 2026,2434.75,82.9,2133.7,0.4000000000000057,102.79999999999973,4,25.738238841978283,Medium,2434.75
400188,Redevelopment of Seven General Pool Residential Accommodation [GPRA] Colonies in Delhi,National Buildings Construction Corporation [NBCC],Delhi,July 2026,32850.0,46.7,14370.45,0.0,0.0,4,307.7184154175589,Large,32841.0
400192,Tubed Coal Mine,Damodar Valley Corporation,Jharkhand,July 2026,1581.0,37.0,624.86,0.5,7.9500000000000455,4,16.88810810810811,Medium,1581.0
400203,Dharamjaigarh-Korba,Railway,Chhattisgarh,July 2026,1686.22,43.7,792.73,0.0,0.0,4,18.140274599542334,Medium,2438.53
400204,"Bahraich - Khalilabad via Bhinga, Shravasti, Balrampur, Utraula, Domriyaganj, Mehdawal, Bansi 240.26 km",CAOC/NER NER mor,Uttar Pradesh,July 2026,4939.78,15.0,1671.24,1.9000000000000004,585.01,4,111.416,Medium,4939.78
400205,Sahjanwa - Dohrighat 81.17 km,CAOC/NER NER mor,Uttar Pradesh,July 2026,1319.75,1.0,728.08,-3.2,183.19000000000005,4,728.08,Medium,1319.75
400220,Kharsia-Dharamjaygarh with Spur line [East Corridor-Phase 1],Indian Railway Construction International Limited [IRCON],Chhattisgarh,July 2026,3055.0,95.15,2790.19,0.0,0.0,4,29.32411981082501,Medium,3798.06
400223,Tiruchchirappalli-Nagore-Karaikal with extension of Nagapattinam-Velankani- Tiruthiraipundi incl. new material modification of Karaikal - Peralam 23 km new line,CAOC/SR SR mor,"Multi-States (Puducherry, Tamil Nadu)",July 2026,713.0,80.0,1267.74,-1.0,622.5,4,15.84675,Small,1748.55
400231,NLC Talabira Thermal Power Project,NLC India Limited,Odisha,July 2026,27212.96,4.1,3574.21,0.5599999999999996,56.039999999999964,4,871.758536585366,Large,27212.96
400232,Brundamal - Jharsuguda - Fly-over connection for joining down line 6.6 km,CAO/C/ECOR ECoR mor,Odisha,July 2026,297.0,55.0,46.39,-12.0,-191.44,4,0.8434545454545455,Small,296.51
400247,"Kalinarayanpur-Krishnanagar with Krishnanagar-Shantipur-Nabadwipghat - GC, Krishnanagar-Chartala, MM for Krishnanagar-Chapra-NL, Naihati-Ranaghat-3rd line, Nabadwipghat-Nabadwipdham upto BB loop 9.58 km, Ranaghat-Lalgola- strengthening bridge No.2",CAOC/ER ER mor,West Bengal,July 2026,1000.0,49.0,925.7,-27.0,-141.14999999999986,4,18.89183673469388,Medium,2153.91
400253,Vizianagaram - Titlagarh 3rd line [272 Km including By - pass line of 7.68 KM],RVNL - II,"Multi-States (Andhra Pradesh, Odisha)",June 2026,4803.0,99.0,6260.17,1.0,26.920000000000073,3,63.23404040404041,Medium,6669.91
400254,Sakri-Hasanpur 79 km,CAO/Con/North/MHX ECR mor,Bihar,July 2026,735.2,80.0,615.69,-4.200000000000003,26.32000000000005,4,7.696125,Small,802.45
400259,Ghatampur Thermal Power Plant 3 X 660 MW,NLC India Limited [NLCIL],Uttar Pradesh,April 2026,17237.8,95.68,21237.52,0.0,0.0,1,221.96404682274246,Large,21780.9
400261,Patratu Thermal Power Station Expansion Project Phase-I [3x800 MW],National Thermal Power Corporation [NTPC],Jharkhand,July 2026,18668.0,92.0,19735.72,1.5,528.130000000001,4,214.51869565217393,Large,20302.0
400271,Wardha-Nanded Via Yavatmal New BG Line,Central Railway [CR] - II,Maharashtra,June 2026,3445.0,50.0,3002.93,0.0,0.0,3,60.0586,Medium,3445.0
400273,"Tarakeswar-Bishnupur with extension upto Dhaniakhali, Arambagh-Irphala, Irphala- Ghatal 11.2 km, Arambagh-Champadanga 23.3 km & Bishnupur-Uparsol 31.8 km and new material modification for Mynapur-Kamarpukur via Birsha 19 km",CAOC/ER ER mor,West Bengal,July 2026,1189.0,75.0,1607.64,-21.900000000000006,217.05000000000018,4,21.435200000000002,Medium,1878.82
400275,Tindivanam-Nagari 179.2 km,CAOC/SR SR mor,"Multi-States (Andhra Pradesh, Tamil Nadu)",July 2026,3631.0,16.0,1175.82,-0.8500000000000014,-159.47000000000003,4,73.48875,Medium,3631.34
400277,Dum Dum Airport-New Garia via Rajarhat-Construction of Metro Railway,RVNL - II,West Bengal,June 2026,8964.0,87.0,8984.66,0.0,251.63999999999942,3,103.27195402298851,Large,8964.0
400280,Phase II extension of MRTS from Velachery to St Thomas Mount,Ministry of Railways,Tamil Nadu,July 2026,734.0,99.9,486.53,0.0,0.0,4,4.870170170170169,Small,734.01
400291,Kirandul-Jagdalpur 150 km,CAO/C/ECOR ECoR mor,Chhattisgarh,July 2026,1589.0,89.0,1369.01,-7.170000000000002,-322.26,4,15.382134831460673,Medium,1798.0
400298,Nadikude-Srikalahasti 308.7 km,CAO/C/SCoR SCoR mor,Andhra Pradesh,July 2026,2312.0,2.0,2535.68,-53.02,-583.6300000000001,4,1267.84,Medium,5906.03
400299,Pottangi Bauxite Mines Project,National Aluminium Company Limited [NALCO],Odisha,July 2026,1381.0,52.4,770.37,0.19999999999999574,0.13999999999998636,4,14.701717557251909,Medium,1960.77
400301,Multi Product Pipeline from Irugur to Devangonthi,MinistryofPetroleumNaturalGas,Tamil Nadu,July 2026,678.0,86.4,1206.36,2.1000000000000085,51.039999999999964,4,13.962499999999999,Small,1732.0
400312,JHANJRA EXPANSION UG,Eastern Coal Fields Limited [ECL],West Bengal,July 2026,1210.12,52.04,633.57,0.0,0.0,4,12.174673328209071,Medium,1210.12
400315,SONEPUR BAZARI EXPANSION OCP [,Eastern Coal Fields Limited [ECL],West Bengal,July 2026,5365.88,18.5,697.64,0.0,69.41999999999996,4,37.71027027027027,Large,5365.88
400321,NIGAHI EXPANSION [15 TO 25 MTP,NCL - CIL,Madhya Pradesh,July 2026,1729.68,53.73,985.35,0.0,16.980000000000018,4,18.33891680625349,Medium,1729.68
400352,JHARKHAND-LAIYO OCP,Ministry of Coal,Jharkhand,July 2026,654.87,32.45,1.97,0.0,1.54,4,0.060708782742681044,Small,654.87
400353,DHUPTALA OC [SASTI UG TO OC ],WCL - CIL,Maharashtra,July 2026,711.01,19.02,174.66,0.0,0.0,4,9.182965299684543,Small,711.01
400354,DIPKA EXPANSION OCP [40 MTY],SECL - CIL,Chhattisgarh,July 2026,5241.4,39.34,2941.23,0.0,1.900000000000091,4,74.76436197254702,Large,5241.4
400369,BINA KAKRI AMALGAMATION EXPANS,NCL - CIL,"Multi-States (Madhya Pradesh, Uttar Pradesh)",July 2026,836.42,92.05,917.1,0.0,2.2000000000000455,4,9.963063552417164,Small,836.42
400382,Rewas Port Project,Reliance Industries Ltd,Maharashtra,June 2026,6000.0,88.0,5999.89,0.0,0.0,3,68.18056818181819,Large,6000.0
400392,BHARATPUR RE-ORGANIZATION OCP,MCL - CIL,Odisha,July 2026,2838.86,53.54,1716.58,0.5,3.199999999999818,4,32.061636159880464,Medium,2838.86
400416,Shivpur-Kathautia New Rail [BG] Line [49 km] [Package II of Tori-Shivpur-Kathautia line],Ministry of Coal,Jharkhand,July 2026,1799.64,72.0,1784.77,1.0,71.57999999999993,4,24.78847222222222,Medium,2564.34
400424,GEVRA OC [70 MTY],SECL - CIL,Chhattisgarh,July 2026,11816.4,78.48,7825.46,0.0,865.2300000000005,4,99.71279306829766,Large,11816.4
400425,MOONIDIH XV SEAM UG,BCCL - CIL,Jharkhand,July 2026,1230.27,84.02,800.25,0.0,3.9400000000000546,4,9.52451797191145,Medium,1230.27
400426,Expansion of Malanjkhand Copper Project,Hindustan Copper Limited [HCL],Madhya Pradesh,July 2026,1856.36,28.0,1018.09,2.0,8.190000000000055,4,36.36035714285715,Medium,3800.0
425828,Stamp Charge Battery No.12 Coke Dry Cooling Plant at IISCO Steel Plant,Steel Authority of India Limited (SAIL,West Bengal,July 2026,706.51,11.87,132.26,0.0,0.0,1,11.142375737152486,Small,706.51
437130,"Amended BharatNet Program - J&K, LAD",Department of Telecommunications,PAN India,July 2026,1621.0,8.28,170.05,0.0,0.0,1,20.537439613526573,Medium,1621.0
462136,"Amended BharatNet Program - MGH, MZM, TRP",Department of Telecommunications,PAN India,July 2026,768.0,0.0,0.0,0.0,0.0,1,0.0,Small,768.0
476006,Amended BharatNet Program - HP,Department of Telecommunications,PAN India,July 2026,1292.0,23.18,148.93,0.0,0.0,1,6.424935289042279,Medium,1292.0
478482,Stamp Charge Battery No.7 Coke Dry Cooling Plant at RSP,Steel Authority of India Limited (SAIL,Odisha,July 2026,1064.55,0.0,73.91,0.0,0.0,1,0.0,Medium,1064.55
505491,Installation of 140 TPH Walking Beam type Reheating Furnace in Plate Mill at BSP,Steel Authority of India Limited (SAIL,Chhattisgarh,July 2026,268.36,0.0,0.0,0.0,0.0,1,0.0,Small,268.36
547243,BharatNet Phase-II,Department of Telecommunications,PAN India,July 2026,22174.56,93.33,20691.72,0.0,0.0,1,221.7049180327869,Large,22174.56
589703,Implementation of Treatment System-2 Under ZLD at RSP,Steel Authority of India Limited (SAIL,Odisha,July 2026,216.02,89.83,134.29,0.0,0.0,1,1.4949348769898696,Small,216.02
601812,Development of Zaheerabad Node under Hyderabad Nagpur Industrial Corridor,National Industrial Corridor Development Corporation,Telangana,July 2026,2360.0,4.87,42.89,1.29,0.0,4,8.806981519507186,Medium,2360.0
602096,Subansiri Lower HE Project [2000 MW],National Hydroelectric Power Corporation Limited [NHPC],"Multi-States (Arunachal Pradesh, Assam)",July 2026,6285.33,97.98,26448.07,0.14000000000000057,68.07999999999811,4,269.9333537456624,Large,26075.54
602098,"Construction of Permanent Campus for IIM Jammu Phase-1 at Jagti, Nagrota, Jammu, J&K","Indian Institute of Management, Jammu",Jammu and Kashmir,July 2026,424.93,96.0,484.52,0.0,0.0,4,5.047083333333333,Small,500.91
602099,Establishment of Permanent campus Phase 1 of IIM Sirmaur,"Indian Institute of Management, Sirmaur",Himachal Pradesh,July 2026,392.51,98.6,339.65,0.29999999999999716,0.8199999999999932,4,3.4447261663286004,Small,454.78
602181,"TEESTA-VI HE PROJECT, SIKKIM [500 MW], executed by LANCO TEESTA HYDRO POWER LIMITED [A wholly owned Subsidiary of NHPC LTD. acquired through NCLT]",National Hydroelectric Power Corporation Limited [NHPC],Sikkim,July 2026,5748.04,73.78,4572.68,0.29999999999999716,52.8100000000004,4,61.97722960151803,Large,5748.04
602182,Dibang Multipurpose Project,National Hydroelectric Power Corporation Limited [NHPC],Arunachal Pradesh,July 2026,31876.39,17.93,4921.36,0.14999999999999858,171.69999999999982,4,274.4762967094255,Large,31876.39
602184,Rammam-III HEPP [3x40 MW],National Thermal Power Corporation [NTPC],West Bengal,July 2026,1381.84,57.86,1690.73,0.759999999999998,73.20000000000005,4,29.221050812305567,Medium,2865.56
602185,Tapovan-Vishnugad HEP [4x130 MW],National Thermal Power Corporation [NTPC],Uttarakhand,July 2026,2978.0,76.07,7827.81,0.2599999999999909,61.57000000000062,4,102.9027211778625,Medium,10907.3
602195,Vishnugad Pipalkoti Hydro Electric Project [444 MW],THDC India Limited,Uttarakhand,July 2026,3860.35,81.5,5832.69,0.5,132.57999999999993,4,71.56674846625766,Medium,6405.08
602223,Comprehensive Scheme for Strengthening of Transmission and Distribution [T&D] Systems [CSST&DS] in Arunachal Pradesh and Sikkim,Power Grid Corporation of India Limited [POWERGRID],"Multi-States (Arunachal Pradesh, Sikkim)",July 2026,4754.42,83.9,8141.52,0.10000000000000853,12.780000000000655,4,97.03837902264601,Medium,9129.32
602525,"Pakal Dul [Drangdhuran] Hydroelectric Project, 1000 MW",National Hydroelectric Power Corporation Limited [NHPC],Jammu and Kashmir,July 2026,8112.12,82.05,9313.54,0.0,0.0,4,113.51054235222426,Large,12728.0
602532,Kiru HE Project,National Hydroelectric Power Corporation Limited [NHPC],Jammu and Kashmir,July 2026,4287.59,87.0,3948.67,0.0,0.0,4,45.387011494252874,Medium,5409.0
602535,"Ratle HE Project - 850 MW, Ratle Hydroelectric Power Corporation Limited.",National Hydroelectric Power Corporation Limited [NHPC],Jammu and Kashmir,July 2026,5281.94,31.53,1645.11,0.240000000000002,5.279999999999973,4,52.17602283539486,Large,5281.94
602538,Installation of FGD for 4x210 & 2x250 MW MTPS U 1-6,Damodar Valley Corporation,West Bengal,July 2026,1037.0,97.0,1143.06,0.0,4.639999999999873,4,11.784123711340206,Medium,1106.0
602579,Buxar Thermal Power Project [1320 MW],Satluj Jal Vidyut Nigam [SJVN] Thermal Limited,Bihar,July 2026,10439.09,95.01,13731.77,0.07000000000000739,125.05000000000109,4,144.5297337122408,Large,13756.56
602582,Dhaulasidh Hydro Electric Project [66 MW],Satluj Jal Vidyut Nigam [SJVN] Thermal Limited,Himachal Pradesh,July 2026,687.97,80.69,1275.68,1.0999999999999943,116.00999999999999,4,15.809641839137441,Small,1763.31
602593,Luhri Stage-I Hydro Electric Project [210 MW],Satluj Jal Vidyut Nigam [SJVN] Thermal Limited,Himachal Pradesh,July 2026,1810.56,52.13,1980.59,0.0,22.339999999999918,4,37.9932860157299,Medium,4345.31
602792,Gauge Conversion of Kendri-Dhamtari including Abhanpur - Rajim Branch line 67.20 Kms - 2nd Material Modification to Raipur Titlagarh doubling.,SECR,Chhattisgarh,July 2026,1171.0,100.0,448.77,0.0,0.0,4,4.4877,Medium,1171.0
602797,"Sainthia, Sitarampur, Mughalsarai, Allahabad & Etawah - Bypass 35 km",CAOC/ER ER mor,"Multi-States (Uttar Pradesh, West Bengal)",July 2026,461.64,15.0,185.23,-18.0,-111.38000000000002,4,12.348666666666666,Small,797.94
602961,Talcher Thermal Power Station Stage III [2 x 660 MW] Expansion,National Thermal Power Corporation [NTPC],Odisha,July 2026,11843.75,55.0,7031.31,1.5,251.86000000000058,4,127.84200000000001,Large,12543.0
603210,Development of Jodhpur Pali Marwar Industrial Area JPMIA in Rajasthan,National Industrial Corridor Development Corporation,Rajasthan,July 2026,921.66,6.32,0.0,1.6500000000000004,0.0,3,0.0,Small,921.66
603293,Badam Coal Mining project of NTPC,National Thermal Power Corporation [NTPC],Jharkhand,July 2026,502.0,67.86,438.57,0.0,2.069999999999993,4,6.462864721485411,Small,784.0
603945,Integrated Anandpur Barrage Project,Water Resources-OR,Odisha,July 2026,567.03,62.85,2810.1,0.0,33.86999999999989,4,44.71121718377088,Small,2990.05
604791,Numaligarh Refinery Expansion Project,Numaligarh Refinery Limited,Assam,July 2026,12366.0,87.0,20411.19,0.7999999999999972,284.09000000000015,4,234.6113793103448,Large,25313.0
604795,CBR 9 MMTPA Project,Chennai Petroleum Corporation Limited [CPCL],Tamil Nadu,July 2026,31580.0,10.2,1615.38,0.0,25.310000000000173,4,158.37058823529415,Large,36354.0
604833,"Andheri Residential Towers, Mumbai",Indian Oil Corporation Limited [IOCL],Maharashtra,July 2026,281.35,86.0,281.24,3.0,1.5199999999999818,4,3.270232558139535,Small,389.67
604852,"Grass-root Terminal at Mirzapur, Uttar Pradesh",Indian Oil Corporation Limited [IOCL],Uttar Pradesh,July 2026,980.45,77.2,308.35,0.7000000000000028,12.800000000000011,4,3.9941709844559585,Small,980.45
604853,"Indian Oil Technology Development and Deployment Centre at R&D Campus-II, Faridabad",Indian Oil Corporation Limited [IOCL],Haryana,July 2026,2281.94,65.4,1922.03,0.10000000000000853,0.4700000000000273,4,29.388837920489294,Medium,3200.0
604859,Integrated Para Xylene [PX] and Purified Terephthalic Acid [PTA] Project at Paradip Refinery,Indian Oil Corporation Limited [IOCL],Odisha,July 2026,13805.0,94.9,8870.29,0.30000000000001137,-61949.9,4,93.46986301369863,Large,11783.0
604863,Development of Surface Facilities for production and evacuation of Crude Oil and Natural Gas from Nadua and East Khagorija,Oil India Limited,Assam,July 2026,682.9,94.4,601.12,0.0,1.2899999999999636,4,6.367796610169491,Small,726.93
605155,Kwar HE Project,National Hydroelectric Power Corporation Limited [NHPC],Jammu and Kashmir,July 2026,4526.12,36.52,1701.47,0.0,0.0,4,46.59008762322015,Medium,4526.12
605156,Rangit-IV HE Project [120 MW] executed by Jal Power Corporation Ltd. [JPCL] - A wholly owned subsidiary of NHPC Ltd. acquired through NCLT,National Hydroelectric Power Corporation Limited [NHPC],Sikkim,July 2026,938.29,97.56,1718.16,0.21999999999999886,26.960000000000036,4,17.61131611316113,Small,1828.11
605292,"Construction of Permanent Campus of Indian Institute of Management [IIM] Amritsar, Punjab, Phase-I","Indian intitue of Management, Amritsar",Punjab,July 2026,348.31,91.7,293.24,0.0,0.0,4,3.1978189749182118,Small,386.86
606013,Additional Campus of NITPatna,NIT Patna,Bihar,July 2026,499.21,98.6,449.96,0.0,0.0,4,4.563488843813388,Small,499.21
606112,Tezpur University Projects,Tezpur University,Assam,July 2026,153.71,97.98,266.14,0.010000000000005116,128.29999999999998,4,2.716268626250255,Small,153.71
606431,CONSTRUCTION OF PERMANENT CAMPUS FOR IIT PALAKKAD UNDER PHASE 1A,INDIAN INSTITUTE OF TECHNOLOGY PALAKKAD,Kerala,July 2026,1006.45,86.5,686.2,0.0,0.0,4,7.932947976878613,Medium,1217.4
606479,Banaras Hindu University [ Kayakalp of Institute of Medical Sciences],Banaras Hindu University,Uttar Pradesh,July 2026,246.0,99.1,212.35,0.09999999999999432,2.6699999999999875,4,2.1427850655903127,Small,246.0
607653,Ludhiana Mullanpur 21Km Doubling Railway project,CAO/C/NR,Punjab,July 2026,234.78,99.0,61.39,0.0,0.0,4,0.6201010101010102,Small,234.78
607701,"Guwahati Refinery Expansion [1.0 to 1.2 MMTPA] along with installation of CRU, Guwahati Refinery",Ministry of Petroleum & Natural Gas,Assam,April 2026,412.3,94.9,457.64,0.0,0.0,1,4.822339304531085,Small,577.0
607709,NORTH EASTERN REGION POWER SYSTEM IMPROVEMENT PROJECT [NERPSIP],Power Grid Corporation of India Limited [POWERGRID],"Multi-States (Assam, Manipur, Meghalaya, Mizoram, Nagaland, Tripura)",July 2026,5111.33,99.2,5577.75,0.10000000000000853,0.0,4,56.227318548387096,Large,6700.0
609019,"HEFA projects on development of student hostels, playgrounds, departmental buildings, class room complex and other campus facilities in IIT Kharagpur","Indian Institute of Technology, Kharagpur",West Bengal,July 2026,500.0,97.0,418.86,0.0,0.0,4,4.318144329896907,Small,442.0
609424,"Development of Container Terminal at Tuna-Tekra, Deendayal Port on BOT Basis Under PPP Mode",Deendayal Port Trust,Gujarat,July 2026,4243.64,60.0,2737.7,0.0,256.6999999999998,4,45.62833333333333,Medium,4243.64
609736,"Construction of Sikkim University Campus Phase-I Package-II at Yangang, South Sikkim",Sikkim University,Sikkim,July 2026,314.06,96.5,292.0,0.5,0.0,4,3.0259067357512954,Small,340.55
609996,Construction of Precast housing and hostels at IIT Hyderabad,"Indian Institute of Technology, Hyderabad",Telangana,July 2026,262.0,90.39,223.65,1.2800000000000011,7.550000000000011,4,2.474278128111517,Small,262.0
610315,IISER BERHAMPUR,"Indian Institutes of Science Education and Research, Behrampur",Odisha,July 2026,1229.32,98.5,874.09,0.0,0.0,4,8.874010152284264,Medium,843.09
610984,Development of Jharia CBM Block [Phase-1],Oil and Natural Gas Corporation Limited [ONGC],Jharkhand,July 2026,431.0,66.2,267.74,0.10000000000000853,0.1500000000000341,4,4.044410876132931,Small,431.0
611016,2.0 MTPA BHOJUDIH NLW WASHERY,Ministry of Coal,West Bengal,April 2026,384.57,97.6,363.14,0.0,0.0,1,3.7206967213114757,Small,384.57
611017,2.5 MTPA PATHERDIH NLW WASHERY,Ministry of Coal,Jharkhand,April 2026,334.27,51.81,162.75,0.0,0.0,1,3.1412854661262304,Small,334.27
611047,"Construction of NTB complex including apron, taxi track and other associated civil works and electrical & mechanical installations towards Tawi River side at CA Jammu.",Airport Authority of India [AAI],Jammu and Kashmir,July 2026,861.37,58.35,370.44,3.0,16.899999999999977,4,6.348586118251927,Small,861.37
611452,MUMBAI CENTRAL VIRAR VADODARA AHMEDABAAD TRAIN PROTECTION SYSTEM 500 RKM,Western Railway,"Multi-States (Gujarat, Maharashtra)",June 2026,311.0,93.0,263.42,0.0,0.0,3,2.83247311827957,Small,311.0
611495,Development of New Civil Enclave at Bagdogra Airport,Airport Authority of India [AAI],West Bengal,July 2026,1549.0,27.9,548.3,-11.780000000000001,40.49999999999994,4,19.65232974910394,Medium,1549.0
611509,"Koderma Thermal Power Station Phase II [2X800 MW] At Koderma, Jharkhand",Damodar Valley Corporation,Jharkhand,July 2026,14358.0,14.3,2229.31,0.8000000000000007,115.01999999999998,4,155.89580419580417,Large,14358.0
611570,"SITC of ATM Automation System and ASMGCS [Including SMR & MLAT] for Mumbai, Navi Mumbai, Jewar [earlier MOPA, without ASMGCS], HIAL & BIAL",Airport Authority of India [AAI],"Multi-States (Karnataka, Maharashtra, Telangana, Uttar Pradesh)",July 2026,500.48,80.0,399.77,0.0,1.0199999999999818,4,4.997125,Small,500.48
611586,Sunni Dam Hydro Electric Project [382 MW],Satluj Jal Vidyut Nigam [SJVN] Thermal Limited,Himachal Pradesh,July 2026,2614.51,34.66,1152.21,0.0799999999999983,36.340000000000146,4,33.243219849971155,Medium,4555.49
611602,"Modernization of Chennai Airport, Phase II, Part 2",Airport Authority of India [AAI],Tamil Nadu,July 2026,1207.0,46.0,331.85,2.5,17.700000000000045,4,7.214130434782609,Medium,1207.0
611669,NER Provision of Automatic Block Signalling on Gorakhpur Cantt[Excl] Chhapra Gramin & Burhwal Jn [Excl] Sitapur Jn section of high density routes,North Eastern Railway [NER],"Multi-States (Bihar, Uttar Pradesh)",July 2026,380.47,25.0,258.65,0.0,0.0,4,10.345999999999998,Small,380.47
611698,240MW Heo HE Project,North Eastern Electric Power Corporation Limited,Arunachal Pradesh,July 2026,1938.85,6.58,106.28,0.25,0.7800000000000011,4,16.151975683890576,Medium,1938.85
611699,186 MW Tato-I H E Project,North Eastern Electric Power Corporation Limited,Arunachal Pradesh,July 2026,1750.07,5.6,79.45,0.5,1.0700000000000074,4,14.187500000000002,Medium,1750.07
611716,700 MW Tato-II HE Project,North Eastern Electric Power Corporation Limited,Arunachal Pradesh,July 2026,8146.21,6.59,253.97,0.04999999999999982,0.0,4,38.53869499241275,Large,8146.21
611735,Transmission system for evacuation of power from REZ in Rajasthan 20GW under Phase-III Part J,Power Grid Corporation of India Limited [POWERGRID],"Multi-States (Delhi, Rajasthan)",July 2026,331.0,68.9,235.01,1.4000000000000057,7.849999999999994,4,3.41088534107402,Small,331.0
611751,Aurangabad-Ankai 98.25 km,CAOCON/SCR SCR mor,Maharashtra,July 2026,960.64,0.0,381.13,-2.03,-994.42,4,0.0,Small,960.64
611752,Doubling between Gooty-Pendakallu 29.225 km PB73/2023-24/NR,CAO/C/SCoR SCoR mor,Andhra Pradesh,July 2026,351.83,0.0,149.34,-3.04,-198.64000000000001,3,0.0,Small,351.83
611754,South Central Railway - Rail road over double line between Guntakal West-Mallapa Gate 9.64 km PB34/CR/2023-24,CAO/C/SCoR SCoR mor,Andhra Pradesh,July 2026,293.3,0.0,91.42,-0.24,-181.3,4,0.0,Small,293.3
611855,Nathdwara Mavli - Devgarh Madariya 82.542 km,CAOC/NWR NWR mor,Rajasthan,July 2026,968.92,75.0,816.16,2.0,71.00999999999999,4,10.882133333333332,Small,1100.0
611861,Rewari - Kathuwas Doubling Project [27.72 Km],North Western Railway [NWR],"Multi-States (Haryana, Rajasthan)",June 2026,352.0,80.0,342.83,0.0,17.039999999999964,3,4.285375,Small,352.0
611864,AMALAGAMATED NTST KUJAMA OCP 8.5MTY,Bharat Coking Coal Limited (BCCL,Jharkhand,July 2026,4011.85,31.16,414.97,0.23999999999999844,0.0,4,13.317394094993583,Medium,4011.85
611884,Doubling between Bhiwani - Dobh Bahali PB73/2023-24/NR,CAOC/NWR NWR mor,Haryana,July 2026,471.0,77.0,342.36,4.0,68.94999999999999,4,4.4462337662337665,Small,471.0
611917,Poly Butadiene Rubber plant at Panipat,Indian Oil Corporation Limited [IOCL],Haryana,July 2026,1459.0,90.1,1560.24,1.3999999999999915,-83.46000000000004,4,17.316759156492786,Medium,2531.44
611918,Kosamba- Umarpada 69.70 Km PB32/WR/2023-24,CAOCWR WR mor,Gujarat,July 2026,468.0,31.0,146.38,22.0,101.75999999999999,4,4.7219354838709675,Small,468.0
611927,Kurnool - Setting up facilities for coach midlife rehabilitation workshop,WPO/Patna,Andhra Pradesh,July 2026,560.72,65.0,276.66,0.0,0.0,4,4.256307692307693,Small,560.72
611929,Maintenance cum workshop depot for Vande Bharat Sleeper Trains as per conditions under WTA 527,WPO/Patna,Rajasthan,July 2026,166.86,0.0,0.0,0.0,0.0,4,0.0,Small,166.86
611930,Lara Super Thermal Power Project Stage-II [2 x 800 MW],National Thermal Power Corporation [NTPC],Chhattisgarh,July 2026,15530.0,33.5,5472.13,1.2000000000000028,193.10000000000036,4,163.34716417910448,Large,16106.0
611943,New BG line between Naliya - Jakhau Port 24.88 Km,CAOCWR WR mor,Gujarat,July 2026,410.26,5.0,11.86,0.0,0.5599999999999987,4,2.372,Small,410.26
611945,Petlad-Bhadran 22.5 km,CAOCWR WR mor,Gujarat,July 2026,307.11,32.0,114.73,15.0,95.83000000000001,4,3.5853125,Small,307.12
611947,Transmission System for Evacuation of Power from REZ in Rajasthan 20GW under Phase III- Part E2,Power Grid Corporation of India Limited [POWERGRID],Rajasthan,April 2026,428.3,98.4,415.45,0.0,0.0,1,4.222052845528455,Small,428.3
611948,Transmission system for evacuation of power from REZ in Rajasthan 20 GW under Phase-III part H,Power Grid Corporation of India Limited [POWERGRID],Rajasthan,May 2026,1910.0,99.46,1852.7,1.1299999999999955,0.8900000000001,2,18.62758898049467,Medium,1910.0
611949,Transmission system for evacuation of power from REZ in Rajasthan 20 GW under Phase-III part C1,Power Grid Corporation of India Limited [POWERGRID],Rajasthan,July 2026,1160.0,99.87,1148.4,0.20000000000000284,0.0,4,11.49894863322319,Medium,1160.0
611957,"Phase III A works at IIT Indore [03 Hostels, 01 Studio Apartment, 01 Housing, Heavy & Sophisticated lab complex, Academic POD and Infrastructure for center of excellence]","Indian Institute of Technology, Indore",Madhya Pradesh,July 2026,496.28,67.5,97.35,2.5,0.0,4,1.442222222222222,Small,496.28
611961,Construction of IIT Bhubaneswar -Phase III,"Indian Institute of Technology, Bhubaneshwar",Odisha,July 2026,454.27,10.45,102.15,1.25,0.7900000000000063,4,9.775119617224881,Small,454.27
611963,"Construction & Development of Infrastructural Facilities in the main campus of NIT Uttarakhand at Sumari, Pauri Garhwal",National Institute of Technology Uttarakhand,Uttarakhand,July 2026,650.85,63.0,401.56,1.0,9.689999999999998,4,6.373968253968254,Small,650.85
611966,Transmission System for Evacuation of power from Potential RE Zone in Khavda Area of Gujarat under phase IV 7GW-Part E4,Power Grid Corporation of India Limited [POWERGRID],Maharashtra,June 2026,224.41,100.0,224.41,0.4000000000000057,8.97999999999999,3,2.2441,Small,224.41
611967,Transmission Scheme for Solar Energy Zone in Ananthpuram 2500MW and Kurnool 1000MW,Power Grid Corporation of India Limited [POWERGRID],Andhra Pradesh,May 2026,823.0,98.57,798.31,0.22999999999998977,0.0,2,8.098914477021406,Small,823.0
611970,Samlaya-Timba Road 53.53 km,CAOCWR WR mor,Gujarat,July 2026,670.17,25.0,195.1,13.0,147.64,4,7.803999999999999,Small,670.17
611971,Samni-Jambusar 24.08 km,CAOCWR WR mor,Gujarat,July 2026,350.0,40.0,188.23,9.0,107.74,4,4.70575,Small,349.93
611974,Western Railway- Samakhiali-Gandhidham Quadrupiling 53 km PB34/CR/2023-24,CAOCWR WR mor,Gujarat,July 2026,1430.0,50.0,748.46,5.0,166.36,4,14.9692,Medium,1430.0
611977,Dahod Creation of Infrastructure facilities for 9000 HP Electric locomotives Manufacturing at,PCE/WR,Gujarat,June 2026,487.0,53.0,222.88,0.0,0.0,3,4.205283018867925,Small,487.0
611978,Dahod Rolling Stock Workshop Provision of Infrastructure for CBS at,PCE/WR,Gujarat,June 2026,158.0,10.0,51.87,0.0,0.0,3,5.186999999999999,Small,158.0
611979,Sabarmati Setting up of Maintenance Facilities for Train Sets Phase ii,Western Railway [WR] - II,Gujarat,June 2026,250.0,88.0,185.02,0.0,0.0,3,2.1025,Small,250.0
612066,Rajasthan Metro Rail Project Phase 1C from Badi Chaupar to Transport Nagar via Galta Gate,Jaipur Metro Rail Corporation,Rajasthan,July 2026,980.08,0.0,103.03,0.0,0.0,3,0.0,Small,980.08
612068,Jaipur Metro Phase 1D Project from Mansarovar to Ajmer Road Chauraha,Jaipur Metro Rail Corporation,Rajasthan,July 2026,204.81,12.48,23.34,0.0,0.0,3,1.8701923076923077,Small,204.81
612072,Barejadi Nandej Geratpur - Sanand - 4th line 38.20 km,CAOCWR WR mor,Gujarat,July 2026,961.67,23.0,548.14,1.0,23.539999999999964,4,23.832173913043476,Small,961.67
612096,Construction of Balurghat-Hilli new BG Line,Northeast Frontier Railway [NFR],West Bengal,July 2026,1209.0,18.0,518.15,0.0,0.0,4,28.78611111111111,Medium,1181.57
612128,Hostel blocks & dining hall block,"Indian Institute of Technology, Mandi",Himachal Pradesh,July 2026,166.66,93.0,138.26,9.0,15.999999999999986,4,1.4866666666666666,Small,166.66
612132,Transmission Scheme for Evacuation of power from REZ in Rajasthan [20 GW] under Phase-III Part D Phase I [Sikar Khetri Transmission Ltd],Power Grid Corporation of India Limited [POWERGRID],"Multi-States (Delhi, Haryana, Rajasthan)",July 2026,2423.0,92.47,2229.16,1.9599999999999937,5.569999999999709,4,24.106845463393533,Medium,2423.0
612133,Transmission System for Evacuation of power from Rajasthan REZ Ph-IV [Part-1] [Bikaner Complex] Part D [Neemrana Bareilly Transmission Ltd],Power Grid Corporation of India Limited [POWERGRID],"Multi-States (Rajasthan, Uttar Pradesh)",July 2026,3271.0,73.45,2731.29,0.28000000000000114,0.0,4,37.1857045609258,Medium,3271.0
612134,Transmission System for Evacuation of power from Rajasthan REZ Ph-IV [Part-1] [Bikaner Complex] Part A [Bikaner Neemrana Transmission Ltd],Power Grid Corporation of India Limited [POWERGRID],Rajasthan,July 2026,4741.0,79.39,3887.62,1.7399999999999949,0.0,4,48.96863584834362,Medium,4741.0
612138,"Transmission Scheme for Solar Energy Zone in Bidar [2500 MW], Karnataka [Bidar Transmission Ltd]",Power Grid Corporation of India Limited [POWERGRID],"Multi-States (Karnataka, Telangana)",July 2026,1368.0,96.84,1258.56,3.0799999999999983,27.3599999999999,4,12.99628252788104,Medium,1368.0
612139,Transmission system for Evacuation of Additional 7 GW RE power from Khavda RE park under Phase-III Part B [Vataman Transmission Limited],Power Grid Corporation of India Limited [POWERGRID],Gujarat,July 2026,4231.0,72.12,3175.79,1.25,0.009999999999763531,4,44.03480310593455,Medium,4231.0
612140,Transmission Scheme for Integration of Renewable Energy Zone [Phase II] in Koppal II [Phase A&B] and gadag II[Phase A] in Karnataka [POWERGRID KOPPAL GADAG TRANSMISSION LIMITED],Power Grid Corporation of India Limited [POWERGRID],Karnataka,July 2026,4445.0,95.95,4089.4,3.6000000000000085,130.6800000000003,4,42.62011464304325,Medium,4445.0
612142,"Singrauli Super Thermal Power Project, Stage-III [2x800 MW]",National Thermal Power Corporation [NTPC],Uttar Pradesh,July 2026,17195.0,25.0,3840.48,1.1999999999999993,194.4699999999998,4,153.6192,Large,17195.0
612167,"Construction of 350 beds + 50 Super Specialty beds ESIC Hospital Sheelanagar, Visakhapatnam, Andhra Pradesh",Employee's State Insurance Company [ESIC],Andhra Pradesh,July 2026,384.27,95.0,286.38,1.0,33.00999999999999,4,3.0145263157894737,Small,384.27
612183,Development of New Civil Enclave at Bihta,Airport Authority of India [AAI],Bihar,July 2026,1413.0,4.15,15.53,1.2900000000000005,5.969999999999999,4,3.7421686746987946,Medium,1413.0
612186,350 Bedded [Upgradable to 500 beds] ESI Hospital at Sanand,Employee's State Insurance Company [ESIC],Gujarat,July 2026,558.12,28.0,55.81,6.5,0.0,4,1.9932142857142858,Small,558.12
612188,"Construction of 200 Bedded [Upgradable to 500 Bedded including 50 beds of SST] ESIC Hospital at Bibewadi, Pune",Employee's State Insurance Company [ESIC],Maharashtra,April 2026,429.25,78.0,341.9,0.0,0.0,1,4.383333333333333,Small,429.25
612194,Development of New Civil Enclave and associated works at Darbhanga Airport,Airport Authority of India [AAI],Bihar,July 2026,911.66,71.1,426.22,1.2999999999999972,25.600000000000023,4,5.99465541490858,Small,911.66
612201,"Construction of 200 bedded ESIC Hospital with 62 Nos Staff quarters , Beltola",Employee's State Insurance Company [ESIC],Assam,April 2026,143.23,98.0,130.08,0.0,0.0,1,1.3273469387755104,Small,154.75
612211,"Demolition, Construction and upgradation of ESI Hospital, Kalol, Gujarat from 50 beds to 150 beds.",Employee's State Insurance Company [ESIC],Gujarat,July 2026,205.87,58.0,51.74,8.0,0.0,4,0.8920689655172415,Small,205.87
612213,"Construction of 200 Bedded ESIC Hospital at Butibori, Nagpur, Maharashtra.",Employee's State Insurance Company [ESIC],Maharashtra,July 2026,194.93,67.0,116.22,0.0,1.8299999999999983,4,1.7346268656716417,Small,196.7
612259,CONSTRUCTION OF 300 BEDDED HOSPITAL AT HARIDWAR,Employee's State Insurance Company [ESIC],Uttarakhand,July 2026,102.4,90.5,340.3,1.5,0.0,4,3.760220994475138,Small,297.63
612513,"Construction of 100 Bedded ESI Hospital at Duburi, Odisha.",Employee's State Insurance Company [ESIC],Odisha,July 2026,164.6,7.2,16.44,0.0,0.0,4,2.2833333333333337,Small,164.6
612745,"Construction of 200 bed ESI Hospital at Bommasandra, Karnataka",Employee's State Insurance Company [ESIC],Karnataka,July 2026,278.0,35.0,80.52,1.0,0.0,4,2.3005714285714283,Small,278.0
612748,"Construction of 100 bed ESI Hospital and Staff Quarters [32 Nos.] at Harohalli, Karnataka",Employee's State Insurance Company [ESIC],Karnataka,July 2026,150.92,28.1,31.05,2.200000000000003,0.0,4,1.104982206405694,Small,150.92
612781,Rebuilding of COB 4 at Durgapur Steel Plant,Steel Authority of India Limited [SAIL],West Bengal,July 2026,916.78,37.19,244.78,1.8299999999999983,10.72999999999999,4,6.581876848615219,Small,916.78
612786,"Construction of New Domestic Terminal Building Building and miscellaneous works including maintenance, operations and AICMC at Kadapa Airport",Airport Authority of India [AAI],Andhra Pradesh,July 2026,265.91,80.0,176.38,5.0,22.75999999999999,4,2.2047499999999998,Small,265.91
612787,Construction of New Domestic Terminal Building and Miscellaneous works at Hubli Airport,Airport Authority of India [AAI],Karnataka,July 2026,320.47,88.5,169.11,3.5,8.900000000000006,4,1.9108474576271188,Small,320.47
612788,Construction of New Domestic Terminal Building and Miscellaneous Works at Belagavi Airport.,Airport Authority of India [AAI],Karnataka,July 2026,322.45,97.0,240.99,2.0,20.27000000000001,4,2.484432989690722,Small,322.45
612789,"Development of additional RESA on either end on Runway 10-28 at Calicut Airport. Construction of embankment with slope protection, drainage system and associated works for additional RESA on either end on Runway 10-28",Airport Authority of India [AAI],Kerala,July 2026,484.57,65.8,242.51,1.2999999999999972,15.009999999999991,4,3.685562310030395,Small,484.57
612790,Power System Upgradation Project,Mangalore Refinery and Petrochemicals Limited,Karnataka,July 2026,385.0,90.4,271.36,1.7000000000000028,3.160000000000025,4,3.0017699115044247,Small,385.0
612791,"Re-Construction of Rigid portions of Secondary Runway, K and A Taxiway and Strengthening of C Taxiway at NSCBI Airport Kolkata.",Airport Authority of India [AAI],West Bengal,July 2026,328.3,73.5,153.52,2.0999999999999943,4.77000000000001,4,2.0887074829931973,Small,328.3
612793,"Widening of basic strip at Western Side of Runway Chainage 80m to 920m i/c slope stabilization Measures [Balance work] of uphill and Improvement of Storm Water Drainage System at Pakyong Airport, Sikkim on design & build basis [EPC] with integrated 10 years maintenance.",Airport Authority of India [AAI],Sikkim,July 2026,323.26,36.14,87.61,0.020000000000003126,0.010000000000005116,4,2.424183729939126,Small,323.26
612815,Nipania-Bhatapra 14.4 km 4th line PB72/NR/2022-23,CAOC/SECR SECR mor,Chhattisgarh,July 2026,170.49,3.0,12.12,-12.0,2.139999999999999,4,4.04,Small,170.49
612816,ITAPARA OCP,Eastern Coal Fields Limited [ECL],West Bengal,July 2026,929.1,8.41,132.43,0.0,0.0,4,15.746730083234246,Small,929.1
612819,300 MW SPP part of 510 MW CPSU scheme,NLC India Limited [NLCIL],Rajasthan,April 2026,1813.0,100.0,1753.07,0.0,0.0,1,17.5307,Medium,1813.0
612827,Flyover between Pendurthi-Simhachalam North to avoid surface crossing at Simhachalam 7.135 km PB73/2023-24/NR,CAO/C/SCoR SCoR mor,Andhra Pradesh,July 2026,183.65,21.0,25.44,5.0,8.190000000000001,4,1.2114285714285715,Small,183.65
612834,3rd & 4th line between Sarla - Sason 8 km PB73/2023-24/NR,CAO/C/ECOR ECoR mor,Odisha,July 2026,252.0,88.0,169.6,-4.0,51.629999999999995,4,1.9272727272727272,Small,252.0
612845,Pachora-Jamner with extension upto Malkapur-Narrow gauge to broad gauge 84 km,CAOC/CR CR mor,Maharashtra,July 2026,955.39,10.0,294.53,0.0,280.53999999999996,4,29.452999999999996,Small,2093.82
612851,"Phase 1B - Construction of Academic Block, Hostel, Residential Tower, Directors Residence and External Development works at National Institute of Technology, Delhi Campus on Engineering, Procurement and Construction basis",National Institute of Technology Delhi,Delhi,July 2026,333.49,100.0,336.42,0.09999999999999432,9.160000000000025,4,3.3642000000000003,Small,336.42
612853,Gurdaspur Jammu Pipeline,Gas Authority of India Limited [GAIL],Punjab,July 2026,521.9,91.1,326.4,6.5,7.2999999999999545,4,3.5828759604829856,Small,521.9
612855,Transmission System for Evacuation of Power from Potential Energy Renewable Zone in Khavda Area of Gujarat under Ph-IV [7GW] Part E2,Power Grid Corporation of India Limited [POWERGRID],Gujarat,July 2026,697.0,82.0,592.45,0.0,19.379999999999995,4,7.2250000000000005,Small,697.0
612876,"Construction of Permanent Campus for NIT Mizoram at Lengpui, Aizawl",NIT Mizoram,Mizoram,July 2026,474.23,4.0,167.55,0.0,0.0,4,41.8875,Small,474.23
612877,Establishment of NIT Puducherry Permanent Campus [Phase-I and Phase-II],"National Institute of Technology, Puducherry",Puducherry,July 2026,618.34,99.5,543.74,0.0,0.0,4,5.464723618090452,Small,544.34
612878,Bangalore Metro Rail Project - PHASE-3,Bengaluru Metro Rail,Karnataka,July 2026,15611.0,3.8,0.0,3.8,0.0,4,0.0,Large,15611.0
612883,Establishment of Permanent Campus of NIT SIkkim at Khamdong-Gangtok District,NIT Sikkim,Sikkim,July 2026,685.76,38.0,283.56,0.3999999999999986,0.0,4,7.462105263157895,Small,610.76
612885,Construction and Developement of National Institute of Technology Meghalaya Permanent Campus at Sohra,"National Institute of Technology, Meghalaya",Meghalaya,July 2026,494.52,97.5,377.82,1.5,8.839999999999975,4,3.875076923076923,Small,429.7
612894,"Construction of Permanent Campus of Central University of Himachal Pradesh at Dehra, District - Kangra, [H.P.] on Engineering. Procurement and Construction [EPC Mode 1] Basis.","Central University, Himachal Pradesh",Himachal Pradesh,July 2026,251.98,86.0,223.6,0.0,0.0,4,2.6,Small,300.45
612898,Construction of Permanent Campus of National Institute of Technology Arunachal Pradesh,"National Institute of Technology, Arunachal Pradesh",Arunachal Pradesh,July 2026,592.61,80.0,551.3,0.0,0.0,4,6.891249999999999,Small,592.61
612916,"Construction of permanent campus of Central University of Gujarat at Village kundhela, Dist. Vadodara, Gujarat.",Central University of Gujarat,Gujarat,July 2026,490.63,86.0,342.26,0.0,2.8600000000000136,4,3.979767441860465,Small,490.63
613002,Redevelopment of Chennai Egmore Station,Ministry of Railways,Tamil Nadu,July 2026,842.0,0.0,340.0,0.0,0.0,4,0.0,Small,842.0
613008,Construction of Permanent Campus of Central Tribal University of Andhra Pradesh Phase-1,Central Tribal University of Andhra Pradesh,Andhra Pradesh,July 2026,305.0,44.5,67.73,0.0,0.0,4,1.5220224719101125,Small,305.0
613013,Establishment of NIT Nagaland,NIT Nagaland,Nagaland,July 2026,275.63,98.0,263.25,0.0,0.0,4,2.686224489795918,Small,275.63
613015,Redevelopment of Chhatrapati Shivaji Maharaj Terminus [CSMT] and construction of associated infrastructure,Rail Land Development Authority,Maharashtra,July 2026,1813.0,25.0,873.99,0.0,0.0,4,34.9596,Medium,1813.0
613785,Redevelopment of New Delhi Railway Station and construction of associated infrastructure,Rail Land Development Authority,Delhi,June 2026,4744.0,6.0,355.8,1.0,23.720000000000027,3,59.300000000000004,Medium,4744.0
613786,"Redevelopment of Ahmedabad railway station and associated infrastructure on engineering, procurement and construction mode",Rail Land Development Authority,Gujarat,June 2026,2379.0,32.5,984.21,0.0,0.0,3,30.283384615384616,Medium,2379.0
613787,Jamrani Dam Multipurpose Project,Irrigation-UK,Uttarakhand,July 2026,2584.1,26.22,1307.15,0.0,0.0,4,49.85316552250191,Medium,2584.1
613793,SHYAMSUNDARPUR UG INCLUDING SA,ECL - CIL,West Bengal,July 2026,483.65,16.79,96.8,0.0,0.0,4,5.765336509827279,Small,483.65
613794,PARASEA-BELBAID UG PROJECT,ECL - CIL,West Bengal,July 2026,389.1,22.26,132.48,0.0,0.0,4,5.9514824797843655,Small,389.1
613798,AMERA OC RCE [1.0 MTY],SECL - CIL,Chhattisgarh,July 2026,335.97,42.47,91.91,0.0,0.14999999999999147,4,2.164115846479868,Small,335.97
613799,AMGAON OC RCE [1.0 MTY],SECL - CIL,Chhattisgarh,July 2026,316.11,78.86,193.0,0.0,0.09999999999999432,4,2.44737509510525,Small,316.11
613800,JAGANNATHPUR OC RCE PROJECT,SECL - CIL,Chhattisgarh,July 2026,459.49,96.15,290.4,0.0,11.689999999999998,4,3.020280811232449,Small,459.49
613801,MAHAMAYA OCP [1.50 MTY],SECL - CIL,Chhattisgarh,July 2026,410.26,54.6,188.72,0.0,0.12000000000000455,4,3.456410256410256,Small,410.26
613802,KANCHAN OC EXP,SECL - CIL,Madhya Pradesh,July 2026,371.04,58.2,157.9,0.0,7.069999999999993,4,2.7130584192439864,Small,371.04
613803,JHIRIA WEST OCP [1.5 MTY],SECL - CIL,Madhya Pradesh,July 2026,366.94,41.29,37.19,0.0,0.509999999999998,4,0.9007023492371034,Small,366.94
613804,RPR TAWA-III UG 0.84 MTY,WCL - CIL,Madhya Pradesh,July 2026,314.09,17.78,17.9,0.0,0.0,4,1.0067491563554554,Small,314.09
613808,MURAIDIH UG PROJECT,BCCL - CIL,Jharkhand,July 2026,339.87,70.47,191.14,0.0,0.0,4,2.712359869447992,Small,339.87
615183,KHADIA EXPANSION [10 TO 16 MTP,NCL - CIL,"Multi-States (Madhya Pradesh, Uttar Pradesh)",July 2026,491.67,57.12,379.69,0.0,0.0,4,6.647233893557424,Small,491.67
615184,SAONER UG MINE -1 EXPANSION 1.,WCL - CIL,Maharashtra,July 2026,228.64,69.33,157.01,0.0,-0.010000000000019327,4,2.2646761863551133,Small,228.64
615185,AMALGAMATED DHANKASA & JAMUNIA,WCL - CIL,Madhya Pradesh,July 2026,399.2,67.13,117.2,0.0,0.20000000000000284,4,1.7458662297035603,Small,399.2
615186,SASTI EXPANSION OPENCAST,WCL - CIL,Maharashtra,July 2026,319.04,32.21,155.37,0.0,1.5900000000000034,4,4.823657249301459,Small,319.04
615187,RPR OF VISHNUPURI UG TO OC,WCL - CIL,Madhya Pradesh,July 2026,220.62,11.2,0.0,0.0,0.0,4,0.0,Small,220.62
615188,NEW MAJRI UG TO OC 3 MTY COST,WCL - CIL,Maharashtra,July 2026,402.27,24.17,67.81,0.0,0.0,4,2.8055440628878774,Small,402.27
615189,MAKARDHOKRA EXPN OC 4.9 MTY,WCL - CIL,Maharashtra,July 2026,361.87,12.2,104.17,0.0,0.0,4,8.538524590163934,Small,361.87
615190,SINGHORI DEEP OC MIN 2.0 MTY,WCL - CIL,Maharashtra,July 2026,335.75,9.64,53.94,0.0,0.5999999999999943,4,5.595435684647303,Small,335.75
615191,KATKONA RO UG MINE,SECL - CIL,Chhattisgarh,July 2026,329.21,2.01,62.01,0.0,0.0,4,30.850746268656717,Small,329.21
615192,GOKUL EXTENSION OC MINE,WCL - CIL,Maharashtra,July 2026,309.58,8.44,62.31,0.0,0.0,4,7.382701421800949,Small,309.58
615193,BASUNDHARA WEST EXTENSION OPEN,MCL - CIL,Odisha,April 2026,479.15,67.58,281.57,0.0,0.0,1,4.166469369635987,Small,479.15
615194,URDHAN EXPANSION OC COST PLUS,WCL - CIL,Madhya Pradesh,July 2026,206.88,2.02,50.69,0.0,0.0,4,25.09405940594059,Small,206.88
615195,SHARDA UG MINE,WCL - CIL,Madhya Pradesh,July 2026,166.25,9.39,5.93,0.0,0.0,4,0.6315228966986155,Small,166.25
615199,KOLGAON EXPANSION DEEP OC MINE,WCL - CIL,Maharashtra,July 2026,198.71,3.93,25.08,1.1100000000000003,0.0,4,6.381679389312977,Small,198.71
615202,Capacity expansion of Deposit-14 and 14 NMZ at Kirandul,National Mineral Development Corporation Limited [NMDC],Chhattisgarh,July 2026,1700.0,23.09,292.01,4.789999999999999,29.0,4,12.64660025985275,Medium,1756.2
615206,GANDHIGRAM UG MINE,WCL - CIL,Madhya Pradesh,July 2026,414.15,56.88,28.54,0.0,6.379999999999999,4,0.5017580872011251,Small,414.15
615327,50 MW Solar PP Minedout Area,NLC India Limited [NLCIL],Tamil Nadu,April 2026,218.03,100.0,169.95,0.0,0.0,1,1.6994999999999998,Small,218.03
615330,BALLARPUR NORTH WEST OC MINE,WCL - CIL,Maharashtra,July 2026,360.81,5.35,26.97,0.0,0.0,4,5.041121495327103,Small,360.81
615331,GADEGAON OC 3 MTY,WCL - CIL,Maharashtra,July 2026,497.41,2.19,95.69,0.0,8.969999999999999,4,43.694063926940636,Small,497.41
615332,Transmission System for Evacuation of Power from Rajasthan REZ Ph-IV [Part-2 5.5 GW][Jaisalmer/Barmer Complex] Part B [SPV Name POWERGRID Sirohi Transmission Limited],Power Grid Corporation of India Limited [POWERGRID],Rajasthan,July 2026,3279.0,56.15,1901.82,3.3200000000000003,110.82999999999993,4,33.87034728406055,Medium,3279.0
615333,Transmission System for Evacuation of Power from Rajasthan REZ Ph-IV [Part-2 5.5 GW] [Jaisalmer/Barmer Complex] Part D [SPV Name POWERGRID Beawar Mandsaur Transmission Limited],Power Grid Corporation of India Limited [POWERGRID],"Multi-States (Madhya Pradesh, Rajasthan)",July 2026,2227.0,49.31,1113.5,2.6000000000000014,89.07999999999993,4,22.581626444940174,Medium,2227.0
615334,Transmission System for Evacuation of Power from Rajasthan REZ Ph-IV [Part-2 5.5 GW] [Jaisalmer/Barmer Complex] Part E [SPV Name POWERGRID Mewar Transmission Limited],Power Grid Corporation of India Limited [POWERGRID],"Multi-States (Madhya Pradesh, Rajasthan)",July 2026,3251.0,46.87,2048.13,2.539999999999999,0.0,4,43.698101130787286,Medium,3251.0
615335,Transmission System Strengthening for Interconnections of Bhadla-III & Bikaner III Complex [SPV Name POWERGRID BHADLA BIKANER TRANSMISSION LIMITED],Power Grid Corporation of India Limited [POWERGRID],Rajasthan,July 2026,1382.0,57.31,628.81,8.480000000000004,38.69999999999993,4,10.97208166114116,Medium,1382.0
615336,Transmission system for evacuation of Power from REZ in Rajasthan [20 GW] under phase-III Part-D Phase-II,Power Grid Corporation of India Limited [POWERGRID],Delhi,July 2026,284.0,45.94,90.88,12.309999999999995,12.379999999999995,4,1.978232477144101,Small,284.0
615337,Additional Transmission System for evacuation of Power from Bhadla-III PS as part of Rajasthan REZ Phase III Scheme [20 GW] [SPV Name POWERGRID Bhadla-III Power Transmission Limited],Power Grid Corporation of India Limited [POWERGRID],Rajasthan,July 2026,369.0,87.1,258.3,5.0,29.52000000000001,4,2.9655568312284735,Small,369.0
615338,TRANSMISSION SYSTEM FOR EVACUATION OF POWER FROM RAJASTHAN REZ PH -IV [PART-2 5.5 GW] [JAISALMER/BARMER COMPLEX] PART F [SPV Name POWERGRID BARMER I TRANSMISSION LIMITED],Power Grid Corporation of India Limited [POWERGRID],Rajasthan,July 2026,2735.0,47.28,1121.35,4.280000000000001,21.059999999999945,4,23.717216582064296,Medium,2735.0
615339,Transmission system for evacuation of power from Rajasthan REZ Ph-IV [Part- 3/6GW] [Bikaner complex] Part A [SPV Name POWERGRID Bikaner IV Transmission Limited],Power Grid Corporation of India Limited [POWERGRID],"Multi-States (Haryana, Punjab, Rajasthan)",July 2026,5969.0,33.3,1969.77,2.6999999999999957,89.53999999999996,4,59.152252252252254,Large,5969.0
615340,TRANSMISSION SYSTEM FOR EVACUATION OF POWER FROM RAJASTHAN REZ PH-IV [PART-3/ 6 GW] [BIKANER COMPLEX] PART B [SPV Name POWERGRID Siwani Transmission Limited],Power Grid Corporation of India Limited [POWERGRID],"Multi-States (Haryana, Rajasthan)",July 2026,5357.0,36.53,1921.02,2.520000000000003,108.21000000000004,4,52.587462359704354,Large,5357.0
615342,Augmentation of Transformation Capacity at jam Khambhaliya PS [GIS] [SPV Name POWERGRID Jam Khambhaliya Transmission Limited],Power Grid Corporation of India Limited [POWERGRID],Gujarat,July 2026,329.0,33.0,72.38,15.0,20.4,4,2.1933333333333334,Small,329.0
615343,Provision of Dynamic Reactive Compensation at Khavda pooling Station 1 [KPS1] and Khavda Pooling station 3 [KPS3],Power Grid Corporation of India Limited [POWERGRID],Gujarat,July 2026,501.0,8.67,26.45,0.0,1.3999999999999986,4,3.0507497116493654,Small,501.0
615344,Transmission System for Evacuation of Power from Rajasthan REZ Ph-IV [Part-2 5.5GW] [Jaisalmer/Barmer Complex] Part H1 [POWERGRID KURAWAR TRANSMISSION LIMITED],Power Grid Corporation of India Limited [POWERGRID],Madhya Pradesh,July 2026,3674.0,47.9,1673.14,2.3999999999999986,35.6400000000001,4,34.929853862212944,Medium,3674.0
615345,Transmission System for Evacuation of Power from Potential Renewable Energy Zone in Khavda area of Gujarat under Phase-IV [7GW] Part B [SPV Name POWERGRID South Olpad Transmission Limited],Power Grid Corporation of India Limited [POWERGRID],Gujarat,July 2026,4766.0,38.26,2144.7,1.6899999999999977,33.35999999999967,4,56.0559330893884,Medium,4766.0
615346,Transmission System for Evacuation of Power from Rajasthan REZ Ph-IV [Part-2 5.5 GW] [Jaisalmer/Barmer Complex] Part C [SPV Name POWERGRID Mandsaur Transmission Limited],Power Grid Corporation of India Limited [POWERGRID],Madhya Pradesh,July 2026,2708.0,72.39,1624.8,1.4300000000000068,54.159999999999854,4,22.445089100704518,Medium,2708.0
615347,TRANSMISSION SYSTEM FOR EVACUATION OF POWER FROM POTENTIAL RENEWABLE ENERGY ZONE IN KHAVDA AREA OF GUJARAT UNDER PHASE-V [8 GW] PART A [SPV Name POWERGRID West Central Transmission Limited],Power Grid Corporation of India Limited [POWERGRID],"Multi-States (Gujarat, Maharashtra)",July 2026,24819.0,18.56,2978.28,0.4499999999999993,0.0,4,160.46767241379314,Large,24819.0
615349,TAPIN SOUTH EXPN,CCL - CIL,Jharkhand,July 2026,230.41,23.67,22.02,0.0,-18.000000000000004,4,0.9302915082382762,Small,230.41
615818,Jawahar Khani Open Cast Mine,Singareni Collieries Company Limited [SCCL],Telangana,July 2026,297.88,20.0,50.39,0.0,0.0,4,2.5195,Small,297.88
615820,TIKAK EXTENSION OCP,INVALID CO.,Assam,July 2026,159.77,89.73,112.69,0.0,-0.10999999999999943,4,1.2558787473531705,Small,159.77
615821,TIRAP OCP,INVALID CO.,Assam,July 2026,289.46,5.0,105.66,-0.2599999999999998,0.0,4,21.131999999999998,Small,289.46
615822,SIRKA OC,CCL - CIL,Jharkhand,July 2026,183.18,56.47,89.92,0.0,-190.10999999999996,4,1.59234992031167,Small,183.18
615843,TETARIAKHAR OC,CCL - CIL,Jharkhand,July 2026,232.64,30.06,50.82,0.0,0.0,4,1.69061876247505,Small,232.64
615857,Naini Coal Mine,Singareni Collieries Company Limited [SCCL],Odisha,July 2026,494.3,80.0,491.33,0.0,0.0,4,6.1416249999999994,Small,494.3
615858,Kalyanikhani Opencast Project,Singareni Collieries Company Limited [SCCL],Telangana,July 2026,384.32,77.0,304.39,1.0,2.829999999999984,4,3.953116883116883,Small,384.32
615860,Godavarikhani Coal Mine - 5,Singareni Collieries Company Limited [SCCL],Telangana,July 2026,607.04,71.0,201.0,0.0,0.1699999999999875,4,2.8309859154929575,Small,607.04
615861,Indaram Opencast Project,Singareni Collieries Company Limited [SCCL],Telangana,July 2026,424.81,81.0,408.69,0.0,0.39999999999997726,4,5.045555555555556,Small,424.81
615862,Goleti Opencast Mine,Singareni Collieries Company Limited [SCCL],Telangana,July 2026,345.6,33.0,111.94,0.0,0.0,4,3.392121212121212,Small,345.6
615863,Venkatesh Khani Coal Mine,Singareni Collieries Company Limited [SCCL],Telangana,July 2026,484.5,97.0,477.14,0.0,0.0,4,4.918969072164948,Small,484.5
615865,Kakatiyakhani OC - 2 Project,Singareni Collieries Company Limited [SCCL],Telangana,July 2026,442.42,64.0,253.41,1.0,0.020000000000010232,4,3.95953125,Small,442.42
615914,GHONSA EXPANSION DEEP OC MINE,WCL - CIL,Maharashtra,July 2026,184.71,12.98,15.72,0.0,0.0,4,1.2110939907550078,Small,184.71
615915,Rourkela-Bondamunda A-Cabin 5th line 10 km Umbrella work PB57/2019-20/NR,CAO/C/SER SER mor,Odisha,July 2026,244.99,45.0,155.23,0.0,9.159999999999997,4,3.4495555555555555,Small,244.99
615916,AMLG GAURI PAUNI EXPANSION OC,WCL - CIL,Maharashtra,July 2026,1225.21,4.21,92.02,0.0,0.18999999999999773,4,21.85748218527316,Medium,1225.21
615917,GAURIDEEP/GAURI CENTRAL OCP 7.,WCL - CIL,Maharashtra,July 2026,973.07,2.31,1.55,0.0,0.0,4,0.670995670995671,Small,973.07
615918,RPR OF BHANEGAON OC,WCL - CIL,Maharashtra,July 2026,405.2,16.06,43.16,0.0,0.05999999999999517,4,2.6874221668742218,Small,405.2
615919,N. EXTN. MUNGOLI NIRGUDA D OCP,WCL - CIL,Maharashtra,July 2026,1024.91,27.92,218.26,0.0,-0.10000000000002274,4,7.817335243553008,Medium,1024.91
615982,NILJAI EXPANSION DEEP OCP,WCL - CIL,Maharashtra,July 2026,319.75,79.83,196.82,0.0,0.0,4,2.4654891644745085,Small,319.75
616044,UKNI DEEP OC MINE -COST PLUS,WCL - CIL,Maharashtra,July 2026,237.06,94.57,168.91,0.0,0.710000000000008,4,1.7860843819393044,Small,237.06
616050,AMALGAMATED INDER-KAMPTEE DEEP,WCL - CIL,Maharashtra,July 2026,235.9,98.97,128.49,0.0,0.2600000000000193,4,1.2982722036980905,Small,235.9
616221,"Extension of Aqua Line Metro Corridor from Noida Sector-142 station to Botanical Garden, Noida of Noida Metro Rail Corporation",Noida Metro Rail Corporation Ltd. [NMRCL],Uttar Pradesh,July 2026,2254.35,0.0,0.0,0.0,0.0,3,0.0,Medium,2254.35
616223,ADASA UG TO OC MINE,WCL - CIL,Maharashtra,July 2026,316.0,86.49,209.29,0.0,0.0,4,2.4198173199213784,Small,316.0
616225,CHUPERBHITA SIMLONG OCP MDO 6,ECL - CIL,Jharkhand,July 2026,979.08,0.05,0.0,0.0,0.0,4,0.0,Small,979.08
616226,INTEGRATED KULDA GARJANBAHAL O,MCL - CIL,Odisha,July 2026,3563.5,10.43,692.76,0.1899999999999995,40.059999999999945,4,66.41994247363375,Medium,3563.5
616227,3rd line between Chandil - Anara- Damodar section 121.26 km,CAO/C/SER SER mor,"Multi-States (Jharkhand, West Bengal)",July 2026,1932.01,0.0,9.07,0.0,5.1,4,0.0,Medium,1932.01
616229,AMAL GONDEGAON GHATROHANA EXPN,WCL - CIL,Maharashtra,July 2026,668.54,2.55,2.95,0.0,0.0,4,1.1568627450980393,Small,668.54
616230,PARASCOLE JAMBAD OCP,ECL - CIL,West Bengal,July 2026,1193.55,0.23,11.81,0.0,0.0,4,51.34782608695652,Medium,1193.55
616231,BHUBANESWARI EXPN OCP 50 MTY,MCL - CIL,Odisha,July 2026,5366.27,34.03,477.73,0.07000000000000028,0.30000000000001137,4,14.038495445195416,Large,5366.27
616232,HINGULA II OC EXPN PH III 15 M,MCL - CIL,Odisha,July 2026,1561.85,33.55,284.22,2.4999999999999964,4.900000000000034,4,8.471535022354695,Medium,1561.85
616233,BALABHADRA OCP,MCL - CIL,Odisha,July 2026,978.44,18.93,461.54,0.7199999999999989,209.99,4,24.381405176967778,Small,978.44
616234,PELMA OC MDO,SECL - CIL,Chhattisgarh,July 2026,1725.04,23.75,16.71,-16.590000000000003,0.0,4,0.7035789473684211,Medium,1725.04
616236,JARANGDIH EXPN. OCP 1.5 MTY,CCL - CIL,Jharkhand,July 2026,372.06,32.99,85.6,0.1600000000000037,0.0,4,2.594725674446802,Small,372.06
616253,BLOCK E OCP,BCCL - CIL,Jharkhand,July 2026,5850.83,4.18,20.32,0.0,0.0,4,4.8612440191387565,Large,5850.83
616254,Visakh Raipur Pipeline Project,Hindustan Petroleum Corporation Limited,"Multi-States (Chhattisgarh, Odisha)",July 2026,2212.0,38.4,570.0,1.2999999999999972,20.789999999999964,4,14.84375,Medium,2212.0
616586,Bangriposi - Gorumahisani 85.60 km PB9/SECR/2023-24,CAO/C/SER SER mor,"Multi-States (Odisha, West Bengal)",July 2026,2269.49,2.0,7.31,2.0,0.16999999999999993,4,3.655,Medium,2269.49
616587,Badampahar-Kendujhargarh new line [82.06 km],CAO/C/SER,Odisha,June 2026,1875.72,0.0,2.35,0.0,0.0,3,0.0,Medium,1875.72
616588,Buramara - Chakulia 59.96 km PB9/SECR/2023-24,CAO/C/SER SER mor,"Multi-States (Jharkhand, Odisha, West Bengal)",July 2026,1459.13,2.0,11.7,2.0,2.539999999999999,4,5.85,Medium,1459.13
616594,Interception & Diversion with Rehabilitation of sewerage scheme at Agra under Hybrid annuity based PPP model-Namami Gange Programme,National Mission for Clean Ganga,Uttar Pradesh,July 2026,842.25,84.0,208.64,0.0,0.0,4,2.4838095238095237,Small,842.25
616600,Interception and Diversion and STP works in Bhagalpur under Hybrid annuity based PPP mode-Namami Gange Programme,National Mission for Clean Ganga,Bihar,July 2026,413.29,97.0,126.67,0.0,0.0,4,1.3058762886597939,Small,413.29
616604,Pollution Abatement works for River Ganga at Hooghly Chinsurah- Municipal Town Interception & Diversion with STP,National Mission for Clean Ganga,West Bengal,July 2026,154.73,94.0,102.04,0.0,0.0,4,1.0855319148936171,Small,154.73
616605,Pollution Abatement Works for River Kali Meerut under Meerut Municipality Interception & Diversion with STP,National Mission for Clean Ganga,Uttar Pradesh,July 2026,690.71,57.0,34.79,1.0,0.0,4,0.6103508771929824,Small,690.71
616611,Sewage Treatment Plant 100MLD and Sewerage Network 288 km in Digha-Patna under Hybrid annuity based PPP mode-Namami Gange Programme,National Mission for Clean Ganga,Bihar,July 2026,824.0,59.0,403.34,0.0,0.0,4,6.836271186440677,Small,824.0
616612,Sewage Treatment Plant 50MLD and Sewerage Network 150 km in Kankarbagh Patna under Hybrid annuity based PPP mode Namami Gange Programme,NMCG1,Bihar,July 2026,578.89,55.0,174.61,0.0,2.8200000000000216,4,3.174727272727273,Small,578.89
616615,"Sewer Network, SPS and STP at Begusarai",National Mission for Clean Ganga,Bihar,July 2026,230.06,97.0,261.82,0.0,0.0,4,2.6991752577319588,Small,230.06
616616,"Sewer Networks, SPS and STP at Hajipur",National Mission for Clean Ganga,Bihar,July 2026,305.19,95.0,346.46,0.0,0.0,4,3.6469473684210523,Small,305.19
616670,Transmission System for evacuation of Power from Rajasthan REZ Ph-IV [Part-4 3.5 GW] Part A [SPV name POWERGRID Ghiror Transmission Limited],Power Grid Corporation of India Limited [POWERGRID],"Multi-States (Rajasthan, Uttar Pradesh)",July 2026,5846.0,40.71,1953.73,3.039999999999999,199.92000000000007,4,47.99140260378285,Large,5846.0
616671,Transmission System under ISTS for evacuation of Power from Kudankulam Unit-3&4 [2x1000 MW] [SPV Name POWERGRID Kudankulam Tarnsmission Limited],Power Grid Corporation of India Limited [POWERGRID],Tamil Nadu,July 2026,548.0,23.78,208.24,3.2900000000000027,0.0,4,8.756938603868797,Small,548.0
616672,System Strengthening at Koppal-II and GadagII for integration of RE generation projects [SPV Name POWERGRID Koppal Gadag Augmentation Transmission Limited],Power Grid Corporation of India Limited [POWERGRID],Karnataka,July 2026,1354.0,38.07,338.5,3.469999999999999,54.160000000000025,4,8.891515629104282,Medium,1354.0
616691,"Upgradation & Extension of ESIC Hospital and Construction of PG Hostel / Staff Housing for ESIC Hospital at Andheri, Mumbai",Employee's State Insurance Company [ESIC],Maharashtra,July 2026,260.13,89.0,216.46,0.0,0.0,4,2.432134831460674,Small,260.13
616694,Flyover between Siju & Paradeep coaching yard 7 km PB73/2023-24/NR,CAO/C/ECOR ECoR mor,Odisha,July 2026,200.77,0.0,55.91,-5.5,18.65,4,0.0,Small,200.77
616695,Construction of Paradeep- Badabandha 3rd & 4th line 18.51 km PB34/ECOR/2023-24,CAO/C/ECOR ECoR mor,Odisha,July 2026,300.15,7.0,21.5,-3.5,19.03,4,3.0714285714285716,Small,300.15
616697,3rd & 4 th line Vadlapudi-Gate Jn. incl. tie line between Gangavaram Port- Visakhapatnam Steel Plant12.04 km PB73/2023-24/NR,CAO/C/SCoR SCoR mor,Andhra Pradesh,July 2026,154.28,87.0,89.67,7.0,20.08,4,1.0306896551724138,Small,154.28
616699,Multi tracking of Son Nagar-Andal 374.53 rkm & 814.38 tkm PB34/ECOR/2023-24,CAO/Con/South/MHX ECR mor,"Multi-States (Bihar, Jharkhand, Uttar Pradesh, West Bengal)",July 2026,12333.57,3.0,1152.79,-15.0,270.02,4,384.2633333333333,Large,12333.57
616701,Lumding-Furkating section 140 km Umbrella work PB57/2019-20/NR,CAO/C-1/NFR NFR mor,Assam,July 2026,2123.7,1.0,200.23,-11.5,59.16999999999999,4,200.23,Medium,2123.7
616839,Gunupur - Therubali new line 73.62 km,CAO/C/ECOR ECoR mor,Odisha,July 2026,1165.89,0.0,1.95,0.0,1.95,4,0.0,Medium,1165.73
616841,Pushkar - Merta Katyasani 51.346 km,CAOC/NWR NWR mor,Rajasthan,July 2026,799.64,7.0,242.08,-1.0,17.370000000000005,4,34.582857142857144,Small,799.64
616842,LUNI- SAMDARI- BHILDI DOUBLING,North Western Railway [NWR],"Multi-States (Gujarat, Rajasthan)",July 2026,3085.59,36.0,962.77,0.0,0.0,4,26.74361111111111,Medium,3085.59
616843,Ajmer-Chanderiya section 178.28 km Umbrella work PB57/2019-20/NR,CAOC/NWR NWR mor,Rajasthan,July 2026,1634.79,23.0,560.17,1.0,70.60999999999996,4,24.355217391304347,Medium,1634.79
616856,Doubling between Bhadrachalam Road and Dornakal,South Central Railway [SCR] - II,Telangana,June 2026,770.12,0.06,87.94,0.0,0.0,3,1465.6666666666667,Small,770.12
616857,Doubling between Motumari Vishnupuram 88.81 km and Rail over Rail RoR at Motumari 10.877 Km,CAO/C/SCoR SCoR mor,"Multi-States (Andhra Pradesh, Telangana)",July 2026,1595.55,22.0,327.62,19.95,62.73000000000002,4,14.891818181818183,Medium,1595.55
616858,"Construction of Field Gas Gathering Station at Baghjan area for collection, processing & transportation of natural Gas to be produced from Baghjan Field",Oil India Limited,Assam,July 2026,430.76,95.9,348.65,1.4000000000000057,0.07999999999998408,4,3.6355578727841498,Small,430.76
616879,Demo Bio-ATF Project,Mangalore Refinery and Petrochemicals Limited,Karnataka,July 2026,364.0,54.8,91.39,3.6999999999999957,5.829999999999998,4,1.6677007299270075,Small,364.0
616886,Delhi University Eastern Campus at Surajmal Vihar,Delhi University,Delhi,July 2026,373.0,14.0,31.53,1.0,1.4000000000000021,4,2.2521428571428572,Small,373.0
616933,Lube Modernization & Bottom Upgradation Project at Mumbai Refinery,Hindustan Petroleum Corporation Limited,Maharashtra,July 2026,4679.0,14.1,314.9,1.799999999999999,26.370000000000005,4,22.333333333333332,Medium,6008.0
616950,PRP-VIII [Group-A],Oil and Natural Gas Corporation Limited [ONGC],Offshore,July 2026,1589.4,60.2,629.46,0.6000000000000014,10.470000000000027,4,10.456146179401994,Medium,1486.4
616983,Kosamba Umarpada GC PROJECT,Ministry of Railways-,Gujarat,July 2026,467.58,16.0,70.54,0.0,0.0,4,4.40875,Small,467.58
617068,"Augmentation of Transformation Capacity by 3x500 MVA, 400/220 KV ICTS [6th-8th] and 1x1500 MVA, 765/400 KV ICT [4th] at Bidar PS [SPV Name- POWERGRID Bidar Augmentation Transmission Limited]",Power Grid Corporation of India Limited [POWERGRID],Karnataka,July 2026,288.0,18.75,28.8,0.75,8.64,4,1.536,Small,288.0
617069,Augmentation of Transformation Capacity at KPS1 [GIS] and KPS2 [GIS] [Phase-V Part B1 and Part B2 Scheme] [SPV Name- POWERGRID KPS1 and 2 Augmentation Transmission Limited],Power Grid Corporation of India Limited [POWERGRID],Gujarat,July 2026,466.0,37.0,154.9,0.0,11.420000000000016,4,4.186486486486487,Small,466.0
617179,Transmission Scheme for evacuation of Power from Ratle HEP [850 MW] & kiru [624 MW] Part B,Power Grid Corporation of India Limited [POWERGRID],Jammu and Kashmir,July 2026,218.6,1.7,3.72,0.0,0.0,4,2.1882352941176473,Small,218.6
617181,"Augmentation at Fatehgarh-II PS, Fatehgarh-IV PS [Section-II] and Barmer-I PS [POWERGRID Fatehgarh Barmer Augmentation Transmission Limited]",Power Grid Corporation of India Limited [POWERGRID],Rajasthan,July 2026,404.0,17.2,32.32,0.8000000000000007,2.710000000000001,4,1.8790697674418606,Small,404.0
617182,Augmentation of Banaskantha [Raghanesda] PS [GIS] [POWERGRID Banaskantha Transco Limited],Power Grid Corporation of India Limited [POWERGRID],Gujarat,July 2026,172.0,42.0,61.92,3.0,3.440000000000005,4,1.4742857142857144,Small,172.0
617183,Transmission system strengthening at Kurnool- III PS for integration of additional RE generation projects [POWERGRID Kurnool III PS RE Transmission Limited],Power Grid Corporation of India Limited [POWERGRID],Andhra Pradesh,July 2026,2886.0,43.89,894.66,2.210000000000001,154.98000000000002,4,20.384142173615857,Medium,2886.0
617184,Transmission Scheme for integration of Davanagere/ Chitradurga and Bellary REZ in Karnataka [POWERGRID Chitradurga Bellary REZ Transmission Limited],Power Grid Corporation of India Limited [POWERGRID],Karnataka,July 2026,3453.0,23.01,552.48,1.7000000000000028,69.06,4,24.010430247718382,Medium,3453.0
617185,Transmission System for Integration of Kurnool-IV REZ Phase-I [for 4.5 GW] [POWERGRID Kurnool-IV Transmission Limited],Power Grid Corporation of India Limited [POWERGRID],"Multi-States (Andhra Pradesh, Karnataka)",July 2026,5550.0,28.77,1776.0,3.8900000000000006,180.93000000000006,4,61.73096976016684,Large,5550.0
617186,Rajasthan REZ Ph-V [Part-1- 4 GW] [Sirohi/Nagaur] Complex [Rajasthan V Power Transmission Limited],Power Grid Corporation of India Limited [POWERGRID],"Multi-States (Madhya Pradesh, Rajasthan)",July 2026,5028.0,34.03,1508.4,2.5400000000000027,244.87000000000012,4,44.32559506317955,Large,5028.0
617188,"Sipat Super Thermal Power Project, Stage-III [1x800 MW]",National Thermal Power Corporation [NTPC],Chhattisgarh,July 2026,9791.0,22.31,1910.55,1.009999999999998,114.73000000000002,4,85.63648588077096,Large,9791.0
617200,KHARSIA- NAYA RAIPUR-PARMALKASA 5th and 6th Line [278KM],CAO/C/SECR,Chhattisgarh,June 2026,7853.84,0.0,0.64,0.0,0.0,3,0.0,Large,7853.84
617201,Gondia-Balharshah [Chanda Fort] Doubling [240 Km],South East Central Railway,Maharashtra,June 2026,4373.04,2.0,1.79,0.0,0.0,3,0.895,Medium,4373.04
617206,Delhi Metro Rail Phase-IV [Rithala - Kundli Corridor],Delhi Metro Rail Corporation Limited [DMRC],"Multi-States (Delhi, Haryana)",July 2026,6230.99,5.36,800.48,2.3400000000000003,230.35000000000002,4,149.34328358208955,Large,6230.99
617207,Delhi Metro Rail Phase-IV [2 Corridors],Delhi Metro Rail Corporation Limited [DMRC],Delhi,July 2026,8399.81,4.31,183.23,0.019999999999999574,26.539999999999992,4,42.51276102088167,Large,8399.81
617210,Tirupati-Pakala-Katpadi Doubling 104.39 Km Item83/NR/2024-25,CAO/C/SCoR SCoR mor,"Multi-States (Andhra Pradesh, Tamil Nadu)",July 2026,1215.56,0.0,0.0,-0.06,-62.2,4,0.0,Medium,1215.56
617211,Doubling of Guntur Bibinagar 239 Km,South Central Railway [SCR] - II,"Multi-States (Andhra Pradesh, Telangana)",June 2026,2853.23,2.6,357.74,0.0,0.0,3,137.59230769230768,Medium,2853.23
617212,Doubling between Mudkhed Medchal & Mahbubnagar Dhone section 417.88 Km,South Central Railway [SCR] - II,"Multi-States (Andhra Pradesh, Maharashtra, Telangana)",June 2026,4686.09,21.0,640.06,0.0,0.0,3,30.479047619047616,Medium,4686.09
617213,"Varanasi- Pt. Deen Dayal Upadhyaya - Multitracking 15 km, including construction of a new Rail- cum- Road Bridge across Ganga River",CAO/C-II/NR NR mor,Uttar Pradesh,July 2026,2464.46,5.0,109.93,1.0699999999999998,12.950000000000003,4,21.986,Medium,2464.46
617214,"South Central Railway- Rail connectivity to Amaravati, Capital of Andhra Pradesh Errupalem- Amaravati- Namburu New line 57 km PB7/WR/2023-24",CAO/C/SCoR SCoR mor,"Multi-States (Andhra Pradesh, Telangana)",July 2026,2047.4,0.0,155.0,-0.17,-53.56999999999999,4,0.0,Medium,2047.4
617215,Doubling between Parbhani-Parli Vaijnath stations 64.71 km PB34/CR/2023-24,CAOCON/SCR SCR mor,Maharashtra,July 2026,769.93,1.0,174.3,0.8,-23.319999999999993,4,174.3,Small,769.93
617216,South Central Railway- 3rd line between Gudur-Renigunta stations 83.17 km PB34/CR/2023-24,CAO/C/SCoR SCoR mor,Andhra Pradesh,July 2026,877.34,0.0,53.46,-0.17,-152.56,4,0.0,Small,877.34
617221,"Construction of Girls Hostel 400 seater, Boys Hostel 600 seater, Academic Block, International Hostel 100 seater, VC Residence and Purchase of Equipment",Central University of Punjab,Punjab,July 2026,210.99,58.0,99.02,10.0,17.959999999999994,4,1.7072413793103447,Small,210.99
617224,Gorakhpur-Valmikinagar Doubling project,NER,"Multi-States (Bihar, Uttar Pradesh)",July 2026,1120.0,32.0,442.7,0.0,0.0,4,13.834375,Medium,1120.0
617225,PCMC To Nigdi- Extension Of North South Corridor Of Phase-1,Maharashtra Metro Rail Corporation Limited [MMRCL],Maharashtra,July 2026,910.18,49.12,322.59,1.9499999999999957,12.939999999999998,4,6.567385993485342,Small,960.18
617226,Pune Metro Phase-1 Extension line towards south from Swargate to Katraj,Maharashtra Metro Rail Corporation Limited [MMRCL],Maharashtra,July 2026,2954.53,9.04,190.07,2.839999999999999,101.25999999999999,4,21.02544247787611,Medium,2954.53
617231,East Central Railway - Construction of Bulb line at Nabinagar Ankorah 17.49Km PB45/ECoR/2024-25.,CAO/Con/South/MHX ECR mor,Bihar,July 2026,611.74,0.0,0.0,0.0,0.0,4,0.0,Small,611.74
617233,WAGHODA UG MINE [1.02 MTY],WCL - CIL,Maharashtra,July 2026,379.3,0.11,0.0,0.0,0.0,4,0.0,Small,379.3
617239,Narkatiaganj-Raxaul-Sitamarhi-Darbhanga & Sitamarhi-Muzaffarpur Sections doubling 256 km Umbrella work PB57/2019-20/NR,CAO/Con/North/MHX ECR mor,Bihar,July 2026,4079.95,0.0,18.9,0.0,8.969999999999999,4,0.0,Medium,4079.96
617242,Installation of New Bar Mill at Durgapur Steel Plant,Steel Authority of India Limited [SAIL],West Bengal,July 2026,2115.44,67.5,935.57,1.480000000000004,106.63,4,13.860296296296298,Medium,2115.44
617243,Replacement of Hot Leveller No.1 of Plate Mill at Bhilai Steel Plant,Steel Authority of India Limited [SAIL],Chhattisgarh,July 2026,198.62,82.79,129.25,0.6600000000000108,0.009999999999990905,4,1.5611788863389298,Small,198.62
617245,Katihar-Kumedpur & Katihar-Mukuria 64.5 km Umbrella work PB57/2019-20/NR,CAO/C-II/NFR NFR mor,"Multi-States (Bihar, West Bengal)",July 2026,942.64,65.0,952.95,-1.0,296.7900000000001,4,14.660769230769231,Small,1961.0
617246,Up-gradation of Blast Furnace No. 3 at Durgapur Steel Plant,Steel Authority of India Limited [SAIL],West Bengal,July 2026,758.09,62.17,316.01,20.490000000000002,29.649999999999977,4,5.082998230657873,Small,758.09
617248,Third Ladle Furnace in Secondary Refinery Unit at IISCO Steel Plant,Steel Authority of India Limited [SAIL],West Bengal,July 2026,227.96,74.55,111.44,0.0,7.469999999999999,4,1.4948356807511738,Small,227.96
617249,Replacement of existing Grinders in CRM-I & II at Bokaro Steel Plant,Steel Authority of India Limited [SAIL],Jharkhand,July 2026,211.94,62.05,60.6,11.649999999999999,0.8800000000000026,4,0.9766317485898469,Small,211.94
617250,Secondary Emission Control in Converters of SMS-II at Bokaro Steel Plant,Steel Authority of India Limited [SAIL],Jharkhand,July 2026,207.13,55.91,103.47,4.089999999999996,16.849999999999994,4,1.8506528349132536,Small,207.13
617251,Revamping of Air Pollution Control Systems of SP-1 at Durgapur Steel Plant,Steel Authority of India Limited [SAIL],West Bengal,July 2026,196.4,34.58,65.74,2.3699999999999974,0.23999999999999488,4,1.901098901098901,Small,196.4
617252,Anand Nagar - Ghughuli via Maharajganj 53.37 km,CAOC/NER NER mor,Uttar Pradesh,July 2026,958.27,12.0,888.5,-12.0,248.33000000000004,4,74.04166666666667,Small,1501.1
617253,Revamping of old sub-systems of Blast Furnace 3 at Bokaro Steel Plant,Steel Authority of India Limited [SAIL],Jharkhand,May 2026,513.82,98.72,412.95,1.4200000000000017,4.550000000000011,2,4.183042949756888,Small,513.82
617254,Replacement of remaining 04 sets of Battery Cyclones with 04 Nos. of ESPs in Sinter Plant-1 at Bokaro Steel Plant,Steel Authority of India Limited [SAIL],Jharkhand,July 2026,260.37,53.15,127.53,2.990000000000002,1.9300000000000068,4,2.399435559736595,Small,260.37
617255,"Replacement of Converter Vessels, Trunnion Rings, Support System & Installation of Secondary Emission at Bhilai Steel Plant",Steel Authority of India Limited [SAIL],Chhattisgarh,July 2026,471.83,74.3,266.11,3.799999999999997,8.930000000000007,4,3.581561238223419,Small,471.83
617256,Rebuilding of Coke Oven Battery No.7 & 8 at Bhilai Steel Plant,Steel Authority of India Limited [SAIL],Chhattisgarh,July 2026,884.1,94.73,693.83,0.9900000000000091,74.96000000000004,4,7.324290087617439,Small,884.1
617257,Rebuilding of Coke Oven Battery No.6 at Bokaro Steel Plant,Steel Authority of India Limited [SAIL],Jharkhand,July 2026,627.31,68.07,347.42,1.9599999999999937,5.160000000000025,4,5.103863669751727,Small,627.31
617269,Transmission System for Strengthening to facilitate evacuation of power from Bhadla/Bikaner Complex,Power Grid Corporation of India Limited [POWERGRID],Uttar Pradesh,July 2026,212.81,12.07,12.76,0.9000000000000004,2.7799999999999994,4,1.0571665285832643,Small,212.81
617270,Eastern Region Expansion Scheme-44 [ERES-44],Power Grid Corporation of India Limited [POWERGRID],"Multi-States (Bihar, West Bengal)",July 2026,408.94,1.5,6.13,0.0,0.0,4,4.086666666666667,Small,408.94
617271,Eastern Region Expansion Scheme-43 [ERES-43],Power Grid Corporation of India Limited [POWERGRID],"Multi-States (Bihar, Odisha, West Bengal)",July 2026,342.69,29.75,143.93,0.019999999999999574,6.860000000000014,4,4.837983193277311,Small,342.69
617272,Implementation of LILO of both circuits of 400KV vindhyachal PS-Sasan D/C Line at Hindalco Switchyard,Power Grid Corporation of India Limited [POWERGRID],Madhya Pradesh,July 2026,370.0,55.26,148.0,3.1199999999999974,18.5,4,2.6782482808541443,Small,370.0
617278,KOLARPIMPRI EXPANSION OC [2.5,WCL - CIL,Maharashtra,July 2026,630.37,0.4,0.61,0.0,0.0,4,1.525,Small,630.37
617279,Transmission System for evacuation of power from Mahan Energen Limited Generating Station in Madhya Pradesh [SPV Name - POWERGRID MEL Power Transmission Limited],Power Grid Corporation of India Limited [POWERGRID],Madhya Pradesh,July 2026,558.0,18.47,180.9,3.3599999999999994,0.0,4,9.79426096372496,Small,558.0
617280,"Construction of Basement + Ground Floor+ 10 Storeyed building for State of the Art Director General, GSI Building at plot No.GN-40, Sector-V, Salt Lake, Kolkata",Central Public Works Department [CPWD],West Bengal,July 2026,255.37,64.0,98.94,0.0,0.01999999999999602,4,1.5459375,Small,255.37
617284,Chunar-Chopan doubling project,North Central Railway,Uttar Pradesh,June 2026,1423.96,18.5,151.57,0.0,0.0,3,8.192972972972973,Medium,1423.96
617287,KUSMUNDA OC EXPANSION PROJECT,SECL - CIL,Chhattisgarh,July 2026,4516.88,23.75,847.19,0.0,10.050000000000068,4,35.671157894736844,Medium,4516.88
617288,MANIKPUR OC EXPANSION PROJECT,SECL - CIL,Chhattisgarh,July 2026,382.61,21.29,138.87,0.0,0.03999999999999204,4,6.52278064819164,Small,382.61
617299,50 MW Wind Power Project,NLC India Limited,Gujarat,July 2026,383.84,52.0,333.34,0.0,4.7999999999999545,4,6.410384615384615,Small,383.84
617302,Durgapur - Haldia Pipeline [Section-3B of JHBDPL Project],Gas Authority of India Limited [GAIL],West Bengal,July 2026,1740.0,95.7,2380.8,0.5,5.700000000000273,4,24.877742946708466,Medium,2583.0
617304,"Setting up of LPG Plant with Rail Unloading Facility at Hathua, Dist. Gopalganj, Bihar",Bharat Petroleum Corporation Limited [BPCL],Bihar,July 2026,340.15,56.0,186.21,1.0,6.659999999999997,4,3.3251785714285718,Small,340.15
617326,Implementation of Transmission Systems in the State of Jharkhand consisting of 400/220/132/33 kV transmission lines and substations under Jharkhand Consultancy Project,Power Grid Corporation of India Limited [POWERGRID],Jharkhand,July 2026,1842.25,96.4,1648.05,0.10000000000000853,0.0,4,17.095954356846473,Medium,1842.25
617327,Thane Integral Ring Metro Rail Project,Maharashtra Metro Rail Corporation Limited [MMRCL],Maharashtra,July 2026,12200.1,10.04,101.17,0.5499999999999989,5.530000000000001,4,10.076693227091635,Large,12200.1
617333,Construction of surface traingle between Bhadaura and new crossing station Karma Dildarnagar-Taraghat line 11.1 km PB72/NR/2022-23,CAO/Con/South/MHX ECR mor,"Multi-States (Bihar, Uttar Pradesh)",July 2026,199.96,0.0,64.04,-0.6,56.370000000000005,4,0.0,Small,199.96
617338,Stamp Charge Battery No.12 Battery Proper at IISCO Steel Plant,Steel Authority of India Limited [SAIL],West Bengal,July 2026,2518.39,27.66,472.41,0.9600000000000009,57.10000000000002,4,17.079175704989154,Medium,2518.39
617345,SER Upgradation of maintenance infrastructure at Shalimar into Vande Bharat Chair Car maintenance cum workshop depot.,South Eastern Railway - JH,West Bengal,June 2026,226.87,50.0,86.69,0.0,0.0,3,1.7338,Small,226.87
617361,Babupeth - Sasti New Rail Line [13.114 KMs],CentralRailway,Maharashtra,June 2026,362.81,0.0,0.48,0.0,0.0,3,0.0,Small,362.81
617364,Central Railway - Double chord line between Nilaje and Kopar 4.495 km PB34/CR/2023-24,CAOC/CR CR mor,Maharashtra,July 2026,338.33,15.0,57.54,-45.0,1.7100000000000009,4,3.836,Small,205.0
617370,Doubling between Jaunpur Jn - Zaffarabad 6.28 km PB73/2023-24/NR,CAOC/NR NR mor,Uttar Pradesh,July 2026,180.66,22.0,78.47,-5.550000000000001,12.929999999999993,4,3.566818181818182,Small,237.38
617372,Pradhankhunta Jn-Patherdih Bazar-Bhojudih 17.1 km Umbrella work PB57/2019- 20/NR,CAO/Con/South/MHX ECR mor,Jharkhand,July 2026,349.22,60.0,162.92,-12.0,17.349999999999994,3,2.715333333333333,Small,349.22
617374,"Dallirajhara - Rowghat New Rail Line Project, Phase-I",Rail Vikas Nigam Limited,Chhattisgarh,June 2026,1516.45,98.0,2154.73,0.0,11.010000000000218,3,21.98704081632653,Medium,1881.26
617375,North Eastern Region Expansion Scheme-XXIII [NERES-XXIII],Power Grid Corporation of India Limited [POWERGRID],Arunachal Pradesh,July 2026,209.38,3.89,3.14,2.33,0.0,4,0.8071979434447301,Small,209.38
617379,Development of New Bijwasan Railway Terminal,Northern Railways,Delhi,June 2026,446.21,80.0,565.7,0.0,9.340000000000032,3,7.071250000000001,Small,446.21
617390,Sardega -Bhalumuda New Double line [37.24 Km],SECR,"Multi-States (Chhattisgarh, Odisha)",June 2026,1281.81,5.0,130.14,1.0,2.069999999999993,3,26.028,Medium,1281.81
617391,Augmentation of Transformation Capacity at Bhuj-II PS [GIS],Power Grid Corporation of India Limited [POWERGRID],Gujarat,July 2026,488.29,7.2,14.64,2.7,4.880000000000001,4,2.033333333333333,Small,488.29
617403,SADULPUR - CHURU DOUBLING PROJECT,North Western Railway [NWR],Rajasthan,July 2026,468.64,95.0,197.84,0.0,0.0,4,2.082526315789474,Small,468.64
617404,North Western Railway - New line between Ramdevra and Pokhran via Bhairav Gufa - Kailash Tekri 13.38 Km PB30/NR/2025-26,CAOC/NWR NWR mor,Rajasthan,July 2026,189.21,3.0,57.31,1.0,1.730000000000004,4,19.103333333333335,Small,189.21
617405,Jamnagar Transmission Limited,Adani Transmission Limited,Gujarat,July 2026,4000.0,24.0,698.0,5.0,145.0,4,29.083333333333332,Medium,4000.0
617406,RATLAM- DUNGARPUR VIA BANSWARA NEW LINE PROJECT,North Western Railway [NWR],"Multi-States (Madhya Pradesh, Rajasthan)",June 2026,2417.24,8.0,7.7,0.0,0.35000000000000053,3,0.9625,Medium,2417.24
617408,NATHDWARA- NATHDWARA TOWN NL,North Western Railway [NWR],Rajasthan,June 2026,166.33,15.0,112.55,0.0,0.0,3,7.503333333333333,Small,166.33
617409,Railway Manufacturing Unit,RVNL - II,Telangana,July 2026,521.36,91.0,492.12,0.0,0.0,4,5.407912087912088,Small,521.36
617412,"Construction of One Tower of Office Complex and another Tower of Residential quarters i/c internal water supply, sanitary installation and all development and bulk services, Horticulture works on EPC Mode-I basis i/c comprehensive operation and maintenance of Civil, E&M services for 7 years after completion of original construction work for Ranga Reddy, Secunderabad, Medchal, AuditI, Audit-II Commissionerates of Central Tax at Khajaguda, Serilingampally, Hyderabad.",Central Public Works Department - CPWD,Telangana,July 2026,644.0,26.0,188.69,3.0,12.900000000000006,4,7.257307692307692,Small,644.0
617413,Mobile connectivity in Left Wing Extremism [LWE] affected areas-Phase 1 Upgradation,Department of Telecommunications [DoT],"Multi-States (Andhra Pradesh, Bihar, Chhattisgarh, Jharkhand, Madhya Pradesh, Maharashtra, Odisha, Telangana, Uttar Pradesh, West Bengal)",July 2026,1884.6,99.31,376.8,1.0300000000000011,0.0,4,3.7941798409022254,Medium,1884.6
617416,"Revised Jharia Master Plan for Dealing with Fire, Subsidence & Rehabilitation of affected families in Jharia Coalfield- Reg.",Bharat Coking Coal Limited [BCCL],Jharkhand,July 2026,5940.47,34.0,520.75,3.0,192.97000000000003,4,15.316176470588236,Large,5940.47
617422,Bodwad Parisar Sinchan Yojna,Department of Water Resources-MH,Maharashtra,July 2026,1923.81,49.6,338.91,0.0799999999999983,-1610.6499999999999,4,6.832862903225807,Medium,1923.81
617727,Orvakal Industrial Area,NICDC,Andhra Pradesh,July 2026,2786.0,16.22,356.05,3.4099999999999984,77.44999999999999,4,21.951294697903826,Medium,2786.0
617729,Kopparthy Industrial Area,NICDC,Andhra Pradesh,July 2026,2136.0,5.39,39.75,0.15999999999999925,0.0,4,7.374768089053804,Medium,2136.0
617730,600 MW Khavda Solar Power Project,NLC India Limited [NLCIL],Gujarat,July 2026,3335.85,62.0,2122.95,2.0,122.32999999999993,4,34.24112903225806,Medium,3335.85
617764,North Dhadu Western Part OCP,NLC India Limited [NLCIL],Jharkhand,July 2026,1354.2,40.0,233.77,0.0,5.409999999999997,4,5.844250000000001,Medium,1354.2
617801,Provision of ICT Augmentation & Bus Reactor at Bhuj-II PS,Power Grid Corporation of India Limited [POWERGRID],Gujarat,July 2026,581.74,7.2,17.45,1.2000000000000002,0.0,4,2.423611111111111,Small,581.74
617802,Augmentation of Transformation Capacity and Implementation of Line Bays at Mandsaur S/S for RE Interconnection [SPV Name- POWERGRID Mandsaur I RE Transmission Limited],Power Grid Corporation of India Limited [POWERGRID],Madhya Pradesh,July 2026,319.0,4.8,17.23,2.3,0.9299999999999997,4,3.5895833333333336,Small,319.0
617803,Transmission System Strengthening at Davanagere for Integration of RE Generation [SPV Name - POWERGRID Davanagere Power Transmission Limited],Power Grid Corporation of India Limited [POWERGRID],Karnataka,July 2026,379.0,2.5,17.06,0.0,0.0,4,6.824,Small,379.0
617804,Mechanization of Berth No.14 for handling Containers and other cargo on DBFOT basis - Phase II,New Mangalore Port Authority,Karnataka,July 2026,153.23,95.0,97.45,0.0,0.0,4,1.0257894736842106,Small,153.23
617806,Transmission System for Integration of Ananthapur 2 REZ Phase 1 for 4.5 GW. SPV Name Anantapuram 2 REZ Transmission Ltd,Sterlite Power,"Multi-States (Andhra Pradesh, Karnataka)",July 2026,4535.99,64.0,1207.57,14.0,150.0,4,18.86828125,Medium,4535.99
617807,Inter-regional [NR-WR] Transmission System strengthening to relieve the loading of 765 kV Vindhyachal-Varanasi D/c line,Power Grid Corporation of India Limited [POWERGRID],"Multi-States (Bihar, Uttar Pradesh)",July 2026,2368.0,6.38,157.94,4.35,19.650000000000006,4,24.755485893416928,Medium,2368.0
617808,Inter-Regional Strengthening between SR Grid and WR Grid,Power Grid Corporation of India Limited [POWERGRID],"Multi-States (Karnataka, Maharashtra)",July 2026,1007.0,3.0,50.35,0.5,0.5,4,16.783333333333335,Medium,1007.0
617818,"City Gas Distribution [CGD] Project in Gajapati, Kandhamal, Boudh, & Sonepur GA",GAIL Gas,Odisha,July 2026,514.91,5.8,25.77,-0.10000000000000053,0.870000000000001,4,4.4431034482758625,Small,514.91
617819,"City Gas Distribution [CGD] Project in Kondagaon, Bastar, Sukma, Narayanpur, Bijapur & Dantewada GA",GAIL Gas,Chhattisgarh,July 2026,557.04,2.2,11.63,0.0,1.3000000000000007,4,5.286363636363636,Small,557.04
617822,ATF Pipeline from BPCLs Malkapur POL Installation to Hyderabad International airport,Bharat Petroleum Corporation Limited [BPCL],Telangana,July 2026,215.0,29.1,46.87,3.0,0.8799999999999955,4,1.6106529209621991,Small,215.0
617827,"Pipeline Rehabilitation Project, Phase-II",Oil India Limited,Assam,July 2026,680.0,29.0,13.53,0.0,0.879999999999999,4,0.466551724137931,Small,680.0
617828,Siliguri-Jhapa Pipeline Project,Indian Oil Corporation Limited [IOCL],West Bengal,July 2026,267.0,16.5,3.19,2.1999999999999993,0.7799999999999998,4,0.19333333333333333,Small,267.0
617829,LPG Bottling Plant at Mualkhang,Indian Oil Corporation Limited [IOCL],Mizoram,July 2026,225.71,34.0,32.45,1.0,1.610000000000003,4,0.9544117647058824,Small,225.71
617830,C2/C3 Vijaipur Pata Pipeline,Gas Authority of India Limited [GAIL],Madhya Pradesh,July 2026,1792.0,73.0,541.2,2.200000000000003,30.700000000000045,4,7.413698630136987,Medium,1792.0
617832,Koderma-Barkakana Arigada 133 Km,CAO/Con/South/MHX ECR mor,Jharkhand,July 2026,2887.11,0.0,0.85,0.0,0.75,4,0.0,Medium,2887.11
617836,Coke Drum Structure Package,Numaligarh Refinery Limited,Assam,July 2026,635.28,72.0,464.46,1.2000000000000028,-78.54000000000002,4,6.450833333333333,Small,635.28
617837,Siliguri Marketing Terminal [SMT] Capacity Augmentation Project,Numaligarh Refinery Limited,West Bengal,July 2026,484.0,89.0,319.32,0.7000000000000028,3.920000000000016,4,3.587865168539326,Small,484.0
617838,Augmentation of CCKPL and IDPL Pipelines capacity along with setting up of Palakkad TOP,Bharat Petroleum Corporation Limited [BPCL],Kerala,July 2026,1130.0,48.8,324.61,5.599999999999994,18.50999999999999,4,6.651844262295083,Medium,1130.0
617839,Capacity Augmentation of Kandla LPG Import Terminal [KLIT] from 0.6 MMTPA to 2.5 MMTPA,Indian Oil Corporation Limited [IOCL],Gujarat,July 2026,356.86,68.0,168.04,0.5,4.25,4,2.4711764705882353,Small,304.4
617877,Phase B Construction of Permanent Campus of IIT Bhilai,"Indian Institute of Technology, Bhilai",Chhattisgarh,July 2026,1188.97,0.0,1.92,0.0,1.92,4,0.0,Medium,1188.97
617878,Phase B of Construction of Permanent Campus of IIT Palakkad,INDIAN INSTITUTE OF TECHNOLOGY PALAKKAD,Kerala,July 2026,1527.0,0.0,9.8,0.0,0.0,4,0.0,Medium,1527.0
617880,Desalpar-Hajipir-Luna and Vayor-Lakhpat New Line,Western Railway [WR] - II,Gujarat,June 2026,2526.47,0.0,0.0,0.0,0.0,3,0.0,Medium,2526.47
617882,"Setting up IT Infrastructure including Network Security and Hosting at AIIMS, New Delhi",PMSSY AND Institute of NATIONAL Importance,Delhi,July 2026,358.19,40.0,53.73,5.0,0.0,4,1.3432499999999998,Small,358.19
617883,"Redevelopment of Residential colonies at Ayur Vigyan Nagar and West Ansari Nagar campuses of AIIMS, New Delhi",PMSSY AND Institute of NATIONAL Importance,Delhi,July 2026,4441.0,57.0,44.44,0.0,0.0,4,0.7796491228070175,Medium,4441.0
617885,Rehabilitation and Up-gradation of Nongstoin Wahkaji section of Project Road Km 0000 to Km 43060 to Intermediate Lane with earthern shoulder under SARDP-NE Phase-A in the State of Meghalaya on EPC mode. Job No- SARDP-NE ong-Don- Maw/MG/2020-21/294,MoRTH,Meghalaya,July 2026,302.88,99.62,187.77,0.5200000000000102,0.0,4,1.8848624774141738,Small,302.88
617886,Widening of existing Single lane / Intermediate lane road to 2 lane from Km 101 to Km 125 of NH 61,MoRTH,Nagaland,July 2026,252.2,44.46,0.0,0.0,0.0,5,0.0,Small,252.2
617887,Beawer Gomti 4LPS from km 58.245 to km 108.600 Pkg-I,MoRTH,Rajasthan,June 2026,379.23,100.0,206.48,1.0,27.369999999999976,3,2.0648,Small,379.23
617888,Landslide treatment work on NH 58 from Kodiyala Km. 266.130 to Devprayag Km. 296.925 10 location under EPC mode in the State of Uttarakhand on EPC Mode,MoRTH,Uttarakhand,July 2026,192.54,99.0,0.0,0.0,0.0,4,0.0,Small,192.54
617889,Treatment of landslide zone from location no. 01 to 28 km 62.860 to 152.750 on NH- 12509 in the State of Uttarakhand under EPC mode in NHO Annual Plan 2022-23,MoRTH,Uttarakhand,July 2026,192.22,98.5,0.0,0.0,0.0,4,0.0,Small,192.22
617890,Construction of Champawat Bypass with two lane with paved shoulder configuration starting from existing chainage 121.700 to existing chainage 129.450 Design Length 9.847 of NH-125 in District-Champawat in the state of Uttrakhand on EPC mode.,MoRTH,Uttarakhand,July 2026,220.89,8.5,0.0,0.5,0.0,4,0.0,Small,220.89
617891,"Construction of Two lane with Paved Shoulder for Fatehpur Bypass Design Km 0.000 to Km 7.400 , Mandawa Bypass Design Km 20.925 to Km 27.300 & Jhunjhunu Bypass Design Km 41.625 to Km 54.689 of NH-11 on EPC Mode in the state of Rajasthan .",MoRTH,Rajasthan,May 2026,186.29,100.0,66.7,0.0,0.0,2,0.667,Small,186.29
617892,Construction of 2-lane road of Potin to Pangin section of NH-13 from Km 163.59 to Km 206.66 Package-5 on EPC Mode in the State of Arunachal Pradesh under Arunachal Pradesh Package of Roads and Highways of SARDP-NE [Job No SARDP-NE/P- P/Pkg-A/NH-13/Ar.Pr./PWD/2018-19/116],MoRTH,Arunachal Pradesh,July 2026,450.65,96.61,345.01,0.0,0.0,4,3.5711624055480797,Small,450.65
617893,Construction of additional major Bridge with 4- lane configuration of length 1.48 km on NH-60 NH-14 over River Kangshabati from Km. 117.770 to Km 119.250 and additional major Bridge with 4- lane configuration of length 0.900 km on NH-60 NH- 14 over River Shilabati from Km. 173.220 to Km 174.120 in the district of Paschim Medinipur of West Bengal under Annual Plan for FY 2023-24 on EPC mode. Job No 014-W8-2023-24/527 .,MoRTH,West Bengal,July 2026,304.83,0.0,0.15,0.0,0.10999999999999999,4,0.0,Small,304.83
617894,"Construction or 4 lane Raniganj Bypass of length 5.261 km on NH-60 new NH-14 from km 273.00 of NH to km 478.18 of NH-2 New NH 16 in paschim Bardhaman, West Bengal in EPC Mode- reg. Job No. 014-WB-2022-23/514",MoRTH,West Bengal,July 2026,410.83,67.28,184.64,0.0,10.329999999999984,4,2.744351961950059,Small,410.83
617895,Construction of Mangaldoi Bypass NH-15 starting at Ch 26400 and terminating at Ch 41505 under Rangia NH Division L 15.105 Km in the State of Assam. Job No. 15/AS/2021-22/234,MoRTH,Assam,July 2026,535.03,76.32,209.27,0.5,0.0,4,2.7420073375262057,Small,535.03
617896,"Construction of 4 lane Gauripur Bypass Starting bfrom Km 852.56 of NH- 31Dumardoha Pt-II and Terminating at Km 862.17 Baladmara via. Khudimari Pt.- II, Fulkumari, Charaldanga, Sajuakuti,Geramari Pt.-III and finally meeting at km 862.17 of NH-17New/ NH-31Old in the State of Assam under EPC Mode Job no. 31/AS/ 2023- 24/265",MoRTH,Assam,July 2026,421.15,34.0,0.0,13.2,0.0,4,0.0,Small,421.15
617897,Construction of proposed 4Lane Revelgunj bypass NH-19 in the State of Bihar on EPC mode connecting NH 19 to 85 origin,MoRTH,Bihar,July 2026,295.24,88.65,44.18,2.6300000000000097,0.0,4,0.4983643542019176,Small,295.24
617898,New construction of Major Bridge with Approaches from Km 0.000 to 1.200 Madhopur -Badabanta section of NH-20 under NHO in Annual Plan 2022-23 in the State of Odisha,MoRTH,Odisha,July 2026,199.5,0.0,0.32,0.0,0.0,4,0.0,Small,199.5
617899,Widening and Strengthening to 4LPS/2LPS from km 0.000 to 35.800 Kuakhia - Mangalpur section of NH 20 in the state of Odisha on Annual Plan 2021-22,MoRTH,Odisha,July 2026,636.1,56.11,296.5,0.0,0.2799999999999727,4,5.284263054713954,Small,636.1
617900,Upgradation to Two Lane Paved Shoulder in km 33/0 to 126/520 of NH-23 Old NH- 11B Kothun-Lalsot-Karoli-Dholpur road in the state of Rajasthan under EPC mode Length-93.52 Km.,MoRTH,Rajasthan,May 2026,150.11,99.0,12.2,2.0,0.0,2,0.12323232323232322,Small,150.11
617901,Widening of Pachpadra-Bagundi Section to 4 Lane from Km 73/60 to 95/70 of NH-25 on EPC mode in the state of Rajasthan.,MoRTH,Rajasthan,July 2026,194.88,98.58,55.29,0.0,0.0,4,0.5608642726719416,Small,194.88
617902,construction or By-pass road on NH-26 for Nabrangpur Town,MoRTH,Odisha,July 2026,168.95,38.0,11.13,3.0,0.5100000000000016,4,0.29289473684210526,Small,168.95
617904,Construction of Bypass road to Balangir town from km 72/400 Desing km 0/0 to km 79/800 Design km 11/670 of NH-26 in the State of Odisha.,MoRTH,Odisha,July 2026,238.78,55.0,6.79,0.0,0.0,4,0.12345454545454546,Small,238.78
617905,Construction of 4 lane ROB with approaches in lieu of LC No. RV-172 at km 176.00 of NH-201 present NH-26 at Kesinga including land acquisition in the state of Odisha on EPC mode under Annual Plan 2021-22,MoRTH,Odisha,July 2026,324.09,78.0,88.48,7.909999999999997,0.0,4,1.1343589743589744,Small,324.09
617906,Up-gradation of Dhoraji-Jamkandorna-Kalavad Section of NH-927D from Design Chainage km 0/00 to km 58/115 to Two lane with PS configuration in the State of Gujarat on EPC,MoRTH,Gujarat,July 2026,246.6,35.0,0.0,0.0,0.0,4,0.0,Small,291.19
617907,Rehabilitation and Up-gradation from Km 170700 Bhadrachalam to Km 234567 Konta on NH-30 to Two lane with Paved Shoulder in the State of Andra Pradesh on EPC mode.,MoRTH,Andhra Pradesh,May 2026,436.09,100.0,221.22,0.0,0.0,2,2.2122,Small,436.09
617908,Bemetara Bypass NH 30,MoRTH,Chhattisgarh,July 2026,161.96,42.0,0.0,0.0,0.0,4,0.0,Small,161.96
617909,Construction of Rewa Bypass to 4-lane with paved shoulder along with service road from Ratahara Chowk to Chorhata Chowk Road section of NH-30 from km 00.000 to 19.200 in the State of Madhya Pradesh on Hybrid Annuity Mode HAM.,MoRTH,Madhya Pradesh,July 2026,648.05,50.0,0.0,0.0,0.0,4,0.0,Small,648.05
617911,Rehabilitation and upgradation Umaria to Shahdol section of NH-78 from Existing Km. 68/4 to Km. 142/2 to 2LPS including construction of Birshinghpur and Shahdol Bypass on EPC mode under NHDP-IVA,MoRTH,Madhya Pradesh,July 2026,511.83,94.5,0.0,0.0,0.0,4,0.0,Small,613.16
617912,Construction of 6 lane flyover from Khapari ROB to Mihan Interchange design chainage km 8760 to 11450 L- 2.69 km and upgradation of existing 4L PS road to 6LPS with service road by flexible pavement design chainage km 11450 to 14500 L- 3.05 [total project length 5.74 km] in section of Nagpur - Hyderabad NH-44 Old NH-7 in Nagpur district in the state of Maharashtra on HAM mode.,MoRTH,Maharashtra,July 2026,619.55,8.24,18.35,0.0,18.35,4,2.2269417475728157,Small,619.55
617913,6-laning of km 9.900 to km 19/948 Aramgarh to Shamshabad Section of Hyderabad- Bangalore section of NH-44 Under NHO EPC basis in the state of Telangana,MoRTH,Telangana,July 2026,283.15,92.62,480.41,0.0,0.0,4,5.186892679766789,Small,300.7
617914,Upgradation and reconstruction of Shahpura-Dindori Section of NH 45 from Km 103.700 Design to Km 164.580 Design including 3 bypasses Total length 60.88km to Two lane with paved shoulder configuration along with One time improvement in 03 nos of bypassed built-up areas in a total length of 12.341 km in the State of Madhya Pradesh on EPC mode,MoRTH,Madhya Pradesh,July 2026,241.23,41.25,50.78,8.729999999999997,50.78,4,1.2310303030303031,Small,250.09
617915,Upgradation of Dindori-Sagartola-kabichabutra MP-CG border section of NH -45 from km 000Design to km 77.00 Design to Two lane with paved shoulder configration along with one time improvement in 04 nos. of bypaased built-up areas in a total length of 9.1 km in the state of Madhya Pradesh on EPC mode.,MoRTH,Madhya Pradesh,June 2026,329.14,100.0,0.0,6.319999999999993,0.0,3,0.0,Small,319.09
617916,Work of 6 laning/Construction of elevated corridor from km 0/0 to 10/170 Narol Junction to Sarkhej junction including 4 lane Shastri Bridge on Sabarmati river on NH 47 in the State of Gujarat on HAM mode,MoRTH,Gujarat,July 2026,1295.39,35.0,0.0,5.0,0.0,4,0.0,Medium,1295.39
617917,"Construction of 4 Lane Flyover at Nagpur RTO Chowk To Nagpur University Campus from Ch 2/250 to 5/100 and 4 lane flyover at wadi/midc junction from km 8/360 to km, 10/300 on NH 53 in state of Maharashtra.",MoRTH,Maharashtra,May 2026,478.83,95.0,0.0,0.0,0.0,2,0.0,Small,490.52
617918,"Widening and Strengthening of existing S/L, I/L, & D/L to 2 Lane with PS from Km 256/455 to 256/503, 256/820 to 256/960, 265/760 to 266/010, 266/010 to 266/800, 270/975 to 271/055, 276/460 to 276/560, 276/560 to 276/700, 276/700 to 277/480, 285/780 to 288/290, 288/290 to 291/050 and construction of 3 Nos. of Bypass from Km 266/800 to 267/300, 270/025 to 270/975, & 284/700 to 285/780 on NH-53 under NHO in Annual Plan 2022-23 for the State of Odisha.",MoRTH,Odisha,July 2026,174.21,0.0,6.43,0.0,0.0,1,0.0,Small,174.21
617919,Construction of 4 Nos Grade separtor between km. 281.000 to km. 307.600 km. 286.400 kumhari km. 299.000 Transport Nagar km. 302.000 Power House km. 304.000 Chandra Moura Chowk to km. 305.000 supeia of NH-53 old NH-06 Raipur - Durg 4 Lane on EPC mode in the state of chhattisgarh job NO. NH-53old NH-06 CG- 2017-18-56,MoRTH,Chhattisgarh,July 2026,349.03,97.9,304.04,0.0,304.04,4,3.10561797752809,Small,349.03
617920,Widening and Strengthening to 2LPS including LA from km 318.970 to 353.450 Balikuda-Mulkani Section of NH-55 under NHO in Annual Plan 2022-23 in the State of Odisha. Job No. NH-55-OD-2022-23-656,MoRTH,Odisha,July 2026,511.54,3.0,7.64,0.0,7.64,4,2.5466666666666664,Small,511.54
617921,Widening and strengthening to 2LPS including LA of Kandarpur-Balikuda from km 277/500 to 318/970 of NH-55 in the State of Odisha under Annual Plan 2021-22.,MoRTH,Odisha,July 2026,499.79,66.0,131.36,5.350000000000001,0.0,4,1.9903030303030305,Small,499.79
617922,Construction of Jharsuguda Bypass including Land acqusition on NH-49 from km 258.636 to km 283.300 design chainage 258.636 to km 289.876 under NHO in Annual Plan 2022-23 for the state of Odisha Job No.NH-49-OD-2022-23-655,MoRTH,Odisha,July 2026,587.1,25.0,52.58,2.0,0.07000000000000028,4,2.1031999999999997,Small,587.1
617923,Construction of Daspalla Bypass from km 195.250 To 200.635 of NH-57 including land acquisition in the state of Odisha on EPC mode under Annual Plan 2022-23.,MoRTH,Odisha,July 2026,155.97,25.0,53.05,0.0,3.009999999999998,4,2.122,Small,155.97
617924,Construction of bypass to Nayagarh town from km 235.469 to 252.482 of NH-57 including land acquisition in the state of Odisha.,MoRTH,Odisha,May 2026,300.33,100.0,82.33,0.0,0.0,2,0.8233,Small,300.33
617925,Construction of Bypass to Khordha town from Km 294/000 to 300/300 on NH-57 including LA in the State of Odisha on EPC mode.,MoRTH,Odisha,July 2026,157.49,92.0,33.69,0.0,0.01999999999999602,4,0.36619565217391303,Small,157.49
617926,Construction of new 4 lane major bridge with approaches on Sabarmati River near Dharoi at Km. 82/00 to 86/00 Design length 3.300 km on NH-58 in the State of Gujarat on Hybrid Annuity Mode HAM,MoRTH,Gujarat,July 2026,398.4,53.0,0.0,9.0,0.0,4,0.0,Small,398.4
617927,Widening to 2LPS between Km 0/0 to 56/0 Khokhara Gujarat Border Vijayanagar Antrasuba Mathasur road of NH 58 in the State of Gujarat,MoRTH,Gujarat,July 2026,699.19,36.0,0.0,1.0,0.0,4,0.0,Small,699.19
617928,"Widening 2 lane to 4-lane from KM 92/320 to Km 115/320 Vav Chokdi-Satlasana to to Vrundavan Chokdi, Kheralu on NH-58 in the State of Gujarat.",MoRTH,Gujarat,July 2026,151.13,98.0,0.0,0.0,0.0,4,0.0,Small,171.27
617929,Construction of 2 lane with paved shoulder of Kund Bypass from Design Km 35.130 to Km 47.700 existing Km 33.130 to Km 41.260 of NH-109 in the State of Uttarakhand,MoRTH,Uttarakhand,July 2026,247.41,73.5,114.6,0.0,0.0,4,1.5591836734693876,Small,247.41
617930,Construction of Bypass on NH-59 from Km 336/350 to 349/910 13.56 km near Berhampur town including 4-lane RoB in the state of Odisha.,MoRTH,Odisha,July 2026,196.94,70.0,59.55,0.0,0.00999999999999801,4,0.8507142857142856,Small,196.94
617931,Construction of ROB and its approaches in lieu of LC No. 10/B/T at Km 307.050 of NH-60.,MoRTH,West Bengal,July 2026,155.87,17.08,20.6,0.23999999999999844,20.6,4,1.206088992974239,Small,138.57
617932,Construction of New Four Lane Bypass to Parbhani City Parwa to Asola Km 463/265 to Km 481/180 Design Ch. 19220 to Ch. 34434 Length-15.214 Km section of NH-61 on EPC mode in the State of Maharashtra.,MoRTH,Maharashtra,July 2026,496.64,70.14,210.17,0.0,210.17,4,2.9964357000285142,Small,496.64
617933,Up-gradation to four lane/ Two lane with paved shoulders configuration of Kalyan - Murbad - Malshej Ghat - Nirmal Road NH- 61 km 15/200 to Km 38/00 and from Km. 58/00 to Km 84/00 Design length 48.58 km of NH-61 on EPC Mode in Thane District in the state of Maharashtra,MoRTH,Maharashtra,May 2026,984.07,100.0,0.0,0.0,0.0,2,0.0,Small,984.07
617934,Nasratpur to Barasgaon section of NH-61 2L / 4L PS from Km.514/00 to 558/200,MoRTH,Maharashtra,July 2026,406.54,95.84,528.24,0.0,528.24,4,5.5116861435726205,Small,406.54
617935,"Construction of Elevated corridor from Km. 135.650 to 136.300 on 63, from Km. 249 to Km. 250.050 on old NH-4 and from Km. 192.910 to Km. 193.350 on NH-218 from decongestion of traffic in Ranichennamma circle in Hubli city in the state of Karnataka on EPC basis",MoRTH,Karnataka,July 2026,298.0,65.0,232.09,0.0,0.0,4,3.5706153846153845,Small,349.49
617936,Widening to two/four lane with paved shoulder from Km.180.600 to Km.223.000 of NH-63 on Nizamabad-Jagadalpur road on EPC mode under NHO in the state of Telangana.,MoRTH,Telangana,July 2026,253.99,100.0,0.0,0.0,0.0,4,0.0,Small,183.26
617937,Udgir Raavi Degloor Aadampur phata to Sagroli fata,MoRTH,Maharashtra,July 2026,809.77,12.0,0.93,0.0,0.93,4,0.0775,Small,809.77
617938,Rehabilitation And Upgradation to four lane with paved shoulder configuration from km 24350 to km 61875 Jawale - Borgaon Kale of NH-63 in the State of Maharashtra on EPC mode under Annual Plan 2024-25 Total length - 37.525 Km.,MoRTH,Maharashtra,July 2026,574.18,20.0,7.54,0.0,0.04999999999999982,4,0.377,Small,574.18
617939,6-Laning of Pune-Hyderabad Section of NH-65 from Km 493/0 to Km 524/0 from Sangareddy X Roads to Madinaguda in the State of Telangana,MoRTH,Telangana,July 2026,1297.75,45.85,0.0,1.1200000000000045,0.0,4,0.0,Medium,1297.75
617940,"Rehabilitation and Upgradation of LB-Nagar to Malkapur section to 6-Lane main carriageway with service roads, drains cum footpath, including VUPs and widening of Minor bridge & road safety provisions from Km. 15/00 to Km 40/00 of NH-65 Old NH-9 under NH O for the year 2020-21 in the state of Telangana on EPC Mode.",MoRTH,Telangana,July 2026,545.11,83.47,290.36,1.1899999999999977,0.0,4,3.478615071283096,Small,545.11
617941,4-Laning from End of Zuari approaches to Start of Margao Bypass section of NH-66 from Km 536.800 to Km 543.450,MoRTH,Goa,July 2026,398.25,1.0,0.28,0.5,0.28,4,0.28,Small,398.25
617942,Construction of Six lane Elevated Corridor from Km. 508.000 to Km. 513.150 including approaches on NH-66,MoRTH,Goa,July 2026,641.46,99.08,0.0,1.980000000000004,0.0,4,0.0,Small,641.46
617943,4-laning of Navelim to Cuncolim Section of NH-66 from Km 554.245 to Km 561.480 on HAM Mode,MoRTH,Goa,July 2026,746.75,0.0,0.0,0.0,0.0,3,0.0,Small,746.75
617944,Kashedi ghat tunnel NH-66 [Bhogaon Khurd - Kashedi section] 4 lanes under NHDP on EPC mode,MoRTH,Maharashtra,May 2026,680.43,98.37,0.0,0.0,0.0,2,0.0,Small,701.46
617945,Balance work of NH-66 from design Km 84/00 to Km 87/100 Indapur Bypass and Km 91/600 to Km 99/100 Mangaon Bypass to four lane with paved shoulder in State of Maharashtra under NHO on EPC Mode.,MoRTH,Maharashtra,July 2026,354.21,67.16,0.0,0.7199999999999989,0.0,4,0.0,Small,354.21
617946,Kashedi to Parshuram Ghat section of NH-66 from Km 161/600 - Km 205/400 - 4L PS,MoRTH,Maharashtra,July 2026,1142.62,97.5,427.48,0.0,427.48,4,4.3844102564102565,Medium,1142.62
617947,Arawali Kante section of NH-17New NH-66 4L PS from Km.241/300 to 281/300,MoRTH,Maharashtra,July 2026,1006.99,80.06,0.17,0.0,0.17,4,0.0021234074444166874,Medium,1443.09
617948,Kante - Wakad section of NH-66 4L PS from Km.281/300 to 332/200,MoRTH,Maharashtra,July 2026,1117.75,90.14,375.93,0.0,0.0,4,4.170512536055026,Medium,2020.56
617949,Tadipatri Bypass Km 0000 to Km 6285 of 4-Lane on NH-67 in Anantapuramu district of AP state under NHO on EPC Mode under Annual Plan 2022-23,MoRTH,Andhra Pradesh,June 2026,159.66,100.0,75.64,0.0,16.380000000000003,3,0.7564,Small,159.66
617950,Construction of Srinivasapura Bypass from existing Km 453.890 Design Ch. 0000 to existing Km 461.450 Design Ch 10080 on NH-69 in the State of Karnataka Under NH O in EPC mode under Annual Plan 2022-23 NH-69-KNT-2022-23-966 dated 22.11.2022,MoRTH,Karnataka,July 2026,204.42,22.0,9.76,2.0,9.76,4,0.4436363636363636,Small,204.42
617951,Construction of Chintamani Bypass from Design Ch.0000 Existing Ch.428880 to Design Ch.15400 Existing Ch.444010 on NH-69 in the State of Karnataka in EPC Mode under NHO Annual Plan 2022-23. NH-69-KNT-2022-23-989 dated 24.03.2023,MoRTH,Karnataka,July 2026,314.55,14.0,7.02,4.0,2.9899999999999993,4,0.5014285714285714,Small,314.55
617954,Balance work of Rehabilitation and upgrading to 2lane/2lane with paved shoulder configuration and strengthening from from Km 343.80 to 400.33 of Gowribidanur-Chik Ballapur section in the state of Karnataka Under Annual Plan 2021-22 under EPC Mode.-952,MoRTH,Karnataka,May 2026,398.48,93.25,211.59,0.0,0.0,2,2.2690616621983914,Small,398.48
617955,Widening to two lane with paved Shoulders from Km 40.00 to Km 75.00 Existing chainages of Mangalore - Tumkur section of NH-73 in the State of Karnataka on EPC Mode under Annual Plan 2021-22 Job No NH-73-KNT-2021-22-945,MoRTH,Karnataka,July 2026,718.52,85.0,312.83,1.0,3.839999999999975,4,3.6803529411764706,Small,718.52
617957,Construction of Jasra Bypass with four lane paved shoulder configurationfrom Km 379.670 on NH-76New NH-35 to Km 18.00 on NH-27New NH-30 on EPC in the State of Uttar Pradesh.,MoRTH,Uttar Pradesh,May 2026,274.06,91.85,0.0,0.0,0.0,2,0.0,Small,274.06
617958,Widening & Strenthening from km132.895 to km 190.15 NH-80,MoRTH,Bihar,July 2026,566.1,73.21,293.89,-21.89,1.5399999999999636,4,4.014342302964076,Small,566.1
617959,Rehabilitation & Widening work for 2 Lane with Paved Shoulder of Existing NH-80 from km 70.15 to Km 121.025 of Munger-Suttanganj -BhagatpurMirzachowki section on EPC Mode in the State of Bihar.,MoRTH,Bihar,May 2026,477.54,95.66,311.39,0.0,0.0,2,3.255174576625549,Small,477.54
617960,Construction of new road at the missing link portion of NH-81 along approved alignment between Harishchandrapur and Eastern approach of Kalindri Bridge from Km 46.550 to Km 59.697 in the district of Malda. Job No-081-WB-2015-16/400,MoRTH,West Bengal,July 2026,271.17,85.56,216.61,0.480000000000004,0.0,4,2.5316736792893875,Small,291.2
617961,Gaya-Hisua-Rajgir-Nalanda-Biharsharif section km0.00 to 92.935 NH-82,MoRTH,Bihar,July 2026,1408.85,97.0,0.0,0.0,0.0,4,0.0,Medium,2138.16
617962,"Construction of Bypass to Madurai Achambathu Viratipathu in between km 6/850 10/382 of NH 49 Extn New NH 85 including Land Acquisition on Engineering, Procurement & Construction EPC basis Contract under NH O Annual Plan 2021-22 in the state of Tamil Nadu job No.NH-49 Extn New NH 85 - TN-2021-22-997",MoRTH,Tamil Nadu,July 2026,238.97,94.0,126.56,0.0,0.12999999999999545,4,1.3463829787234043,Small,260.07
617963,Rehabilitation and upgradation to four lane road from km 70.500 to km 78.600 of NH- 92 under EPC mode in the State of Uttar Pradesh,MoRTH,Uttar Pradesh,July 2026,296.02,39.0,75.38,6.0,75.38,4,1.9328205128205127,Small,351.78
617964,"Widening to Four Lane rigid pavement configuration from Km 90.00 to Km 100.800 on NH-96 Km 42.0 to Km 53.300 as per new NH-330,design length of 11.300 km under EPC mode in the state of Uttar Pradesh.",MoRTH,Uttar Pradesh,July 2026,309.63,31.09,41.92,0.08999999999999986,3.8400000000000034,4,1.3483435188163397,Small,309.63
617965,Kopargaon to Savali Vihir section,MoRTH,Maharashtra,July 2026,195.38,93.45,105.76,2.950000000000003,105.76,4,1.1317281968967363,Small,195.38
617966,Rehabilitation and Upgrading to 2 lanes/2-lane with paved shoulders configuration and strengthening of of Birpur and Bihpur Section from km 0.0 to Km 106 of NH 106 under phase I of National Highways Interconnectivity Improvement Projects NHIIP ICB No. NHIIP-BR-106-7 [NHIIP-BR-106-7],MoRTH,Bihar,July 2026,780.77,99.74,0.04,0.0,0.0,4,0.00040104271104872673,Small,961.33
617967,Construction of Rudraprayag tunnel of length 900.30 MTR including approaches and one major bridge on river Alaknanda connecting NH-107/old-109 to NH-07old-58 on EPC mode in the state of Uttarakhand.,MoRTH,Uttarakhand,July 2026,251.88,99.0,108.94,0.0,108.94,4,1.1004040404040403,Small,251.88
617968,Construction & Widening Including Augustmuni Bypass Ch-16.545 to Ch - 19.890 to 2L/PS from Km 16.545-Km 33.130 & 45.980 -57.975 Augustmuni to Kund & Guptkashi to Sitapur on NH 109 in UK,MoRTH,Uttarakhand,July 2026,418.89,95.0,426.18,0.0,426.18,4,4.486105263157895,Small,418.89
617969,Construction of 4 Lane ROB and its approaches at the level crossing LC No 29 B of Km 29 Ekangarsarai at NH 110 New NH 33 & Railway Km 32.63 at Fatwa FUT Islampur IPR section in the state of Bihar on EPC mode.,MoRTH,Bihar,July 2026,201.08,62.0,0.01,0.0,0.0,4,0.00016129032258064516,Small,201.08
617970,Reconstruction of existing 2 L/IL to 2L with paved shoulder from existing km 52.200 to 92.880 of NH-,MoRTH,Uttarakhand,May 2026,282.08,100.0,166.13,0.0,0.0,2,1.6613,Small,282.08
617971,Up-gradation to Two/Four lane with paved shoulder Configuration of Kondagaon- Narayanpur from design ch. 0.00 - 48.693 Design Length 47.493 Km. 1.20 Km. retained on NH-130D under EPC mode in the State Chhattisgarh.,MoRTH,Chhattisgarh,July 2026,322.4,70.0,1.14,0.0,0.0,4,0.016285714285714285,Small,322.4
617972,Upgradation to Two lane with Paved Shoulder Configuration of Narayanpur Kasturmeta pkg-II from design ch. 48.693 to 70.453 design length21.760 Km. on NH-130D under EPC mode in the state of Chhattisgarh.,MoRTH,Chhattisgarh,July 2026,200.67,0.0,0.0,0.0,0.0,4,0.0,Small,200.67
617973,Strengthening and widening of existing 2 lane road to two lane paved shoulder from km 7.750 to 26.542 & km. 32.093 to 45.786 of NH-130 on EPC mode in the state of chhattisgarh.job No. 130-CG-2017-18-348,MoRTH,Chhattisgarh,May 2026,188.8,97.0,102.56,0.0,0.0,2,1.057319587628866,Small,188.8
617974,Rehabilitation and upgradation of 2 lane with paved shoulder from existing km. 195.175 to km. 220.000 Design Chainage km71.300 to Km. 95.947 Excluding existing chainage Km 200.300 to Km 202.400 Design chainage Km 76.400 to Km 78.400 on Dharasu to Yamunotri Road of NH- 134 Old NH-94,MoRTH,Uttarakhand,July 2026,344.73,53.74,0.0,0.0,0.0,4,0.0,Small,344.73
617975,Rehabilitation and upgradation to 2 lane with paved shoulder configuration from km 122.00 Dharasu Bend to km 147.230 Silkyara Bend of NH-94 in the state of Uttarakhand,MoRTH,Uttarakhand,May 2026,237.79,100.0,79.56,0.0,0.0,2,0.7956,Small,237.79
617976,Work of development and construction of elevated corridorfrom km 38/660 to km 42/690 Iscon junction to start point of approach of sanand flyover of NH-147 in the sate of Gujarat,MoRTH,Gujarat,July 2026,530.2,90.0,58.29,0.0,0.0,4,0.6476666666666666,Small,530.2
617977,Development of Chiloda - Gandhinagar- Sarkhej ofNH-147 Package -II,MoRTH,Gujarat,May 2026,211.28,99.55,0.0,0.0,0.0,2,0.0,Small,234.44
617978,"Rehabilitation, upgradation & widening of existing highway to 2L/4LPS Rigid Pavement of NH 160 section- Phaltan to Mhaishal near Karnataka Border including Tasgaon Bypass, from existing chainage Km 301/430 to Km 458/415 in the State of Maharashtra- Package-II & Package III combined- starting from existing chainage Km 341/300 to Km 394/130 and design chainage Km 340/250 at Dahiwadi Village to Km 392/950 ending at Vita Village in the State of Maharashtra on EPC Mode.",MoRTH,Maharashtra,July 2026,631.76,85.0,213.18,0.0,25.590000000000003,4,2.508,Small,631.76
617979,"Rehabilitation, upgradation & widening of existing highway to 2L/4LPS Rigid Pavement of NH 160 section- Phaltan to Mhaisal near Karnataka Border including Tasgaon Bypass, from existing chainage Km 301/430 to Km 458/415 in the State of Maharashtra. Package-I starting from existing chainage Km 301/430 at Phaltan Village Junction of Phaltan Baramati Road Design Chainage -301/430km & ending at existing chainage Km 341/300 Dahiwadi Village Bus Stop Design chainage Km 340466km in the S",MoRTH,Maharashtra,July 2026,533.76,74.29,0.0,2.240000000000009,0.0,4,0.0,Small,533.76
617980,Construction of six lane elevated corridor from km 7.950 Uppal to km 14.200 of NH- 163 to De-Congest the urban limits of Hyderabad-Bhoopalapatnam section on EPC mode in the state of Telangana,MoRTH,Telangana,July 2026,626.76,54.26,24.4,1.25,5.099999999999998,4,0.44968669369701436,Small,626.76
617981,Widening to Two with Paved shoulders from Km 59.500 to Km 132.033 of Manneguda- Ravunapally section of NH-163 Erstwhile SH-4 in the State of Telangana on EPC mode under NH O Annual Plan 2016-17,MoRTH,Telangana,May 2026,359.0,99.92,0.0,0.0,0.0,2,0.0,Small,359.0
617982,Widening and strengthening of existing 2-lane to 2- lane with paved shoulders from km 159/0 to 165/4 and 186/0 to 215/0 of NH-163 on EPC mode int the state of Telangana,MoRTH,Telangana,May 2026,230.03,0.0,0.0,0.0,0.0,2,0.0,Small,230.03
617983,Widening & Strengthening of Existing 2LPS to 4 lane PS from Km 150000 to Km 159000 and Km 165400 to Km 186000 of NH-163 old NH-202 under NH O for the year 2020-21 on EPC Mode in the state of Telangana.,MoRTH,Telangana,July 2026,317.19,91.0,190.86,1.0,0.10000000000002274,4,2.0973626373626377,Small,300.56
617984,"Gudivada Town 2 RoB, and Road improvement NH-165",MoRTH,Andhra Pradesh,July 2026,317.22,75.2,158.64,0.0,158.64,4,2.109574468085106,Small,317.22
617985,Widening to two lane with paved shoulders from Km 0/0 to 64/020 Pamarru to Akiveedu,MoRTH,Andhra Pradesh,July 2026,529.54,74.41,248.31,0.0,248.31,4,3.3370514715764013,Small,588.65
617986,Kurnool/Kadapa Border-Jammalamadugu section of NH-167K i.e. Design Ch. Km 248010 to km 269900 to 2,MoRTH,Andhra Pradesh,July 2026,292.63,95.77,0.0,0.0,0.0,4,0.0,Small,292.63
617987,Nandyala-Kurnool/Kadapa Border section of NH-167K i.e. Km 186/000 to Km 250/000Design Ch.186000 to 248010 to 2LPS,MoRTH,Andhra Pradesh,July 2026,691.81,49.71,0.0,3.259999999999998,0.0,4,0.0,Small,691.81
617988,Sangameswaram - Atmakuru section from Km 96 to Km 124 & Velegodu- Nandyal section including Nandyal Bypass from Km 143/6 to 185/9 NH-167K,MoRTH,Andhra Pradesh,July 2026,776.17,41.98,0.0,6.3799999999999955,0.0,4,0.0,Small,644.14
617989,Construction of Major Bridge at Km.180.865 across river Krishna on NH 167 Hagari Jadcherla section,MoRTH,Karnataka,July 2026,157.32,69.0,103.33,0.0,0.0,4,1.497536231884058,Small,187.61
617990,Construction of bypass road to Adoni town connecting NH-167 Hagari - Jadcharla road from km.62/700 to 71/400 in Kurnool District in the State of Andhra Pradesh.,MoRTH,Andhra Pradesh,May 2026,242.0,95.94,78.49,0.0,0.0,2,0.8181154888471961,Small,242.0
617991,"Rehabilitation and up-gradation of NH-167 from Km 14/900 to Km70/000 Design Ch. 14/900 to 69/700 Chintakunta to Adoni section to two lane with paved shoulders in the State of Andhra Pradesh under Corridor Approach through Engineering, Procurement",MoRTH,Andhra Pradesh,July 2026,290.15,91.9,141.83,0.0,0.0,4,1.5433079434167574,Small,290.15
617992,Rehabilitation & upgradation of NH - 167 from design km 187.723 to 234.434 Miryalaguda to Kodad section to two lane with paved shoulder on EPC mode in the state of Telangana,MoRTH,Telangana,May 2026,322.81,98.14,148.48,0.0,0.0,2,1.5129406969635213,Small,322.81
617993,Rehabilitation and upgradation of NH-167 from design km 157.707 to 187.723 design length 30.016 km to two lane with paved shoulders of Alinagar-Miryalaguda Sec on EPC mode in the state of Telangana,MoRTH,Telangana,May 2026,220.28,97.74,0.0,0.0,0.0,2,0.0,Small,220.28
617994,Rehabilitation and upgradation of NH-167 from design km 113.900 to 154.479 Mallepally Haliya section to two lane with paved shoulders on EPC mode in the stte of Telangana,MoRTH,Telangana,July 2026,294.13,88.22,249.23,0.0,5.069999999999993,4,2.8250963500340056,Small,257.61
617995,Widening to Two Lane with Paved Shoulders from Km 67.000 to Km 114.425 of Kalwakurthy- Mallapally Section of NH 167 Erstwhile section of SH 18 in the State of Telangana on EPC mode under NH O Annual Plan 2016-17,MoRTH,Telangana,July 2026,300.0,99.2,175.12,0.0,0.0,4,1.7653225806451613,Small,300.0
617996,Widening to 2/4 Lane with paved shoulders from Km 182.120 to Km 227.600 of NH 167 on Haggari-Jadcherla Road on EPC mode under NHO in the state of Telangana,MoRTH,Telangana,May 2026,298.0,95.6,234.7,0.0,0.0,2,2.455020920502092,Small,298.0
617997,Widening of existing 2 lane to 4 lane with paved shoulder from Designed km 25.15 to km 56.70 Except Km 52.70 to 53.50 of NH-169 Nellisara Camp to Thirthahalli of NH- 169 on Shimoga-Mangalore section in the state of Karnataka on EPC mode under Annual plan 2022-23 NH-169-KNT-2022-23-978 dated 08.03.2023,MoRTH,Karnataka,July 2026,538.71,6.0,20.63,0.0,5.999999999999998,3,3.438333333333333,Small,538.71
617998,Widening to existing 2 lane with paved Shoulder to 4 Lane with paved shoulder from design Km 153.00 to 168.27 Mala Gate to Karkala of NH -169 on Shimoga - Mangalore section in the state of Karnataka on EPC mode under Annula Plan 2021-22 Job No. NH-169-KNT-2021-22-949,MoRTH,Karnataka,July 2026,177.94,83.0,115.6,0.0,0.0,4,1.3927710843373493,Small,177.94
617999,Widening to 2LPS from Km 67 to Km 115 on Kadur-Hosadurga section NH 173 in the state of Karnataka NH-173-KNT-2022-23-980 dated 13.03.2023,MoRTH,Karnataka,July 2026,471.62,69.54,91.74,0.0,0.0,4,1.3192407247627262,Small,471.62
618000,Widening to 2-Lane with Paved Shoulders from Km 116.800 to 149.070Design Changes on Hosadurga - Holalkere Section of NH-173 in the State of Karnataka on EPC mode under Annual Plan 2021-22 Job no. NH-173-KNT-2021-22-946,MoRTH,Karnataka,July 2026,170.34,100.0,111.33,0.0,4.3700000000000045,4,1.1133,Small,147.39
618001,"Construction of 4-lane flyover at Amberpet-X road, Hyderabad on NH-202 in the State of Telangana",MoRTH,Telangana,July 2026,216.53,92.1,172.17,0.0,0.14999999999997726,4,1.8693811074918567,Small,265.88
618002,Widening of existing single lane to intermediate lane road from Mokokchung to Chare via Dikhu in the state of Nagaland on EPC mode,MoRTH,Nagaland,May 2026,192.93,0.0,99.65,0.0,0.0,2,0.0,Small,192.93
618003,Construction of four lane ROB and its approaches in lieu of existing Level Crossing No. RV-71 at km 435 on NH-217 New NH-353 at Khariar including land acquisition under NHO in Annual Plan 2021-22 for the state of Odisha for F.Y. 2021-22 to F.Y 2033-34,MoRTH,Odisha,July 2026,154.49,90.0,25.17,0.0,0.0,4,0.2796666666666667,Small,154.49
618004,Construction of Bhabhua Bypass from Ch. 10800Design Ch. 10800 to Ch. 19860 Design Ch. 18150 and Chand Bypass from Ch. 38060 Design Ch. 36250 to Ch. 40460 Design Ch. 38650 and widening of existing road to 2 - lane with Paved shoulder from Ch. 40460 Design Ch. 38650 to Ch. 46860 Design Ch. 45050 of NH-219 Total length- 16.150 Kmunder EPC mode in the state of Bihar,MoRTH,Bihar,July 2026,179.86,2.0,2.37,0.0,0.0,4,1.185,Small,179.86
618005,Sheohar-Sitamarhi Section km 40.000 to 79.400 km Lot-I,MoRTH,Bihar,June 2026,178.85,98.65,0.0,0.0,0.0,3,0.0,Small,278.53
618006,Sitamarhi-Jaynagar Section km 79.400 to km 156.500 Lot-II,MoRTH,Bihar,May 2026,369.77,98.78,0.0,0.0,0.0,2,0.0,Small,503.28
618007,Jaynagar-Narahia Section km 156.500 to km 219.945 Lot-III,MoRTH,Bihar,May 2026,553.3,99.0,0.0,0.0,0.0,2,0.0,Small,706.39
618008,"Construction of four-lane elevated viaduct from km.4634 to km.6345 on NH-24A including Retaining wall, service lane, at grade road and improvement of junctions, on EPC mode",MoRTH,Uttar Pradesh,May 2026,185.09,100.0,175.09,0.0,0.0,2,1.7509000000000001,Small,269.81
618009,Balance work of Construction of Ring Road for Raebareli City on eastern side of NH- 24B Phase-1 on EPC mode.,MoRTH,Uttar Pradesh,July 2026,319.96,95.0,0.0,0.0,0.0,4,0.0,Small,347.8
618010,Development to 4-lane with paved shoulder for the road section Talwandi Sabo- Raman road to refinery Road junction with Bathinda Dabwali Road of NH-254 from existing Km 131.600 to Km 155.650 Design Km 131600 to km 155600 in the State of Punjab. Job No NH-254-PB-2022-23-565,MoRTH,Punjab,July 2026,546.67,45.0,0.0,0.0,0.0,4,0.0,Small,546.67
618011,Construction of 2 lane with paved shoulder for the work of Development of remaining sections of NH-325 Balotra to sanderao via Jalore to 2 lane with paved shoulder configuration by Construction of Byasses for town portions1 Asotra- Brahmdham bypass 2Siwana Bypass 3 Mokalsar Bypass 4 Major realignment at Kathadi 5 Major realignment at Bishangarh 6 Jalore Bypass 7 Ahore Town portion 8 Dujana Bypass in the state of Rajasthan on EPC Mode,MoRTH,Rajasthan,July 2026,411.44,92.77,85.69,1.4099999999999966,0.0,4,0.9236822248571737,Small,411.44
618012,"Widening & strengthenlng to 2LPS from km 0,000 to 40.000 Dhaugaon- Podamari section of NH 326 in the State of Odisha under Annual Plan 2021.22.",MoRTH,Odisha,July 2026,186.52,60.0,46.39,0.0,0.0,4,0.7731666666666667,Small,186.52
618013,4-laning of Puttaparthi-Koduru Section of NH-342,MoRTH,Andhra Pradesh,July 2026,1318.59,90.19,464.06,0.0,0.0,4,5.145359795986251,Medium,909.19
618014,"Upgradation of Ambikapur-Ramanujganj-Garwa road of NH-343, Package-III, Badki mahri village to Ramanujganj section from existing km 80.600 to km 110.330 Design Ch. 85.370 to Ch. 114.800 of total length 29.430 km to two lane with paved shoulders udner corridor scheme under EPC Mode in the of Chhattisgarh",MoRTH,Chhattisgarh,July 2026,199.05,38.56,53.0,4.980000000000004,0.03999999999999915,4,1.3744813278008299,Small,199.05
618015,"Upgradation of Keonchi - Ratanpur Road of NH 45 Package-I, from design chainage km 237.860 to km 273.200 of length 35.340 km to two lane with paved shoulders under Corridor scheme on EPC mode in the state of Chhattisgarh.",MoRTH,Chhattisgarh,July 2026,225.41,60.0,83.75,0.0,6.290000000000006,4,1.3958333333333333,Small,228.93
618016,"Upgradation of Ambikapur Ramanujganj - Garhwa Road NH 343 of Package-I, Rajpuri Khurd Village to Padih Village section from existing km 7.830 to km 57.650 Design Ch. 13.700 to Ch. 62.700 of total length 49.00 km to two lane with paved shoulders under EPC mode in the state of Chhattisgarh",MoRTH,Chhattisgarh,July 2026,397.44,28.07,76.67,1.8099999999999987,19.72,4,2.7313858211613824,Small,397.44
618017,"Upgradation of Keonchi - Ratanpur Road of NH 45 Package-II, from design chainage km 278.75 to km 321.348 of length 42.598 km to two lane with paved shoulders under Corridor scheme on EPC mode in the state of Chhattisgarh.",MoRTH,Chhattisgarh,July 2026,286.0,60.0,92.75,0.0,5.209999999999994,4,1.5458333333333334,Small,286.0
618018,Upgradation of Bilaspur-Takhatpur-Mungeli-Pandariya-Pondi Road on N.H.-130A Package IIIA Takhatpur By-pass from existing Ch. 26.542 to 32.093 [Design Ch. 18.700 to 25.900] & Mungeli By-pass from existing Ch. 45.786 to 56.275 [Design Ch. 29.600 to 51.600] and Package IIIB Pandariya By-Pass from existing Ch. 82.582 to 87.133 [Design Ch. 77.900 to 81.1000 & Pondi By-pass from existing Ch. 103.166 to 104.756 [Design Ch. 97.000 to 103.395] to two lane with paved shoulder configuration in the,MoRTH,Chhattisgarh,July 2026,351.19,11.0,11.63,0.0,0.0,4,1.0572727272727274,Small,351.19
618019,Upgradation & widening of Jharkheda- Berasia - Dholkhedi from design km 0000 to km 87900 Design length 87.90km of NH-346 including 3 nos. bypasses of 13.10 Km in the State of Madhya Pradesh under EPC mode.,MoRTH,Madhya Pradesh,July 2026,365.21,91.0,200.67,2.0,200.67,4,2.205164835164835,Small,365.21
618020,"Rehabilitation & Upgradation of KurwaiMungaoliChanderi Road section of NH-346, from Design Chainge 0.000 to 81.300 Km Total length 83.1 km to Two lane with paved shoulder configuration along with One time improvement in 07 nos of bypassed built- up areas in a total length of 22.615 km in the state of Madhya Pradesh on EPC mode.",MoRTH,Madhya Pradesh,July 2026,386.49,67.57,164.84,0.0,0.4300000000000068,4,2.4395441764096497,Small,386.49
618021,Up-gradation of Pichhore- Dinara section of NH-346 from Km 292.750 to 334.550 to two lane with paved shoulders in the state of Madhya Pradesh on EPC mode,MoRTH,Madhya Pradesh,July 2026,425.97,36.85,0.0,5.560000000000002,0.0,4,0.0,Small,425.97
618022,Upgradation to two lane with paved Shoulder Configuaration from Km. 0/00 to 47/000 of NH 351 Mahuva to Badhada section in the State of Gujarat,MoRTH,Gujarat,July 2026,173.06,77.0,22.63,3.0,0.0,4,0.2938961038961039,Small,219.08
618023,Work of Widening/upgradation of 2-Lane with paved shoulder of Sri Muktsar Sahib to Malout road from Km 279.400 to Km 307.060 section of NH-354 in the State of Punjab on EPC mode. Job No. NH-354-PB-2021-22-555,MoRTH,Punjab,June 2026,152.58,100.0,0.0,0.0,0.0,3,0.0,Small,152.58
618024,Up-gradation to two lane with paved shoulder configuration of NH-354 Section Arifkes- Ferozepur-Muktsar-Malaut from Km 201.500 to Km 212.500 & Km 229.690 to Km 269.960 and strengthening of existing pavement from Km 212.500 to Km 229.690 excluding Km 218.500 to 223.690 of NH-354 on EPC Mode in the State of Punjab. Job No. NH-354-PB-2020-21-532,MoRTH,Punjab,July 2026,263.19,83.0,0.0,0.0,0.0,4,0.0,Small,263.19
618025,Rehabiitation and upgradation from km 121/000 to 154/000 Nakrekal to Mallampally section of NH-365 to 2 lane with paved shoulders in the state of Telangana in the EPC mode,MoRTH,Telangana,July 2026,192.67,96.0,141.82,0.0,0.0,4,1.4772916666666667,Small,192.67
618026,Rehabilitation and upgradation to two lane with paved shoulders from Km 0/000 to 72/6 of NH-365 Nakrekal to Tanamcherla section under NHDP IV in the state of Telangana under EPC mode,MoRTH,Telangana,May 2026,605.08,99.9,585.2,0.0,0.0,2,5.857857857857858,Small,605.08
618027,Widening to 2LPS from Km 71.00 to 104.00 Existing chainages Sarjapur to Pattadkallu on Bhanapur to Gaddanakeri section NH-367 in the State of Karnataka under NHO on EPC mode under Annual Plan 2022-23 NH-367-KNT-2022-23-972 dated 08.02.2023,MoRTH,Karnataka,July 2026,445.62,90.0,198.15,0.0,198.15,4,2.2016666666666667,Small,445.62
618028,"Construction of Bypass at Kuknoor, Yelburga, Gajendragada of Bhanapur Gaddanakeri section of NH-367 in the State of Karnataka under NHO on EPC mode under Annual Plan 2022-23. NH-367-KNT-2022-23-973 dated 08.02.2023",MoRTH,Karnataka,July 2026,333.96,36.0,63.62,0.0,0.04999999999999716,4,1.7672222222222222,Small,333.96
618029,Widening to 4 lane from Km. 133.00 to 158.04 design Chainage Km. 130.88 to 155.145 Shirur Cross to Gaddankeri of NH-367 in the State of Karnataka on EPC mode. Job No. NH-367-KNT-2021-22-930,MoRTH,Karnataka,July 2026,350.69,83.33,203.12,1.7099999999999937,4.030000000000001,4,2.43753750150006,Small,312.06
618030,Widening to 2 lane with paved shoulder from Km. 103.225 Pattadakal to Km. 133.00 Shirur cross of NH-367 in the state of Karnataka on EPC Mode.Job No. NH-367-KNT- 2021-22-934,MoRTH,Karnataka,June 2026,264.14,0.0,3.78,0.0,0.19999999999999973,3,0.0,Small,264.14
618031,Balance work of Construction of Two/Four lane with paved shoulder from Km 422.000 to 523.600 Chitradurga to Shivamogga of NH-13 in the state of Kanataka on EPC mode.,MoRTH,Karnataka,July 2026,516.96,98.0,121.75,0.0,0.0,4,1.2423469387755102,Small,516.96
618033,4-Laning of Itanagar to Bandardewa section of NH-415from km 40430 to km 51735 Package-Bon EPC Mode in the state of Arunachal Pradesh Job NO. 415/Ar. P/2020- 21/031,MoRTH,Arunachal Pradesh,June 2026,496.47,51.37,171.91,0.0,6.47999999999999,3,3.346505742651353,Small,496.47
618034,Construction of 2 lane Barpeta Bypass from Km 77900Baradi to Km 86150 Deurikuchi Length8.25Km on NH-427 in the state of Assam under EPC ModeJob No.427/AS/2022-23/245,MoRTH,Assam,July 2026,173.65,20.0,11.38,0.0,0.0,4,0.5690000000000001,Small,173.65
618035,Rehabilitation & Upgradation of existing intermediate lane to two Lane with paved shoulder from km. 0.600 Gulganj bypass on NH-34 to km. 43.00 Barna River length 42.400 km. on Gulganj-Amanganj-Pawai-Katni NH43 Extn. in the state of Madhya Pradesh on EPCmode.,MoRTH,Madhya Pradesh,July 2026,275.4,60.14,0.0,5.890000000000001,0.0,4,0.0,Small,275.4
618036,Upgradation and reconstruction of existing intermediate lane to two Lane with paved shoulder configuration from km. 43.00 Barna River to km. 77.00 ken river length 34.00 km. on Gulganj-Amanganj-Pawai-Katni NH43 Extn. along with One time improvement in 01 no. of bypassed built-up area in a total length of 1.585 km in the state of Madhya Pradesh on EPCmode.,MoRTH,Madhya Pradesh,July 2026,315.55,43.0,0.0,2.979999999999997,0.0,4,0.0,Small,315.55
618037,Rehabilitation and Up-gradation of existin of road from 2-lane to 2-lane with paved shoulders from km. 0.00 to km 53.590 total length-53.590 km of Raychoti to Vempalli section of NH-440 in the State of Andhra Pradesh on EPC mode.,MoRTH,Andhra Pradesh,July 2026,439.82,90.2,213.12,3.6599999999999966,0.0800000000000125,4,2.362749445676275,Small,359.52
618038,Construction of Shopian Bypass on NH-444 taking off from existing chainage Km 36500 and re-joining at km 47588 of existing Chainage New Design Ch. From km 28000 to km 36925 as 2- lane with paved shoulder in the UT of Jammu & Kashmir on EPC mode.,MoRTH,Jammu and Kashmir,July 2026,224.44,3.0,0.0,0.0,0.0,4,0.0,Small,224.44
618039,Widening to 2 Lane from Existing Chainage Km 74.700 Km 100.660 Design Chainage Km 53.365 to Km 78.785 on NH- 507 in the State of Uttarakhand.,MoRTH,Uttarakhand,July 2026,346.82,31.75,0.0,0.0,0.0,4,0.0,Small,346.82
618040,Rehabilitation and Upgradation to Two lanes with Paved Shoulders configuration and Strengthening from Km 175.00 to Km 196.00 Gumkhal to Satpuli of NH-119 New NH- 534 in the State of Uttarakhand under NHO Annual Plan 2021-22 under EPC mode,MoRTH,Uttarakhand,July 2026,452.81,42.0,0.0,0.0,0.0,4,0.0,Small,452.81
618041,Rehabilitation and upgrading to two lanes with paved shoulders and Strengthening of Kotdwar-Pauri-Srinagar road section from Km 232.00 to 274.470 on NH-119 New 534 Paidul to Srinagar in the State of Uttarakhand on EPC Mode under NHO Annual Plan 2021-22.,MoRTH,Uttarakhand,July 2026,299.31,2.0,0.0,0.0,0.0,4,0.0,Small,299.31
618042,"Rehabilitation/ Upgradation of existing Highway to four lane standards in Kurkheda town from km.413257 to km 410775, Two lane in Shankarpur Gurnuli km 42400 to km 43100 section and Reconstruction of Major Bridge at Ch. 448558 Bhuti Nallah and Ch. 411695 Sati River bridge, Minor Bridge at Ch. 411477 and Ch. 405800 Lendhari Bridge of NH 543 Bhamhapuri-wadsa-kurkheda-korchi-Deori-Amgaon road on EPC mode in the State of Maharashtra",MoRTH,Maharashtra,July 2026,163.86,50.25,49.03,7.469999999999999,49.03,4,0.9757213930348259,Small,163.86
618043,Upgradation and reconstruction of Dindori - Mandla Section of NH 543 from Km 77100 Design to Km 170580 Design Total length 93.48km to Two lane with paved shoulder configuration along with One time improvement in 04 nos of bypassed built-up areas in a total length of 7.23 km in the state of Madhya Pradesh on EPC mode,MoRTH,Madhya Pradesh,July 2026,492.12,88.0,0.0,0.0,0.0,4,0.0,Small,523.71
618044,Upgradation of Shahdol- Sagartola Section of NH 543 from km 0000 to km 69400 to 2 lane with paved shoulders under Hybrid Annuity Mode HAM in the State of Madhya Pradesh,MoRTH,Madhya Pradesh,July 2026,851.4,0.0,0.0,0.0,0.0,4,0.0,Small,851.4
618045,"Construction of Mihona bypass, Lahar bypass, Daboh bypass & Bhander Bypass total length 20.60 km to 2-lane with paved shoulder from on Mihona-Bhander-MP/UP border section of NH 552E in the State of Madhya Pradesh on EPC mode",MoRTH,Madhya Pradesh,May 2026,179.18,67.0,71.77,0.0,0.0,2,1.0711940298507463,Small,179.18
618046,Rehabilitation & Up-gradation of Sabalkhed to Ashti Section from Km 37900 to Km 55100 & Chinchpur to Jamkhed Section from km 70000 to km 72922 of NH-561 to Two lane with Paved shoulder/ Four lane configuration in the State of Maharashtra on EPC Mode Length20.122km.,MoRTH,Maharashtra,May 2026,213.33,95.88,0.0,0.0,0.0,2,0.0,Small,213.33
618047,"Widening, Reconstruction & Up-gradation to 2 lane with Paved Shoulder/Four Lane configuration for the work of Ahmednagar to Sabalkhed & Ashti to Chinchpur Section of NH-561 from Design km 2915 to km 37728 & Design km 55100 to km 70000 in the State of Maharashtra on EPC mode. Length 49.713 km",MoRTH,Maharashtra,July 2026,657.16,88.56,0.0,5.1000000000000085,0.0,4,0.0,Small,657.16
618049,Up-gradation to 2/4 lane with paved shoulder configuration of NH-652 from Tuljapur Naldurg-Akkalkot road Chainage from Km. 00.000 to km 30.982 in the State of Maharashtra on EPC mode.,MoRTH,Maharashtra,July 2026,183.41,98.0,64.95,0.0,0.0799999999999983,4,0.6627551020408163,Small,183.41
618050,Rehabilitation and Upgradation to 2-lane/Intermediate lane configuration of Ashyari- Shri Kyari Section km 50.000 to km 75.000 of NH-707 in the state of Himachal Pradesh under Green National Highways Corridor Project GNHCP with the loan assistance of World Bank on EPC mode.,MoRTH,Himachal Pradesh,May 2026,345.89,98.16,146.64,0.0,0.0,2,1.4938875305623471,Small,359.56
618051,Rehabilitation and Upgrading of NH-707 OLD 72-B Package - 2 Hewna to Ashyari,MoRTH,Himachal Pradesh,June 2026,242.8,98.38,145.49,0.0,0.0,1,1.4788574913600327,Small,220.95
618052,Gorantla - Hindupur section from Km 120/300 to 165/000 of NH716G in the State of Andhra Pradesh,MoRTH,Andhra Pradesh,July 2026,808.7,37.7,0.0,8.920000000000002,0.0,4,0.0,Small,808.7
618053,Muddanur to B. Kothapalli section of NH-716G from Km. 0/000 to Km. 56/500 56.500 Km in the State of Andhra Pradesh on EPC mode Job no. 741,MoRTH,Andhra Pradesh,July 2026,1019.97,33.55,0.0,2.9999999999999964,0.0,4,0.0,Medium,1019.97
618054,Construction of Balrampur bypass with 2L flexible pavement configuration from km.223.000 of NH-330 to km.328.300 of NH-730 under EPC mode,MoRTH,Uttar Pradesh,July 2026,515.69,56.0,128.55,2.0,9.830000000000013,4,2.2955357142857147,Small,515.69
618055,Construction of Pratapgarh Bypass Extension connecting NH-31 to NH-330 on EPC mode in the State of Uttar Pradesh.,MoRTH,Uttar Pradesh,July 2026,225.17,78.0,66.96,3.0,66.96,4,0.8584615384615384,Small,225.17
618056,Improvement and Up-gradation to two Lane with Paved Shoulder Configuration from existing km. 420.00 Shohrathgarh to km. 454.00 Uska Bazar of NH-730 in the state of Uttar Pradesh EPC basis,MoRTH,Uttar Pradesh,July 2026,509.65,62.0,120.57,2.0,5.36999999999999,4,1.9446774193548386,Small,484.42
618057,Construction of Shohratgarh Bypass on NH-730 under EPC mode in the State of Uttar Pradesh,MoRTH,Uttar Pradesh,July 2026,189.31,54.0,31.42,2.0,31.42,4,0.5818518518518518,Small,189.31
618059,Construction of four-lane Concrete Road from Police Headquarter Gondia City to Rawanwadi Village Birsi Airport Junction from design km 0.000 to km 15.781 existing km 39/720 of NH-753 to existing Km 8/400 of NH 543 on sections from Kohmara- Goregaon- Police HeadquarterKaranja - Collector Office Square - Balaghat T Point- Rawanwadi- Rajegaon of NH-753 and NH-543 in Gondia District in the state of Maharashtra. Total Length of the project 15.781 Km.,MoRTH,Maharashtra,July 2026,328.11,34.15,111.48,0.0,111.48,4,3.2644216691068815,Small,328.11
618060,Widening and Strengthening of existing paveemnt to two lane with paved shoulders from km 116.00 to km 176.355 of NH-75E in the State of Jharkhand on EPC mode.,MoRTH,Jharkhand,July 2026,315.21,89.0,162.16,2.0,18.810000000000002,4,1.8220224719101124,Small,315.21
618061,"Strengthening, Widening & Up-gradation of newly declared NH-761 from NH- 61Junction-BelheAlkutiDevibhoyareNighojShirur, from Design chainage Km 0.000 to Km 37.970 from Single/Intermediate/2L to 2LPS in the State of Maharashtra on EPC Mode Length 37.970 Km",MoRTH,Maharashtra,July 2026,386.16,62.5,57.23,0.0,0.1699999999999946,4,0.9156799999999999,Small,386.16
618062,Dornala to Kunta Junction from Design Chainage Km 244000 to 267990 section of NH-765 Package-2,MoRTH,Andhra Pradesh,May 2026,244.83,99.64,0.0,0.0,0.0,2,0.0,Small,244.83
618063,Widening & Strenghteningof section from Bharthana chowk to Kodarkoot km.0.00 to km.40.00 of NH-91-A on EPC mode,MoRTH,Uttar Pradesh,July 2026,262.37,94.0,115.38,0.0,0.0,4,1.2274468085106383,Small,343.77
618064,Up-gradation of NH-930 Sherpar to Kohka from Km.67880 to Km.114860 to 2LPS in Chhattisgarh under EPC mode,MoRTH,Chhattisgarh,May 2026,278.97,90.0,201.05,0.0,0.0,2,2.233888888888889,Small,278.97
618065,"Rehabilitation/Upgradation of existing Highway to 2LPS/4 lane of Dhawali to Rajoli from Design Km.149476 to 163476 existing Km.150000 to 164000, Pandhasala to Mohadongri from design Km.170476 to 181476 existing Km.171000 to 182000, Ambeshivni Fata to Bodli from design Km.183476 to 185476 existing Km.184000 to 186000 and Made Tukum to Gadchiroli from design Km.188476 to 189476 existing Km.188000 to 18900 having length 28 km of NH-930 of Dhawali to Gadchroli road in the",MoRTH,Maharashtra,July 2026,316.44,37.2,49.78,3.1000000000000014,49.78,4,1.3381720430107527,Small,316.44
618066,Construction of Amethi bypass Part-II at km.30.050 of NH-931 under EPC mode in the state of Uttar Pradesh,MoRTH,Uttar Pradesh,July 2026,283.86,48.0,38.69,0.0,0.0,4,0.8060416666666667,Small,283.86
618067,"Rehabilitation & Up-gradation from design Km. 0.000 to Km. 69.280 of NH-931 Pratapgarh - Amethi - Gauriganj -Musafirkhana to two lane with paved shoulder on Engineering, Procurement & Construction EpC mode in the State of Uttar Pradesh",MoRTH,Uttar Pradesh,July 2026,1086.3,9.32,24.29,0.3200000000000003,24.29,4,2.606223175965665,Medium,1086.3
618068,"Construction of Kaithi-Padaria Kala bypass, Patna-Tamoli bypass, Jaso bypass and Nagod bypass total length 15.44 Km to 2-lane with paved shoulders flexible pavement on NH-943 in the State of Madhya Pradesh on EPC Mode.",MoRTH,Madhya Pradesh,July 2026,158.36,62.8,36.36,2.799999999999997,36.36,4,0.5789808917197452,Small,158.36
618069,Upgradation to Two-lane with paved shoulder of Hanumangarh to Kenchiyan section from Km 0.000existing chainage-Km 23.200 to Km 49.605existing chainage-Km 74.645 of NH-54 in the State of Rajasthan on EPC mode.,MoRTH,Rajasthan,July 2026,334.64,72.0,0.0,2.0,0.0,4,0.0,Small,334.64
618070,Widening to 2 Lanes with paved shoulders from Km.87/000 to 133/720 Nattukal to Thanau Jn. in Palakkad of NH-966 Old NH-213 on EPC mode Basis under NHO Annual Plan 2016-17 in the state of Kerala,MoRTH,Kerala,July 2026,294.28,98.0,0.0,0.0,0.0,4,0.0,Small,315.63
618071,Construction of two lane with paved shoulder Gangtok Bypass Road from Ranipool to Burtuk Ch 0.00 Km to 23.316 L23.316 Km in the State of Sikkim,MoRTH,Sikkim,July 2026,385.15,92.0,203.36,2.0,203.36,5,2.210434782608696,Small,342.89
618072,Widening to Existing single lane /intermediate lane to 2 lane from Km185.00 to Km 220.00 of NH-61 New NH-02 in the state of Nagaland.,MoRTH,Nagaland,July 2026,297.25,100.0,155.15,0.0,0.0,5,1.5515,Small,297.25
618073,Improvement to Two lane with Paved Shoulder from Junction of NH22 near Hajipur to Junction of NH -122 at Bachhwara via Mahnar and Mohiuddin Nagar from Km 0.00 to Km 29.730 of NH 122 B in the State of Bihar.,MoRTH,Bihar,July 2026,226.16,61.0,0.0,8.0,0.0,4,0.0,Small,226.16
618074,Pre construction activity of NH 122B from km 0 to 72.348 and Improvement to two lane with paved shoulders of NH 122B from km 29.730 to km 72.348 in state of Bihar under EPC mode,MoRTH,Bihar,July 2026,624.43,96.0,154.25,1.0,0.0,4,1.6067708333333333,Small,624.43
618075,Construction of two lane with paved shoulder from existing Km.0.000 to Km.55.610 design km. 0.000 to km. 54.048 of NH-124D,MoRTH,Uttar Pradesh,July 2026,840.93,77.0,210.11,2.0,5.27000000000001,4,2.728701298701299,Small,773.58
618076,Improvement and Widening two lannig with paved Shoulder of NH 127B from km 31.500 Goeragre to km 63.224 Package-II in state of Meghalaya,MoRTH,Meghalaya,July 2026,504.0,4.5,0.0,2.0,0.0,5,0.0,Small,350.67
618078,Up-gradation of NH-130C Abhanpur to Paund from NH Km. 0000 to KM 40380 to two lane with paved shoulders in the State of Chhattisgarh on EPC mode.,MoRTH,Chhattisgarh,May 2026,193.16,85.0,97.78,0.0,0.0,2,1.1503529411764706,Small,193.16
618079,Construction of Dharmagarh Bypass on NH-130C including land acquisition in the state of Odisha on EPC Mode under Annual plan 2022-23.,MoRTH,Odisha,July 2026,172.66,15.0,0.0,0.0,0.0,4,0.0,Small,172.66
618080,Improvement to two lane with paved shoulders of BH WB Border Amdabad Manihari section from design Km 0.000 to Km 23.945 of NH 131 A Total length 23.945 Km under EPC mode in the state of Bihar,MoRTH,Bihar,July 2026,353.27,7.5,0.0,0.5,0.0,4,0.0,Small,353.27
618081,Construction of Mariahu Bypass with four lane paved shoulder configuration Km. 53.540 to Km.59.200 of NH-135A on EPC mode in the state of Uttar Pradesh,MoRTH,Uttar Pradesh,July 2026,438.24,55.0,81.45,0.0,81.45,4,1.480909090909091,Small,362.39
618082,Widening & Upgradation to four lane configuration from Km.34.900 Bhadohi to km.73.134 Jaunpur of NH-135A on EPC mode,MoRTH,Uttar Pradesh,July 2026,395.62,95.0,0.0,1.0,0.0,4,0.0,Small,392.03
618083,Construction of byepass around Lohardaga town of NH-143A in the Sate of Jharkhand under EPC mode.,MoRTH,Jharkhand,July 2026,458.78,5.0,2.32,0.0,2.32,3,0.46399999999999997,Small,458.78
618084,Widening to 2-lane with paved shoulder from km 0.00 to 44.00 Kuru-Ghaghra section of NH-143A including re-construction of culverts and bridges.,MoRTH,Jharkhand,July 2026,153.01,95.0,100.77,0.0,0.0,4,1.0607368421052632,Small,133.67
618085,Upgradation of Nasrullagani-Rehti-Budhni Scction to 2-lane with paved shoulder from Km 0150 to Km 50500 of NH-146B in the state of Madhya Pradesh on EPC mode.,MoRTH,Madhya Pradesh,July 2026,305.12,92.33,0.0,3.260000000000005,0.0,4,0.0,Small,293.74
618086,"Widening to Two Lane with Paved Shoulders from KB Cross to Chunchanahalli ie., Design Ch. 485240 Km Existing Km 494.000 to Design Ch. 523393 Km Existing km 533.152 & From Design Ch. 530393 Existing Km 540.175 to Design Ch. 534476 Existing Km 544.200 at Nelligere of NH-150A on EPC mode under Annual Plan 2022-23 NH-150A-KNT-2022-23-977 dated 08.03.2023",MoRTH,Karnataka,July 2026,617.28,48.5,8.03,0.0,0.4399999999999995,4,0.16556701030927834,Small,617.28
618087,Widening to intermediate/two lane to 2 lane with paved shoulder from Existing chanages Km 112.750 to 142.00 Liingasur to Mudabal cross & from Km. 147.070 to Km. 149.070 Maski city limit of Jewargi Chamrajnagar setion of NH-150A in the state of Karnataka on EPC mode. Job No. NH-150A-KNT-2021-22-951,MoRTH,Karnataka,July 2026,255.88,96.0,185.27,0.0,2.469999999999999,4,1.9298958333333334,Small,255.88
618088,Nandurshingote to Kolhar,MoRTH,Maharashtra,July 2026,325.79,41.93,32.41,4.189999999999998,9.399999999999995,4,0.7729549248747912,Small,325.79
618089,Rehabilitation & Up-gradation of Mudkhed to Nanded section from Km. 372000 to Km 388400 of NH 161A i.e. Nanded-Bhokar-Himayatnagar-Kinwat-Mahur-Arani Road Design chainage from Km 372000 Mudkhed to Km 387650 Nanded of NH 161A Length 15.65 Km to 2/4Lane with paved shoulders configuration in the State of Maharashtra on EPC mode.,MoRTH,Maharashtra,July 2026,206.54,65.14,74.51,0.0,74.51,4,1.143844028246853,Small,206.54
618090,Sarsam - Kothari of NH-161A - 2L PS from Km.33/00 to 90/00,MoRTH,Maharashtra,May 2026,545.64,97.25,0.0,0.0,0.0,2,0.0,Small,545.64
618091,Widening to two lane with paved shoulders from Km 0/000 to Km 45/946 of Nizampet- Narayankhed-bidar section of NH-161B in the state of Telangana under Annual Plan 2021-22 on EPC mode under NHO,MoRTH,Telangana,July 2026,512.98,46.0,152.49,0.0,1.0400000000000205,4,3.3150000000000004,Small,512.98
618092,Up-gradation to 2 lane with paved shoulder from Neechli Oden Nathdwara at Design Km 88.800 existing km 55.95 to Bhatewar at Design Km 142.028 existing km 0.00 of NH-162E in the State of Rajasthan on EPC mode.,MoRTH,Rajasthan,July 2026,606.61,63.52,304.62,3.1300000000000026,304.62,4,4.795654911838791,Small,606.61
618093,Up-gradation to 2 lane with Paved shoulder from Charbhuja at Design km 0.00 existing km 150.00 to Neechli Oden Nathdwara at Design ch. Km 88.800 existing km 55.950 of NH-162E on EPC mode.,MoRTH,Rajasthan,May 2026,838.43,0.0,55.04,0.0,0.0,2,0.0,Small,838.43
618094,Pen to Khopoli 2LPS,MoRTH,Maharashtra,July 2026,369.39,86.3,333.1,0.0,0.0,4,3.8597914252607186,Small,369.39
618095,Widening to Two Lane with Paved Shoulders from Km 0.00 Design Chainage 0.00 to Km 23.338 Design Chainage 23310 of NH-166E MH/KNT Border- Kanamadi- Bijjargi- Tikota section in the state of Karnataka in EPC Mode under Annual plan 2022-23 NH- 166E-KNT-2022-23-974,MoRTH,Karnataka,July 2026,196.05,75.0,72.94,4.0,72.94,4,0.9725333333333332,Small,196.05
618096,Rehabilitation and Up-gradation to 2 lane road with paved shoulders configuration for the balance work of 13 km length on Helwak-Patan-Karad section Km. 85000 to 133 417 of NH-166E in the state of Maharashtra on EPC mode.,MoRTH,Maharashtra,July 2026,181.45,87.0,60.25,0.0,60.25,4,0.6925287356321839,Small,181.45
618097,Guhagar - Rampur - 2L-PS - km 0/00 Guhagar to 26/230 Rampur and 40/00 Mirjoli to 53/600 Sati on NH-166E,MoRTH,Maharashtra,July 2026,407.2,91.89,0.0,0.0,0.0,4,0.0,Small,407.2
618098,"Upgradation of exhisting 2 lane flexible pavement to 2 lane paved shoulders rigid pavement from design chainage Km 66.00 to Design Km 82.440 Start of Kolhapur Municipal corporation near Phulewadi to kale, design length 16.440 Km section on Talere Gaganbawada-Kolhapur road NH 166G in the state of Maharashtra on EPC mode",MoRTH,Maharashtra,July 2026,167.97,93.75,0.0,0.0,0.0,4,0.0,Small,167.97
618099,"Rehabilitation & up-gradation for Talere Gaganbawada - kolhapur Road NH 166G stretch start from km. 0/00 to Km. 06/00 and km. 13/00 to km 19/440 of NH-166G, length 12.440 km in the State of Maharashtra.",MoRTH,Maharashtra,May 2026,164.13,100.0,98.68,0.0,0.0,2,0.9868000000000001,Small,164.13
618101,Kondamodu to Perecherla Section Design Ch. Km 000 to Km 49917 of NH-167AG to to 4LPS,MoRTH,Andhra Pradesh,July 2026,881.61,37.95,0.0,0.0,0.0,4,0.0,Small,881.61
618103,Rehabilitation and upgradation from Km 22300 to 58635 of MudireddyPalle to Kadapa/Nellore Border via porumamilla Section of NH 167 Two Lane with paved Shoulder in,MoRTH,Andhra Pradesh,July 2026,279.29,90.33,168.7,0.0,0.0,4,1.867596590280084,Small,279.29
618104,Widening to two lane with paved shoulders from Km 0/000 to Km 79/300 of Kalwakurthy - Kollapur section of NH-167K in the state of Telangana under annual plan 2021-22 on EPC mode under NHO.,MoRTH,Telangana,July 2026,886.69,90.05,620.25,3.3100000000000023,0.0,4,6.887840088839534,Small,886.69
618105,Widening and strengthening to 4 lane / 2-lane with paved shoulders of Mahabubnagar - Chincholi section from km 60/255 to Km 102/834 of NH-167N in the State of Telangana on EPC mode.,MoRTH,Telangana,July 2026,631.49,46.63,125.34,15.830000000000002,0.0,4,2.6879691185931804,Small,631.49
618106,Widening and Strengthening to 2/4 lane with paved shoulders of Mahabubnagar Chincholi section from Km 0/0 to Km 60/255 of NH-167N in the state of Telangana under Annual plan 2021-22 on EPC modepackage-I under NHO Job No.167N-TS- 2021-22-75,MoRTH,Telangana,July 2026,703.68,90.69,304.65,0.0,0.0,4,3.359245782335428,Small,703.68
618107,Upgradation of Mehsana-Visnagar-vadnagar-Kheralu-Idar section from km 0/00 to 81/300 of NH 168G Mehsana to Idar in the State of GujaratTotal Length 81.300 Km on Hybrid Annuity Mode HAM,MoRTH,Gujarat,July 2026,1155.21,23.0,421.58,7.0,42.97999999999996,4,18.329565217391302,Medium,1155.21
618108,Up-gradation and strengthening to 2lanePS from Km 95/500 to km 129/775 of Nh 168G Idar-Bhiloda-Samlaji in the state of Gujarat Length 34.275 km,MoRTH,Gujarat,July 2026,237.28,64.5,41.55,1.5,41.55,4,0.6441860465116278,Small,237.28
618109,Widening to 4 lane from Km 51.60 to 76.20 Hebri to Parkala and from Km 85.20 to 88.90 Karavali junction to Malpe of Thirthahalli-Udupi-Malpe Section of NH-169A in the State of Karnataka on EPC Mode under Annual plan 2021-22 Job No. NH-169A- KNT-2021-22-927,MoRTH,Karnataka,July 2026,355.72,88.33,217.46,0.0,2.030000000000001,4,2.4619042228008605,Small,355.72
618110,Improvement and upgradation to two lane with Paved Shoulder configuration from existing km 55.00 to km 90.00 Design length 34.76 of NH-227A near Chhapia Village to near Sikriganj in the State of UP on EPC Mode.,MoRTH,Uttar Pradesh,May 2026,307.11,0.0,125.88,0.0,0.0,2,0.0,Small,307.11
618111,Improvement and upgradation to two lane with paved shoulder configuration from existing km 90.00 to 130.00 Design length 39.15 of NH-227A near Sikriganj to Barhalganj in the State of UP on EPC Mode.,MoRTH,Uttar Pradesh,July 2026,403.36,96.0,142.17,0.0,142.17,4,1.4809374999999998,Small,345.34
618112,"Improvement and up-gradation of NH-227B 84 Kosi Parikrama Marg Package I, from km 228.920 Jagarnathpur to Km 235.960/0.000 MakhaudaDham to Km 29.000 Sarpur in the State of Uttar Pradesh on EPC basis",MoRTH,Uttar Pradesh,July 2026,912.5,8.0,8.72,1.0,6.82,4,1.09,Small,912.5
618113,"Improvement and up-gradation of NH-227B 84 Kosi Parikrama Marg Package III, from Km.47.800 Gosaiganj to Km.73.300 Bikapur in the State of Uttar Pradesh on EPC basis.",MoRTH,Uttar Pradesh,July 2026,587.97,50.72,80.16,7.259999999999998,18.97,4,1.5804416403785488,Small,587.97
618114,"Improvement and up-gradation of NH-227B 84 Kosi Parikrama Marg PackageV, from Design Km.140.960 Patranga to Km.160.200 Bahuvan Madar Majha on EPC mode in the State of Uttar Pradesh",MoRTH,Uttar Pradesh,July 2026,1192.33,4.0,0.0,0.0,0.0,4,0.0,Medium,1192.33
618116,lmprovement and Up-gradation from Km. 73.300 Bikapur to Km.140.960 Patranga of NH-227B 84 Kosi Parikrama Marg to 2LPS along with Parikrama Path,MoRTH,Uttar Pradesh,July 2026,1679.75,40.45,172.89,0.0,30.359999999999985,4,4.27416563658838,Medium,1679.75
618117,Upgradation to 2-Lane with Paved Shoulder from Design Km 36300 to Design Chainage 47918 and from Design Ch 69900 to Design Ch 83940 of NH-248A Natni Ka Bara in the State of Rajasthan on EPC Mode.,MoRTH,Rajasthan,July 2026,154.89,23.0,15.13,0.0,0.0,4,0.6578260869565218,Small,154.89
618118,Upgradation of two lane paved shoulder from Shahpura existing km. 0.00 Design Ch. 000 to Thanagazi existing Km.37352 Design Ch. 36810 of NH-248A on EPC mode in the State of Rajasthan.,MoRTH,Rajasthan,May 2026,174.34,100.0,63.55,0.0,0.0,2,0.6355,Small,174.34
618119,Rehabilitation and up-gradation to 2-lane configuration of Bageshwar to Kangarchina road from km 129.600 to Km 161.600 Existing Chainage 136.00 to Km 169.00 of NH- 309Ain the State of Uttarakhand Package-IV under NHO Annual Plan 2021-22,MoRTH,Uttarakhand,July 2026,472.23,67.0,0.0,2.0,0.0,4,0.0,Small,472.23
618120,construction of Four-Lane of chausa-Buxar Bypass from Km 45.000 to Km 65.915 Package - 2 in the State of Bihar on EPC Mode.,MoRTH,Bihar,July 2026,1060.16,4.0,0.22,0.0,0.22,4,0.055,Medium,1060.16
618121,Improvement to two lane with paved shoulders of NH-319A from km 0 to km 45 in state of Bihar under EPC mode,MoRTH,Bihar,July 2026,427.29,93.0,198.23,0.0,0.07999999999998408,4,2.131505376344086,Small,427.29
618122,Widening to 2 lane with paved shoulded of Jareikela Jharkhand/Odisha Border - Dhabaleswar section from 0/0 to 36/0 of NH-320D in the State of Odisha under Annual Plan 2021-22.,MoRTH,Odisha,July 2026,172.09,34.0,7.42,2.0,7.42,4,0.21823529411764706,Small,172.09
618123,Widening and Strengthening/Reconstruction to Two Lane with Paved Shoulder/ Two Lane with paved shoulders with service road from km 0000 to km 42250 excluding design Ch. 03220 to 04200 & 28350 to 29060 of NH-320G in the state of Jharkhand under EPC mode,MoRTH,Jharkhand,June 2026,423.18,0.01,5.46,0.01,1.3499999999999996,3,546.0,Small,423.18
618124,Rehabilitation and upgradation from km 51.600 to km 75.700 of NH-321G Nuhkhas to Etah section to two lane with paved shoulder configuration under EPC mode in the State of Uttar Pradesh,MoRTH,Uttar Pradesh,July 2026,343.54,73.0,88.97,8.0,4.539999999999992,4,1.2187671232876711,Small,343.54
618125,Rehabilitation and upgradation of NH 326A from km 0/0 to 41/979 excluding km 2/255 to 3/372 and km 36/820 to 38/275 Odisha border to Narasamapeta to two lane with paved Shoulders in the State of Andhra Pradesh under NHO on EPC Mode,MoRTH,Andhra Pradesh,July 2026,228.32,100.0,44.94,0.0,44.94,4,0.44939999999999997,Small,228.32
618126,"Pre-Construction activities from Km 134.000 to Km 190.233 of NH-333A and Construction of 4 no. of Bypasses at Katoria, Lakhpura, Banka & Panjwara total length-14.359 Km to two lane with paved shoulders standard in State of Bihar.",MoRTH,Bihar,July 2026,479.37,58.75,67.37,0.6499999999999986,0.0,4,1.1467234042553192,Small,479.37
618127,Construction of 2- Lane with paved shoulder from km 56.45 Dharampur More to 93.050 Pakur of NH-333A in the State of Jharkhand on EPC mode,MoRTH,Jharkhand,July 2026,255.73,15.0,10.06,4.6,0.0,4,0.6706666666666667,Small,255.73
618129,"Construction of Kasrawad bypass, Selani bypass, Khargone bypass & Bistan bypass Total length. 31.950 km Section of NH-347 C to Two lane with paved shoulder configuration in the State of Madhya Pradesh on EPC mode.",MoRTH,Madhya Pradesh,July 2026,467.93,99.15,167.65,13.120000000000005,167.65,4,1.690872415532022,Small,467.93
618130,Widening to 2 lane with paved shoulders from 0.00 to 32.970 ofAdilabadto Bela section of NH 353B in the State of Telangana,MoRTH,Telangana,July 2026,490.92,79.07,149.79,1.279999999999987,149.79,4,1.8943973694195018,Small,490.92
618132,Widening & strengthening of existing carriageway in 2 lane with paved shoulders from km 25/0 to 59/2 design Ch km 25.467 to 59.200 of NH - 353C on EPC mode in the state of Telangana,MoRTH,Telangana,May 2026,206.13,98.57,152.77,0.0,0.0,2,1.5498630414933552,Small,206.13
618133,Strengthening and Widening of road Sakoli- Wadsa-Armori-Gadchiroli-Ashti- Allapalli - Sironcha National highway NH 353C in Km 262/00 to 321/00 including 16 minor Bridges and 2 Major Bridge Total length 59 Km section from repanpalli to sironcha in Gadchiroli Dist in the State of Maharashtra.,MoRTH,Maharashtra,July 2026,280.57,67.39,144.61,2.3900000000000006,144.61,4,2.145867339367859,Small,280.57
618134,Rehabilitation /Upgradation from Lagam to Alapalli section Desing Km. 199/400 to km 227/400 Length 28.0 Km to 2 lane with Paved Shoulders/ 4 lane configuration section of NH-353 C Sakoli-Wadsa-Armori-Gadchiroli-Ashti-Alapalli Sironcha in Gadchiroli District on EPC mode in the state of Maharashtra.,MoRTH,Maharashtra,July 2026,459.39,81.42,132.28,0.0,132.28,4,1.6246622451486121,Small,459.39
618136,Upgradatiobn and Rehabilitation of Section of NH 361 F from Parli 00/000 to Gangakhed 30/400 to Two Lanes with paved shoulder / Four lane configurations on EPC mode in the State of Maharashtra.,MoRTH,Maharashtra,May 2026,224.44,91.0,0.0,0.0,0.0,2,0.0,Small,224.44
618137,Rehabilitation and Up-gradation of Jarud - Sirsala section of NH-361F km 59500 to km11500 to Two lane with paved shoulder/ Four Lane in the state of Maharashtra on EPC mode Length 55.5 Km.,MoRTH,Maharashtra,July 2026,540.35,68.23,158.38,4.560000000000002,19.269999999999982,4,2.3212663051443645,Small,540.35
618138,"Widening, Reconstruction & Up-gradation to 2 lane with Paved Shoulder/Four Lane configuration for the work of Sautada to Shirapur Section of NH-561 from Design km 86300 to km 125589 in the state of Maharashtra on EPC mode. Design length 39.289 km",MoRTH,Maharashtra,July 2026,349.57,54.04,0.0,0.0,0.0,4,0.0,Small,349.57
618139,Rehabilitation and Up-gradation of Gangakhed Loha section of NH-361F from Km 169/00 to 210/00 to two lane with paved shoulder/ four lane configuration in the state of Maharashtra on EPC mode Length - 41.00 Km.,MoRTH,Maharashtra,July 2026,355.12,43.46,0.0,0.0,0.0,4,0.0,Small,355.12
618140,Widening to two/four lane with paved shoulders from Km.34.250 to Km.71.830 of NH- 365A on Kodad-Khammam-Kurvi road.,MoRTH,Telangana,July 2026,445.76,13.33,18.32,3.9399999999999995,0.0,4,1.374343585896474,Small,445.76
618141,Widening and Improvement of existing carriage way to 2 lane with paved shoulders from Km. 86/160 to 131/730 of Jangaon-Duddeda section of NH-365B in the State of Telangana on EPC Mode,MoRTH,Telangana,July 2026,423.48,77.85,184.83,0.0799999999999983,0.0,4,2.374181117533719,Small,423.48
618142,Widening to Two lane with Paved shoulders from km.40/410 to 84/037 of Thirumanlagiri-- Suryapet Section of NH-365B earstwhile section of SH-16,MoRTH,Telangana,May 2026,244.54,99.96,0.0,0.0,0.0,2,0.0,Small,244.54
618143,widening to two lane with Paved shoulders from Km.0/970 to Km.40/410 of Jangaon - Thirumal giriof NH- 365B in the state of Telanganaon EPC mode under NHO Annual Plan 2016-17,MoRTH,Telangana,May 2026,197.0,92.74,0.0,0.0,0.0,2,0.0,Small,197.0
618144,Construction of Major Bridge Across Sharavathi Backwaters and approches between Ambargodu and Kalasavalli Near Sigandhur in Sagar Taluk on NH 369E in the State of Karnataka on EPC mode.Job No. NH-369E-KNT-2018-19-895 dated 06.03.2019.,MoRTH,Karnataka,May 2026,423.15,0.0,0.0,0.0,0.0,2,0.0,Small,423.15
618145,Widening to two lane with paved shoulder of Rampachodavaram - Koyyuru section of NH 516E from Km 43700 to Km 113820 in the State of Andhra Pradesh on EPC mode Job No. 737,MoRTH,Andhra Pradesh,May 2026,568.12,98.63,303.13,0.0,0.0,2,3.0734056575078577,Small,568.12
618146,Estimate for Improvement to two lane with paved shoulder from Ramnagar to Roseda from km 3.500 to 43.000 of NH 527 E on EPC mode in State of Bihar,MoRTH,Bihar,July 2026,495.16,39.0,0.38,2.0,0.38,4,0.009743589743589744,Small,495.16
618147,Widening to 2 Lane with Paved Shoulders from design Km 103.200 Existing Km 103.200 to design Km 116.700 Existing Km 118.470 on AP/KNT Border to Sira Section of NH-544E in the State of Karnatakaon EPC mode under Annual plan 2022- 23,MoRTH,Karnataka,July 2026,166.58,65.0,46.69,0.0,4.210000000000001,4,0.7183076923076923,Small,166.58
618148,Widening to 4LPS of NH-548B from Km 80.000 Near Murgundi to Km 140.200 Near Chikkodi excluding length from Km 118.450 to Km 128.450 in the State of Karnataka under NH O on EPC Mode under Annual Plan 2022-23 - Package 1 NH-548B-KNT- 2022-23-979 dated 09.03.2023,MoRTH,Karnataka,July 2026,785.79,0.0,6.15,0.0,0.0,3,0.0,Small,785.79
618149,Widening to two lane with paved shoulders from Km 0.00 to 102.310 Design Chainage of NH-548B Murrum-Maharashtra Border in the State of Karnataka,MoRTH,Karnataka,July 2026,957.09,60.21,288.23,0.0,0.08000000000004093,4,4.787078558379007,Small,957.09
618150,Rehabilitation and Up-gradation of i. Deogaon phata to Digras phata Ch. 0/000 to 15/000 & Selu to Borgavhan Ch 20/900 to 35/800 [Length 29.9km] ii. Injegaon Dhamoni to Pohner Phata Ch.58/200 to Ch. 83/700 [Length25.5 km] and iii. Pohner phata to Pathri Design Ch. 42/700 to 58/200 [Length 15.5 km] sections of NH-548B to Two lane with paved shoulder configuartion in the state of Maharashtra on EPC mode Total project length 70.9 Km.,MoRTH,Maharashtra,July 2026,761.83,15.0,0.0,0.0,0.0,4,0.0,Small,761.83
618151,Widening to 4LPS of NH-548B from Km 118.450 Near Shirguppi to Km 128.450 Near Ankali in the State of Karnataka under NH O on EPC Mode Under Annual Plan 2022- 23 NH-548B-KNT-2022-23-982,MoRTH,Karnataka,July 2026,1084.29,0.0,1.71,0.0,1.71,3,0.0,Medium,1084.29
618152,Mhaswad to Tembhurni section of NH-548C - 2L PS,MoRTH,Maharashtra,July 2026,488.6,96.19,0.0,0.0,0.0,4,0.0,Small,488.6
618153,Satara to Mhaswad,MoRTH,Maharashtra,July 2026,653.46,98.08,7.34,0.0,0.0,4,0.074836867862969,Small,653.46
618154,"Rehabilitation & upgradation of Jamkhed to Sautada Section of NH548 D from km 195.375 to km 208.774, Length 13.399 Km to 2L PS /4L configuration with rigid pavement in the state of Maharashtra on EPC mode.",MoRTH,Maharashtra,July 2026,157.62,68.93,0.0,0.0,0.0,4,0.0,Small,157.62
618155,Development/Widening of Talegaon Chakan Shikrapur Nhavara Section of NH-548D from existing chainage km. 54/000 to 82/300 and Design chainage Km. 54/000 to 82/120 Shikrapur to Nhavara Section to 2LPS/4L Configuration on EPC Mode in the State of Maharashtra.,MoRTH,Maharashtra,July 2026,396.17,76.2,99.7,0.0,4.5,4,1.3083989501312336,Small,396.17
618156,"Construction of Morena bypass, Ambah bypass & Porsa bypass Totat length 27.16 km Section of NH-552 Ext. to TWo lane with paved shoulder configuration in the state of Madhya Pradesh on EPC mode",MoRTH,Madhya Pradesh,July 2026,492.66,73.5,0.0,0.0,0.0,4,0.0,Small,492.66
618157,Construction of Ater realignment & Bhind bypass Total length. 21.50 km Section of NH-552Extn. to Two lane with paved shoulder configuration in the State of Madhya Pradesh on EPC mode.,MoRTH,Madhya Pradesh,July 2026,348.06,79.0,79.84,0.0,79.84,4,1.010632911392405,Small,348.06
618158,"Upgradation of Goras to Shyampur Road section of NH-552 Ext., from Design Chainge 48.400 to 111.800 Km Total length 63.40 km to two lane with paved shoulder configuration along with One time improvement of 8.91 km in the state of Madhya Pradesh on EPC mode",MoRTH,Madhya Pradesh,July 2026,416.96,16.52,0.0,1.0299999999999994,0.0,4,0.0,Small,416.96
618159,"Construction of new 2 Lane with paved shoulders of NH Standards from km 0.080 to km 11.690 L11.610 km in Majuli and from km 19.715 to km 27.484 L 7.769 km in Jorhat on the newly declared NH 715K and construction of 1.10 km flyover on NH-715 with its approaches and service roads L1.10 km, Total Length 20.479 km in the State of Assam Job No. 715K/AS/2023-24/256",MoRTH,Assam,July 2026,382.1,6.7,28.96,0.40000000000000036,2.91,4,4.322388059701493,Small,382.1
618160,"Construction of 2 lane Major Bridge including approaches over Brahmaputra between Majuli on North Bank and Jorhat on South Bank from km. 11.690 to km. 19.715 length of bridge 6,812.5m Package - II on NH-715K in the state of Assam Job no. 715/AS/2020-21/213",MoRTH,Assam,July 2026,1019.17,3.25,0.0,0.0,0.0,4,0.0,Medium,1019.17
618161,Widening and Reconstruction of existing road to four lane from Km.56400 to Km 120300 i.e. from B.Kothapalli Junction to Gorantla excluding Kadiri Bypass from Km 70200 to Km 77105 of NH 716G in the State of Andhra Pradesh on EPC mode Job no. 742,MoRTH,Andhra Pradesh,May 2026,839.98,99.45,355.56,0.0,0.0,2,3.5752639517345397,Small,839.98
618162,"Improvement and up-gradation to 2LPS of NH-227B 84-Kosi Parikrama Marg PackageVI, Design Km 160200 Bahuvan Madar Majha to Km 224040 Jagarnathpur under HAM",MoRTH,Uttar Pradesh,July 2026,2008.7,20.0,0.0,2.0,0.0,4,0.0,Medium,2008.7
618163,"Rehabilitation and Up-gradation from km. 0000 to km.40390 of NH-730S MaharajganjNichloulThuthibari to two lane with paved shoulders in the State of U.P. on Engineering, Procurement & Construction EPC Basis.",MoRTH,Uttar Pradesh,July 2026,809.25,59.5,167.84,0.5,167.84,4,2.8208403361344536,Small,603.19
618164,Construction of four lane highway with paved shoulder from Km.74.700 to Km.112.950 of NH-731A i/c Yamuna Bridge on HAM in the state of Uttar Pradesh.,MoRTH,Uttar Pradesh,July 2026,1141.67,100.0,0.0,9.0,0.0,4,0.0,Medium,1157.31
618165,Construction of 4-lane highway with paved shoulders from Km 49.155 to Km 74.700 of NH-731A on Hybrid Annuity Mode in the state of Uttar Pradesh,MoRTH,Uttar Pradesh,June 2026,1156.72,100.0,0.0,0.0,0.0,3,0.0,Medium,1156.72
618166,Construction of 4-lane green field highway from Km. 35.000 to Km. 49.155 of NH- 731A with paved shoulders on Hybrid Annuity Mode in the state of Uttar Pradesh,MoRTH,Uttar Pradesh,July 2026,697.66,100.0,0.04,0.0,0.0,4,0.0004,Small,697.66
618167,Rehabilitation & Upgradation of NH-731A from Km.0.00 to Km.35.00 to 2-lane with paved shoulder under EPC mode,MoRTH,Uttar Pradesh,May 2026,264.86,93.0,0.0,0.0,0.0,2,0.0,Small,264.86
618168,Widening to four lane with paved shoulder from Design Km.49.200 to Km.89.285 of NH-731B on EPC mode in the state of Uttar Pradesh,MoRTH,Uttar Pradesh,July 2026,917.91,56.0,134.41,0.0,0.0,4,2.4001785714285715,Small,965.3
618169,Construction of Two Lane with paved shoulder highway from Design Ch.0.000 to Ch.49.2OO of NH-731B on EPC Mode,MoRTH,Uttar Pradesh,July 2026,640.18,98.0,270.82,0.3199999999999932,5.569999999999993,4,2.763469387755102,Small,602.76
618170,Construction of Two lane with paved shoulder configuration of Shujalpur Bypass section of NH-752C from km 33100 Design to km. 42570 Design total design length 10.470 km in the State of Madhya Pradesh on EPC mode.,MoRTH,Madhya Pradesh,July 2026,214.07,46.33,38.07,4.739999999999995,38.07,4,0.8217137923591625,Small,214.07
618171,"Work of Upgradation of Jirapur-Pachore Road including Pachore, Jirapur, Chhapiheda & Khujner Bypasses from 0000 to 58790 Design Length 58.79 Km section of NH-752C to 2LPS in the State of Madhya Pradesh under EPC mode",MoRTH,Madhya Pradesh,July 2026,352.69,57.26,98.96,0.0,98.96,4,1.7282570730003493,Small,352.69
618172,Paithan - Shirur section 2LPS Km 0.0 to 55.00,MoRTH,Maharashtra,July 2026,341.8,82.0,208.25,0.0,208.25,4,2.5396341463414633,Small,341.8
618173,Shirur-Kharda section from 55937 km to 114486 km to 2LPS/4L,MoRTH,Maharashtra,July 2026,381.77,83.93,0.0,0.0,0.0,4,0.0,Small,381.77
618174,Rehabilitation and Upgradation to two lane with paved shoulder configuration of NH- 752G from Sakri to Pimpalner Section Design Ch km 0000 to Ch km 21411 in the state of Maharashtra on EPC Mode. Length 21.411 km.,MoRTH,Maharashtra,July 2026,226.58,100.0,0.0,0.0,0.0,4,0.0,Small,226.58
618175,Rehabilitation and Upgradation of Satana to Mangrul Chandwad Section of NH752 G Design Ch Km 64.000 to Ch Km 101.140 two lane with paved shoulder/four lane configuration in the state of Maharashtra on EPC mode.,MoRTH,Maharashtra,June 2026,428.8,93.46,0.0,0.0,0.0,3,0.0,Small,428.8
618176,Rehabilitation and upgradation from ch km 50/200 to 56/800 and km 62/600 to 100/403 of Kolde to Visarwadi Near Junction with NH-6 section of NH 752G total length 44.40 to two-lane with paved shoulder / four lanes in the State of Maharashtra on EPC mode.,MoRTH,Maharashtra,July 2026,349.08,35.45,39.95,0.0,14.350000000000001,4,1.1269393511988717,Small,349.08
618177,Pal Phata Phulambri - Khultabad 2LPS,MoRTH,Maharashtra,July 2026,227.19,95.29,5.78,0.0,5.78,4,0.060656941966628186,Small,227.19
618178,Widening and strengthening of Gangakhed to Kingaon section of NH-752K in Km 38/750 to 72/304 Flexible Pavement Length33.554 km to 2-lane configuration on EPC mode in the State of Maharashtra.,MoRTH,Maharashtra,July 2026,162.67,72.0,0.0,0.0,0.0,4,0.0,Small,162.67
618179,Rehabilitation and Upgradation of Shewali phata to Kalambhir section i.e. Km 0443 to Km 4500 & Nizampur to Chadwel section i.e. Km 13485 to Km 26265 Length16.317 Km excluding 2 Major Bridges with approaches Km 13735 to Km 14095 & Km 19660 to Km 20030 of NH 753B to 2LPS Configuration in the State of Maharashtra on EPC Mode.,MoRTH,Maharashtra,June 2026,181.58,97.0,0.0,3.989999999999995,0.0,3,0.0,Small,181.58
618180,Pune raigarh District Border To Mangaon Ch 69000 to 103775 NH-753F,MoRTH,Maharashtra,July 2026,223.46,89.08,0.0,0.0,0.0,4,0.0,Small,223.46
618181,Rehabilitation / Upgradation to 4 Lane with Paved shoulder of Existing Section in Sillod Town with Design Ch. Km54500 to Km 60679 [Length6.179 km] section of NH 753F Aurangabad-Jalgaon road on EPC Mode in the State of Maharashtra,MoRTH,Maharashtra,May 2026,153.79,98.0,0.0,0.0,0.0,2,0.0,Small,153.79
618182,Widening to Two lane with paved shoulders from 106/830 to 158/496 of Yellareddy- Rudrur Section of NH-765D in the state of Telangana on EPC mode under NHO under Annual plan 2022-23,MoRTH,Telangana,July 2026,499.88,68.9,207.08,2.219999999999999,9.830000000000013,4,3.0055152394775035,Small,499.88
618183,Widening to 2 lane with paved shoulders from Km 62/920 to km 106/830 of Medak - Yellareddy section in the State of Telangana under Annual Plan 2022-23 on EPC mode under NHO,MoRTH,Telangana,July 2026,399.01,70.6,146.04,1.0,146.04,4,2.0685552407932013,Small,399.01
618184,Construction of 2 Lane with paved shoulder from km 55.6 to km 90.7 existing chainages of NH-766C complete Realignment of 13.76 km with 2 major Bridges across Sharavathi Backwaters on EPC mode under Annual Plan 2022-23 in the state of Karnataka NH-766C-KNT-2022-23 dated 14.10.2022,MoRTH,Karnataka,July 2026,313.56,65.0,160.08,0.0,9.04000000000002,4,2.462769230769231,Small,313.56
618185,Widening to 2LPS from Km 0.000 to 37.850 Except Ex. Km 24.45 to 27.20 of NH-766c Byndoor-Ranebennur Section in the state of Karnataka on EPC Mode under Annual Plan 2022-23 NH-766C-KNT-2022-23-969 dated 30.12.2022,MoRTH,Karnataka,July 2026,394.95,12.0,15.68,0.0,15.68,4,1.3066666666666666,Small,394.95
618186,"Rehabilitation and Up-gradation of Valigonda to Thorrur Section to Two Lane with Paved Shoulders from Km 39.180 to Km 108.300 of NH-930P in the State of Telangana on Engineering, Procurement and Construction EPC Basis",MoRTH,Telangana,July 2026,549.28,94.97,325.77,0.28999999999999204,0.0,4,3.4302411287775088,Small,549.28
618187,"Rehabilitation and upgradation of Salon - Jais - Jagdishpur Road section of NH-931A, from design Chainage km 0.000 to km 5.740 to four lane divided carriageway and from design Chainage km 5.740 to km 53.500 to two lane with paved Total length km 53.500 along with One time improvement in 04 no's of realigned/bypassed built-up areas in a total length of 9.732 km in the state of Uttar Pradesh on EPC mode",MoRTH,Uttar Pradesh,July 2026,947.15,9.06,26.64,1.0600000000000005,26.64,4,2.9403973509933774,Small,947.15
618188,Rehabilitation and Up-gradation to 2 lane with paved shoulder configuration of Mahud Sangola road NH 965 G 159400 to 161900and 162400 to 183960 Design Chainage from km. 32/300 to km. 34/800 and km. 35/800 to km. 56/860 Rigid Pavement on EPC mode in the State of Maharashtra.,MoRTH,Maharashtra,July 2026,253.78,100.0,98.95,0.25,98.95,4,0.9895,Small,253.78
618189,Widening to two lane with paved shoulder of NH-73New spur road Ujire - Dharmasthala - Periyashanthi in the State of Karnataka under NHO on HAM Mode Job No. NH-73Spur-KNT-2023-24-996,MoRTH,Karnataka,July 2026,613.65,25.18,66.04,2.0199999999999996,66.04,4,2.6227164416203337,Small,613.65
618190,Widening to two lane with paved shoulders of 'Bodhan Basar Bhainsa ' section from Km 38/900 to 95/300 of NH-161BB in the state of Telangana under Annual Plan 2021- 22 on EPC Mode under NH O.,MoRTH,Telangana,July 2026,644.45,98.6,403.48,0.0,0.18000000000000682,4,4.092089249492901,Small,644.45
618191,"Rehabilitation and upgradation of NH-167AD from Macherla to Dachepalli via Paluvai Junction, Rentachinthala, Gurazala from Km.0.000 to 43.659 to two lane with paved shoulders in the state of Andhra Pradesh job-729",MoRTH,Andhra Pradesh,May 2026,403.22,99.06,227.13,0.0,0.0,2,2.2928528164748636,Small,403.22
618192,Duttalur at NH-565 Junction to Kavali Joining on NH-16 Chainage Km. 36/400 to Km. 107/224 excluding the stretch from Km 101.880 to 105.300 67.404 Km of NH-167BG from in the State of Andhra Pradesh on EPC mode,MoRTH,Andhra Pradesh,May 2026,423.67,94.65,0.0,0.0,0.0,2,0.0,Small,423.67
618193,Widening of Existing Road to Two Lane with Paved Shoulder Configuration from Km 0.00 to 26.000 & Km 45.200 To 59.622 Of NH 365BB in the State of Andhra Pradesh Under Annual Plan 2023-24 through EPC Mode,MoRTH,Andhra Pradesh,July 2026,368.63,45.62,76.12,23.069999999999997,13.690000000000005,4,1.6685664182376152,Small,368.63
618194,Rehabilitation and upgradation of New NH 544DD from design Chainage Km. 56/000 to 102/20 of Kalyandrg - Molakalmuru Section,MoRTH,Andhra Pradesh,July 2026,294.13,98.52,312.4,0.0,0.0,4,3.17092976045473,Small,285.29
618196,Widening to 2 lane with Paved Shoulders of Siddipet-Elkathurthy section from Km 69/978 to km 133/619 of NH-765DG in the State of Telangana under Annual plan 2021-22 on EPC mode,MoRTH,Telangana,July 2026,578.85,85.0,0.0,0.0,0.0,4,0.0,Small,578.85
618197,Widening to 2 lane with Paved Shoulders of Medak - Siddipet section from Km 0/0 to km 69/978 of NH-765DG in the State of Telangana under Annual plan 2021-22 on EPC mode,MoRTH,Telangana,July 2026,882.18,74.06,383.75,0.0,0.0,4,5.181609505806103,Small,882.18
618198,Balance work of Rehabilitation and Up-gradation to 2-lane road with paved shoulders configuration for NH- 965DD from Pacharal-Mandangad-Mhapral-Rajewadi Upto Junction of NH-66 Ch-22700 to 75100 Km and Ambadave connector Birth place of Dr. Babasaheb Ambedkar Ch-0000 to 7325 Km length Km 59.725 in the state of Maharashtra on EPC mode. Balance Work,MoRTH,Maharashtra,July 2026,388.93,93.07,170.26,0.0,170.26,4,1.8293757386913077,Small,341.69
618199,"Rehabilitation, Upgradation & Widening of existing Highway to Rigid Pavement 2 Lane with Paved Shoulder of NH 965DD from Lonand Shirval-Bhor Mandangad-Pchral Section ShindewadiPhata to Varandah Ghat Dist Border from Km 33/550 to 92/550 in the state of Maharashtra on EPC mode.",MoRTH,Maharashtra,July 2026,723.13,53.5,168.06,0.0,168.06,4,3.141308411214953,Small,723.13
618200,Construction of 2 lane with Paved Shoulder for Northern Bypass Phase-II of Kota city in the State of Rajasthan.,MoRTH,Rajasthan,July 2026,317.74,50.33,6.14,1.4299999999999997,0.0,4,0.12199483409497318,Small,317.74
618201,"Widening and strengthening to 2 lane with paved shoulder from existing Ch. Km 56720 to Km 100820 and Design Ch. From Km 62600 to Km 106360 Total Length43.760 Km on SRINAGAR -BARAMULA URINH-01 in the UT of Jammu & Kashmir under project BEACON, Border Roads Organization BRO on EPC mode.",MoRTH,Jammu and Kashmir,July 2026,702.1,51.0,0.0,0.0,0.0,4,0.0,Small,702.1
618202,Construction of 2 lane with paved shoulders Baramulla Bypass Greenfield bypass from existing Ch. Km 47020 to Km 56720 and Design Ch. From 48500 to 62600 Total length 14.100 km on road Srinagar Baramulla Uri NH-01 in the UT of Jammu & Kashmir under Project.Package-III,MoRTH,Jammu and Kashmir,July 2026,992.43,46.8,112.16,0.0,13.170000000000002,4,2.3965811965811965,Small,992.43
618203,"Construction of 4 lane with paved shoulder Pattan bypass Greenfield bypass from existing Ch. Km 24320 to Km 33760 and Design Ch. from Km 24400 to Km 35300, total length 10.900 km on road SrinagarBaramulla Uri NH-01 in the UT of Jammu & Kashmir under Project BEACON, Border Roads Organization BRO on EPC mode. Package-II",MoRTH,Jammu and Kashmir,July 2026,980.21,57.0,132.03,0.0,0.12000000000000455,4,2.316315789473684,Small,980.21
618204,Construction of realignment between Pandrass- Pashkyun Total length 27.10 km on road Zozila-Kargil -Leh NH-1 to 2 lane specifications i.e. Drass alignment 9.30 km Kharboo realignment 6.30 km & Kargil alignment 11.50 km under project Vijayak BRO in the UT of Ladakh on EPC Mode,MoRTH,Jammu and Kashmir,July 2026,426.15,54.89,112.2,0.0,0.0,4,2.0440881763527052,Small,426.15
618205,"Construction of 4 lane with paved shoulder from Existing Ch. 14200 to 24320 Design Ch. 14200 to 24400, Ch. 33760 to 42780 Design Ch. 35300 to 44294 & Ch. 43440 to 47020 Design Ch. 44958 to 48500 Delina Flyover including construction of flyover length 1.704 km of total length 22.736 kms in AOR of 760 BRTF on road SRINAGAR BARAMULA URI NH-01 in the UT of Jammu & Kashmir under project BEACON, Border Roads Organization BRO Package-IJob No NH-1-J&K-2022-23-110",MoRTH,Jammu and Kashmir,July 2026,823.46,85.5,298.96,0.0,6.479999999999961,4,3.4966081871345027,Small,823.46
618206,Widening and Strengthening of Rafiabad-Kupwara-Chowkibal-Tangdhar-Chamkot NH- 701 road from design Ch. From 0000 to 51000 to two lanes with paved shoulders under Project Beacon in the UT of Jammu & Kashmir on EPC mode Package-I.,MoRTH,Jammu and Kashmir,July 2026,1404.94,41.7,160.59,0.0,16.599999999999994,4,3.851079136690647,Medium,1404.94
618207,Widening to 2-lane with Hard Shoulder configuration of Mana Ch. 0.00 to Mana Pass Ch. 50.987 road on NH-07 under Bharatmala Pariyojna in the state of Uttarakhand under Annual Plan 2022-23 length 50.987,MoRTH,Uttarakhand,July 2026,573.96,21.03,0.0,0.0,0.0,4,0.0,Small,573.96
618208,Construction and upgradation of existing road to 2-lane with paved shoulder from existing chainage Km 509.725 to Km 528.000 design chainage Km 490.550 to Km 507.850 of NH-58 new NH-07 Benakuli bend to Mana Village in EPC mode under Chardham Programme in the State of Uttarakhand.,MoRTH,Uttarakhand,May 2026,180.1,95.0,0.0,0.0,0.0,2,0.0,Small,180.1
618209,Construction & up gradation of existing road to 2-Lane with paved shoulder from existing chainage km 468000 to km 489350 Design Chainage km 465150 to km 471500 of NH-07 Old NH-58 including Joshimath bypass on EPC mode in the state of Uttarakhand Length 6.35 km,MoRTH,Uttarakhand,July 2026,258.85,37.23,0.0,0.0,0.0,4,0.0,Small,258.85
618210,Rehabilitation and upgradation of Askot-Lipulekh on EPC Basis for Phase-I Existing Km 72.00 to 107.620 Design Chainage Km 21330 to Km 56935 under Project Hirak of BRO in the state of Uttarakhand under Bharatmala Pariyojna Phase-I on EPC Mode Length-35.605 Km CA No EPC/MORT&H/HRK/01/2021-22,MoRTH,Uttarakhand,July 2026,603.92,81.17,0.0,0.0,0.0,4,0.0,Small,603.92
618211,Improvement/construction of 2-lane with paved shoulder of Askote Llipulekh road from Tawaghat village to Budhi village design km. 56935 to km 95748 and from end of Tunnel portal to Kali Mandir design km 113828 to km. 133078 [total design length 58.063 km] under project Hirak of BRO in the state of Uttarakhand under Bharatmala Pariyojna on EPC Mode,MoRTH,Uttarakhand,July 2026,649.6,37.19,0.0,6.429999999999996,0.0,4,0.0,Small,649.6
618212,"STABILIZATION OF LAND SLIDE AND SLOPE PROTECTION AT KM 11.00 TO KM 11.08, 29,730 KM TO 30,060 KM, 30,400 KM TO 31,060 KM, 34,750 KM TO 35,300 KM, 38,950 KM TO 39,030 KM & 39,460 KM TO 39,540 KM TWO LOC CLUBBED, KM 40,400 TO KM 40,650, KM 43,500 KM 43,680, 52,460 RISHIKESH - DHARASU ROAD NH-94 ON EPC MODE IN THE STATE OF UTTARAKHAND. NOSE OF LAND SLIDE - 12 NOS",MoRTH,Uttarakhand,July 2026,197.26,22.0,0.0,0.0,0.0,4,0.0,Small,197.26
618213,Rehabilitation and Upgradation of road Rishikesh Dharasu Old NH-94 with 2-lane with paved shoulder from km 76.000 to km 110.000 Design Chainage from km 74.733 to km 107.347 32.614 km including construction of Kamand re-alignment from existing Chainage Km 105.200 to Km 108.600 design chainage Km 103.436 to Km 105.949 - total length 2513 mtrs and land slide treatment work between design chainage Km 73.800 to Km 74.00 200m on EPC mode under improvement to NH connectivity to Chardham in,MoRTH,Uttarakhand,July 2026,273.76,96.46,0.0,0.0,0.0,4,0.0,Small,273.76
618214,Rehabilitation and upgradation to 2 lane / 2 lane with paved shoulder configuration for design chainage km 107.347 to km 129.208 & km 133.878 to km 138.570 existing chainage km 110.000 to km 133.020 & km 137.330 to km 142.028 and land slide treatment at existing km 138.500 Design chainage km 134.970 of NH -94 on EPC mode under improvement to NH connectivity to Chardham in the state of Uttarakhand.,MoRTH,Uttarakhand,July 2026,346.5,100.0,0.0,0.0,0.0,4,0.0,Small,346.5
618215,"Improvement/construction of existing CL-5 Road to NH Intermediate lane specification with hard shoulder from Km 166.000 to 203.77 net Length 37.770 kms of NH-505 Sumdo-Kaza-Gramphoo road in the state of Himachal Pradesh on EPC mode under project Deepak, BRO",MoRTH,Himachal Pradesh,July 2026,274.36,22.26,0.0,0.0,0.0,4,0.0,Small,194.0
618216,"Improvement/construction of existing CL-5 Road to NH Intermediate lane specification with hard shoulder from Km 133.000 to 166.000 net Length 33.000 kms of NH-505 Sumdo-Kaza-Gramphoo road in the state of Himachal Pradesh on EPC mode under project Deepak, BRO",MoRTH,Himachal Pradesh,July 2026,230.55,23.24,31.4,0.0,0.0,4,1.351118760757315,Small,203.15
618217,Improvement/construction of existing Class-5 Road to NH Intermediate lane specification with hard shoulder from existing Km 76/340 to 134/940 Design chainage from Km 76/300 to 133/000 net Length 56.700 kms of NH-505 Sumdo-Kaza- Gramphoo road in the state of Himachal Pradesh Package I,MoRTH,Himachal Pradesh,July 2026,314.67,62.28,93.27,2.259999999999998,0.0,4,1.497591522157996,Small,244.15
618218,Rehabilitation & upgradation of existing road to 2-lane with hard shoulder from Joshimath km 0.00 to Saraithota km 29.725 road on NH-107B under Bharatmala Pariyojna on EPC mode in the state of Uttarakhand,MoRTH,Uttarakhand,July 2026,338.38,80.0,0.0,0.0,0.0,4,0.0,Small,338.38
618219,Upgradation to 2-lane with Hard shoulder configuration of Suraithota Ch. 29.725 km to Malari Ch. 60.550 km road on NH- 107B under in the state of Uttarakhand.,MoRTH,Uttarakhand,July 2026,292.76,76.67,0.0,0.0,0.0,4,0.0,Small,292.76
618220,Reconstruction and widening to 2 lane with paved shoulder from existing chainage km 102000 to km 134950 Design chainage km 90150 to km 116980 including construction of Naushera Tunnel Total length of tunnel 0.700 km under 31 TF on Akhnoor-Poonch road NH-144A in the UT of Jammu & Kashmir under Project Sampark BRO on EPC mode Package-V Job no NH-144A-J&K-2020-21-104,MoRTH,Jammu and Kashmir,May 2026,642.24,100.0,0.0,0.0,0.0,2,0.0,Small,572.51
618221,Rehabilitation and upgradation to 2 lane with paved shoulder from existing chainage Km 166.100 to Km 192.98 design chainage Km 146.700 to Km 162.800 including construction of Bhimber Gali Tunnel Total Length of Tunnel 1.100 Km under 31 BRTF on Akhnoor-Poonch Roads on EPC mode NH-144A Package-VII,MoRTH,Jammu and Kashmir,July 2026,734.64,60.0,0.0,9.969999999999999,0.0,4,0.0,Small,734.64
618222,Widening and Strengthening up gradation to 2 lane with paved shoulder from existing chainage Km 192.98 to Km 229.820 design chainage Km 162.800 to Km 198.18 under 31 BRTF on Akhnoor-Poonch Road NH-144A in the UT of Jammu and Kashmir under Project Sampark Border Roads Organisation BRO on EPC Mode Package-VIII Job No NH-144A-J&K-2022-2023-111,MoRTH,Jammu and Kashmir,July 2026,562.45,71.27,158.68,0.0,0.1599999999999966,4,2.226462747299004,Small,562.45
618223,Rehabilitation and up-gradation to 2 lane with paved shoulder from existing chainage km 64535 to km 85385 Design chainage km 55800 to km 74350 under 13 TF on Akhnoor-Poonch road NH-144A under Project Sampark BRO in the UT of Jammu & Kashmir on EPC mode Package-III Job no NH-144A-J&K-2019-20-79,MoRTH,Jammu and Kashmir,July 2026,152.93,90.06,77.62,0.0,0.0,4,0.8618698645347547,Small,152.93
618224,Rehabilitation and up-gradation to 2 lane with paved shoulder from existing chainage km 49150 to km 64535 Design chainage km 46.450 to km 55.800 including construction of Sungal Tunnel Total length of Tunnel 2.79 km under 13 TF on Akhnoor-Poonch road NH-144A under Project Sampark BRO in the UT of Jammu & Kashmir on EPC mode Package-II Job no NH-144A-J&K-2019-20-78,MoRTH,Jammu and Kashmir,July 2026,796.97,92.1,440.97,0.0,0.0,4,4.787947882736157,Small,796.97
618225,Rehabilitation and up-gradation to 2 lane with paved shoulder from existing chainage km 134950 to km 166100 Design chainage km 116980 to km 146700 under 31 TF on Akhnoor-Poonch road NH-144A in the UT of Jammu & Kashmir under Project Sampark BRO on EPC mode Package-VI Job no NH-144A-J&K-2021-22-106,MoRTH,Jammu and Kashmir,July 2026,395.25,89.2,162.0,0.0,5.4199999999999875,4,1.8161434977578474,Small,395.25
618226,Rehabilitation and upgradation to 2 lane with paved shoulder from existing chainage Km 30.053 to Km 49.150 design chainage Km 30.000 to Km 46.450 including Kandi Tunnel under 31 BRTF on Akhnoor-Poonch Road NH-144A Under Project Sampark in the UT of Jammu & Kashmir EPC modePackage-I Job no NH-144A-J&K-2020-21-83.,MoRTH,Jammu and Kashmir,July 2026,272.49,95.27,160.08,0.0,0.0,4,1.6802771071690985,Small,272.49
618227,Development to 4/6-lanning of NH-31 New NH-10 with both side service roads from km 569.258 to km 581.030 end of AH-02 project on NH- 31 near Shivmandir to Sevoke Army Cantonment in districts of Darjeeling and Jalpaiguri in the state of West Bengal on EPC Mode Job No. 010/WB/2021-22/490,MoRTH,West Bengal,July 2026,995.04,74.98,590.78,1.480000000000004,12.230000000000018,4,7.8791677780741525,Small,1059.2
618228,construction of a new 4 lane Parallel to existing MG Setu with its approaces from km 0.00 to km 14.500 across river Ganga on NH-19 at Patna in the state of Bihar.,MoRTH,Bihar,July 2026,2926.42,75.33,622.65,0.3999999999999915,622.65,4,8.26563122262047,Medium,2926.42
618229,Rehabilitation and upgradation to 2-lane with paved sholuders configuration of Near Karri village-Etawah section Km30.000 to Km 57.346 Pakage-II of NH-92 in state of Uttar Pradesh undergreen national Highway Corridor ProjectGNHCP with the loan assistance of world Bank on EPC mode.,MoRTH,Uttar Pradesh,May 2026,211.09,100.0,0.0,0.0,0.0,2,0.0,Small,206.56
618230,Rehabilitation and Upgradation to 2-lane configuration of Kalwahn-Mandi Section km 208.950 to 250.592 of NH-70 in the State of Himachal Pradesh under Green National Highways Corridor Project GNHCP with the loan assistance of World Bank on EPC mode.Package-3,MoRTH,Himachal Pradesh,July 2026,314.32,70.58,0.0,0.18999999999999773,0.0,4,0.0,Small,314.32
618231,Rehabilitation and Upgradation to 2-lane configuration of Hamirpur-Karnohal Section km 141.00 to 181.00 of NH-70 in the State of Himachal Pradesh under Green National Highways Corridor Project GNHCP with the loan assistance of World Bank on EPC mode.Package-1,MoRTH,Himachal Pradesh,July 2026,371.93,93.62,198.34,0.010000000000005116,0.0,4,2.118564409314249,Small,371.93
618232,Rehabilitation and Upgradation to 2-lane configuration of Karnohal- Kalwahn Section km 181.00 to 208.950 of NH-70 in the State of Himachal Pradesh under Green National Highways Corridor Project GNHCP with the loan assistance of World Bank on EPC mode.Package-2,MoRTH,Himachal Pradesh,July 2026,251.62,58.0,77.84,0.0,1.9500000000000028,4,1.3420689655172415,Small,190.02
618233,Construction of 6-lane bridge on Ganga on NH-96 and its approaches in Phaphamau Allahabad on EPC mode,MoRTH,Uttar Pradesh,July 2026,1948.25,91.0,0.43,0.7999999999999972,0.43,4,0.0047252747252747255,Medium,1465.41
618234,Construction of a new 4-lane major bridge across river Kosi at Phulaut including Rehabilitation and upgradation of existing Birpur and Bihpur section of NH-106 from km 106.000 to km 136.000 to 2-lane with paved shoulders in the State of Bihar on EPC mode,MoRTH,Bihar,July 2026,1478.4,98.6,901.52,1.0999999999999943,0.1999999999999318,4,9.14320486815416,Medium,1478.4
618235,Balance work of Rehabilitation and Up-gradation to 4-Lane configuration of Ras- Beawar Section Km 00.000 to km 30.050 of NH-158 in the State of Rajasthan under Green National Highway Corridor Project GNHCP.,MoRTH,Rajasthan,July 2026,278.1,56.2,99.13,2.75,16.629999999999995,4,1.7638790035587186,Small,278.1
618236,Rehabilitation and Up-gradation of Dhindi - Digamarru section from Km 126/510 to Km 135/740 of NH -214 New NH -216 and digamarru -Losari section from Km 0/000 tp Km 34/230 of NH-214 A New Nh-216 to two lane with paved shoulder in the state of AP-NH,MoRTH,Andhra Pradesh,July 2026,316.06,100.0,222.43,0.0,0.0,4,2.2243,Small,288.76
618237,Rehabilitation and Up-gradation of Pasarlapudi to Dhindi section from Km 105/170 to Km 126/510 of NH -214 New NH -216 to two lane with paved shoulder in the state of Andhra Pradesh under NHDP-IV,MoRTH,Andhra Pradesh,May 2026,263.45,98.4,151.56,0.0,0.0,2,1.5402439024390244,Small,263.45
618238,Rehabilitation and Up-gradation of Thimmapuram to Gurajanapalli section from Km 26/150 to Km 41/161 of NH - 214 New NH - 216 to two lane with paved shoulder in the state of Andhra Pradesh under NHDP-IV,MoRTH,Andhra Pradesh,July 2026,350.61,98.2,233.93,0.0,0.0,4,2.3821792260692463,Small,432.91
618239,"Rehabilitation & Upgradation of NH214 New NH-216 from Km 34/230 to Km 84/550 Losari to Machavaram Section to two lane with paved shoulder in the state of Andhrapradesh under NHDP-IV through Engineering, Procurement& Construction EPC mode.",MoRTH,Andhra Pradesh,July 2026,445.22,98.6,512.79,0.0,512.79,4,5.200709939148073,Small,459.37
618240,Rehabilitation and upgradation to 2-lane with paved sholuders configuration of Bewar- naer Karri village section Km0.00 to Km30.00 Pakage-I of NH-92 in state of Uttar Pradesh undergreen national Highway Corridor Project GNHCP with the loan assistance of world Bank on EPC mode.,MoRTH,Uttar Pradesh,July 2026,236.47,100.0,0.0,0.0,0.0,4,0.0,Small,236.47
618242,Widening and Reconstruction to 4-lane/4-lane with service road including structures from Pokharia More at Km 47.600 Ex. Km 50.230 to Govindpur at km 62.949 Ex. Km 65.325 of Nh-419 in the State of Jharkhand on EPC mode.,MoRTH,Jharkhand,July 2026,300.46,54.54,94.18,2.3999999999999986,8.110000000000014,4,1.726806013934727,Small,300.46
618243,Construction of Basti Ring Road Phase-I with 4L configuration for Basti City in the state of Uttar Pradesh on HAM mode,MoRTH,Uttar Pradesh,July 2026,1138.72,36.67,0.07,1.6700000000000017,0.0,4,0.0019089173711480775,Medium,1138.72
618244,Construction of Raebareli Ring Road Phase-2 with four Lane configuration for Raebareli City in the state of Uttar Pradesh on Hybrid Annuity Model HAM basis,MoRTH,Uttar Pradesh,July 2026,1273.72,55.0,0.0,1.0,0.0,4,0.0,Medium,1273.72
618246,Construction of New 4-Lane Bridge Parallel to existing Vikramashila Setufrom km 8920 to Km 13375including approach road 35m Naugachhia side &53 m Bhagalpur sideacross River Ganga on newly declared NH-131B at Bhagalpur in the State of Bihar,MoRTH,Bihar,July 2026,1110.23,52.6,522.58,0.6900000000000048,522.58,4,9.934980988593157,Medium,1110.23
618247,Construction of 4 lane Mirzapur bypass including bridge over river Ganga from km 0.000 to km 15.000 of NH 135A in the State of Uttar Pradesh on HAM Mode.,MoRTH,Uttar Pradesh,July 2026,1708.62,7.0,0.0,1.5,0.0,4,0.0,Medium,1708.62
618248,Widening to 4 lane from km. 139.00 to km 179.20 of NH-135A Pkg-III Jaunpur Akbarpur section and Akbarpur bypass on Hybrid Annuity Mode in the state of Uttar Pradesh.,MoRTH,Uttar Pradesh,July 2026,1653.15,22.0,0.0,0.9400000000000013,0.0,4,0.0,Medium,1653.15
618249,Widening to 4 lane from km. 108.50 to km 139.00 of NH-135A Pkg-II Jaunpur Akbarpur section on Hybrid Annuity Mode in the state of Uttar Pradesh,MoRTH,Uttar Pradesh,July 2026,1511.57,40.0,0.0,3.979999999999997,0.0,4,0.0,Medium,1511.57
618250,Construction of 6-Lane Elevated / Extra Dose Cable Bridge on River Ganga parallel to & Western side of Digha-Sonepur Rail cum-Road Bridge of NH 139W in the State of Bihar,MoRTH,Bihar,July 2026,3064.45,18.66,0.0,1.4200000000000017,0.0,4,0.0,Medium,3064.45
618251,"Improvement and Up gradation to four lane with Paved shoulder configuration from Existing Km 0000 to Km 39500 design km 0500 to Km 40342, Design length km of NH 227A near Mehrauna GhatUP Bihar Border to Siwan on the state of Bihar on Hybrid Annuity Model HAM basis",MoRTH,Bihar,July 2026,1661.25,9.07,0.83,1.1800000000000006,0.0,4,0.09151047409040793,Medium,1661.25
618252,"Improvement and Up-gradation to two Lane with Paved Shoulder/Four Lane configuration from existing Km 130.000 to Km 191.000 design km 131.500 to Km 188.735, Design length 57.235 Km of NH-227A near Barhalganj to Mehrauna Ghat in the state of Uttar Pradesh on Hybrid Annuity Model HAM basis",MoRTH,Uttar Pradesh,July 2026,974.19,58.0,1.2,0.0,0.20999999999999996,4,0.020689655172413793,Small,1344.61
618253,Construction of missing link from Birhu to Lathiani from Km 35/550 Design chainage Km 0.000 to Km 42/800 Design Chainage Km 8.153on NH-503A including Lathiani Bridge on back water of Govindsagar and its approaches in Himachal Pradesh.,MoRTH,Himachal Pradesh,July 2026,870.95,0.0,0.0,0.0,0.0,4,0.0,Small,896.86
618254,Construction of Paderu bypass Km 0000 to Km 13000 of 2- lane with paved shoulder on NH-516E,MoRTH,Andhra Pradesh,July 2026,244.43,13.0,21.96,0.0,0.0,4,1.6892307692307693,Small,244.43
618255,Two laning with paved shoulders of Lambasingi to Paderusection of NH 516E,MoRTH,Andhra Pradesh,July 2026,361.24,56.69,145.94,13.469999999999999,0.0,4,2.574351737519845,Small,358.05
618256,"Rehabilitation and Upgradation to 2-lane with paved should ders Sir, configuration of Chaprathipalem to Lambasingi section Km 165500 to Km 205000 of NH-516E in the State of Andhra Pradesh under Green National Highways Corridor Project GNHCP with the loan assistance of World Bank on EPC mode",MoRTH,Andhra Pradesh,July 2026,311.22,93.01,211.05,1.7600000000000051,0.0,4,2.269110848295882,Small,311.22
618257,Rehabilitation and Upgradation to 2-lane with paved shoulders configuration of Koyyuru to Chaprathipalem section Km 120000 to Km 165500 of NH-516E in the State of Andhra Pradesh under Green National Highways Corridor Project GNHCP with the loan assistance of World Bank on EPC mode,MoRTH,Andhra Pradesh,July 2026,349.29,98.09,264.86,-1.9099999999999966,0.05000000000001137,4,2.700173310225303,Small,349.29
618258,Two laning with paved shoulders of Gondiguda to Araku uptoBhallaguda section of NH 516E,MoRTH,Andhra Pradesh,May 2026,296.66,91.5,237.52,0.0,0.0,2,2.595846994535519,Small,289.11
618259,Two laning with paved shoulders of Paderu to GundigudaSection of NH 516E,MoRTH,Andhra Pradesh,May 2026,222.61,100.0,122.52,0.0,0.0,2,1.2252,Small,222.61
618260,"Construction of Salempur bypass to 4LPS from km 64.000 of NH-727A Km 171.00 of Sonauli Balia Marg, old SH-01, near Mahadahan Chauraha to km 61.500 of NH-727B Km 178.500 of Sonauli Balia Marg, old SH-01, near near Ahirauli Village under Hybrid Annuity Mode HAM in the State of Uttar Pradesh",MoRTH,Uttar Pradesh,July 2026,1348.06,35.0,0.0,0.0,0.0,4,0.0,Medium,1348.06
618262,Construction of Deoria Bypass from existing Km. 27.140 to existing Km. 46.780 Design Km. 49.109 on NH727A Design length 21.969 Km. to four lane with paved shoulder configuration under Hybrid Annuity Mode HAM in the State of Uttar Pradesh,MoRTH,Uttar Pradesh,July 2026,1734.7,10.0,0.0,0.0,0.0,4,0.0,Medium,1734.7
618263,"Rehabilitation and Up-gradation to 2LPS from Km. 0.000 to Km. 7.800 and Km. 35.400 to Km. 52.345 Design length 24.745 Km., except Bihar portion of NH-727B Tamkuhiraj to Bihar Border and Bihar Border to Majhauli on EPC mode in the State of Uttar Pradesh",MoRTH,Uttar Pradesh,July 2026,701.02,81.18,156.4,0.0,156.4,4,1.9265829021926582,Small,701.02
618264,"Widening and Strengthening to two Lane with Paved Shoulder/Four Lane with paved shoulder configuration from km. 61.500 of NH-727B near Nawalpur km 178.500 of Sonauli Balia Marg, Old SH-01 i.e. end point of Salempur Bypass to km. 106.495 of NH-727B near Sikanderpur under EPC mode",MoRTH,Uttar Pradesh,July 2026,2061.86,41.0,222.2,4.0,222.2,4,5.419512195121951,Medium,2061.86
618265,Rehabilitation and upgradation to 2-lane with paved sholuders configuration of Miranpur Katra to radhaita section of NH-730CKm.114.000 to Km 137.250pakage-III in state of Uttar Pradesh undergreen national Highway Corridor ProjectGNHCP with the loan assistance of world Bank on EPC mode.,MoRTH,Uttar Pradesh,July 2026,172.5,92.0,0.13,1.0,0.13,4,0.0014130434782608696,Small,169.56
618266,Rehabilitation and upgradation to 2-lane with paved sholuders configuration of Bewar- Allahaganj- section of NH-730C Km.0.000 to Km 52.770 pakage-I in state of Uttar Pradesh undergreen national Highway Corridor Project GNHCP with the loan assistance of world Bank on EPC mode.,MoRTH,Uttar Pradesh,July 2026,325.24,99.0,0.0,0.0,0.0,4,0.0,Small,340.16
618267,Widening/Upgradation to four lane configuration of Shahjahanpur-Bisalpur section from km 0.00 to km 47.026 of NH-731K on Hybrid Annuity Mode in the state of Uttar Pradesh.,MoRTH,Uttar Pradesh,July 2026,1590.2,0.0,0.0,0.0,0.0,3,0.0,Medium,1590.2
618282,4-L Bilasipara-Guwahati Package-10,NHIDCL,Assam,July 2026,1264.9,64.48,632.99,0.0,29.659999999999968,4,9.816842431761787,Medium,1264.9
618283,4-L Bilasipara-Guwahati Package-9,NHIDCL,Assam,July 2026,1000.27,59.78,505.47,0.0,14.830000000000041,4,8.455503512880563,Medium,1000.27
618284,Widening/Improvement to 4-Lane with paved shoulder from Km 99930 to Km 143680 Design Chainage 96000 to 139750 of Paikan to Dhupdhara Sahar of Bilasipura- Guwahati Road on NH-17 in the state of Assam on EPC mode under Bharatmala Pariyojana in Economic Corridors Project Length 43.750km under NHO-NE Package- 8,NHIDCL,Assam,July 2026,1457.59,85.87,962.73,0.0,35.76999999999998,4,11.211482473506463,Medium,1457.59
618285,Widening/Improvement to 4 -Lane with Paved Shoulder from Ch. 88.000km to Ch.99.930 km Design Ch.84.100km to Ch.96.000 km of Sagunbashi forest near Nichinta to starting of Krishnai Bypass Section of Bilasipura Guwahati road NH 17 on EPC Package-7,NHIDCL,Assam,May 2026,286.72,100.0,186.64,0.0,0.0,2,1.8663999999999998,Small,286.72
618286,Construction of New 2-Lane Bridge with its approaches from km 0000 to Km 4385 across River Brahmaputra on NH-17 at Jogighopa in Assam on EPC mode,NHIDCL,Assam,July 2026,746.76,81.07,435.79,0.0,8.879999999999995,4,5.375477981990873,Small,746.76
618287,"Widening/Improvement to 4-Lane with paved Shoulder from Ch. 25.633 Km to Ch. 52.470 Km Design Ch. 21.850 Km to Ch.48.670 Km for Package-2 of Bilasipura- Guwahati road NH-17 Section Near Mowatari, before Chapar Bypass to Tulungia junction with NH-17 in the state of Assam on HAM mode under NHO-NE Package-2",NHIDCL,Assam,July 2026,1338.61,12.45,199.15,0.0,199.15,4,15.995983935742974,Medium,1338.61
618288,"Widening/lmprovement to 4-Lane with Paved Shoulder from Ch.5.580 Km to Ch.25.633 Km Design Ch.0.000 Km to Ch.17.737km Km 901.100 to Km 921.145 of old NH-31 of Bilasipara- Guwahati road NH-17 Section Near Chirakuta to near Mowatari, before Chapar Bypass in the state ol Assam on HAM mode Package-1",NHIDCL,Assam,July 2026,1081.15,35.0,163.12,2.4099999999999966,163.12,4,4.660571428571429,Medium,1081.15
618289,Construction and up gradation to 4-Lane of existing two lane with paved shoulder from Hapachara to Tulungia road of NH-117 of existing Km 0.00 to km 14.050 and Design Km 0.000 to km 14.660 under BMP on EPC mode,NHIDCL,Assam,July 2026,224.85,97.76,209.95,0.0,0.009999999999990905,4,2.147606382978723,Small,224.85
618290,"Construction of 2-lane with Paved shoulder of Kohima- Bypass Road Connecting NH- 39New NH-02, NH-150New NH-02, NH-61New NH-29, NH-39New NH-02 from Design Km 32.00 to Design Km 43.454Design Length-11.454 Km in the State of Nagaland under SARDP-NE on EPC Mode Package-IV",NHIDCL,Nagaland,July 2026,202.36,46.77,102.32,0.0,0.19999999999998863,5,2.1877271755398757,Small,202.36
618291,"Construction of 2-lane with Paved shoulder of Kohima-Bypass Road connecting NH- 39 New NH-02, NH150New NH-02, NH7-61 New NH-29 and NH-39 New NH-02 from Design km 21.000 to km 32.268 [Design length11.268 km] in the state of Nagaland Under SARDP-NE on EPC Mode Package- 3",NHIDCL,Nagaland,July 2026,159.85,39.54,128.32,0.0,4.8999999999999915,5,3.2453211937278703,Small,342.29
618292,Construction of 2-Lane with paved shoulder of Kohima-Bypass Road connecting New NH-02 and New NH-29 from Design Km 10.500 to design Km 21.000 [Design Length- 10.500 km] including TUNNEL of 500m at Ch. 11.000 in the state of Nagaland Under SARDP-NE on EPC Mode Package-2,NHIDCL,Nagaland,July 2026,277.44,69.76,201.99,0.0,3.0200000000000102,5,2.8954988532110093,Small,277.44
618293,"Construction of 2-Lane with paved shoulder of Kohima-Bypass Road connecting NH- 39New NH-02, NH-150New NH-02, NH-61New NH-29 and NH-39New NH-02 from design Km 0.00 to Km 10.500 in the State of Nagaland under SARDP-NE on EPC Mode Package-1 -Balance work",NHIDCL,Nagaland,July 2026,232.29,27.24,120.92,0.0,4.159999999999997,5,4.43906020558003,Small,350.88
618294,Improvement and Widening of National Highway No. 127B Darugiri - Songsak - Williamnagar Junction Section to two lane with paved shoulder from design Km 0000 to Km 36635 Design length 36.635 Km existing Km 112000 to Km 151060 of NH-1278 under Bharatmala Pariyojana Lot-1 Pkg-1B Meghalaya portion,NHIDCL,Meghalaya,July 2026,801.07,26.8,176.55,0.7200000000000024,0.4300000000000068,5,6.587686567164179,Small,801.07
618295,Improvement/Widening of New NH-217 Dainadubi-Darugiri section to Two lane with paved shoulder in Meghalaya from design Km 0000 to Km 40840 existing Km 8600 to Km 53000 of Old NH-62 under BMP Lot-1 Pkg-1B Meghalaya portion,NHIDCL,Meghalaya,July 2026,705.83,46.38,0.0,0.8599999999999994,0.0,5,0.0,Small,705.83
618296,Balance work of Construction of 2-lane with hard shoulder of Kohima - Jessami road on NH-29 old NH-150 from existing km 98.380 near Chizami vill. to km120.367 Nagaland/Manipur Border [Design km 95.700 to design km 117.200] [Design Length 21.500 km] in the state of Nagaland Under Bharatmala Pariyojna on EPC Mode Package-V under NHO,NHIDCL,Nagaland,July 2026,330.8,98.39,268.18,0.0,268.18,5,2.725683504421181,Small,330.8
618297,Construction of 2-lane with hard shoulder of Kohima - Jessami road on NH-29 Old NH- 150 from existing Km 30.474 Near Kidwema road Chakahabama to existing Km 53.220 Near Kikruma Village Design Km 29.60 to Km 51.50 Design length-21.90 Km in the state of Nagaland Under Bharatmala Pariyojna on EPC Mode under NHO Package-II -Balance work,NHIDCL,Nagaland,July 2026,355.79,43.13,0.0,0.0,0.0,5,0.0,Small,355.79
618298,Widening/Improvement of existing 2-Lane road to 4-Lane Divided Highway from Sekmai to Nilakuthi section of Imphal-Kohima Road Design Chainage from Km 297700 to Km 308729 of NH-39 New NH-02 in state of Manipur on EPC mode Pkg-5B,NHIDCL,Manipur,July 2026,211.7,94.71,272.3,1.1699999999999875,18.080000000000013,4,2.8750923872875096,Small,211.7
618299,Improvement/Up-gradation of existing 2-Lane Road to 4-Lane Divided Highway from Daili to Kuraopokpi section of Imphal-Kohima road NH-02 Design Chainage from Km 274610 to Km 287000 in the state of Manipur on EPC mode Pkg-4B,NHIDCL,Manipur,July 2026,268.98,76.63,206.28,20.47,206.28,4,2.6918961242333292,Small,268.98
618300,Improvement/Up-gradation of existing 2-Lane Road to 4-Lane Divided Highway from Taphukuki to Daili section of Imphal-Kohima road NH-02 Design Chainage from Km 262175 to Km 274610 in the state of Manipur on EPC mode Pkg-4A,NHIDCL,Manipur,July 2026,379.39,91.39,314.73,0.0,2.150000000000034,4,3.4438122332859176,Small,379.39
618301,Widening/Improvement of existing 2-lane to 4-Lane Divided Highway from Kuraopokpi to Sekmai section of Imphal-Kohima Road Design Ch. km 287.00 to 297.700 of NH-39 New NH-02 in state of Manipur on EPC mode Pkg-5A,NHIDCL,Manipur,July 2026,228.97,48.35,143.26,0.03999999999999915,28.639999999999986,4,2.9629782833505685,Small,228.97
618302,Widening/Improvement to 2-lane with earthen shoulder of Yaingangpokpi - Finch corner road section of NH-202 from Km 16.900 to Km 30.970 of NH-202 in the state of Manipur on EPC mode Package-2,NHIDCL,Manipur,July 2026,256.04,98.12,195.0,0.0,195.0,4,1.9873624133713819,Small,256.04
618303,Widening/Improvement to 2-lane with earthen shoulder of Yaingangpokpi - Finch corner road section of NH-202 from Km 0.000 to Km 16.900 of NH-202 in the state of Manipur on EPC mode Package-1,NHIDCL,Manipur,July 2026,222.77,88.96,140.9,0.0,140.9,4,1.583857913669065,Small,222.77
618304,"Widening/Improvement to 2 Lane with earthen shoulder of Jessami to Laynen bridge Nagaland border section of NH-29 of Imphal -Ukhrul - Jessami Economic Corridor from km 0.000 to km 11.009 in the State of Manipur on EPC mode under Bharatmala Pariyojana, under NHO-NE Package-7",NHIDCL,Manipur,July 2026,164.89,28.12,128.92,1.4499999999999993,1.329999999999984,4,4.5846372688477945,Small,164.89
618305,Widening/Improvement to 2 lane with earthen shoulder of Marrem Khullen to Jessami section of NH-202 of Imphal - Ukhrul - Jessami Economic Corridor from Design Chainage km 95.700 to km 140.180 in the State of Manipur on EPC mode under Bharatmala Pariyojana under NHO-NE Package-6,NHIDCL,Manipur,July 2026,554.66,26.22,225.73,1.7899999999999991,4.7099999999999795,4,8.609077040427154,Small,554.66
618306,"Widening/Improvement to 2 lane with earthen shoulder of Choithar to Marrem Khullen section of NH-202 of Imphal Ukhrul Jessami Economic Corridor from Design Chainage km 53.110 to km 95.700 in the State of Manipur on EPC mode under Bharatmala Pariyojana, under NHO-NE Package-5",NHIDCL,Manipur,July 2026,564.05,14.5,173.58,0.0,0.6000000000000227,4,11.971034482758622,Small,564.05
618307,Rehabilitation and up-gradation of road from km 16.077 to km 43.935 total length 27.858 km of Lalchara-Kanchanpur section via Shivbari on NH-44A to 2 lane with paved shoulder in the state of Tripura on EPC Mode Pkg-2 under BharatMala Pariyojana Manu-Simlung -2,NHIDCL,Tripura,July 2026,456.88,54.56,205.69,0.0,205.69,3,3.7699780058651022,Small,456.88
618308,Construction of 4-Lane Panchgram Bypass from Design Chainage km 15500 on NH- 37 Old NH-53 at Kalinagar Pt.-I Village to Design Chainage km 27300 at crossing with NH-6 Old NH-44 Near Siddeswar Pt.-I Village on Silchar - Churaibari stretch in the State of Assam on EPC Mode under Bharatmala Pariyojana in Economic Corridors Silchar- Churaibari Package-2,NHIDCL,Assam,July 2026,676.18,57.17,339.78,0.0,339.78,4,5.943326919713136,Small,728.97
618309,Widening/lmprovement to 4-Laning and Greenfield alignment with Paved shoulder of Silchar-Badarpur Churaibari section of NH-37 & NH-8 from Design chainage 38.600 End point of proposed Badarpur Bypass to Km. 62.800 Start point of proposed Nilambazar/Cheragi Bypass in the state of Assam on HAM Mode Package-4,NHIDCL,Assam,July 2026,1319.55,23.07,185.17,-2.09,185.17,4,8.026441265713046,Medium,1319.55
618310,Widening/lmprovement to 4-L of Karimgani - sutarkandi section of NH 37 from design Ch 0020 Start of proposed Karimganj Bypass from NH -8 to design Chainage Km 14380 near Sutarkandi Spur Connectivity to Indo/Bangladesh Border on Silchar- Churaibari in the State of Assam on HAM Mode Package-7,NHIDCL,Assam,July 2026,791.79,41.88,135.54,0.0,135.48,4,3.236389684813753,Small,791.79
618311,Widening/lmprovement to 4-Lane with Paved shoulder for existing as well as Greenfield alignment of Badarpur Churaibari section of NH-8 from Design chainage 87.700 Chandkhira to Km. 106.500 Churaibari section Assam-Tripura border in the state of Assam on HAM Mode Package-6,NHIDCL,Assam,July 2026,870.0,40.99,158.08,0.0,158.08,4,3.85655037814101,Small,870.0
618312,Widening/lmprovement to 4-Lane with Paved Shoulder from existing road and Greenfield alignment form Design Ch. 62.800 start of proposed Nilambazar/Cheragi Bypass to Design Ch. 87.700 near Chandkhira Village of NH-8 on Silchar-Churaibari in the state of Assam on HAM Mode Package-5,NHIDCL,Assam,July 2026,1258.13,14.04,186.86,0.0,186.86,4,13.30911680911681,Medium,1258.13
618313,Widening/lmprovement of Existing 2 lane to 4-Laning of Karimganj-Silchar section of NH-37 from Design Ch 0.000 near Silchar ISBT to Design Ch 15.970 near Kalinagar Pt I on NH-37 in Assam on HAM Mode Pkg-1,NHIDCL,Assam,July 2026,1181.55,41.26,178.62,0.0,178.62,4,4.329132331555987,Medium,1181.55
618314,4-Laning of Dhanehari Lailapur / Vairengte section from Existing Chainage km 12920 to km 43000 of NH 306 Design Chainage km 20000 to km 49360 on Silchar - Vairengte Sairang road in the State of Assam under Bharatmala Pariyojna on EPC mode. Project Length 29.360 km under NHO-NE Package-2,NHIDCL,Assam,July 2026,1716.21,81.65,1057.72,0.0,87.35000000000002,4,12.954317207593386,Medium,1716.21
618315,4-Laning of Silchar - Dhanehari section from Existing Chainage km 263800 of NH 37 to km 12920 of NH 306 Design Chainage km 0000 to km 20000 on Silchar - Vairengte - Sairang road in the State of Assam under Bharatmala Pariyojna on EPC mode Package-1,NHIDCL,Assam,July 2026,1256.9,59.65,632.2,0.0,57.17000000000007,4,10.598491198658845,Medium,1256.9
618316,4-Laning of Vairengte - Chhimluang section Package-3 of NH-306 from Existing Chainage km 43000 to Km 59700 Design Chainage km 46000 to km 60850 on Silchar - Vairengte- Sairang road in the State of Mizoram under Bharatmala Pariyojna under NHO-NE. Package-1&2 in Assam state,NHIDCL,Mizoram,July 2026,491.39,17.86,238.01,0.0,0.1599999999999966,5,13.326427771556551,Small,491.39
618317,4-Laning of chhimluang-Kolasib from section pkg-4 of NH-306 & NH-6 existing chainage km 59700 to km 86000 design chainage km 61000 to km 77500 on Silchar- vairengte-sairang road in the state of Mizoram under Bharatmala Pariyojna on EPC mode Vairengte - Sairang Pkg-4,NHIDCL,Mizoram,July 2026,561.91,17.12,223.99,0.0,223.99,5,13.083528037383177,Small,561.91
618318,4-Laning of Kolasib - Sethawn section Package-5 of NH-6 from Existing Chainage km 86000 to km 107850 Design Chainage km 77500 to km 95500 on silchar - vairengte - sairang road under Bharatmala Pariyojna on EPC mode under NHO-NE Vairengte - Sairang Pkg-5,NHIDCL,Mizoram,July 2026,720.4,11.86,259.85,0.0,12.710000000000036,5,21.909780775716698,Small,720.4
618319,"4-Laning of Sethawn - N. Kawnpui section Package-6 of NH-6 from Existing Chainage km 107850 to km 126315 Design Chainage km 95500 to km 111850 on Silchar- Vairengte- Sairang road, Vairengte - Sairang Pkg-6",NHIDCL,Mizoram,July 2026,595.65,6.72,189.39,0.0,16.25,5,28.18303571428571,Small,595.65
618320,Construction of 4-Laning of N. Kawnpui N. Mualvum Mualkhang via Khamrang Village section Package-7 of NH-6 from Existing Chainage km 127200 to km 142000 Design Chainage km 111850 to km 123400 on Silchar - Vairengte - Sairang road in the State of Mizoram on EPC mode,NHIDCL,Mizoram,July 2026,866.32,18.9,190.01,0.0,190.01,5,10.053439153439154,Small,866.32
618321,Construction of 4-Laning of West Serawlg-Sairang section of NH-6 from Existing Chainage km 142000 to km 158900 Design Chainage km 123400 to km 136260 on Silchar - Vairengte - Sairang road in the State of Mizoram under Bharatmala Pariyojna on EPC mode under NHO-NE Package-8,NHIDCL,Mizoram,July 2026,875.79,13.95,288.34,0.0,288.34,5,20.669534050179212,Small,875.79
618323,Construction of Twin Tube Uni-directional Aizawl Bypass Tunnel of 2.5 km and its approaches of 2.1 km from km 10.600 to km 15.200 on Sarrang - Phaibawk section of NH-6 in the State of Mizoram on EPC Mode under NHO-NE Package-2,NHIDCL,Mizoram,July 2026,1313.28,0.0,0.11,0.0,0.11,5,0.0,Medium,1313.28
618324,Construction of 2-lane Aizawl Bypass from km 15.200 to km 34.500 Package-3 on Sairang - Phaibawk section of NH-6 in the State of Mizoram under Bharatmala Pariyojna on EPC Mode under NHO-NE,NHIDCL,Mizoram,July 2026,720.72,15.1,102.62,0.0,102.62,5,6.796026490066225,Small,720.72
618325,Dillai to Lahorijan Package-7,NHIDCL,Assam,June 2026,204.1,0.0,142.21,0.0,142.21,3,0.0,Small,204.1
618326,Widening/Improvement to 4-Lane with Paved Shoulder from KM 38500 to Km 51246 Design Chainage 38500 to 50959 with proposed Daboka Bypass of Daboka- Parokhaowa of NH 29 on EPC under NHO-NE Package-1,NHIDCL,Assam,July 2026,516.88,99.7,322.98,0.0,322.98,4,3.239518555667001,Small,516.88
618327,Widening/Improvement to 4-Lane with Paved Shoulder from KM 113300 to Km 146230 Design Chainage 113830 to 145712 of Kwaram Taro Village - Dillai Section in Assam on EPC Package-6,NHIDCL,Assam,May 2026,625.64,0.0,0.0,0.0,0.0,2,0.0,Small,625.64
618328,4-Laning of Balance work of Dimapur-Kohima Road from design km 152.490 to km 166.700 Existing km 156.000 to km 172.900 Excluding Dimapur & Kohima Bypass under SARDP-NE Package-III,NHIDCL,Nagaland,July 2026,562.98,84.32,542.85,0.0,6.889999999999986,5,6.437974383301708,Small,794.75
618329,Construction of 4/6 Laning from Km 132.375 to Km 153.058 Total New Alignment length of 20.683 Km of Daboka-Dimapur Section Dimapur Bypass Nagaland Portion of NH-36 & 39 in the State of Nagaland on EPC basis under PhaseA of SARDP-NE,NHIDCL,Nagaland,May 2026,819.39,0.0,0.0,0.0,0.0,2,0.0,Small,819.39
618330,Construction of 4/6 Laning from existing Km 159.400 of NH-36 to existing Km 102.500 of NH-39 and upto end point of Assam portion [Design Km 118.050 to design Km 132.375] Total New Alignment length of 14.325 Km of Daboka -Dimapur Section Dimapur Bypass in the state of Assam under SARDP-NE 'Phase-A' on EPC mode Assam Portion,NHIDCL,Assam,May 2026,511.02,100.0,647.21,0.0,0.0,2,6.4721,Small,511.02
618331,lmprovement to 4-Lane with Paved Shoulder from existing km 260000 Design Ch.4560 km to existing km Ch.233000 D. Ch.24560 of Silchar near Nutan Dayapur village - Budha Nagar Section Length-20.00 Km of NH-37 under Package Silchar- Jiribam Pkg-1 in the state of Assam on HAM Mode,NHIDCL,Assam,July 2026,957.95,47.27,214.64,0.0,49.41,4,4.540723503279035,Small,957.95
618333,Widening to 2 lane with Paved shoulder of lmphal to Jiribam section of NH-37 from Design Ch. from km 169570 Near Nungkao vlllage under Tamenglong District to km 205974 near Jiribam Bridge under Jiribam district under NHO-NE PKG-7,NHIDCL,Manipur,July 2026,760.16,92.52,428.13,0.0,3.829999999999984,4,4.627431906614786,Small,760.16
618334,Widening to 2 Lane with Paved shoulder of lmphal to Jiribam section of NH-37 from Design Ch. from km 131.280 to km 169.570 on EPC mode in Manipur under NHO- TSP PKG-6,NHIDCL,Manipur,July 2026,504.76,95.2,325.89,0.0,0.0,4,3.4232142857142853,Small,504.76
618335,Widening to 2 Lane with Paved shoulder of lmphal to Jiribam section of NH-37 from Design Ch. from Km 101280 Near Khongsang Village to Km 131280 near Puilon Kambiron Village on EPC Mode in Manipur PKG-5,NHIDCL,Manipur,July 2026,410.68,91.02,382.67,0.4099999999999966,37.00999999999999,4,4.204240826192046,Small,410.68
618336,Widening to 2 -Lane with Paved shoulder of Imphal to Jiribam section of NH-37 from Design Chainage 66.110 km to 101.280 Km Existing Chainage km 67.496 to km 103.557 on EPC Mode in Manipur PKG-4,NHIDCL,Manipur,July 2026,579.63,86.05,408.21,0.06999999999999318,3.409999999999968,4,4.743869843114468,Small,579.63
618337,Widening to 2 -Lane with Paved shoulder of Imphal to Jiribam section of NH-37 from Design Chainage 33.000 km to 66.390 Km Existing Chainage from km 33.395 to km 67.496 on EPC Mode in Manipur PKG-3,NHIDCL,Manipur,July 2026,467.0,86.33,593.79,0.0,0.34999999999990905,4,6.878142013205143,Small,467.0
618338,Widening to 2-Lane with Paved shoulder of Imphal to Jiribam section of NH-37 from Design Chainage 15.940 km to 33.120 Km Existing Chainage Km 15.946 to Km 33.395 Total length17.180 Km in the State of Manipur on EPC mode PKG-2 - Balance Works & Rectification works,NHIDCL,Manipur,July 2026,195.14,93.1,162.71,0.10999999999999943,0.75,4,1.7476906552094524,Small,195.14
618339,Widening/Improvement to 2-Lane Lane with Paved Shoulder from km 16900 Bogapani to km 27150 Golai Goan on existing Dibrugarh to Ledo section with proposed Digboi Bypass Green Field and Brownfield 2-LanePS of NH-315 OLD NH-38 in Tinsukia District under NHO- NE Package-4,NHIDCL,Assam,June 2026,356.65,20.45,80.08,0.0,80.08,3,3.9158924205378973,Small,356.65
618340,Widening/Improvement to 4-Lane with Paved Shoulder from km 626030 Nalani hulla Gaon to km 650450 Chotahapjan on existing Tinsukhia -Makum Bypass of NH-15 OLD NH-37 and Strengthening of existing NH-315 OLD NH-38 from Km 0000 Chotahapjan to Km 16900 Bogapani section 2-Lane PS in Assam on EPCMode under NHO-NE Package-3,NHIDCL,Assam,July 2026,458.59,88.99,261.02,0.0,11.179999999999978,4,2.9331385548938083,Small,458.59
618341,Up-gradation to 2-lane with paved shoulders of Ngopa - Pawlrang section of NH 102B of Aizawl - Imphal Economic Corridor from Existing Chainage km 32.796 to km 72.030 [Design Chainage km 31.280 to km 68.170] in the State of Mizoram under Bharatmala Pariyojna on EPC mode under NHO-NE Package-2 Keifang- Tuivai Pkg-2,NHIDCL,Mizoram,May 2026,523.78,95.31,394.29,0.0,0.0,2,4.136921624173749,Small,523.78
618342,Rehabilitation and upgradation to 2 Lane with Paved shoulder of Economic corridor of NH-6 from Design chaiange Km 0.000 to Km 13.510 Package-1 in the state of Mizoram under Bharatmala Pariyojana on EPC mode,NHIDCL,Mizoram,May 2026,206.9,0.0,0.0,0.0,0.0,2,0.0,Small,206.9
618343,"Rehabilitation and Up gradation to 2-lane with paved shoulder of Keifang Section Economic Corridor of NH-06 from Existing Chainage Km 30050 Keifang to Km 50360 Keifang, Design Chainage Km 27400 to Km 45040 PkgIII in the State of Mizoram under Bharatmala Pariyojna on EPC Mode Seling-Dulte - III",NHIDCL,Mizoram,May 2026,292.23,0.0,0.0,0.0,0.0,2,0.0,Small,292.23
618344,Widening to 2-lane with Hard shoulder of Churachandpur to Tuivai Section of NH- 102B from Design Chainage 69.875 Km to 121.769 Km in the State of Manipur on EPC mode Package-3,NHIDCL,Manipur,July 2026,673.27,85.84,563.39,1.1200000000000045,0.12000000000000455,4,6.563257222739981,Small,673.27
618345,Widening to 2-lane with Hard shoulder of Churachandpur to Tuivai Section from Km 48.587 to Km 69.875 in the State of Manipur on EPC mode under NHO Package-2B,NHIDCL,Manipur,July 2026,365.53,88.2,198.28,0.0,2.5500000000000114,4,2.2480725623582765,Small,365.53
618346,Widening to 2-lane with Hard shoulder of Churachandpur to Tuivai Section of NH- 102B from km 32.835 to km 48.587 in the State of Manipur on EPC mode under NHO Package-2A,NHIDCL,Manipur,July 2026,232.99,100.0,155.44,0.0,0.0,4,1.5544,Small,232.99
618347,Widening to 2-lane with Hard shoulder of Churachandpur to Tuivai Section of NH- 102B from km 13.747 to km 32.835 in the State of Manipur on EPC mode under NHO Package-1B,NHIDCL,Manipur,July 2026,241.52,100.0,164.85,0.0,0.0,4,1.6484999999999999,Small,241.52
618348,Balance work of Widening to 2 Two lane with hard shoulder of Churachandpur to Tuivai section of NH-102B from km 130.000 to km 141.029 Package-4B in the State of Manipur on EPC Mode,NHIDCL,Manipur,July 2026,177.76,9.17,97.93,1.7199999999999998,0.0,4,10.6793893129771,Small,177.76
618349,Balance work of Widening to 2 Two lane with hard shoulder of Churachandpur to Tuivai section of NH-102B from Design Chainage km 118850 to km 130000 Package- 4A in the State of Manipur on EPC Mode,NHIDCL,Manipur,July 2026,204.12,25.93,112.41,1.2699999999999996,112.41,4,4.335133050520632,Small,204.12
618350,Improvement & widening of existing NH-08 to 4-lane with Paved Shoulder from Champak Nagar to Khayerpur section design Km 242500 to Km 261610 in the state of Tripura on EPC basis under NHO-NE,NHIDCL,Tripura,July 2026,920.66,48.3,404.6,0.0,404.6,5,8.3768115942029,Small,920.66
618351,Widening & Upgradation to 2 lanes with paved shoulders road from Tamenglong to Mahur NH-137 in the State of Assam starting from km 156.489 near P. Leikul to km 176.410 near Borowapu on EPC mode under NHO-NE Assam portion Package-10,NHIDCL,Assam,July 2026,890.33,90.5,605.43,0.0,0.5699999999999363,4,6.689834254143646,Small,693.15
618352,Widening & Upgradation to 2 lanes with paved shoulders road from Tamenglong to Mahur NH-137 in the State of Assam starting from km 136.500 near Hejaichak to km 156.489 near P. Leikul Package-9 on EPC mode under NHO-NE Package-9,NHIDCL,Assam,July 2026,860.37,87.5,559.51,0.0,-0.18000000000006366,4,6.3944,Small,614.43
618353,Widening & Upgradation to 2-lanes with paved shoulders road from Tamenglong to Mahur NH-137 in the State of Assam starting from km 116.480 near Hangrum to km 136.500 near Hejaichak Package-8 on EPC mode under NHO-NE Package 8,NHIDCL,Assam,July 2026,904.04,85.2,563.52,0.0,6.149999999999977,4,6.614084507042253,Small,904.04
618354,Wideinig & Upgradation to 2-lanes with paved shoulders road from Tamenglong to Mahur NH-137 in the State of Assam starting from km 96.870 near Jiri River to km 116.550 near Hangrum Package-7 on EPC mode Package7,NHIDCL,Assam,July 2026,846.82,90.36,481.81,0.0,481.81,4,5.332115980522355,Small,846.82
618355,"Construction of of 2 -Lane with paved shoulders road from Tamenglong-Tousem- Lisang-Mahur Road NH-137 starting near Dialong Village from km 10.000 at Dialong to km 31.430 near Old Tamenglong , near Barak River on EPC Mode Package-2",NHIDCL,Manipur,July 2026,483.87,95.28,375.87,0.0,3.769999999999982,4,3.9448992443324937,Small,483.87
618356,Construction of 2 -Lane with paved shoulders road from Tamenglong to Mahur in the state of Manipur from km 31.430 at Old Tamenglong to km 43.480 ending near Phelong on EPC Mode Package-3,NHIDCL,Manipur,July 2026,234.08,98.5,201.13,0.0,0.0,4,2.0419289340101523,Small,234.08
618357,Construction of 2 -Lane with paved shoulders road from Tamenglong to Mahur NH- 137 in Manipur starting from km 54.180 near Azuram to km 80.630 near Mandeu on EPC Mode Package 5,NHIDCL,Manipur,July 2026,477.86,84.87,330.13,0.0,0.009999999999990905,4,3.889831507010722,Small,477.86
618358,Construction of 2 -Lane with paved shoulders road from Tamenglong to Mahur NH- 137 starting from km 80.630 near Mandeu to km 96.870 near Jiri River on EPC Mode Package-6,NHIDCL,Manipur,July 2026,311.18,86.87,231.08,-0.4299999999999926,0.0,4,2.6600667664326005,Small,311.18
618359,Widening/Improvement to 4-Lane with Paved Shoulder from km 55000 Nagabang Gamsuk to km 82514 Oyan in the State of Assam and Arunachal Pradesh on EPC mode under Bharatmala Pariyojna of Length 27.514 Km Package-3,NHIDCL,"Multi-States (Arunachal Pradesh, Assam)",July 2026,665.47,96.7,380.59,0.0,7.529999999999973,5,3.9357807652533605,Small,665.47
618362,Construction of 2-laning with hard shoulder of Lunglei to Chhumkhum from Design Chainage Km 0.000 to Km 37.420 of NH-302 [Lunglei-Tlabung] Package-A,NHIDCL,Mizoram,July 2026,698.45,64.78,553.89,0.0,1.0,5,8.550324174127816,Small,698.45
618363,Construction of 2-laning with hard shoulder configuration of Chhumkhum to Tlabung from Design Chainage Km 37.420 to Km 74.950 of NH-302 in Mizoram under Bharatmala Pariyojana on EPC mode [Pkg-B],NHIDCL,Mizoram,July 2026,740.58,61.34,494.49,0.0,0.0,5,8.061460710792305,Small,740.58
618364,"Widening to 2 Lane with Hard shoulder of Akegwo-Avangkhu section of NH-202K for Package-I Design Chainage 0000 Km to 34795 Km, in the State of Nagaland on EPC mode under NH O-NE",NHIDCL,Nagaland,July 2026,430.24,87.0,0.0,0.0,0.0,5,0.0,Small,430.24
618365,Widening to 2 Lane with Hard shoulder of Akegwo-Avangkhu section of NH-202K for Package-III Design Chainage 69875 Km to 106816 Km in the State of Nagaland on EPC mode under NHO-NE,NHIDCL,Nagaland,July 2026,497.18,85.67,0.0,0.0,0.0,5,0.0,Small,497.18
618366,Widening to 2 Lane with Hard shoulder of Akegwo-Avangkhu section of NH-202K for Package-II Design Chainage 34795 Km to 69875 Km in the State of Nagaland on EPC mode under NHO-NE,NHIDCL,Nagaland,July 2026,442.54,58.5,0.0,0.0,0.0,5,0.0,Small,442.54
618367,Improvement and Widening to 2-lane with paved shoulder of road from design Km 72.000 Pati Chhari to design Km 107.654 Harina Total length 35.654 Km on Teliamura to Harina section of NH 208 in the state of Tripura on EPC mode under JICA ODA Loan Phase VI Package-4,NHIDCL,Tripura,July 2026,726.9,9.5,100.25,0.16999999999999993,-159.11,5,10.552631578947368,Small,726.9
618368,Improvement and Widening to 2-lane with paved shoulder of road from design Km 36.000 Rangamati to design Km 72.000 Pati Chhari Total length 36.000 Km on Teliamura to Harina section of NH 208 in the state of Tripura on EPC mode under JICA ODA Loan Phase VI Package-3,NHIDCL,Tripura,July 2026,670.9,14.7,183.24,0.1999999999999993,183.24,5,12.46530612244898,Small,670.9
618369,Improvement and Widening to 2-lane with paved shoulder of road from existing Km 438.170 Khowai Chowmuhani to existing Km 439.410 South Pulinpur of NH-08 and from design Km 0.000 South Pulinpur to design Km 36.00 near Rangamati of NH 208 on Khowai Teliamura- Harina section Total length 37.24 in the state of Tripura on EPC mode under JICA ODA Loan Phase VI Package-2,NHIDCL,Tripura,July 2026,657.21,60.7,301.86,0.20000000000000284,301.86,5,4.972981878088962,Small,657.21
618370,Improvement and Widening to 2-lane with paved shoulder of road from Km 101.300 to km 127.319 Total Length 26.019 Km i.e. the Khowai Teliamura-Amarpur-Harina- Sabroom section of NH 208 in the state of Tripura on EPC under JICA ODA Loan Phase VI Package-1,NHIDCL,Tripura,July 2026,431.78,63.15,265.36,0.0,265.36,5,4.202058590657166,Small,431.78
618371,"Widening/Improvement to 4-Lane with Paved Shoulder configuration of existing single lane road from Srirampur near Bhairiguri Village to Kachukhana Harichara Paglagaunj Package-I of Srirampur - Dhubri Section of NH-127B from existing Km 0.000 to Km 28.050 Design Km 0.000 to Km 27.650, Design Length27.650 Km under JICA ODA Loan assistance Phase-V -Balance work",NHIDCL,Assam,July 2026,613.89,89.5,384.6,0.0,0.36000000000001364,4,4.297206703910615,Small,613.89
618372,"Widening / Improvement to 4-Lane with Paved Shoulder configuration of existing single lane road from Kachukhana Harichara Paglagaunj to Dhubri - Phulbari Bridge approach Package-II of Srirampur - Dhubri Section of NH-127B from existing Km 28.050 to Km 55.060 Design Km 27.650 to Km 54.154, Design Length26.504 Km under JICA ODA Loan assistance Phase-V [Srirampur - Dhubri Pkg-2]",NHIDCL,Assam,May 2026,909.02,100.0,638.5,0.0,0.0,2,6.385,Small,909.02
618373,"Construction of 4-Lane Bridge including approaches over River Brahmaputra between Dhubri on North Bank,Assam and Phulbari on south Bank,Meghalaya on NH-127B under JICA ODA Loan assistance Phase-III",NHIDCL,Assam,July 2026,4997.04,77.14,3081.08,0.0,47.48999999999978,4,39.94140523723101,Medium,4997.04
618374,Improvement/Widening to 2-L with Paved Shoulder/ 4-Laning of NH-40 section from Km 151330 to Km 163400 design Km 63.530 to Km 71.520 including Dawki Bridge of length 368 m between Shillong-Dawki under JICA ODA Loan assistance Phase-II Pkg- 5 -Balance work,NHIDCL,Meghalaya,July 2026,284.21,42.91,170.81,0.9899999999999949,0.0,4,3.980657189466325,Small,284.21
618375,Improvement/Widening to 2-Lane with Paved Shoulder from design Km 45.760 to Km 63.530 between Shillong-Dawki under JICA ODA Loan assistance Phase-II -Balance work Pkg-4,NHIDCL,Meghalaya,July 2026,445.51,53.43,42.39,0.21999999999999886,0.0,4,0.7933745087029759,Small,445.51
618376,Improvement/Widening to 2-Lane with Paved Shoulder between Shillong-Dawki road up to Bangladesh Border from design Km 10.670 to Km 37.550 under JICA ODA Loan assistance Phase-II -Balance Work-Pkg-2,NHIDCL,Meghalaya,July 2026,525.67,53.21,0.0,2.1899999999999977,0.0,4,0.0,Small,525.67
618377,Improvement/Widening to 2-L with Paved Shoulder/4-L from Km 81740 to Km 93490 design Km 0000 to Km 10670 of NH-40 New NH-106 & 206 section & 4-L from design Km 0.00 to Km 0.930 of NH-44 section between Shillong-Dawki under JICA ODA Loan assistance Phase-II -Balance Work Pkg-1,NHIDCL,Meghalaya,July 2026,351.12,100.0,243.15,0.0,243.15,4,2.4315,Small,351.12
618379,Widening and Up-gradation to 2- Lane with Paved Shoulder Configuration and geometric improvement from Km. 208. 000 to Km 250.000 Package-5 on Aizawl Tuipang Section of NH-54 in the State of Mizoram Package-5,NHIDCL,Mizoram,July 2026,752.89,95.35,125.64,0.0,0.0,5,1.3176717357105403,Small,752.89
618380,Widening and Up-gradation to 2- Lane with Paved Shoulder Configuration and geometric improvement from Km. 125. 000 to Km 166 Package-3 on Aizawl Tuipang Section of NH-54 in the State of Mizoram Package-3,NHIDCL,Mizoram,July 2026,867.09,97.51,525.13,0.0,365.58,5,5.385396369603117,Small,867.09
618381,Widening and up-gradation to 2-lane with paved shoulder configuration and geometric improvements from km 250.00 Lunglei to km 298.00 on Aizawl-Tuipang section under JICA ODA Loan assistance Phase-I Package-6,NHIDCL,Mizoram,May 2026,768.76,98.73,168.78,0.0,0.0,2,1.7095107869948343,Small,768.76
618382,Widening and up-gradation to 2-lane with paved shoulder configuration and geometric improvements from km 298.00 to km 339.00 on Aizawl-Tuipang section under JICA ODA Loan assistance Phase-I Package-7,NHIDCL,Mizoram,May 2026,605.76,100.0,0.01,0.0,0.0,2,0.0001,Small,750.32
618383,Widening and up-gradation to 2-lane with paved shoulder configuration and geometric improvements from km 339.00 to km 380.00 Siaha on Aizawl-Tuipang section under JICA ODA Loan assistance Phase-I Package-8,NHIDCL,Mizoram,July 2026,637.06,99.82,547.01,0.0,445.12,5,5.47996393508315,Small,637.06
618384,Widening and Up-gradation to 2- Lane with Paved Shoulder Configuration and geometric improvement from Km. 166. 000 to Km 208.000 Package-4 on Aizawl Tuipang Section of NH-54 in the State of Mizoram Package-4,NHIDCL,Mizoram,May 2026,899.45,99.88,191.59,0.0,0.0,2,1.9182018422106528,Small,899.45
618385,Rehabilitation and up-gradation of road from design km 25.250 to km 36.460 Total lengh 11.210 km of Kailashahar-Kurti Bridge section on NH-208A to 2-lane with paved shoulder on EPC basis under NHO Package-III- Balance Work,NHIDCL,Tripura,July 2026,174.43,53.14,67.1,11.240000000000002,67.1,5,1.262702295822356,Small,174.43
618386,Rehabilitation & Upgradation of Road from Km 0.00 to Km 18.600 Total length-18.600 km of Kumarghat-Kailashahar section on NH-208 to 2-lane with Paved shoulder on EPC bais under NHO,NHIDCL,Tripura,May 2026,277.5,0.0,0.0,0.0,0.0,2,0.0,Small,302.03
618387,Construction of 2-laning with Hard shoulder of Ukhrul Tolloi - Tadubi section of NH- 102A from Design Chainage km 9450 to km 50850 in the State of Manipur on EPC mode under NHO-NE Package-2,NHIDCL,Manipur,July 2026,578.98,80.04,278.6,0.020000000000010232,11.490000000000009,4,3.480759620189905,Small,578.98
618388,Construction of 2-laning with Hard shoulder road of Ukhrul - Tolloi - Tadubi section of NH-102A from Design Chainage 50.850 km to 81.870 km in the State of Manipur on EPC mode under NHO-TSP Package -3,NHIDCL,Manipur,July 2026,315.56,94.5,257.41,3.3900000000000006,5.950000000000017,4,2.723915343915344,Small,315.56
618389,Construction of 2-laning with Hard shoulder road of Ukhrul - Tolloi - Tadubi section of NH-102A from Design Chainage 81.870 km to 105.825 km in the State of Manipur on EPC mode under NHO-TSP Package -4,NHIDCL,Manipur,July 2026,310.76,97.0,287.73,0.0,32.130000000000024,4,2.9662886597938147,Small,310.76
618390,"Construction, Operation & Maintenance of 2-L Bi-directional Silkyara Bend- Barkot Tunnel with escape passage including approaches Tunnel-4.531 & Approach road- 0.328 on Dharasu-Yamunotri section b/w Chainage 25.400km and 51.00km falling along NH-134 Old NH-94 on EPC mode",NHIDCL,Uttarakhand,July 2026,1383.78,76.03,842.44,2.530000000000001,11.980000000000018,4,11.0803630145995,Medium,1383.78
618391,"Construction for Mitigation Measures of 5 Nos. Landslides, 05 No. Sinking Zones and 01 No. Bridge from Ch. 450.00 to Ch. 468.00 18 Km. Length on NH-07 Package-III",NHIDCL,Uttarakhand,July 2026,250.33,88.12,100.93,0.5500000000000114,100.93,4,1.145369950068089,Small,250.33
618392,"Construction for Mitigation Measures of 5 Nos. Landslides, 5 Nos. Sinking Zones in between Ch. 433.00 to 450.00 BANERPANI VILLAGE on NH-07 on EPC mode in the state of Uttarakhand Package-2",NHIDCL,Uttarakhand,July 2026,259.64,68.45,0.0,4.219999999999999,0.0,4,0.0,Small,259.64
618393,"Construction for Mitigation Measures of 10 Nos. Landslides, 01 No. Sinking Zones and 1 No. of Minor Bridge in between at Ch. Km 368.00 to Km 433.00 on NH-07 on EPC Mode in Uttarakhand Package-1",NHIDCL,Uttarakhand,July 2026,216.68,99.97,117.83,1.3599999999999994,4.659999999999997,4,1.1786535960788236,Small,216.68
618394,Up-gradation to 2-lane with Paved Shoulder from Km 12.850 to Km20.300 of 7.450Km length on Goha-Khellani section and a link road to Goha village of 2.016 km on NH- 244 in UT of Jammu and Kashmir on EPC Mode Pkg-1,NHIDCL,Jammu and Kashmir,July 2026,228.39,94.26,182.21,0.0,5.6299999999999955,4,1.9330575005304478,Small,225.37
618395,"Construction & Upgradation to 2-lane with paved shoulder from Design Ch. Km 51700 at Premnagar km 66315 to Km 66535 New Thatri at Start of Km 83rd, Tunnel Km 82665 of 14.835 Km design length on Chenani-Sudhmahadev-Goha Khellani- Kishtwar-Vailoo Donipawa-Ashajipora section of NH-244 in the UT of J&K on EPC Mode under NHO-Gen Pkg - 2",NHIDCL,Jammu and Kashmir,July 2026,512.43,53.49,164.66,0.0,0.0,4,3.0783323985791733,Small,512.43
618396,Construction & Upgradation to 2 lane with paved shoulder from Design Km. 31.449 Khellani Ex. Km 44.946 to Km 51.700 Prem Nagar Ex. Km 68617 of 20.251 Km length on Khellani - Kishtwar - Chattroo section of NH-244 in the UT of J&K on EPC Mode under NHO-Gen PKG- 1,NHIDCL,Jammu and Kashmir,May 2026,486.45,0.0,0.0,0.0,0.0,2,0.0,Small,486.45
618397,Widening and Up-gradation to 2-Lane with Paved Shoulder of configuration and geometric improvement from Km 0.000 to Km 16.990 on Chenani Sudhmahadev section of NH-244 in UT of Jammu and Kashmir to be executed on EPC basis,NHIDCL,Jammu and Kashmir,July 2026,255.9,94.06,239.96,0.0,-2.4599999999999795,4,2.5511375717627045,Small,255.9
618398,Up-gradation to 2-lane with Paved Shoulder from Km 20.300 to Km 29.030 of 8.730 Km length on Goha-Khellani section on NH-244 in UT of Jammu and Kashmir on EPC Mode Package II,NHIDCL,Jammu and Kashmir,July 2026,210.79,96.95,190.27,0.0,0.010000000000019327,4,1.9625580195977308,Small,210.79
618399,Construction of Kishtwar bypass with 2 lane with paved shoulder from Design Km. 80.675 Dulhasti to km 95.550 Bandarkoot of 14.88 km & a link road to Kishtwar town from 0000 to 1.871 of length1.871 Km on Khellani - Kishtwar - Chattroo section in UT of Jammu and Kashmir on EPC Mode Pkg-4,NHIDCL,Jammu and Kashmir,July 2026,859.67,50.64,363.03,0.0,2.5599999999999454,4,7.168838862559241,Small,859.67
618400,Construction & Upgradation to 2-lane with paved shoulder from Design Km 67.805 at the end of Km 83rd Tunnel near Dhrabshalla Ex. Km 83905 to Km 80.675 start of Kishtwar Bypass - Dulhasti Ex. Km 970751 of 12.870 Km length on chenani- Sudhmahadev-Goha Khellani-Kishtwar-vailoo-Donipawa-Ashajipora seition of NH-244 in the UT of J&K on EPC Mode under NHO-Gen Pkg-3,NHIDCL,Jammu and Kashmir,July 2026,398.51,98.55,120.09,0.0,0.0,4,1.2185692541856925,Small,398.51
618401,"Construction of Intermediate Lane with Hard Shoulder of Hunli to Hayuliang Package- III from design Km 60.000 to Km 121.500 Design Length 61.500 km, Greenfield Section of Frontier Highway NH-913 in the State of Arunachal Pradesh on EPC Mode Pkg-3",NHIDCL,Arunachal Pradesh,July 2026,1418.67,1.7,93.19,0.0,93.19,4,54.81764705882353,Medium,1418.67
618402,"Construction of Intermediate Lane with Hard Shoulder of Hunli to Hayuliang from Design Km 0.000 to Km 53.000 Design Length 53.000 km, Greenfield Section of Frontier Highway NH-913 in the State of Arunachal Pradesh on EPC Mode Package-I",NHIDCL,Arunachal Pradesh,July 2026,1262.43,19.13,255.45,1.0299999999999976,10.259999999999991,4,13.353371667537898,Medium,1262.43
618403,Construction of Intermediate Lane Road with hard shoulder from design Km 0.000 to Km 17.387 Total length 17.387 km of Hunli to Ithun Bridge section on NH-913 Frontier Highway in State of Arunachal Pradesh on EPC mode under NHO-NE,NHIDCL,Arunachal Pradesh,July 2026,275.5,56.18,163.15,2.0700000000000003,163.15,4,2.904058383766465,Small,275.5
618404,Construction of lntermediate Lane Road with hard shoulder from design chainage Km 0.000 to Km 53.040 Existing Length68.500 Km & Total Design length 53.04 km of Tato to Monigong section of NH-913 Frontier Highway on Nafra Bomdila to Vijaynagar along China border in state of Arunachal pradesh on EPC mode,NHIDCL,Arunachal Pradesh,July 2026,625.61,22.81,269.64,0.8399999999999999,269.64,4,11.821131082858395,Small,625.61
618405,"Construction of Intermediate Lane of Pango to Jorging Road from 0000 to Design Km Design Km 40000 Design Length 40.00 Km, Pkg-l, Greenfield Alignment in the State of Arunachal Pradesh on EPC mode Pkg-1",NHIDCL,Arunachal Pradesh,July 2026,898.19,39.86,255.52,0.060000000000002274,255.52,4,6.410436527847467,Small,898.19
618406,Up-gradation to 4-lane with Paved Shoulder of Jammu-Akhnoor road section of NH- 144A from Ganesh Vihar Km 6.000 to Khati Chowk Km 26.350 in UT of Jammu and Kashmir on EPC basis Pkg-3A,NHIDCL,Jammu and Kashmir,July 2026,322.49,92.5,398.19,0.29000000000000625,9.550000000000011,4,4.304756756756757,Small,322.49
618407,Jammu-Akhnoor Road Pkg-I,NHIDCL,Jammu and Kashmir,July 2026,245.3,75.29,115.21,0.0,18.00999999999999,4,1.5302164962146365,Small,245.3
618408,Kargil Zanskar Road,NHIDCL,Ladakh,July 2026,398.37,97.1,337.19,2.0799999999999983,11.240000000000009,4,3.4726055612770343,Small,398.37
618409,Widening & Up-gradation to 2 lane with Paved shoulder of NH-301 Kargil- Zanskar Road from Design km 57.000 Ex. Km. 57.905 to Km 87.000 Ex. Km. 88.2491 of 30.000 Km length Pkg-lll,NHIDCL,Ladakh,July 2026,381.01,91.01,313.34,1.710000000000008,14.009999999999991,4,3.4429183606197116,Small,381.01
618410,Widening & Up-gradation to 2 lane with paved shoulder of NH-301 Kargil- Zanskar Road from Design Km .30.040 Ex. Km. 30.000 to Design Km 57.000 Ex. Km. 57.905 of 26.960 Km length Pkg-II,NHIDCL,Ladakh,July 2026,404.89,84.94,360.06,0.2599999999999909,0.06999999999999318,4,4.238992229809277,Small,404.89
618411,Melaghar-Srimantapur section on NH-08 Spur from Km 23 to Km 34.500 11.5 Km and overlay from Km 20.30 to Km 22.00 1.7 Km Total Length 13.2 Km,NHIDCL,Tripura,July 2026,195.95,72.48,95.54,0.0,2.930000000000007,5,1.3181567328918322,Small,195.95
618412,Construction of i Connecting Road from Z-Morh Tunnel to Zojila Tunnel Road Length 18.475km and ii 14.150 Km long 2-L Bi-directional single tube Zoji-la Tunnel across Zojila Pass on Sonamarg - Kargil section from Km 82 to Km 118 of NH-01 under PMDP,NHIDCL,Andhra Pradesh,July 2026,6808.69,68.8,3574.5,0.0,25.429999999999836,4,51.95494186046512,Large,6808.69
618413,Construction of 2 laning with Hard shoulder of Peren-Dimapur section on NH 129A from Design Km 146.208 to Km 163.592 Length- 17.384 km in the state of Nagaland on EPC mode under NHO-TSP Package-III,NHIDCL,Nagaland,July 2026,177.77,95.62,111.71,0.0,111.71,5,1.1682702363522275,Small,199.02
618414,Construction of Balance work for 2-lane with hard shoulder of Peren- Dimapur section on NH-129A from Design Km 126.775 to Km 146.208 Length 19.433 Km in the state of Nagaland on EPC mode under NHO-TSP Package-II,NHIDCL,Nagaland,July 2026,258.52,96.53,136.09,0.0,0.22999999999998977,5,1.40982078110432,Small,258.52
618415,"Improvement of existing road to 2 laning with Hard Shoulders of Maram-Peren section Package-1B, length- 17.660 km from Design Chainage 22.340 km to 40.000 km on NH-129A in the State of Manipur on EPC mode",NHIDCL,Manipur,July 2026,188.36,100.0,0.0,0.0,0.0,4,0.0,Small,188.36
618416,"Improvement of existing road to 2 laning with Hard Shoulders of Maram -Peren section Package-1A, length- 22.340Km from Design Chainage 0.000 km to 22.340 km on NH-129A in the State of Manipur on EPC mode",NHIDCL,Manipur,July 2026,226.32,75.08,190.19,0.0,0.9300000000000068,4,2.5331646244006394,Small,226.32
618417,"Construction of 4-Lane with paved shoulder Agartala bypass Western side, length 25.402 km connecting NH-8 near Amtali to NH-108B near Lembuchhera in the state of Tripura on EPC basis under NHO-NE",NHIDCL,Tripura,July 2026,2026.05,9.2,462.34,0.0,-25.04000000000002,5,50.254347826086956,Medium,2026.05
618418,Rehabilitation and up gradation of Nongstoin-Rambrai-Kyrshai road up to Meghalaya- Assam border from Km 0.335 to km 34.039 to 2-Lane under NHO - NE in the State of Meghalaya Package-1,NHIDCL,Meghalaya,July 2026,359.86,83.05,310.07,0.030000000000001137,10.889999999999986,4,3.733534015653221,Small,359.86
618419,"Construction of 2-Lane with paved shoulders of Shillong Western Bypass starting from NH-06 near Ladumsaw existing Km 60.900 of old NH40 to NH106 old NH 44E Package-III, from km 24700 to km 38256 under SARDP-NE PHASE A in the state of Meghalaya on EPC Mode Greenfield alignment",NHIDCL,Meghalaya,July 2026,562.48,52.28,340.17,0.28000000000000114,85.63000000000002,5,6.506694720734506,Small,562.48
618420,"Construction of 2 lane with paved shoulder of Shillong Western Bypass starting from NH-06 near Ladumsaw existing km 60.900 of old NH-40 to NH-106 old NH-44E, Package-II km 12800 to km 24700 under SARDP-NE Phase A in the State of Meghalaya on EPC Mode",NHIDCL,Meghalaya,July 2026,686.03,50.48,357.32,0.6599999999999966,-77.82999999999998,5,7.078446909667195,Small,686.03
618421,"Construction of 2-Lane with paved shoulder of Shillong Western Bypass starting from NH-06 near Ladumsaw Existing km 60.900 of old NH-40 to NH106 old NH-44E, km 0000 to km 12800 Package-I under SARDP-NE PHASE A in the State of Meghalaya on EPC Mode Greenfield alignment",NHIDCL,Meghalaya,July 2026,620.3,74.85,332.95,1.7199999999999989,28.44999999999999,5,4.448229792919172,Small,620.3
618422,"Construction of 2-lane with hard shoulders of Merangkong-Tamlu-Mon road Wakching Twon portion on EPC basis from existing Chainage Km 59000 to Km 73640 [Design Km. 59000 to Km, 72450] Design length - 13.450 Km under SARDP-NE package-V Balance work",NHIDCL,Nagaland,July 2026,161.73,99.75,101.28,0.0,0.07000000000000739,5,1.0153383458646617,Small,161.73
618423,Construction of 2-Lane with hard shoulders of Merangkong-Tamlu-Mon MTM Road from existing Km 20.456 to Km 41.065 Design Km. 20 to Km. 40.0 Design Length- 20.000 Km in the State of Nagaland under SARDP-NE Phase-A Pkg-2 Balance work,NHIDCL,Nagaland,July 2026,215.79,100.0,173.12,0.0,0.0,5,1.7312,Small,215.79
618426,Construction/Up gradation of Existing road to 2 Lane with Paved Shoulder including Geometric Improvement from Ranipool to Pakyong Balance work from Km 2.000 to 16.167 of NH-717-A on EPC basis under SARDP-NE Phase A in the State of Sikkim,NHIDCL,Sikkim,July 2026,264.84,87.03,127.34,0.0,127.17,5,1.4631736182925428,Small,380.94
618427,Construction & upgradation of existing road to 2-lane with paved shoulder including geometric improvement of Kafer- Lava More section from km 40.00 to km 61.100 of NH717-A on EPC under SARDP-NE A in state of West Bengal Pkg-VA,NHIDCL,West Bengal,July 2026,311.02,95.98,268.2,0.0,262.08,4,2.7943321525317772,Small,273.78
618428,Realignment of NH-717A from Design Ch.0.00 Km 77.800 of NH-10 to Design Ch.2.00 Km 3.100 of NH-717A with two lane paved shoulder including Major Bridge of 680 m in the State of Sikkim on EPC Mode-COS work,NHIDCL,Sikkim,July 2026,264.84,100.0,70.71,0.0,0.009999999999990905,5,0.7071,Small,380.94
618429,Construction & upgradation of existing road to 2-lane with paved shoulder including geometric improvement of sect. from Pedong bypass to Reshi Border km 79.700 to km 96.254 of NH-717A under SARDP-NE-A on EPC as part of Alternate connectivity to Gangtok Lava More-Reshi Border Pkg-VB,NHIDCL,West Bengal,July 2026,345.38,97.22,418.73,0.01999999999999602,0.0,4,4.307035589384901,Small,395.59
618430,Construction of alternative highway to Gangtok in Sikkim via Bagrakot -Chuikhim- Nimbong -Kafer-Bakhim-Algarah-Rhenock in the State of West Bengal and from Rhenok-Rorathang-Pakyong along with spur from Aritar-Rolep-Menla in the State of Sikkim from Km 0.00 to Km 13.00 of Bagrakot -Kafer section of NH 717A on EPC Mode under Phase-A of SARDP-NE in the State of West Bengal PKG- IVA,NHIDCL,West Bengal,July 2026,402.94,99.23,261.9,0.0,261.51,4,2.639322785447949,Small,402.94
618431,Construction of alternative highway to Gangtok in Sikkim via Bagrakot -Chuikhim- Nimbong -Kafer-Bakhim-Algarah-Rhenock in the State of West Bengal and from Rhenok-Rorathang-Pakyong along with spur from Aritar-Rolep-Menla in the State of Sikkim from Km 13.00 to Km 25.60 of Bagrakot -Kafer section of NH 717A on EPC Mode under Phase-A of SARDP-NE in the State of West Bengal PKG- IVB,NHIDCL,West Bengal,July 2026,295.97,97.73,255.94,0.0,255.94,4,2.61884784610662,Small,295.97
618432,Construction of Balance work of 2-Lane with PS of Joram-Koloriang Road NH-713 on EPC basis from Design Km 44.989 to Km 61.547 Existing Km 50.050 to Km 70.000 in the state of Arunachal Pradesh under SARDP-NE Pkg-3,NHIDCL,Arunachal Pradesh,May 2026,228.72,99.52,0.0,0.0,0.0,2,0.0,Small,228.72
618433,Construction of Balance work of 2-Lane with PS of Joram Koloriang Road from existing Km122.600 to km138.00 [Design Km108.724 to Km123.714] in Arunachal Pradesh on EPC Mode under SARDP-NE Pkg-7,NHIDCL,Arunachal Pradesh,July 2026,184.89,99.69,156.42,0.0,156.42,4,1.5690640987059885,Small,184.89
618434,Roing-Hunli Road Greenfield Alignment Project,NHIDCL,Arunachal Pradesh,July 2026,1718.59,82.45,1123.4,0.13000000000000966,934.1600000000001,4,13.625227410551851,Medium,1718.59
618435,4-Laning from Rangagara to Kaliabor Tiniali from km 297.00 to km 315.315 of NH-37 on EPC basis under SARDP-NE in state of Assam,NHIDCL,Assam,June 2026,386.51,97.13,360.25,0.0,8.089999999999975,3,3.708946772366931,Small,386.51
618436,4-Laning of Jamugurihat to end of Biswanath Chariali By-Pass from Km 182.000 to Km 208.000 of NH-52 on EPC mode in state of Assam under SARDP-NE,NHIDCL,Assam,July 2026,599.0,100.0,432.62,0.0,-2.269999999999982,4,4.3262,Small,599.0
618437,"Construction of Balance Work of 4-Laning of NH-37 Section between End of Moran Bypass to Bogibeel junction near Lapetketa Km. 561.700-Km. 580.875 under SARDP- NE, Phase 'A' in the State of Assam on EPC mode Pkg-I Road works & Toll Plaza",NHIDCL,Assam,July 2026,274.34,100.0,116.66,0.0,19.989999999999995,4,1.1665999999999999,Small,274.34
618438,"4-Laning of NH-37 Section between Demow to End of Moran Bypass From Km. 534.800 to Km. 561.700 including Emergency Landing Facility ELF under SARDP-NE, Phase 'A' in the State of Assam on EPC mode",NHIDCL,Assam,July 2026,385.57,100.0,680.44,0.0,-5.289999999999964,4,6.8044,Small,385.57
618439,"Construction of Balance Work of 4-Laning of the Section from Jorhat to Jhanji of NH- 37 Old from Km 453000 to Km 463000 10.000 Km, under SARDP- NE under EPC Mode in the state of Assam Pkg-I Road Works",NHIDCL,Assam,June 2026,478.3,96.79,0.0,0.0,0.0,3,0.0,Small,478.3
618440,"Construction of Balance Work of 4-Laning of the Section from Jhanji to Demow of NH- 37 Old from Km 490.800 to Km 534.800, under SARDP- NE on EPC Mode in the state of Assam Pkg- IV Structures & Toll Plaza",NHIDCL,Assam,July 2026,187.09,58.19,16.71,0.0,16.71,4,0.2871627427393023,Small,100.22
618441,"Construction of Balance Work of 4-Laning of the Section from Jhanji to Demow of NH- 37 Old from Km 490.800 to Km 501.800 11.000 Km, under SARDP- NE under EPC Mode in the state of Assam Pkg-I Road Works",NHIDCL,Assam,July 2026,467.79,87.33,97.88,0.0,97.88,4,1.1208061376388412,Small,476.5
618442,"Construction of Balance Work of the 4-Laning of the Section from Jorhat to Jhanji of NH-37 Old from Km 477.000 to Km 490800 13.800 Km, under SARDP- NE under EPC Mode in the state of Assam Pkg-III Road Works",NHIDCL,Assam,July 2026,358.72,100.0,100.4,0.0,-297.88,4,1.004,Small,358.72
618443,"Construction of Balance Work of the 4-Laning of the Section from Jorhat to Jhanji of NH-37 Old from Km 463.00 to Km 477.000 14.000 Km, under SARDP- NE under EPC Mode in the state of Assam Pkg-II Road Works",NHIDCL,Assam,June 2026,438.44,95.86,0.0,0.0,0.0,3,0.0,Small,438.44
618444,"Construction of Balance Work of the 4-Laning of the Section from Jorhat to Jhanji of NH-37 Old from Km 453.000 to Km 490.800, under SARDP- NE , under EPC Mode in the state of Assam Pkg-IV Structures & Toll Plaza",NHIDCL,Assam,June 2026,279.01,94.73,398.54,0.0,398.54,3,4.207114958302544,Small,279.01
618445,Construction of 2-Laning with hard shoulders of Demwe-Brahmakund section of NH- 13 from Ch.0.00 km to 18.464 km on EPC under SARDP-NE NHO-NE -Balance Work,NHIDCL,Arunachal Pradesh,July 2026,353.9,19.57,26.82,0.019999999999999574,26.82,4,1.3704649974450689,Small,353.9
618446,Construction & Upgradation of existing road to 2-lane with paved shoulder from New Rolep Bridge at km 37.600 to Chochenpheri at km 52.00 in the section of Rongli to Chochenpheri of NH 717B Pkg-II C,NHIDCL,Sikkim,July 2026,493.42,79.13,395.19,0.0,395.16,5,4.994186781246051,Small,478.79
618447,Construction of 2-Laning with Paved Shoulder of New Greenfield Alignment From Helipad near Menla at Km 82000 to Menla at Km 94030 of Rhenock-Menla Spur NH- 717B Package-IIIB on EPC Basis under SARDP-NE Phase 'A' in the State of Sikkim.,NHIDCL,Sikkim,July 2026,410.6,82.64,241.77,0.0,241.77,5,2.9255808325266215,Small,379.3
618448,Construction of 2-Laning with Paved Shoulder of New Greenfield Alignment From Chochenpheri at Km 52000 to Helipad near Menla at Km 82000 of Rhenock-Menla Spur NH-717B Package-IIIA on EPC Basis under SARDP-NE Phase 'A' in the State of Sikkim.,NHIDCL,Sikkim,July 2026,816.79,64.31,474.96,0.0,442.67999999999995,5,7.385476597729746,Small,786.6
618449,Construction & Upgradation of existing road to 2-lane with paved shoulder from km27.200 End of Rongli bypass to km37.600New Rolep Bridge of Rhenok-Menla spur NH-717B on EPC Mode under SARDP-NE Phase-A in Sikkim Pkg-II B,NHIDCL,Sikkim,July 2026,230.45,86.19,249.71,0.0,249.71,5,2.897203851954983,Small,244.91
618450,Rehabilitation & Upgradation of existing road to 2-lane with paved shoulder including geometric improvement of section from start of Rabangla km33.600 to km58.840 under SARDP-NE Phase A Pkg- IV,NHIDCL,Sikkim,July 2026,292.8,65.15,253.63,0.0,251.72,5,3.8930161166538753,Small,292.8
618452,"2-laning of Zorinpui - Longmasu section of NH-502A from km 0.000 to km 28.244 in the State of Mizoram on EPC mode under NHO-NE, stretch of IMBR",NHIDCL,Mizoram,July 2026,781.85,4.71,48.26,0.0,0.11999999999999744,5,10.24628450106157,Small,781.85
618454,"Earthwork in Formation, Road Work, Construction of Bridges, Blanketing, P. Way Linking works including Supply of P. Way Fittings and Track Ballast in connection with Construction of Railway Siding from Jogighopa Railway Station to MMLP at Jogighopa from Ch. 00 to 3760 on Item Rate basis Package -3, Railway Siding from Jogighopa Railway Station to MMLP",NHIDCL,Assam,July 2026,693.97,93.23,40.17,0.0,-1.6099999999999994,4,0.43086989166577283,Small,693.97
618455,Development of External Trunk Connectivity and Internal Infrastructure Works at Multi Model Logistics ParkMMLP at Jogighopa in the State of Assam on EPC Mode Package-I Road and Utility Works,NHIDCL,Assam,July 2026,693.97,100.0,308.85,0.0,-1.25,4,3.0885000000000002,Small,693.97
618456,Delhi-Vadodara Greenfield Alignment NH-148N Pkg-14 Ch. 388.420 to Ch. 419.000 [Junction with NH- 76 to Junction with NH-12 near village Ummedpura],National Highways Authority of India [NHAI],Rajasthan,May 2026,1119.35,99.8,975.7,0.0,0.0,2,9.776553106212425,Medium,1194.17
618457,Delhi-Vadodara Greenfield Alignment NH-148N Pkg-10 Ch. 292.950 to Ch. 319.400 [End of Interchange on NH-166 near village Mui to Hardeoganj village near Indergarh],NHAI,Rajasthan,July 2026,1272.97,95.25,1150.13,0.0,0.010000000000218279,4,12.074855643044621,Medium,1265.16
618458,Delhi-Vadodara Greenfield Alignment NH-148N Pkg-15 Ch. 419.000 to Ch.427.300 [Junction with NH-12 near village Ummedpura to Major bridge over Takli river near Nayagaon Jageer village],NHAI,Rajasthan,July 2026,1854.68,98.28,1530.92,2.760000000000005,35.430000000000064,4,15.577126577126577,Medium,1854.68
618459,Delhi-Vadodara Greenfield Alignment NH-148N Pkg-26 Ch.696890 to Ch.726390,NHAI,Gujarat,July 2026,1555.2,85.5,1288.32,3.9000000000000057,15.009999999999991,4,15.068070175438596,Medium,1556.4
618460,Delhi-Vadodara Greenfield Alignment NH-148N Pkg-28 Ch.756052 to Ch.781282,NHAI,Gujarat,June 2026,1263.38,100.0,934.98,0.0,69.11000000000001,3,9.3498,Medium,1266.98
618462,Delhi-Vadodara Greenfield Alignment NH-148N Pkg-31 Ch.824920 to Ch.844382 [Junction near Pratap nagar Village - Junction near Dodka Village],NHAI,Gujarat,July 2026,1644.85,100.0,1297.76,0.0,0.2899999999999636,4,12.9776,Medium,1651.14
618463,Vadodara Mumbai Expressway Kim to Ankleshwar Phase IA - Pkg V,NHAI,Gujarat,July 2026,1324.84,91.34,1546.7,0.0,75.43000000000006,4,16.93343551565579,Medium,2807.48
618464,Vadodara Mumbai Expressway Ena -Kim Phase IB - Pkg VI [Km 217.500 to Km 254.430],National Highways Authority of India [NHAI],Gujarat,May 2026,2271.86,98.9,2574.42,0.0,0.0,2,26.030535894843275,Medium,4297.28
618465,Vadodara Mumbai Expressway Gandeva to Ena Phase IB - Pkg VII [Km 190.00 to Km 217.500],National Highways Authority of India [NHAI],Gujarat,May 2026,1710.3,97.05,2158.87,0.0,0.0,2,22.244925296239053,Medium,3392.21
618466,Vadodara Mumbai Expressway Jujuwa - Gandeva from Km. 154.600 to Km. 190.000 Phase-I Package-VIII,NHAI,Gujarat,June 2026,3834.24,4.85,197.98,0.0,0.8499999999999943,3,40.820618556701035,Medium,3820.2
618467,Vadodara Mumbai Expressway Karvad - Jujuwa from Km. 128.000 to Km. 154.600 Phase-I Package-IX,NHAI,Gujarat,July 2026,2594.17,21.75,235.55,0.0,8.930000000000007,4,10.829885057471264,Medium,2587.04
618468,Vadodara Mumbai Expressway Phase II - Pkg XI [Km. 77.000 to Km. 103.400] Ganjad - Talsari,National Highways Authority of India [NHAI],Maharashtra,May 2026,1524.71,99.76,813.35,0.0,0.0,2,8.153067361668002,Medium,1913.95
618469,Vadodara Mumbai Expressway Phase II - Pkg XIII [Km. 26.582 to Km. 50.700] Shirsad - Masvan,NHAI,Maharashtra,July 2026,3536.9,98.2,1986.56,7.340000000000003,141.8599999999999,4,20.229735234215884,Medium,4679.54
618470,Vadodara Mumbai Expressway Phase II - Pkg XIV [Km. 3.000 to Km. 20.200 of Spur] Shirsad - Akloli,NHAI,Maharashtra,July 2026,2058.79,98.0,634.55,0.0,0.009999999999990905,4,6.475,Medium,2324.72
618471,Vadodara Mumbai Expressway Phase II - Pkg XV [Km. 20.200 to Km. 43.000 of Spur] Akloli - Amne,NHAI,Maharashtra,July 2026,2610.88,94.6,651.95,3.0999999999999943,29.720000000000027,4,6.891649048625793,Medium,2918.39
618472,Vadodara Mumbai Expressway Phase II - Pkg XVI [Km. 43.000 to Km. 69.800 of Spur] Amne - Bhoj,NHAI,Maharashtra,July 2026,4051.8,95.5,952.69,4.799999999999997,-30.199999999999932,4,9.975811518324608,Medium,4315.56
618473,Vadodara Mumbai Expressway Phase II - Pkg XVII [Km. 69.800 to Km. 79.783 of Spur] Bhoj - Morbe,NHAI,Maharashtra,July 2026,2208.68,90.73,931.24,4.939999999999998,41.799999999999955,4,10.263859803813512,Medium,2463.02
618475,Bangalore Chennai Expressway Phase-II Pkg-II from km.96.000 to Km 127.000 Baireddypalle to Bangarupalem section,NHAI,Andhra Pradesh,July 2026,2548.04,94.24,1332.41,0.9200000000000017,4.769999999999982,4,14.138476230899832,Medium,2548.04
618476,Bangalore Chennai Expressway Phase-II Pkg-III from km.127.000 to Km 156.000 Bangarupalem to Gudipala section,NHAI,Andhra Pradesh,July 2026,1407.33,99.46,868.62,0.0,0.009999999999990905,4,8.733360144781823,Medium,1407.33
618477,Bangalore Chennai Expressway Phase-III Package I Gudipala to Walajajhpet from Km 156.000 to Km 180.000,NHAI,"Multi-States (Andhra Pradesh, Tamil Nadu)",July 2026,1481.87,99.02,746.74,0.0,0.009999999999990905,4,7.541304786911735,Medium,1481.87
618478,Bangalore Chennai Expressway Phase-III Package II Walajahpet to Arakkonam from Km 180.000 to Km 204.500,NHAI,Tamil Nadu,July 2026,1106.65,93.04,593.0,0.0,1.0900000000000318,4,6.373602751504729,Medium,1106.65
618479,Bangalore Chennai Expressway Phase-III Package III Arakkonam to Kancheepuram from Km 204.500 to Km 230.000,NHAI,Tamil Nadu,July 2026,1525.1,53.56,360.95,0.0,0.30000000000001137,4,6.739171023151605,Medium,1525.1
618480,Construction of Trumpet Interchange Connecting Bangalore Chennai Expressway km.261705 to km. 262800 with Maduravoyal to Walajapet Section of NH 48 near Sriperumbudur Toll Plaza at km. 35700,NHAI,Tamil Nadu,July 2026,162.55,38.52,54.98,0.0,2.509999999999998,4,1.4273104880581513,Small,162.56
618481,4L Bangalore-Chennai Expressway from Km. 230.000 to Km. 261.705 of Kanchepuram to Sriperumbudur Section Phase-III/Package-IV,NHAI,Tamil Nadu,July 2026,3605.73,89.97,987.38,0.0,57.09000000000003,4,10.97454707124597,Medium,3605.73
618482,Delhi-Amritsar-Katra Expressway Phase-I Pkg-I from Jussur Kheri on NH-KMP Expressway to Junction with Rohtak-Panipat road NH-709 near Rukhi Paani village Km 0000 to Km 34000,NHAI,Haryana,July 2026,1866.49,99.91,1609.72,0.0,0.0,4,16.11170053047743,Medium,2429.9
618483,Delhi-Amritsar-Katra Expressway Phase-I Pkg-II from Junction with Rohtak-Panipat road NH-709 near Rukhi Paani village to Junction with Jind-Panipat road NH-352A near Gangana village Km 34000 to Km 60800,NHAI,Haryana,July 2026,1533.87,99.89,1176.23,0.0,0.0,4,11.775252778055862,Medium,1792.53
618484,Delhi-Amritsar-Katra Expressway Phase-I Pkg-III from Junction with Jind-Panipat road NH-352A near Gangana village to Junction with Jind-Karnal road NH-709A near Alewa village Km 60800 to Km 91400,National Highways Authority of India [NHAI],Haryana,May 2026,1606.27,79.08,631.62,0.0,0.0,2,7.987101669195751,Medium,1813.91
618485,Delhi-Amritsar-Katra Expressway Phase-I Pkg-IV from Junction with Jind-Karnal road NH-709A near Alewa village to Junction with Ambala-Kaithal-Hissar road NH-152 near Kharak Pandwa village Km 91400 to Km 120250,National Highways Authority of India [NHAI],Haryana,May 2026,1306.95,76.13,563.2,0.0,0.0,2,7.397872060948379,Medium,1578.66
618486,Delhi-Amritsar-Katra Expressway Phase-I Pkg-V from Junction with Ambala-Kaithal- Hissar road NH-152 near Kharak Pandwa village to Junction with Patiala-Samana- Patran road SH-10 near Ghagga village Km 120250 to Km 157920,NHAI,"Multi-States (Haryana, Punjab)",July 2026,1741.86,98.7,1508.2,0.0,76.30999999999995,4,15.2806484295846,Medium,2281.02
618487,Delhi-Amritsar-Katra Expressway Phase-I Pkg-VII from Junction with Patiala-Bathinda road NH-7 near Bhawanigarh to Junction with Ludhiana-Malerhkotla SH-11 near Bhogiwal village Km 188830 to km 225770,National Highways Authority of India [NHAI],Punjab,May 2026,1759.82,95.8,1250.45,0.0,0.0,2,13.052713987473904,Medium,1774.32
618488,Delhi-Amritsar-Katra Expressway Phase-I Pkg-VIII from Junction with Ludhiana- Malerkotla SH-11 near Bhogiwal village to Junction with Ludhiana-Moga road NH-5 near Mullanpur Dakha Km 225770 to km 260860,NHAI,Punjab,June 2026,1895.74,31.08,1274.51,0.0,522.56,3,41.007400257400256,Medium,2034.94
618489,Delhi-Amritsar-Katra Expressway Phase-I Pkg-IX from Junction with Ludhiana-Moga road NH-5 near Mullanpur Dakha to Junction with Jalandhar - Moga road NH-703 near Kang Sahibu village Km 260860 to km 303900,NHAI,Punjab,July 2026,1851.47,73.35,1935.88,0.0,1.1800000000000637,4,26.39236537150648,Medium,2407.14
618490,Delhi-Amritsar-Katra Expressway Phase-I Pkg-X from Jn. with Jalandhar - Moga road NH-703 to Jn. with Jalandhar-Kapurthala road NH-703A and to Jn. with Kapurthala - Sultanpur Lodhi road NH-703A km 000 to km 24000 to Amritsar connectivity,NHAI,Punjab,June 2026,2177.54,62.99,1524.23,0.0,519.95,3,24.197967931417686,Medium,2062.74
618491,Delhi-Amritsar-Katra Expressway Phase-I Pkg-XI from Junction with Jalandhar - Kapurthala road NH-703A near khojewal village to Junction with Amritsar-Mehta- SriHargobindpur-Tanda road NH-503A near SriHargobindpur Km 319400 to km 362420,NHAI,Punjab,June 2026,2175.35,43.45,1377.13,0.0,435.94000000000005,3,31.6945914844649,Medium,2206.71
618492,Delhi-Amritsar-Katra Expressway Phase-I Pkg-XII from Junction with Amritsar-Mehta- SriHargobindpur-Tanda road NH-503A near SriHargobindpur to Junction with Pathankot-Gurdaspur road NH-54 near Gurdaspur Km 362420 to km 397700,NHAI,Punjab,July 2026,1734.18,27.6,780.61,0.08000000000000185,7.080000000000041,4,28.28297101449275,Medium,1538.47
618493,Delhi-Amritsar-Katra Expressway Phase-I Spur-I from Jn. with Kapurthala - Sultanpur Lodhi Road NH-703A near Isharwal village to Jn. with Kapurthala - Tarn Taran road NH-703AA near Goinwal Sahib [Km 24000 to Km 41000 of Amritsar connectivity],NHAI,Punjab,July 2026,2165.23,34.79,618.22,1.2999999999999972,14.420000000000073,4,17.77004886461627,Medium,1519.6
618494,Delhi-Amritsar-Katra Expressway Phase-II Pkg-XV [Junction with Hiranagar Road near village Gurha Baildaran to Junction with Jammu Ring Road NH-244A near Jakh village from Km 468100 to Km 503250],NHAI,Jammu and Kashmir,July 2026,2714.95,90.01,1846.59,0.4900000000000091,13.0,4,20.51538717920231,Medium,3716.56
618495,4/6L Access Control Expressway from Design Chainage Km 515.000 to 528.300 Kunjwani to Sidhra Section of NH-44 and from Design Chainage Km 550.900 to Km 566.520 Domel to Katra Section Phase II-Package XVII,NHAI,Jammu and Kashmir,July 2026,2894.74,66.74,1016.96,0.5699999999999932,20.220000000000027,4,15.237638597542706,Medium,2894.74
618496,Delhi-Amritsar-Katra Expressway Phase-II Pkg-XVI Existing Jakh Vijaypur-Kunjwani section of NH-44 including spur Connectivity to Jammu Airport NH-144A [Km 503500 to km 514500],NHAI,Jammu and Kashmir,July 2026,1821.72,94.14,1238.6,0.0,0.8399999999999181,4,13.157000212449542,Medium,2522.56
618497,Delhi Amritsar Katra Expressway Phase-II Pkg XVIII Development and Upgradation of Four lane Access Control Expressway from Design Chainage KM 530.00 to KM 545.300 Sidhra to Domel Section of NH-44,NHAI,Jammu and Kashmir,July 2026,1025.73,70.17,631.2,2.6700000000000017,24.74000000000001,4,8.995297135528004,Medium,975.38
618498,6L Greenfield Kanpur - Lucknow Expressway Pkg II from km. 28.500 to km. 73.744,National Highways Authority of India [NHAI],Uttar Pradesh,May 2026,2471.56,99.8,1178.84,0.0,0.0,2,11.812024048096191,Medium,2489.0
618499,6L Elevated Kanpur - Lucknow Exeressway Pkg-1 from Km. 10980 to Km. 28500,NHAI,Uttar Pradesh,July 2026,1972.94,100.0,770.81,0.0,0.0,4,7.708099999999999,Medium,1943.27
618500,Construction of 4L Connector from Delhi Meerut Expressway Km 50.000 of Pkg IV to Km 8.520 of NH-235 Pkg-5,NHAI,Uttar Pradesh,July 2026,1081.39,78.0,455.0,0.0,12.019999999999982,4,5.833333333333333,Medium,1116.19
618501,Ahmedabad - Dholera Pkg I from km. 0.00 to km. 22.00 [Sardar Patel Ring Road - Sindhrej Village],National Highways Authority of India [NHAI],Gujarat,May 2026,1298.0,100.0,1024.93,0.0,12.480000000000018,2,10.2493,Medium,1421.05
618502,Ahmedabad - Dholera Pkg II from km. 22.00 to km. 48.52 [Sindhrej Village - Vejallka Village],National Highways Authority of India [NHAI],Gujarat,May 2026,1415.34,100.0,1427.49,0.0,72.55999999999995,2,14.2749,Medium,1729.69
618503,Ahmedabad - Dholera Pkg III from km. 48.52 to km. 71.06 [Vejallka Village - Start of DSIR zone],NHAI,Gujarat,July 2026,1034.04,100.0,1125.55,0.0,0.0,4,11.2555,Medium,1155.41
618504,Ahmedabad - Dholera Pkg IV from km. 71.06 to km. 109.019 [Start of DSIR zone - Adhelai Village],NHAI,Gujarat,July 2026,1181.76,98.08,1222.79,0.09000000000000341,0.13999999999987267,4,12.467271615008157,Medium,1358.73
618505,Additional Structures on 6LGurgaon-Jaipur Section of NH-48 between KM 42.700 to KM 273.00,NHAI,"Multi-States (Haryana, Rajasthan)",July 2026,409.64,88.9,200.31,0.0,0.7700000000000102,4,2.2532058492688414,Small,290.64
618506,"Construction of Additional Structures, Improvement of Service Road & Maintenance of Six Lane Gurgaon-Jaipur Section of NH-48 old NH-8 between km 42700 to km 107100 in the State of Haryana",NHAI,Haryana,July 2026,401.74,61.38,131.79,5.330000000000005,15.359999999999985,4,2.1471163245356792,Small,240.02
618507,"Balance work of Six Laning of Shamlaji-Motachiloda from Km. 401.200 to Km.494.410 section Design Chainage Km.447.385 to Km 540.595, Length- 93.210 Km of old NH-8 NH-48 in the state of Gujarat on single Percentage Item Rate Contract",NHAI,Gujarat,July 2026,466.8,91.83,577.62,0.030000000000001137,0.3100000000000591,4,6.290101274093434,Small,501.48
618508,Construction of Additional Structures including Approaches in Vadodara Surat Section of NH48 between existing Km. 108.000 to Km. 250.000,NHAI,Gujarat,July 2026,907.39,48.73,368.63,0.0,22.45999999999998,4,7.564744510568438,Small,907.39
618509,Development of 6L UER II [Package - I] NH-1 Near Bakoli till Karala Kanjhawala Road from km. 0.70 to km.15.00,NHAI,Delhi,July 2026,2089.94,99.99,1834.91,0.0,9.370000000000118,4,18.350935093509353,Medium,2203.45
618511,Upgradation & rehabilitation of Service Roads on both sides in urban areas of Pune City on PuneSatara section of NH48,NHAI,Maharashtra,July 2026,604.59,24.08,66.39,1.1199999999999974,0.09999999999999432,4,2.757059800664452,Small,388.78
618512,Tunnel at Khambataki Ghat Section and its approaches from existing Km. 771.730 to existing Km. 782.000,NHAI,Maharashtra,July 2026,907.03,89.2,686.79,0.04000000000000625,8.809999999999945,4,7.699439461883407,Small,816.12
618513,6L of Kagal-Satara section from Km 592.500 to Km 658.000 of NH-48 Pkg-I,NHAI,Maharashtra,July 2026,2111.95,51.14,634.07,5.670000000000002,0.0,4,12.39870942510755,Medium,1435.46
618514,6L of Kagal-Satara section from Km 658.000 to Km 725.000 of NH-48 Pkg-II,NHAI,Maharashtra,July 2026,2330.71,90.12,206.68,16.16000000000001,1.4399999999999977,4,2.293386595650244,Medium,317.4
618515,6L from Belgaum to Sankeshwar Bypass from Km. 515.000 to Km. 555.017 of NH-48 Pkg-I,National Highways Authority of India [NHAI],"Multi-States (Karnataka, Maharashtra)",May 2026,1479.3,100.0,1178.31,0.0,0.20000000000004547,2,11.7831,Medium,1237.04
618516,6L from Sankeshwar Bypass to MH-KNT Border from Km. 555.017 to Km. 592.853 of NH-48 Pkg-II,NHAI,"Multi-States (Karnataka, Maharashtra)",July 2026,1388.7,85.3,1183.98,0.5,27.12000000000012,4,13.88018757327081,Medium,1066.86
618517,4/6L of Bangalore - Pune Section of bypass connecting Dharwad - Hubli from km. 403.80 to km. 433.20,NHAI,Karnataka,July 2026,1135.39,83.19,744.42,0.0,0.16999999999995907,4,8.948431301839163,Medium,763.36
618518,Davanagere - Haveri of NH-48 Old NH-4 from km. 260.00 to km. 338.923,NHAI,Karnataka,July 2026,1454.67,98.87,1273.5,0.0,0.009999999999990905,4,12.880550217457266,Medium,1805.84
618519,Bangalore Ring Road STRR-NH-948A- Package-I of Phase-III from Belagondapalli TN to TN/KNT border from km 144.480 to 179.969,NHAI,"Multi-States (Karnataka, Tamil Nadu)",July 2026,1260.74,92.95,777.0,2.269999999999996,12.970000000000027,4,8.35933297471759,Medium,1218.47
618520,4L of km 0.00 to km 42.00 of Dobbaspet to Doddaballapura Bypass section of NH-648 old NH-207] [Bangalore Ring Road Pkg 1],NHAI,Karnataka,July 2026,1438.74,99.2,1294.84,0.0,65.84999999999991,4,13.05282258064516,Medium,1786.57
618521,Karaipettai to Walajapet from Km 71.015 to 107.091,NHAI,Tamil Nadu,July 2026,766.51,93.55,613.76,0.0,0.2599999999999909,4,6.560769641902726,Small,766.51
618522,Balance Works for six laning of Sriperumbudur to karaipettai section of NH-4 New NH- 48 from 37000 Existing Km 37000 to Km 71015 Existing Km 71000 in Tamilnadu on EPC mode underNHDP Phase-V,NHAI,Tamil Nadu,July 2026,411.16,38.26,134.65,1.6199999999999974,0.17000000000001592,4,3.5193413486670155,Small,411.16
618523,Bhadrak KM 136.500 to Baleshwar KM 199.141,NHAI,Odisha,July 2026,844.67,91.32,783.98,0.0,0.19000000000005457,4,8.58497590889181,Small,1394.82
618524,Construction of 6 lane elevated corridor including its approaches from Km. 629880 to Km. 634470 Design Chainage of NH-16 in Ranasthalam Town portion in the state of Andhra Pradesh on EPC Mode under NHO.,NHAI,Andhra Pradesh,July 2026,257.98,39.1,55.83,3.469999999999999,0.0,4,1.4278772378516622,Small,192.85
618525,Construction of flyover at Gammon Junction at Km.903.265 on NH16 including vent at Diwancheruvu junction at Km.902.308 Blackspot ID No.AP03299 in Andhra Pradesh on EPC mode under NHO,NHAI,Andhra Pradesh,July 2026,326.61,18.9,43.82,0.10999999999999943,0.14999999999999858,4,2.318518518518519,Small,223.29
618526,6L of Gundugolanu Design km 1023.280 to Kalaparru Design km 1050.680 of NH-5 New NH-16,NHAI,Andhra Pradesh,July 2026,665.59,95.73,643.95,0.0,0.0,4,6.72673143215293,Small,665.59
618527,Six Laning of Vijayawada Bypass from Gollapudi to Chinnakakani in Vijayawada - Gundugolanu Section from km. 30.00 to km. 47.881 Pkg-IV,National Highways Authority of India [NHAI],Andhra Pradesh,May 2026,1194.57,99.92,862.59,0.0,9.450000000000045,2,8.632806244995997,Medium,1757.82
618529,Varanasi Ring Road Pkg-II connecting Sandaha Village km 11.70 / NH-29 with Revasa Village km 818.80 / NH-2,NHAI,Uttar Pradesh,July 2026,1991.71,96.86,1751.26,0.7099999999999937,0.7200000000000273,4,18.080322114391905,Medium,1832.66
618530,Six Laning of Varanasi to Aurangabad from km. 786.00 to km. 978.40 of Old NH-2,NHAI,"Multi-States (Bihar, Uttar Pradesh)",July 2026,3241.56,99.92,2860.22,0.1700000000000017,1.9599999999995816,4,28.625100080064048,Medium,3241.56
618531,6L of Aurangabad to Bihar-Jharkhand border Chordaha section from km. 180.000 to km. 209.827 of NH-2 PKG-01,NHAI,"Multi-States (Bihar, Jharkhand)",July 2026,1054.46,37.93,202.27,4.689999999999998,0.9699999999999989,4,5.332718165040865,Medium,786.81
618532,6L of Aurangabad to Bihar-Jharkhand border Chordaha section from km. 209.827 to Km. 249.525 of NH-19 PKG-02,National Highways Authority of India [NHAI],"Multi-States (Bihar, Jharkhand)",May 2026,1822.46,97.92,605.5,0.0,0.0,2,6.183619281045751,Medium,738.11
618533,Barwa Adda Km. 398.240 to Panagarh Km. 521.120,NHAI,"Multi-States (Jharkhand, West Bengal)",July 2026,1560.39,100.0,1694.94,0.0,3.990000000000009,4,16.9494,Medium,1568.22
618534,Construction of Six lane elevated flyover including reconstruction/rehabilitation of existing pavement from Km 426230 to Km 430500 Length 4.27 Km at Nirsa in the Barwa Adda Panagarh section of NH-19 from Km.398.240 to Km.521.120 including Panagarh Bypass in the State of Jharkhand on EPC Mode.,NHAI,Jharkhand,July 2026,470.75,0.0,0.93,0.0,0.89,3,0.0,Small,470.75
618535,Construction of Six lane elevated flyover including reconstruction/rehabilitation of existing pavement from Km 406100 to Km 411150 Length 5.05 Km at Gobindpur area in the Barwa Adda Panagarh section of NH-19 from Km.398.240 to Km.521.120 including Panagarh Bypass in the State of Jharkhand on EPC Mode.,NHAI,Jharkhand,July 2026,687.77,19.91,67.84,3.8099999999999987,1.25,4,3.4073329984932195,Small,442.52
618536,Construction of Ring Road around Kanpur from Ch.68.650 to Ch.93.209 Jarkala to Pakari Package-IV in State of Uttar Pradesh.,NHAI,Uttar Pradesh,July 2026,1603.53,39.2,266.36,1.5500000000000043,16.620000000000005,4,6.794897959183674,Medium,1192.16
618537,Construction of Ring Road around Kanpur from Km.000 to Km. 23.325 Chachendi Sachendi I to Maharajpur Package-I,NHAI,Uttar Pradesh,July 2026,1753.75,62.15,479.56,0.9399999999999977,25.829999999999984,4,7.716170555108609,Medium,1311.7
618538,Construction of Ring Road around kanpur from Ch.51.200 to Ch. 68.650 Badarka to Harbanch-Uchti Pkg-III,NHAI,Uttar Pradesh,July 2026,1792.68,34.8,284.83,2.019999999999996,22.889999999999986,4,8.184770114942529,Medium,1126.75
618539,Construction of Ring Road Kanpur from Ch. 32.090 to Ch.51.200 Transganaga to Sathara Package-II B,NHAI,Uttar Pradesh,July 2026,1089.41,20.4,54.19,3.1499999999999986,5.419999999999995,4,2.6563725490196077,Medium,1106.92
618540,Construction of Ring Road around Kanpur from Ch.23.325 to Ch.32.090 Chaudhariya to Transganga Package-IIA,NHAI,Uttar Pradesh,July 2026,1089.41,49.85,252.18,0.75,2.490000000000009,4,5.058776328986961,Medium,977.45
618541,4L Ring road/bypass around Srinagar city from km 0.000 to km 42.100 Phase-I,NHAI,Jammu and Kashmir,July 2026,2919.96,89.0,1832.29,0.5,3.089999999999918,4,20.58752808988764,Medium,2604.76
618542,4L of existing Wayul Ganderbal Pandach Soura section of old NH-1 as a part of Srinagar Ring Road Phase IIA,NHAI,Jammu and Kashmir,July 2026,827.98,0.02,265.02,0.02,2.1899999999999977,3,13250.999999999998,Small,827.98
618543,4L of twin tube tunnel configuration including approaches from Marog to Digdol from Km.154.210 to Km.158.650 North Bound and from Km.155.940 to Km.160.260 South Bound of Ramban to Banihal Pkg-I of Old NH-1A New NH-44,NHAI,Jammu and Kashmir,July 2026,1912.17,30.5,406.09,0.0,2.079999999999984,4,13.314426229508197,Medium,1034.3
618544,"4L twin tube tunnel including approaches from Digdol to Khuni Nallah North Bound connecting with existing major bridge on NB and South Bound connecting with Tunnel T4 ,Single tube tunnel of Ramban to Banihal Pkg-II of Old NH-1A New NH-44",NHAI,Jammu and Kashmir,July 2026,1401.87,87.1,1054.8,0.0,1.7000000000000455,4,12.110218140068886,Medium,1020.99
618545,"4L of Km.165.092 to Km.171.855 North Bound and from Km.166.895 to Km.173.638 South Bound, excl. certain reaches of North Bound and South Bound of Ramban to Banihal Pkg-III of Old NH-1A New NH-44",NHAI,Jammu and Kashmir,July 2026,614.48,42.8,306.05,0.0,0.0,4,7.15070093457944,Small,444.76
618547,2L NH-1 from km 8.660 to km 33.775 Sumbal to Wayul to 4L dual carriageway NH standard as part of Srinagar Ring Road PhaseII [Design Ch. 41.907 to Ch. 66.609],NHAI,Jammu and Kashmir,July 2026,961.0,55.02,474.55,1.740000000000002,14.579999999999984,4,8.625045438022537,Small,643.64
618549,Construction of twin tube tunnels on Jammu Kashmir Ring Road NH-244A Between Design Ch. 50600 to 51700 and design Ch. 53535 to 55700 on EPC mode under residual NHDP component of Bharatmala Pariyojna,NHAI,Jammu and Kashmir,July 2026,242.65,83.87,677.47,0.0,0.009999999999990905,4,8.077620126386073,Small,731.59
618550,Corridor Efficiency Improvement including removal of black spots in Lakhanpur - Samba section of NH-44 from Chainage Km. 16.300 to Km. 74.100,NHAI,Jammu and Kashmir,July 2026,855.74,74.63,203.55,0.0,0.18999999999999773,4,2.7274554468712315,Small,215.68
618551,Greenfield connectivity from Govindsar village on Delhi Amritsar Katra Expressway to Talwara village on NH-44 Pathankot by-pass,NHAI,Punjab,July 2026,666.81,29.01,217.52,0.5100000000000016,2.460000000000008,4,7.498104102033781,Small,690.47
618552,Development of 6L Greenfield Jalandhar Bypass starting from Kahlwan NH-03 ending at Kang Sahbu NH-703 via Sarmastpur NH-44 - Madara NH-03 - Khajurla NH-44,NHAI,Punjab,July 2026,1754.84,56.7,1252.02,2.690000000000005,0.0,4,22.08148148148148,Medium,2167.39
618553,6L of Agra Bypass Northern connecting Km. 174.500 of NH-2 new NH-19 to Km. 141.000 of Yamuna Expressways,National Highways Authority of India [NHAI],Uttar Pradesh,May 2026,957.62,100.0,758.67,0.29999999999999716,0.2699999999999818,2,7.5866999999999996,Small,1034.42
618554,Construction of left out portion of Agra Inner Ring Road connecting village Deori to NH-44 village Bad from Km. 0.000 to Km. 7.772,NHAI,Uttar Pradesh,July 2026,879.26,94.0,629.11,0.20000000000000284,0.0,4,6.6926595744680855,Small,787.58
618556,"Construction of 26 VUPs, Major Bridge, Service Road etc. on Lalitpur-Sagar- Lakhnadon section of NH-44 NS",NHAI,"Multi-States (Madhya Pradesh, Uttar Pradesh)",July 2026,665.91,97.4,574.39,0.0,14.93999999999994,4,5.8972279260780285,Small,665.91
618557,4L of Indora Chowk to Pachpaoli and Agrasen Chowk - Ashoka Chowk,NHAI,Maharashtra,July 2026,1038.84,84.0,696.83,0.0,11.620000000000005,4,8.295595238095238,Medium,918.53
618558,Improvement of Geometrics of Kalkallu to Gundla Pochanpalli from Km 454.00 to Km 471.00 of NH-44,NHAI,Telangana,June 2026,955.49,36.5,454.5,0.5399999999999991,27.069999999999993,3,12.452054794520548,Small,903.17
618559,6L of existing 4L from Gundlapochampally to Bowenpally from km 471.300 to km 481.331 of NH-44,NHAI,Telangana,June 2026,521.53,50.5,257.31,0.0,0.7800000000000296,3,5.095247524752475,Small,528.21
618560,Improvement of Geometrics of Thondupally to Kothur from Km 22.300 to Km 34.14 of NH-44,NHAI,Telangana,June 2026,541.58,17.05,74.01,0.0,1.7800000000000011,3,4.340762463343109,Small,527.43
618561,Improving the Alignment of Thoppur Ghat Section from Km 158.500 to Km 165.100 in Dharmapuri - Salem Section of NH-44,NHAI,Tamil Nadu,July 2026,904.99,47.84,211.34,2.710000000000001,1.759999999999991,4,4.417642140468227,Small,731.09
618562,Dindigul Bypass - Samyanallore from km. 373.275 to km. 426.00,National Highways Authority of India [NHAI],Tamil Nadu,May 2026,579.0,100.0,1.4,0.0,0.0,2,0.013999999999999999,Small,295.5
618563,4L of Madurai Ring Road Phase 1 [Vadipatti-Thamrapatti] from km 0.00 - km 29.960,NHAI,Tamil Nadu,July 2026,900.05,99.42,903.57,0.1700000000000017,0.17000000000007276,4,9.088412794206397,Small,900.05
618564,6L with PS of Samakhiyali to Santalpur section from km. 339.700 to Km. 430.100 of NH-27,NHAI,Gujarat,July 2026,1553.76,64.52,28.66,0.0,0.07000000000000028,4,0.44420334779913206,Medium,34.34
618565,Strengthening of existing 4L Ayodhya Bypass Section from design Km. 121 600 to Km. 144020 of NH 28 New NH 27Pkg-3,NHAI,Uttar Pradesh,May 2026,526.45,81.85,259.66,0.0,0.0,2,3.172388515577276,Small,281.13
618566,4L Green Field Northern East side Gorakhpur Bypass 26.616 Kms starting from NH- 29E Chainage 83.308 and end at NH-28 Chainage 285.100,NHAI,Uttar Pradesh,July 2026,1973.98,73.78,1035.52,1.7800000000000011,25.210000000000036,4,14.035239902412577,Medium,1244.44
618567,4/6L of Northern Ayodhya Bypass starting Km. 112.540 and ending Km. 139.928 north of existing NH-27 part-1 and part-2 south of NH-27 from km 0.000 to km 5.000.,NHAI,Uttar Pradesh,July 2026,2289.34,33.53,285.67,0.4100000000000037,16.860000000000014,4,8.519832985386222,Medium,1834.25
618568,4/6L Southern Ayodhya Bypass from Km 5.000 to Km 37.172 starting near Km. 112.540 and ending at Km. 153.281 of NH-27,NHAI,Uttar Pradesh,July 2026,2541.13,39.5,318.53,0.46999999999999886,6.139999999999986,4,8.064050632911393,Medium,1983.05
618569,Balance work - WB-10 Gandak Bridge Km 402.00 to Km 440.00 Devanpur - Kotwa,NHAI,Bihar,June 2026,210.05,64.05,181.96,0.0,65.39000000000001,3,2.840905542544887,Small,358.3
618570,4L Elevated Highway and at grade improvements at Gopalganj Town from Km. 384.000 to Km. 386.750 on NH-27,National Highways Authority of India [NHAI],Bihar,May 2026,325.57,99.78,225.44,0.0,0.0,2,2.2593706153537783,Small,248.92
618571,Permanent rectification of 3 nos. of black spots in project Highway NH-27 of U.P border - Dewapur - Kotwa section from Km.360.915 to km.440.000 Total Length of 79.085 Km of NH-27& Permanent rectification of 5 nos. of black spots of project Highway NH-27 of Kotwa - Mehsi - Muzaffarpur Section from km.440.000 to km.520.000 Total length 80.00Km,NHAI,Bihar,July 2026,227.25,83.01,233.7,0.010000000000005116,0.0,4,2.8153234550054207,Small,321.23
618572,Binnaguri Bypass-Descoped portion of Ghoshpukur-Dhupguri Section of NH-31Dpkg-1,NHAI,West Bengal,July 2026,309.99,3.67,4.77,1.0899999999999999,2.5999999999999996,4,1.2997275204359673,Small,306.02
618574,Balance Works of 4L of NH-31D from Km. 113.200 to Km. 154.854 Package-II A Ghoshpukur-Salsalabari Section,NHAI,West Bengal,July 2026,1818.46,61.1,461.0,2.950000000000003,3.480000000000018,4,7.545008183306056,Medium,962.31
618576,"6L Standalone Flyovers at Raha, Demow, Borghat, Kathiatali junctions and ROB at Jagiroad on stretches of NH 36 and NH 27",National Highways Authority of India [NHAI],Assam,May 2026,280.75,99.04,211.79,0.0,0.0,2,2.1384289176090467,Small,255.53
618577,Dwarka Expressway Pkg-III Delhi/HR Border to Start of RoB Gurugram,NHAI,"Multi-States (Delhi, Haryana)",June 2026,2228.26,100.0,1759.52,0.0,759.8299999999999,3,17.5952,Medium,2298.37
618578,6L Access Controlled Highway from DND Maharani Bagh - Jn. with Jaitpur - Pushta Road of NH-148NA from km. 0.00 to km. 9.00 in NCR,National Highways Authority of India [NHAI],Delhi,May 2026,1467.44,98.25,1615.93,0.0,0.09000000000014552,2,16.447124681933843,Medium,2510.34
618579,6L of Anandapuram Pendurthi Anakapalli Section from km. 681.000 to km. 731.780 of NH-16,NHAI,Andhra Pradesh,July 2026,2527.0,100.0,2376.11,0.0,0.03000000000020009,4,23.761100000000003,Medium,2957.25
618580,Gohana - Sonipat PKG-2,NHAI,Haryana,July 2026,1275.31,97.86,1225.85,0.0,0.0,4,12.526568567341098,Medium,1957.44
618581,Hosur to Dhamrapuri Pkg-1 [Neraluru - Thorapalli Agraharam],NHAI,"Multi-States (Karnataka, Tamil Nadu)",July 2026,1828.66,78.7,1464.36,0.0,5.139999999999873,4,18.606861499364673,Medium,1828.66
618582,4L of Galgalia - Bahadurganj section from Km 0.000 to Km 49.000 Package-I of NH327E,National Highways Authority of India [NHAI],Bihar,May 2026,1282.97,100.0,599.36,0.0,0.0,2,5.9936,Medium,1282.97
618583,4L of Bahadurganj Araria section from Km 49.000 to Km 94.000 Package-II of NH- 327E,National Highways Authority of India [NHAI],Bihar,May 2026,1358.77,100.0,713.95,0.0,0.0,2,7.139500000000001,Medium,1358.77
618584,4L of Kishanganj - Bahadurganj section from Km. 0.000 to Km. 23.649 & interchange at Start Point Length - 1.200 Km of NH-27,NHAI,"Multi-States (Bihar, West Bengal)",July 2026,962.84,20.14,181.12,1.8300000000000018,1.8100000000000023,4,8.99304865938431,Small,855.56
618585,6L of Gonde Km. 439.038 to Pimpri Sado Km. 459.905 section of NH-848 Old NH-3,NHAI,Maharashtra,July 2026,856.93,40.5,160.05,2.5,17.670000000000016,4,3.951851851851852,Small,718.84
618586,Improvement and strengthening of existing 2 lane stretch to 2-Lane with PS 1.5m on both sides on Ghoti-Sinnar section of NH-160A using Thin White Topping 200mm thick in the State Of Maharashtra on EPC Mode,NHAI,Maharashtra,July 2026,254.78,77.0,115.05,0.0,0.0,4,1.494155844155844,Small,147.64
618588,4L Mitigation Measure structures on CH/MH Border to Wainganga Bridge Section of NH-6 New NH-53,NHAI,Maharashtra,July 2026,540.24,99.79,464.29,0.0,0.010000000000047748,4,4.652670608277383,Small,468.92
618589,Durg-Raipur Bypass Section Package - 1 from km. 0.00 to km. 44.50 near Tendesara to near Khatti Village,NHAI,Chhattisgarh,July 2026,1828.0,75.39,1063.62,0.45999999999999375,47.20999999999992,4,14.108237166732987,Medium,1656.73
618590,Durg-Raipur-Arang Package - 2 from km. 44.50 to km. 92.23 near Khatti Village to near Aurang,NHAI,Chhattisgarh,July 2026,1958.9,73.96,1001.18,0.0,0.37000000000000455,4,13.53677663601947,Medium,1561.97
618591,"Construction of 6-lane flyover at Ainthapali junction and a 2-lane ROB LHS on NH-53 Earlier NH-6 in Sambalpur, on EPC mode in Odisha under NHO",NHAI,Odisha,July 2026,374.17,54.2,106.91,3.3300000000000054,0.4899999999999949,4,1.9725092250922507,Small,211.74
618592,"Balance work of 8 nos. of Elephant Underpasses EUPs, 1 no. of Vehicular Underpass VUP, 1 nos. of Light Vehicular Underpass LVUP, 1 nos. of Pedestrian Underpass PUP, 1 nos. of Foot Over Bridge FOB and A2 side approach of Jharpokharia Flyover at Km.215.270 in Baharagora-Singhara section of NH-49",NHAI,Odisha,July 2026,320.64,25.04,55.3,2.1899999999999977,0.509999999999998,4,2.2084664536741214,Small,244.85
618593,Balance work of Rehabilitation and Upgradation to four laning of Baharagora Singhara section of NH-49 from Km.229.727 to Km.238.990 Length 9.263 Km. including construction of five nos. of Elephant Underpasses EUP and fourteen nos. of Animal Underpasses AUP inside the buffer zone of Similipal Tiger Reserve Area in Bangriposi Ghat section in the State of Odisha on EPC Mode,NHAI,Odisha,July 2026,263.32,9.95,13.82,0.14999999999999858,0.0,4,1.3889447236180905,Small,163.07
618594,Balance work of 4L Panvel to Indapur section of NH-66 Old NH- 17 from km 0.000 Panvel to km 42.300 Kasu,NHAI,Maharashtra,July 2026,329.82,98.66,184.17,1.769999999999996,-1.6200000000000045,4,1.866713967159943,Small,196.87
618595,6L of Chengala - Neeleshwaram from km. 56.200 to km. 93.468,NHAI,Kerala,July 2026,1746.45,90.82,1447.45,0.0,0.14000000000010004,4,15.937568817441093,Medium,2538.06
618596,6L of Taliparamba to Muzhappilangad from Km 134.650 to Km 170.6 of NH-66,NHAI,Kerala,July 2026,2714.6,83.7,2020.35,0.29999999999999716,0.10999999999989996,4,24.137992831541215,Medium,3557.65
618597,6L of Azhiyur-Vengalam from km. 189.200 to km. 230.400 of NH-66,NHAI,Kerala,July 2026,3205.77,60.07,2406.73,0.0,0.0,4,40.065423672382224,Medium,3898.46
618598,6L Minor Bridge Paloli Palam at km. 203.160 & Major Bridge Morad at km. 204.895 and allied works,NHAI,Kerala,July 2026,210.0,100.0,190.46,0.0,0.0,4,1.9046,Small,216.94
618599,6L of Ramanatukkara Junction to start of Valanchery bypass section of NH-66,NHAI,Kerala,July 2026,4919.46,100.0,3765.27,0.0,130.0999999999999,4,37.6527,Medium,4919.46
618600,6L of Valanchery bypass to Kappirikkad of NH 66 from km. 298500 to km 335850,NHAI,Kerala,July 2026,4023.94,100.0,2592.92,0.0,116.43000000000029,4,25.9292,Medium,4023.94
618601,6L of Kappirikkad to Thalikulam section from km 335.85 to km 369.015 of NH - 66 old NH-17,NHAI,Kerala,July 2026,4225.59,95.27,3345.3,0.0,16.190000000000055,4,35.11388684790595,Medium,4225.59
618602,6L of Thalikulam to Kodugallur section from km 369.015 to km 397.850 of NH - 66 old NH-17,NHAI,Kerala,July 2026,4302.06,95.05,3312.68,0.5,0.009999999999763531,4,34.8519726459758,Medium,4302.06
618603,6L of Kodugallur to Edapppally section from km 397.750 to km 423.780 of NH - 66 old NH-17,NHAI,Kerala,July 2026,3465.82,71.11,2178.55,0.12000000000000455,7.0,4,30.63633806778231,Medium,3606.2
618604,Aroor-Thuravoor Thekku,NHAI,Kerala,July 2026,2429.52,91.63,1802.58,0.35999999999999943,10.779999999999973,4,19.672378042125942,Medium,2382.83
618605,Thuravoor Thekku-Paravoor,NHAI,Kerala,July 2026,2878.97,81.49,2514.83,0.6400000000000006,19.210000000000036,4,30.86059639219536,Medium,2638.67
618606,Paravoor-Kottankulangara,NHAI,Kerala,July 2026,3273.61,71.2,2858.55,0.0,0.16000000000030923,4,40.14817415730337,Medium,3200.24
618607,Kottankulangara- Start of Kollam Bypass,NHAI,Kerala,July 2026,2842.14,73.89,2373.2,0.0,-0.0500000000001819,4,32.11801326295845,Medium,3680.49
618608,4L of left-over works including additional structures from Kerala/Tamil Nadu border to Kanyakumari Section from Km 43.0 to Km 96.174 of NH66,NHAI,Tamil Nadu,July 2026,1564.23,81.85,980.14,1.1699999999999875,18.24000000000001,4,11.974832009773978,Medium,1263.42
618609,Construction of 4L Flyover from MES College Junction to Bogmalo Junction on NH- 566 from Km. 7.106 to Km. 10.460 and 4L VUP at Queeny Nagar Junction from Km. 3.330 to Km. 4.550,NHAI,Goa,July 2026,463.08,59.18,168.21,1.8800000000000026,0.0,4,2.8423453869550523,Small,316.28
618610,6L of Jodhpur Romana Bathinda - Mandi Dabwali Punjab Haryana Border section of NH-54 from km. 0.000 to km. 27.400 of NH-54,NHAI,Punjab,July 2026,789.26,99.0,719.18,0.0,30.5,4,7.264444444444444,Small,1318.91
618611,Sangariya near Chautala-Rasisar near Bikaner section of NH-754K Phase-I AJ/SR- Package-7,NHAI,Rajasthan,July 2026,520.63,100.0,450.59,0.0,0.009999999999990905,4,4.5059,Small,548.42
618612,Deogarh near Dhandhaniya-Rajasthan/Gujarat Border Phase-I AJ/DRGB-Package-6,NHAI,Rajasthan,July 2026,846.59,100.0,705.48,0.0,0.7699999999999818,4,7.0548,Small,740.62
618613,Deogarh near Dhandhaniya-Rajasthan/Gujarat Border Phase-I AJ/DRGB-Package-7,NHAI,Rajasthan,July 2026,662.08,99.2,561.75,0.0,0.75,4,5.662802419354839,Small,597.77
618614,Sanchore - Santalpur from km 67.000 - km 99.000 of NH-754K AJ-RGBS-Package-3,National Highways Authority of India [NHAI],Gujarat,May 2026,752.3,99.0,569.58,0.0,0.15000000000009095,2,5.753333333333334,Small,765.25
618615,Sanchore - Santalpur from km 99.000 - km 130.073 of NH-754K AJ-RGBS-Package-4,NHAI,Gujarat,July 2026,778.15,99.7,767.83,0.0,3.830000000000041,4,7.701404212637914,Small,835.55
618616,4L of Dhrol bypass section of NH-151A Approx. length 5.7 Km & widening upto 4 laning of missing link of Amran section of NH-151A Approx. length 6.55 Km from existing Ch. 42000 to 48500 of ongoing Dhrol-Bhadra-Pipaliya section of NH-151A,NHAI,Gujarat,July 2026,625.58,35.47,151.99,3.3699999999999974,11.939999999999998,4,4.285029602480971,Small,455.54
618617,6L Amritsar-Bathinda Greenfield section from village Tiba on NE-5A to Jn. with Moga Jalandhar road NH-703 near Dharamkot from km 0.000 to km 39.000 of NH-754A Pkg-1,NHAI,Punjab,July 2026,1229.38,72.41,1014.98,0.8100000000000023,45.950000000000045,4,14.017124706532249,Medium,1549.32
618618,6L Amritsar-Bathinda Greenfield section from Jn. with Bhagta Bhai Ka-Bhadaur Road near Dyalpura Bhai Ka to Jn. with Mandi Dabwali Bathinda Road on NH-54 near Sangat Kalan from km 93.000 to km 154.866 of NH-754A Pkg-3,NHAI,Punjab,July 2026,2029.17,74.0,1442.16,2.0,2.050000000000182,4,19.48864864864865,Medium,2677.23
618619,Bypass on Western side of Gwalior City,NHAI,Madhya Pradesh,July 2026,998.95,0.0,195.31,0.0,0.19999999999998863,4,0.0,Small,998.95
618620,"Additional works 2VUPs, MR-10 junction flyover and underpass in Six lane Indore- Dewas section of NH-52 in the state of Madhya Pradesh on EPC Mode",NHAI,Madhya Pradesh,July 2026,207.77,79.72,150.59,0.0,8.050000000000011,4,1.8889864525840443,Small,211.27
618621,Indore - Edlabad Pkg-II [Tejajinagar to Balwara],NHAI,Madhya Pradesh,July 2026,1162.8,87.3,824.5,0.0,13.340000000000032,4,9.444444444444445,Medium,1530.82
618622,4L of Indore - Boregaon Pkg-III [Balwara to Dhangaon] from km. 42.260 to km. 82.660 of NH347BG & 753L,NHAI,Madhya Pradesh,July 2026,1001.69,92.5,835.15,2.0,9.590000000000032,4,9.028648648648648,Medium,888.81
618623,4L Boregaon Buzurg to Shahpur Pkg I of Boregaon Buzurg to Muktainagar of NH 753L,NHAI,Madhya Pradesh,July 2026,1504.37,90.1,556.86,0.0,29.519999999999982,4,6.1804661487236405,Medium,1132.34
618624,Mangloor to Telangana Maharashtra Border,National Highways Authority of India [NHAI],"Multi-States (Maharashtra, Telangana)",May 2026,1082.65,96.02,180.13,0.0,0.0,2,1.875963340970631,Medium,1323.12
618625,Indore - Gujarat / MP Border from km. Km 9.500 to Km 171.000 of NH-59 in MP,National Highways Authority of India [NHAI],Madhya Pradesh,May 2026,1175.0,99.93,14.04,0.0,0.0,2,0.1404983488441909,Medium,217.22
618626,Four laning from Dive Ghat Km. 220.900 to Hadapsar Km. 234.150 of Mohol Alandi section Pkg VI of NH-965,NHAI,Maharashtra,July 2026,819.52,70.01,141.4,5.060000000000002,18.60000000000001,4,2.01971146979003,Small,400.0
618627,Construction of 7 Nos of Standalone safety structures/works at different locations on various NHs,NHAI,Maharashtra,July 2026,168.52,33.35,26.78,0.0,0.23000000000000043,4,0.8029985007496252,Small,112.03
618628,Strengthening of Existing Alignment of Pandharpur Town Part Bypassed Section of NH 965 from KM 36.230 to KM 44.230 from Chh. Shivaji Maharaj Chowk to Wakhari,NHAI,Maharashtra,July 2026,150.21,69.25,76.45,21.25,11.090000000000003,4,1.1039711191335742,Small,87.59
618629,Nandigama Bypass and Kanchikacherla bypass,NHAI,Andhra Pradesh,July 2026,416.07,98.47,387.77,0.0,0.0,4,3.9379506448664565,Small,444.58
618630,6L of MH/KN Border Nimbal Village to KN/TS Border Singnodi Village from Km. 26.000 to Km. 97.000 in Gulbarga of NH-150C Pkg-II,NHAI,Karnataka,July 2026,2355.56,81.35,1012.1,1.4799999999999898,47.35000000000002,4,12.441303011677936,Medium,1923.3
618631,6L of MH/KN Border Nimbal Village to KN/TS Border Singnodi Village from Km. 162.5 to Km. 203.100 in Raichur of NH-150C Pkg-IV,NHAI,"Multi-States (Karnataka, Telangana)",July 2026,1499.73,99.51,840.31,0.0,0.009999999999990905,4,8.444477941915384,Medium,1457.48
618632,6L Access Controlled Greenfield Highway of Nandinne village to Julekal village from Km 202.900 to Km 242.200 Pkg-1,NHAI,"Multi-States (Karnataka, Telangana)",July 2026,972.06,93.79,459.49,2.3200000000000074,0.040000000000020464,4,4.899136368482781,Small,1044.06
618633,4L of Kadapa China Orampadu section of NH-716 Package I of Kadapa-Renigunta section,NHAI,Andhra Pradesh,July 2026,1732.66,5.01,106.39,2.71,0.6200000000000045,4,21.23552894211577,Medium,1732.66
618634,6L of Veera Kaveri Raja Puram to Pondavakkam from km 61.380 to km 96.040 of NH 716B Pkg-III,NHAI,"Multi-States (Andhra Pradesh, Tamil Nadu)",July 2026,1439.77,98.89,808.62,0.0,0.16999999999995907,4,8.176964303771868,Medium,1439.77
618635,6L of Pondavakkam to Kannigaipair from km 96.040 to km 116.100 of NH 716B Pkg- IV,NHAI,Tamil Nadu,July 2026,1359.81,44.53,409.35,3.6499999999999986,0.12999999999999545,4,9.192679092746463,Medium,1359.81
618636,Akkalkot MH/KN border New Greenfield corridor from Km 512.000 to Km 548.400 of NH-150C part of Akkalkot KN/TS Border section Package XIV,NHAI,"Multi-States (Karnataka, Maharashtra)",July 2026,1370.75,57.62,322.92,4.309999999999995,22.670000000000016,4,5.6043040610899,Medium,1403.49
618637,Bal. Works of Fagne Km. 510.000 to Maharashtra/Gujarat Border Km. 650.794,NHAI,"Multi-States (Gujarat, Maharashtra)",July 2026,1654.07,99.7,1447.76,2.0400000000000063,31.269999999999982,4,14.521163490471414,Medium,1672.89
618638,Tarsod - Fagne section of NH-6,National Highways Authority of India [NHAI],Maharashtra,May 2026,2267.99,98.84,990.0,0.0,0.0,2,10.016187778227438,Medium,2560.5
618639,4L of Bilaspur to Urga km 0.00 to 70.2 of NH-130A,NHAI,Chhattisgarh,July 2026,1855.59,94.81,1470.78,0.0,2.3099999999999454,4,15.5129205779981,Medium,2523.86
618640,4L of Urga - Pathalgaon from Km. 70.200 to km. 157.745 of NH-130A,NHAI,Chhattisgarh,July 2026,2261.3,81.5,1120.45,1.4500000000000028,69.94000000000005,4,13.747852760736198,Medium,2860.36
618641,4 Lane of CG/JH Border-Gumla from km 0.000 to km 32.370 of NH-43 in the State of Jhrkhand,NHAI,Jharkhand,July 2026,1325.8,9.76,293.4,4.029999999999999,0.48999999999995225,4,30.061475409836063,Medium,1325.8
618642,4L of Palma to Gumla from km. 26.00 to km. 89.170 of NH-23,NHAI,Jharkhand,July 2026,1882.93,99.9,1371.55,0.010000000000005116,2.3599999999999,4,13.729229229229228,Medium,1895.75
618644,4L of Ormanjhi-Gola section from Km 81.450 to Km 53.600 of NH- 320BPKG-II,NHAI,Jharkhand,July 2026,1214.93,86.57,993.6,0.0,0.01999999999998181,4,11.477417119094376,Medium,1462.19
618645,4L of Gola-BokaroJaina More section from Km 53.600 to Km 21.110 of NH-320PKG-1,NHAI,Jharkhand,July 2026,1007.97,78.1,617.85,0.0,7.9500000000000455,4,7.911011523687581,Medium,1030.64
618646,4L of Pathalgaon-Kunkuri-CG/JH Border section of NH-43 from Km. 00.000 to Km.104.250,NHAI,Chhattisgarh,July 2026,3147.07,0.0,0.03,0.0,0.0,3,0.0,Medium,3147.07
618647,6L Access Controlled Ludhiana-Bathinda Greenfield highway from Jn. with Amritsar- Bathanda Greenfield Road NH-754A near Rampura Phul to Jn. with Moga-Barnala Road NH-703 near village Tallewal from Km 0.0 to Km 30.3 of NH-754AD Pkg-1,NHAI,Punjab,July 2026,906.51,81.5,687.82,0.0,0.07000000000005002,4,8.439509202453989,Small,1020.52
618648,"Development of 6-lane Greenfield Southern Ludhiana Bypass from intersection with NH-44 near Village Rajgarh to intersection with Delhi Katra Expressway NE-5 near Village Ballowal, km 0000 to km 25240",NHAI,Punjab,July 2026,1424.55,5.79,162.39,2.25,17.25,2,28.046632124352328,Medium,1424.55
618649,4 Lane with PS from Des. Ch 228.500 to Des. Ch. 273.400 of Belgaum-Hungund- Raichur Section of NH 748 A Package-6,NHAI,Karnataka,July 2026,1246.15,53.8,399.31,0.0,18.04000000000002,4,7.422118959107807,Medium,1012.78
618650,4 Lane with PS from Des. Ch 89.900 to Des. Ch. 136.100 of Belgaum-Hungund- Raichur Section of NH-748A Package-3,NHAI,Karnataka,July 2026,1363.9,24.5,306.09,2.0,3.7899999999999636,4,12.4934693877551,Medium,1219.62
618651,4 Lane with PS from Des. Ch 43.800 to Des. Ch. 89.900 of Belgaum-Hungund- Raichur Section of NH-748A Package-2,NHAI,Karnataka,July 2026,1427.88,58.7,594.55,9.900000000000006,0.0,4,10.128620102214649,Medium,1293.94
618652,Chakur Loha Section of NH-361 from km 114.600 to km 187.80,National Highways Authority of India [NHAI],Maharashtra,May 2026,1241.38,100.0,785.13,0.0,0.0,2,7.8513,Medium,3342.11
618653,Loha-Waranga Section of NH-361 from km 187.800 to km 244.369,NHAI,Maharashtra,July 2026,1236.08,96.22,1503.59,0.0,0.03999999999996362,4,15.626584909582206,Medium,3466.58
618654,4L Greenfield Rudhi to Deshgaon Pkg V of Betul-Khandwa/Deshgaon,NHAI,Madhya Pradesh,July 2026,521.21,63.79,199.48,0.0,0.0,4,3.1271359147201756,Small,469.68
618655,2L PS of Roshni to Ashapur Section of NH-347B from Design KM Ch. 89.900 to 114.000 KM Package III of Betul Khandwa,NHAI,Madhya Pradesh,July 2026,200.99,98.85,126.72,0.5899999999999892,0.0,4,1.2819423368740517,Small,120.75
618661,4L from km 0.000 to 42.040 Bhopal Ratnaigiri Tiraha to Vidisha Morikodi,NHAI,Madhya Pradesh,July 2026,1032.3,20.23,179.87,3.120000000000001,1.5699999999999932,4,8.891250617894217,Medium,1038.18
618662,4L Vidisha Gyaraspur section of NH-146 from Design Chainage km 59475 existing chainage km 81240 to Design Chainage km 88361 existing chainage km 110.315,NHAI,Madhya Pradesh,July 2026,980.2,12.25,113.09,1.1500000000000004,16.680000000000007,4,9.231836734693879,Small,980.2
618663,i 4L Vidisha to Hinotiya from km 0.000 to Km 27.000 Vidisha Mehulwa-Talbehat Pkg- I Section of NH- 346 and ii 4L Vidisha to Morikori from Km 39.000 to 59.476 section of NH-146,NHAI,Madhya Pradesh,July 2026,1003.87,90.04,434.04,0.0,35.910000000000025,4,4.8205242114615725,Medium,941.12
618664,Berkhedi to Godpehra on NH-44 Sagar link road,NHAI,Madhya Pradesh,July 2026,524.84,93.05,385.98,1.0,0.020000000000038654,4,4.148092423428265,Small,471.31
618665,4L of Sagar - Mohari from Km.8 to Km.50 Pkg-I,National Highways Authority of India [NHAI],Madhya Pradesh,May 2026,790.78,98.64,454.54,0.0,-0.22999999999996135,2,4.608069748580697,Small,660.38
618666,4- Laning of Mohari to Satai Ghat section NH-934 from Km 50300 to Km 89875 Total length 39.575 km Package-2 in the State of Madhya Pradesh on EPC Mode,NHAI,Madhya Pradesh,July 2026,710.92,99.5,518.99,3.8400000000000034,13.220000000000027,4,5.215979899497488,Small,539.08
618667,4L of near Satai Ghat to Chowka section of NH-34 from D. Ch. 89.875 to D. Ch. 145.000 Package-3,NHAI,Madhya Pradesh,July 2026,1005.59,38.26,193.4,3.3399999999999963,0.30000000000001137,4,5.05488761108207,Medium,882.21
618668,4L of Chowka to Kaimaha near MP/UP Border section NH-34 from D. Ch. 145.000 to D. Ch. 197.266 excluding existing Chhatarpur bypass from D. Ch. 160.307 to D. Ch. 168.630 Package-4,NHAI,"Multi-States (Madhya Pradesh, Uttar Pradesh)",July 2026,996.5,49.18,312.98,4.259999999999998,24.29000000000002,4,6.363969093127288,Small,846.68
618669,4 -Laning of MP/UP Border to Kabarai section of NH-34&35 from km 197.000 to km 242.991 Length 45.991 Km Sagar-Kabrai Package-5 under Bharat Mala Pariyojana EC in MP & UP on HAM,NHAI,Uttar Pradesh,July 2026,1632.93,61.77,574.07,1.75,44.260000000000105,4,9.293670066375263,Medium,1425.43
618671,4-lanning of Rahatgarh to Berkhedi section of NH-146 from Design Ch 124470 to Ch. 134.549,NHAI,Madhya Pradesh,July 2026,618.33,14.6,53.19,2.5299999999999994,0.05999999999999517,4,3.643150684931507,Small,342.69
618672,4-lanning of Gyaraspur to Rahatgarh section of NH-146 from Design Ch. 88361 to Ch 124470 in the state of MP on HAM mode,NHAI,Madhya Pradesh,July 2026,903.44,35.25,169.82,2.1099999999999994,0.06999999999999318,4,4.81758865248227,Small,592.44
618673,Development of 6L of Jhanki Sargi Section Road from km 0.000 to km 42.800 of NH- 130CD Pkg-CG-1,NHAI,Chhattisgarh,July 2026,1368.19,99.35,715.32,0.0,0.07000000000005002,4,7.200000000000001,Medium,1129.14
618674,Development of 6L Sargi Basanwahi Section from km 42.800 to km 99.500 of NH- 130CD Pkg-CG-2,NHAI,Chhattisgarh,July 2026,1470.73,100.0,757.62,0.0,0.029999999999972715,4,7.5762,Medium,1461.81
618675,Development of 6L of Basanwahi Marangpuri Section from km 99.500 to km 124.661 of NH-130-CD,NHAI,Chhattisgarh,July 2026,1307.16,70.73,489.55,3.930000000000007,7.920000000000016,4,6.921391205994627,Medium,1303.63
618676,6L of Dhanara - Hatibena Section from Km 124.611 to km 146.50 of NH-130-CD Package OD-1,National Highways Authority of India [NHAI],"Multi-States (Chhattisgarh, Odisha)",May 2026,477.76,99.95,297.98,0.0,0.0,2,2.9812906453226615,Small,638.32
618677,6L Greenfield Kaliagura Baunsaguar Section of NH-130-CD Road from km 249000 to km 293000 Package OD-5,NHAI,Odisha,July 2026,1539.75,97.8,1026.67,1.0,28.540000000000077,4,10.497648261758693,Medium,1918.49
618678,6L Greenfield Baunsaguar - Baraja Section of NH-130-CD Road from km 293000 to km 338500 Package OD-6,NHAI,Odisha,July 2026,1265.59,99.6,1001.24,0.19999999999998863,31.930000000000064,4,10.052610441767069,Medium,1635.44
618680,6L Greenfield Kandili - Aluru Section of NH-130-CD Road from km 342500 to km 365033 Package-OD-8,NHAI,Odisha,July 2026,1492.74,99.9,1088.96,0.0,24.15000000000009,4,10.9005005005005,Medium,1912.84
618681,6L Aluru - Jakkuva Section of NH-130CD Road from km 365.033 to km 396.800 Pkg. 1,NHAI,"Multi-States (Andhra Pradesh, Odisha)",July 2026,1216.12,99.63,703.33,0.0,5.3799999999999955,4,7.059419853457794,Medium,1241.66
618682,6L Korlam-Kantakapalle Section of NH-130CD Road from Km 421.100 to Km 445.100 Pkg-3,NHAI,Andhra Pradesh,July 2026,1112.7,99.5,849.98,0.0,0.009999999999990905,4,8.542512562814071,Medium,1127.63
618684,Outer Ring Road of Jabalpur Town from Manegaon to NH-45 Pkg-2,NHAI,Madhya Pradesh,July 2026,917.26,78.75,520.38,3.1400000000000006,7.809999999999945,4,6.608,Small,786.47
618685,Outer Ring Road of Jabalpur Town from NH45 to Kushner Pkg-3,NHAI,Madhya Pradesh,July 2026,911.24,79.8,552.62,0.0,0.6200000000000045,4,6.925062656641605,Small,773.23
618686,Outer Ring Road of Jabalpur Town from Kushner to Amjhar Road including Airport Connectivity Pkg-IV,NHAI,Madhya Pradesh,July 2026,612.94,79.63,363.91,0.0,0.0,4,4.570011302273013,Small,509.82
618687,Outer Ring Road of Jabalpur Town from Barela to Manegaon Pkg-1,NHAI,Madhya Pradesh,July 2026,652.33,89.72,500.97,0.0,17.79000000000002,4,5.583704859563086,Small,651.88
618688,Outer Ring Road of Jabalpur Town from Amjhar Road including Airport Connectivity to barela Pkg-V,NHAI,Madhya Pradesh,July 2026,794.7,32.38,105.34,2.120000000000001,20.97,4,3.253242742433601,Small,539.9
618690,"4 lanning of Aligarh Palwal section from km 0.00 to km 46.39 package -1 from khereshwar junction-kurana of NH33D , including khair & jattari bypass in the state of UP on HAM mode",NHAI,Uttar Pradesh,July 2026,1663.38,21.25,590.53,1.75,37.18999999999994,4,27.78964705882353,Medium,1685.69
618691,4 laning of Aligarh-Palwal Section from Km. 46.390 Design Chainage to Km. 69.110 Terminating at junction EPE Package-II from Kurana- Eastern Peripheral Expressway of NH-334D,NHAI,"Multi-States (Haryana, Uttar Pradesh)",July 2026,939.17,17.16,250.21,4.66,3.3499999999999943,4,14.581002331002331,Small,903.94
618692,Aligarh-Kanpur Pkg I [Aligarh-Bhadwas],NHAI,Uttar Pradesh,June 2026,1226.64,100.0,1359.14,0.0,589.7400000000001,3,13.5914,Medium,2069.6
618693,Bodhre - Dhule,NHAI,Maharashtra,July 2026,1344.78,97.69,837.67,0.0,51.74000000000001,4,8.57477735694544,Medium,1292.7
618694,Indore - Harda Pkg-I [Indore to Raghav Garh from km. 0.25 to km. 26.903],NHAI,Madhya Pradesh,July 2026,1011.29,96.09,688.03,2.25,0.08999999999991815,4,7.160266416900821,Medium,813.03
618695,Indore - Harda Pkg-III [Nanasa to Pidgaon Section from km 95.000 to km 142.445],National Highways Authority of India [NHAI],Madhya Pradesh,May 2026,1146.22,98.21,626.02,0.0,0.009999999999990905,2,6.3742999694532125,Medium,1240.64
618697,4LPS Access Controlled Highway of Bellary Bypass Balance work from Ch. 254750 to Ch. 266837 and construction of 4LPS from Ch. 277.690 to Ch. 278.690 at D. Hirehal Village Balance work of NH 150A of Bellary Byrapura Section,NHAI,Karnataka,July 2026,626.01,38.97,113.26,0.8900000000000006,1.0500000000000114,4,2.906338208878625,Small,284.05
618698,Challakere to Hariyur section from km 358.500 to km 414.205 of NH-150 A,National Highways Authority of India [NHAI],Karnataka,May 2026,1167.52,99.5,843.6,0.0,0.0,2,8.478391959798996,Medium,1873.58
618699,Pipli Bhavnagar-Package 1 from km 136.025 to km 169.328,National Highways Authority of India [NHAI],Gujarat,May 2026,819.14,100.0,188.7,0.0,0.0,2,1.8869999999999998,Small,1297.38
618700,Renigunta - Poyya - Naidupeta km 124.60 to km 183.4 of NH 71,NHAI,Andhra Pradesh,July 2026,1863.09,98.6,1677.19,0.0,0.11000000000012733,4,17.01004056795132,Medium,2510.14
618701,Balance work of 4L of Nauradehi Sanctuary de-scoped stretch of Hiran River to Sindoor River from Km. 66.00 to 130.00 NH-12 New NH-45,National Highways Authority of India [NHAI],Madhya Pradesh,May 2026,178.18,57.14,142.2,0.0,0.0,2,2.488624431221561,Small,153.15
618702,4L of Addahole Near Gundya to Bantwal Cross section Pkg-02 from Design Km 270.270 to Design km 318.55 including flyover at Kalladka Town including approaches from Km. 311.57 to Km. 313.67 of NH-75 Old NH-48,NHAI,Karnataka,July 2026,1660.19,94.21,1452.0,0.0,0.09999999999990905,4,15.412376605455897,Medium,1318.24
618704,6L Flyover including RE Wall approaches with Flexible Pavement in the Elephant Corridor of Angul Sambalpur Section of NH-42 New NH-55 Km.202.533,NHAI,Odisha,July 2026,150.86,100.0,106.14,0.010000000000005116,0.0,4,1.0614,Small,106.32
618705,"4L Godibandha to Ballhar Chhak, Ballhar Chhak to Banarpal & Banarpal to Start of Angul bypass at Km.314.130 to Km.321.035 of NH53, at Km.75.200 to Km.84.000 of NH149 & at Km.84.000 to Km.86.100 of NH55",NHAI,Odisha,July 2026,973.12,5.4,241.06,1.2000000000000002,2.9099999999999966,4,44.64074074074074,Small,973.12
618706,Bangalore-Nidagatta Pkg. I,NHAI,Karnataka,July 2026,3496.01,99.19,4315.21,0.0,-0.010000000000218279,4,43.50448633934872,Medium,4087.42
618707,Additional works under BM1 to ensure road safety under 6L of Bengaluru Mysuru Access control with close toll from Km.17.300 to Km.136.300 of NH-275,NHAI,Karnataka,July 2026,738.37,12.67,32.83,3.0,14.919999999999998,4,2.591160220994475,Small,738.37
618708,Widening/Development of Existing NH-85 from Km 0.000 to Km 124.636 section to 2L/LPS section in the state of Kerala on EPC Mode under Bharatmala Pariyojana,NHAI,Kerala,July 2026,1187.47,81.98,782.54,15.100000000000009,4.039999999999964,4,9.54549890217126,Medium,1265.47
618709,4L of Left-Over Works of Hospet-Bellary -Karnataka/AP border from Km.280.080 Dec.Ch. to Km.375450Des.Ch. of NH-63 New-67,NHAI,Karnataka,July 2026,1340.15,92.51,929.02,0.8400000000000034,6.949999999999932,4,10.042373797427304,Medium,992.6
618710,DL/UP Border - EPE Crossing Pkg-02,NHAI,Uttar Pradesh,July 2026,2002.79,100.0,1739.72,0.0,0.03999999999996362,4,17.3972,Medium,1889.78
618711,6L with access control provision Saharanpur bypass to Ganeshpur section from 13.89 Km to 41.820 Km of Delhi- Dehradun Economic Corridor package-2,NHAI,"Multi-States (Uttar Pradesh, Uttarakhand)",July 2026,796.65,99.29,508.43,0.0,0.75,4,5.120656662302347,Small,560.03
618712,6L Access Controlled Greenfield Highway from Kodur Ch. 0000 to Vanavolu Ch. 24300 of [NH-544G] Package-1,NHAI,Andhra Pradesh,July 2026,912.94,87.65,357.89,1.0200000000000102,0.0,4,4.0831717056474615,Small,798.25
618713,6L Access Controlled Greenfield Highway from Yerragudipadu Ch. 129000 to Audireddipalle Ch. 160000 of [NH 544G] Package-6,NHAI,Andhra Pradesh,July 2026,1200.42,47.2,282.16,2.1600000000000037,0.1300000000000523,4,5.977966101694915,Medium,1019.69
618714,6L Access Controlled Greenfield Highway from Nallacheruvu palli Ch. 96300 to Yerragudipadu Ch. 129000 of [NH-544G] Package-5,NHAI,Andhra Pradesh,July 2026,1253.26,67.05,389.19,2.009999999999991,0.7300000000000182,4,5.804474272930649,Medium,1095.78
618715,6L Access Controlled Greenfield Highway from Odulapalle Ch. 72000 to Nallacheruvu- palli Ch. 96300 of [NH-544G]Package-4,NHAI,Andhra Pradesh,July 2026,1058.9,76.97,403.17,1.0499999999999972,0.0,4,5.2380148109653115,Medium,946.1
618716,6L Access Controlled Greenfield Highway from Vankarakunta Ch. 45700 to Odulapalle Ch. 72000 of [NH-544G]Package-3,NHAI,Andhra Pradesh,July 2026,992.91,77.21,351.23,0.0,31.180000000000007,4,4.549022147390235,Small,888.07
618717,6L Access Controlled Greenfield Highway from Vanavolu Ch. 24300 to Vankarakunta Ch. 45700 of [NH-544G] Package-2,NHAI,Andhra Pradesh,July 2026,750.81,87.24,261.4,1.1099999999999994,11.169999999999987,4,2.9963319578175147,Small,626.91
618718,6L Access Controlled Greenfield Highway from Kavulakuntla Ch. 196000 to Narayanmpet Ch. 203500Package-09,NHAI,Andhra Pradesh,July 2026,1092.18,54.56,242.13,6.830000000000005,42.0,4,4.437866568914956,Medium,956.4
618719,6L Access Controlled Greenfield Highway from Mallapalle Ch. 176000 to Kavulakuntla Ch. 196000 Package-08,NHAI,Andhra Pradesh,July 2026,909.02,65.92,290.04,5.350000000000001,0.160000000000025,4,4.399878640776699,Small,751.81
618720,6L Access Controlled Greenfield Highway from Audireddipalle Ch. 160000 to Mallapalle Ch. 176000Package-07,NHAI,Andhra Pradesh,July 2026,987.1,73.78,338.45,3.269999999999996,0.339999999999975,4,4.587286527514231,Small,848.06
618721,6L Access Controlled Greenfield Highway from Chandrasekharapuram Ch. 228000 to Polavaram Ch. 260000of [NH-544G] Package-11,NHAI,Andhra Pradesh,July 2026,1292.65,64.2,358.41,3.4000000000000057,20.630000000000052,4,5.582710280373832,Medium,1110.33
618722,6L access Controlled Greenfield Highway from Gogwan Jalalpur Shamli to Ranipur Barsi Saharanpur of Shamli -Ambala section Package-I Design Ch. Form km 00.600 to km 45.500,NHAI,Uttar Pradesh,July 2026,1843.59,68.2,759.32,0.7999999999999972,0.07000000000005002,4,11.133724340175954,Medium,1247.55
618723,6L access Controlled Greenfield Highway from Ranipur Barsi to Adhoya Musalmana section of Shamli -Ambala Package-II Design Ch. Form km 45.500 to km 84.400,NHAI,"Multi-States (Haryana, Uttar Pradesh)",July 2026,1554.21,82.75,847.9,3.6500000000000057,22.120000000000005,4,10.246525679758308,Medium,1241.89
618724,6L Greenfield Varanasi-Ranchi-Kolkata Highway from Anarbansalea village to Sagrampur village From KM. 151200 to KM. 184700Package-7,NHAI,"Multi-States (Bihar, Jharkhand)",July 2026,1719.2,28.16,340.33,2.969999999999999,17.539999999999964,4,12.085582386363635,Medium,1723.42
618725,6L Greenfield Varanasi-Ranchi-Kolkata Highway from Pachmon village to Anarbansalea village From KM. 116000 to KM. 151200 Package-6,NHAI,Bihar,July 2026,1915.99,24.8,431.04,1.0300000000000011,25.939999999999998,4,17.380645161290325,Medium,1920.21
618726,6L Greenfield Varanasi-Ranchi-Kolkata Highway from junction with Chandauli- Chainpur Road near Khainti village to junction with Bhabhua-Adhaura road near Palka village from Km. 27.000 to Km. 54.000 Pkg-2,NHAI,Bihar,July 2026,1240.93,26.77,252.44,1.3999999999999986,8.060000000000002,4,9.429958909226746,Medium,1341.52
618727,6L Greenfield Varanasi-Ranchi-Kolkata Highway from junction with Bhabhua-Adhaura road in Bhairopur village to Konki village From KM. 54.000 to KM. 90.000Pkg-3,NHAI,Bihar,July 2026,1576.94,26.31,328.2,4.309999999999999,15.099999999999966,4,12.474344355758268,Medium,1711.44
618728,6L Greenfield Varanasi-Ranchi-Kolkata Highway from junction with NH-19 & Varanasi Ring Road near Rewasa village to junction with Chandauli-Chainpur road near Khainti village from Km. 0.000 to Km. 27.000 - Pkg-1,NHAI,"Multi-States (Bihar, Uttar Pradesh)",July 2026,1433.39,47.63,559.01,2.6099999999999994,-2.5299999999999727,4,11.73651060256141,Medium,1564.15
618729,6 Lane Greenfield Varanasi- Ranchi- Kolkata Highway from Donoreshan village to junction with NH-20 in Bongabar village from km 288.600 to km 325.500 Pkg -11,NHAI,Jharkhand,July 2026,1856.12,0.0,261.78,0.0,0.01999999999998181,2,0.0,Medium,1856.12
618730,6 Lane Greenfield Varanasi- Ranchi- Kolkata Highway from Deoria village to Donoreshan village from km 253.000 to km 288.600 Pkg -10,NHAI,Jharkhand,July 2026,1546.27,5.65,183.44,1.6900000000000004,100.78999999999999,3,32.46725663716814,Medium,1546.27
618731,6 Lane Greenfield Varanasi- Ranchi- Kolkata Highway from Chatra to junction with NH- 100 in Deoria village from km 222.000 to km 253.000 Pkg -9,NHAI,Jharkhand,July 2026,1418.16,0.0,143.72,0.0,0.0,1,0.0,Medium,1418.16
618732,6L Greenfield Varanasi- Ranchi- Kolkata Highway from Sonepurbigha village to junction with NH- 22 Chatra Bypass near Chatra from km 184.700 to km 222.000Pkg - 8,NHAI,"Multi-States (Bihar, Jharkhand)",July 2026,1728.17,3.94,200.25,0.0,86.02,3,50.8248730964467,Medium,1728.17
618733,6L Greenfield Varanasi- Ranchi- Kolkata Highway from junction with NH-20 in Bongabar village to junction with NH-30 in Lepo village from km 325.500 to km 358.500 Pkg -12,NHAI,Jharkhand,July 2026,1525.52,0.1,218.28,0.1,0.009999999999990905,2,2182.7999999999997,Medium,1525.52
618734,6L Greenfield Varanasi- Ranchi- Kolkata Highway from junction with NH-320 in Lepo village to Kamlapur villageJH/WB border from km 358.500 to km 387.200 Pkg -13,NHAI,"Multi-States (Jharkhand, West Bengal)",July 2026,1154.49,24.76,330.27,1.5300000000000011,22.25,4,13.338852988691436,Medium,1319.18
618735,4L of Chandesara to Khedakhajuriya from Km. 0.000 to - 750 & Km 0.000 to km 41.400 of NH-148NG Pkg-I,NHAI,Madhya Pradesh,July 2026,909.84,99.0,587.81,0.0,0.009999999999990905,4,5.937474747474747,Small,976.55
618736,4L Elevated corridor of Kalimandir-Dimna Chowk-Baliguma Jamshedpur Section of NH-33 New NH-18 from km 241940 to km 251961 Length 10.021 km,NHAI,Jharkhand,July 2026,936.26,49.5,328.76,2.710000000000001,18.409999999999968,4,6.641616161616161,Small,832.2
618737,Grade separated Interchanges at Km. 113.730 junction with Ranchi Hazaribagh Road & Km. 139.225 junction with Ranchi Jamshedpur road on 4L Ranchi Bypass of NH-33,NHAI,Jharkhand,July 2026,303.53,0.0,4.98,0.0,0.0,4,0.0,Small,5.58
618738,6L Bridge and its approaches across River Ganga as Part of Patna Ring Road NH- 131G starting from Km 8.480 near Sherpur to Km 23.000 near Dighwara,NHAI,Bihar,July 2026,6291.69,22.05,734.19,0.8399999999999999,0.2600000000001046,4,33.29659863945578,Large,3351.62
618739,4L Greenfield Alignment of Amas to Shivrampur from 0.000 Km. to 55.002 Km. of NH 119 D Pkg-I,NHAI,Bihar,July 2026,1390.92,54.8,642.43,0.6999999999999957,37.93999999999994,4,11.723175182481752,Medium,1427.43
618740,4L Greenfield Alignment of Shivrampur to Ramnagar from Km. 55.002 to Km. 109.300 of NH 119 D Pkg-II,NHAI,Bihar,July 2026,1494.31,50.8,702.39,0.6499999999999986,37.84000000000003,4,13.826574803149606,Medium,1546.07
618741,4L Greenfield Alignment from Kalyanapur to Tal Dashraha of NH-119D Pkg-III,NHAI,Bihar,July 2026,1857.58,36.25,957.28,2.770000000000003,27.92999999999995,4,26.407724137931034,Medium,1969.3
618742,"Construction of 6-lane Greenfield corridor from Ramnagar to Kacchi Dargah NH-119D from Km 109700 to Km 122300, including widening of the existing NH-31 from Km 196700 to Km 198600, as part of the Amas-Darbhanga.",NHAI,Bihar,July 2026,1113.46,0.8,12.44,0.30000000000000004,0.009999999999999787,4,15.549999999999999,Medium,1113.46
618743,Trichy 135.800 to Karur 218.000 section of NH-67 - Trichy Bypass,National Highways Authority of India [NHAI],Tamil Nadu,May 2026,876.88,100.0,66.59,0.0,0.0,2,0.6659,Small,360.88
618744,4L of Thirumangalam to Vadugapatti section from km 0.000 to km 36.000 of NH-744,NHAI,Tamil Nadu,July 2026,1076.97,95.95,685.52,0.4399999999999977,6.029999999999973,4,7.144554455445544,Medium,791.6
618745,4L of Vadugapatti to Therkuvenganallur Rajapalyam section from km 36.000 to km 71.600 of NH-744,National Highways Authority of India [NHAI],Tamil Nadu,May 2026,1317.6,99.99,932.02,0.009999999999990905,5.460000000000036,2,9.321132113211322,Medium,1137.16
618746,Khammam-Devarapalle Pkg I [4L Access Controlled Greenfield from Thallampadu village to Somavaram village Design Chainage 0000 to 33604],NHAI,Telangana,July 2026,797.36,97.26,684.62,0.8599999999999994,0.11000000000001364,4,7.039070532593049,Small,1337.18
618747,Khammam-Devarapalle Pkg III [4L Access Controlled Greenfield from Chintagudem village to Recherla village Design Chainage 63117 to 105236],NHAI,"Multi-States (Andhra Pradesh, Telangana)",July 2026,829.5,98.82,649.55,0.0,0.06999999999993634,4,6.5730621331714225,Small,1227.07
618748,Khammam-Devarapalle Pkg IV [4L Access Controlled Greenfield from Recherla village to Gurvaygudem village Design Chainage 105236 to 132664],National Highways Authority of India [NHAI],Andhra Pradesh,May 2026,569.37,100.0,355.88,0.0,0.0,2,3.5587999999999997,Small,752.02
618749,Khammam-Devarapalle Pkg V [4L Access Controlled Greenfield from Gurvaygudem village to Devarapalle village Design Chainage 132664 to 162126,NHAI,Andhra Pradesh,June 2026,711.94,100.0,566.96,0.3400000000000034,143.92000000000002,3,5.6696,Small,926.48
618751,2L PS of Hinotiya-Mehulwa section of NH-346 from Km. 27.000 to Km 75.700 Vidisha Mehulwa-Talbehat Pkg-II Section of NH- 346,NHAI,Madhya Pradesh,July 2026,581.65,69.04,273.7,0.0,0.15999999999996817,4,3.9643684820393967,Small,592.71
618754,Upgradation of 2L/4L with Paved Shoulder of Shirwal-Lonand Section from KM 159900 To KM 188025 of NH-965DD Section I and 2L With Paved Shoulder of Lonand-Satara Section from KM 51500 To KM 96246 Of NH-965D Section II in Satara District in the State of Maharashtra on EPC Mode under NHO-,NHAI,Maharashtra,July 2026,538.11,43.57,160.77,2.490000000000002,0.5,4,3.6899242598117974,Small,307.24
618755,4L of left out existing road section from Lalgopalganj Km 161.450 to Nawabganj Km 180.200 in Prayagraj,National Highways Authority of India [NHAI],"Multi-States (Rajasthan, Uttar Pradesh)",May 2026,159.53,100.0,72.44,0.0,0.1700000000000017,2,0.7243999999999999,Small,100.74
618756,Melur - Pilayarpatti - Karaikudi from km 99.920 of NH 38 to km 12.9 of NH 383 Ext.,NHAI,Tamil Nadu,July 2026,1103.86,98.12,956.44,0.8000000000000114,0.010000000000104592,4,9.747655931512433,Medium,1085.41
618757,6L access controlled Highway from Km 40080 to Km 86513 Mator to Barodameo Section,NHAI,Rajasthan,July 2026,2010.2,37.27,708.28,0.0,0.0,4,19.004024684733025,Medium,1565.88
618758,6L accesscontrolled highway from km 0000 to km 40080 Paniyala to Mator Section of Paniyala-Barodameo ICR,NHAI,Rajasthan,July 2026,1764.86,42.75,571.41,1.5,13.089999999999918,4,13.366315789473683,Medium,1239.24
618759,4L PS Mydukur - Badvel from Km 585.820 to Km 630.960 of NH-67,NHAI,Andhra Pradesh,July 2026,1063.57,90.4,585.79,0.0,0.2899999999999636,4,6.479977876106194,Medium,1103.87
618760,4L Greenfield a Malout bypass from ch. Km 44.500 to ch. Km 35.500 on NH-07 and Ch. Km 0.000 to Km 6.984 on NH-09 bMandi Dabwali Bypass from Ch. 38.450 Km to Km 27.910 Pkg-02,National Highways Authority of India [NHAI],"Multi-States (Haryana, Punjab)",May 2026,646.42,98.0,549.2,0.0,0.0,2,5.604081632653061,Small,556.09
618761,4L Spur of Meerut-Garh-Mukteshwar section connecting NH-119 and NH-58 bypassing Meerut Town of NH 709 A,NHAI,Uttar Pradesh,July 2026,991.89,96.98,865.93,0.0,4.2999999999999545,4,8.928954423592492,Small,977.73
618762,Itarsi Km. 63.000 to Betul Km. 137.000 of NH-69 in Madhya Pradesh,NHAI,Madhya Pradesh,July 2026,950.27,100.0,663.67,0.0,0.0,4,6.636699999999999,Small,788.33
618764,Moga - Bagha Purana - Bajakhana from km. 0.00 to km. 43.32,NHAI,Punjab,July 2026,1032.59,76.0,799.77,0.0,12.730000000000018,4,10.52328947368421,Medium,1264.17
618765,4L of Karimnagar-Warangal section from km 49.500 to km 117.820 of NH-563,NHAI,Telangana,July 2026,2146.86,92.4,1272.62,0.0,4.489999999999782,4,13.77294372294372,Medium,2486.51
618766,Up-gradation to Four Lane with Paved Shoulder configuration of the highway starting from existing km 88.400 Savali Vihir to km 163.400 start of Ahmednagar bypass Design Length 75.000 km section of NH-160 in the State of Maharashtra under Bharatmala Pariyojana on EPC Mode,NHAI,Maharashtra,July 2026,862.0,48.55,298.45,0.0,0.21999999999997044,4,6.147270854788878,Small,617.93
618768,Four laning of Agra-Aligarh Section from Km. 0.000 Junction of NH-34 Aligarh Km 144.60 to Km. 28.000 near Asroi village in Hathras of NH-509 Package-I,NHAI,Uttar Pradesh,July 2026,1309.08,3.96,310.08,1.97,4.649999999999977,4,78.3030303030303,Medium,1309.08
618769,Walajahpet/Ranipet to TN/AP Border Section of from Km.106.800 to Km.133.36 NH-4,NHAI,"Multi-States (Andhra Pradesh, Tamil Nadu)",July 2026,1338.14,15.58,240.77,2.130000000000001,0.060000000000002274,4,15.453786906290116,Medium,1214.7
618770,4L Spur of Panipat - Shamli connecting NH-709AD Panipat Shamli Muzaffarnagar and NH-709A Karnal Meerut bypassing Shamli district UP,National Highways Authority of India [NHAI],Uttar Pradesh,May 2026,516.16,74.23,232.93,0.0,0.0,2,3.137949616058197,Small,273.42
618771,6L of Varadharajula to Kumarajapet from km 0.000 to km 43.800 of NH-716B Pkg-I,National Highways Authority of India [NHAI],"Multi-States (Andhra Pradesh, Tamil Nadu)",May 2026,1924.75,99.19,947.66,0.0,0.0,2,9.553987297106563,Medium,1887.38
618772,6L of Kumarajapet to Veera Kaveri Raja Puram from km 43.800 to km 61.380 of NH- 716B Pkg-II,NHAI,"Multi-States (Andhra Pradesh, Tamil Nadu)",July 2026,702.52,99.8,405.81,0.8900000000000006,0.0,4,4.06623246492986,Small,799.36
618773,Tuticorin - Tirunelveli from km. 0.00 to km. 47.250,National Highways Authority of India [NHAI],Tamil Nadu,May 2026,449.85,100.0,1.17,0.0,0.0,2,0.011699999999999999,Small,452.48
618774,Ara - Mohania Pkg-II,National Highways Authority of India [NHAI],Bihar,May 2026,984.63,100.0,798.12,0.0,0.0,2,7.9812,Small,827.51
618775,Ara Bypass,NHAI,Bihar,July 2026,226.32,25.78,5.95,0.9400000000000013,0.33000000000000007,4,0.2307990690457719,Small,226.32
618776,4L of Greenfield section from Sirhind to Mohali,NHAI,Punjab,July 2026,1237.65,98.66,1391.6,1.8799999999999955,8.079999999999927,4,14.105007095073992,Medium,1301.15
618777,4L of Pileru to Kalur Section from Km 55.900 to Km 92.800 & Km 94.500 to Km 95.717 of NH-71Package-II,NHAI,Andhra Pradesh,July 2026,1877.47,98.84,246.42,0.0,0.009999999999990905,4,2.4931201942533385,Medium,592.85
618778,4L of Madanapalle to Pileru Section from Km 0.000 to Km 55.900 of NH-71Package-I,NHAI,Andhra Pradesh,July 2026,1877.47,94.9,1182.65,0.0,0.0,4,12.462065331928345,Medium,1994.1
618779,4L of Aurangabad-Paithan,NHAI,Bihar,May 2026,1505.0,96.5,319.54,0.0,13.950000000000045,2,3.311295336787565,Medium,349.96
618782,4L of Bareilly-Pilibhit-Sitarganj from Km. 0.000 to Km. 32.500 of NH-30 Pkg-1,NHAI,Uttar Pradesh,July 2026,1394.14,64.12,622.58,0.720000000000006,16.379999999999995,4,9.709606986899564,Medium,1394.14
618783,4-laning of Pilibhit - Sitarganj from Km. 32.500 to Km. 70.800 Pkg-2 of NH-30,NHAI,"Multi-States (Uttar Pradesh, Uttarakhand)",July 2026,1471.19,44.41,470.11,1.529999999999994,13.350000000000023,4,10.585678901148391,Medium,1471.19
618784,Balance works of 4 lane divided carriageway of Missing Link section of NH-39 Rewa Bypass from junction with NH 30 near Bela to Junction with MPRDC ring road near Silpara on SH 9 design length 13.100 km on EPC Mode under Bharatmala Pariyojana in the State of Madhya Pradesh,NHAI,Madhya Pradesh,July 2026,355.36,84.44,253.13,0.0,14.180000000000007,4,2.997749881572714,Small,355.36
618785,4/6L Greenfield LudhianaRupnagar highway from Jn. with NE-5 village near to ManewalLudhiana to Jn. with NH-205 near Bheora Village Rupnagar from Km 66.0 to Km 91.0 i/c spur to Kharar from Km 0.0 to Km 19.5 with Ludhiana bypass of NH-205K Pkg-3,NHAI,Punjab,July 2026,1501.02,80.25,1162.52,0.39000000000000057,3.8199999999999363,4,14.486230529595016,Medium,1815.13
618786,4L of Phagwara - Hoshiarpur,NHAI,Punjab,July 2026,1196.38,20.03,556.23,0.0,20.629999999999995,4,27.76984523215177,Medium,1503.79
618787,"Upgradation to 4L PS from Bhimasar, Junction of NH-41 to Anjar- Bhuj upto Airport Junction from Km 0.000 to Km 65.478 of NH-341",NHAI,Gujarat,July 2026,1373.06,96.0,837.85,0.0,0.14999999999997726,4,8.727604166666667,Medium,1687.25
618788,4L Greenfield Jalbhera Shahbad section from km. 0.000 to km. 22.850 of NH-152G,NHAI,Haryana,July 2026,927.22,87.05,550.65,0.0,6.139999999999986,4,6.325674899483055,Small,1173.66
618790,Construction of four laning of Bakarpur- Manikpur road section starting from village Chitarsenpur km 0000 and terminating at SH-74 near Manikpur 38814 at NH-139W under Bharatmalapariyona,NHAI,Bihar,July 2026,1422.37,49.0,635.91,2.8999999999999986,12.159999999999968,4,12.977755102040815,Medium,1537.99
618791,4L PS under NH configuration of Manikpur-Sahebganj of NH-139W,NHAI,Bihar,July 2026,1538.76,27.5,595.95,0.8999999999999986,31.58000000000004,4,21.670909090909092,Medium,1538.76
618792,4L Bhiwani-Hansi road section of NH-148B,NHAI,Haryana,July 2026,1330.23,99.5,455.86,0.0,0.8400000000000318,4,4.581507537688442,Medium,1144.21
618793,4L of Fazilka to Abohar section of NH-07 including construction of Greenfield Abohar & Fazilka Bypasses,NHAI,Punjab,July 2026,1409.88,67.0,913.89,0.0,32.59000000000003,4,13.640149253731343,Medium,1674.04
618794,Amritsarairport Junction - Ramdas from km. 100.835 to km. 139.813 Pkg - IV,NHAI,Punjab,July 2026,524.88,96.0,395.48,0.0,1.3400000000000318,4,4.119583333333334,Small,416.58
618795,Amritsar Bypass Pkg III from km. 71.496 to km. 105.158,NHAI,Punjab,July 2026,1474.77,82.88,1222.67,0.5799999999999983,-0.05999999999994543,4,14.752292471042473,Medium,1228.42
618796,Tanot -Ramgarh-Bhadasar-Jaisalmer NH-68 and BhadasarMokal-Sarkaritala up to Pakisthan Border NH-968 Pkg-BM/5,NHAI,Rajasthan,July 2026,828.58,100.0,755.88,0.0,61.40999999999997,4,7.5588,Small,830.37
618797,"Widening Strengthening of 2-Lane with Paved Shoulder from MyajlarJaisalmer from Design Chainage 0000 to 98350 Section of NH-11 & SundraMyajlarAmbasingh ki Dhani Road from Design Chainage 46000 to 81601, part of MunabaoTanot Road Section of NH-70 along with Strengthening/Widening of Existing Connection of NH-70 & NH-11 of length 0.914 km in the State of Rajasthan under NHO on Hybrid Annuity Mode",NHAI,Rajasthan,July 2026,1237.71,21.22,94.08,2.66,17.11,4,4.433553251649387,Medium,927.02
618798,4L of Sonauli - Gorakhpur,NHAI,Uttar Pradesh,July 2026,2555.5,89.0,1328.22,0.0,1.6100000000001273,4,14.923820224719101,Medium,2275.43
618799,Belakeri Port to Kumta - Sirsi road from km 0.00 - km 4.265 of Belekeri Port Road Link Rd. and km 4.965 - km 60.00 of SH-69,NHAI,Karnataka,July 2026,440.16,95.23,471.12,0.25,-0.17000000000001592,4,4.9471805103433795,Small,456.79
618800,Construction of New Double Tier 4L Elevated Corridor from Chennai Port to Maduravoyal in Chennai District from km -0.342 to Km 20.593 and Package II from Km 4.604 to Km 9.700,NHAI,Tamil Nadu,July 2026,1616.97,18.13,250.4,0.0,10.920000000000016,4,13.811362382790955,Medium,1616.97
618801,Construction of New Double Tier 4-lane Elevated Corridor from Chennai Port to Maduravoyal in Chennai District from Km -0342 to Km 20223 Package 1 from Km - 0342 to Km 4604,NHAI,Tamil Nadu,July 2026,1388.59,22.8,275.2,0.0,6.96999999999997,4,12.07017543859649,Medium,1388.59
618803,Development of 4L Road from Samarlakota to Achampeta Junction as part of Kakinada Port Connectivity to NH-16 Rajanagaram Junction in East Godavari District,NHAI,Andhra Pradesh,July 2026,645.63,93.0,680.09,0.9000000000000057,0.030000000000086402,4,7.312795698924732,Small,750.2
618804,Dedicated Port road to Krishnapatnam Port Package-I from Km. 0.000 to Km. 18.000,NHAI,Andhra Pradesh,July 2026,348.72,80.19,310.54,1.2399999999999949,6.810000000000002,4,3.8725526873675027,Small,341.36
618805,6L Connectivity to Port Road from Sabbavaram Sheelanagar-NH516C,NHAI,Andhra Pradesh,July 2026,977.33,7.2,155.51,0.9000000000000004,27.719999999999985,4,21.598611111111108,Small,977.33
618806,Improvement of 4L road to 6L road and 4L dedicated Port Roads for the Port connectivity road from Convent junction to Sheelanagar Junction,NHAI,Andhra Pradesh,July 2026,685.99,79.0,493.92,0.0,15.400000000000034,4,6.252151898734177,Small,680.21
618807,"4L Greenfield Road connecting North and South industrial cluster of Khandaleru Creek near Krishnapatnam port at Thamminapatnam to Mollur from Km 0.0 to Km 16.046, Part I & 6L extension of dedicated port road of NH-67 Km 18.0 to Km 19.3, Part II",NHAI,Andhra Pradesh,July 2026,609.43,84.03,579.22,2.219999999999999,26.340000000000032,4,6.893014399619184,Small,559.98
618808,6L Elevated Kona Expressway from Km. 0.145 to Km. 7.337 of NH-117,NHAI,West Bengal,July 2026,1212.56,39.99,433.18,0.010000000000005116,4.920000000000016,4,10.832208052013003,Medium,1203.11
618809,4L of Beas-Mehta-Batala-Dera Baba Nanak from intersection with Jalandhar-Amritsar Highway NH-3 near Beas till start of Batala Bypass near Village Acchhal from Km. 0.000 to Km. 31.300 Pkg-1,NHAI,Punjab,July 2026,809.51,68.2,670.85,0.4000000000000057,1.1299999999999955,4,9.836510263929618,Small,966.99
618810,4L of existing Beas Baba Bakala - Dera Baba Nanak Section from start of Batala Bypass till intersection with Ajnala Gurdaspur Highway NH 354 near Dera Baba Nanak from Km. 31.300 to Km. 69.100 with Additional batala Bypass Pkg-II,NHAI,Punjab,July 2026,1003.38,80.9,800.86,0.20000000000000284,8.360000000000014,4,9.89938195302843,Medium,993.6
618811,4L Access Controlled Greenfield Highway Section Mancherial Warangal from Pangidipalle village at Design Ch. 72.350 Km to Oorugonda village at Design Ch. 112.240 KmPackage-III,NHAI,Telangana,July 2026,1183.71,5.63,209.72,0.6299999999999999,46.56999999999999,4,37.250444049733574,Medium,1170.64
618812,4L Access Controlled Greenfield Section Mancherial Warangal from Puttapaka village at Design Ch. 35.300 Km to Pangidipalle village at Design Ch. 72.350 KmPackage-II,NHAI,Telangana,July 2026,1129.33,9.04,210.45,0.9899999999999984,1.0,4,23.279867256637168,Medium,1145.41
618813,4L Access Controlled Greenfield Section Mancherial Warangal from Narva village at Design Ch. 3.834 Km to Puttapaka village at Design Ch. 35.300 Km Package-I,NHAI,Telangana,July 2026,1127.9,11.28,161.67,1.049999999999999,1.1299999999999955,4,14.332446808510637,Medium,1104.27
618814,4L Access Controlled Greenfield Highway section on NH163G Warangal-Khammam from Oorugonda village in Hanamkonda District at Design Ch. 112.240 Km to Venkatpur village in Warangal District at Design Ch. 150.240 KmPackage-I,NHAI,Telangana,July 2026,1142.6,0.5,160.19,0.5,12.990000000000009,3,320.38,Medium,1140.82
618815,4L Access Controlled Greenfield Highway section on NH-163G Warangal-Khammam from Venkatpur village in Warangal District at Design Ch. 150.240 Km to Thallasenkesa village in Mahabubabed District at Design Ch. 189.650 kmPackage-II,NHAI,Telangana,July 2026,1092.88,77.65,408.59,3.219999999999999,30.629999999999995,4,5.261944623309723,Medium,1083.11
618816,4L Access Controlled Greenfield Highway section on NH-163G Warangal-Khammam from Thallasenkesa village at Design Ch. 189.650 km to V.Vekatayapalem village in Khammam District at Design Ch. 220.480 KmPackage-III,NHAI,Telangana,July 2026,1105.25,10.11,168.28,0.049999999999998934,0.11000000000001364,3,16.644906033630072,Medium,1098.05
618817,4L Access Controlled Greenfield Highway section on NH-163G Khammam Vijayawada from V. Venkatayapalem village at Design Ch. 220.480 Km to BrahmanapalliK village at Design Ch. 250.400 Km Package-I.,NHAI,Telangana,July 2026,973.45,45.89,271.03,1.8900000000000006,0.07999999999998408,4,5.906079755938112,Small,1021.96
618818,4L Access Controlled Greenfield Highway section on NH-163G Khammam Vijayawada from Remidicherla village at Design Ch. 280.200 Km to Jakkampudi village on NH-16 at Design Ch. 309.909 Km Package-III,NHAI,"Multi-States (Andhra Pradesh, Telangana)",July 2026,1183.23,5.8,228.68,1.4299999999999997,0.020000000000010232,4,39.42758620689656,Medium,1225.14
618819,Balance work of Panikoili Rimoli Section of new NH-20 from Km 0.00 to Km. 163.000,National Highways Authority of India [NHAI],Odisha,May 2026,183.03,99.0,89.36,0.0,0.0,2,0.9026262626262627,Small,200.79
618820,Rehabilitation and Up gradation from 4 to 8 laning of Chandikhole Paradip Section of NH-53 Old NH 5A from Km.39.000 to Km.60.00 Package-3,NHAI,Odisha,July 2026,861.84,92.02,395.96,0.21999999999999886,5.930000000000007,4,4.302977613562269,Small,938.55
618821,Rehabilitation and Up gradation from 4 to 8 laning of Chandikhole Paradip Section of NH-53 Old NH 5A from Km 18.00 to Km 39.00 in the State of Odisha on HAM mode Package-2,NHAI,Odisha,July 2026,920.47,98.22,424.45,7.219999999999999,2.849999999999966,4,4.321421299124414,Small,950.4
618822,Rehabilitation and Up gradation from 4 to 8 laning of Chandikhole Paradip Section of NH-53 Old NH 5A from Km.0.00 to Km.18.00Package-1,NHAI,Odisha,July 2026,929.91,96.75,398.91,4.450000000000003,0.0,4,4.123100775193799,Small,869.45
618823,4 laning of Barasat - Barajaguli Section of NH-12 from Km. 31.000 to Km. 48.679 in the district of North 24 - Parganas,NHAI,West Bengal,July 2026,352.01,43.52,97.88,1.8500000000000014,10.469999999999999,4,2.249080882352941,Small,346.39
618824,"Development to 4-laning of the de-scoped stretches from Km 115.342 to Km 191.700 of NH-34 in Nadia District 3.962 & Murshidabad District 5.538 pertaining to Krishnagar to Berhampore section of NH-34 New NH-12 , in the state of West Bengal under NHO.",NHAI,West Bengal,July 2026,201.1,54.79,64.63,0.769999999999996,7.659999999999997,4,1.179594816572367,Small,197.74
618825,Bridge over Ganga River at d/s of Farraka Barrage including Approaches connecting Farakka-Raiganj,NHAI,West Bengal,July 2026,622.04,96.71,628.08,0.0,4.389999999999986,4,6.494467997104747,Small,646.1
618826,4 Laning of NH-544D from Km 0.000 to km 37.000 of Anantapur- Muchukota section Pkg-1,NHAI,Andhra Pradesh,July 2026,907.76,92.34,468.12,0.37000000000000455,0.0,4,5.069525666016894,Small,905.98
618827,4 Laning of NH-544D from Km 37.000 to km 69.000 of Muchukota- Bugga section Pkg-2,NHAI,Andhra Pradesh,July 2026,1097.57,84.92,466.9,2.8700000000000045,0.009999999999990905,4,5.498115873763542,Medium,1055.23
618828,4L from Km 219.600 Khajuri to Km 260.483 Wyndhamganj on NH-75 Sec-V,National Highways Authority of India [NHAI],"Multi-States (Jharkhand, Uttar Pradesh)",May 2026,1436.49,92.02,830.18,0.0,0.0,2,9.021734405564008,Medium,1465.55
618829,4L from km 196.87 Sankha to km 219.6 Khajuri on NH-75 [Rehla / Garhwa Bypass],National Highways Authority of India [NHAI],Jharkhand,May 2026,1129.48,93.45,527.11,0.0,0.0,2,5.64055644729802,Medium,1129.48
618830,4L from Km 147.450 Bhogu to Km 196.870 Sankha on NH-75 Sec-III,NHAI,Jharkhand,July 2026,1517.87,76.95,1131.52,0.0,28.519999999999982,4,14.704613385315138,Medium,1652.09
618831,4L from Km 95.400 Udaipura to Km 147.450 Bhogu on NH-75 Sec-II,NHAI,Jharkhand,July 2026,1436.8,29.2,419.62,1.3000000000000007,0.009999999999990905,4,14.37054794520548,Medium,1301.54
618832,4L from Km 55.00 Kuru to Km 95.400 Udaipura on NH-75 Sec-I,NHAI,Jharkhand,July 2026,1274.82,11.1,253.64,1.4399999999999995,22.019999999999982,4,22.85045045045045,Medium,1274.82
618833,Kodinar - Veraval Package VI from km. 221.610 to km. 263.00 of NH-8E & km. 120.900 to km. 121.150 of NH-8D,NHAI,Gujarat,June 2026,894.01,98.79,730.04,0.0,272.97999999999996,3,7.389816783075209,Small,1127.42
618834,4L Kodinar - Veraval Package VI from km. 222.400 to km. 230.00 Kodinar Bypass of NH-8E NH 51 new,National Highways Authority of India [NHAI],Gujarat,May 2026,162.73,100.0,174.82,0.0,0.0,2,1.7482,Small,192.01
618835,4L of Bal Works of Talaja - Mahuva from 54.990 km. to 100.450 km. of Old NH-8E Package-II,National Highways Authority of India [NHAI],Gujarat,May 2026,698.4,100.0,418.41,0.0,0.0,2,4.1841,Small,735.51
618836,4L of Ratnagiri - Kolhapur section from km 67.140 to km 112.340 of NH-166 Pkg II,NHAI,Maharashtra,July 2026,1985.38,81.57,1239.53,1.5899999999999892,4.240000000000009,4,15.195905357361776,Medium,1798.0
618837,4L of Ratnagiri - Kolhapur section from km 112.340 to km 145.300 of NH-166 PkgIII,NHAI,Maharashtra,July 2026,1939.23,68.95,1079.17,1.3800000000000097,0.3200000000001637,4,15.651486584481509,Medium,1910.41
618838,4L of Karwar Km. 281.980 of NH-62 Nagaur road to Dangiyavas of Jodhpur Ring Road Pkg-II,NHAI,Rajasthan,July 2026,736.75,100.0,463.98,0.0,-6.419999999999959,4,4.6398,Small,512.77
618839,Aunta - Simaria including Ganga Bridge,National Highways Authority of India [NHAI],Bihar,May 2026,1309.47,100.0,812.81,0.0,0.0,2,8.1281,Medium,2107.68
618840,Simaria Km. 206.050 to Khagaria Km. 266.282,NHAI,Bihar,July 2026,664.02,97.73,814.22,0.010000000000005116,0.2400000000000091,4,8.331320986391077,Small,891.64
618841,4L Elevated Section and at-grade improvements at Begusarai town Simaria - Khagaria section from Km. 221.047 to Km. 225.302 of NH-31,NHAI,Bihar,July 2026,491.04,95.72,354.17,0.0,6.1299999999999955,4,3.7000626828249064,Small,348.38
618842,"2L PS Greenfield bypass lalganj ajhara, mohanganj and Raniganj on Raebareli - Jaunpur Section Design km 0.00 to Km 53177 of NH-31",NHAI,Uttar Pradesh,July 2026,1280.68,0.0,199.56,0.0,13.27000000000001,2,0.0,Medium,1280.68
618843,Construction of two lane with paved shoulders bypass to Mungrabadshapur town starting from near Kodahu at Km 47/225 of NH-319D and ending near Nauwadandi at Km 219/720 of NH-31 under NHO in the state of Uttar Pradesh on EPC mode,NHAI,Uttar Pradesh,July 2026,197.6,22.79,54.54,5.57,1.009999999999998,4,2.393154892496709,Small,165.28
618844,Viluppuram Km.0.000 to Puducherry Km.29.000,NHAI,"Multi-States (Puducherry, Tamil Nadu)",July 2026,1358.31,98.32,526.41,0.0,0.009999999999990905,4,5.354048006509357,Medium,1162.44
618845,Puducherry Km.29.000 to Poondiyankuppam Km.67.000,NHAI,"Multi-States (Puducherry, Tamil Nadu)",July 2026,1588.4,98.75,460.45,0.0,0.060000000000002274,4,4.662784810126582,Medium,1415.9
618846,Poondiyankuppam Km.67.000 to Sattanathapuram Km.123.800,NHAI,Tamil Nadu,July 2026,2565.63,99.8,1210.2,0.0,3.1700000000000728,4,12.12625250501002,Medium,2319.35
618847,Sattanathapuram to Nagapattinam from Km 123.800 to Km 179.555,NHAI,"Multi-States (Puducherry, Tamil Nadu)",July 2026,2899.77,85.6,1595.37,0.5999999999999943,2.0499999999999545,4,18.6375,Medium,2899.77
618848,Construction of Underpass beneath airport runway on NH-31 old NH-56 for proposed expansion of runway of Babatpur Airport Varanasi,NHAI,Uttar Pradesh,July 2026,649.44,22.0,0.09,15.3,0.0,4,0.00409090909090909,Small,649.44
618849,Conversion of Partially Excavated Escape Tunnel to Uni-Directional 2L Tunnelincluding construction of cross passages and approach roads on either side of the tunnel from Km 12.732 to Km 14.568 of Kiratpur to Nerchowk Section of NH-21,National Highways Authority of India [NHAI],Chhattisgarh,May 2026,444.21,100.0,394.65,0.0,0.0,2,3.9465,Small,412.88
618850,Nerchowk km 190.000 to Pandoh including Pandoh bypass km221.305,NHAI,Himachal Pradesh,July 2026,1464.12,100.0,1574.85,0.0,7.730000000000018,4,15.7485,Medium,1651.67
618851,Pandoh bypass 221.305 to Takoli 242.000 of NH-21 in the state of Himachal Pradesh,NHAI,Himachal Pradesh,July 2026,3419.95,95.65,2883.58,0.0,2.3899999999998727,4,30.147203345530578,Medium,4465.94
618852,4L Sundar Nagar Bypass from Km.173.900 to Km.179.600 of NH-21,NHAI,Himachal Pradesh,July 2026,191.11,100.0,182.6,0.0,0.3400000000000034,4,1.8259999999999998,Small,192.11
618853,Construction of Four lane Elevated Structure at Raniwada Circle in Sanchore City on NH-68,NHAI,Rajasthan,July 2026,353.3,89.37,192.88,3.1899999999999977,8.039999999999992,4,2.1582186416023275,Small,241.34
618854,2L PS of Raebareli - Jagdishpur with 4L Jagdishpur Bypass Spur,National Highways Authority of India [NHAI],Uttar Pradesh,May 2026,706.41,97.2,515.53,0.0,0.0,2,5.30380658436214,Small,752.52
618855,"Improvement and Up-Gradation of Existing Road to 2/4L PS from Km 40.000 to 88.750, start of Khutar bypass to start of Shahjahanpur bypass of NH 731Pkg-I",National Highways Authority of India [NHAI],Uttar Pradesh,May 2026,838.68,99.2,560.48,0.0,0.0,2,5.65,Small,838.68
618856,"Improvement and Up-Gradation of Existing Road to 4L PS from Km 123.650 to 175.080, from Start of Shahabad Bypass to End of Hardoi bypass of NH 731 Pkg-2B",NHAI,Uttar Pradesh,July 2026,1101.79,68.8,519.69,0.0,32.710000000000036,4,7.553633720930233,Medium,1212.26
618858,"Improvement and Up-Gradation of Existing Road to 4L PS from Km 88.750 to 123.650, from Start of Shahjahanpur Bypass to start of Shahabad bypass of NH 731Pkg.-2A",NHAI,Uttar Pradesh,July 2026,955.34,70.56,369.94,0.0,21.560000000000002,4,5.242913832199546,Small,955.34
618859,"Improvement and Up-Gradation of Existing Road to 4L PS from Km 229.070 to 260.800, End of Hardoi District to Lucknow Ring road of NH 731 Pkg-4",NHAI,Uttar Pradesh,July 2026,575.66,99.33,390.09,0.0,0.0,4,3.9272123225611595,Small,553.61
618861,Bakhtiyarpur-Rajauli Pkg-II from km. 54.405 to km.101.630,NHAI,Bihar,July 2026,897.45,97.85,914.25,0.0,0.0,4,9.343382728666327,Small,1397.47
618862,Bakhtiyarpur-Rajauli Pkg-III from km. 101.630 to km.152.520,NHAI,Bihar,July 2026,2156.22,99.14,1818.91,0.0,3.7100000000000364,4,18.346883195481137,Medium,3046.61
618863,Barhi-Koderma Section of NH31 km 0.00 - km 27.5,NHAI,Jharkhand,July 2026,662.44,98.5,825.2,0.0,0.25,4,8.37766497461929,Small,826.59
618864,4L from Mathura Bypass Start at Existing Km. 154.20 of NH-44 to Gaju Village at Km 32.982 of NH-530B Pkg-IB,National Highways Authority of India [NHAI],Uttar Pradesh,May 2026,1722.11,100.0,1050.08,0.09999999999999432,0.21000000000003638,2,10.5008,Medium,1820.77
618865,4L from Gaju Village at Km. 32.982 to Devinagar Bypass End at Km. 208.000 of NH- 530B Pkg-1C.,National Highways Authority of India [NHAI],Uttar Pradesh,May 2026,1384.79,99.99,823.04,0.0,0.0,2,8.231223122312231,Medium,1496.44
618866,"Four Lane Highway from Chandan Nagar Existing Km. 59.025 of NH 530B/Design Km. 179.5000 to Bareilly BypassStartExisting Km. 59.025 of NH 530B/Design Km. 218.000 Section of NH 530B, in the State of Uttar Pradesh on HAM Mode under NH0",NHAI,Uttar Pradesh,July 2026,2077.0,34.5,486.09,4.199999999999999,47.15999999999997,4,14.089565217391304,Medium,1112.44
618867,4L Kasganj-Badaun Section from Km. 123.100 to Km. 179.500 Pkg-III of NH530B,NHAI,Uttar Pradesh,July 2026,2009.11,40.0,590.99,2.969999999999999,41.940000000000055,4,14.774750000000001,Medium,1936.61
618868,4L from Devinagar Bypass End Existing Km. 208.000 of NH 530B/Design Km. 66.000 to Kasganj Bypass End Existing Km.150.100 of NH 530B/ Design Km. 123.100 of NH 530B,NHAI,Uttar Pradesh,July 2026,2289.52,77.0,1027.01,6.980000000000004,0.009999999999990905,4,13.337792207792207,Medium,2223.71
618869,"Construction of 4/6 lane Highway of Southern Bareilly Bypass, starting at Ch. 237000 of NH 530 near Jhumka chauraha, Dhantiya village and ending at Ch. 267000 of NH 30 near Invertis University including Trumpet Interchange",NHAI,Uttar Pradesh,July 2026,1122.02,16.4,620.25,0.9199999999999982,16.889999999999986,4,37.82012195121951,Medium,1869.59
618870,4L PS from near Hemmige Village Periyapatna - Hassan Road Jn. to near Hunsur - KR Nagar Jn section from Km. 144.900 to Km. 169.000 of NH-275 Pkg. III,NHAI,Karnataka,July 2026,883.62,27.8,447.11,3.530000000000001,9.340000000000032,4,16.083093525179855,Small,1726.65
618871,4L PS from Near Guddehosur to Start of Kushalnagara Bypass to near Hemmige Village Periyapatna - Hassan Road Jn from Km. 122.200 to Km. 144.900 of NH-275 Pkg. II,NHAI,Karnataka,July 2026,909.86,14.53,325.85,0.9199999999999999,12.640000000000043,4,22.426015141087408,Small,896.42
618872,4L PS from near Hunsur - KR Nagar Junction to near Yalachahalli village KR Nagara - Yelawala Road Junction fcrom Km 169.000 to Km 195.550 of NH-275 Pkg-IV,NHAI,Karnataka,July 2026,1062.76,19.58,272.55,1.4499999999999993,0.009999999999990905,4,13.919816138917264,Medium,952.03
618873,4L PS from near Yalachahalli village KR Nagara - Yelawala Road junction to Srirangapatna Bypass Near Paschima Vahini from km 195.550 to Km 214.535 of NH- 275 Pkg-V,NHAI,Karnataka,July 2026,1272.71,17.36,462.59,0.9100000000000001,0.0,4,26.64688940092166,Medium,1203.2
618874,Four Laning of Trichy - Dindigul from km. 333.00 to km. 421.273 of NH-45,National Highways Authority of India [NHAI],Tamil Nadu,May 2026,1003.11,100.0,9.74,0.0,0.3100000000000005,2,0.0974,Medium,435.81
618875,4L of Haridwar Nagina section Design Ch. LME from km 13.829 to km 17.110 & km 26.077 to km 27.508 and Design Ch. RME from km 13.839 to km 17.120 & km 26.078 to km 27.509 of EUP mitigation measures on NH74,NHAI,Uttarakhand,July 2026,183.92,70.42,119.67,0.0,4.25,4,1.6993751775063901,Small,142.11
618878,Rehabilitation and Upgradation to 4L configuration & Strengthening of Sihuni to Rajol from Km 51.000 to Km 72.000 of NH-154 Package-IIA,NHAI,Himachal Pradesh,July 2026,696.65,99.18,496.48,0.6000000000000085,3.3799999999999955,4,5.005847953216374,Small,776.59
618879,Rehabilitation and Upgradation to 2L PS configuration & Strengthening of Padhar to Bijni section from Km 180.000 to Km 202.815 of NH-154 Pkg-VA,NHAI,Himachal Pradesh,July 2026,930.86,99.86,666.12,0.6700000000000017,0.8400000000000318,4,6.670538754255959,Small,930.86
618880,Rehabilitation and Up-gradation to 4L configuration & Strengthening of Thanpuri to Paror section from Km 85.135 to Km 100.840 of NH-154 Pkg-IIC,NHAI,Himachal Pradesh,July 2026,815.68,56.61,496.91,1.7000000000000028,10.180000000000007,4,8.777777777777779,Small,666.79
618881,4L PS bijni to mandi section from Km 202.815 to Km 208.000 of NH-20 New NH-154 of Pathankot-Mandi Package-VB,NHAI,Himachal Pradesh,July 2026,1113.02,35.3,547.08,0.7299999999999969,21.850000000000023,4,15.498016997167142,Medium,1112.39
618882,Construction of additional 3-Lane Bridge over River Ganga for connection between Buxar and Bharauli on NH-922 in the State of Uttar Pradesh and Bihar on Hybrid Annuity Mode,NHAI,"Multi-States (Bihar, Uttar Pradesh)",July 2026,531.61,22.26,47.11,2.1000000000000014,0.3500000000000014,4,2.1163522012578615,Small,444.92
618883,Construction of Four Lane Highway form Ghazipur- Ballia-UP/Bihar State Border Greenfield section of NH-31 Package I [from Hridaipur km 0.000 to Shahapur km 42.500] on EPC Mode in the state of Uttar Pradesh.,NHAI,Uttar Pradesh,July 2026,1706.47,100.0,1447.58,0.0,7.119999999999891,4,14.4758,Medium,1579.59
618884,Construction of Four Lane Highway from Ghazipur- Ballia-UP/Bihar State Border Greenfield section of NH-31 Package II [from Shahapur km 42.500 to Pindari km 78.150] on EPC Mode in the state of Uttar Pradesh.,NHAI,Uttar Pradesh,July 2026,1493.65,98.4,775.96,2.1099999999999994,18.269999999999982,4,7.885772357723577,Medium,1311.44
618885,Construction of Four Lane Highway from Ghazipur- Ballia-UP/Bihar State Border Greenfield section of NH-31 Package IV [from Buxur Spur of length km 17.270 on EPC Mode in the state of Uttar Pradesh.,NHAI,Uttar Pradesh,July 2026,617.88,90.57,286.1,-0.5300000000000011,4.100000000000023,4,3.1588826322181744,Small,549.02
618886,Road Safety Improvement of Critical Junctions on MuzaffarnagarHaridwar Section of NH-334 from Km 143000 to Km 196000,NHAI,"Multi-States (Uttar Pradesh, Uttarakhand)",July 2026,238.66,22.64,42.08,2.1400000000000006,9.009999999999998,4,1.8586572438162543,Small,0.1
618887,4L of Bettadahalli- Shivamogga section from Km.170.415 to km. 226.750 of NH-206 Tumkur- Shivamogga Pkg-IV,NHAI,Karnataka,July 2026,2082.98,84.25,1645.24,0.46999999999999886,23.430000000000064,4,19.52807121661721,Medium,2545.11
618888,Rehabilitation and Up-gradation of existing road to 2L PS from End of Hamirpur Bypass near Chilbahal to Bhangbar section from Km. 138.295 to Km.175.270 of NH- 88 Pkg-IV,NHAI,Himachal Pradesh,July 2026,1146.19,97.2,987.35,1.480000000000004,0.12000000000000455,4,10.15792181069959,Medium,1358.62
618889,"4L of Bhangbar Near Ranital to Kangra Bypass Section of Old NH-88 New NH- 303,503 up to Intersection with NH-154 from Km 175.270 to Km 193.400 Pkg-VB",NHAI,Himachal Pradesh,July 2026,1322.95,97.45,1102.58,0.0,1.4299999999998363,4,11.314315033350436,Medium,1829.49
618890,2L PS of Hamirpur Bypass from Km 121.175 to Km.138.295 of NH-103&3,NHAI,Himachal Pradesh,July 2026,739.39,94.37,369.94,1.1200000000000045,0.35000000000002274,4,3.920101727243827,Small,754.82
618891,4L PS from Kalar Bala Village to Nauni Chowk of NH 205 from Km 41.000 to Km 58.450,NHAI,Himachal Pradesh,July 2026,1244.43,31.46,145.72,1.0300000000000011,28.22,4,4.63191354100445,Medium,786.91
618892,"4 Lane with Paved Shoulder from Dareota Village to Kalar Bala NH 205, Design Chainage -Km 33185 to Km 41000, Design Length-7.815 Km Package-IIB",NHAI,Himachal Pradesh,July 2026,992.85,0.68,5.27,0.68,0.11999999999999922,2,7.749999999999999,Small,992.85
618893,Varanasi Gorakhpur Section Packege IV from km. 149.540 to km. 215.160 Mau- Gorakhpur,NHAI,Uttar Pradesh,July 2026,2966.63,97.35,3455.15,0.0,1.2400000000002365,4,35.49203903441192,Medium,3475.65
618894,4L of Madathukulam - Pollachi from km. 74.38 to km. 116.95 of old NH-209 New NH- 83,NHAI,Tamil Nadu,July 2026,1772.13,97.65,1062.67,2.1300000000000097,1.4100000000000819,4,10.882437275985664,Medium,1772.13
618895,Kamalapuram to Oddanchatram from km. 0.00 to km. 35.822,NHAI,Tamil Nadu,July 2026,1319.42,93.6,649.83,1.1099999999999994,0.13999999999998636,4,6.942628205128206,Medium,1319.42
618896,4L of Sannur to Bikarnakatte section from Km 691.350 to Km 736.362 of NH-169 Karkala - Mangalore Package-III,NHAI,Karnataka,July 2026,1386.41,76.1,1251.68,0.0,38.62000000000012,4,16.447831800262815,Medium,2038.71
618897,4L of Sethiyathope -Cholapuram section from Km. 65.960 to Km. 116.440 section of NH45 C Pkg-II,National Highways Authority of India [NHAI],Tamil Nadu,May 2026,2356.19,100.0,1011.39,0.0,0.0,2,10.1139,Medium,2356.9
618898,Balance Works for Four laning of Vikravandi to Sethiyathope section from Km 0.0 to Km 65.96 of NH-45C in Tamil Nadu under NHDP Phase-IV on EPC mode,NHAI,Tamil Nadu,July 2026,1163.17,37.62,264.13,3.979999999999997,29.079999999999984,4,7.02099946836789,Medium,834.46
618899,Kallagam km.38.700 to Meensurutti Km.98.433 of NH-227 in Tamil Nadu,NHAI,Tamil Nadu,July 2026,1499.12,100.0,1111.9,0.0,0.10000000000013642,4,11.119000000000002,Medium,1499.12
618901,4L PS Divided Carriageway from Patan Near Rajpur to Gojariya From Km 52.000 to Km 128.940 of NH-68,NHAI,Gujarat,July 2026,1181.34,87.12,934.16,0.0,10.309999999999945,4,10.722681359044994,Medium,1098.23
618902,Maheshkunt-Saharsa-Purnea Pkg I km 0.00 to km. 90.00 of NH-107,NHAI,Bihar,July 2026,662.44,90.07,1126.22,0.0,1.0199999999999818,4,12.503830354168981,Small,1311.22
618903,Maheshkunt -Saharsa-Purnea Pkg II,NHAI,Bihar,July 2026,1245.33,94.0,1230.43,0.0,9.779999999999973,4,13.08968085106383,Medium,1244.09
618904,Chhapra - Hajipur from km. 143.200 to km. 209.200,NHAI,Bihar,June 2026,2127.86,89.81,526.04,0.0,427.96999999999997,3,5.857254203318115,Medium,2171.6
618905,Widening with additional 3L abetting Chhapra Bypass Section of NH-19 from Km. 143.200 to Km. 159.255 Pkg-1,NHAI,Bihar,July 2026,470.5,77.28,302.74,4.019999999999996,15.220000000000027,4,3.9174430641821947,Small,528.48
618906,4L of Amritsar-Ghoman - Tanda - Una Section from Km 8.270 to Km 54.000 of NH- 503A Package-I,NHAI,Punjab,July 2026,857.91,68.9,772.91,0.5,18.469999999999914,4,11.217851959361392,Small,1443.47
618907,2L/4L of Hoshiarpur to Una section including Hoshiarpur Bypass of NH 503A,NHAI,"Multi-States (Himachal Pradesh, Punjab)",July 2026,571.34,26.43,257.79,0.25,0.020000000000038654,4,9.753688989784337,Small,481.88
618908,3L Major Bridge over River Brahmani at Km. 401.250 Duburi - Chandikhole Section of NH-200 New NH -53,NHAI,Odisha,July 2026,153.61,38.0,73.76,0.0,0.1700000000000017,4,1.9410526315789476,Small,103.68
618909,2L PS of JH / WB Border km. 70.524 - Purulia km.84.400 & Purulia km. 94.30 - Chandil Junction with NH-33 km. 153.705 of Old NH-32,NHAI,"Multi-States (Jharkhand, West Bengal)",July 2026,1652.4,97.65,1652.04,0.0,2.7899999999999636,4,16.917972350230414,Medium,1771.88
618910,4L of Purulia Bypass section from Km 84.030 to Km 94.345 of NH-32,NHAI,West Bengal,June 2026,557.55,94.12,488.7,0.0,19.920000000000016,3,5.192307692307692,Small,562.57
618911,4L Greenfield Western Side spur of Rampur-Rudrapur Section from Km 0.000 to Km 13.700 connecting NH-24 to NH-87 bypassing rampur town,NHAI,Uttar Pradesh,July 2026,646.27,63.79,369.67,0.0,0.0,4,5.795108951246277,Small,637.83
618912,Construction of Rudrapur Bypass Section from Km. 0.000 to 20.640 in the state of Uttar Pradesh & Uttarakhand,National Highways Authority of India [NHAI],"Multi-States (Uttar Pradesh, Uttarakhand)",May 2026,1051.73,99.1,665.1,0.0,0.0,2,6.711402623612513,Medium,1117.17
618913,4-L of Rajamunda to Barkote Section of NH-23 from km. 287.200 to km. 337.185,National Highways Authority of India [NHAI],Odisha,May 2026,609.63,96.52,114.77,0.0,0.0,2,1.1890799834231247,Small,630.97
618914,"4L Elevated Corridor and at-grade improvements from Design Ch0000 to Design Ch 19870 of Danapur Bihta Section, Design Ch0000 to Design Ch0231 connecting the existing RoB near Danapur station ,1.35 Km ramps and at-grade improvements to 4- lane section on Danapur side and Upgradation of existing Two lane carriageway to Four Lane carriageway from Design Ch19870 to Design Ch23500 of Bihta - Koilwar section",NHAI,Bihar,July 2026,4432.97,63.91,1578.15,2.789999999999999,60.86000000000013,4,24.69331872946331,Medium,2625.4
618915,4L of Bal. works of Patna - Gaya -Dobhi Pkg-II from km. 39.00 to km. 83.00 of Old NH- 83,National Highways Authority of India [NHAI],Bihar,May 2026,1637.29,89.01,728.91,0.0,0.0,2,8.189079878665318,Medium,777.2
618916,4L of Bal. works of Patna - Gaya -Dobhi Pkg-III from km. 83.00 to km. 127.217 of Old NH-83,National Highways Authority of India [NHAI],Bihar,May 2026,1077.46,92.0,774.78,0.0,0.0,2,8.421521739130435,Medium,799.7
618917,4L Greenfield starting from NH-30 near Saristabad Patna to Nathupur Project end point of Patna-Gaya-Dobhi Section of NH-83,NHAI,Bihar,July 2026,488.24,88.3,101.06,1.269999999999996,0.0,4,1.1445073612684031,Small,419.66
618919,4L PS from Mandlem Existing Km. 38.000/Design Km.30.600 to Atmakur Existing Km.73.000/Design Km 66.115 of NH340C Package2,National Highways Authority of India [NHAI],Andhra Pradesh,May 2026,887.28,99.94,374.39,0.0,0.0,2,3.746147688613168,Small,913.03
618920,Access Controlled Highway of 4 Lane with Paved Shoulders from TN/AP Border Design Chainage Km 6151 to Puttur Design Chainage Km 81540 of NH-716 & 6 Lane with Paved Shoulders from Mallavaram to Renigunta,NHAI,Andhra Pradesh,July 2026,1346.82,42.48,188.68,2.9099999999999966,0.020000000000010232,4,4.441619585687382,Medium,1260.37
618921,4L of Kathlighat to Shakral Village from Km 128.835 to Km 146.300 of NH- 5 Shimla Bypass - Pkg I,NHAI,Himachal Pradesh,July 2026,1703.48,64.2,1182.61,1.0600000000000023,42.88999999999987,4,18.420716510903425,Medium,2648.8
618922,4L of Shakral Village to Dhalli Section from Km 146.300 to Km 156.560 Shimla Bypass - Pkg II and Shimla connectivity from Km 0.000 to Km 0.725 of NH-5,NHAI,Himachal Pradesh,July 2026,1956.26,59.88,1505.86,-3.289999999999999,53.20999999999981,4,25.147962591850366,Medium,2880.72
618923,4L Behsuma at Km 39.250 Ex. Km 39240 To Bijnor at Km 78.810 Ex. Km 86590 Design Length 39.560 Km of NH-119 Pkg-II,NHAI,Uttar Pradesh,July 2026,2158.2,70.12,1234.06,0.0,38.82999999999993,4,17.599258414147176,Medium,2553.12
618924,2L PS of Najibabad Kotdwar section from 112.575 to Km. 138.635 of NH 119,NHAI,Uttar Pradesh,July 2026,188.87,55.9,51.17,0.0,0.8299999999999983,4,0.9153846153846155,Small,99.2
618925,Bijnor-Kotawali,NHAI,Uttar Pradesh,July 2026,300.58,99.02,299.77,0.0,3.2999999999999545,4,3.0273682084427387,Small,334.48
618926,4L of Siwan- Masrakh section of Ram Janki Marg from Km 230.385 to Km 281.391 of NH-227A,NHAI,Bihar,July 2026,1431.36,10.97,504.03,0.6400000000000006,1.1399999999999864,4,45.94621695533272,Medium,1927.04
618927,4L of Moradabad-Thakurdwara-Kashipur Section from Km. 0.000 to Km. 38.77 of NH- 734 Pkg-II,NHAI,Uttar Pradesh,July 2026,2006.82,54.55,981.64,1.8699999999999974,12.149999999999977,4,17.995233730522457,Medium,1890.05
618928,"Improvement & Up-gradation of NH-734 Section of Moradabad-Thakurdwara Kashipur including Moradabad & Kashipur Bypasse Package-III Kashipur Bypass Length 14.490 Km., Starts from Ch. 38770 and ends at Ch. 53260 existing Ch. 05560",NHAI,"Multi-States (Uttar Pradesh, Uttarakhand)",July 2026,936.12,53.84,386.34,0.0,16.489999999999952,4,7.175705794947993,Small,717.5
618929,4L of Moradabad western side spur connecting NH-734 & NH-24 from Km. 0.000 to Km. 33.200 Pkg-I,NHAI,Uttar Pradesh,July 2026,1841.92,83.06,1132.25,1.5799999999999983,11.490000000000009,4,13.631712015410546,Medium,1843.54
618930,4L PS from Ch. 94.030 in Jabugam Village to Ch. 132.320 in Dhamasiya Village of NH-56 Pkg-III,NHAI,Gujarat,July 2026,1188.46,25.82,179.47,2.0,32.05000000000001,4,6.950813323005422,Medium,898.0
618931,4L PS from Ch. 179.780 in Bitada/Movi Village to Ch. 208.900 in Nasarpore Village of NH-56 Pkg-V,NHAI,Gujarat,July 2026,764.02,10.08,82.38,2.49,2.819999999999993,4,8.172619047619047,Small,566.96
618932,Construction of 6 lane Indore western bypass from km 0000 to Km 34000 Pkg -l in the State of Madhya Pradesh on Hybrid Annuity Mode under NHO,NHAI,Madhya Pradesh,July 2026,1534.7,27.6,657.89,4.640000000000001,2.0599999999999454,4,23.83659420289855,Medium,1472.68
618933,Construction of 6 lane Indore western bypass from km 34000 to Km 64000 Pkg-II in the state of Madhya Pradesh on Hybrid Annuity Mode under NHO,NHAI,Madhya Pradesh,July 2026,1430.56,17.5,662.93,0.0,0.8099999999999454,4,37.88171428571428,Medium,1430.56
618934,Guwahati Ring Road in the State of Assam,NHAI,Assam,July 2026,5729.47,0.0,328.42,0.0,0.0,4,0.0,Large,5729.47
618935,4L Ambala - Kalaamb from Km. -0.800 to Km. 33.015 of old NH-72,National Highways Authority of India [NHAI],"Multi-States (Haryana, Punjab)",May 2026,1183.7,100.0,452.48,0.0,0.0,2,4.5248,Medium,1190.34
618936,Jagadhari - Tajewala from Km -0.175 to 32.337 km of NH-344,NHAI,Haryana,July 2026,1269.5,68.0,712.77,0.20000000000000284,3.8799999999999955,4,10.481911764705883,Medium,919.43
618937,4L of Nagpur-Katol Section from Km. 13.00 to Km. 62.900 of NH-353J,NHAI,Maharashtra,July 2026,1166.96,81.54,1181.42,0.0,-0.8599999999999,4,14.488839833210694,Medium,1432.82
618938,4L of Rajura-Korpana-Adilabad Road upto M.S. Border from km 32.910 to km 89.090 of NH-353B,National Highways Authority of India [NHAI],"Multi-States (Maharashtra, Telangana)",May 2026,1013.33,100.0,630.06,0.0,0.0,2,6.300599999999999,Medium,1274.63
618939,Construction of Standalone Flyover cum ROB from Design Ch.66.600 to Design Ch.68.800 in Gadchandur Town on NH-353B,NHAI,Maharashtra,July 2026,191.31,40.11,37.07,3.1199999999999974,3.1000000000000014,4,0.924208426826228,Small,107.76
618941,4L of Bamni - Rajura - Warur - Devada upto M.S. Border of NH - 930D from km 19.000 to km 51.985,NHAI,"Multi-States (Maharashtra, Telangana)",July 2026,968.05,78.16,826.96,4.429999999999993,21.25,4,10.580348004094168,Small,1187.19
618942,Balance work of 2L PS from Km 30.800 to Km 70.800 and 2L with Rigid Carriageway from Km 70.800 to km 84.120 of Khanapur- KA/GOA Border section of NH-4A,NHAI,"Multi-States (Goa, Karnataka)",July 2026,226.76,84.7,110.31,0.0,0.0,4,1.3023612750885478,Small,149.44
618943,Salem - Ulundurpet section from km 0.313 to km 136.670 of NH-68,National Highways Authority of India [NHAI],Tamil Nadu,May 2026,861.23,100.0,140.31,0.0,3.0200000000000102,2,1.4031,Small,1019.85
618944,Hyderabad - Maneguda,NHAI,Telangana,July 2026,958.86,24.2,431.45,2.3599999999999994,23.389999999999986,4,17.828512396694215,Small,1218.49
618945,4L of Kodad Design Km 0.00/Existing Km 185.00 of NH-65 to Khammam Design Km 31.800/Existing Km 29.400 of NH-365A,NHAI,Telangana,July 2026,1149.17,99.98,871.58,0.0,0.0,4,8.717543508701741,Medium,1606.99
618946,4L of Mehgama - Hansdiha from km. 41.900 to km. 93.000 of NH -133A Pkg-II,National Highways Authority of India [NHAI],Jharkhand,May 2026,1479.72,99.5,878.21,0.0,0.009999999999990905,2,8.826231155778895,Medium,1568.18
618947,4L of NH-80 from km 215.00 to km 260.00 Mirza Chauki to Farkka Pkg-I,NHAI,Jharkhand,July 2026,1504.8,91.83,1038.65,0.0,8.920000000000073,4,11.310573886529458,Medium,1508.21
618948,4L of NH-80 section of Mirza Chauki to Farakka section from existing km 190.00 to design km 200.75 junction at km 3.100 of NH 133 B and from existing km 260.00 to existing km 283.00 design km 274.133 in the state of Jharkhand package - II,NHAI,"Multi-States (Jharkhand, West Bengal)",July 2026,782.18,8.65,224.06,3.0100000000000007,21.370000000000005,4,25.902890173410405,Small,782.18
618949,4L of Basukinath- Deoghar Section of NH-114A,NHAI,Jharkhand,July 2026,1444.94,90.53,781.51,0.5100000000000051,58.02999999999997,4,8.632607975256821,Medium,1553.76
618950,Construction of Bypass to NH-114A Connecting NH-333 and NH-133 Deoghar Bypass from design km 0.000 to design Km 49.000,NHAI,Jharkhand,July 2026,1565.47,12.0,106.04,3.0,50.800000000000004,4,8.836666666666668,Medium,1565.47
618951,Hariharganj to Parwa Mode section from km 23.284 to km 57.049 of NH-98,NHAI,"Multi-States (Bihar, Jharkhand)",July 2026,1125.78,91.3,830.06,0.0,0.0,4,9.09156626506024,Medium,1186.56
618952,4L of Sahibganj - Manihari Ganga Bridge including Manihari Bypass,NHAI,"Multi-States (Bihar, Jharkhand)",July 2026,1954.77,87.02,2025.05,0.47999999999998977,16.799999999999955,4,23.27108710641232,Medium,1978.01
618953,Umagaon-Saharsa Package-IV Koshi Bridge & approach Road - Bheja-Bakaur,NHAI,Bihar,July 2026,1199.58,92.4,1312.28,0.4100000000000108,4.279999999999973,4,14.202164502164502,Medium,1223.94
618954,Umagaon - Saharsa Package - I Combined Umagaon-Kaluahi0.000KM to 21.609Km of NH227LSaharghat-Rahika0.000 Km to 26.130KM of NH227JRahika-Rampatti 0.00 KM to 15.00KM of NH527ABideshwarsthan-Bheja0.000KM to 25.915KM of NH527A.,NHAI,Bihar,July 2026,1473.2,23.78,644.37,2.280000000000001,2.490000000000009,4,27.09714045416316,Medium,1703.02
618955,2L PS of Majhauli to Charout section from km. 0.00 to km. 63.655,NHAI,Bihar,July 2026,638.29,99.8,1096.16,0.0,0.07000000000016371,4,10.983567134268538,Small,1067.51
618956,Construction of Major Bridge over Baghmati and Lakhandei River along with Approaches from Design km.16.500 to km.21.500,NHAI,Bihar,July 2026,498.97,26.84,57.23,1.8099999999999987,13.279999999999994,4,2.1322652757078986,Small,380.3
618957,4 laning of Champa - Korba from km 0.00 to km 38.2,NHAI,Chhattisgarh,July 2026,1002.33,98.75,944.68,0.0,0.049999999999954525,4,9.566379746835443,Medium,1304.47
618958,2L with ES of Yagyi - Kalewa section from Milepost 40/0 to Milepost 115/5 in Myanmar,NHAI,Assam,July 2026,1200.14,52.0,0.0,0.0,0.0,4,0.0,Medium,1200.14
618959,4L Prayagraj Greenfield By-pass from design Km 50860 near Nibi Kala Uperhar to design Km 64763 on NH-19 near Khodaypur Kasgaon including Interchange loop at NH-19,National Highways Authority of India [NHAI],Uttar Pradesh,May 2026,1017.99,100.0,406.6,0.0,0.0,2,4.066,Medium,427.54
618960,4 Lane Inner Ring Road around Allahabad City Pkg-2 Prayagraj Southern Bypass 43.200 - 50.860,NHAI,Uttar Pradesh,July 2026,1377.51,44.64,448.99,0.0,1.7300000000000182,4,10.058019713261649,Medium,1007.62
618961,4 Lane Inner Ring Road around Allahabad City Pkg-1 Prayagraj Southern Bypass 34.400 43.200,NHAI,Uttar Pradesh,July 2026,775.94,24.55,70.02,6.050000000000001,27.049999999999997,4,2.85213849287169,Small,498.97
618962,4L of Budhni to Shahganj Bypass End Package-III of NH-146B from Km. 73.750 to Km. 102.000,NHAI,Madhya Pradesh,July 2026,1102.97,28.28,196.68,1.0300000000000011,22.129999999999995,4,6.954738330975955,Medium,770.21
618963,Construction work of 4-laning of Shahganj bypass end to Badi Package-IV of NH-146B from design km 102.000 to design km 142.357 Design length 40.357 km,NHAI,Madhya Pradesh,July 2026,784.14,52.15,318.16,2.019999999999996,0.010000000000047748,4,6.100862895493768,Small,836.64
618964,4 Laning of Sandalpur to Nasrullaganj Pkg-1 section of NH-146B Length 43.2 Km.,NHAI,Madhya Pradesh,July 2026,1425.98,11.57,197.81,0.6699999999999999,0.3300000000000125,4,17.096802074330164,Medium,1425.98
618966,Six laning with both sides Service Road of Ayodhya Bypass from Design Km 0000 near Ashram Tiraha on NH-46 to Km 16439 end at Ratnagiri Tiraha on Nh-146,NHAI,Madhya Pradesh,July 2026,1123.17,21.61,173.6,1.5199999999999996,31.889999999999986,4,8.033317908375752,Medium,1103.22
618967,Upgradation and Strengthening of Chenani to Nashri Section via Patnitop of NH244 from Km 0.000 to Km 39.100,NHAI,Jammu and Kashmir,July 2026,295.06,64.88,176.25,0.6999999999999886,0.13999999999998636,4,2.716553637484587,Small,295.06
618968,6L access control Greenfield highway of Vill-Khyawari to Vill-Latifpur at Saharanpur Bypass from Km. 82.000 to Km. 119.790 Pkg-4,NHAI,Uttar Pradesh,July 2026,1428.19,99.24,1394.63,0.0,0.19000000000005457,4,14.053103587263202,Medium,1439.35
618969,4/6L of Spur to Haridwar Greenfield from Km. 0.000 to Km. 50.70,NHAI,"Multi-States (Uttar Pradesh, Uttarakhand)",July 2026,2155.95,92.98,1543.12,1.0300000000000011,2.949999999999818,4,16.596257259625723,Medium,2612.3
618970,6L access control Greenfield highway of Vill-Lohadda to Vill-Karaunda Mahajan from Km. 27.000 to Km. 56.500 Pkg-2,NHAI,Uttar Pradesh,July 2026,1335.45,98.06,1253.61,0.0,0.0,4,12.784111768305118,Medium,1335.38
618971,Pune Metro Rail Project Phase-2 Corridor 2A Vanaz to Chandani Chowk and Corridor 2B Ramwadi to Wagholi/Vitthalwadi,Maharashtra Metro Rail Corporation Limited [MMRCL],Maharashtra,July 2026,3626.24,2.4,16.17,0.52,11.690000000000001,4,6.737500000000001,Medium,3626.24
618972,Devbhumi Dwarka [Okha] - Kanalus Doubling,Western Railway [WR] - II,Gujarat,June 2026,1456.77,0.0,0.28,0.0,0.0,3,0.0,Medium,1456.77
618976,"Gadarwara Super Thermal Power Project, Stage-II [2x800 MW]",National Thermal Power Corporation [NTPC],Madhya Pradesh,July 2026,20446.0,11.5,2329.76,1.5,188.29000000000042,4,202.58782608695654,Large,20446.0
618977,"Development of New Greenfield Airport at Bundi, Kota Rajasthan.",Airport Authority of India [AAI],Rajasthan,July 2026,1507.0,13.6,81.41,0.29999999999999893,10.280000000000001,4,5.986029411764706,Medium,1507.0
618978,Gondia - Dongargarh 4th line [84 Km],South Eastern Central Railway,"Multi-States (Chhattisgarh, Maharashtra)",June 2026,2222.53,1.0,0.35,1.0,0.35,3,0.35,Medium,2222.53
618981,810 MW Solar Power Project - Rajasthan,NLC India Limited [NLCIL],Rajasthan,July 2026,4147.07,0.0,249.95,0.0,0.0,4,0.0,Medium,4147.07
618982,Talabira II & III OCP - FMC,NLC India Limited [NLCIL],Odisha,July 2026,522.45,74.8,334.44,1.1499999999999915,9.699999999999989,4,4.471122994652407,Small,522.45
618985,Pune Metro Rail Project Phase-2 Line-4 Kharadi to Khadakwasla with Spur Line 4A Nal Stop - Warje - Manikbaug,Maharashtra Metro Rail Corporation Limited [MMRCL],Maharashtra,July 2026,9857.85,1.51,8.62,0.20999999999999996,1.209999999999999,4,5.708609271523178,Large,9857.85
618986,Furkating-New Tinsukia[194 Km],Northeast Frontier Railway [NFR],Assam,June 2026,3633.58,0.0,0.0,0.0,0.0,3,0.0,Medium,3633.58
618991,200 MW SPP part of 510 MW CPSU scheme,NLC India Limited [NLCIL],Gujarat,July 2026,1221.41,0.0,71.51,0.0,5.440000000000012,4,0.0,Medium,1221.41
618992,100 MW SPP part of SECI 150 MW Hybrid,NLC India Limited [NLCIL],Gujarat,July 2026,480.68,1.2,2.75,0.0,0.08999999999999986,4,2.291666666666667,Small,480.68
618995,New Line between Junagarh - Nabarangpur [116.21 Km],Indian Railway,Odisha,June 2026,2864.51,0.0,1.06,0.0,0.0,3,0.0,Medium,2864.51
619003,Solan - Kaithlighat Section of NH-22 Now NH-5 from Km. 106.139 to Km.129.05,NHAI,Himachal Pradesh,July 2026,881.74,90.11,1347.79,0.0,2.6700000000000728,4,14.957163466873821,Small,1519.53
619004,"Construction of Dubrajpur Bypass with 4-lane configuration of length 5.676 km on NH- 60 new NH-14 from design chainage 0.00 existing km 316.135 on NH-60 to design chainage 5.676 existing km 320.980 on NH-60 in the district of Birbhum, West Bengal under Annual Plan 2022-23 in EPC Mode- reg. Job. No. 014-WB-2022- 23/518 .",MoRTH,West Bengal,July 2026,560.79,8.0,0.31,2.5,0.28,4,0.03875,Small,560.79
619005,Construction of bypass around Chatra Town on NH-22 old NH-99 in the state of Jharkhand under EPC Mode,MoRTH,Jharkhand,July 2026,235.42,13.0,0.86,1.0,0.0,4,0.06615384615384615,Small,199.2
619007,Upgradation of Sarvardewla to Pal MP/MH Border Road section of NH-347 C from Design Chainge km 81.600 to 137.400 Total length 55.80 km to two lane with paved shoulder configuration along with One time improvement of 1 .95 km in the State of Madhya Pradesh on EPC mode.,MoRTH,Madhya Pradesh,July 2026,461.23,0.0,2.77,0.0,2.77,4,0.0,Small,461.23
619008,Rehabilitation and Up gradation of Charthana Jintur Section of NH 752 I Km 25100 to 47100 to 2 Lane with Paved Shoulder configuration Flexible Pavement in the state of Maharashtra on EPC mode. Reg- Resubmission of Annual Plan Estimate.,MoRTH,Maharashtra,July 2026,157.69,51.0,0.01,0.0,0.0,4,0.000196078431372549,Small,157.69
619009,Upgradation to Two Lane with Paved Shoulders from Km 0.000 to Km 41.920 Green Field Alignment of Gowrelly to Valigonda Section of NH-930P in the State of Telangana on EPC Mode under Annual Plan 2022-23,MoRTH,Telangana,July 2026,690.33,0.0,0.0,0.0,0.0,4,0.0,Small,690.33
619010,Up-gradation to 2 lane with paved shoutders of Pawlrang - Rulchawm section- of NH- 102B of Aizawl - Imphal Economic Corridor from Existing Chainage km 72.030 to km 104.129 including 2.459 km re-alignment section from Tuivai River to Rulchawm connecting km 48.150 of NH-6 [Design Chainage km 68.170 to km 98.579] in the State of Mizoram under Bharatmala Pariyojna on EPC mode under NHO-NE Package-3 Keifang- Tuivai Pkg-3,NHIDCL,Mizoram,July 2026,500.88,99.52,443.61,0.0,1.5300000000000296,5,4.457495980707396,Small,500.88
619013,"Construction of Balance Work of 4-Laning of the Section from Jhanji to Demow of NH- 37 Old from Km 501.800 to Km 514.800 13.000 Km, under SARDP- NE under EPC Mode in the state of Assam Pkg-II Road Works",NHIDCL,Assam,July 2026,508.76,73.88,111.18,0.0,0.1700000000000017,4,1.5048727666486195,Small,542.87
619014,"lmprovement and Widening to 2 lane with paved Shoulder of NH-15 old NH-52 from Existing Km 770.600 Design Km 24.819 to Existing km 805.750 Design Km 59.885 Kamlang T-Junction to Chowkham, Existing Length 35.150 Km, Design Length-35.066 Km in the state of Arunachal Pradesh on EPC mode Pkg-2",NHIDCL,Arunachal Pradesh,July 2026,316.73,15.06,34.98,3.3200000000000003,34.98,4,2.3227091633466133,Small,316.73
619022,"Metro connectivity from Millennium City Centre to Cyber City with Spur to Dwarka Expressway, Gurugram.",Gurugram Metro Rail Limited [GMRL],Haryana,July 2026,5452.72,10.05,193.32,5.750000000000001,33.650000000000006,4,19.235820895522387,Large,5452.72
619024,Mahan Transmission Limited,Adani Transmission Limited,Madhya Pradesh,July 2026,3125.32,30.0,542.79,12.0,224.99999999999994,4,18.093,Medium,3125.32
619025,RAJASTHAN PART I POWER TRANSMISSION LIMITED,Adani Transmission Limited,"Multi-States (Madhya Pradesh, Rajasthan, Uttar Pradesh)",July 2026,25000.0,10.0,735.05,6.0,308.99999999999994,4,73.505,Large,25000.0
619026,KPSIII HVDC Transmission Limited,Adani Transmission Limited,Gujarat,July 2026,19000.0,1.0,20.0,0.0,0.0,4,20.0,Large,19000.0
619027,WRNES Talegaon Power Transmission Limited,Adani Transmission Limited,Maharashtra,July 2026,2000.0,5.0,25.0,0.0,7.0,4,5.0,Medium,2000.0
619028,Augmentation of 1x500 MVA 400/220kV ICT [3rd] at Thrissur VSC HVDC Station in Kerala,Power Grid Corporation of India Limited [POWERGRID],Kerala,July 2026,173.14,1.5,2.08,0.0,0.0,4,1.3866666666666667,Small,173.14
619029,Transmission System for Reliable Power Supply to Dholera,Power Grid Corporation of India Limited [POWERGRID],Gujarat,July 2026,319.42,35.2,70.27,4.200000000000003,6.3899999999999935,4,1.996306818181818,Small,319.42
619030,Inter-Regional Strengthening between SR Grid and ER Grid,Power Grid Corporation of India Limited [POWERGRID],"Multi-States (Andhra Pradesh, Odisha)",July 2026,2722.5,3.0,190.57,1.23,47.370000000000005,4,63.52333333333333,Medium,2722.5
619031,Delhi Metro Rail Phase V A,Delhi Metro Rail Corporation Limited [DMRC],Delhi,July 2026,12014.91,5.65,264.98,0.020000000000000462,11.02000000000001,4,46.899115044247786,Large,12014.91
619032,JAYANT EXPN. [20 TO 38 MTPA],NCL - CIL,Madhya Pradesh,July 2026,25560.48,2.1,333.3,0.08000000000000007,76.60000000000002,4,158.71428571428572,Large,25560.48
619033,"1000 seater Boys hostel, 500 seater Girls hostel, 1.5 MLD Sewage Treatment Plant and Faculty Residence - 72 nos. Flats",NIT Rourkela,Odisha,July 2026,198.97,50.0,53.01,3.0,1.2800000000000011,4,1.0602,Small,198.97
619038,Construction/upgradation to 2-lane with paved shoulder from Design Km 95.55 Bandarkoot to Km. 111.06 Chattroo of 15.52 Km length on Khellani-Kishtwar-Chattroo section on NH-244 in UT of Jammu and Kashmir on EPC Mode Pkg-5,NHIDCL,Jammu and Kashmir,July 2026,497.09,99.97,270.82,0.0,0.01999999999998181,4,2.709012703811143,Small,497.09
619039,"Balance Works of Rehabilitation and Up gradation of NH-43 New NH-30 from Krn 162120 to Krn 173500 Length 11.380 Km. Keshkal Bypass 4-Lane with Paved shoulder in the State Of Chhattisgarh under NHDP-IV through Engineering, Procurement & Construction EPC Basis",MoRTH,Chhattisgarh,July 2026,307.96,0.0,0.0,0.0,0.0,2,0.0,Small,307.96
619042,"Construction of six lane Flyover at Katraj junction at Km, 3/880 of NH 548-DD Vadgaon - Katraj - Kondhwa - Mantarwadi Chowk - Loni Kalbhor - Theur Phata - Lonikand Road in Pune Dist of the State of Maharashtra. On Engineering Procurement and construction EPC Basis mode L.1.326 Km,",MoRTH,Maharashtra,July 2026,163.51,83.19,80.23,0.0,80.23,4,0.964418800336579,Small,163.51
619043,Capacity Augmentation in the stretch of DhulePimpalgaon section of NH60 Km. 261.720 to Km. 380.000 by Construction of Slip/Service Road on either side at various locations total length 30.30 Km LHSRHS and Flyover 2 x 30m at Sawadgaon Phata Km. 310.415,NHAI,Maharashtra,July 2026,341.63,5.1,10.9,0.0,0.0,1,2.1372549019607847,Small,341.63
619045,Construction of New Double Tier 4L Elevated Corridor from Chennai Port to Maduravoyal in Chennai District from km -0.342 to Km 20.593 and Package IV from Km 14.185 to Km 20.593,NHAI,Tamil Nadu,July 2026,1205.4,8.58,88.16,0.0,2.1599999999999966,4,10.275058275058274,Medium,1210.21
619049,Khavda IVA Power Transmission Limited,Adani Transmission Limited,Gujarat,July 2026,4500.0,70.0,2772.7,10.0,440.0,4,39.61,Medium,4500.0
619051,"Nabinagar Super Thermal Power Project, Stage-II [3x800 MW]",National Thermal Power Corporation [NTPC],Bihar,July 2026,29948.0,15.0,3422.25,1.3499999999999996,322.30999999999995,4,228.15,Large,29948.0
619052,LUCKNOW METRO RAIL PROJECT PHASE-1B EAST WEST CORRIDOR,Uttar Pradesh metro rail corporation [UPMRC],Uttar Pradesh,July 2026,5801.05,2.0,0.05,0.5,0.05,4,0.025,Large,5801.05
619053,RPR FOR RAMPUR BATURA OCP,SECL - CIL,Madhya Pradesh,July 2026,1604.69,0.3,75.28,0.0,0.04999999999999716,4,250.93333333333334,Medium,1604.69
619054,Development of Keshod Airport.,Airport Authority of India [AAI],Gujarat,July 2026,363.1,46.69,108.64,5.189999999999998,6.340000000000003,4,2.3268365817091454,Small,363.1
619055,SAONER-III EXPN UG MINE 1.54,WCL - CIL,Maharashtra,July 2026,444.42,0.0,0.0,0.0,0.0,4,0.0,Small,444.42
619056,"Darlipali Super Thermal Power Project, Stage-II [1x800 MW]",National Thermal Power Corporation [NTPC],Odisha,July 2026,11131.0,2.7,566.2,0.25,6.0200000000000955,4,209.7037037037037,Large,11131.0
619057,Construction of 4-Lane Badarpur Bypass from Design Chainage km 27300 at crossing with NH-6 Old NH-44 Near Siddeswar Pt.-I Village to Design Chainage km 38600 on NH-37 Old NH-44 at Kandigram Chaita Village on Silchar - Churaibari stretch in the State of Assam on EPC Mode under Bharatmala Pariyojana in Economic Corridors Silchar- Churaibari Pkg-3,NHIDCL,Assam,July 2026,574.26,71.09,330.98,0.0,12.160000000000025,4,4.6557884371922915,Small,574.26
619059,Construction of 2-Lane with hard shoulders of Merangkong-Tamlu-Mon Road on EPC Basis from existing road Km. 76.640 to Km 98.065 Design chainage Km. 63.800 to Km. 86.835 Design Length-23.035 Km in the state of Nagaland under SARDP-NE PKG-IV Balance work,NHIDCL,Nagaland,July 2026,323.98,79.03,147.37,0.0,3.980000000000018,5,1.8647349107933697,Small,323.98
619060,"Construction of Balance Work of 4-Laning of the Section from Jhanji to Demow of NH- 37 Old from Km 514.800 to Km 534.800 20.000 Km, under SARDP- NE under EPC Mode in the state of Assam Pkg-III Road Works",NHIDCL,Assam,July 2026,344.71,72.0,56.58,0.0,2.1000000000000014,4,0.7858333333333333,Small,619.7
619061,Construction of 4 lane with PS Idar-Badoli bypass section from design km 81/300 to km 95/500 of NH 168G in the State of Gujarat,MoRTH,Gujarat,July 2026,705.09,7.0,0.0,3.0,0.0,3,0.0,Small,705.09
619063,4L Greenfield spur from Delhi-Vadodara Greenfield expressway near Bandikui to Jaipur,National Highways Authority of India [NHAI],Rajasthan,May 2026,1636.15,100.0,1278.04,0.0,72.75,2,12.7804,Medium,2170.39
619064,Vadodara Mumbai Expressway Talsari to Karvad Phase IB - Pkg X [Km 103.400 to Km 128.000],NHAI,"Multi-States (Dadra & Nagar Haveli and Daman & Diu, Gujarat, Maharashtra)",July 2026,1909.74,36.23,1097.32,0.0,0.8099999999999454,4,30.28760695556169,Medium,2652.24
619065,4L Expressway from Km 26.400 to km 53.500 of Malur to Bangarpet section of Bangalore-Chennai Expressway Phase-I Package-II,NHAI,Karnataka,July 2026,1745.0,99.8,1103.49,0.0,0.35999999999989996,2,11.057014028056113,Medium,1729.63
619066,Delhi-Amritsar-Katra Expressway Phase-II Pkg-XIV from Junction with Pathankot- Gurdaspur road NH-54 near Balsua to Junction with Hiranagar Road near village Gurha Baildaran km 423500 to km 468100,NHAI,"Multi-States (Jammu and Kashmir, Punjab)",July 2026,3044.02,87.3,1776.5,3.700000000000003,2.650000000000091,4,20.34936998854525,Medium,3707.91
619067,6L of Chiloda-Naroda section from Km. 540.595 to Km. 555.595 of NH-8Package-VII,National Highways Authority of India [NHAI],Gujarat,May 2026,356.6,100.0,104.04,0.0,0.8100000000000023,2,1.0404,Small,463.03
619068,Construction of Greenfield Connectivity to Jewar International Airport from DND- Faridabad-Ballabhgarh Bypass KMP Link - Spur to Delhi Mumbai Expressway,NHAI,"Multi-States (Haryana, Uttar Pradesh)",July 2026,2920.69,76.3,1772.67,2.219999999999999,16.1400000000001,4,23.23289646133683,Medium,3485.77
619069,Satara Km 725.000 to Pune Km 865.350 of NH - 4 New NH - 48 in Maharashtra,NHAI,Maharashtra,July 2026,361.72,99.05,387.04,0.0,2.490000000000009,4,3.907521453811207,Small,425.51
619070,Tumkur-Chitradurga,National Highways Authority of India [NHAI],Karnataka,April 2026,839.0,100.0,8.42,0.0,0.0,1,0.0842,Small,47.44
619071,Tumkur - Nelamangala 6L,NHAI,Karnataka,July 2026,2032.15,61.36,1086.24,0.20000000000000284,16.34999999999991,4,17.702737940026076,Medium,1664.2
619072,Bangalore/TN border to Hoskote,NHAI,Karnataka,July 2026,1181.68,94.89,1153.14,0.0,2.980000000000018,4,12.152386974391401,Medium,1297.76
619073,4L of 42.000 to km 80.00 of Dodaballapur Bypass to Hoskote section of NH-648 Old NH-207 [Bangalore Ring Road Pkg 2],NHAI,Karnataka,July 2026,1317.74,99.2,1367.2,0.0,62.549999999999955,4,13.78225806451613,Medium,1846.52
619074,6-laning of Krishnagiri Km.0.000 to Walajahpet Km.148.300 section on NH-46 under NHDP-V,NHAI,Tamil Nadu,July 2026,1673.17,99.99,707.81,0.0,6.439999999999941,4,7.078807880788078,Medium,781.74
619075,6L of Bhubaneswar - Jagatpur - Chandikhole Section of NH-16,National Highways Authority of India [NHAI],Odisha,May 2026,639.3,97.48,52.23,0.0,0.0,2,0.5358022158391464,Small,632.89
619076,Six Laning of Vijayawada Bypass from Chinna Avutapalli to Gollapudi in Vijayawada - Gundugolanu Section from km. 0.00 to km. 30.00 Pkg-III,NHAI,Andhra Pradesh,July 2026,1581.24,98.2,1024.51,0.0,-0.2400000000000091,4,10.432892057026477,Medium,1883.71
619077,6 laning of Balance Work of Chennai - Tada from km. 21.40 to km. 54.40,NHAI,"Multi-States (Andhra Pradesh, Tamil Nadu)",July 2026,464.62,100.0,389.77,0.0,0.01999999999998181,4,3.8977,Small,472.37
619078,Six Laning of Bihar - Jharkhand Border Chordaha - Gorhar section of NH-2 from km 249.525 to km 320.810,NHAI,"Multi-States (Bihar, Jharkhand)",July 2026,1772.7,78.0,1275.76,0.0,2.2000000000000455,4,16.355897435897436,Medium,1689.17
619080,4L PS of Ambala Ring Road of New NH-44,NHAI,Haryana,July 2026,1093.35,92.97,595.59,4.200000000000003,4.920000000000073,4,6.406260083898032,Medium,1225.41
619083,Thumbipadi-Namakkal from km. 180.00 to km. 248.625 Package No. NS-2/BOT/TN- 02,National Highways Authority of India [NHAI],Tamil Nadu,May 2026,255.53,100.0,206.64,0.0,0.0,2,2.0664,Small,395.43
619084,Start of Karur Bypass - Dindigul from km. 292.600 to km. 305.600 Contract Package No. NS2/BOT/TN-4,National Highways Authority of India [NHAI],Tamil Nadu,May 2026,461.54,100.0,42.28,0.0,0.0,2,0.4228,Small,515.03
619086,Chengapalli km 102.035 to Neelambur Km144.680 and Madukkarai Km 170.880 to Walayar K183.010 Package No. NS-2/BOT/TN-08,NHAI,Tamil Nadu,July 2026,1247.43,100.0,7.24,0.0,0.3100000000000005,4,0.0724,Medium,285.55
619087,Widening to 6L of Existing 4L Jetpur - Gondal - Rajkot Section from Km. 117.600 to Km. 185.00 on NH-27,NHAI,Gujarat,July 2026,2070.44,76.83,1117.01,3.75,68.18000000000006,4,14.538721853442667,Medium,1390.29
619089,Balance work of 4L of NarimbangloJatinga Junction- Harangajoroad section from Km 0.000 to Km 49.230 of NH-27,NHAI,Assam,July 2026,1909.98,98.0,1393.08,3.4099999999999966,6.210000000000036,4,14.215102040816326,Medium,2745.74
619090,8L of Dwarka Expressway Pkg-II RuB near Dwarka Sector 21-DL/HR Border from 5.300 Km.to 9.500 Km. of NH-248BB,NHAI,Delhi,July 2026,2067.67,100.0,2381.53,0.0,39.74000000000024,4,23.8153,Medium,2670.22
619092,4L of Jind-Gohana road Package-1 from km. 0.00 to km. 40.601 of NH-352 A under NHO,NHAI,Haryana,July 2026,994.22,99.97,1064.47,0.0,0.0,4,10.647894368310494,Small,1606.82
619093,4L Ismailabad to Ambala Section of NH-152 Lot-4/Package-1,NHAI,"Multi-States (Haryana, Punjab)",July 2026,609.32,76.3,308.0,1.25,104.75,4,4.036697247706422,Small,454.34
619094,Thorapalli - Agraharam - Jittandahalli Section from km 23.350 to km 60.100 [Hosur to Dhamrapuri Pkg-2],NHAI,Tamil Nadu,July 2026,1243.57,77.57,827.88,0.0,0.0,4,10.672682738171975,Medium,1272.11
619095,Balance works of 4L Panvel Indapur section of NH66 old NH17 from km 42.300 kasu to km 84.600 Indapur,NHAI,Maharashtra,July 2026,546.44,96.73,420.83,15.100000000000009,0.12999999999999545,4,4.350563423963609,Small,472.1
619096,Goa / Karnataka Km.93.700 to Kundapur Km.283.30,NHAI,Karnataka,July 2026,1644.92,97.94,1849.51,0.0,0.6400000000001,4,18.88411272207474,Medium,1990.99
619097,Thalassery Mahe Bypass Km 170.600 to Km 189.200 of NH-17New NH-66 in Kerala,NHAI,"Multi-States (Kerala, Puducherry)",July 2026,1181.12,100.0,1534.73,0.0,0.0,4,15.3473,Medium,1573.18
619098,Kozhikode Bypass Calicut Bypass Vengalam Jn. to Ramanattukara Jn.,NHAI,Kerala,July 2026,1424.77,98.75,1066.67,0.0,2.1400000000001,4,10.801721518987343,Medium,2139.18
619099,6L Amritsar-Bathinda Greenfield section from Jn. with Moga Jalandhar road NH-703 near Dharamkot to Jn. with Bhagta Bhai Ka-Bhadaur Road near Dyalpura Bhai Ka from km 39.000 to km 93.000 of NH-754A Pkg-2,NHAI,Punjab,July 2026,1801.37,66.53,1268.39,1.9300000000000068,0.0,4,19.06493311288141,Medium,2172.71
619100,Dhangaon - Borgaon section km 81.000 to km 139.000 [Indore - Edlabad Pkg IV],NHAI,Madhya Pradesh,July 2026,866.0,99.8,746.57,0.0,0.21000000000003638,4,7.480661322645291,Small,1185.04
619101,4L Shahpur to Muktainagar from Km. 186.000 to km 216.278 of NH 753L Pkg II of Boregaon Buzurg to Muktainagar,NHAI,"Multi-States (Madhya Pradesh, Maharashtra)",July 2026,784.35,64.0,330.42,0.0,0.0,4,5.1628125,Small,659.52
619102,4 L of China Orampadu-Renigunta section of NH-716 Package-II of Kadapa- Renigunta section,NHAI,Andhra Pradesh,July 2026,1500.11,2.25,121.06,2.25,0.6000000000000085,4,53.80444444444444,Medium,1500.11
619103,4/6 Laning of Raipur-Simga Pkg-I from km. 0.00 to km. 48.58,NHAI,Chhattisgarh,July 2026,1096.52,100.0,905.32,0.0,0.07000000000005002,4,9.0532,Medium,1172.36
619104,4L/2L PS of Govindpur Raiganj - Chas - WB border section of from km. 0.00 to km. 56.889 of Old NH-32,National Highways Authority of India [NHAI],"Multi-States (Jharkhand, West Bengal)",May 2026,1139.65,99.84,6.64,0.0,0.0,2,0.06650641025641026,Medium,1154.8
619105,6L Access Controlled Ludhiana-Bathinda Greenfield highway from Jn. with Moga- Barnala Road NH-703 near village Tallewal to Jn. with Delhi-Katra Expressway NE-5 near Ludhiana village Ballowal from Km 30.300 to Km 75.543 of NH-754AD Pkg-2,NHAI,Punjab,July 2026,1555.13,25.55,711.39,1.990000000000002,12.519999999999982,4,27.843052837573385,Medium,1564.66
619106,4 Lane with PS from Des. Ch 182.300 to Des. Ch. 228.500 of Belgaum-Hungund- Raichur Section of NH 748 A Package-5,NHAI,Karnataka,July 2026,1141.88,40.63,255.41,2.730000000000004,1.1699999999999875,4,6.286241693330052,Medium,868.65
619107,4 Lane with PS from Des. Ch 136.100 to Des. Ch. 182.300 of Belgaum-Hungund- Raichur Section of NH-748A Package-4,NHAI,Karnataka,July 2026,1311.41,15.0,227.73,1.8200000000000003,0.4299999999999784,4,15.181999999999999,Medium,1123.35
619108,4 Lane with PS from Des. Ch 0.000 to Des. Ch. 43.800 of Belgaum-Hungund-Raichur Section of NH-748A Package-1,NHAI,Karnataka,July 2026,1452.43,40.21,490.31,1.759999999999998,0.0,4,12.193732902263118,Medium,1256.55
619109,6L of Badakumari - Karki Section from Km 179.000 to km 226.500 of NH-130-CD Package OD-3,NHAI,Odisha,July 2026,1101.76,99.7,713.46,0.0,0.06000000000005912,4,7.156068204613842,Medium,1374.43
619111,6L Jakkuva Korlam Section of NH-130CD Road from km 396.800 to km 421.100 Pkg 2,NHAI,Andhra Pradesh,July 2026,840.51,99.83,573.9,0.3299999999999983,0.009999999999990905,4,5.748772913953721,Small,840.51
619112,6L Kantakapalle Sabbavaram Section of NH-130CD Road from Km 445.100 to Km 464.662 Pkg-4,NHAI,Andhra Pradesh,July 2026,1012.57,84.6,702.4,0.5999999999999943,0.07999999999992724,4,8.30260047281324,Medium,1012.57
619113,4L of Padalur - Trichy section from km. 285.00 to km. 325.00 of NH - 45 Pkg VI-C,NHAI,Tamil Nadu,June 2026,555.8,100.0,235.51,0.0,0.0,1,2.3550999999999997,Small,235.8
619114,Indore - Harda Pkg-II [Raghavgarh to Nanasa from km. 29.30 to km. 92.30],NHAI,Madhya Pradesh,July 2026,1081.51,40.25,369.46,0.0,0.19999999999998863,4,9.179130434782609,Medium,1146.63
619117,Hassan km 184.912 to Maranahally km 230.060 of NH - 75 in Karnataka,NHAI,Karnataka,July 2026,1021.57,97.8,1068.91,0.0,0.14000000000010004,4,10.92955010224949,Medium,1091.4
619118,Four Laning of Angul to Sambalpur from Km.112.000 to Km.265.000,NHAI,Odisha,July 2026,2510.04,99.98,2464.91,0.0,5.460000000000036,4,24.65403080616123,Medium,2632.91
619119,Cuttack-Angul Section of NH-42 New NH-55 from km 0.400 to km 60.200 Pkg-I in the State of Odisha,NHAI,Odisha,July 2026,999.32,99.0,1128.52,0.0,0.07999999999992724,4,11.399191919191919,Small,1178.31
619120,Nidagatta-Mysore Pkg II,NHAI,Karnataka,July 2026,2919.8,99.19,3715.84,0.0,1.9500000000002728,4,37.4618409113822,Medium,4113.89
619121,4L of Hubli - Hospet Section of NH-63 from Km 128.850 to Km 272.571,National Highways Authority of India [NHAI],Karnataka,May 2026,2531.99,99.65,1360.9,0.0,0.0,2,13.656798795785248,Medium,3619.32
619122,Akshardham - DL/UP Border Pkg-01,National Highways Authority of India [NHAI],"Multi-States (Delhi, Uttar Pradesh)",May 2026,1479.22,100.0,1351.78,0.0,8.599999999999909,2,13.5178,Medium,1476.75
619123,6L Access Controlled Greenfield Highway from Narayanmpet Ch. 203500 to Chandrasekharpuram Ch. 228000Package-10,NHAI,Andhra Pradesh,July 2026,813.66,66.12,223.35,0.0,0.29999999999998295,4,3.377949183303085,Small,678.21
619124,6L Access Controlled Greenfield Highway from Polavaram Ch. 260000 to Marripudi Ch. 285500 of [NH-544G]Package-12,NHAI,Andhra Pradesh,July 2026,747.29,70.2,250.93,0.0,8.310000000000002,4,3.5745014245014244,Small,626.83
619125,6L Access Controlled Greenfield Highway from Somavarappadu Ch.314.600 to Muppavaram Ch.343240 of [NH-544G] Package-14,NHAI,Andhra Pradesh,July 2026,1103.9,44.56,267.61,0.0,8.54000000000002,4,6.005610412926392,Medium,943.66
619126,6L Access Controlled Greenfield Highway from Marripudi Ch. 285500 to Somavarappadu Ch. 314600 of [NH-544G] Package-13,NHAI,Andhra Pradesh,July 2026,976.41,73.0,370.82,0.0,0.0,4,5.07972602739726,Small,798.71
619127,4L of Greenfield Alignment from Km. 47.000 to Km. 89.210 of Balbhadarpur to Bela Nawda Section of NH-119D,NHAI,Bihar,July 2026,2185.75,30.41,764.97,1.2800000000000011,47.960000000000036,4,25.155212101282473,Medium,2118.46
619128,Khammam-Devarapalle Pkg II [4L Access Controlled Greenfield from Somavaram village to Chintagudem village Design Chainage 33604 to 63117],NHAI,Telangana,July 2026,615.78,98.02,524.11,0.0,0.08000000000004093,4,5.3469700061212,Small,981.64
619129,Mahabalipuram - Pondicherry Pkg-I [Mamallapuram to Mugaiyur],NHAI,Tamil Nadu,July 2026,1360.54,58.65,904.84,0.0,7.480000000000018,4,15.427791986359763,Medium,1477.94
619130,Mahabalipuram - Pondicherry Pkg-II [Mugaiyur to Marakkanam],NHAI,Tamil Nadu,July 2026,1116.13,53.41,804.69,0.0,32.84000000000003,4,15.066279722898337,Medium,1463.75
619131,Four Laning of Chettikulam to Natham section of NH-785,NHAI,Tamil Nadu,July 2026,837.61,99.75,641.93,0.0,0.0,4,6.435388471177944,Small,823.93
619132,4/6L of Gurgaon - Pataudi - Rewari from km. 0.00 to km.43.87 of NH-352W,NHAI,Haryana,July 2026,1810.04,77.76,1267.55,0.7800000000000011,0.35999999999989996,4,16.300797325102877,Medium,1917.5
619134,6L of Ambala-Chandigarh greenfield section from Km. 0.000 to Km. 25.000 with 4L spur to Lalru from Km. 0.000 to Km. 5.828 & spur to PR-7 road from Km. 0.000 to Km. 11.157,NHAI,"Multi-States (Haryana, Punjab)",July 2026,1641.66,90.01,1277.92,4.510000000000005,18.970000000000027,4,14.197533607376958,Medium,1904.79
619136,Rehabilitation and Upgradation of Chorma - Bairgania Section of National Highway No 227F to 2 lane with paved shoulders from Design Ch.0.000 to Ch. 34.566,NHAI,Bihar,July 2026,610.78,100.0,337.4,0.0,0.6999999999999886,4,3.3739999999999997,Small,628.65
619137,4L of Dwarka-Khambaliya-Devariya section from km 203.500 to km 176.500 and from km 171.800 to km 125.000 of NH-151A,National Highways Authority of India [NHAI],Gujarat,April 2026,1024.69,100.0,882.1,0.0,0.0,1,8.821,Medium,1753.95
619138,Yekkambi-Haveri,NHAI,Karnataka,July 2026,294.62,24.7,94.8,0.0,0.0,4,3.838056680161943,Small,309.9
619139,Construction of New Double Tier 4L Elevated Corridor from Chennai Port to Maduravoyal in Chennai District from km -0.342 to Km 20.593 and Package III from Km 9.700 to Km 14.185,NHAI,Tamil Nadu,July 2026,1299.36,17.24,193.34,0.0,4.219999999999999,4,11.21461716937355,Medium,1299.36
619140,6L of Naidupeta Junction - Turpukanupur Section from km 57.046 to km 91.927,NHAI,Andhra Pradesh,July 2026,1398.84,53.7,388.87,4.800000000000004,14.800000000000011,4,7.241527001862197,Medium,965.58
619141,Construction of four lane access controlled highway from Chillakuru cross road to Turpu KanupurPart 1 of Package - II km 0.000 131.500 of NH - 16 to km 23.770 on New NH-516W including six lane flyover and approaches on NH-16 length km 1.050 and six lane access controlled from Turpu Kanupur to Port South Gate Part 2 of Package - II km 23.770 to km 35.015 on New NH-516W in the state of Andhra Pradesh on HAM Mode under Bharatmala Pariyojana Phase I,NHAI,Andhra Pradesh,July 2026,864.2,55.53,358.97,1.4200000000000017,0.0,4,6.464433639474159,Small,844.39
619142,Construction of 4-lane connectivity to Banbasa ICP at India Nepal border from NH-09 old NH-125 Sitarganj-Tanakpur at Km 40.00 near Jagbuda bridge under Bharatmala Priyojana of NH-109D on EPC mode in the State of Uttarakhand,NHAI,Uttarakhand,July 2026,216.97,75.24,213.92,0.0,0.0,4,2.8431685273790537,Small,237.01
619143,4L Access Controlled Greenfield Highway section on NH-163G Khammam Vijayawada from BrahmanapalliK village at Design Ch. 250.400 Km to Remidicherla village at Design Ch. 280.200 KmPackage-II,NHAI,"Multi-States (Andhra Pradesh, Telangana)",July 2026,826.01,25.78,175.85,2.0500000000000007,10.569999999999993,4,6.821179208688906,Small,862.58
619144,Hospet - Chitradurga from km. 299.00 to km. 418.750,National Highways Authority of India [NHAI],Karnataka,May 2026,1519.72,100.0,36.7,0.0,0.3400000000000034,2,0.36700000000000005,Medium,387.48
619145,Four Laning of Una to Kodinar from km. 180.478 to km. 221.610 Package-V,NHAI,Gujarat,July 2026,877.71,100.0,1008.79,0.0,0.01999999999998181,4,10.0879,Small,1126.66
619146,Kagvadar - Una Package-IV,NHAI,Gujarat,June 2026,750.53,97.93,833.12,0.0,469.7,3,8.507301133462677,Small,955.78
619147,4L of Bal Works of Mahuva to Kagvadar from 100.450 Km. to 140.470 Km. of NH-8E Pkg- III,National Highways Authority of India [NHAI],Gujarat,May 2026,603.08,99.71,624.41,0.0,0.0,2,6.262260555611273,Small,628.49
619148,4L of Bhavnagar - Talaja Package-I from Km. 6.945 to Km. 54.990 of Old NH-8E,National Highways Authority of India [NHAI],Gujarat,May 2026,1185.66,100.0,53.18,0.0,0.0,2,0.5318,Medium,1343.16
619149,4L of Ratnagiri - Kolhapur section of NH-166 from km 0.000 to km 19.769 and km 31.000 to km 67.140 Pkg I,NHAI,Maharashtra,July 2026,1774.03,97.4,1444.74,3.6500000000000057,16.920000000000073,4,14.833059548254619,Medium,2108.41
619150,BRT Tiger Reserve Boundary Km.287.500 to Bangalore Section Km.458.420 of NH- 209 in Karnataka,NHAI,Karnataka,July 2026,2082.69,99.7,2242.71,0.0,0.0,4,22.49458375125376,Medium,2859.93
619152,Bakhtiyarpur Km 153.300 to Mokama Km 197.900,NHAI,Bihar,July 2026,1898.84,99.95,1799.23,0.0,1.7999999999999545,4,18.001300650325163,Medium,1898.84
619153,4L of HP/Punjab Border - Mo from km. 11.00 to km. 42.00 of Old NH-20 New NH-154 Package-IA,NHAI,Himachal Pradesh,July 2026,1002.11,68.65,819.72,0.9900000000000091,0.009999999999990905,4,11.940568099053168,Medium,1363.04
619154,Construction of Four Lane Highway from Ghazipur- Ballia-UP/Bihar State Border Greenfield section of NH-31 Package III [from Pindari km 78.150 to Rawalganj Bypass Km 117.120] on EPC Mode in the state of Uttar Pradesh.,NHAI,"Multi-States (Bihar, Uttar Pradesh)",July 2026,1493.5,86.11,1044.81,3.1099999999999994,2.7799999999999727,4,12.133433979793287,Medium,1493.59
619155,Upgradation and 4L of Haridwar Bypass from Km 0.000 Km 188.100 of NH-58 to Km. 15.100 Km 5.100 of NH 74 PKg-1,NHAI,Uttarakhand,July 2026,1602.89,80.36,770.27,0.6099999999999994,0.0,4,9.585241413638625,Medium,1423.89
619156,4 Laning of Paramakudi to Ramanathapuram Section of NH-87 Old NH-49,NHAI,Tamil Nadu,July 2026,1853.16,0.0,169.53,0.0,10.27000000000001,3,0.0,Medium,1853.16
619157,4 Laning of Talcher to end of Kamakhyanagar Bypass km 8.844 - km 15.725 of NH- 149 and km 301.875 - km 335.946 of NH-53 Pkg-I,NHAI,Odisha,July 2026,795.18,99.0,715.74,0.0,2.1200000000000045,4,7.2296969696969695,Small,810.71
619158,4 Laning of Duburi Chandikhole from km 388.376 to km 428.074 Pkg-III,NHAI,Odisha,July 2026,789.0,86.0,724.96,0.0,0.10000000000002274,4,8.429767441860465,Small,907.61
619160,Balance works in AP Portion and punch list items in TN & AP portion of NH-205,NHAI,Andhra Pradesh,July 2026,166.52,100.0,98.52,0.0,0.0,4,0.9852,Small,113.46
619161,Access Controlled Highway of 4 Lane with Paved Shoulders from Tiruvallur Design Chainage Km 1756 to TN/AP Broder Design Chainage Km 6151 of NH-716 Chennai- Tirupati Package-1,NHAI,Tamil Nadu,July 2026,1376.1,46.31,181.78,5.510000000000005,1.0999999999999943,4,3.925286115309868,Medium,1247.7
619162,4L of Najibabad Bypass from Km. 105.423 to Km. 118.373 excluding 2.45 Km. of NH- 74 Bypass of NH-119,NHAI,Uttar Pradesh,July 2026,578.02,100.0,440.93,0.0,0.25,4,4.4093,Small,566.9
619163,4L of Baramati to Indapur Pkg-II from km. 41.400 to km. 84.550 of NH-965G Saint Tukaram Marg,NHAI,Maharashtra,July 2026,1471.32,86.2,1071.0,0.0,0.0,4,12.424593967517401,Medium,1297.48
619164,Belgaum-Khanapur Pkg I Km 0.000-Km 30.800 of NH-4A,NHAI,Karnataka,July 2026,1214.3,75.72,917.82,0.09000000000000341,0.0,4,12.121236133122029,Medium,1195.74
619165,Thanamcherla-Jamandlapally 2LPS,NHAI,Telangana,July 2026,177.18,100.0,8.3,0.0,0.0,4,0.083,Small,18.65
619166,Umagaon-Saharsa Package-V Bakaur-Parsarma-Bangaon-Bariyahi & Spur to Mahishi,NHAI,Bihar,July 2026,768.35,99.5,509.32,0.0,6.300000000000011,4,5.118793969849246,Small,968.42
619167,4 Laning with PS of Pathrapalli-Katghora km 53.3 to km 92.6 Pkg-II of Bilaspur Kathghora,NHAI,Chhattisgarh,July 2026,865.1,93.1,853.85,0.0,2.4700000000000273,4,9.171321160042964,Small,1275.26
619168,6L access controlled Greenfield highway of Junction of EPE Vill.-Mavikalan to Vill.- Lohadda from Km. 0.000 to Km. 27.000 Pkg-1,NHAI,Uttar Pradesh,July 2026,1602.48,99.29,1423.29,0.0,3.519999999999982,4,14.334676201027293,Medium,1497.94
619171,RPR FOR DURGAPUR OCP 10 MTY,SECL - CIL,Chhattisgarh,July 2026,2415.91,0.01,2.99,0.0,0.6400000000000001,4,299.0,Medium,2415.91
619172,MADANNAGAR OCP 12 MTY - MDO,SECL - CIL,Chhattisgarh,July 2026,1859.19,0.0,0.45,0.0,0.0,4,0.0,Medium,1859.19
619181,Rehabilitation and Up gradation from 4 to 8 laning of Chandikhole Paradip Section of NH-53 Old NH 5A from Km.60.000 to Km.76.646 Package-4,NHAI,Odisha,July 2026,882.45,36.02,196.67,3.0,0.03999999999999204,4,5.460022209883397,Small,1009.92
619183,Widening of Existing Road from Intermediate Lane 2-lane to 4-lane Between Km 19.994 to Km 35.180 of NH-848A Rakholi-Khadoli-Velugam Section in U.T. of Dadra and Nagar Haveli and Daman and Diu,MoRTH,Dadra & Nagar Haveli and Daman & Diu,July 2026,198.06,80.0,77.74,0.0,1.789999999999992,4,0.9717499999999999,Small,239.57
619184,"Rehabilitation and up-gradation and completion of balance works of the section from Km 107.760 km to 129.445 km After Middle strait to Humphrey, Km 130.600 to 138.300 After Humphrey to Kadamtala of NH-4 Intermediate/2-Lane with hard shoulder in the Union Territory of Andaman & Nicobar Islands on EPC basis Package- IIIA",NHIDCL,Andaman & Nicobar,July 2026,207.45,81.95,0.0,0.6300000000000097,0.0,4,0.0,Small,376.48
619185,Rehabilitation and up-gradation and completion of balance work of section from Km 155.00 to Km 181.00 End of Jarwa to Rangat of NH -4 Total length 26 Km to Intermediate Lane/2-lane with hard shoulders in the UT of A&N Islands on EPC basis - Package-III.B Balance work,NHIDCL,Andaman & Nicobar,July 2026,183.56,50.15,163.63,0.0,163.63,4,3.2628115653040877,Small,333.12
619186,Construction of Balance works of Major Bridge over Middle Strait Creek between Km.106.590 to km108.553 of NH-04 connecting South Andaman & Baratang Island in the Union Territory of Andaman & Nicobar Islands on EPC basis,NHIDCL,Andaman & Nicobar,July 2026,262.96,12.98,112.15,0.0,112.15,4,8.640215716486903,Small,371.88
619187,"Slope protection and landslide mitigation at 4 vulnerable locations km 1.950 to Km 2.100, km 11.100 to 11.450, km 22.435 to km 22.485 and km 22.610 to km 22.680 within Sevoke-Rangpo section of NH-10 old NH-31A in Darjeeling & Kalimpong district in the State of West Bengal on EPC mode",NHIDCL,West Bengal,July 2026,152.27,34.47,21.2,2.259999999999998,21.2,4,0.615027560197273,Small,152.27
619191,Kanpur LPG Bottling Plant,Bharat Petroleum Corporation Limited [BPCL],Uttar Pradesh,July 2026,202.0,62.5,132.75,2.5,1.9499999999999886,4,2.124,Small,202.0
619193,Rehabilitation and upgradation of NH-221 from km 121/0 to 165/0 Rudrampur to Bhadrachalam section to two lane with paved shoulder under NHDPIV in the state of Telangana through EPC mode,MoRTH,Telangana,July 2026,295.47,82.76,375.14,0.0,0.0,4,4.532866118898018,Small,334.82
619194,"Construction of Four Lane Gola Flyover at Km 99.850 of NH 730 Major Junction with State Highways -93 of Engineering, Procurement and Construction EPC mode in the State of Uttar Pradesh.",MoRTH,Uttar Pradesh,July 2026,168.05,12.0,0.0,10.0,0.0,3,0.0,Small,168.05
619196,Change of service of existing Mundra-Panipat Pipeline [Panipat - Churwa section] from Crude oil to Product,Indian Oil Corporation Limited [IOCL],"Multi-States (Gujarat, Haryana, Rajasthan)",July 2026,359.0,43.3,52.55,3.6999999999999957,11.689999999999998,4,1.2136258660508084,Small,359.0
619197,Delhi-Vadodara Greenfield Alignment NH-148N Pkg-27 Ch.729.700 to Ch.756.052,NHAI,Gujarat,July 2026,1185.69,98.9,1045.08,1.690000000000012,7.75,4,10.567037411526794,Medium,1259.27
619198,Vadodara Mumbai Expressway Phase II - Pkg XII [Km. 50.700 to Km. 77.000] Masvan - Ganjad,NHAI,Maharashtra,July 2026,1711.38,99.87,979.42,0.4900000000000091,0.009999999999990905,4,9.806949033743866,Medium,2388.52
619199,Bangalore Chennai Expressway Phase-II Pkg-I from km.71.000 to Km 96.000 Bethamangala in the state of Karnataka to Byreddypalli,NHAI,"Multi-States (Andhra Pradesh, Karnataka)",July 2026,1410.01,99.2,744.42,0.15000000000000568,8.339999999999918,4,7.504233870967742,Medium,1410.01
619200,Delhi-Amritsar-Katra Expressway Phase-I Spur-III from Junction with Amritsar- Jalandhar road NH-3 near Bhishambarpura to Junction with Amritsar-Anjala road NH- 354 near Amritsar Airport [Km 71000 to Km 99000 of Amritsar connectivity],NHAI,Punjab,July 2026,1641.75,33.85,1364.2,0.2700000000000031,18.940000000000055,4,40.301329394387004,Medium,1951.7
619201,Karnal ring road Lot-4/Pkg-1,NHAI,Haryana,July 2026,1741.45,96.66,834.54,0.23999999999999488,3.42999999999995,4,8.63376784605835,Medium,2041.54
619202,Dwarka Expressway from Km -0.600 to Km 5.300 - Pkg-I Shivmurti Chowk-RuB near Dwarka Sector 21,NHAI,Delhi,July 2026,2144.67,98.8,3512.17,0.0,182.94000000000005,4,35.54827935222672,Medium,3929.5
619203,Vadape to Thane from km 539.202 to km 563.000 section of NH-3 new NH-848,NHAI,Maharashtra,July 2026,1252.92,87.0,491.86,6.219999999999999,0.05000000000001137,4,5.653563218390805,Medium,1371.27
619204,"Capacity Augmentation in the stretch of Pimpri Sado Vadape section of NH848 Km. 460900 to Km. 537000 by Construction of Slip/Service Road on either side at various locations total length 25.140 Km LHSRHS, Flyover 2 x 25m at Borivali Junction Km. 528550 & LVUP 1 x 15m at Sherekarpada Km. 528800",NHAI,Maharashtra,July 2026,372.03,1.0,1.5,0.0,1.5,2,1.5,Small,372.03
619205,Six Laning of KT/KL Border Thalapaddy -Chengala from Km. 17.200 to Km. 57.20,NHAI,"Multi-States (Karnataka, Kerala)",July 2026,1981.07,100.0,1701.33,0.0,2.259999999999991,4,17.0133,Medium,2681.48
619206,6L of Perole Nileshwar town to Taliparamba from Km 94.248 to Km 134.650 of NH-66,NHAI,Kerala,July 2026,3041.65,86.65,2526.45,0.0,0.03999999999996362,4,29.15695326024235,Medium,3867.66
619207,Start of Kollam Bypass - Kadambattukonam,NHAI,Kerala,July 2026,2641.37,81.8,1990.71,0.0,0.009999999999990905,4,24.336308068459658,Medium,3309.06
619208,Kadambattukonam-Kazhakuttom,NHAI,Kerala,July 2026,3635.64,44.34,2124.13,0.0,0.03999999999996362,4,47.90550293188994,Medium,3526.33
619209,4L of existing 2/4L stretch from Lonand to Dive Ghat Km 166.400 to Km 220.900 of Mohol Alandi section of NH-965 Pkg - V,National Highways Authority of India [NHAI],Maharashtra,May 2026,1709.56,98.52,1125.89,0.0,0.0,2,11.428034916768171,Medium,2049.51
619210,Dharampuri-Lonand from km. 117.00 to 166.40 Pkg-IV on Mohol-Alandi Section,NHAI,Maharashtra,July 2026,1411.71,97.4,1474.28,0.0,2.869999999999891,4,15.136344969199177,Medium,1358.68
619211,6L of MH/KN Border Nimbal Village to KN/TS Border Singnodi Village from Km. 97.000 to Km. 162.500 in Yadgir of NH-150C Pkg-III,NHAI,Karnataka,July 2026,2104.7,73.9,984.28,0.0,0.32999999999992724,4,13.319079837618402,Medium,2065.83
619212,6L Access Controlled Greenfield Highway of Julekal village to Dinnedevarapadu village from Km 242.200 to Km 280.400 Pkg-2,NHAI,"Multi-States (Andhra Pradesh, Telangana)",July 2026,1227.57,70.6,539.17,2.069999999999993,11.120000000000005,4,7.636968838526912,Medium,1315.87
619213,6L of Hatibena - Badakumari Section from Km 146.50 to km 179.00 of NH-130-CD Package OD-2,NHAI,Odisha,July 2026,791.17,99.99,733.61,0.03999999999999204,0.029999999999972715,4,7.336833683368337,Small,1070.63
619214,4L of Channarayapatna Bypass and Hassan Bypass with structures in Devihalli - Hassan section,NHAI,Karnataka,July 2026,688.0,82.34,600.43,0.0,0.0,4,7.292081612824871,Small,684.54
619215,Cuttack-Angul Section of NH-42 New NH-55 from Km.60.200 to Km. 112.000 Pkg-II in the State of Odisha,NHAI,Odisha,July 2026,991.41,99.66,1083.8,0.0,0.03999999999996362,4,10.874974914710014,Small,1168.82
619216,6L access Controlled Greenfield Highway from Adhoya Musalmana to Sadopur section of Shamli -Ambala Package-III Design Ch. Form km 84.400 to km 121.786,NHAI,"Multi-States (Haryana, Punjab)",July 2026,1491.72,81.33,791.92,1.769999999999996,67.42999999999995,4,9.73712037378581,Medium,1122.86
619217,4L of Haridwar-Nagina section from km. 0.00 to km. 71.614 of NH-74,NHAI,"Multi-States (Uttar Pradesh, Uttarakhand)",July 2026,1659.12,99.85,1546.89,0.0,5.900000000000091,4,15.492138207310969,Medium,1622.49
619218,4L Tumkur-Shimoga Pkg-I from Mallasandra to Karadi village of NH-206 from Km. 12.300 to Km. 65.195,NHAI,Karnataka,July 2026,1364.14,100.0,1336.55,0.0,0.049999999999954525,4,13.365499999999999,Medium,1692.12
619219,4L of Tumkur-Shimoga Pkg-II from Km 65.195 Karadi to Km 121.900 Banawara of NH-206,NHAI,Karnataka,July 2026,1505.85,99.98,1298.78,0.0,0.7899999999999636,4,12.990398079615922,Medium,1989.89
619220,Tumkur-Shimoga Pkg-III from Km 121.900 Banawara to Km 170.415 Bettadahalli of Old NH-206,NHAI,Karnataka,July 2026,1444.5,98.0,872.97,0.0,0.05000000000006821,4,8.907857142857143,Medium,1834.81
619221,Realignment of Rudrapur-Kathgodam Section of NH-87 New NH-109 From Design Chainage 000 Existing Chainage Km.54050 To Design Chainage 7875 Existing Chainage Km.61550 Due To Proposed Expansion Of Pantnagar Airport in the state of Uttarakhand.,NHAI,Uttarakhand,July 2026,252.97,0.0,0.14,0.0,0.0,1,0.0,Small,252.97
619222,"Balance works of four lane from km 43.950 Thiruvallur Bypass to km 61.470 Veppampattu Bypass passing through Thannerkulam, Thozur and Sevapet Bypass 17.520 kms of Tirupathi- Tiruttani- Chennai section of NH 205",NHAI,Tamil Nadu,July 2026,467.99,97.92,595.08,0.0,0.650000000000091,4,6.077205882352941,Small,699.68
619223,Petro Resid Fluidized Catalytic Cracking [PRFCC] Unit and its associated facilities at Mumbai Refinery,Bharat Petroleum Corporation Limited [BPCL],Maharashtra,July 2026,13626.0,7.2,93.6,1.1000000000000005,11.72999999999999,4,12.999999999999998,Large,13626.0
619224,Augmentation of DUPL-DPPL Pipeline,Gas Authority of India Limited [GAIL],Maharashtra,July 2026,844.0,8.2,1.2,0.8999999999999995,0.59,4,0.14634146341463417,Small,844.0
619225,Installation of Compression facility at GAIL Usar,Gas Authority of India Limited [GAIL],Maharashtra,July 2026,260.2,0.0,0.0,0.0,0.0,4,0.0,Small,260.2
619226,Provision of four bitumen tanks with capacity of 5 TMT each at Visakh Refinery,Hindustan Petroleum Corporation Limited,Andhra Pradesh,July 2026,258.34,20.2,8.67,4.5,1.5499999999999998,4,0.4292079207920792,Small,258.34
619227,Network Expansion Scheme in Maharashtra for removal of Transmission constraints in Pune Region-I [765/400kV AIS Pune East],Power Grid Corporation of India Limited [POWERGRID],Maharashtra,July 2026,1420.0,3.92,38.9,3.42,30.95,4,9.923469387755102,Medium,1420.0
619228,Transmission System Strengthening for integration of additional RE Potential at Davanagere [0.25 GW] and Bellary [2.75 GW],Power Grid Corporation of India Limited [POWERGRID],Karnataka,July 2026,1111.0,1.0,22.22,0.0,8.78,4,22.22,Medium,1111.0
619229,"Integrated development of Outer Container Terminal and berth No. 1 though 5 NSD at KDS, SMPK on DBFOT basis through PPP mode",Syama Prasad Mookerjee Port Kolkata,West Bengal,June 2026,832.25,0.0,0.0,0.0,0.0,2,0.0,Small,832.25
619248,"lmprovement and Widening to 2-lane with Paved Shoulder of NH-13 & 15 Old NH-52 from Existing Km 745.60 Design Km 0.000 to Existing km 770.600 Design Km 24.819 Brahmakund T-junction to Kamlang T-Junction, Existing Length 25.00 Km, Design Length 24.819 Km in the state of Arunachal Pradesh on EPC mode Pkg-1",NHIDCL,Arunachal Pradesh,July 2026,441.41,14.69,25.88,14.69,25.88,2,1.7617426820966644,Small,441.41
619251,Construction of two lane with paved shoulder of Ghatol Bypass from km 133.250 to km 140.950 of NH-56 old NH No. 113 on EPC mode in the State of Rajasthan.,MoRTH,Rajasthan,July 2026,170.49,17.0,0.0,6.0,0.0,4,0.0,Small,170.49
619253,Construction of 4 lane Bypass to Nalgonda Town lrorn Km 000 Existing Ch. 181590 to Km 14.00 Existing Ch. 28/685 ol Nakrekal to Nagarjunsagar Section of NH -565 in the State of Telangara on EPC under Annual Plan 2024 -25,MoRTH,Telangana,July 2026,516.17,55.62,0.0,6.279999999999994,0.0,4,0.0,Small,516.17
619265,Rehabilitation & Upgradation of Thorrur to Nehru Nagar section to Two Lane with Paved shoulders from Km 109/420 to Km 178/500 of NH 930P in the state of Telangana on EPC mode under Annual Plan 2022-2023,MoRTH,Telangana,July 2026,675.45,0.0,0.0,0.0,0.0,1,0.0,Small,675.45
619270,"Upgradation of 6 laned Jaipur- Kishangarh section of NH-48 from km 274100 to 363885 involving construction of flyovers and Service road in Rajasthan On Engineering, Procurement & Construction EPC Mode",NHAI,Rajasthan,July 2026,910.91,0.0,0.0,0.0,0.0,2,0.0,Small,910.91
619271,Construction of Elevated Corridor at Kherwara Town on Udaipur Ratanpur Shamlaji Section of NH-48 in Udaipur District in the State of Rajasthan on EPC mode,NHAI,Rajasthan,July 2026,363.89,0.0,0.38,0.0,0.0,2,0.0,Small,363.89
619289,4L of Munger Mirzachauki section from Munger to Kharia village junction from Km 69520 to Km 95580 Pkg-1,NHAI,Bihar,July 2026,1659.81,82.72,685.48,0.0,14.920000000000073,4,8.286750483558995,Medium,1696.66
619291,4L Poanta SahebMednipur from Km. 435.65 to km. 458.65 of NH-07Pkg-1,NHAI,"Multi-States (Himachal Pradesh, Uttarakhand)",June 2026,524.54,94.25,319.77,0.0,65.49999999999997,3,3.392785145888594,Small,657.32
619292,4L Medinipur to Ballupur from Km. 458.65 to Km. 487.65 of NH-07Pkg-2,NHAI,Uttarakhand,July 2026,1092.9,93.9,739.13,0.0,2.419999999999959,4,7.8714589989350365,Medium,1072.5
619293,Construction of 4 Lane Access Controlled Bypass for Dehradun on NH307 from Design Chainage km 0050 Jhajra on NH-07 to Design Chainage km 12220 Asharori on EPC Mode in the State of Uttarakhand under NHO,NHAI,Uttarakhand,July 2026,715.97,62.79,191.78,4.699999999999996,12.75,4,3.0543080108297502,Small,337.11
619294,Road Safety Improvement of existing four lane section of Dehradun-Lal Tappar-Nepali Farm Section of NH-7 and Nepali Farm-Motichur NH-34 on EPC Mode in Uttarakhand under NHO.,NHAI,Uttarakhand,July 2026,720.67,5.13,10.86,0.11000000000000032,8.16,4,2.116959064327485,Small,388.19
619295,Four/Six laning of Bhaniyawala-Jollygrant-Rishikesh spur section of NH-07 from Km. 0.000 to Km 19.780,NHAI,Uttarakhand,July 2026,742.43,0.0,13.35,0.0,0.879999999999999,4,0.0,Small,664.92
619297,Upgradation of Existing Two Lane Carriageway to Two Lane Carriageway with Paved Shoulder from Ch. 665686 Existing Km. 665.686 in Khanpur Village in Vansda Taluka to Ch. 710470 Existing Km. 710.483 in Karvad Village in Vapi Taluka Length 44.784 Km Section of NH-56 in the State of Gujarat on EPC Mode,NHAI,Gujarat,July 2026,647.2,0.0,9.24,0.0,0.0,1,0.0,Small,647.2
619298,Construction of 6 Lane Elevated corridor from KM 612582 to KM 617540 including construction of Service Roads in Kolhapur City on NH -48 in the State of Maharashtra on EPC mode under NHO,NHAI,Maharashtra,July 2026,1039.0,0.0,0.06,0.0,0.06,2,0.0,Medium,1039.0
619299,Construction of a 6-Lane Elevated Corridor from Km 593766 to Km 596620 Including Construction of Service Roads in Kagal City on NH-48 in the State of Maharashtra on EPC Mode.,NHAI,Maharashtra,July 2026,357.99,0.0,0.08,0.0,0.08,2,0.0,Small,357.99
619300,Construction of Four Lane Nagpur-Katol section of NH-353J including Mitigation Structures from Design Ch. 37000 to Ch. 45990 Tiger Corridor-I Mitigation Structures from Design Ch. 37000 to Ch. 45990 Tiger Corridor-I in the State of Maharashtra on EPC Mode,NHAI,Maharashtra,July 2026,300.68,0.0,0.0,0.0,0.0,2,0.0,Small,300.68
619301,Construction of Approach Road to Rail-cum- Road Bridge across river Ganga at Munger Ghat NH-333 B,NHAI,Bihar,July 2026,537.88,99.99,573.97,0.0,0.07000000000005002,4,5.740274027402741,Small,633.91
619305,4L of Munger Mirzachauki section from start of existing Bhagalpur bypass to Rasulpur from Km 125000 to Km 157350 Pkg-3,NHAI,Bihar,July 2026,1769.5,77.3,675.5,0.0,2.830000000000041,4,8.738680465717982,Medium,2024.59
619306,4L of Munger Mirzachauki section from Km 95580 to Km 125000 Pkg-2,NHAI,Bihar,July 2026,1020.84,95.9,643.0,0.5900000000000034,9.590000000000032,4,6.70490093847758,Medium,1235.65
619307,4L of Munger Mirzachauki section from Km 157350 to Km 193931 Pkg-4,NHAI,"Multi-States (Bihar, Jharkhand)",July 2026,1376.56,92.74,893.34,0.7399999999999949,0.06000000000005912,4,9.632736683200346,Medium,1481.58
619308,6L access-controlled highway from Ganeshpur tonear Mohand of Ganeshpur Dehradun section from Km.0 to Km.8.3 of NH-72A Package-1,NHAI,Uttar Pradesh,July 2026,836.24,98.92,811.86,0.0,0.01999999999998181,4,8.207238172260412,Small,835.74
619311,Kalai-II Hydro Electric Project [1200 MW],THDC India Limited,Arunachal Pradesh,July 2026,14105.83,0.0,189.68,0.0,1.0600000000000023,4,0.0,Large,14105.83
619312,Bulk Loading Hub- Kanpur,Bharat Petroleum Corporation Limited [BPCL],Uttar Pradesh,July 2026,186.0,62.5,104.24,2.5,9.030000000000001,4,1.66784,Small,186.0
619313,Setting up of 50 MW [plus/minus 5 percent] Wind Power Plant for Captive Consumption at MR,Bharat Petroleum Corporation Limited [BPCL],Maharashtra,July 2026,483.14,77.9,380.62,12.0,20.340000000000032,4,4.886007702182285,Small,483.14
619314,Pipeline Replacement Project- PRP-IX,Oil and Natural Gas Corporation Limited [ONGC],Offshore,July 2026,6684.0,23.5,979.47,2.3000000000000007,115.19000000000005,4,41.67957446808511,Large,6175.0
619316,"Group Gathering Station, Lakwagaon",Oil India Limited,Assam,July 2026,495.59,7.8,20.04,0.0,0.0,4,2.569230769230769,Small,495.59
619317,4L of Hajipur-Muzaffarpur Section of the existing NH-77 from Km. 0000 Ramashish Chowk to Km. 46300 and new bypass starting at Km. 46300 and connecting NH-28 of E-W Corridor at Km. 515045,NHAI,Bihar,July 2026,2723.39,99.45,2160.8,0.0,0.0,4,21.727501256913023,Medium,2906.78
619318,4/6L Greenfield Ludhiana Rupnagar highway from Jn. with NE-5 village near to ManewalLudhiana to Jn. with NH-205 near Bheora Village Rupnagar from Km. 0.00 to Km. 37.7 including spur to Kharar with Ludhiana bypass of NH-205K Pkg-1,NHAI,Punjab,July 2026,1368.91,15.31,533.33,0.0,3.009999999999991,4,34.835401698236446,Medium,1382.48
619320,Muzaffarpur - Sonbarsa Section of NH-77 from km 2.800 to km 89.000,NHAI,Bihar,May 2026,2290.72,100.0,468.71,0.0,0.0,2,4.6871,Medium,2311.1
619321,Balance work of widening to two laning/re-alignment and geometric improvement from Km. 11000 to Km. 114618 with rectification of damaged stretches and provision of protection works in vulnerable location of NH-44 in the State of Mizoram.,MoRTH,Mizoram,July 2026,170.96,2.0,0.0,0.0,0.0,4,0.0,Small,170.96
619326,Nidadavolu-Duvvada 3rd & 4th Lines,South Central Railway [SCR] - II,Andhra Pradesh,June 2026,9889.24,0.01,0.0,0.0,-0.01,2,0.0,Large,9889.24
619328,ONGC-BP Redevelopment Phase-1 Scheme of Mumbai High Field,Oil and Natural Gas Corporation Limited [ONGC],Maharashtra,July 2026,3713.4,56.3,2304.68,3.0999999999999943,747.1799999999998,3,40.93570159857904,Medium,3908.0
619341,"Telangana Super Thermal Power Project , Stage-II [3 x 800 MW]",National Thermal Power Corporation [NTPC],Telangana,July 2026,29344.85,0.97,732.96,0.18999999999999995,3.330000000000041,3,755.6288659793815,Large,29344.85
619347,Balance Work Estimate of Rehabilitation and Up-gradation of NH- 43 from Km. 468.600 to Km. 531.250 Pathalgaon to kunkuri Section to two-lane with paved shoulder in the State of Chhattisgarh on SBD mode under NHO under Annual plan 2025-26,MoRTH,Chhattisgarh,July 2026,201.16,0.0,0.0,0.0,0.0,2,0.0,Small,201.16
635651,"New Product Testing Laboratory for NPM, SPP & NHSM at RSP",Steel Authority of India Limited (SAIL,Odisha,July 2026,155.26,71.75,56.24,0.0,0.0,1,0.7838327526132405,Small,155.26
660056,Amended BharatNet Program - KL,Department of Telecommunications,PAN India,July 2026,765.0,1.63,94.95,0.0,0.0,1,58.2515337423313,Small,765.0
665021,Amended BharatNet Program - UKD,Department of Telecommunications,PAN India,July 2026,1821.0,20.54,209.87,0.0,0.0,1,10.217624148003896,Medium,1821.0
701101,"Construction of New Domestic Terminal Building [Phase-I and II] and other allied structures at JPNI Airport, Patna",Airport Authority of India [AAI],Bihar,July 2026,1216.9,99.26,1203.48,0.07000000000000739,1.4100000000000819,4,12.124521458795083,Medium,1216.9
701105,Goa Airport Terminal Building Extension Project,Airport Authority of India [AAI],Goa,May 2026,255.69,100.0,158.78,0.0,2.0800000000000125,2,1.5878,Small,255.69
701107,Construction of New Integrated Terminal Building and associated works including apron to park 3 code E type of aircraft or 6 code C type of aircraft at Vijayawada Airport.,Airport Authority of India [AAI],Andhra Pradesh,July 2026,611.8,89.7,572.99,1.4500000000000028,45.25,4,6.3878483835005575,Small,824.28
701113,"Development of Lal Bahadur Shastri International airport, Varanasi including C/o New Terminal Building, Apron Extension, Runway Extension, PTT and allied works.",Airport Authority of India [AAI],Uttar Pradesh,July 2026,2869.65,33.0,746.93,2.0,69.71999999999991,4,22.634242424242423,Medium,2869.65
701121,Construction of New Domestic Terminal Building at Rajahmundry Airport.,Airport Authority of India [AAI],Andhra Pradesh,July 2026,347.15,96.0,189.48,1.5,0.0,4,1.97375,Small,347.15
701122,Development of New Integrated Civil Enclave at Agra Airport,Airport Authority of India [AAI],Uttar Pradesh,July 2026,579.0,44.94,224.58,1.7199999999999989,7.160000000000025,4,4.9973297730307085,Small,579.0
701126,"Development of Dholera International Greenfield Airport , Gujarat",Airport Authority of India [AAI],Gujarat,July 2026,1305.0,88.0,966.36,1.0,17.120000000000005,4,10.981363636363637,Medium,1551.0
701127,Construction of New Passenger Terminal Building for Domestic Operations at Jodhpur Airport.,Airport Authority of India [AAI],Rajasthan,July 2026,480.0,100.0,348.2,0.0,0.18999999999999773,4,3.4819999999999998,Small,480.0
701128,Construction of New Integrated Passenger Terminal Building at Udaipur Airport,Airport Authority of India [AAI],Rajasthan,July 2026,887.0,78.71,587.22,4.0,21.81000000000006,4,7.460551391182824,Small,887.0
701167,AIIMS Kashmir at Awantipora Jammu & Kashmir,PMSSY AND Institute of NATIONAL Importance,Jammu and Kashmir,July 2026,1828.0,79.0,1602.61,1.0,8.389999999999873,4,20.286202531645568,Medium,2570.19
701168,ALL India Institute of Medical Sciences-AIIMS Madurai,PMSSY AND Institute of NATIONAL Importance,Tamil Nadu,July 2026,1264.0,54.0,540.92,2.0,18.199999999999932,4,10.017037037037037,Medium,2021.51
701170,AIIMS Rajkot,PMSSY AND Institute of NATIONAL Importance,Gujarat,July 2026,1195.0,94.0,805.48,0.15000000000000568,12.450000000000045,4,8.568936170212766,Medium,1195.0
701171,AIIMS Bibinagar,PMSSY AND Institute of NATIONAL Importance,Telangana,July 2026,1028.0,87.58,1028.94,0.2600000000000051,38.960000000000036,4,11.7485727335008,Medium,1365.95
701172,AIIMS Darbhanga,PMSSY AND Institute of NATIONAL Importance,Bihar,July 2026,2006.07,1.12,40.33,1.12,12.52,4,36.00892857142857,Medium,2006.07
701173,AIIMS Majra Rewari Haryana,Ministry of Health and Family Welfare,Haryana,July 2026,1299.0,67.45,747.62,2.6000000000000085,30.200000000000045,4,11.084062268346923,Medium,1646.43
701228,Kochi - Koottanad - Bangalore - Mangalore Pipeline Phase-II,Gas Authority of India Limited [GAIL],Tamil Nadu,July 2026,2915.0,97.4,4881.8,0.4000000000000057,25.5,4,50.121149897330596,Medium,5909.0
701263,Rajasthan Refinery Project,MinistryofPetroleumNaturalGas,Rajasthan,May 2026,43129.0,92.1,69996.68,0.19999999999998863,794.4699999999866,2,760.0073832790445,Large,79459.0
701289,Capacity Expansion of Panipat Refinery from 15 to 25 MMTPA,Indian Oil Corporation Limited [IOCL],Haryana,July 2026,34627.0,94.3,28007.35,0.29999999999999716,489.3199999999997,4,297.00265111346766,Large,36225.0
701324,Barauni Refinery Capacity Expansion from 6.0 to 9.0 MMTPA,Indian Oil Corporation Limited [IOCL],Bihar,July 2026,14810.0,91.8,13089.84,0.20000000000000284,-61900.46000000001,4,142.59084967320263,Large,16724.0
701329,Petrochemical and Lube Integration Project at Gujarat Refinery,Indian Oil Corporation Limited [IOCL],Gujarat,July 2026,18936.0,89.6,13901.13,0.3999999999999915,-61281.54,4,155.14654017857143,Large,17825.0
701330,Mehsana-Bhatinda & Bhatinda-Jammu Natural Gas Pipeline,Indian Oil Corporation Limited [IOCL],Rajasthan,July 2026,7392.0,90.2,6360.86,0.0,-1.4500000000007276,4,70.51951219512195,Large,7392.0
701338,City Gas Distribution Maharashtra Natural Gas Limited,Gas Authority of India Limited [GAIL],Karnataka,July 2026,5535.0,47.0,4481.93,0.0,89.35000000000036,4,95.36021276595746,Large,5535.0
701343,Srikakulam Angul Gas Pipeline Project,Ministry of Petroleum & Natural Gas,"Multi-States (Andhra Pradesh, Odisha)",June 2026,2658.34,98.1,2315.2,0.29999999999999716,0.0,3,23.600407747196737,Medium,2810.0
701344,Dhamra Haldia Pipeline Project,Gas Authority of India Limited [GAIL],West Bengal,July 2026,1030.65,94.4,927.4,0.10000000000000853,3.0,4,9.82415254237288,Medium,1125.0
701346,North East Gas Grid,Indradhanush Gas Grid Limited,Tripura,July 2026,9265.0,88.2,7008.0,0.20000000000000284,108.0,4,79.45578231292517,Large,9265.0
701349,Paradip-Numaligarh Crude Oil Pipeline [PNCPL] & Crude Oil Import Terminal [COIT] at Paradip,Numaligarh Refinery Limited,West Bengal,July 2026,10228.0,93.2,11168.49,0.29999999999999716,132.48999999999978,4,119.83358369098711,Large,12407.0
701354,Mumbai Nagpur Jharsuguda Pipeline Project,Ministry of Petroleum & Natural Gas,"Multi-States (Chhattisgarh, Madhya Pradesh, Maharashtra, Odisha)",April 2026,7844.25,98.9,7070.1,0.0,0.0,1,71.48736097067746,Large,8255.0
701370,Borolia Irrigation Project,"Department of Water Resources, River Development & GR",Assam,July 2026,256.16,55.44,44.7,0.0,0.0,5,0.8062770562770564,Small,256.16
701372,Sardar Sarovar Project,"Narmada and Water Resources, Water Supply and Kalpsar Department-GJ",Gujarat,July 2026,20718.17,93.7,31969.4,0.0,26.25,4,341.18890074706513,Large,33412.5
701376,"Subernarekha Multipurpose Project, Jharkhand",Department of Water Resources-JH,Jharkhand,July 2026,3807.77,70.0,6040.27,0.0,0.0,4,86.28957142857143,Medium,9579.58
701377,Upper Tunga Irrigation Project,Water Resources-KA,Karnataka,July 2026,770.16,99.32,1515.6,0.0,0.0,4,15.259766411598873,Small,1606.07
701383,Waghur Project,Department of water resources-MH - II,Maharashtra,July 2026,1058.99,89.57,1642.5,0.0,8.1400000000001,4,18.337613040080385,Medium,1758.51
701386,Gosikhurd Project,Department of water resources-MH - II,Maharashtra,July 2026,7196.47,72.65,14439.46,0.0,53.72999999999956,4,198.75375086028902,Large,12770.1
701391,Aruna Medium Irrigation Project,Department of water resources-MH - II,Maharashtra,July 2026,210.45,100.0,1734.71,0.0,0.0,4,17.3471,Small,1472.14
701395,Morna [Gureghar] Irrigation Project,"Department of Water Resources, River Development & GR",Uttar Pradesh,June 2026,219.9,31.5,115.2,0.0,0.0,3,3.657142857142857,Small,219.9
701396,Lower Pedhi Project,Department of water resources-MH - II,Maharashtra,July 2026,255.97,65.0,3066.05,0.0,0.0,4,47.17,Small,1480.7
701398,Nardave Medium Irrigation Project,Department of water resources-MH - II,Maharashtra,July 2026,211.46,75.0,879.8,1.0,0.6399999999999864,4,11.730666666666666,Small,781.85
701399,Kudali Irrigation Project,"Department of Water Resources, River Development & GR",Chhattisgarh,July 2026,382.29,86.31,249.06,0.0,0.0,4,2.8856447688564475,Small,382.29
701400,Thoubal Multipurpose Project,Water Resources Department-MN,Manipur,July 2026,1449.44,99.0,1848.17,0.0,0.0,5,18.66838383838384,Medium,1822.24
701402,"Subernarekha Project, Odisha","Department of Water Resources, River Development & GR",Odisha,July 2026,3055.88,95.5,8327.62,0.0,37.970000000001164,4,87.20020942408378,Medium,7023.19
701404,Kanupur Irrigation Project,Irrigation and CAD-TG,Odisha,July 2026,989.43,79.5,2804.16,0.0,0.0,4,35.272452830188676,Small,2301.28
701405,J. Chokka Rao Devadula Lift Irrigation Scheme,Irrigation and CAD-TG,Telangana,July 2026,8200.71,87.7,4841.09,0.0,0.0,4,55.200570125427596,Large,14730.0
701406,Rajiv Bhima Lift Irrigation Scheme,Irrigation and CAD-TG,Telangana,June 2026,1402.0,100.0,1839.76,0.0,0.0,3,18.3976,Medium,2509.66
701408,Madhya Ganga canal Phase-II,Irrigation & Water Resources-UP,Uttar Pradesh,July 2026,1060.67,82.39,4575.74,0.0,0.0,4,55.537565238499816,Medium,4417.21
701410,Relining of Rajasthan feeder and Sirhind Feeder canal,Department of Water Resources-PB,Punjab,July 2026,1441.26,95.0,2364.12,0.0,22.06999999999971,4,24.885473684210524,Medium,2462.16
701411,Shahpur Kandi Dam Project,Department of Water Resources-PB,Punjab,July 2026,2285.81,88.0,2201.94,0.0,0.0,4,25.022045454545456,Medium,2715.7
701412,North Koel Reservoir Project,"Department of Water Resources, River Development & GR","Multi-States (Bihar, Jharkhand)",July 2026,1622.27,47.0,345.94,3.0,172.97,4,7.360425531914894,Medium,2430.76
701415,Polavaram Irrigation Project,Water Resources-AP,Andhra Pradesh,July 2026,10151.04,86.15,27961.55,0.010000000000005116,235.39999999999782,4,324.56819500870574,Large,55548.87
701530,Ken-Betwa Linking Development Project,"Department of Water Resources, River Development,","Multi-States (Madhya Pradesh, Uttar Pradesh)",July 2026,21030.0,0.0,8530.86,0.0,0.0,4,0.0,Large,21030.0
701565,Jal Marg Vikas Project,Inland Waterways Authority of India [IWAI],"Multi-States (Bihar, Jharkhand, Uttar Pradesh, West Bengal)",July 2026,5369.18,85.1,4187.19,1.3799999999999955,69.57999999999993,4,49.20317273795535,Large,5061.15
701570,"Replacement and revamping of pipeline projects in oil jetty area, Kandla",Deendayal Port Trust [DPT],Gujarat,July 2026,171.0,92.0,149.5,0.0,0.0,4,1.625,Small,211.61
701574,Deepening and Optimization of Inner Harbour facilities including development of Western Dock on BOT basis to handle Cape size vessels,Paradip Port Trust [PPT],Odisha,July 2026,3004.63,76.0,2261.12,2.0,17.0,4,29.75157894736842,Medium,3004.63
701593,4G Services by BSNL,Department of Telecommunications [DoT],PAN India,July 2026,28466.0,98.56,9165.04,0.1599999999999966,22.410000000001673,4,92.98944805194806,Large,19592.0
701597,Provision of 4G Mobile Services in Uncovered Villages of Arunachal Pradesh and 2 Districts of Assam,Department of Telecommunications,"Multi-States (Arunachal Pradesh, Assam)",July 2026,1255.49,99.84,237.98,0.2400000000000091,0.0,5,2.383613782051282,Medium,276.62
701598,Provision of 4G based Mobile Services in Uncovered Villages and National Highways of Meghalaya,Department of Telecommunications,Meghalaya,July 2026,971.96,99.84,167.23,0.0,0.0,5,1.6749799679487178,Small,180.46
701599,Mobile connectivity in Left Wing Extremism [LWE] affected areas-Phase2,Department of Telecommunications [DoT],"Multi-States (Andhra Pradesh, Bihar, Chhattisgarh, Jharkhand, Madhya Pradesh, Maharashtra, Odisha, Telangana, Uttar Pradesh, West Bengal)",July 2026,1577.57,89.98,492.2,1.980000000000004,11.289999999999964,4,5.470104467659479,Medium,604.6
701602,"Provision of 4G based mobile services in 7,287 uncovered villages of 44 Aspirational District across 5 states of Andhra Pradesh, Chhattisgarh, Jharkhand, Maharashtra & Odisha",Department of Telecommunications [DoT],"Multi-States (Andhra Pradesh, Chhattisgarh, Jharkhand, Maharashtra, Odisha)",July 2026,3685.0,81.47,1108.02,0.269999999999996,7.6099999999999,4,13.600343684791948,Medium,1448.61
701657,Tumakuru Node - Phase 1 - Roads and Services Development,NICDC,Karnataka,July 2026,1701.81,27.12,337.56,1.4499999999999993,13.439999999999998,4,12.446902654867257,Medium,1701.81
701658,Krishnapatnam Node - Phase 1 - Roads and Services Development,National Industrial Corridor Development Corporation,Andhra Pradesh,July 2026,2139.44,47.77,984.13,2.3400000000000034,2.7799999999999727,4,20.601423487544483,Medium,2139.44
701661,Development of IMC Khurpia Farms under AKIC Project,National Industrial Corridor Development Corporation,Uttarakhand,July 2026,1265.37,3.23,0.0,0.0,0.0,1,0.0,Medium,1265.37
701662,IMC Rajpura - Patiala Development Project,National Industrial Corridor Development Corporation,Punjab,July 2026,1367.72,3.4,0.0,0.0,0.0,1,0.0,Medium,1367.72
701668,Development of Palakkad Node under extension of CBIC to Kochi,National Industrial Corridor Development Corporation,Kerala,July 2026,3805.0,5.3,57.93,0.04999999999999982,57.93,4,10.930188679245283,Medium,3805.0
701719,Rehablitation in Junavadaj Area Smart City Project,ministry of housing and urban affairs,Gujarat,July 2026,539.0,98.5,623.44,0.0,0.0,4,6.329340101522843,Small,539.0
701745,New Suburba Station Development Project,ministry of housing and urban affairs,Maharashtra,July 2026,262.76,48.0,163.21,42.0,145.59,4,3.4002083333333335,Small,262.76
701766,Green Building Development Project,ministry of housing and urban affairs,Uttarakhand,July 2026,150.97,40.3,59.51,0.25,2.75,4,1.4766749379652606,Small,206.0
701991,Kalyan Station Precinct Imporvement Project,ministry of housing and urban affairs,Maharashtra,July 2026,600.0,85.0,530.04,1.0,6.279999999999973,4,6.235764705882352,Small,723.7
702355,Storm water drainag Development Project,ministry of housing and urban affairs,Dadra & Nagar Haveli and Daman & Diu,April 2026,210.0,20.0,0.0,0.0,0.0,1,0.0,Small,210.0
702625,Bhopal Metro Rail Project,Madhya Pradesh Metro Rail Co Limited [MPMRCL],Madhya Pradesh,July 2026,6941.4,62.7,4498.76,0.20000000000000284,136.32999999999993,4,71.7505582137161,Large,6941.4
702626,Indore Metro Rail Project,Madhya Pradesh Metro Rail Co Limited [MPMRCL],Madhya Pradesh,July 2026,7500.8,65.48,5093.95,0.29000000000000625,49.94999999999982,4,77.79398289554061,Large,7500.8
702627,Patna Metro Rail Project,Patna Metro Rail Corporation Ltd. [PMRCL],Bihar,July 2026,13365.77,50.05,5198.09,0.0,0.0,4,103.85794205794207,Large,13365.77
702628,Kanpur Metro Rail Project,Uttar Pradesh metro rail corporation [UPMRC],Uttar Pradesh,July 2026,11076.48,83.0,9463.15,0.5,332.0,4,114.01385542168674,Large,11076.48
702629,Agra Metro Rail Project,Uttar Pradesh metro rail corporation [UPMRC],Uttar Pradesh,July 2026,8379.62,73.0,6368.28,0.5,287.0,4,87.23671232876713,Large,8379.62
702630,Surat Metro Rail Project,Gujarat Metro Rail Corporation Limited [GMRCL],Gujarat,July 2026,12020.32,81.9,9332.21,0.8000000000000114,165.5,4,113.94639804639803,Large,12020.32
702632,DMRTS Phase - IV [3 Priority Corridors],Delhi Metro Rail Corporation Limited [DMRC],Delhi,July 2026,24948.65,83.46,21420.76,1.259999999999991,379.369999999999,4,256.65899832254973,Large,24948.65
702635,Construction of Bangalore Metro Rail Project Phase 2.,Bengaluru Metro Rail,Karnataka,July 2026,26405.14,95.8,29834.97,0.20000000000000284,22.0,4,311.4297494780794,Large,30695.12
702637,Mumbai Metro Line 3,Mumbai Metro Rail Corporation Limited [MMRC],Maharashtra,July 2026,23136.0,99.21,35959.97,1.3499999999999943,2311.709999999999,4,362.4631589557505,Large,37276.0
702639,Ahmedabad Metro Rail Project [Phase-I],Gujarat Metro Rail Corporation Limited [GMRCL],Gujarat,April 2026,10773.0,99.99,12520.65,0.0,0.0,1,125.21902190219022,Large,12924.5
702658,Nagpur Metro Rail Phase II Development Project,Maharashtra Metro Rail Corporation Limited [MMRCL],Maharashtra,July 2026,6708.0,42.11,2161.73,1.25,135.17000000000007,4,51.3353122773688,Large,6708.0
702664,Kochi Metro Rail Phase 2 Development Project,CSPCC Projects,Kerala,July 2026,1957.05,41.2,816.8,3.200000000000003,64.45999999999992,4,19.8252427184466,Medium,1957.05
702665,Construction Bangalore Metro Rail Project Phase-2A & 2B,Bengaluru Metro Rail,Karnataka,July 2026,14788.1,67.5,10878.48,1.5,502.0499999999993,4,161.16266666666667,Large,14788.1
702668,Chennai Metro Rail Phase-II Development Project,Chennai Metro Rail Limited [CMRL],Tamil Nadu,July 2026,63246.0,55.73,34698.0,2.3699999999999974,924.0,4,622.6090077157725,Large,63246.0
702674,"ESR - 8 nos., distribution system - 216 Km, new house service connections - 38760 nos. upgrading of feeder mains, pumping station etc. - Phase II",Ministry of Housing & Urban Affairs,Andhra Pradesh,July 2026,172.22,82.0,88.86,0.0,0.0,4,1.083658536585366,Small,172.22
702699,Muzaffarpur Storm Water Drainage Phase-I Project,Ministry of Housing & Urban Affairs,Bihar,July 2026,158.78,85.0,135.72,0.0,0.0,4,1.5967058823529412,Small,158.78
702734,Sewerage Management Scheme Part-3 Implementation,Ministry of Housing & Urban Affairs,Haryana,July 2026,278.01,88.0,228.49,0.0,0.0,4,2.596477272727273,Small,278.01
702741,Dhanbad Water Supply Infrastructure Project,Ministry of Housing & Urban Affairs,Jharkhand,July 2026,216.55,76.0,129.16,0.0,0.0,4,1.6994736842105262,Small,216.55
702742,SAAP-3 Water Supply Infrastructure SAAP-3 Project,Ministry of Housing & Urban Affairs,Jharkhand,July 2026,159.31,67.0,87.5,0.0,0.0,4,1.3059701492537314,Small,159.31
702746,Augmentation and Strenghthning of Urban Water Supply Phase 1 - SAAP 3,Ministry of Housing & Urban Affairs,Jharkhand,July 2026,278.28,81.0,186.5,0.0,0.0,4,2.302469135802469,Small,278.28
702760,Belgavi Improvement in Sewerage System Project,Ministry of Housing & Urban Affairs,Karnataka,July 2026,162.73,80.0,79.5,0.0,0.0,4,0.99375,Small,162.73
702793,Indore Water Supply Infrastructure Project,Ministry of Housing & Urban Affairs,Madhya Pradesh,July 2026,287.17,99.0,252.5,0.0,0.0,4,2.5505050505050506,Small,287.17
702808,Satna Sewerage Management and Treatment Infrastructure Project,Ministry of Housing & Urban Affairs,Madhya Pradesh,July 2026,191.56,96.0,200.32,0.0,0.0,4,2.0866666666666664,Small,215.89
702810,Singrauli Sewerage Management and Treatment Infrastructure Project,Ministry of Housing & Urban Affairs,Madhya Pradesh,July 2026,402.01,90.0,371.17,0.0,0.0,4,4.1241111111111115,Small,438.1
702833,Kalyan-Dombivali Water Supply Infrastructure Project,Ministry of Housing & Urban Affairs,Maharashtra,July 2026,194.2,75.0,136.56,0.0,0.0,4,1.8208,Small,194.2
702840,Mira-Bhayandar Water Supply Infrastructure Project,Ministry of Housing & Urban Affairs,Maharashtra,April 2026,204.55,99.0,186.13,0.0,0.0,1,1.88010101010101,Small,204.55
702851,Pune Water Supply Infrastructure Project,Ministry of Housing & Urban Affairs,Maharashtra,June 2026,235.95,96.0,220.77,0.0,0.0,3,2.2996875,Small,235.95
702854,Solapur Sewerage Management Infrastructure Project,Ministry of Housing & Urban Affairs,Maharashtra,April 2026,180.24,98.0,172.22,0.0,0.0,1,1.7573469387755103,Small,180.24
702949,Jhansi Water Supply Infrastructure Phase-II Project,Ministry of Housing & Urban Affairs,Uttar Pradesh,July 2026,561.74,95.0,506.52,0.0,0.0,4,5.331789473684211,Small,561.74
702958,Lucknow Sewerage Management Infrastructure Project,Ministry of Housing & Urban Affairs,Uttar Pradesh,July 2026,142.46,95.0,152.65,0.0,0.0,4,1.6068421052631578,Small,173.21
703021,Jalandhar Water Supply Infrastructure Project,Ministry of Housing & Urban Affairs,Punjab,July 2026,258.53,90.0,161.02,0.0,0.0,4,1.7891111111111113,Small,266.64
703057,Patiala Water Supply Infrastructure Part-2 Project,Ministry of Housing & Urban Affairs,Punjab,July 2026,287.0,99.0,213.64,0.0,0.0,4,2.157979797979798,Small,287.0
703585,Yeshvanthpur - Channasandra Doubling Project [21.70 Km],Karnataka Rail Infrastructure Development Company Limited [K-RIDE],Karnataka,June 2026,314.1,56.8,173.5,0.0,0.0,3,3.0545774647887325,Small,683.57
703586,Baiyyappanahalli-Hosur 48 km,M.D/KRIDE SWR mor,"Multi-States (Karnataka, Tamil Nadu)",July 2026,498.7,85.0,700.64,-3.299999999999997,-13.210000000000036,4,8.242823529411764,Small,1160.0
704495,"502 Aspirational District Scheme in Four states - Bihar, Madhya Pradesh, Rajastha and Uttar Pradesh",Department of Telecommunications [DoT],"Multi-States (Bihar, Madhya Pradesh, Rajasthan, Uttar Pradesh)",July 2026,421.65,99.59,152.96,0.5900000000000034,0.0,4,1.5358971784315694,Small,228.94
705237,Western Dedicated Freight Corridor,DFCCIL,"Multi-States (Gujarat, Haryana, Maharashtra, Rajasthan, Uttar Pradesh)",July 2026,51101.0,96.0,124623.0,0.0,0.0,4,1298.15625,Large,124005.0
705244,Coach Production Factory Upgradation Project,CPM/ICF,Tamil Nadu,July 2026,520.0,0.0,192.25,0.0,0.0,4,0.0,Small,520.0
705252,Kazipet Wagon Overhauling Project,RVNL,Telangana,June 2026,385.0,0.0,0.0,0.0,0.0,3,0.0,Small,385.0
705253,Kurnool Coach Midlife Rehabilitation Project,South Central Railway [SCR] - II,Andhra Pradesh,July 2026,563.0,75.01,959.27,0.0,0.0,4,12.788561525129982,Small,560.72
705298,North Region Video Surveillance Project,RCIL,PAN India,July 2026,274.39,48.0,0.0,0.0,0.0,4,0.0,Small,274.39
705356,Ahmednagar - Beed - Parli - Vaijnath New Broad Gauge Line Railway Project [261.3 km],CAOC/CR CR mor,Maharashtra,July 2026,2538.67,93.0,5054.69,0.0,-178.51000000000022,4,54.35150537634408,Medium,5942.48
705357,Baramati - Lonand 54 km,CAOC/CR CR mor,Maharashtra,July 2026,138.48,60.0,1132.25,0.0,92.52999999999997,4,18.870833333333334,Small,1790.5
705358,Khurda Road-Bolangir 301 km,CAO/C/ECOR ECoR mor,Odisha,July 2026,3792.0,93.0,4825.28,0.5,-964.25,4,51.8847311827957,Medium,6221.98
705359,Talcher-Bimlagarh 154 km,CAO/C/ECOR ECoR mor,Odisha,July 2026,1928.0,56.0,2164.01,-1.0,36.710000000000036,4,38.643035714285716,Medium,4546.84
705362,"Jaynagar-Bijalpura, incl. extn. Bet, Bijalpura-Bardibas [Nepal]",East Central Railway [ECR] - I,Offshore,June 2026,819.0,75.0,580.51,0.0,0.0,3,7.7401333333333335,Small,819.0
705364,Khagaria-Kusheshwar Asthan [42Km] new line project,East Central Railway [ECR] - I,Bihar,June 2026,614.0,55.7,491.56,0.0,0.0,3,8.825134649910233,Small,1384.16
705366,Hajipur-Sagauli via Vaishali 148.3 km,CAO/Con/North/MHX ECR mor,Bihar,July 2026,2067.0,74.0,2843.39,-1.5999999999999943,660.9299999999998,4,38.424189189189185,Medium,3991.33
705368,Araria-Supaul 92 km,CAO/Con/North/MHX ECR mor,Bihar,July 2026,1605.0,40.0,2140.8,-6.899999999999999,414.85000000000014,4,53.52,Medium,2621.05
705373,Fatuah-Islampur incl. material modification for extension of new line from Neora to Daniawan Daniawan to Biharsharif Biharsharif to Barbigha Barbigha to Sheikhpura,CAO/Con/South/MHX ECR mor,Bihar,July 2026,1473.0,95.0,3041.78,-3.200000000000003,329.59000000000015,4,32.01873684210526,Medium,3259.35
705375,Koderma-Tilaiya 68 km,CAO/Con/South/MHX ECR mor,"Multi-States (Bihar, Jharkhand)",July 2026,1626.0,90.0,2269.03,-5.599999999999994,47.26999999999998,4,25.211444444444446,Medium,2433.13
705385,Pirpainti - Jasidih 97 km,CAOC/ER ER mor,"Multi-States (Bihar, Jharkhand)",July 2026,2555.0,40.0,1775.66,-21.9,658.49,4,44.3915,Medium,2700.43
705391,Jiribam-Imphal 110 km,CAO/C-III/NFR NFR mor,Manipur,July 2026,14323.0,78.0,16931.5,4.950000000000003,604.4300000000003,4,217.07051282051282,Large,21886.0
705392,Dimapur-Kohima 88 km,CAO/C-1/NFR NFR mor,"Multi-States (Assam, Nagaland)",July 2026,6663.0,45.0,6719.53,-1.5,-29.36999999999989,4,149.32288888888888,Large,15310.23
705394,Teteliya-Byrnihat 21.5 km,CAO/C-II/NFR NFR mor,"Multi-States (Assam, Meghalaya)",July 2026,1304.62,87.0,1272.35,0.8400000000000034,13.549999999999955,4,14.62471264367816,Medium,1432.14
705396,Byrnihat-Shillong New Rail Line- 108 km,Northeast Frontier Railway [NFR],Meghalaya,June 2026,8324.28,2.04,266.12,0.0,0.0,3,130.45098039215685,Large,8342.28
705401,Murkongselek-Pasighat 26.15 km,CAO/C-II/NFR NFR mor,"Multi-States (Arunachal Pradesh, Assam)",July 2026,435.0,67.0,1057.21,-5.0,169.34000000000003,4,15.779253731343283,Small,1334.45
705410,Nangal Dam-Talwara 83.74 km - New broad gauge line & taking over siding Mukerian- Talwara 29.16 km,CAOC/NR NR mor,"Multi-States (Himachal Pradesh, Punjab)",July 2026,2018.0,84.0,2934.27,-1.5,536.19,4,34.931785714285716,Medium,4076.15
705419,Gwalior-Sheorpurkalan with extension to Kota 284 km,CAO/C/NCR NCR mor,Madhya Pradesh,July 2026,2913.0,91.0,3068.75,-4.0,798.52,4,33.722527472527474,Medium,3947.0
705424,Chandigarh-Baddi 33.23 km,CAOC/NR NR mor,"Multi-States (Haryana, Himachal Pradesh)",July 2026,1540.0,47.0,1101.73,3.0,495.65999999999997,4,23.441063829787236,Medium,1942.17
705428,Bhanupalli-Bilaspur-Beri New Railway Line Project,RVNL - II,"Multi-States (Himachal Pradesh, Punjab)",June 2026,13447.0,64.0,7781.89,0.0,93.13000000000011,3,121.59203125,Large,13447.0
705429,Rishikesh-Karnaprayag New Rail Line- 125 km,RVNL - II,Uttarakhand,June 2026,38953.0,77.5,28828.18,3.0,319.3199999999997,3,371.97651612903223,Large,38953.0
705432,Sivok-Rangpo New Rail Line,Indian Railway Construction International Limited [IRCON],"Multi-States (Sikkim, West Bengal)",July 2026,7877.0,80.0,11090.47,0.0,0.0,4,138.630875,Large,11775.05
705433,Dallirajhra- Rowghat New Railway Line - Phase I [95 km],Rail Vikas Nigam Limited,Chhattisgarh,July 2026,1628.0,82.0,1440.85,0.0,0.0,4,17.571341463414633,Medium,1628.0
705434,New Railway Line between Ginigera and Raichur [165.57 km],South Western Railway [SWR] - II,Karnataka,June 2026,2565.0,71.0,2412.11,0.5,38.51000000000022,3,33.97338028169014,Medium,3034.98
705436,Kotapalli - Narasapur New Line,South Central Railway [SCR] - II,Andhra Pradesh,June 2026,2501.0,30.02,1417.7,0.0,0.0,3,47.225183211192544,Medium,2501.0
705437,Manoharabad-Kothapalli New Rail Line [151 km],South Central Railway [SCR] - II,Telangana,June 2026,1160.0,72.02,3073.41,0.0,0.0,3,42.6743960011108,Medium,2781.0
705444,Gevra Road-Pendra Road New Railway Line [135 km],Indian Railway Construction International Limited [IRCON],Chhattisgarh,July 2026,4970.0,83.36,5327.55,0.0,0.0,4,63.91014875239924,Medium,7448.52
705450,Jogbani-Biratnagar New Rail Line project,Indian Railway Construction International Limited [IRCON],Bihar,July 2026,402.0,86.5,369.48,0.0,0.0,4,4.271445086705203,Small,486.0
705453,"Dahod-Indore via Sardarpur, Jhabua & Dhar 200.97 km incl. material modification for change in alignment via Amjhera 4.82 km",CAOCWR WR mor,"Multi-States (Gujarat, Madhya Pradesh)",July 2026,456.07,57.0,4509.3,2.0,342.90000000000055,4,79.11052631578947,Small,9217.23
705454,Chhota Udepur-Dhar 157 km,CAOCWR WR mor,"Multi-States (Gujarat, Madhya Pradesh)",July 2026,1794.0,58.0,1855.01,-22.5,26.09999999999991,4,31.982931034482757,Medium,1993.65
705457,Ratlam-Mhow-Khandwa-Akola 472.64 km including material modification for Fatehabad-Chandrawati Ganj-Ujjain 22.96 km and Rau-DADN doubling 9.40 km,CAOCWR WR mor,"Multi-States (Madhya Pradesh, Maharashtra)",July 2026,1656.25,75.0,5045.54,-8.0,438.8299999999999,4,67.27386666666666,Medium,13314.47
705458,Miyagam-Karjan-Dabhoi-Samlaya 96.46 km- Gauge conversion with electrification,CAOCWR WR mor,Gujarat,July 2026,483.88,34.0,816.25,-11.0,92.73000000000002,4,24.00735294117647,Small,1015.07
705464,Bangalore-Satyamanglam New Line Project [260 Km] - Part Hejjala - Chamarajanagar [142 Km],South Western Railway [SWR] - II,Karnataka,June 2026,1382.78,0.0,0.0,0.0,0.0,3,0.0,Medium,1382.78
705479,Wadsa-Gadchiroli 49.5 km,CAOC/SECR SECR mor,Maharashtra,July 2026,1886.0,69.0,1015.46,1.0,169.24,4,14.716811594202898,Medium,1880.61
705480,"Lalitpur-Satna, Rewa-Singrauli & Mahoba-Khajuraho 541 km",CE/C-4/WCR WCR mor,"Multi-States (Madhya Pradesh, Uttar Pradesh)",July 2026,8914.0,73.0,6622.82,-1.0,-266.7300000000005,4,90.72356164383561,Large,8913.94
705481,Ramganj Mandi-Bhopal 262 km,CPM/Kota WCR mor,"Multi-States (Madhya Pradesh, Rajasthan)",July 2026,3032.0,86.0,4498.51,4.0,327.6999999999998,3,52.308255813953494,Medium,5074.76
705482,Dholpur - Sirmuttra Gauge Conversion,North Central Railway,Rajasthan,June 2026,747.0,49.7,509.8,0.0,0.0,3,10.257545271629779,Small,747.0
705489,Madurai-Tuticorin via Aruppukkottai 143.5 km,CAOC/SR SR mor,Tamil Nadu,July 2026,601.43,14.0,351.21,0.0,0.0,3,25.08642857142857,Small,2053.39
705490,Gadag - Wadi 252 km,CAOC/SWR SWR mor,Karnataka,July 2026,2842.0,35.0,2252.04,-1.5,647.1499999999999,4,64.344,Medium,3668.17
705491,Marikuppam-Kuppam 23.7 km,CAOC/SWR SWR mor,"Multi-States (Andhra Pradesh, Karnataka)",July 2026,297.0,20.0,145.72,-1.5,-2.2700000000000102,4,7.286,Small,502.13
705492,Kadur-Chickmagalur-Sakleshpur 93 km,CAOC/SWR SWR mor,Karnataka,July 2026,825.0,83.0,790.72,-1.7999999999999972,1.1399999999999864,4,9.526746987951807,Small,1043.15
705493,Hubli-Ankola 167 km,CAOC/SWR SWR mor,Karnataka,July 2026,5174.0,10.0,186.31,5.3,5.8300000000000125,4,18.631,Large,533.32
705494,Rayadurg-Tumkur via Kalyandurg 213 km,CAOC/SWR SWR mor,"Multi-States (Andhra Pradesh, Karnataka)",July 2026,2496.0,65.0,1906.63,-8.0,-36.59999999999991,4,29.332769230769234,Medium,4612.0
705495,Bagalkot-Kudachi 142 km,CAOC/SWR SWR mor,Karnataka,July 2026,1378.0,35.0,797.37,-1.5,-11.870000000000005,4,22.782,Medium,1710.44
705496,Tumkur-Chitradurg-Davangere 199.7 km,CAOC/SWR SWR mor,Karnataka,July 2026,1876.0,22.0,676.71,6.0,74.35000000000002,4,30.759545454545457,Medium,1801.01
705497,Wardha - Yavatmal Nanded Railway Line Project,Central Railways,Maharashtra,July 2026,3445.34,47.0,4053.03,0.0,0.0,4,86.23468085106383,Medium,4030.69
705498,Kalyan-Kasara - 3rd line 67.62 km,CAOC/CR CR mor,Maharashtra,July 2026,792.89,73.0,1159.82,0.0,71.43999999999983,4,15.88794520547945,Small,1395.5
705500,Wardha Sevagram-Nagpur - 3rd line 76.3 km,CAOC/CR CR mor,Maharashtra,July 2026,540.02,88.0,836.27,0.0,-6.509999999999991,4,9.50306818181818,Small,899.52
705502,Wardha-Balharshah - 3rd line 132 km,CAOC/CR CR mor,Maharashtra,July 2026,1384.72,86.0,1894.7,0.0,52.99000000000001,4,22.03139534883721,Medium,2603.11
705504,Daund - Manmad 247.50 km,CAOC/CR CR mor,Maharashtra,July 2026,2081.27,95.0,3191.56,3.0,79.75999999999976,4,33.59536842105263,Medium,3554.74
705505,Wardha-Nagpur - 4th line 78.70 km,CAOC/CR CR mor,Maharashtra,July 2026,637.95,88.0,1090.49,0.0,29.25999999999999,4,12.391931818181819,Small,1194.59
705506,3rd Line Manmad - Jalgaon [160 Kilometres],Central Railway [CR] - II,Maharashtra,July 2026,1035.16,100.0,1843.54,0.0,0.0,4,18.4354,Medium,1870.0
705507,Itarsi-Nagpur bal. 280 km,CAOC/CR CR mor,"Multi-States (Madhya Pradesh, Maharashtra)",July 2026,2449.91,55.0,2290.12,0.0,94.34999999999991,4,41.63854545454545,Medium,2509.24
705510,Bhadrak-Nergundi - 3rd line 80 km,CAO/C/ECOR ECoR mor,Odisha,July 2026,1284.0,87.0,1395.78,-8.799999999999997,16.180000000000064,4,16.04344827586207,Medium,1600.0
705511,Jagdalpur-Koraput 110.22 km,CAO/C/ECOR ECoR mor,"Multi-States (Chhattisgarh, Odisha)",July 2026,1547.0,90.0,1382.17,-2.549999999999997,-21.730000000000018,4,15.357444444444445,Medium,1547.38
705512,Kottavalasa-Koraput 189.278 km,CAO/C/ECOR ECoR mor,"Multi-States (Andhra Pradesh, Odisha)",July 2026,2500.0,74.0,2300.04,1.0,82.17000000000007,4,31.081621621621622,Medium,3580.41
705513,Koraput-Singapur Road 164.56 km,CAO/C/ECOR ECoR mor,Odisha,July 2026,2362.0,56.0,2093.47,-11.670000000000002,85.63999999999987,4,37.38339285714285,Medium,2462.17
705514,Jarapaada-Budhapank with flyover at Talcher Road - 3rd & 4th line 47 44 km,CAO/C/ECOR ECoR mor,Odisha,July 2026,1000.0,25.0,758.57,-34.0,279.74000000000007,4,30.3428,Medium,928.54
705515,Budhapank-Salegaon via Rajatgarh - 3rd & 4th line 85 85 km,CAO/C/ECOR ECoR mor,Odisha,July 2026,1173.0,86.0,2213.72,-4.0,75.62999999999965,4,25.74093023255814,Medium,3034.8
705526,Samastipur-Darbhanga 38 km,CAO/Con/North/MHX ECR mor,Bihar,July 2026,519.0,92.0,746.81,-8.0,334.22999999999996,4,8.1175,Small,973.56
705527,Sagauli - Valmikinagar 109.7 km,CAO/Con/North/MHX ECR mor,Bihar,July 2026,1216.0,91.0,1460.42,-2.0,-642.0900000000001,4,16.048571428571428,Medium,1558.77
705528,Muzaffarpur - Sagauli 100.6 km,CAO/Con/North/MHX ECR mor,Bihar,July 2026,1586.0,99.0,1554.88,0.0,45.210000000000036,4,15.705858585858588,Medium,1744.84
705562,Chhapra-Ballia - Patch doubling 65 km,CAOC/NER NER mor,"Multi-States (Bihar, Uttar Pradesh)",July 2026,963.0,95.0,1000.05,-1.0,81.87,4,10.526842105263157,Small,1010.84
705567,Burhwal - Gonda - 3rd line 61.72 km,CAOC/NER NER mor,Uttar Pradesh,July 2026,1016.0,100.0,777.21,11.5,-281.55999999999995,4,7.7721,Medium,1307.62
705572,New Bongaigaon - Goalpara - Guwahati Kamakhya 176 km,CAO/C-III/NFR NFR mor,Assam,July 2026,4060.0,91.0,3821.96,-4.159999999999997,-9.099999999999909,4,41.99956043956044,Medium,4983.94
705583,Anand Vihar-Tilak Bridge - 3rd & 4th line 9.77 km,CAOC/NR NR mor,Delhi,July 2026,667.0,23.0,393.68,0.0,59.95999999999998,4,17.116521739130434,Small,701.88
705588,Janghai - Pratapgarh - Amethi 87 km,CAO/C-II/NR NR mor,Uttar Pradesh,July 2026,722.0,80.0,1216.52,10.0,-512.75,4,15.2065,Small,1528.83
705598,Jhansi-Bina - 3rd line 152.57 km,CAO/C/NCR NCR mor,"Multi-States (Madhya Pradesh, Uttar Pradesh)",July 2026,2002.0,98.0,1943.61,0.0,-16.700000000000045,4,19.832755102040814,Medium,2001.63
705608,Jhansi-Khairar-Manikpur & Khirar-Bhimsen,North Central Railway,"Multi-States (Madhya Pradesh, Uttar Pradesh)",July 2026,4330.0,73.0,3102.72,0.0,0.0,4,42.503013698630134,Medium,4330.0
705610,"Renigunta 9.60 km, Wadi 7.60 km & Gooty 3.8 km - Bypass",CAO/C/SCoR SCoR mor,"Multi-States (Andhra Pradesh, Tamil Nadu)",July 2026,302.0,50.0,421.36,-39.040000000000006,-215.38,4,8.427200000000001,Small,850.74
705612,Kazipet-Vijayawada 3rd line with electrification [220 km],South Central Railway [SCR] - II,"Multi-States (Andhra Pradesh, Telangana)",June 2026,1953.0,95.02,5192.51,0.0,0.0,3,54.64649547463692,Medium,3363.0
705613,Third Line [new] between Kazipet - Balharshah with electrification [201.04 Km],South Central Railway [SCR] - II,"Multi-States (Maharashtra, Telangana)",June 2026,2595.0,94.8,4154.83,0.0,0.0,3,43.82732067510548,Medium,3071.0
705616,Jharsuguda - Bilaspur - 4th line 206 km,CAOC/SECR SECR mor,"Multi-States (Chhattisgarh, Odisha)",July 2026,2140.0,88.0,2540.98,-9.0,238.28999999999996,4,28.874772727272727,Medium,2978.55
705617,Rajnandgaon-Nagpur - 3rd line 228 km,CAOC/SECR SECR mor,"Multi-States (Chhattisgarh, Maharashtra)",July 2026,3545.0,95.0,3143.54,-1.0,-535.4299999999998,4,33.089894736842105,Medium,3544.92
705628,Bondamunda - Ranchi 158.50 km,CAO/C/SER SER mor,"Multi-States (Jharkhand, Odisha)",July 2026,3029.0,95.0,2696.32,1.0,47.100000000000364,4,28.382315789473687,Medium,3029.04
705629,Narayangarh - Bhadrak - 3rd line 155 km,CAO/C/SER SER mor,"Multi-States (Odisha, West Bengal)",July 2026,2400.0,84.0,2886.02,2.0,172.82999999999993,4,34.35738095238095,Medium,3425.32
705632,Vijayawada19.50 km & Kazipet10.65 km -Byepass line,CAO/C/SCoR SCoR mor,"Multi-States (Andhra Pradesh, Telangana)",July 2026,647.0,90.0,705.66,-3.5999999999999943,-543.7300000000001,4,7.8406666666666665,Small,827.46
705633,Guntur-Guntakal Doubling Project,South Central Railway [SCR] - II,Andhra Pradesh,June 2026,3733.0,94.05,5552.65,0.0,0.0,3,59.03934077618288,Medium,4295.0
705635,Trivandrum- Kanyakumari,CAO/CN/ERS SR mor,"Multi-States (Kerala, Tamil Nadu)",July 2026,1432.0,59.0,3258.97,1.0,45.32999999999993,4,55.236779661016946,Medium,3785.45
705638,Kumbalam-Turavur - Patch doubling 15.59 km,CAO/CN/ERS SR mor,Kerala,July 2026,813.0,30.0,395.03,-5.0,243.19999999999996,4,13.167666666666666,Small,1171.46
705639,Ernakulam-Kumbalam - Patch doubling 7.71 km,CAO/CN/ERS SR mor,Kerala,July 2026,601.0,25.0,312.63,-3.0,-1.3400000000000318,4,12.5052,Small,827.5
705648,Vijaywada-Gudur 3rd Line,RVNL - II,Andhra Pradesh,June 2026,6654.0,96.0,6213.64,0.0,31.99000000000069,3,64.72541666666667,Large,6654.0
705650,Hospet - Tinaighat - Vasco Rail Doubling Project,RVNL - II,"Multi-States (Goa, Karnataka)",June 2026,5060.0,86.14,5511.03,-0.060000000000002274,178.5099999999993,3,63.97759461342001,Large,5060.0
705659,Satna - Rewa 50 km,CE/C-4/WCR WCR mor,Madhya Pradesh,July 2026,500.0,88.0,618.19,0.0,44.3900000000001,4,7.024886363636364,Small,646.1
705660,Doubling of Katni - Singrauli Railway Line [261 km],Indian Railway Construction International Limited [IRCON],Madhya Pradesh,June 2026,2445.0,81.25,3368.46,0.04999999999999716,7.570000000000164,3,41.45796923076923,Medium,4377.0
705661,Katni - Grade separator / bypass 21.50 km,GM IRCON KATNI WCR mor,Madhya Pradesh,July 2026,1248.0,84.0,1839.46,-11.0,-10.920000000000073,4,21.898333333333333,Medium,2300.0
705663,Bangalore-Whitefield-Bangalore City-Krishnarajapuram 23.08 km - Quadrupling,CPM/GS/SBC SWR mor,Karnataka,July 2026,493.0,70.0,459.94,-15.900000000000006,122.57,4,6.570571428571428,Small,717.54
705667,Mathura-Jhansi - 3rd line 273.80 km,CMD / RVNL RVNL mor,"Multi-States (Madhya Pradesh, Rajasthan, Uttar Pradesh)",July 2026,5961.0,94.0,5725.22,-2.7099999999999937,530.04,4,60.90659574468086,Large,5960.76
705668,Kharagpur-Adityapur - 3rd line 132 km,CMD / RVNL RVNL mor,"Multi-States (Jharkhand, West Bengal)",July 2026,3250.0,98.0,3297.43,0.0,3.1399999999998727,4,33.64724489795918,Medium,3450.0
705728,Mumbai-Ahmedabad High Speed Rail Project- 508 km,National High Speed Rail Corporation [NHSRC],"Multi-States (Dadra & Nagar Haveli and Daman & Diu, Gujarat, Maharashtra)",July 2026,108000.0,62.16,90966.89,1.2899999999999991,0.0,4,1463.4313063063064,Large,108000.0
705730,Joka-BBD Bag new metro project,RVNL - II,West Bengal,June 2026,4835.0,51.0,5098.73,0.0,100.23999999999978,3,99.97509803921568,Medium,10362.0
705735,Solapur-Osmanabad - New line via Tuljapur 84.44 km umbrella work PB23/2018- 19/NR,CAOC/CR CR mor,Maharashtra,July 2026,904.92,22.0,1202.73,0.0,-74.90000000000009,4,54.66954545454546,Small,1647.87
705741,Jeypore - Navarangpur 38 km,CAO/C/ECOR ECoR mor,Odisha,July 2026,748.0,1.0,15.93,-1.13,0.019999999999999574,4,15.93,Small,747.91
705742,Jeypore - Malkangiri 130 km,CAO/C/ECOR ECoR mor,Odisha,July 2026,2344.0,6.0,736.58,-1.5,186.86,3,122.76333333333334,Medium,2343.64
705747,Parasnath-Madhuban-Giridih new line,East Central Railway [ECR] - I,Jharkhand,June 2026,902.86,0.1,0.0,0.0,0.0,3,0.0,Small,902.86
705752,Gudha-Thathana Mithri - Construction of dedicated test track for testing and trial of rolling stocks and infrastructure components umbrella work PB23/2018-19/NR,CAOC/NWR NWR mor,Rajasthan,July 2026,819.48,95.0,326.2,0.0,-79.19,4,3.4336842105263155,Small,540.0
705761,Shimoga-Shikaripura-Ranebennur 103 km umbrella work PB23/2018-19/NR,CAOC/SWR SWR mor,Karnataka,July 2026,1454.0,14.0,106.18,0.09999999999999964,3.5400000000000063,4,7.5842857142857145,Medium,455.86
705762,Construction of New BG line between Hassan [Alur] to Belur [ Km 27.34],CAOC/SWR SWR mor,Karnataka,June 2026,748.86,0.0,3.64,-0.3,2.49,3,0.0,Small,748.86
705763,Indore - Budni New Railway Line [198 kms],RVNL - II,Madhya Pradesh,June 2026,7474.0,41.0,2879.62,4.0,262.1099999999997,3,70.23463414634146,Large,7474.0
705764,Nimach-Badi Sadri NL Project 48 km,CAOC/NWR NWR mor,"Multi-States (Madhya Pradesh, Rajasthan)",July 2026,495.0,60.0,577.16,0.0,282.59,4,9.619333333333334,Small,895.67
705765,Gomoh - Flyover for down trains 20 km,CAO/Con/South/MHX ECR mor,Jharkhand,July 2026,686.0,65.0,531.63,-1.7000000000000028,-103.08000000000004,4,8.178923076923077,Small,686.03
705766,Lalitpur - Birari with flyover at Lalitpur 15.80 km,CAO/C/NCR NCR mor,Uttar Pradesh,July 2026,304.44,85.0,287.11,-1.0,3.4399999999999977,4,3.377764705882353,Small,356.1
705771,Allahabad-Bamhrauli Flyover Construction & 4th Railway Line Project,North Central Railway,Uttar Pradesh,June 2026,494.0,80.0,410.3,0.0,0.0,3,5.12875,Small,494.0
705772,Mughalsarai - Allahabad - 3rd line 150 km,CAO/C/NCR NCR mor,Uttar Pradesh,July 2026,2649.0,77.0,2027.64,3.0,2.990000000000009,4,26.332987012987015,Medium,2649.44
705774,Aligarh-Daud Khan - 3rd line 6.9 km & construction of flyover at Daud Khan,CAO/C/NCR NCR mor,Uttar Pradesh,July 2026,758.0,87.0,395.24,4.0,-115.88,4,4.542988505747126,Small,779.49
705777,Bhandai - Flyover for Etawah bound down trains 10 km,CAO/C/NCR NCR mor,Uttar Pradesh,July 2026,250.18,11.0,146.85,2.0,-16.420000000000016,4,13.35,Small,250.18
705780,Bhatni - Aunrihar with electrification 125 km excl Indara - Mau 116.95 km,CMD / RVNL RVNL mor,Uttar Pradesh,July 2026,2529.0,94.0,2295.3,-2.700000000000003,123.58000000000038,4,24.418085106382982,Medium,2529.46
705782,Barabanki-Malhaur - 3rd & 4th Line 32.84 km,CAO/C-II/NR NR mor,Uttar Pradesh,July 2026,407.0,77.0,444.11,-1.0,26.889999999999986,4,5.767662337662338,Small,480.13
705783,Ludhiana-Kila Raipur 19 km with freight line at Gill station,CAOC/NR NR mor,Punjab,July 2026,237.64,70.0,108.49,13.0,-28.560000000000016,4,1.5498571428571428,Small,260.33
705785,Lodhma-Piska - Link line bypassing Hatia / Ranchi with Y connection 17.2 km,CAO/C/SER SER mor,Jharkhand,July 2026,473.0,14.0,344.5,4.0,-4.810000000000002,4,24.607142857142858,Small,472.5
705793,Raising of speed to 160 kmph/200 kmph on existing New Delhi-Mumbai route incl. Vadodara-Ahmedabad,PCE/WR,"Multi-States (Delhi, Gujarat, Madhya Pradesh, Maharashtra, Rajasthan)",July 2026,6806.44,66.32,9480.86,0.0,0.0,4,142.9562726176116,Large,8095.12
705794,New Delhi- Howrah Speed Booster[160Kmph] Project,PCE/NCR,"Multi-States (Bihar, Delhi, Jharkhand, Uttar Pradesh, West Bengal)",June 2026,6684.81,0.0,127.03,0.0,0.0,3,0.0,Large,6684.81
705799,Nagpur- Nagbhir Railway Line Gauge Conversion Project,MRIDC,Maharashtra,June 2026,1400.0,80.0,1472.0,0.0,0.0,3,18.4,Medium,1400.0
705912,Sawai Madhopur-Jaipur Railway Line Project,North Western Railway [NWR],Rajasthan,June 2026,1203.89,19.0,240.33,0.0,31.660000000000025,3,12.648947368421053,Medium,1203.89
705918,Allahabad division - Aligarh - Harduaganj Flyover,North Central Railway,Uttar Pradesh,June 2026,1457.0,36.0,400.19,0.0,0.0,3,11.116388888888888,Medium,1457.0
705919,Agra Fort-Bandikui Doubling Line Project,CAO/C/NCR,Rajasthan,July 2026,1390.0,56.0,529.92,0.0,0.0,4,9.462857142857143,Medium,1390.0
705933,Nimach-Ratlam 133 km,CAOCWR WR mor,Madhya Pradesh,July 2026,1095.88,100.0,1488.18,0.0,203.26999999999998,4,14.8818,Medium,1770.58
705941,Bangalore Suburban Railway Project,Karnataka Rail Infrastructure Development Company Limited [K-RIDE],Karnataka,July 2026,15767.0,20.02,3277.99,0.0,0.0,4,163.73576423576424,Large,15767.0
706718,C/o NITB Imphal Airport,Airport Authority of India [AAI],Manipur,July 2026,499.0,53.14,212.17,0.5,5.339999999999975,4,3.992660895747083,Small,499.0
706724,Guwahati Airport New Integrated Terminal Building Construction Project,Adani Airport Holdings Limited,Assam,July 2026,1712.0,99.5,2670.23,0.20000000000000284,10.079999999999927,4,26.836482412060302,Medium,2520.0
706757,Modasa-Shamlaji Road Railway Line Project,Western Railway WR - II,Gujarat,June 2026,262.0,64.0,387.82,0.0,0.0,3,6.0596875,Small,262.0
706759,Rampur Dumra-Tal-Rajendrapul - Addl bridge and doubling 14 km,CGM/CIVIL ECR mor,Bihar,July 2026,2373.64,95.0,2028.18,-3.5,446.22,4,21.349263157894736,Medium,2535.13
706763,Rajkot-Kanalus 111.20 km,CAOCWR WR mor,Gujarat,July 2026,1080.58,90.0,1107.75,8.0,137.97000000000003,4,12.308333333333334,Medium,1205.18
706775,BharatNet,Department of Telecommunications [DoT],PAN India,July 2026,61109.0,99.98,48809.69,0.0,0.0,5,488.1945389077816,Large,12709.0
706776,Noapara-Barasat via Bimanbandar - Construction of Metro railway [18 km],"Metro Railway, Kolkata",West Bengal,June 2026,4830.0,32.2,3350.62,0.0,0.0,3,104.05652173913042,Medium,4830.0
706777,Baranagar-Barrackpore and Dakshineshwar- Construction of Metro Railway,RVNL - II,West Bengal,June 2026,2298.0,17.0,429.56,0.0,0.0,3,25.26823529411765,Medium,2734.0
706779,Mumbai Urban Transport Project [MUTP] - PHASE II,Mumbai Rail Vikas Corporation Ltd.[MRVC],Maharashtra,June 2026,8087.0,90.0,7559.14,0.0,37.05000000000018,3,83.99044444444445,Large,8087.0
706780,Mumbai Urban Transport Project [MUTP] Phase-IIIA,Mumbai Rail Vikas Corporation Ltd.[MRVC],Maharashtra,June 2026,33690.0,25.0,3854.46,0.0,112.51000000000022,3,154.1784,Large,33690.0
706781,Mumbai Urban Transport Project Phase-III,Mumbai Rail Vikas Corporation Ltd.[MRVC],Maharashtra,June 2026,10947.0,75.0,6880.48,0.0,148.27999999999975,3,91.73973333333333,Large,10947.0
706811,NMDC Slurry Pipeline Project Phase-1,National Mineral Development Corporation Limited [NMDC],Chhattisgarh,July 2026,2907.0,95.8,3649.08,0.5999999999999943,9.579999999999927,4,38.09060542797495,Medium,5427.0
706835,Belgaum-Dharwad via Kittur [73.10Km],South Western Railway [SWR] - II,Karnataka,June 2026,1591.0,0.0,0.38,0.0,0.0,3,0.0,Medium,1591.0
706836,Dedicatedtest track for RDSO Phase-2 34 km Umbrella work PB22/2019-20/NR,CAOC/NWR NWR mor,Rajasthan,July 2026,466.42,98.0,586.33,0.0,48.110000000000014,4,5.9829591836734695,Small,619.19
706837,Pradhan Kuntha Jn Line Doubling Project,East Central Railway [ECR] - I,Jharkhand,July 2026,349.22,72.0,145.57,0.0,0.0,4,2.0218055555555554,Small,349.22
706854,Boridand-Ambikapur 118.81 km Umbrella work PB57/2019-20/NR,CAOC/SECR SECR mor,Chhattisgarh,July 2026,1376.0,38.0,499.37,8.0,186.64999999999998,4,13.141315789473685,Medium,1576.72
706860,Barauni-Bachwara 16 km - 3rd & 4th line incl Barauni yard remodelling 32 km Umbrella work PB57/2019-20/NR,CAO/Con/North/MHX ECR mor,Bihar,July 2026,645.0,38.0,228.43,-18.9,174.3,4,6.011315789473684,Small,485.58
706865,Chandorgaon-Cansaulim rail flyover 16 km Umbrella work PB57/2019-20/NR,CAOC/SWR SWR mor,Goa,July 2026,1892.0,0.0,0.0,0.0,0.0,4,0.0,Medium,1892.0
706866,Sawaimadhopur - Bypass line 6.98 km Umbrella work PB57/2019-20/NR,CAOC/NWR NWR mor,Rajasthan,July 2026,304.0,72.0,188.07,-5.0,94.97999999999999,4,2.612083333333333,Small,239.0
706898,Khurda Road - Balangir Electrification of Railway Track Project,Ministry of Railways,Odisha,June 2026,267.61,0.0,0.0,0.0,0.0,3,0.0,Small,267.61
706922,Guwahati-Dibrugarh via Tinsukia & Simaluguri-Dibrugarh,Central Organisation for Railway Electrification [CORE],Assam,June 2026,890.36,89.0,391.73,0.0,0.0,3,4.4014606741573035,Small,889.36
706940,"Mariani-Jorhat, Tinsukia-Dangri and Makum -TirapTrack Electrification Project",GM/C/ NFR,Assam,June 2026,183.99,0.0,0.0,0.0,0.0,3,0.0,Small,183.99
706942,Harmuty-Murkongselek Branch Line Electrification Project,GM/C/ NFR,Assam,June 2026,237.52,0.0,0.0,0.0,0.0,3,0.0,Small,237.52
706950,Hospet-Hubli-Vasco da Gama Line Electrification Project,RVNL,"Multi-States (Goa, Karnataka)",June 2026,744.49,99.7,1163.32,0.0,1.8799999999998818,3,11.668204613841523,Small,1122.62
706965,Establishment of new GMC Saran [Chhapara],"Medical Education, Ministry of Health and Family Welfare",Bihar,July 2026,189.0,0.0,113.4,0.0,0.0,3,0.0,Small,189.0
706966,Establishment of new GMC Samastipur,"Medical Education, Ministry of Health and Family Welfare",Bihar,July 2026,189.0,0.0,113.4,0.0,0.0,3,0.0,Small,189.0
706988,Establishment of new GMC Gondia,"Medical Education, Ministry of Health and Family Welfare",Maharashtra,July 2026,189.0,40.14,113.4,40.14,0.0,3,2.8251121076233185,Small,189.0
706989,Establishment of new GMC West Garo Hills [Tura],"Medical Education, Ministry of Health and Family Welfare",Meghalaya,July 2026,189.0,0.0,170.1,0.0,0.0,3,0.0,Small,189.0
707016,Establishment of new GMC Sitamarhi,"Medical Education, Ministry of Health and Family Welfare",Bihar,July 2026,250.0,0.0,150.0,0.0,0.0,3,0.0,Small,250.0
707017,Establishment of new GMC Jhanjharpur,"Medical Education, Ministry of Health and Family Welfare",Bihar,July 2026,250.0,0.0,150.0,0.0,0.0,3,0.0,Small,250.0
707018,Establishment of new GMC Siwan,"Medical Education, Ministry of Health and Family Welfare",Bihar,July 2026,250.0,0.0,150.0,0.0,0.0,3,0.0,Small,250.0
707019,Establishment of new GMC Buxar,"Medical Education, Ministry of Health and Family Welfare",Bihar,July 2026,250.0,0.0,150.0,0.0,0.0,3,0.0,Small,250.0
707020,Establishment of new GMC Jamui,"Medical Education, Ministry of Health and Family Welfare",Bihar,July 2026,250.0,50.0,103.21,0.0,0.0,4,2.0642,Small,500.0
707021,Establishment of new GMC Koderma,"Medical Education, Ministry of Health and Family Welfare",Jharkhand,July 2026,250.0,40.0,271.0,0.0,0.0,4,6.775,Small,504.8
707022,Establishment of new GMC Chaibasa [Singhbhum],"Medical Education, Ministry of Health and Family Welfare",Jharkhand,July 2026,250.0,57.0,65.0,0.0,0.0,4,1.1403508771929824,Small,454.1
707039,Establishment of new GMC Gangtok,"Medical Education, Ministry of Health and Family Welfare",Sikkim,July 2026,250.0,92.0,667.21,0.0,0.0,4,7.252282608695652,Small,635.21
707044,Establishment of new GMC Korba,"Medical Education, Ministry of Health and Family Welfare",Chhattisgarh,July 2026,325.0,55.0,179.49,1.0,1.0,4,3.263454545454546,Small,322.85
707045,Establishment of new GMC Mahasamund,"Medical Education, Ministry of Health and Family Welfare",Chhattisgarh,July 2026,325.0,84.0,321.7,2.0,-0.8000000000000114,4,3.8297619047619045,Small,325.0
707046,Establishment of new GMC Kanker,"Medical Education, Ministry of Health and Family Welfare",Chhattisgarh,July 2026,325.0,45.0,37.0,-14.0,1.0,4,0.8222222222222222,Small,325.0
707049,Establishment of new GMC Panchmahal,"Medical Education, Ministry of Health and Family Welfare",Gujarat,July 2026,325.0,88.0,467.34,0.5,10.0,4,5.310681818181818,Small,663.5
707050,Establishment of new GMC Porbandar,"Medical Education, Ministry of Health and Family Welfare",Gujarat,July 2026,325.0,81.0,936.64,0.0,0.0,4,11.563456790123457,Small,618.98
707051,Establishment of new GMc Udhampur,"Medical Education, Ministry of Health and Family Welfare",Jammu and Kashmir,July 2026,325.0,75.0,222.0,0.0,0.0,3,2.96,Small,325.0
707052,Establishment of new GMC Handwara [Distt. Kupwara],"Medical Education, Ministry of Health and Family Welfare",Jammu and Kashmir,July 2026,325.0,0.0,173.0,0.0,0.0,3,0.0,Small,325.0
707057,Establishment of new GMC Leh,"Medical Education, Ministry of Health and Family Welfare",Ladakh,July 2026,325.0,0.0,127.0,0.0,0.0,3,0.0,Small,325.0
707058,Establishment of new GMC Rajgarh,"Medical Education, Ministry of Health and Family Welfare",Madhya Pradesh,July 2026,325.0,86.0,179.5,2.0,0.5,4,2.0872093023255816,Small,325.0
707059,Establishment of new GMC Mandla,"Medical Education, Ministry of Health and Family Welfare",Madhya Pradesh,July 2026,325.0,45.0,89.41,2.0,6.0,4,1.9868888888888887,Small,325.0
707067,Establishment of new GMC Mon,"Medical Education, Ministry of Health and Family Welfare",Nagaland,July 2026,325.0,0.0,155.0,0.0,0.0,3,0.0,Small,325.0
707069,Establishment of new GMC Kapurthala,"Medical Education, Ministry of Health and Family Welfare",Punjab,July 2026,325.0,0.0,50.0,0.0,50.0,4,0.0,Small,550.0
707070,Establishment of new GMC Hoshiarpur,"Medical Education, Ministry of Health and Family Welfare",Punjab,July 2026,325.0,5.0,2.04,4.0,0.040000000000000036,4,0.40800000000000003,Small,374.75
707086,Establishment of new GMC Rudrapur,"Medical Education, Ministry of Health and Family Welfare",Uttarakhand,July 2026,325.0,95.0,353.01,35.0,79.00999999999999,4,3.715894736842105,Small,325.0
707087,Establishment of new GMC Pithoragarh,"Medical Education, Ministry of Health and Family Welfare",Uttarakhand,July 2026,325.0,78.0,470.08,-6.0,143.0,4,6.026666666666666,Small,768.89
707215,National Maritime Heritage Complex [NMHC] Phase-I,Indian Port Rail & Ropeway Corporation Ltd. [IPRCL],Gujarat,July 2026,573.0,79.87,656.38,0.9500000000000028,19.470000000000027,4,8.218104419681982,Small,1238.05
707229,"Integrated Command control Center [ICCC] - Construction and Development of Integrated Command Control Center with Security, Surveillance, ITMS, Connecting Port, Ship Service, Smart Solid Waste Management, Smart Public Transport System",ministry of housing and urban affairs,Andaman & Nicobar,July 2026,209.88,97.0,37.35,0.0,0.0,4,0.3850515463917526,Small,230.0
707410,Integrated Multi Modal Logistics Hub at Nangal Chaudhary in Haryana - Other Trunk Infrastructure Development Phase 1,NICDC,Haryana,July 2026,763.0,60.0,430.0,0.0,0.0,4,7.166666666666667,Small,763.0
707414,Multi Modal Transport Hub [MMTH] Project at Boraki in Greater Noida - Infrastructure Development - Phase 1,National Industrial Corridor Development Corporation,Uttar Pradesh,May 2026,1480.0,0.0,0.0,0.0,0.0,1,0.0,Medium,1480.0
707419,IMC at Prayagraj,National Industrial Corridor Development Corporation,Uttar Pradesh,July 2026,658.0,27.79,75.63,5.25,0.0,4,2.721482547679021,Small,658.0
707420,Gaya Integrated Manufacturing Cluster IMC in Bihar,National Industrial Corridor Development Corporation,Bihar,July 2026,1339.02,5.0,0.0,0.0,0.0,1,0.0,Medium,1339.02
708687,Amended BharatNet Program - UP,West,Uttar Pradesh,July 2026,1917.0,7.2,0.0,7.2,-183.16,2,0.0,Medium,1917.0
709747,Bagodara Solar Power Project,Satluj Jal Vidyut Nigam [SJVN] Thermal Limited,Gujarat,July 2026,339.35,51.86,370.0,0.0,0.0,4,7.134593135364443,Small,339.35
709750,Laying of new 28 inch Desal Water Pipeline and 10 inch Reject Water Pipeline between CPCL Manali Refinery and CPCL Desalination plant at Ennore,Chennai Petroleum Corporation Limited [CPCL],Tamil Nadu,July 2026,205.0,76.9,117.88,2.1000000000000085,3.009999999999991,4,1.5328998699609881,Small,205.0
709752,HP-COAT [Crude to Olefins and Aromatics Technology] demo unit at Visakh Refinery,Hindustan Petroleum Corporation Limited,Andhra Pradesh,July 2026,160.0,94.0,158.94,0.5,6.1200000000000045,4,1.6908510638297871,Small,220.0
709753,Haldia Panagarh Pipeline Project,Hindustan Petroleum Corporation Limited,West Bengal,July 2026,1010.0,98.3,884.2,1.0999999999999943,19.00999999999999,4,8.994913530010173,Medium,1107.0
709754,"Construction of LPG Facilities at Kamardanga, Assam",Hindustan Petroleum Corporation Limited,Assam,July 2026,156.36,83.8,114.1,4.0,4.759999999999991,4,1.3615751789976134,Small,156.36
709755,"Setting up of new rail fed POL facility at Kamardanga, Assam",Hindustan Petroleum Corporation Limited,Assam,July 2026,384.04,87.5,250.07,2.0,14.799999999999983,4,2.857942857142857,Small,384.04
709757,"CGD Project in Banka, Dumka, Godda, Jamtara, Pakur, Sahibganj GA ID 11A.02",Hindustan Petroleum Corporation Limited,"Multi-States (Bihar, Jharkhand)",April 2026,1377.0,37.0,375.17,0.0,0.0,1,10.13972972972973,Medium,1377.0
709758,"CGD Project in Malda, Birbhum, Murshidabad, Dakshin Dinajpur GA ID 11A.03",Hindustan Petroleum Corporation Limited,West Bengal,April 2026,2628.0,36.3,388.06,0.0,0.0,1,10.690358126721764,Medium,2628.0
709759,"Petrochemical evacuation marketing terminal at Barmer, Rajasthan",Hindustan Petroleum Corporation Limited,Rajasthan,July 2026,461.05,97.5,252.18,1.7000000000000028,17.080000000000013,4,2.5864615384615384,Small,461.05
709760,HP TDAE Unit in Mumbai Refinery,Hindustan Petroleum Corporation Limited,Maharashtra,May 2026,240.0,92.0,152.75,7.0,1.710000000000008,2,1.6603260869565217,Small,240.0
709770,City Gas Distribution Project at Pathankot District,Indian Oil Corporation Limited [IOCL],Punjab,July 2026,151.0,2.0,9.02,0.0,0.05999999999999872,4,4.51,Small,151.0
709771,"City Gas Distribution Project at Beed, Jalgaon and Jalna Districts",Indian Oil Corporation Limited [IOCL],Maharashtra,July 2026,865.0,3.4,89.23,0.0,4.38000000000001,4,26.244117647058825,Small,865.0
709772,"City Gas Distribution Project at East Mednipore, West Mednipore & Jhargram Districts",Indian Oil Corporation Limited [IOCL],West Bengal,July 2026,609.0,3.0,64.44,0.10000000000000009,0.8200000000000003,4,21.48,Small,609.0
709773,"City Gas Distribution Project at Jammu, Udhampur, Reasi, Samba and Kathua Districts",Indian Oil Corporation Limited [IOCL],Jammu and Kashmir,July 2026,538.0,0.6,4.45,0.0,0.15000000000000036,4,7.416666666666667,Small,538.0
709774,Revamping/ Augmentation of facilities at existing port terminal at Mangalore,Indian Oil Corporation Limited [IOCL],Karnataka,July 2026,463.0,85.6,327.65,0.5999999999999943,6.060000000000002,4,3.8276869158878504,Small,500.62
709776,Augmentation/Revamping of Facilities at existing Guwahati Terminal at Betkuchi,Indian Oil Corporation Limited [IOCL],Assam,July 2026,277.0,84.3,236.16,0.09999999999999432,1.5900000000000034,4,2.801423487544484,Small,323.09
709777,Installation of Bitumen Manufacturing Unit along with allied facilities at Barauni Refinery,Indian Oil Corporation Limited [IOCL],Bihar,July 2026,389.35,66.3,124.57,1.7000000000000028,-6.319999999999993,4,1.8788838612368024,Small,410.3
709778,Installation of new Biturox Unit along with allied facilities at Gujarat Refinery,Indian Oil Corporation Limited [IOCL],Gujarat,July 2026,328.29,87.7,218.17,0.7000000000000028,-9.310000000000002,4,2.487685290763968,Small,344.36
709779,Capacity Expansion of Digboi Refinery from 0.65 to 1.0 MMTPA,Indian Oil Corporation Limited [IOCL],Assam,July 2026,768.0,60.1,250.84,0.7000000000000028,25.640000000000015,4,4.173710482529118,Small,740.0
709780,Construction of Additional Tankages and Allied Facilities at JNPT Terminal,Indian Oil Corporation Limited [IOCL],Maharashtra,July 2026,341.43,72.9,305.01,0.5,0.2599999999999909,4,4.1839506172839505,Small,436.14
709781,Revamping / Augmentation of Facilities at Mathura Bitumen Plant,Indian Oil Corporation Limited [IOCL],Uttar Pradesh,July 2026,260.12,57.3,23.58,1.5999999999999943,-0.5200000000000031,4,0.41151832460732984,Small,260.12
709782,ATF Pipeline from Jawaharlal Nehru Port Trust to Navi Mumbai International Airport,Indian Oil Corporation Limited [IOCL],Maharashtra,May 2026,165.0,98.8,102.79,1.0,1.1700000000000017,2,1.0403846153846155,Small,165.0
709783,"Installation of Multiple Effect Evaporator [MEE] for ETP-1, 2 & 4 of Panipat Refinery and Petrochemical Complex.",Indian Oil Corporation Limited [IOCL],Haryana,July 2026,165.13,92.5,193.38,0.7000000000000028,6.740000000000009,4,2.0905945945945947,Small,247.69
709785,Laying of Natural Gas Pipeline from Hazaribagh to Ranchi [HRPL],Indian Oil Corporation Limited [IOCL],Jharkhand,July 2026,202.07,58.4,65.98,0.29999999999999716,0.6800000000000068,4,1.1297945205479454,Small,202.07
709786,"Augmentation/ Revamping of Dimapur Depot, Dimapur",Indian Oil Corporation Limited [IOCL],Nagaland,July 2026,227.62,43.0,28.03,1.3999999999999986,0.40000000000000213,4,0.651860465116279,Small,227.62
709791,City Gas Distribution Projects at Alipurduar and Cooch Behar,Bharat Petroleum Corporation Limited [BPCL],West Bengal,July 2026,1017.0,43.8,238.41,0.09999999999999432,5.909999999999997,4,5.443150684931507,Medium,1017.0
709792,"City Gas Distribution Projects at Darbhanga, Madhubani, Supaul, Sitamarhi and Sheohar districts",Bharat Petroleum Corporation Limited [BPCL],Bihar,July 2026,3638.0,33.6,493.91,0.10000000000000142,4.490000000000009,4,14.699702380952381,Medium,3638.0
709793,"City Gas Distribution Projects at Gopalganj, Siwan, West Champaran, East Champaran and Deoria districts",Bharat Petroleum Corporation Limited [BPCL],Bihar,July 2026,3919.0,30.3,527.15,0.10000000000000142,9.019999999999982,4,17.397689768976896,Medium,3919.0
709794,"City Gas Distribution Projects at Fazilka [except area already authorized], Ganganagar and Hanumangarh districts",Bharat Petroleum Corporation Limited [BPCL],Rajasthan,July 2026,3207.0,31.1,429.3,0.10000000000000142,6.310000000000002,4,13.803858520900322,Medium,3207.0
709795,"City Gas Distribution Projects at Lakhimpur Kheri , Sitapur, Bahraich, Shravasti,Balrampur, Siddharth Nagar & Maharajganj districts",Bharat Petroleum Corporation Limited [BPCL],Uttar Pradesh,July 2026,16654.0,19.8,754.7,0.8000000000000007,16.08000000000004,4,38.11616161616162,Large,16654.0
709796,City Gas Distribution Projects at the Nilgiris and Erode districts,Bharat Petroleum Corporation Limited [BPCL],Tamil Nadu,July 2026,3685.0,25.5,303.1,0.0,5.340000000000032,4,11.886274509803922,Medium,3685.0
709797,POL & LOBS Installations with Receipt Pipelines at Rasayani,Bharat Petroleum Corporation Limited [BPCL],Maharashtra,July 2026,2585.0,87.3,1507.62,1.8999999999999915,91.1099999999999,4,17.269415807560136,Medium,2585.0
709798,Ethylene Cracker Project at Bina Refinery including downstream Petrochemical Plants and expansion of Refinery,Bharat Petroleum Corporation Limited [BPCL],Madhya Pradesh,July 2026,43367.0,33.5,6104.0,2.8000000000000007,508.0,4,182.2089552238806,Large,43367.0
709799,Setting up Polypropylene Unit at Kochi Refinery,Bharat Petroleum Corporation Limited [BPCL],Kerala,July 2026,4460.0,45.2,1026.0,4.700000000000003,132.14,4,22.699115044247787,Medium,4850.0
709800,"CUF POL Depot at Sadashibpur [Meramundali], Odisha",Bharat Petroleum Corporation Limited [BPCL],Odisha,July 2026,393.54,86.0,233.3,2.5,1.0,4,2.7127906976744187,Small,393.54
709811,GANDHAMARDAN IRON ORE MINES TO GOALDIH STATION/12.76kms,East Coast Railway [ECoR] - II,Odisha,June 2026,190.0,5.0,3.4,0.0,0.0,3,0.6799999999999999,Small,189.93
709812,Nadiad-Petlad 37.26 km,CAOCWR WR mor,Gujarat,July 2026,461.91,30.0,142.21,22.0,-44.69,4,4.740333333333334,Small,461.91
709813,New BG line intersection 5 nos between Geratpur-Sanand & Botad-Ahmedabad 16.51 km PB29/NR/2022-23,CAOCWR WR mor,Gujarat,July 2026,437.21,22.0,463.96,0.0,346.01,4,21.08909090909091,Small,463.95
709815,4th line - Bhatapara-Hathband 8.8 km PB72/NR/2022-23,CAOC/SECR SECR mor,"Multi-States (Chhattisgarh, Maharashtra)",July 2026,177.03,3.0,21.08,-15.0,8.779999999999998,4,7.026666666666666,Small,177.03
709816,4th line - Bhilai-Bhilai nagar 8.8 km PB72/NR/2022-23,CAOC/SECR SECR mor,"Multi-States (Chhattisgarh, Maharashtra)",July 2026,177.34,3.0,35.21,-8.0,2.719999999999999,4,11.736666666666666,Small,177.34
709817,4th line - Dadhapara-Belha 9.2 km PB72/NR/2022-23,CAOC/SECR SECR mor,"Multi-States (Chhattisgarh, Maharashtra)",July 2026,169.06,10.0,65.43,-56.0,42.64000000000001,3,6.543000000000001,Small,169.06
709818,4th line - Rajnandgaon-Dongarhgarh 31.2 km PB72/NR/2022-23,CAOC/SECR SECR mor,Chhattisgarh,July 2026,328.34,5.0,98.21,-31.0,2.009999999999991,4,19.642,Small,328.34
709819,3rd & 4th line - Saragbundia & Madwarani 12.2 km PB72/NR/2022-23,CAOC/SECR SECR mor,Chhattisgarh,July 2026,167.64,10.0,28.44,-1.0,0.4299999999999997,4,2.8440000000000003,Small,167.64
709826,SCREENING PLANT-III AT KIRANDUL,National Mineral Development Corporation Limited [NMDC],Chhattisgarh,July 2026,2718.84,83.42,1754.7,0.269999999999996,5.940000000000055,4,21.03452409494126,Medium,3062.39
709831,SOURCING OF BAUXITE ARRANGEMENT FOR 5TH STREAM ALUMINA REFINERY FROM SOUTH BLOCK MINING LEASE OF PANCHPATMAILI MINES,National Aluminium Company Limited [NALCO],Odisha,July 2026,483.0,93.18,453.89,0.0800000000000125,2.1899999999999977,4,4.871109680188881,Small,483.0
709832,25.5 MW WIND POWER PROJECT AT KAYATHAR IN TAMILNADU,National Aluminium Company Limited [NALCO],Tamil Nadu,July 2026,166.0,70.0,135.0,3.269999999999996,0.0,4,1.9285714285714286,Small,166.0
709837,"Creation of Gas Dehydration Facilities, Tripura Asset",Oil and Natural Gas Corporation Limited [ONGC],Tripura,July 2026,209.33,71.3,81.31,0.7999999999999972,1.3299999999999983,4,1.1403927068723703,Small,131.51
709838,Commercial Polymer Flooding Project in Bechraji field,Oil and Natural Gas Corporation Limited [ONGC],Gujarat,July 2026,621.4,50.0,280.45,1.7999999999999972,28.70999999999998,4,5.609,Small,739.02
709839,Daman Upside Development Project,Oil and Natural Gas Corporation Limited [ONGC],Offshore,July 2026,4144.41,92.9,6302.5,-7.0,17.6899999999996,4,67.84176533907427,Medium,6406.9
709840,"Restoration of Gas Terminal, Phase-I [Part-A], Hazira",Oil and Natural Gas Corporation Limited [ONGC],Gujarat,July 2026,249.43,97.6,219.56,0.09999999999999432,1.5300000000000011,4,2.2495901639344265,Small,249.43
709841,Old Pipe Line Replacement [OPRP] Group-A,Oil and Natural Gas Corporation Limited [ONGC],Gujarat,July 2026,173.03,94.6,168.22,0.09999999999999432,0.2400000000000091,4,1.7782241014799156,Small,169.84
709842,"Kalol Redevelopment Project, Ahmedabad Asset",Oil and Natural Gas Corporation Limited [ONGC],Gujarat,July 2026,1487.41,66.0,946.45,1.0,1.0,4,14.340151515151517,Medium,1487.41
709845,"Revamping of SV Stations, Gas Terminal & Kribhco Terminal",Oil and Natural Gas Corporation Limited [ONGC],Gujarat,July 2026,837.34,70.9,469.99,0.8000000000000114,18.379999999999995,4,6.628913963328632,Small,1119.86
709847,Pipeline Network Project Rudrasagar,Oil and Natural Gas Corporation Limited [ONGC],Assam,July 2026,481.03,55.4,238.83,0.6000000000000014,0.13000000000002387,4,4.31101083032491,Small,481.03
709848,MHN TCPP PGC BGC Project [MTPBP],Oil and Natural Gas Corporation Limited [ONGC],Offshore,July 2026,2329.45,95.6,1930.25,0.09999999999999432,0.7100000000000364,4,20.19089958158996,Medium,2354.23
709849,PRP-VIII Group B [NH & BS Asset],Oil and Natural Gas Corporation Limited [ONGC],Offshore,July 2026,2546.9,98.7,3003.9,0.0,80.41000000000031,4,30.434650455927052,Medium,3348.6
709850,Borholla GGS Life Extension Project [BLEP],Oil and Natural Gas Corporation Limited [ONGC],Assam,July 2026,198.7,63.5,110.99,1.0,7.3999999999999915,4,1.7478740157480315,Small,198.7
709851,Integrated Development of 4 Contract Areas under DSF-II,Oil and Natural Gas Corporation Limited [ONGC],Offshore,July 2026,6183.79,47.4,2053.0,3.5,29.049999999999955,4,43.312236286919834,Large,6183.79
709856,MPLS-IP BASED ACCESS AND AGGREGATION NETWORK [MAAN] IN BSNL ALONG WITH TEST AND MEASURING EQUIPMENT,BSNL,PAN India,July 2026,645.13,92.1,407.9,0.0,0.75,5,4.4288816503800215,Small,645.13
709857,"Planning, Engineering, Supply, Installation, Testing, Commissioning, Integration & Annual Maintenance of 4G mobile network at 1 Lakh sites on PAN India basis including Mumbai & Delhi LSA on turnkey basis under Phase IX.2 Project.",BSNL,PAN India,July 2026,24544.55,98.56,9165.89,0.15000000000000568,22.409999999999854,4,92.99807224025973,Large,24544.55
709859,SETTING UP OF PHYSICAL INFRASTRUCTURE FOR THE NATIONAL INSTITUTE OF COMMUNICATION FINANCE [NICF] AT GHITORNI,National Communication Academy - Finance [Erstwhile NICF],Delhi,July 2026,248.2,98.0,237.43,0.0,0.0,4,2.4227551020408162,Small,248.2
709864,DCU Revamp Project,Numaligarh Refinery Limited,Assam,July 2026,370.0,80.5,310.38,1.9000000000000057,0.0,4,3.8556521739130436,Small,370.0
709865,Power Recovery Turbine [PRT] in PFCCU unit as an Energy Conservation Scheme,Numaligarh Refinery Limited,Assam,July 2026,293.5,99.0,81.84,0.0,0.0,4,0.8266666666666667,Small,293.5
738679,Stamp Charge Battery No.7 Battery Proper at RSP,Steel Authority of India Limited (SAIL,Odisha,July 2026,2584.41,54.16,1182.92,0.0,0.0,1,21.84121122599705,Medium,2584.41
834015,Stamp Charge Battery No.12 By-product Plant at RSP,Steel Authority of India Limited (SAIL,Odisha,July 2026,1140.07,22.59,207.56,0.0,0.0,1,9.188136343514829,Medium,1140.07
900808,Transmission System for Kurnool Wind Energy Zone/ Solar Energy Zone Part-A and Part-B,Power Grid Corporation of India Limited [POWERGRID],"Multi-States (Andhra Pradesh, Telangana)",May 2026,3546.94,99.69,3532.75,0.0,0.0,2,35.437355802989266,Medium,3546.94
900874,Jhajha - Batia 20 km Umbrella work PB23/2018-19/NR,CAO/Con/South/MHX ECR mor,Bihar,July 2026,588.18,0.0,26.52,-0.1,24.14,4,0.0,Small,588.18
914467,Amended BharatNet Program - BR,Department of Telecommunications,PAN India,July 2026,1550.0,17.76,222.77,0.0,0.0,1,12.543355855855856,Medium,1550.0
938832,Amended BharatNet Program - RJ,Department of Telecommunications,PAN India,July 2026,2839.0,0.0,283.93,0.0,0.0,1,0.0,Medium,2839.0
944288,Super accelerated cooling system,Uniform Cooling,Chhattisgarh,July 2026,192.21,48.01,63.8,0.0,0.0,1,1.3288898146219537,Small,192.21
946208,Amended BharatNet Program - SKM,Department of Telecommunications,PAN India,July 2026,160.0,0.0,0.0,0.0,0.0,1,0.0,Small,160.0
976009,"Amended BharatNet Program - ARP, NGL, MNP",Department of Telecommunications,PAN India,July 2026,1168.0,0.61,123.28,0.0,0.0,1,202.0983606557377,Medium,1168.0
