sl_no,project_name,agency,project_code,state,approval_date,start_date,original_completion_date,revised_completion_date,original_cost,revised_cost,cumulative_expenditure,physical_progress,source_page,report_month,source_report
1,"Construction of New Domestic Terminal Building Building and miscellaneous works including maintenance, operations and AICMC at Kadapa Airport",Airport Authority of India [AAI],612786,Andhra Pradesh,2023-03-01,2024-01-01,2026-01-01,2026-09-01,265.91,265.91,176.38,80.0,55,July 2026,FlashReport_July_2026.pdf
2,Construction of New Integrated Terminal Building and associated works including apron to park 3 code E type of aircraft or 6 code C type of aircraft at Vijayawada Airport.,Airport Authority of India [AAI],701107,Andhra Pradesh,2020-06-01,2020-09-01,2022-09-01,2026-11-01,611.8,824.28,572.99,89.7,55,July 2026,FlashReport_July_2026.pdf
3,Construction of New Domestic Terminal Building at Rajahmundry Airport.,Airport Authority of India [AAI],701121,Andhra Pradesh,2022-12-01,2023-08-01,2025-08-01,2026-08-01,347.15,347.15,189.48,96.0,55,July 2026,FlashReport_July_2026.pdf
4,Guwahati Airport New Integrated Terminal Building Construction Project,Adani Airport Holdings Limited,706724,Assam,2016-12-01,2018-03-01,2025-03-01,2026-06-01,1712.0,2520.0,2670.23,99.5,55,July 2026,FlashReport_July_2026.pdf
5,Development of New Civil Enclave at Bihta,Airport Authority of India [AAI],612183,Bihar,2024-08-01,2025-04-01,2027-03-01,,1413.0,1413.0,15.53,4.15,55,July 2026,FlashReport_July_2026.pdf
6,Development of New Civil Enclave and associated works at Darbhanga Airport,Airport Authority of India [AAI],612194,Bihar,2024-07-01,2024-07-01,2026-07-01,2026-11-01,911.66,911.66,426.22,71.1,55,July 2026,FlashReport_July_2026.pdf
7,"Construction of New Domestic Terminal Building [Phase-I and II] and other allied structures at JPNI Airport, Patna",Airport Authority of India [AAI],701101,Bihar,2018-10-01,2018-10-01,2026-05-01,2026-08-01,1216.9,1216.9,1203.48,99.26,55,July 2026,FlashReport_July_2026.pdf
8,Development of Keshod Airport.,Airport Authority of India [AAI],619054,Gujarat,2024-01-01,2025-07-01,2027-01-01,,363.1,363.1,108.64,46.69,55,July 2026,FlashReport_July_2026.pdf
9,"Development of Dholera International Greenfield Airport , Gujarat",Airport Authority of India [AAI],701126,Gujarat,2022-06-01,2022-07-01,2026-06-01,2026-09-01,1305.0,1551.0,966.36,88.0,55,July 2026,FlashReport_July_2026.pdf
10,"Construction of NTB complex including apron, taxi track and other associated civil works and electrical & mechanical installations towards Tawi River side at CA Jammu.",Airport Authority of India [AAI],611047,Jammu and Kashmir,2023-10-01,2023-12-01,2026-06-01,2026-11-01,861.37,861.37,370.44,58.35,55,July 2026,FlashReport_July_2026.pdf
11,Construction of New Domestic Terminal Building and Miscellaneous works at Hubli Airport,Airport Authority of India [AAI],612787,Karnataka,2023-06-01,2024-01-01,2026-01-01,2026-09-01,320.47,320.47,169.11,88.5,55,July 2026,FlashReport_July_2026.pdf
12,Construction of New Domestic Terminal Building and Miscellaneous Works at Belagavi Airport.,Airport Authority of India [AAI],612788,Karnataka,2023-06-01,2024-02-01,2026-02-01,2026-08-01,322.45,322.45,240.99,97.0,55,July 2026,FlashReport_July_2026.pdf
13,"Development of additional RESA on either end on Runway 10-28 at Calicut Airport. Construction of embankment with slope protection, drainage system and associated works for additional RESA on either end on Runway 10-28",Airport Authority of India [AAI],612789,Kerala,2023-06-01,2024-02-01,2025-09-01,2026-12-01,484.57,484.57,242.51,65.8,55,July 2026,FlashReport_July_2026.pdf
14,"Construction of Terminal Building & Associated works at Leh Airport, Ladakh",Airport Authority of India [AAI],400010,Ladakh,2018-07-01,2018-09-01,2021-09-01,2026-07-01,480.0,640.0,512.55,88.0,55,July 2026,FlashReport_July_2026.pdf
15,C/o NITB Imphal Airport,Airport Authority of India [AAI],706718,Manipur,2021-11-01,2022-07-01,2024-07-01,2026-12-01,499.0,499.0,212.17,53.14,55,July 2026,FlashReport_July_2026.pdf
16,"SITC of ATM Automation System and ASMGCS [Including SMR & MLAT] for Mumbai, Navi Mumbai, Jewar [earlier MOPA, without ASMGCS], HIAL & BIAL",Airport Authority of India [AAI],611570,"Multi-States (Karnataka, Maharashtra, Telangana, Uttar Pradesh)",2020-12-01,2022-10-01,2025-09-01,2026-08-01,500.48,500.48,399.77,80.0,55,July 2026,FlashReport_July_2026.pdf
17,"Development of New Greenfield Airport at Bundi, Kota Rajasthan.",Airport Authority of India [AAI],618977,Rajasthan,2025-08-01,2025-10-01,2027-10-01,2027-11-01,1507.0,1507.0,81.41,13.6,55,July 2026,FlashReport_July_2026.pdf
18,Construction of New Passenger Terminal Building for Domestic Operations at Jodhpur Airport.,Airport Authority of India [AAI],701127,Rajasthan,2022-06-01,2023-05-01,2026-03-01,2026-06-01,480.0,480.0,348.2,100.0,55,July 2026,FlashReport_July_2026.pdf
19,Construction of New Integrated Passenger Terminal Building at Udaipur Airport,Airport Authority of India [AAI],701128,Rajasthan,2023-06-01,2023-11-01,2026-03-01,2026-09-01,887.0,887.0,587.22,78.71,55,July 2026,FlashReport_July_2026.pdf
20,"Widening of basic strip at Western Side of Runway Chainage 80m to 920m i/c slope stabilization Measures [Balance work] of uphill and Improvement of Storm Water Drainage System at Pakyong Airport, Sikkim on design & build basis [EPC] with integrated 10 years maintenance.",Airport Authority of India [AAI],612793,Sikkim,2023-11-01,2023-12-01,2026-06-01,2027-06-01,323.26,323.26,87.61,36.14,56,July 2026,FlashReport_July_2026.pdf
21,"Modernization of Chennai Airport, Phase II, Part 2",Airport Authority of India [AAI],611602,Tamil Nadu,2018-05-01,2023-06-01,2025-07-01,2026-12-01,1207.0,1207.0,331.85,46.0,56,July 2026,FlashReport_July_2026.pdf
22,"Development of Lal Bahadur Shastri International airport, Varanasi including C/o New Terminal Building, Apron Extension, Runway Extension, PTT and allied works.",Airport Authority of India [AAI],701113,Uttar Pradesh,2024-07-01,2024-07-01,2027-07-01,2027-07-01,2869.65,2869.65,746.93,33.0,56,July 2026,FlashReport_July_2026.pdf
23,Development of New Integrated Civil Enclave at Agra Airport,Airport Authority of India [AAI],701122,Uttar Pradesh,2024-06-01,2024-07-01,2026-07-01,2026-11-01,579.0,579.0,224.58,44.94,56,July 2026,FlashReport_July_2026.pdf
24,Development of New Civil Enclave at Bagdogra Airport,Airport Authority of India [AAI],611495,West Bengal,2024-08-01,2024-09-01,2027-03-01,2027-03-01,1549.0,1549.0,548.3,27.9,56,July 2026,FlashReport_July_2026.pdf
25,"Re-Construction of Rigid portions of Secondary Runway, K and A Taxiway and Strengthening of C Taxiway at NSCBI Airport Kolkata.",Airport Authority of India [AAI],612791,West Bengal,2023-03-01,2023-12-01,2025-10-01,2026-08-01,328.3,328.3,153.52,73.5,56,July 2026,FlashReport_July_2026.pdf
26,TIKAK EXTENSION OCP,INVALID CO.,615820,Assam,2022-07-01,2022-07-01,2031-07-01,,159.77,159.77,112.69,89.73,56,July 2026,FlashReport_July_2026.pdf
27,TIRAP OCP,INVALID CO.,615821,Assam,2022-11-01,2022-11-01,2030-11-01,,289.46,289.46,105.66,5.0,56,July 2026,FlashReport_July_2026.pdf
28,PORDA CHIMTAPANI OCP [10 MTY],SECL - CIL,400144,Chhattisgarh,2020-12-01,2020-12-01,2029-03-01,,2310.12,2310.12,118.97,11.81,56,July 2026,FlashReport_July_2026.pdf
29,BAROUD OC EXPANSION [3.0-10.0M,SECL - CIL,400149,Chhattisgarh,2020-08-01,2020-08-01,2029-03-01,,2309.8,2309.8,1039.65,55.95,56,July 2026,FlashReport_July_2026.pdf
30,DIPKA EXPANSION OCP [40 MTY],SECL - CIL,400354,Chhattisgarh,2020-12-01,2020-12-01,2029-03-01,,5241.4,5241.4,2941.23,39.34,56,July 2026,FlashReport_July_2026.pdf
31,GEVRA OC [70 MTY],SECL - CIL,400424,Chhattisgarh,2016-03-01,2016-03-01,2023-03-01,2027-03-01,11816.4,11816.4,7825.46,78.48,56,July 2026,FlashReport_July_2026.pdf
32,AMERA OC RCE [1.0 MTY],SECL - CIL,613798,Chhattisgarh,2015-02-01,2015-02-01,2026-03-01,,335.97,335.97,91.91,42.47,56,July 2026,FlashReport_July_2026.pdf
33,AMGAON OC RCE [1.0 MTY],SECL - CIL,613799,Chhattisgarh,2015-07-01,2015-07-01,2026-03-01,,316.11,316.11,193.0,78.86,56,July 2026,FlashReport_July_2026.pdf
34,JAGANNATHPUR OC RCE PROJECT,SECL - CIL,613800,Chhattisgarh,2016-07-01,2016-07-01,2025-03-01,2027-03-01,459.49,459.49,290.4,96.15,56,July 2026,FlashReport_July_2026.pdf
35,MAHAMAYA OCP [1.50 MTY],SECL - CIL,613801,Chhattisgarh,2018-05-01,2018-05-01,2026-03-01,2028-03-01,410.26,410.26,188.72,54.6,56,July 2026,FlashReport_July_2026.pdf
36,KATKONA RO UG MINE,SECL - CIL,615191,Chhattisgarh,2023-01-01,2023-01-01,2029-03-01,,329.21,329.21,62.01,2.01,56,July 2026,FlashReport_July_2026.pdf
37,PELMA OC MDO,SECL - CIL,616234,Chhattisgarh,2022-10-01,2022-10-01,2033-03-01,,1725.04,1725.04,16.71,23.75,56,July 2026,FlashReport_July_2026.pdf
38,KUSMUNDA OC EXPANSION PROJECT,SECL - CIL,617287,Chhattisgarh,2024-11-01,2024-11-01,2030-03-01,,4516.88,4516.88,847.19,23.75,56,July 2026,FlashReport_July_2026.pdf
39,MANIKPUR OC EXPANSION PROJECT,SECL - CIL,617288,Chhattisgarh,2025-01-01,2025-01-01,2029-03-01,,382.61,382.61,138.87,21.29,56,July 2026,FlashReport_July_2026.pdf
40,RPR FOR DURGAPUR OCP 10 MTY,SECL - CIL,619171,Chhattisgarh,2025-09-01,2025-09-01,2032-03-01,,2415.91,2415.91,2.99,0.01,56,July 2026,FlashReport_July_2026.pdf
41,MADANNAGAR OCP 12 MTY - MDO,SECL - CIL,619172,Chhattisgarh,2024-12-01,2024-12-01,2033-03-01,,1859.19,1859.19,0.45,0.0,57,July 2026,FlashReport_July_2026.pdf
42,HURA C OCP,Eastern Coal Fields Limited [ECL],400018,Jharkhand,2022-08-01,2022-08-01,2029-03-01,,859.41,859.41,455.95,63.3,57,July 2026,FlashReport_July_2026.pdf
43,KONAR EXPANSION OCP,CCL - CIL,400073,Jharkhand,2022-01-01,2022-01-01,2032-03-01,,674.65,674.65,175.59,50.78,57,July 2026,FlashReport_July_2026.pdf
44,KARO EXPANSION OCP,CCL - CIL,400074,Jharkhand,2022-01-01,2022-01-01,2029-03-01,,849.31,849.31,237.61,23.28,57,July 2026,FlashReport_July_2026.pdf
45,SANGHMITRA OC,CCL - CIL,400136,Jharkhand,2024-03-01,2024-03-01,2032-03-01,,2660.0,2660.0,17.03,16.77,57,July 2026,FlashReport_July_2026.pdf
46,CHANDRAGUPT OCP,CCL - CIL,400138,Jharkhand,2020-08-01,2020-08-01,2032-03-01,,973.5,973.5,772.12,25.11,57,July 2026,FlashReport_July_2026.pdf
47,KOTRE BASANTPUR PACHMO OCP,Ministry of Coal,400139,Jharkhand,2020-08-01,2020-08-01,2032-03-01,,625.4,625.4,456.48,45.78,57,July 2026,FlashReport_July_2026.pdf
48,Pachwara South Coal Block,NLC India Limited,400142,Jharkhand,2016-03-01,2019-11-01,2028-09-01,,2242.9,2242.9,1432.45,87.0,57,July 2026,FlashReport_July_2026.pdf
49,RPR MAGADH EXP OCP,Ministry of Coal,400150,Jharkhand,2020-08-01,2020-08-01,2028-03-01,,6964.33,6964.33,2299.77,39.42,57,July 2026,FlashReport_July_2026.pdf
50,NORTH URIMARI EXPANSION OCP,Ministry of Coal,400151,Jharkhand,2021-07-01,2021-07-01,2029-03-01,,634.3,634.3,598.34,68.9,57,July 2026,FlashReport_July_2026.pdf
51,EPR ROHINI - KARKETTA OCP,Ministry of Coal,400153,Jharkhand,2021-01-01,2021-01-01,2028-03-01,,995.57,995.57,85.34,24.02,57,July 2026,FlashReport_July_2026.pdf
52,EPR PUNDI OCP,Ministry of Coal,400154,Jharkhand,2020-11-01,2020-11-01,2027-03-01,,639.6,639.6,14.78,11.24,57,July 2026,FlashReport_July_2026.pdf
53,EPR ASHOK OC,Ministry of Coal,400155,Jharkhand,2021-05-01,2021-05-01,2031-03-01,,2821.07,2821.07,186.02,27.74,57,July 2026,FlashReport_July_2026.pdf
54,EPR AMRAPALI OCP,CCL - CIL,400156,Jharkhand,2020-02-01,2020-02-01,2028-03-01,,4983.57,4983.57,1838.82,43.69,57,July 2026,FlashReport_July_2026.pdf
55,RAJRAPPA RCE OCP,CCL - CIL,400160,Jharkhand,2009-12-01,2009-12-01,2016-03-01,2027-03-01,510.85,510.85,488.71,75.61,57,July 2026,FlashReport_July_2026.pdf
56,CHITRA EAST OC,ECL - CIL,400172,Jharkhand,2018-08-01,2018-08-01,2026-03-01,2028-03-01,513.99,513.99,276.0,53.03,57,July 2026,FlashReport_July_2026.pdf
57,JHARKHAND-LAIYO OCP,Ministry of Coal,400352,Jharkhand,2020-08-01,2020-08-01,2031-03-01,,654.87,654.87,1.97,32.45,57,July 2026,FlashReport_July_2026.pdf
58,MOONIDIH XV SEAM UG,BCCL - CIL,400425,Jharkhand,2011-08-01,2011-08-01,2019-03-01,2026-09-01,1230.27,1230.27,800.25,84.02,57,July 2026,FlashReport_July_2026.pdf
59,AMALAGAMATED NTST KUJAMA OCP 8.5MTY,Bharat Coking Coal Limited (BCCL,611864,Jharkhand,2023-01-01,2023-01-01,2030-03-01,,4011.85,4011.85,414.97,31.16,57,July 2026,FlashReport_July_2026.pdf
60,MURAIDIH UG PROJECT,BCCL - CIL,613808,Jharkhand,2011-02-01,2011-02-01,2014-04-01,2026-12-01,339.87,339.87,191.14,70.47,57,July 2026,FlashReport_July_2026.pdf
61,TAPIN SOUTH EXPN,CCL - CIL,615349,Jharkhand,2020-11-01,2020-11-01,2028-03-01,,230.41,230.41,22.02,23.67,57,July 2026,FlashReport_July_2026.pdf
62,SIRKA OC,CCL - CIL,615822,Jharkhand,2020-05-01,2020-05-01,2028-03-01,,183.18,183.18,89.92,56.47,57,July 2026,FlashReport_July_2026.pdf
63,TETARIAKHAR OC,CCL - CIL,615843,Jharkhand,2019-11-01,2019-11-01,2025-03-01,2027-03-01,232.64,232.64,50.82,30.06,57,July 2026,FlashReport_July_2026.pdf
64,CHUPERBHITA SIMLONG OCP MDO 6,ECL - CIL,616225,Jharkhand,2023-12-01,2023-12-01,2037-03-01,,979.08,979.08,0.0,0.05,58,July 2026,FlashReport_July_2026.pdf
65,JARANGDIH EXPN. OCP 1.5 MTY,CCL - CIL,616236,Jharkhand,2020-02-01,2020-02-01,2029-03-01,,372.06,372.06,85.6,32.99,58,July 2026,FlashReport_July_2026.pdf
66,BLOCK E OCP,BCCL - CIL,616253,Jharkhand,2024-03-01,2024-03-01,2029-03-01,,5850.83,5850.83,20.32,4.18,58,July 2026,FlashReport_July_2026.pdf
67,"Revised Jharia Master Plan for Dealing with Fire, Subsidence & Rehabilitation of affected families in Jharia Coalfield- Reg.",Bharat Coking Coal Limited [BCCL],617416,Jharkhand,2025-06-01,2025-07-01,2028-12-01,,5940.47,5940.47,520.75,34.0,58,July 2026,FlashReport_July_2026.pdf
68,North Dhadu Western Part OCP,NLC India Limited [NLCIL],617764,Jharkhand,2023-10-01,2023-12-01,2029-03-01,,1354.2,1354.2,233.77,40.0,58,July 2026,FlashReport_July_2026.pdf
69,AMADAND OCP[4.0MTY],SECL - CIL,400148,Madhya Pradesh,2016-03-01,2016-03-01,2021-03-01,2027-03-01,869.44,869.44,325.09,75.15,58,July 2026,FlashReport_July_2026.pdf
70,BLOCK B EXPANSION [3.5 TO 8.0,NCL - CIL,400162,Madhya Pradesh,2019-07-01,2019-07-01,2023-03-01,2027-03-01,998.71,998.71,545.34,51.31,58,July 2026,FlashReport_July_2026.pdf
71,NIGAHI EXPANSION [15 TO 25 MTP,NCL - CIL,400321,Madhya Pradesh,2020-11-01,2020-11-01,2025-03-01,2028-03-01,1729.68,1729.68,985.35,53.73,58,July 2026,FlashReport_July_2026.pdf
72,KANCHAN OC EXP,SECL - CIL,613802,Madhya Pradesh,2014-12-01,2014-12-01,2026-03-01,2028-03-01,371.04,371.04,157.9,58.2,58,July 2026,FlashReport_July_2026.pdf
73,JHIRIA WEST OCP [1.5 MTY],SECL - CIL,613803,Madhya Pradesh,2024-01-01,2024-01-01,2029-03-01,,366.94,366.94,37.19,41.29,58,July 2026,FlashReport_July_2026.pdf
74,RPR TAWA-III UG 0.84 MTY,WCL - CIL,613804,Madhya Pradesh,2021-12-01,2021-12-01,2027-03-01,,314.09,314.09,17.9,17.78,58,July 2026,FlashReport_July_2026.pdf
75,AMALGAMATED DHANKASA & JAMUNIA,WCL - CIL,615185,Madhya Pradesh,2022-09-01,2022-09-01,2027-03-01,,399.2,399.2,117.2,67.13,58,July 2026,FlashReport_July_2026.pdf
76,RPR OF VISHNUPURI UG TO OC,WCL - CIL,615187,Madhya Pradesh,2022-11-01,2022-11-01,2029-03-01,,220.62,220.62,0.0,11.2,58,July 2026,FlashReport_July_2026.pdf
77,URDHAN EXPANSION OC COST PLUS,WCL - CIL,615194,Madhya Pradesh,2022-07-01,2023-01-01,2031-03-01,,206.88,206.88,50.69,2.02,58,July 2026,FlashReport_July_2026.pdf
78,SHARDA UG MINE,WCL - CIL,615195,Madhya Pradesh,2022-07-01,2023-09-01,2028-03-01,,166.25,166.25,5.93,9.39,58,July 2026,FlashReport_July_2026.pdf
79,GANDHIGRAM UG MINE,WCL - CIL,615206,Madhya Pradesh,2019-08-01,2019-08-01,2026-03-01,2027-03-01,414.15,414.15,28.54,56.88,58,July 2026,FlashReport_July_2026.pdf
80,JAYANT EXPN. [20 TO 38 MTPA],NCL - CIL,619032,Madhya Pradesh,2025-02-01,2025-02-01,2032-03-01,,25560.48,25560.48,333.3,2.1,58,July 2026,FlashReport_July_2026.pdf
81,RPR FOR RAMPUR BATURA OCP,SECL - CIL,619053,Madhya Pradesh,2025-05-01,2025-05-01,2030-03-01,,1604.69,1604.69,75.28,0.3,58,July 2026,FlashReport_July_2026.pdf
82,BHATADI EXPANSION OC,WCL - CIL,400033,Maharashtra,2020-02-01,2022-05-01,2028-03-01,,580.61,580.61,112.17,34.25,58,July 2026,FlashReport_July_2026.pdf
83,AMALGAMATED YEKONA I & YEKONA,WCL - CIL,400177,Maharashtra,2015-08-01,2015-08-01,2025-03-01,2027-03-01,727.28,727.28,564.25,80.77,58,July 2026,FlashReport_July_2026.pdf
84,DINESH[MAKARDHOKRA-III] OC,WCL - CIL,400178,Maharashtra,2020-02-01,2020-02-01,2027-03-01,,822.88,822.88,792.0,40.63,58,July 2026,FlashReport_July_2026.pdf
85,DHUPTALA OC [SASTI UG TO OC ],WCL - CIL,400353,Maharashtra,2019-02-01,2021-10-01,2028-03-01,,711.01,711.01,174.66,19.02,58,July 2026,FlashReport_July_2026.pdf
86,SAONER UG MINE -1 EXPANSION 1.,WCL - CIL,615184,Maharashtra,2022-01-01,2022-01-01,2028-03-01,,228.64,228.64,157.01,69.33,59,July 2026,FlashReport_July_2026.pdf
87,SASTI EXPANSION OPENCAST,WCL - CIL,615186,Maharashtra,2020-08-01,2020-08-01,2026-03-01,2027-03-01,319.04,319.04,155.37,32.21,59,July 2026,FlashReport_July_2026.pdf
88,NEW MAJRI UG TO OC 3 MTY COST,WCL - CIL,615188,Maharashtra,2019-05-01,2022-09-01,2027-03-01,,402.27,402.27,67.81,24.17,59,July 2026,FlashReport_July_2026.pdf
89,MAKARDHOKRA EXPN OC 4.9 MTY,WCL - CIL,615189,Maharashtra,2022-06-01,2022-06-01,2026-03-01,2027-03-01,361.87,361.87,104.17,12.2,59,July 2026,FlashReport_July_2026.pdf
90,SINGHORI DEEP OC MIN 2.0 MTY,WCL - CIL,615190,Maharashtra,2022-05-01,2022-05-01,2029-03-01,,335.75,335.75,53.94,9.64,59,July 2026,FlashReport_July_2026.pdf
91,GOKUL EXTENSION OC MINE,WCL - CIL,615192,Maharashtra,2021-04-01,2021-04-01,2026-03-01,2027-03-01,309.58,309.58,62.31,8.44,59,July 2026,FlashReport_July_2026.pdf
92,KOLGAON EXPANSION DEEP OC MINE,WCL - CIL,615199,Maharashtra,2023-01-01,2023-09-01,2027-03-01,,198.71,198.71,25.08,3.93,59,July 2026,FlashReport_July_2026.pdf
93,BALLARPUR NORTH WEST OC MINE,WCL - CIL,615330,Maharashtra,2022-12-01,2022-12-01,2029-03-01,,360.81,360.81,26.97,5.35,59,July 2026,FlashReport_July_2026.pdf
94,GADEGAON OC 3 MTY,WCL - CIL,615331,Maharashtra,2023-10-01,2023-10-01,2030-03-01,,497.41,497.41,95.69,2.19,59,July 2026,FlashReport_July_2026.pdf
95,GHONSA EXPANSION DEEP OC MINE,WCL - CIL,615914,Maharashtra,2021-03-01,2021-04-01,2029-03-01,,184.71,184.71,15.72,12.98,59,July 2026,FlashReport_July_2026.pdf
96,AMLG GAURI PAUNI EXPANSION OC,WCL - CIL,615916,Maharashtra,2024-04-01,2024-04-01,2030-03-01,,1225.21,1225.21,92.02,4.21,59,July 2026,FlashReport_July_2026.pdf
97,GAURIDEEP/GAURI CENTRAL OCP 7.,WCL - CIL,615917,Maharashtra,2023-08-01,2024-06-01,2030-03-01,,973.07,973.07,1.55,2.31,59,July 2026,FlashReport_July_2026.pdf
98,RPR OF BHANEGAON OC,WCL - CIL,615918,Maharashtra,2017-02-01,2022-09-01,2028-03-01,,405.2,405.2,43.16,16.06,59,July 2026,FlashReport_July_2026.pdf
99,N. EXTN. MUNGOLI NIRGUDA D OCP,WCL - CIL,615919,Maharashtra,2024-06-01,2024-06-01,2029-03-01,,1024.91,1024.91,218.26,27.92,59,July 2026,FlashReport_July_2026.pdf
100,NILJAI EXPANSION DEEP OCP,WCL - CIL,615982,Maharashtra,2016-08-01,2016-08-01,2022-03-01,2027-03-01,319.75,319.75,196.82,79.83,59,July 2026,FlashReport_July_2026.pdf
101,UKNI DEEP OC MINE -COST PLUS,WCL - CIL,616044,Maharashtra,2018-11-01,2019-01-01,2021-03-01,2027-03-01,237.06,237.06,168.91,94.57,59,July 2026,FlashReport_July_2026.pdf
102,AMALGAMATED INDER-KAMPTEE DEEP,WCL - CIL,616050,Maharashtra,2018-09-01,2018-09-01,2024-03-01,2027-03-01,235.9,235.9,128.49,98.97,59,July 2026,FlashReport_July_2026.pdf
103,ADASA UG TO OC MINE,WCL - CIL,616223,Maharashtra,2018-11-01,2018-11-01,2024-03-01,2027-03-01,316.0,316.0,209.29,86.49,59,July 2026,FlashReport_July_2026.pdf
104,AMAL GONDEGAON GHATROHANA EXPN,WCL - CIL,616229,Maharashtra,2024-09-01,2024-09-01,2029-03-01,,668.54,668.54,2.95,2.55,59,July 2026,FlashReport_July_2026.pdf
105,WAGHODA UG MINE [1.02 MTY],WCL - CIL,617233,Maharashtra,2024-01-01,2025-01-01,2030-03-01,,379.3,379.3,0.0,0.11,59,July 2026,FlashReport_July_2026.pdf
106,KOLARPIMPRI EXPANSION OC [2.5,WCL - CIL,617278,Maharashtra,2024-06-01,2025-02-01,2030-03-01,,630.37,630.37,0.61,0.4,59,July 2026,FlashReport_July_2026.pdf
107,SAONER-III EXPN UG MINE 1.54,WCL - CIL,619055,Maharashtra,2025-08-01,2025-08-01,2032-03-01,,444.42,444.42,0.0,0.0,59,July 2026,FlashReport_July_2026.pdf
108,BINA KAKRI AMALGAMATION EXPANS,NCL - CIL,400369,"Multi-States (Madhya Pradesh, Uttar Pradesh)",2020-08-01,2020-08-01,2024-03-01,2027-03-01,836.42,836.42,917.1,92.05,59,July 2026,FlashReport_July_2026.pdf
109,KHADIA EXPANSION [10 TO 16 MTP,NCL - CIL,615183,"Multi-States (Madhya Pradesh, Uttar Pradesh)",2021-06-01,2021-06-01,2025-03-01,2027-03-01,491.67,491.67,379.69,57.12,60,July 2026,FlashReport_July_2026.pdf
110,SUBHADRA OCP,MCL - CIL,400165,Odisha,2021-05-01,2021-05-01,2032-04-01,,1693.81,1693.81,1332.87,46.57,60,July 2026,FlashReport_July_2026.pdf
111,SIARMAL OCP,Mahanadi Coalfields Limited [MCL],400166,Odisha,2021-02-01,2021-02-01,2029-03-01,,5194.95,5194.95,3543.45,61.04,60,July 2026,FlashReport_July_2026.pdf
112,BALARAM EXPANSION OCP,Mahanadi Coalfields Limited [MCL],400183,Odisha,2020-08-01,2020-08-01,2029-03-01,,3504.21,3504.21,963.81,62.06,60,July 2026,FlashReport_July_2026.pdf
113,GOPALJI KANIHA OCP [10 TO 30 M,MCL - CIL,400185,Odisha,2022-04-01,2022-04-01,2030-03-01,,8416.19,6107.87,1777.54,35.8,60,July 2026,FlashReport_July_2026.pdf
114,INTEGRATED LAKHANPUR-BELPAHAR-,MCL - CIL,400187,Odisha,2018-05-01,2018-05-01,2027-03-01,,2434.75,2434.75,2133.7,82.9,60,July 2026,FlashReport_July_2026.pdf
115,BHARATPUR RE-ORGANIZATION OCP,MCL - CIL,400392,Odisha,2018-11-01,2018-11-01,2029-03-01,,2838.86,2838.86,1716.58,53.54,60,July 2026,FlashReport_July_2026.pdf
116,Naini Coal Mine,Singareni Collieries Company Limited [SCCL],615857,Odisha,2020-03-01,2020-03-01,2026-03-01,,494.3,494.3,491.33,80.0,60,July 2026,FlashReport_July_2026.pdf
117,INTEGRATED KULDA GARJANBAHAL O,MCL - CIL,616226,Odisha,2023-04-01,2023-04-01,2033-03-01,,3563.5,3563.5,692.76,10.43,60,July 2026,FlashReport_July_2026.pdf
118,BHUBANESWARI EXPN OCP 50 MTY,MCL - CIL,616231,Odisha,2024-03-01,2024-03-01,2033-03-01,,5366.27,5366.27,477.73,34.03,60,July 2026,FlashReport_July_2026.pdf
119,HINGULA II OC EXPN PH III 15 M,MCL - CIL,616232,Odisha,2022-11-01,2022-11-01,2029-03-01,,1561.85,1561.85,284.22,33.55,60,July 2026,FlashReport_July_2026.pdf
120,BALABHADRA OCP,MCL - CIL,616233,Odisha,2023-04-01,2023-04-01,2030-03-01,,978.44,978.44,461.54,18.93,60,July 2026,FlashReport_July_2026.pdf
121,Talabira II & III OCP - FMC,NLC India Limited [NLCIL],618982,Odisha,2022-10-01,2023-05-01,2026-06-01,2026-12-01,522.45,522.45,334.44,74.8,60,July 2026,FlashReport_July_2026.pdf
122,Jawahar Khani Open Cast Mine,Singareni Collieries Company Limited [SCCL],615818,Telangana,2021-12-01,2021-12-01,2025-03-01,2027-03-01,297.88,297.88,50.39,20.0,60,July 2026,FlashReport_July_2026.pdf
123,Kalyanikhani Opencast Project,Singareni Collieries Company Limited [SCCL],615858,Telangana,2016-03-01,2017-05-01,2026-03-01,,384.32,384.32,304.39,77.0,60,July 2026,FlashReport_July_2026.pdf
124,Godavarikhani Coal Mine - 5,Singareni Collieries Company Limited [SCCL],615860,Telangana,2019-07-01,2019-05-01,2025-03-01,2026-03-01,607.04,607.04,201.0,71.0,60,July 2026,FlashReport_July_2026.pdf
125,Indaram Opencast Project,Singareni Collieries Company Limited [SCCL],615861,Telangana,2017-08-01,2022-12-01,2025-03-01,2026-03-01,424.81,424.81,408.69,81.0,60,July 2026,FlashReport_July_2026.pdf
126,Goleti Opencast Mine,Singareni Collieries Company Limited [SCCL],615862,Telangana,2021-07-01,2021-08-01,2026-03-01,,345.6,345.6,111.94,33.0,60,July 2026,FlashReport_July_2026.pdf
127,Venkatesh Khani Coal Mine,Singareni Collieries Company Limited [SCCL],615863,Telangana,2020-10-01,2020-06-01,2026-03-01,,484.5,484.5,477.14,97.0,60,July 2026,FlashReport_July_2026.pdf
128,Kakatiyakhani OC - 2 Project,Singareni Collieries Company Limited [SCCL],615865,Telangana,2017-08-01,2017-09-01,2025-03-01,2026-03-01,442.42,442.42,253.41,64.0,60,July 2026,FlashReport_July_2026.pdf
129,MOHANPUR EXPANSION OC -PHASE I,Eastern Coal Fields Limited [ECL],400173,West Bengal,2020-11-01,2020-11-01,2026-03-01,2030-03-01,888.99,888.99,153.96,31.52,60,July 2026,FlashReport_July_2026.pdf
130,BONJEMEHARI EXPANSION OCP,Eastern Coal Fields Limited [ECL],400180,West Bengal,2021-08-01,2021-08-01,2026-03-01,2030-03-01,570.11,570.11,98.58,17.13,60,July 2026,FlashReport_July_2026.pdf
131,NAKRAKONDA KUMARDIH- B OCP,ECL - CIL,400181,West Bengal,2018-08-01,2018-08-01,2029-03-01,,502.68,502.67,88.9,28.58,60,July 2026,FlashReport_July_2026.pdf
132,TILABONI UG,ECL - CIL,400186,West Bengal,2023-01-01,2023-01-01,2029-03-01,,749.08,749.07,53.97,12.14,61,July 2026,FlashReport_July_2026.pdf
133,JHANJRA EXPANSION UG,Eastern Coal Fields Limited [ECL],400312,West Bengal,2020-04-01,2020-04-01,2029-03-01,,1210.12,1210.12,633.57,52.04,61,July 2026,FlashReport_July_2026.pdf
134,SONEPUR BAZARI EXPANSION OCP [,Eastern Coal Fields Limited [ECL],400315,West Bengal,2021-07-01,2021-07-01,2029-03-01,,5365.88,5365.88,697.64,18.5,61,July 2026,FlashReport_July_2026.pdf
135,ITAPARA OCP,Eastern Coal Fields Limited [ECL],612816,West Bengal,2023-12-01,2023-12-01,2030-03-01,,929.1,929.1,132.43,8.41,61,July 2026,FlashReport_July_2026.pdf
136,SHYAMSUNDARPUR UG INCLUDING SA,ECL - CIL,613793,West Bengal,2020-04-01,2020-04-01,2026-03-01,2028-03-01,483.65,483.65,96.8,16.79,61,July 2026,FlashReport_July_2026.pdf
137,PARASEA-BELBAID UG PROJECT,ECL - CIL,613794,West Bengal,2023-01-01,2023-01-01,2028-03-01,,389.1,389.1,132.48,22.26,61,July 2026,FlashReport_July_2026.pdf
138,PARASCOLE JAMBAD OCP,ECL - CIL,616230,West Bengal,2024-11-01,2024-11-01,2037-03-01,,1193.55,1193.55,11.81,0.23,61,July 2026,FlashReport_July_2026.pdf
139,50 MW Wind Power Project,NLC India Limited,617299,Gujarat,2022-07-01,2024-01-01,2025-06-01,2026-12-01,383.84,383.84,333.34,52.0,61,July 2026,FlashReport_July_2026.pdf
140,600 MW Khavda Solar Power Project,NLC India Limited [NLCIL],617730,Gujarat,2023-08-01,2024-06-01,2026-06-01,2026-12-01,3335.85,3335.85,2122.95,62.0,61,July 2026,FlashReport_July_2026.pdf
141,200 MW SPP part of 510 MW CPSU scheme,NLC India Limited [NLCIL],618991,Gujarat,2022-07-01,2024-03-01,2026-12-01,,1221.41,1221.41,71.51,0.0,61,July 2026,FlashReport_July_2026.pdf
142,100 MW SPP part of SECI 150 MW Hybrid,NLC India Limited [NLCIL],618992,Gujarat,2022-07-01,2024-04-01,2026-12-01,,480.68,480.68,2.75,1.2,61,July 2026,FlashReport_July_2026.pdf
143,NLC Talabira Thermal Power Project,NLC India Limited,400231,Odisha,2017-01-01,2024-01-01,2030-03-01,,27212.96,27212.96,3574.21,4.1,61,July 2026,FlashReport_July_2026.pdf
144,810 MW Solar Power Project - Rajasthan,NLC India Limited [NLCIL],618981,Rajasthan,2024-10-01,2025-09-01,2028-03-01,,4147.07,4147.07,249.95,0.0,61,July 2026,FlashReport_July_2026.pdf
145,Dharamjaigarh-Korba,Railway,400203,Chhattisgarh,2018-05-01,2017-03-01,2026-12-01,2026-08-01,1686.22,2438.53,792.73,43.7,61,July 2026,FlashReport_July_2026.pdf
146,Shivpur-Kathautia New Rail [BG] Line [49 km] [Package II of Tori-Shivpur-Kathautia line],Ministry of Coal,400416,Jharkhand,2018-02-01,2022-05-01,2025-06-01,2027-06-01,1799.64,2564.34,1784.77,72.0,61,July 2026,FlashReport_July_2026.pdf
147,Tubed Coal Mine,Damodar Valley Corporation,400192,Jharkhand,2016-07-01,2016-10-01,2026-05-01,2026-12-01,1581.0,1581.0,624.86,37.0,61,July 2026,FlashReport_July_2026.pdf
148,Badam Coal Mining project of NTPC,National Thermal Power Corporation [NTPC],603293,Jharkhand,2019-02-01,2019-09-01,2056-12-01,2027-04-01,502.0,784.0,438.57,67.86,61,July 2026,FlashReport_July_2026.pdf
149,Dibang Multipurpose Project,National Hydroelectric Power Corporation Limited [NHPC],602182,Arunachal Pradesh,2023-02-01,2023-02-01,2032-02-01,2032-02-01,31876.39,31876.39,4921.36,17.93,61,July 2026,FlashReport_July_2026.pdf
150,240MW Heo HE Project,North Eastern Electric Power Corporation Limited,611698,Arunachal Pradesh,2024-12-01,2025-05-01,2029-07-01,,1938.85,1938.85,106.28,6.58,61,July 2026,FlashReport_July_2026.pdf
151,186 MW Tato-I H E Project,North Eastern Electric Power Corporation Limited,611699,Arunachal Pradesh,2024-12-01,2025-05-01,2029-07-01,,1750.07,1750.07,79.45,5.6,62,July 2026,FlashReport_July_2026.pdf
152,700 MW Tato-II HE Project,North Eastern Electric Power Corporation Limited,611716,Arunachal Pradesh,2025-09-01,2025-09-01,2031-09-01,,8146.21,8146.21,253.97,6.59,62,July 2026,FlashReport_July_2026.pdf
153,Kalai-II Hydro Electric Project [1200 MW],THDC India Limited,619311,Arunachal Pradesh,2026-04-01,2026-04-01,2032-10-01,,14105.83,14105.83,189.68,0.0,62,July 2026,FlashReport_July_2026.pdf
154,Buxar Thermal Power Project [1320 MW],Satluj Jal Vidyut Nigam [SJVN] Thermal Limited,602579,Bihar,2019-03-01,2019-06-01,2024-01-01,2026-05-01,10439.09,13756.56,13731.77,95.01,62,July 2026,FlashReport_July_2026.pdf
155,"Nabinagar Super Thermal Power Project, Stage-II [3x800 MW]",National Thermal Power Corporation [NTPC],619051,Bihar,2024-11-01,2025-03-01,2030-07-01,2030-07-01,29948.0,29948.0,3422.25,15.0,62,July 2026,FlashReport_July_2026.pdf
156,Lara Super Thermal Power Project Stage-II [2 x 800 MW],National Thermal Power Corporation [NTPC],611930,Chhattisgarh,2023-08-01,2023-08-01,2028-06-01,2028-11-01,15530.0,16106.0,5472.13,33.5,62,July 2026,FlashReport_July_2026.pdf
157,"Sipat Super Thermal Power Project, Stage-III [1x800 MW]",National Thermal Power Corporation [NTPC],617188,Chhattisgarh,2024-09-01,2024-09-01,2029-09-01,2029-11-01,9791.0,9791.0,1910.55,22.31,62,July 2026,FlashReport_July_2026.pdf
158,Bagodara Solar Power Project,Satluj Jal Vidyut Nigam [SJVN] Thermal Limited,709747,Gujarat,2021-03-01,2021-05-01,2025-12-01,2025-12-01,339.35,339.35,370.0,51.86,62,July 2026,FlashReport_July_2026.pdf
159,Dhaulasidh Hydro Electric Project [66 MW],Satluj Jal Vidyut Nigam [SJVN] Thermal Limited,602582,Himachal Pradesh,2020-10-01,2021-05-01,2025-11-01,2027-03-01,687.97,1763.31,1275.68,80.69,62,July 2026,FlashReport_July_2026.pdf
160,Luhri Stage-I Hydro Electric Project [210 MW],Satluj Jal Vidyut Nigam [SJVN] Thermal Limited,602593,Himachal Pradesh,2020-11-01,2020-11-01,2026-01-01,2030-05-01,1810.56,4345.31,1980.59,52.13,62,July 2026,FlashReport_July_2026.pdf
161,Sunni Dam Hydro Electric Project [382 MW],Satluj Jal Vidyut Nigam [SJVN] Thermal Limited,611586,Himachal Pradesh,2023-01-01,2023-01-01,2028-04-01,2029-12-01,2614.51,4555.49,1152.21,34.66,62,July 2026,FlashReport_July_2026.pdf
162,"Pakal Dul [Drangdhuran] Hydroelectric Project, 1000 MW",National Hydroelectric Power Corporation Limited [NHPC],602525,Jammu and Kashmir,2014-10-01,2018-02-01,2020-04-01,2026-12-01,8112.12,12728.0,9313.54,82.05,62,July 2026,FlashReport_July_2026.pdf
163,Kiru HE Project,National Hydroelectric Power Corporation Limited [NHPC],602532,Jammu and Kashmir,2019-03-01,2020-02-01,2023-09-01,2026-12-01,4287.59,5409.0,3948.67,87.0,62,July 2026,FlashReport_July_2026.pdf
164,"Ratle HE Project - 850 MW, Ratle Hydroelectric Power Corporation Limited.",National Hydroelectric Power Corporation Limited [NHPC],602535,Jammu and Kashmir,2021-02-01,2022-01-01,2026-02-01,2028-11-01,5281.94,5281.94,1645.11,31.53,62,July 2026,FlashReport_July_2026.pdf
165,Kwar HE Project,National Hydroelectric Power Corporation Limited [NHPC],605155,Jammu and Kashmir,2022-05-01,2022-11-01,2026-11-01,2028-03-01,4526.12,4526.12,1701.47,36.52,62,July 2026,FlashReport_July_2026.pdf
166,Patratu Thermal Power Station Expansion Project Phase-I [3x800 MW],National Thermal Power Corporation [NTPC],400261,Jharkhand,2017-11-01,2017-11-01,2023-03-01,2027-04-01,18668.0,20302.0,19735.72,92.0,62,July 2026,FlashReport_July_2026.pdf
167,"Koderma Thermal Power Station Phase II [2X800 MW] At Koderma, Jharkhand",Damodar Valley Corporation,611509,Jharkhand,2023-04-01,2024-11-01,2029-07-01,,14358.0,14358.0,2229.31,14.3,62,July 2026,FlashReport_July_2026.pdf
168,"Gadarwara Super Thermal Power Project, Stage-II [2x800 MW]",National Thermal Power Corporation [NTPC],618976,Madhya Pradesh,2024-11-01,2025-05-01,2030-03-01,2030-03-01,20446.0,20446.0,2329.76,11.5,62,July 2026,FlashReport_July_2026.pdf
169,Subansiri Lower HE Project [2000 MW],National Hydroelectric Power Corporation Limited [NHPC],602096,"Multi-States (Arunachal Pradesh, Assam)",2003-09-01,2005-01-01,2010-09-01,2027-03-01,6285.33,26075.54,26448.07,97.98,62,July 2026,FlashReport_July_2026.pdf
170,Talcher Thermal Power Station Stage III [2 x 660 MW] Expansion,National Thermal Power Corporation [NTPC],602961,Odisha,2022-08-01,2022-09-01,2027-05-01,2028-05-01,11843.75,12543.0,7031.31,55.0,62,July 2026,FlashReport_July_2026.pdf
171,"Darlipali Super Thermal Power Project, Stage-II [1x800 MW]",National Thermal Power Corporation [NTPC],619056,Odisha,2025-11-01,2025-11-01,2031-01-01,2031-05-01,11131.0,11131.0,566.2,2.7,62,July 2026,FlashReport_July_2026.pdf
172,"TEESTA-VI HE PROJECT, SIKKIM [500 MW], executed by LANCO TEESTA HYDRO POWER LIMITED [A wholly owned Subsidiary of NHPC LTD. acquired through NCLT]",National Hydroelectric Power Corporation Limited [NHPC],602181,Sikkim,2019-03-01,2020-03-01,2024-03-01,2029-09-01,5748.04,5748.04,4572.68,73.78,62,July 2026,FlashReport_July_2026.pdf
173,Rangit-IV HE Project [120 MW] executed by Jal Power Corporation Ltd. [JPCL] - A wholly owned subsidiary of NHPC Ltd. acquired through NCLT,National Hydroelectric Power Corporation Limited [NHPC],605156,Sikkim,2021-03-01,2021-08-01,2024-05-01,2026-11-01,938.29,1828.11,1718.16,97.56,63,July 2026,FlashReport_July_2026.pdf
174,"Telangana Super Thermal Power Project , Stage-II [3 x 800 MW]",National Thermal Power Corporation [NTPC],619341,Telangana,2026-03-01,2026-03-01,2032-01-01,,29344.85,29344.85,732.96,0.97,63,July 2026,FlashReport_July_2026.pdf
175,"Meja Thermal Power Project, Stage-II ,",3x800 MW,298178,Uttar Pradesh,2026-06-01,2026-06-01,2032-12-01,,38358.0,38358.0,1002.73,0.02,63,July 2026,FlashReport_July_2026.pdf
176,"Singrauli Super Thermal Power Project, Stage-III [2x800 MW]",National Thermal Power Corporation [NTPC],612142,Uttar Pradesh,2024-03-01,2024-03-01,2030-02-01,2030-04-01,17195.0,17195.0,3840.48,25.0,63,July 2026,FlashReport_July_2026.pdf
177,Tapovan-Vishnugad HEP [4x130 MW],National Thermal Power Corporation [NTPC],602185,Uttarakhand,2006-11-01,2006-11-01,2013-03-01,2029-07-01,2978.0,10907.3,7827.81,76.07,63,July 2026,FlashReport_July_2026.pdf
178,Vishnugad Pipalkoti Hydro Electric Project [444 MW],THDC India Limited,602195,Uttarakhand,2008-08-01,2014-01-01,2022-12-01,2028-06-01,3860.35,6405.08,5832.69,81.5,63,July 2026,FlashReport_July_2026.pdf
179,"Raghunathpur Thermal Power Station Phase II [2X660 MW] at Raghunathpur, Purulia, West Bengal",Damodar Valley Corporation,400062,West Bengal,2023-01-01,2025-02-01,2029-08-01,,17673.0,17673.0,2268.62,13.0,63,July 2026,FlashReport_July_2026.pdf
180,Rammam-III HEPP [3x40 MW],National Thermal Power Corporation [NTPC],602184,West Bengal,2014-09-01,2014-09-01,2019-09-01,2029-09-01,1381.84,2865.56,1690.73,57.86,63,July 2026,FlashReport_July_2026.pdf
181,Installation of FGD for 4x210 & 2x250 MW MTPS U 1-6,Damodar Valley Corporation,602538,West Bengal,2019-06-01,2021-02-01,2024-01-01,2026-09-01,1037.0,1106.0,1143.06,97.0,63,July 2026,FlashReport_July_2026.pdf
182,Transmission system strengthening at Kurnool- III PS for integration of additional RE generation projects [POWERGRID Kurnool III PS RE Transmission Limited],Power Grid Corporation of India Limited [POWERGRID],617183,Andhra Pradesh,2025-03-01,2025-03-01,2027-12-01,,2886.0,2886.0,894.66,43.89,63,July 2026,FlashReport_July_2026.pdf
183,North Eastern Region Expansion Scheme-XXIII [NERES-XXIII],Power Grid Corporation of India Limited [POWERGRID],617375,Arunachal Pradesh,2025-08-01,2025-08-01,2028-02-01,,209.38,209.38,3.14,3.89,63,July 2026,FlashReport_July_2026.pdf
184,Transmission system for evacuation of Power from REZ in Rajasthan [20 GW] under phase-III Part-D Phase-II,Power Grid Corporation of India Limited [POWERGRID],615336,Delhi,2023-11-01,2024-10-01,2026-02-01,2026-12-01,284.0,284.0,90.88,45.94,63,July 2026,FlashReport_July_2026.pdf
185,Transmission system for Evacuation of Additional 7 GW RE power from Khavda RE park under Phase-III Part B [Vataman Transmission Limited],Power Grid Corporation of India Limited [POWERGRID],612139,Gujarat,2023-12-01,2023-12-01,2025-12-01,2026-12-01,4231.0,4231.0,3175.79,72.12,63,July 2026,FlashReport_July_2026.pdf
186,Transmission System for Evacuation of Power from Potential Energy Renewable Zone in Khavda Area of Gujarat under Ph-IV [7GW] Part E2,Power Grid Corporation of India Limited [POWERGRID],612855,Gujarat,2024-05-01,2024-05-01,2026-05-01,2026-09-01,697.0,697.0,592.45,82.0,63,July 2026,FlashReport_July_2026.pdf
187,Augmentation of Transformation Capacity at jam Khambhaliya PS [GIS] [SPV Name POWERGRID Jam Khambhaliya Transmission Limited],Power Grid Corporation of India Limited [POWERGRID],615342,Gujarat,2024-10-01,2024-10-01,2026-07-01,2027-04-01,329.0,329.0,72.38,33.0,63,July 2026,FlashReport_July_2026.pdf
188,Provision of Dynamic Reactive Compensation at Khavda pooling Station 1 [KPS1] and Khavda Pooling station 3 [KPS3],Power Grid Corporation of India Limited [POWERGRID],615343,Gujarat,2024-11-01,2024-11-01,2026-11-01,,501.0,501.0,26.45,8.67,63,July 2026,FlashReport_July_2026.pdf
189,Transmission System for Evacuation of Power from Potential Renewable Energy Zone in Khavda area of Gujarat under Phase-IV [7GW] Part B [SPV Name POWERGRID South Olpad Transmission Limited],Power Grid Corporation of India Limited [POWERGRID],615345,Gujarat,2024-10-01,2024-10-01,2026-10-01,2027-10-01,4766.0,4766.0,2144.7,38.26,63,July 2026,FlashReport_July_2026.pdf
190,Augmentation of Transformation Capacity at KPS1 [GIS] and KPS2 [GIS] [Phase-V Part B1 and Part B2 Scheme] [SPV Name- POWERGRID KPS1 and 2 Augmentation Transmission Limited],Power Grid Corporation of India Limited [POWERGRID],617069,Gujarat,2025-02-01,2025-02-01,2027-02-01,,466.0,466.0,154.9,37.0,63,July 2026,FlashReport_July_2026.pdf
191,Augmentation of Banaskantha [Raghanesda] PS [GIS] [POWERGRID Banaskantha Transco Limited],Power Grid Corporation of India Limited [POWERGRID],617182,Gujarat,2025-03-01,2025-03-01,2027-03-01,,172.0,172.0,61.92,42.0,63,July 2026,FlashReport_July_2026.pdf
192,Augmentation of Transformation Capacity at Bhuj-II PS [GIS],Power Grid Corporation of India Limited [POWERGRID],617391,Gujarat,2025-02-01,2025-02-01,2026-11-01,2027-06-01,488.29,488.29,14.64,7.2,64,July 2026,FlashReport_July_2026.pdf
193,Jamnagar Transmission Limited,Adani Transmission Limited,617405,Gujarat,2024-10-01,2024-10-01,2026-10-01,2027-09-01,4000.0,4000.0,698.0,24.0,64,July 2026,FlashReport_July_2026.pdf
194,Provision of ICT Augmentation & Bus Reactor at Bhuj-II PS,Power Grid Corporation of India Limited [POWERGRID],617801,Gujarat,2025-03-01,2025-03-01,2026-12-01,2027-06-01,581.74,581.74,17.45,7.2,64,July 2026,FlashReport_July_2026.pdf
195,KPSIII HVDC Transmission Limited,Adani Transmission Limited,619026,Gujarat,2025-12-01,2025-12-01,2029-12-01,,19000.0,19000.0,20.0,1.0,64,July 2026,FlashReport_July_2026.pdf
196,Transmission System for Reliable Power Supply to Dholera,Power Grid Corporation of India Limited [POWERGRID],619029,Gujarat,2024-09-01,2024-09-01,2026-03-01,2026-12-01,319.42,319.42,70.27,35.2,64,July 2026,FlashReport_July_2026.pdf
197,Khavda IVA Power Transmission Limited,Adani Transmission Limited,619049,Gujarat,2024-08-01,2024-08-01,2026-08-01,2027-03-01,4500.0,4500.0,2772.7,70.0,64,July 2026,FlashReport_July_2026.pdf
198,Transmission Scheme for evacuation of Power from Ratle HEP [850 MW] & kiru [624 MW] Part B,Power Grid Corporation of India Limited [POWERGRID],617179,Jammu and Kashmir,2024-07-01,2024-07-01,2026-07-01,2027-06-01,218.6,218.6,3.72,1.7,64,July 2026,FlashReport_July_2026.pdf
199,Implementation of Transmission Systems in the State of Jharkhand consisting of 400/220/132/33 kV transmission lines and substations under Jharkhand Consultancy Project,Power Grid Corporation of India Limited [POWERGRID],617326,Jharkhand,2012-02-01,2012-02-01,2026-03-01,2027-06-01,1842.25,1842.25,1648.05,96.4,64,July 2026,FlashReport_July_2026.pdf
200,Transmission Scheme for Integration of Renewable Energy Zone [Phase II] in Koppal II [Phase A&B] and gadag II[Phase A] in Karnataka [POWERGRID KOPPAL GADAG TRANSMISSION LIMITED],Power Grid Corporation of India Limited [POWERGRID],612140,Karnataka,2023-12-01,2023-12-01,2025-12-01,2026-09-01,4445.0,4445.0,4089.4,95.95,64,July 2026,FlashReport_July_2026.pdf
201,System Strengthening at Koppal-II and GadagII for integration of RE generation projects [SPV Name POWERGRID Koppal Gadag Augmentation Transmission Limited],Power Grid Corporation of India Limited [POWERGRID],616672,Karnataka,2025-01-01,2025-01-01,2027-06-01,,1354.0,1354.0,338.5,38.07,64,July 2026,FlashReport_July_2026.pdf
202,"Augmentation of Transformation Capacity by 3x500 MVA, 400/220 KV ICTS [6th-8th] and 1x1500 MVA, 765/400 KV ICT [4th] at Bidar PS [SPV Name- POWERGRID Bidar Augmentation Transmission Limited]",Power Grid Corporation of India Limited [POWERGRID],617068,Karnataka,2025-02-01,2025-02-01,2027-06-01,,288.0,288.0,28.8,18.75,64,July 2026,FlashReport_July_2026.pdf
203,Transmission Scheme for integration of Davanagere/ Chitradurga and Bellary REZ in Karnataka [POWERGRID Chitradurga Bellary REZ Transmission Limited],Power Grid Corporation of India Limited [POWERGRID],617184,Karnataka,2025-03-01,2025-03-01,2027-09-01,,3453.0,3453.0,552.48,23.01,64,July 2026,FlashReport_July_2026.pdf
204,Transmission System Strengthening at Davanagere for Integration of RE Generation [SPV Name - POWERGRID Davanagere Power Transmission Limited],Power Grid Corporation of India Limited [POWERGRID],617803,Karnataka,2025-09-01,2025-09-01,2027-09-01,,379.0,379.0,17.06,2.5,64,July 2026,FlashReport_July_2026.pdf
205,Transmission System Strengthening for integration of additional RE Potential at Davanagere [0.25 GW] and Bellary [2.75 GW],Power Grid Corporation of India Limited [POWERGRID],619228,Karnataka,2026-02-01,2026-02-01,2028-02-01,,1111.0,1111.0,22.22,1.0,64,July 2026,FlashReport_July_2026.pdf
206,Augmentation of 1x500 MVA 400/220kV ICT [3rd] at Thrissur VSC HVDC Station in Kerala,Power Grid Corporation of India Limited [POWERGRID],619028,Kerala,2025-08-01,2025-08-01,2027-08-01,2027-12-01,173.14,173.14,2.08,1.5,64,July 2026,FlashReport_July_2026.pdf
207,Transmission System for Evacuation of Power from Rajasthan REZ Ph-IV [Part-2 5.5GW] [Jaisalmer/Barmer Complex] Part H1 [POWERGRID KURAWAR TRANSMISSION LIMITED],Power Grid Corporation of India Limited [POWERGRID],615344,Madhya Pradesh,2024-10-01,2024-10-01,2026-10-01,2027-06-01,3674.0,3674.0,1673.14,47.9,64,July 2026,FlashReport_July_2026.pdf
208,Transmission System for Evacuation of Power from Rajasthan REZ Ph-IV [Part-2 5.5 GW] [Jaisalmer/Barmer Complex] Part C [SPV Name POWERGRID Mandsaur Transmission Limited],Power Grid Corporation of India Limited [POWERGRID],615346,Madhya Pradesh,2024-08-01,2024-08-01,2026-08-01,2027-02-01,2708.0,2708.0,1624.8,72.39,64,July 2026,FlashReport_July_2026.pdf
209,Implementation of LILO of both circuits of 400KV vindhyachal PS-Sasan D/C Line at Hindalco Switchyard,Power Grid Corporation of India Limited [POWERGRID],617272,Madhya Pradesh,2024-06-01,2024-06-01,2026-12-01,,370.0,370.0,148.0,55.26,64,July 2026,FlashReport_July_2026.pdf
210,Transmission System for evacuation of power from Mahan Energen Limited Generating Station in Madhya Pradesh [SPV Name - POWERGRID MEL Power Transmission Limited],Power Grid Corporation of India Limited [POWERGRID],617279,Madhya Pradesh,2025-06-01,2025-06-01,2027-12-01,,558.0,558.0,180.9,18.47,65,July 2026,FlashReport_July_2026.pdf
211,Augmentation of Transformation Capacity and Implementation of Line Bays at Mandsaur S/S for RE Interconnection [SPV Name- POWERGRID Mandsaur I RE Transmission Limited],Power Grid Corporation of India Limited [POWERGRID],617802,Madhya Pradesh,2025-10-01,2025-10-01,2028-03-01,,319.0,319.0,17.23,4.8,65,July 2026,FlashReport_July_2026.pdf
212,Mahan Transmission Limited,Adani Transmission Limited,619024,Madhya Pradesh,2025-03-01,2025-03-01,2027-04-01,,3125.32,3125.32,542.79,30.0,65,July 2026,FlashReport_July_2026.pdf
213,WRNES Talegaon Power Transmission Limited,Adani Transmission Limited,619027,Maharashtra,2025-05-01,2025-05-01,2028-01-01,,2000.0,2000.0,25.0,5.0,65,July 2026,FlashReport_July_2026.pdf
214,Network Expansion Scheme in Maharashtra for removal of Transmission constraints in Pune Region-I [765/400kV AIS Pune East],Power Grid Corporation of India Limited [POWERGRID],619227,Maharashtra,2026-03-01,2026-03-01,2028-03-01,,1420.0,1420.0,38.9,3.92,65,July 2026,FlashReport_July_2026.pdf
215,Transmission System for Integration of Kurnool-IV REZ Phase-I [for 4.5 GW] [POWERGRID Kurnool-IV Transmission Limited],Power Grid Corporation of India Limited [POWERGRID],617185,"Multi-States (Andhra Pradesh, Karnataka)",2025-03-01,2025-03-01,2027-03-01,2027-09-01,5550.0,5550.0,1776.0,28.77,65,July 2026,FlashReport_July_2026.pdf
216,Transmission System for Integration of Ananthapur 2 REZ Phase 1 for 4.5 GW. SPV Name Anantapuram 2 REZ Transmission Ltd,Sterlite Power,617806,"Multi-States (Andhra Pradesh, Karnataka)",2024-08-01,2025-03-01,2027-03-01,,4535.99,4535.99,1207.57,64.0,65,July 2026,FlashReport_July_2026.pdf
217,Inter-Regional Strengthening between SR Grid and ER Grid,Power Grid Corporation of India Limited [POWERGRID],619030,"Multi-States (Andhra Pradesh, Odisha)",2026-02-01,2026-02-01,2028-08-01,,2722.5,2722.5,190.57,3.0,65,July 2026,FlashReport_July_2026.pdf
218,Comprehensive Scheme for Strengthening of Transmission and Distribution [T&D] Systems [CSST&DS] in Arunachal Pradesh and Sikkim,Power Grid Corporation of India Limited [POWERGRID],602223,"Multi-States (Arunachal Pradesh, Sikkim)",2014-10-01,2014-10-01,2018-12-01,2027-03-01,4754.42,9129.32,8141.52,83.9,65,July 2026,FlashReport_July_2026.pdf
219,NORTH EASTERN REGION POWER SYSTEM IMPROVEMENT PROJECT [NERPSIP],Power Grid Corporation of India Limited [POWERGRID],607709,"Multi-States (Assam, Manipur, Meghalaya, Mizoram, Nagaland, Tripura)",2014-12-01,2016-03-01,2018-12-01,2027-03-01,5111.33,6700.0,5577.75,99.2,65,July 2026,FlashReport_July_2026.pdf
220,Eastern Region Expansion Scheme-43 [ERES-43],Power Grid Corporation of India Limited [POWERGRID],617271,"Multi-States (Bihar, Odisha, West Bengal)",2024-09-01,2024-09-01,2026-03-01,2026-09-01,342.69,342.69,143.93,29.75,65,July 2026,FlashReport_July_2026.pdf
221,Inter-regional [NR-WR] Transmission System strengthening to relieve the loading of 765 kV Vindhyachal-Varanasi D/c line,Power Grid Corporation of India Limited [POWERGRID],617807,"Multi-States (Bihar, Uttar Pradesh)",2025-10-01,2025-10-01,2027-10-01,,2368.0,2368.0,157.94,6.38,65,July 2026,FlashReport_July_2026.pdf
222,Eastern Region Expansion Scheme-44 [ERES-44],Power Grid Corporation of India Limited [POWERGRID],617270,"Multi-States (Bihar, West Bengal)",2024-11-01,2024-11-01,2026-05-01,2027-09-01,408.94,408.94,6.13,1.5,65,July 2026,FlashReport_July_2026.pdf
223,Transmission Scheme for Evacuation of power from REZ in Rajasthan [20 GW] under Phase-III Part D Phase I [Sikar Khetri Transmission Ltd],Power Grid Corporation of India Limited [POWERGRID],612132,"Multi-States (Delhi, Haryana, Rajasthan)",2024-02-01,2024-02-01,2025-08-01,2027-03-01,2423.0,2423.0,2229.16,92.47,65,July 2026,FlashReport_July_2026.pdf
224,Transmission system for evacuation of power from REZ in Rajasthan 20GW under Phase-III Part J,Power Grid Corporation of India Limited [POWERGRID],611735,"Multi-States (Delhi, Rajasthan)",2022-12-01,2022-12-01,2025-03-01,2026-12-01,331.0,331.0,235.01,68.9,65,July 2026,FlashReport_July_2026.pdf
225,TRANSMISSION SYSTEM FOR EVACUATION OF POWER FROM POTENTIAL RENEWABLE ENERGY ZONE IN KHAVDA AREA OF GUJARAT UNDER PHASE-V [8 GW] PART A [SPV Name POWERGRID West Central Transmission Limited],Power Grid Corporation of India Limited [POWERGRID],615347,"Multi-States (Gujarat, Maharashtra)",2024-11-01,2024-11-01,2029-05-01,,24819.0,24819.0,2978.28,18.56,65,July 2026,FlashReport_July_2026.pdf
226,Transmission system for evacuation of power from Rajasthan REZ Ph-IV [Part- 3/6GW] [Bikaner complex] Part A [SPV Name POWERGRID Bikaner IV Transmission Limited],Power Grid Corporation of India Limited [POWERGRID],615339,"Multi-States (Haryana, Punjab, Rajasthan)",2024-11-01,2024-11-01,2026-11-01,2027-04-01,5969.0,5969.0,1969.77,33.3,65,July 2026,FlashReport_July_2026.pdf
227,TRANSMISSION SYSTEM FOR EVACUATION OF POWER FROM RAJASTHAN REZ PH-IV [PART-3/ 6 GW] [BIKANER COMPLEX] PART B [SPV Name POWERGRID Siwani Transmission Limited],Power Grid Corporation of India Limited [POWERGRID],615340,"Multi-States (Haryana, Rajasthan)",2024-11-01,2024-11-01,2026-11-01,2027-03-01,5357.0,5357.0,1921.02,36.53,65,July 2026,FlashReport_July_2026.pdf
228,Inter-Regional Strengthening between SR Grid and WR Grid,Power Grid Corporation of India Limited [POWERGRID],617808,"Multi-States (Karnataka, Maharashtra)",2025-10-01,2025-10-01,2027-10-01,,1007.0,1007.0,50.35,3.0,65,July 2026,FlashReport_July_2026.pdf
229,"Transmission Scheme for Solar Energy Zone in Bidar [2500 MW], Karnataka [Bidar Transmission Ltd]",Power Grid Corporation of India Limited [POWERGRID],612138,"Multi-States (Karnataka, Telangana)",2024-02-01,2024-02-01,2026-02-01,2026-08-01,1368.0,1368.0,1258.56,96.84,66,July 2026,FlashReport_July_2026.pdf
230,Transmission System for Evacuation of Power from Rajasthan REZ Ph-IV [Part-2 5.5 GW] [Jaisalmer/Barmer Complex] Part D [SPV Name POWERGRID Beawar Mandsaur Transmission Limited],Power Grid Corporation of India Limited [POWERGRID],615333,"Multi-States (Madhya Pradesh, Rajasthan)",2024-08-01,2024-08-01,2026-08-01,2026-12-01,2227.0,2227.0,1113.5,49.31,66,July 2026,FlashReport_July_2026.pdf
231,Transmission System for Evacuation of Power from Rajasthan REZ Ph-IV [Part-2 5.5 GW] [Jaisalmer/Barmer Complex] Part E [SPV Name POWERGRID Mewar Transmission Limited],Power Grid Corporation of India Limited [POWERGRID],615334,"Multi-States (Madhya Pradesh, Rajasthan)",2024-08-01,2024-08-01,2026-08-01,2027-04-01,3251.0,3251.0,2048.13,46.87,66,July 2026,FlashReport_July_2026.pdf
232,Rajasthan REZ Ph-V [Part-1- 4 GW] [Sirohi/Nagaur] Complex [Rajasthan V Power Transmission Limited],Power Grid Corporation of India Limited [POWERGRID],617186,"Multi-States (Madhya Pradesh, Rajasthan)",2025-03-01,2025-03-01,2027-03-01,2027-06-01,5028.0,5028.0,1508.4,34.03,66,July 2026,FlashReport_July_2026.pdf
233,RAJASTHAN PART I POWER TRANSMISSION LIMITED,Adani Transmission Limited,619025,"Multi-States (Madhya Pradesh, Rajasthan, Uttar Pradesh)",2025-01-01,2025-01-01,2029-07-01,,25000.0,25000.0,735.05,10.0,66,July 2026,FlashReport_July_2026.pdf
234,Transmission System for Evacuation of power from Rajasthan REZ Ph-IV [Part-1] [Bikaner Complex] Part D [Neemrana Bareilly Transmission Ltd],Power Grid Corporation of India Limited [POWERGRID],612133,"Multi-States (Rajasthan, Uttar Pradesh)",2023-12-01,2023-12-01,2025-12-01,2027-04-01,3271.0,3271.0,2731.29,73.45,66,July 2026,FlashReport_July_2026.pdf
235,Transmission System for evacuation of Power from Rajasthan REZ Ph-IV [Part-4 3.5 GW] Part A [SPV name POWERGRID Ghiror Transmission Limited],Power Grid Corporation of India Limited [POWERGRID],616670,"Multi-States (Rajasthan, Uttar Pradesh)",2024-12-01,2024-12-01,2026-12-01,2027-06-01,5846.0,5846.0,1953.73,40.71,66,July 2026,FlashReport_July_2026.pdf
236,Transmission system for evacuation of power from REZ in Rajasthan 20 GW under Phase-III part C1,Power Grid Corporation of India Limited [POWERGRID],611949,Rajasthan,2023-10-01,2023-10-01,2025-04-01,2026-08-01,1160.0,1160.0,1148.4,99.87,66,July 2026,FlashReport_July_2026.pdf
237,Transmission System for Evacuation of power from Rajasthan REZ Ph-IV [Part-1] [Bikaner Complex] Part A [Bikaner Neemrana Transmission Ltd],Power Grid Corporation of India Limited [POWERGRID],612134,Rajasthan,2023-12-01,2023-12-01,2025-12-01,2027-04-01,4741.0,4741.0,3887.62,79.39,66,July 2026,FlashReport_July_2026.pdf
238,Transmission System for Evacuation of Power from Rajasthan REZ Ph-IV [Part-2 5.5 GW][Jaisalmer/Barmer Complex] Part B [SPV Name POWERGRID Sirohi Transmission Limited],Power Grid Corporation of India Limited [POWERGRID],615332,Rajasthan,2024-08-01,2024-08-01,2026-08-01,2027-03-01,3279.0,3279.0,1901.82,56.15,66,July 2026,FlashReport_July_2026.pdf
239,Transmission System Strengthening for Interconnections of Bhadla-III & Bikaner III Complex [SPV Name POWERGRID BHADLA BIKANER TRANSMISSION LIMITED],Power Grid Corporation of India Limited [POWERGRID],615335,Rajasthan,2024-08-01,2024-08-01,2026-08-01,2027-03-01,1382.0,1382.0,628.81,57.31,66,July 2026,FlashReport_July_2026.pdf
240,Additional Transmission System for evacuation of Power from Bhadla-III PS as part of Rajasthan REZ Phase III Scheme [20 GW] [SPV Name POWERGRID Bhadla-III Power Transmission Limited],Power Grid Corporation of India Limited [POWERGRID],615337,Rajasthan,2024-08-01,2024-08-01,2026-02-01,2026-09-01,369.0,369.0,258.3,87.1,66,July 2026,FlashReport_July_2026.pdf
241,TRANSMISSION SYSTEM FOR EVACUATION OF POWER FROM RAJASTHAN REZ PH -IV [PART-2 5.5 GW] [JAISALMER/BARMER COMPLEX] PART F [SPV Name POWERGRID BARMER I TRANSMISSION LIMITED],Power Grid Corporation of India Limited [POWERGRID],615338,Rajasthan,2024-11-01,2024-11-01,2026-11-01,2027-06-01,2735.0,2735.0,1121.35,47.28,66,July 2026,FlashReport_July_2026.pdf
242,"Augmentation at Fatehgarh-II PS, Fatehgarh-IV PS [Section-II] and Barmer-I PS [POWERGRID Fatehgarh Barmer Augmentation Transmission Limited]",Power Grid Corporation of India Limited [POWERGRID],617181,Rajasthan,2025-03-01,2025-03-01,2026-12-01,2027-06-01,404.0,404.0,32.32,17.2,66,July 2026,FlashReport_July_2026.pdf
243,Transmission System under ISTS for evacuation of Power from Kudankulam Unit-3&4 [2x1000 MW] [SPV Name POWERGRID Kudankulam Tarnsmission Limited],Power Grid Corporation of India Limited [POWERGRID],616671,Tamil Nadu,2025-01-01,2025-01-01,2026-12-01,2027-03-01,548.0,548.0,208.24,23.78,66,July 2026,FlashReport_July_2026.pdf
244,Transmission System for Strengthening to facilitate evacuation of power from Bhadla/Bikaner Complex,Power Grid Corporation of India Limited [POWERGRID],617269,Uttar Pradesh,2024-12-01,2024-12-01,2026-06-01,2026-12-01,212.81,212.81,12.76,12.07,66,July 2026,FlashReport_July_2026.pdf
245,"Construction of One Tower of Office Complex and another Tower of Residential quarters i/c internal water supply, sanitary installation and all development and bulk services, Horticulture works on EPC Mode-I basis i/c comprehensive operation and maintenance of Civil, E&M services for 7 years after completion of original construction work for Ranga Reddy, Secunderabad, Medchal, AuditI, Audit-II Commissionerates of Central Tax at Khajaguda, Serilingampally, Hyderabad.",Central Public Works Department - CPWD,617412,Telangana,2024-03-01,2024-11-01,2027-09-01,,644.0,644.0,188.69,26.0,67,July 2026,FlashReport_July_2026.pdf
246,"Integrated Command control Center [ICCC] - Construction and Development of Integrated Command Control Center with Security, Surveillance, ITMS, Connecting Port, Ship Service, Smart Solid Waste Management, Smart Public Transport System",ministry of housing and urban affairs,707229,Andaman & Nicobar,2021-07-01,2021-11-01,2023-05-01,2025-10-01,209.88,230.0,37.35,97.0,67,July 2026,FlashReport_July_2026.pdf
247,Redevelopment of Seven General Pool Residential Accommodation [GPRA] Colonies in Delhi,National Buildings Construction Corporation [NBCC],400188,Delhi,2016-07-01,2018-05-01,2025-12-01,2025-12-01,32850.0,32841.0,14370.45,46.7,67,July 2026,FlashReport_July_2026.pdf
248,Rehablitation in Junavadaj Area Smart City Project,ministry of housing and urban affairs,701719,Gujarat,2016-02-01,2016-06-01,2022-07-01,2026-07-01,539.0,539.0,623.44,98.5,67,July 2026,FlashReport_July_2026.pdf
249,Green Building Development Project,ministry of housing and urban affairs,701766,Uttarakhand,2019-11-01,2019-08-01,2023-11-01,2026-12-01,150.97,206.0,59.51,40.3,67,July 2026,FlashReport_July_2026.pdf
250,Patna Metro Rail Project,Patna Metro Rail Corporation Ltd. [PMRCL],702627,Bihar,2019-02-01,2019-02-01,2024-02-01,2027-06-01,13365.77,13365.77,5198.09,50.05,67,July 2026,FlashReport_July_2026.pdf
251,Delhi Metro Rail Phase-IV [2 Corridors],Delhi Metro Rail Corporation Limited [DMRC],617207,Delhi,2024-03-01,2024-03-01,2029-03-01,,8399.81,8399.81,183.23,4.31,67,July 2026,FlashReport_July_2026.pdf
252,Delhi Metro Rail Phase V A,Delhi Metro Rail Corporation Limited [DMRC],619031,Delhi,2026-01-01,2026-01-01,2028-12-01,,12014.91,12014.91,264.98,5.65,67,July 2026,FlashReport_July_2026.pdf
253,DMRTS Phase - IV [3 Priority Corridors],Delhi Metro Rail Corporation Limited [DMRC],702632,Delhi,2019-07-01,2019-07-01,2025-03-01,2026-12-01,24948.65,24948.65,21420.76,83.46,67,July 2026,FlashReport_July_2026.pdf
254,Surat Metro Rail Project,Gujarat Metro Rail Corporation Limited [GMRCL],702630,Gujarat,2019-03-01,2019-03-01,2024-03-01,2027-03-01,12020.32,12020.32,9332.21,81.9,67,July 2026,FlashReport_July_2026.pdf
255,"Metro connectivity from Millennium City Centre to Cyber City with Spur to Dwarka Expressway, Gurugram.",Gurugram Metro Rail Limited [GMRL],619022,Haryana,2023-07-01,2024-08-01,2027-07-01,,5452.72,5452.72,193.32,10.05,67,July 2026,FlashReport_July_2026.pdf
256,Bangalore Metro Rail Project - PHASE-3,Bengaluru Metro Rail,612878,Karnataka,2024-09-01,2026-06-01,2031-05-01,,15611.0,15611.0,0.0,3.8,67,July 2026,FlashReport_July_2026.pdf
257,Construction of Bangalore Metro Rail Project Phase 2.,Bengaluru Metro Rail,702635,Karnataka,2014-02-01,2016-02-01,2021-03-01,2026-09-01,26405.14,30695.12,29834.97,95.8,67,July 2026,FlashReport_July_2026.pdf
258,Construction Bangalore Metro Rail Project Phase-2A & 2B,Bengaluru Metro Rail,702665,Karnataka,2021-06-01,2019-01-01,2026-06-01,2026-06-01,14788.1,14788.1,10878.48,67.5,67,July 2026,FlashReport_July_2026.pdf
259,Kochi Metro Rail Phase 2 Development Project,CSPCC Projects,702664,Kerala,2022-11-01,2022-11-01,2026-11-01,2026-11-01,1957.05,1957.05,816.8,41.2,67,July 2026,FlashReport_July_2026.pdf
260,Bhopal Metro Rail Project,Madhya Pradesh Metro Rail Co Limited [MPMRCL],702625,Madhya Pradesh,2018-11-01,2018-11-01,2022-11-01,2028-06-01,6941.4,6941.4,4498.76,62.7,67,July 2026,FlashReport_July_2026.pdf
261,Indore Metro Rail Project,Madhya Pradesh Metro Rail Co Limited [MPMRCL],702626,Madhya Pradesh,2018-11-01,2018-11-01,2022-11-01,2028-12-01,7500.8,7500.8,5093.95,65.48,67,July 2026,FlashReport_July_2026.pdf
262,PCMC To Nigdi- Extension Of North South Corridor Of Phase-1,Maharashtra Metro Rail Corporation Limited [MMRCL],617225,Maharashtra,2023-10-01,2023-10-01,2027-01-01,,910.18,960.18,322.59,49.12,67,July 2026,FlashReport_July_2026.pdf
263,Pune Metro Phase-1 Extension line towards south from Swargate to Katraj,Maharashtra Metro Rail Corporation Limited [MMRCL],617226,Maharashtra,2024-09-01,2024-09-01,2029-03-01,,2954.53,2954.53,190.07,9.04,67,July 2026,FlashReport_July_2026.pdf
264,Thane Integral Ring Metro Rail Project,Maharashtra Metro Rail Corporation Limited [MMRCL],617327,Maharashtra,2024-09-01,2024-09-01,2029-09-01,,12200.1,12200.1,101.17,10.04,68,July 2026,FlashReport_July_2026.pdf
265,Pune Metro Rail Project Phase-2 Corridor 2A Vanaz to Chandani Chowk and Corridor 2B Ramwadi to Wagholi/Vitthalwadi,Maharashtra Metro Rail Corporation Limited [MMRCL],618971,Maharashtra,2025-07-01,2025-07-01,2029-07-01,,3626.24,3626.24,16.17,2.4,68,July 2026,FlashReport_July_2026.pdf
266,Pune Metro Rail Project Phase-2 Line-4 Kharadi to Khadakwasla with Spur Line 4A Nal Stop - Warje - Manikbaug,Maharashtra Metro Rail Corporation Limited [MMRCL],618985,Maharashtra,2025-12-01,2025-12-01,2030-12-01,,9857.85,9857.85,8.62,1.51,68,July 2026,FlashReport_July_2026.pdf
267,New Suburba Station Development Project,ministry of housing and urban affairs,701745,Maharashtra,2018-04-01,2019-03-01,2022-07-01,,262.76,262.76,163.21,48.0,68,July 2026,FlashReport_July_2026.pdf
268,Kalyan Station Precinct Imporvement Project,ministry of housing and urban affairs,701991,Maharashtra,2018-04-01,2020-07-01,2023-07-01,2026-06-01,600.0,723.7,530.04,85.0,68,July 2026,FlashReport_July_2026.pdf
269,Mumbai Metro Line 3,Mumbai Metro Rail Corporation Limited [MMRC],702637,Maharashtra,2013-07-01,2016-06-01,2023-03-01,2025-08-01,23136.0,37276.0,35959.97,99.21,68,July 2026,FlashReport_July_2026.pdf
270,Nagpur Metro Rail Phase II Development Project,Maharashtra Metro Rail Corporation Limited [MMRCL],702658,Maharashtra,2022-12-01,2022-12-01,2027-12-01,,6708.0,6708.0,2161.73,42.11,68,July 2026,FlashReport_July_2026.pdf
271,Delhi Metro Rail Phase-IV [Rithala - Kundli Corridor],Delhi Metro Rail Corporation Limited [DMRC],617206,"Multi-States (Delhi, Haryana)",2025-01-01,2025-01-01,2029-01-01,,6230.99,6230.99,800.48,5.36,68,July 2026,FlashReport_July_2026.pdf
272,Jaipur Metro Rail Project Phase 2,Prahladpura to Todi Mod,245986,Rajasthan,2026-04-01,2026-04-01,2031-10-01,,13037.66,13037.66,1.79,1.79,68,July 2026,FlashReport_July_2026.pdf
273,Rajasthan Metro Rail Project Phase 1C from Badi Chaupar to Transport Nagar via Galta Gate,Jaipur Metro Rail Corporation,612066,Rajasthan,2025-10-01,2023-09-01,2027-04-01,,980.08,980.08,103.03,0.0,68,July 2026,FlashReport_July_2026.pdf
274,Jaipur Metro Phase 1D Project from Mansarovar to Ajmer Road Chauraha,Jaipur Metro Rail Corporation,612068,Rajasthan,2026-05-01,2023-12-01,2026-03-01,,204.81,204.81,23.34,12.48,68,July 2026,FlashReport_July_2026.pdf
275,Chennai Metro Rail Phase-II Development Project,Chennai Metro Rail Limited [CMRL],702668,Tamil Nadu,2024-10-01,2020-11-01,2029-08-01,,63246.0,63246.0,34698.0,55.73,68,July 2026,FlashReport_July_2026.pdf
276,"Extension of Aqua Line Metro Corridor from Noida Sector-142 station to Botanical Garden, Noida of Noida Metro Rail Corporation",Noida Metro Rail Corporation Ltd. [NMRCL],616221,Uttar Pradesh,2026-03-01,2026-03-01,2030-03-01,,2254.35,2254.35,0.0,0.0,68,July 2026,FlashReport_July_2026.pdf
277,LUCKNOW METRO RAIL PROJECT PHASE-1B EAST WEST CORRIDOR,Uttar Pradesh metro rail corporation [UPMRC],619052,Uttar Pradesh,2025-09-01,2026-05-01,2031-04-01,,5801.05,5801.05,0.05,2.0,68,July 2026,FlashReport_July_2026.pdf
278,Kanpur Metro Rail Project,Uttar Pradesh metro rail corporation [UPMRC],702628,Uttar Pradesh,2019-05-01,2019-11-01,2024-05-01,2027-03-01,11076.48,11076.48,9463.15,83.0,68,July 2026,FlashReport_July_2026.pdf
279,Agra Metro Rail Project,Uttar Pradesh metro rail corporation [UPMRC],702629,Uttar Pradesh,2019-05-01,2020-12-01,2024-05-01,2027-06-01,8379.62,8379.62,6368.28,73.0,68,July 2026,FlashReport_July_2026.pdf
280,"ESR - 8 nos., distribution system - 216 Km, new house service connections - 38760 nos. upgrading of feeder mains, pumping station etc. - Phase II",Ministry of Housing & Urban Affairs,702674,Andhra Pradesh,2017-02-01,2018-07-01,2023-03-01,2026-08-01,172.22,172.22,88.86,82.0,68,July 2026,FlashReport_July_2026.pdf
281,Muzaffarpur Storm Water Drainage Phase-I Project,Ministry of Housing & Urban Affairs,702699,Bihar,2016-11-01,2019-02-01,2023-10-01,2026-06-01,158.78,158.78,135.72,85.0,68,July 2026,FlashReport_July_2026.pdf
282,Sewerage Management Scheme Part-3 Implementation,Ministry of Housing & Urban Affairs,702734,Haryana,2017-03-01,2017-11-01,2023-09-01,2026-09-01,278.01,278.01,228.49,88.0,68,July 2026,FlashReport_July_2026.pdf
283,Dhanbad Water Supply Infrastructure Project,Ministry of Housing & Urban Affairs,702741,Jharkhand,2017-02-01,2018-12-01,2023-03-01,2026-06-01,216.55,216.55,129.16,76.0,68,July 2026,FlashReport_July_2026.pdf
284,SAAP-3 Water Supply Infrastructure SAAP-3 Project,Ministry of Housing & Urban Affairs,702742,Jharkhand,2017-02-01,2018-12-01,2023-10-01,2026-06-01,159.31,159.31,87.5,67.0,68,July 2026,FlashReport_July_2026.pdf
285,Augmentation and Strenghthning of Urban Water Supply Phase 1 - SAAP 3,Ministry of Housing & Urban Affairs,702746,Jharkhand,2017-02-01,2018-12-01,2023-03-01,2026-06-01,278.28,278.28,186.5,81.0,69,July 2026,FlashReport_July_2026.pdf
286,Belgavi Improvement in Sewerage System Project,Ministry of Housing & Urban Affairs,702760,Karnataka,2015-12-01,2016-10-01,2023-07-01,2026-06-01,162.73,162.73,79.5,80.0,69,July 2026,FlashReport_July_2026.pdf
287,Indore Water Supply Infrastructure Project,Ministry of Housing & Urban Affairs,702793,Madhya Pradesh,2016-12-01,2017-11-01,2023-03-01,2026-06-01,287.17,287.17,252.5,99.0,69,July 2026,FlashReport_July_2026.pdf
288,Satna Sewerage Management and Treatment Infrastructure Project,Ministry of Housing & Urban Affairs,702808,Madhya Pradesh,2015-11-01,2016-12-01,2024-03-01,2026-08-01,191.56,215.89,200.32,96.0,69,July 2026,FlashReport_July_2026.pdf
289,Singrauli Sewerage Management and Treatment Infrastructure Project,Ministry of Housing & Urban Affairs,702810,Madhya Pradesh,2016-05-01,2017-11-01,2023-03-01,2026-06-01,402.01,438.1,371.17,90.0,69,July 2026,FlashReport_July_2026.pdf
290,Kalyan-Dombivali Water Supply Infrastructure Project,Ministry of Housing & Urban Affairs,702833,Maharashtra,2016-07-01,2019-09-01,2023-10-01,2026-08-01,194.2,194.2,136.56,75.0,69,July 2026,FlashReport_July_2026.pdf
291,Jalandhar Water Supply Infrastructure Project,Ministry of Housing & Urban Affairs,703021,Punjab,2016-11-01,2020-08-01,2023-08-01,2026-08-01,258.53,266.64,161.02,90.0,69,July 2026,FlashReport_July_2026.pdf
292,Patiala Water Supply Infrastructure Part-2 Project,Ministry of Housing & Urban Affairs,703057,Punjab,2016-11-01,2020-08-01,2023-10-01,2026-08-01,287.0,287.0,213.64,99.0,69,July 2026,FlashReport_July_2026.pdf
293,Jhansi Water Supply Infrastructure Phase-II Project,Ministry of Housing & Urban Affairs,702949,Uttar Pradesh,2017-03-01,2019-06-01,2023-07-01,2026-08-01,561.74,561.74,506.52,95.0,69,July 2026,FlashReport_July_2026.pdf
294,Lucknow Sewerage Management Infrastructure Project,Ministry of Housing & Urban Affairs,702958,Uttar Pradesh,2016-09-01,2019-05-01,2023-03-01,2026-08-01,142.46,173.21,152.65,95.0,69,July 2026,FlashReport_July_2026.pdf
295,"Construction of Basement + Ground Floor+ 10 Storeyed building for State of the Art Director General, GSI Building at plot No.GN-40, Sector-V, Salt Lake, Kolkata",Central Public Works Department [CPWD],617280,West Bengal,2019-04-01,2020-02-01,2026-08-01,,255.37,255.37,98.94,64.0,69,July 2026,FlashReport_July_2026.pdf
296,Expansion of Malanjkhand Copper Project,Hindustan Copper Limited [HCL],400426,Madhya Pradesh,2011-09-01,2015-04-01,2020-04-01,2029-03-01,1856.36,3800.0,1018.09,28.0,69,July 2026,FlashReport_July_2026.pdf
297,Expansion of Alumina Refinery Plant with addition of 5th Stream having capacity enhancement of 1.0 Million Tonee Per Annum,National Aluminium Company Limited [NALCO],400141,Odisha,2017-04-01,2017-04-01,2022-12-01,2026-06-01,4103.0,5677.4,5023.49,95.64,69,July 2026,FlashReport_July_2026.pdf
298,Pottangi Bauxite Mines Project,National Aluminium Company Limited [NALCO],400299,Odisha,2018-05-01,2018-05-01,2025-03-01,2026-11-01,1381.0,1960.77,770.37,52.4,69,July 2026,FlashReport_July_2026.pdf
299,SOURCING OF BAUXITE ARRANGEMENT FOR 5TH STREAM ALUMINA REFINERY FROM SOUTH BLOCK MINING LEASE OF PANCHPATMAILI MINES,National Aluminium Company Limited [NALCO],709831,Odisha,2017-11-01,2019-11-01,2025-05-01,2026-06-01,483.0,483.0,453.89,93.18,69,July 2026,FlashReport_July_2026.pdf
300,25.5 MW WIND POWER PROJECT AT KAYATHAR IN TAMILNADU,National Aluminium Company Limited [NALCO],709832,Tamil Nadu,2017-09-01,2017-12-01,2025-03-01,2026-03-01,166.0,166.0,135.0,70.0,69,July 2026,FlashReport_July_2026.pdf
301,Construction of Permanent Campus of Central Tribal University of Andhra Pradesh Phase-1,Central Tribal University of Andhra Pradesh,613008,Andhra Pradesh,2019-09-01,2023-12-01,2027-06-01,,305.0,305.0,67.73,44.5,69,July 2026,FlashReport_July_2026.pdf
302,Construction of Permanent Campus of National Institute of Technology Arunachal Pradesh,"National Institute of Technology, Arunachal Pradesh",612898,Arunachal Pradesh,2009-09-01,2013-03-01,2026-08-01,2024-08-01,592.61,592.61,551.3,80.0,69,July 2026,FlashReport_July_2026.pdf
303,Tezpur University Projects,Tezpur University,606112,Assam,2019-05-01,2021-06-01,2023-11-01,2025-12-01,153.71,153.71,266.14,97.98,69,July 2026,FlashReport_July_2026.pdf
304,Additional Campus of NITPatna,NIT Patna,606013,Bihar,2022-07-01,2022-08-01,2024-07-01,2026-01-01,499.21,499.21,449.96,98.6,70,July 2026,FlashReport_July_2026.pdf
305,Phase B Construction of Permanent Campus of IIT Bhilai,"Indian Institute of Technology, Bhilai",617877,Chhattisgarh,2025-05-01,2026-01-01,2028-10-01,,1188.97,1188.97,1.92,0.0,70,July 2026,FlashReport_July_2026.pdf
306,"Phase 1B - Construction of Academic Block, Hostel, Residential Tower, Directors Residence and External Development works at National Institute of Technology, Delhi Campus on Engineering, Procurement and Construction basis",National Institute of Technology Delhi,612851,Delhi,2009-09-01,2022-11-01,2025-09-01,2026-01-01,333.49,336.42,336.42,100.0,70,July 2026,FlashReport_July_2026.pdf
307,Delhi University Eastern Campus at Surajmal Vihar,Delhi University,616886,Delhi,2024-09-01,2025-03-01,2026-10-01,,373.0,373.0,31.53,14.0,70,July 2026,FlashReport_July_2026.pdf
308,"Construction of permanent campus of Central University of Gujarat at Village kundhela, Dist. Vadodara, Gujarat.",Central University of Gujarat,612916,Gujarat,2020-12-01,2021-02-01,2025-03-01,2026-03-01,490.63,490.63,342.26,86.0,70,July 2026,FlashReport_July_2026.pdf
309,Establishment of Permanent campus Phase 1 of IIM Sirmaur,"Indian Institute of Management, Sirmaur",602099,Himachal Pradesh,2018-09-01,2020-08-01,2023-10-01,2026-08-01,392.51,454.78,339.65,98.6,70,July 2026,FlashReport_July_2026.pdf
310,Hostel blocks & dining hall block,"Indian Institute of Technology, Mandi",612128,Himachal Pradesh,2023-03-01,2024-03-01,2026-03-01,2026-09-01,166.66,166.66,138.26,93.0,70,July 2026,FlashReport_July_2026.pdf
311,"Construction of Permanent Campus of Central University of Himachal Pradesh at Dehra, District - Kangra, [H.P.] on Engineering. Procurement and Construction [EPC Mode 1] Basis.","Central University, Himachal Pradesh",612894,Himachal Pradesh,2021-03-01,2022-08-01,2024-11-01,2026-03-01,251.98,300.45,223.6,86.0,70,July 2026,FlashReport_July_2026.pdf
312,"Construction of Permanent Campus for IIM Jammu Phase-1 at Jagti, Nagrota, Jammu, J&K","Indian Institute of Management, Jammu",602098,Jammu and Kashmir,2019-03-01,2020-10-01,2023-06-01,2025-11-01,424.93,500.91,484.52,96.0,70,July 2026,FlashReport_July_2026.pdf
313,CONSTRUCTION OF PERMANENT CAMPUS FOR IIT PALAKKAD UNDER PHASE 1A,INDIAN INSTITUTE OF TECHNOLOGY PALAKKAD,606431,Kerala,2017-07-01,2020-03-01,2022-06-01,2026-06-01,1006.45,1217.4,686.2,86.5,70,July 2026,FlashReport_July_2026.pdf
314,Phase B of Construction of Permanent Campus of IIT Palakkad,INDIAN INSTITUTE OF TECHNOLOGY PALAKKAD,617878,Kerala,2025-05-01,2026-01-01,2028-10-01,,1527.0,1527.0,9.8,0.0,70,July 2026,FlashReport_July_2026.pdf
315,"Phase III A works at IIT Indore [03 Hostels, 01 Studio Apartment, 01 Housing, Heavy & Sophisticated lab complex, Academic POD and Infrastructure for center of excellence]","Indian Institute of Technology, Indore",611957,Madhya Pradesh,2023-12-01,2024-04-01,2027-02-01,,496.28,496.28,97.35,67.5,70,July 2026,FlashReport_July_2026.pdf
316,Construction and Developement of National Institute of Technology Meghalaya Permanent Campus at Sohra,"National Institute of Technology, Meghalaya",612885,Meghalaya,2009-09-01,2014-09-01,2022-03-01,2026-10-01,494.52,429.7,377.82,97.5,70,July 2026,FlashReport_July_2026.pdf
317,"Construction of Permanent Campus for NIT Mizoram at Lengpui, Aizawl",NIT Mizoram,612876,Mizoram,2009-09-01,2014-06-01,2029-12-01,2022-03-01,474.23,474.23,167.55,4.0,70,July 2026,FlashReport_July_2026.pdf
318,Establishment of NIT Nagaland,NIT Nagaland,613013,Nagaland,2009-09-01,2014-12-01,2025-12-01,,275.63,275.63,263.25,98.0,70,July 2026,FlashReport_July_2026.pdf
319,IISER BERHAMPUR,"Indian Institutes of Science Education and Research, Behrampur",610315,Odisha,2018-10-01,2019-09-01,2021-03-01,2026-06-01,1229.32,843.09,874.09,98.5,70,July 2026,FlashReport_July_2026.pdf
320,Construction of IIT Bhubaneswar -Phase III,"Indian Institute of Technology, Bhubaneshwar",611961,Odisha,2024-02-01,2024-05-01,2026-11-01,,454.27,454.27,102.15,10.45,70,July 2026,FlashReport_July_2026.pdf
321,"1000 seater Boys hostel, 500 seater Girls hostel, 1.5 MLD Sewage Treatment Plant and Faculty Residence - 72 nos. Flats",NIT Rourkela,619033,Odisha,2023-09-01,2024-01-01,2026-06-01,2027-08-01,198.97,198.97,53.01,50.0,70,July 2026,FlashReport_July_2026.pdf
322,Establishment of NIT Puducherry Permanent Campus [Phase-I and Phase-II],"National Institute of Technology, Puducherry",612877,Puducherry,2009-09-01,2013-07-01,2024-12-01,2026-05-01,618.34,544.34,543.74,99.5,70,July 2026,FlashReport_July_2026.pdf
323,"Construction of Permanent Campus of Indian Institute of Management [IIM] Amritsar, Punjab, Phase-I","Indian intitue of Management, Amritsar",605292,Punjab,2019-10-01,2020-07-01,2023-06-01,2026-11-01,348.31,386.86,293.24,91.7,70,July 2026,FlashReport_July_2026.pdf
324,"Construction of Girls Hostel 400 seater, Boys Hostel 600 seater, Academic Block, International Hostel 100 seater, VC Residence and Purchase of Equipment",Central University of Punjab,617221,Punjab,2024-08-01,2025-04-01,2027-10-01,,210.99,210.99,99.02,58.0,71,July 2026,FlashReport_July_2026.pdf
325,"Construction of Sikkim University Campus Phase-I Package-II at Yangang, South Sikkim",Sikkim University,609736,Sikkim,2020-08-01,2022-01-01,2025-01-01,2026-10-01,314.06,340.55,292.0,96.5,71,July 2026,FlashReport_July_2026.pdf
326,Establishment of Permanent Campus of NIT SIkkim at Khamdong-Gangtok District,NIT Sikkim,612883,Sikkim,2024-02-01,2024-03-01,2028-02-01,2026-12-01,685.76,610.76,283.56,38.0,71,July 2026,FlashReport_July_2026.pdf
327,Construction of Precast housing and hostels at IIT Hyderabad,"Indian Institute of Technology, Hyderabad",609996,Telangana,2022-09-01,2022-11-01,2024-10-01,2026-01-01,262.0,262.0,223.65,90.39,71,July 2026,FlashReport_July_2026.pdf
328,Banaras Hindu University [ Kayakalp of Institute of Medical Sciences],Banaras Hindu University,606479,Uttar Pradesh,2020-06-01,2020-06-01,2022-09-01,2027-07-01,246.0,246.0,212.35,99.1,71,July 2026,FlashReport_July_2026.pdf
329,"Construction & Development of Infrastructural Facilities in the main campus of NIT Uttarakhand at Sumari, Pauri Garhwal",National Institute of Technology Uttarakhand,611963,Uttarakhand,2020-06-01,2024-04-01,2027-09-01,,650.85,650.85,401.56,63.0,71,July 2026,FlashReport_July_2026.pdf
330,"HEFA projects on development of student hostels, playgrounds, departmental buildings, class room complex and other campus facilities in IIT Kharagpur","Indian Institute of Technology, Kharagpur",609019,West Bengal,2018-06-01,2019-04-01,2023-03-01,2026-12-01,500.0,442.0,418.86,97.0,71,July 2026,FlashReport_July_2026.pdf
331,"National Sports University [NSU], Imphal [Manipur]",Department of Sports & Youth Affairs,400081,Manipur,2022-06-01,2022-01-01,2024-08-01,2026-08-01,906.47,611.74,577.32,97.5,71,July 2026,FlashReport_July_2026.pdf
332,"Construction of LPG Facilities at Kamardanga, Assam",Hindustan Petroleum Corporation Limited,709754,Assam,2023-03-01,2023-03-01,2027-07-01,,156.36,156.36,114.1,83.8,71,July 2026,FlashReport_July_2026.pdf
333,"Setting up of new rail fed POL facility at Kamardanga, Assam",Hindustan Petroleum Corporation Limited,709755,Assam,2023-03-01,2023-03-01,2027-07-01,,384.04,384.04,250.07,87.5,71,July 2026,FlashReport_July_2026.pdf
334,Capacity Augmentation of Kandla LPG Import Terminal [KLIT] from 0.6 MMTPA to 2.5 MMTPA,Indian Oil Corporation Limited [IOCL],617839,Gujarat,2023-05-01,2023-05-01,2026-07-01,,356.86,304.4,168.04,68.0,71,July 2026,FlashReport_July_2026.pdf
335,"Andheri Residential Towers, Mumbai",Indian Oil Corporation Limited [IOCL],604833,Maharashtra,2017-06-01,2017-06-01,2025-05-01,2027-06-01,281.35,389.67,281.24,86.0,71,July 2026,FlashReport_July_2026.pdf
336,Setting up of 50 MW [plus/minus 5 percent] Wind Power Plant for Captive Consumption at MR,Bharat Petroleum Corporation Limited [BPCL],619313,Maharashtra,2023-05-01,2023-05-01,2027-04-01,,483.14,483.14,380.62,77.9,71,July 2026,FlashReport_July_2026.pdf
337,LPG Bottling Plant at Mualkhang,Indian Oil Corporation Limited [IOCL],617829,Mizoram,2024-07-01,2024-07-01,2028-10-01,2028-03-01,225.71,225.71,32.45,34.0,71,July 2026,FlashReport_July_2026.pdf
338,"Petrochemical evacuation marketing terminal at Barmer, Rajasthan",Hindustan Petroleum Corporation Limited,709759,Rajasthan,2023-12-01,2023-12-01,2026-12-01,,461.05,461.05,252.18,97.5,71,July 2026,FlashReport_July_2026.pdf
339,Laying of POL Pipelines in Common Corridor for proposed grass root terminal at Vallur [Chennai],MinistryofPetroleumNaturalGas,400043,Tamil Nadu,2022-01-01,2022-01-01,2026-05-01,2027-03-01,829.0,829.0,382.47,81.0,71,July 2026,FlashReport_July_2026.pdf
340,Multi Product Pipeline from Irugur to Devangonthi,MinistryofPetroleumNaturalGas,400301,Tamil Nadu,2012-11-01,2012-11-01,2017-02-01,2026-09-01,678.0,1732.0,1206.36,86.4,71,July 2026,FlashReport_July_2026.pdf
341,Kandla Gorakhpur LPG Pipeline,Indian Oil Corporation Limited [IOCL],400012,Uttar Pradesh,2018-12-01,2018-12-01,2021-12-01,2026-10-01,10088.0,10088.0,8504.21,96.0,71,July 2026,FlashReport_July_2026.pdf
342,"Grass-root Terminal at Mirzapur, Uttar Pradesh",Indian Oil Corporation Limited [IOCL],604852,Uttar Pradesh,2022-09-01,2022-09-01,2026-11-01,,980.45,980.45,308.35,77.2,71,July 2026,FlashReport_July_2026.pdf
343,Paradip-Numaligarh Crude Oil Pipeline [PNCPL] & Crude Oil Import Terminal [COIT] at Paradip,Numaligarh Refinery Limited,701349,West Bengal,2019-01-01,2019-01-01,2024-07-01,2026-10-01,10228.0,12407.0,11168.49,93.2,72,July 2026,FlashReport_July_2026.pdf
344,KG-DWN-98/2 Cluster - II Development Project - NELP Block,Oil and Natural Gas Corporation Limited [ONGC],400120,Andhra Pradesh,2016-03-01,2016-03-01,2020-06-01,2026-09-01,34012.0,34012.0,33192.0,96.9,72,July 2026,FlashReport_July_2026.pdf
345,Provision of four bitumen tanks with capacity of 5 TMT each at Visakh Refinery,Hindustan Petroleum Corporation Limited,619226,Andhra Pradesh,2025-09-01,2025-09-01,2028-03-01,,258.34,258.34,8.67,20.2,72,July 2026,FlashReport_July_2026.pdf
346,HP-COAT [Crude to Olefins and Aromatics Technology] demo unit at Visakh Refinery,Hindustan Petroleum Corporation Limited,709752,Andhra Pradesh,2021-09-01,2021-09-01,2024-06-01,2027-02-01,160.0,220.0,158.94,94.0,72,July 2026,FlashReport_July_2026.pdf
347,Numaligarh Refinery Expansion Project,Numaligarh Refinery Limited,604791,Assam,2020-07-01,2020-07-01,2024-07-01,2027-03-01,12366.0,25313.0,20411.19,87.0,72,July 2026,FlashReport_July_2026.pdf
348,Development of Surface Facilities for production and evacuation of Crude Oil and Natural Gas from Nadua and East Khagorija,Oil India Limited,604863,Assam,2018-01-01,2018-01-01,2020-02-01,2026-12-01,682.9,726.93,601.12,94.4,72,July 2026,FlashReport_July_2026.pdf
349,"Construction of Field Gas Gathering Station at Baghjan area for collection, processing & transportation of natural Gas to be produced from Baghjan Field",Oil India Limited,616858,Assam,2020-12-01,2020-12-01,2024-03-01,2026-11-01,430.76,430.76,348.65,95.9,72,July 2026,FlashReport_July_2026.pdf
350,"Pipeline Rehabilitation Project, Phase-II",Oil India Limited,617827,Assam,2024-12-01,2024-12-01,2029-12-01,,680.0,680.0,13.53,29.0,72,July 2026,FlashReport_July_2026.pdf
351,Coke Drum Structure Package,Numaligarh Refinery Limited,617836,Assam,2022-12-01,2022-12-01,2025-12-01,,635.28,635.28,464.46,72.0,72,July 2026,FlashReport_July_2026.pdf
352,"Group Gathering Station, Lakwagaon",Oil India Limited,619316,Assam,2025-10-01,2025-10-01,2027-10-01,,495.59,495.59,20.04,7.8,72,July 2026,FlashReport_July_2026.pdf
353,Augmentation/Revamping of Facilities at existing Guwahati Terminal at Betkuchi,Indian Oil Corporation Limited [IOCL],709776,Assam,2022-04-01,2022-04-01,2026-09-01,,277.0,323.09,236.16,84.3,72,July 2026,FlashReport_July_2026.pdf
354,Capacity Expansion of Digboi Refinery from 0.65 to 1.0 MMTPA,Indian Oil Corporation Limited [IOCL],709779,Assam,2022-06-01,2022-06-01,2026-03-01,2027-07-01,768.0,740.0,250.84,60.1,72,July 2026,FlashReport_July_2026.pdf
355,Pipeline Network Project Rudrasagar,Oil and Natural Gas Corporation Limited [ONGC],709847,Assam,2023-01-01,2023-01-01,2026-04-01,2027-04-01,481.03,481.03,238.83,55.4,72,July 2026,FlashReport_July_2026.pdf
356,Borholla GGS Life Extension Project [BLEP],Oil and Natural Gas Corporation Limited [ONGC],709850,Assam,2023-09-01,2023-09-01,2026-05-01,2027-03-01,198.7,198.7,110.99,63.5,72,July 2026,FlashReport_July_2026.pdf
357,DCU Revamp Project,Numaligarh Refinery Limited,709864,Assam,2021-08-01,2021-08-01,2024-07-01,2027-03-01,370.0,370.0,310.38,80.5,72,July 2026,FlashReport_July_2026.pdf
358,Power Recovery Turbine [PRT] in PFCCU unit as an Energy Conservation Scheme,Numaligarh Refinery Limited,709865,Assam,2023-04-01,2023-04-01,2024-12-01,2026-12-01,293.5,293.5,81.84,99.0,72,July 2026,FlashReport_July_2026.pdf
359,"Setting up of LPG Plant with Rail Unloading Facility at Hathua, Dist. Gopalganj, Bihar",Bharat Petroleum Corporation Limited [BPCL],617304,Bihar,2023-10-01,2023-10-01,2027-03-01,,340.15,340.15,186.21,56.0,72,July 2026,FlashReport_July_2026.pdf
360,Barauni Refinery Capacity Expansion from 6.0 to 9.0 MMTPA,Indian Oil Corporation Limited [IOCL],701324,Bihar,2020-01-01,2020-01-01,2023-04-01,2026-12-01,14810.0,16724.0,13089.84,91.8,72,July 2026,FlashReport_July_2026.pdf
361,Installation of Bitumen Manufacturing Unit along with allied facilities at Barauni Refinery,Indian Oil Corporation Limited [IOCL],709777,Bihar,2022-01-01,2022-01-01,2025-04-01,2027-06-01,389.35,410.3,124.57,66.3,72,July 2026,FlashReport_July_2026.pdf
362,"City Gas Distribution Projects at Darbhanga, Madhubani, Supaul, Sitamarhi and Sheohar districts",Bharat Petroleum Corporation Limited [BPCL],709792,Bihar,2022-12-01,2022-12-01,2030-03-01,,3638.0,3638.0,493.91,33.6,72,July 2026,FlashReport_July_2026.pdf
363,"City Gas Distribution Projects at Gopalganj, Siwan, West Champaran, East Champaran and Deoria districts",Bharat Petroleum Corporation Limited [BPCL],709793,Bihar,2022-12-01,2022-12-01,2030-06-01,,3919.0,3919.0,527.15,30.3,73,July 2026,FlashReport_July_2026.pdf
364,"City Gas Distribution [CGD] Project in Kondagaon, Bastar, Sukma, Narayanpur, Bijapur & Dantewada GA",GAIL Gas,617819,Chhattisgarh,2022-06-01,2022-06-01,2030-06-01,,557.04,557.04,11.63,2.2,73,July 2026,FlashReport_July_2026.pdf
365,Redevelopment of Sobhasan Complex,Oil and Natural Gas Corporation Limited [ONGC],400087,Gujarat,2021-08-01,2021-08-01,2027-03-01,,885.63,1347.61,1062.32,95.6,73,July 2026,FlashReport_July_2026.pdf
366,Redevelopment of Santhal Field [Onshore-Mehsana Asset],Oil and Natural Gas Corporation Limited [ONGC],400167,Gujarat,2017-02-01,2017-02-01,2026-03-01,2026-12-01,1162.56,1162.56,1127.73,96.8,73,July 2026,FlashReport_July_2026.pdf
367,Redevelopment of Linch Field,Oil and Natural Gas Corporation Limited [ONGC],400169,Gujarat,2021-04-01,2021-04-01,2025-03-01,2026-10-01,631.03,845.42,622.24,93.7,73,July 2026,FlashReport_July_2026.pdf
368,Petrochemical and Lube Integration Project at Gujarat Refinery,Indian Oil Corporation Limited [IOCL],701329,Gujarat,2020-09-01,2020-09-01,2024-08-01,2026-11-01,18936.0,17825.0,13901.13,89.6,73,July 2026,FlashReport_July_2026.pdf
369,Installation of new Biturox Unit along with allied facilities at Gujarat Refinery,Indian Oil Corporation Limited [IOCL],709778,Gujarat,2022-01-01,2022-01-01,2025-08-01,2026-12-01,328.29,344.36,218.17,87.7,73,July 2026,FlashReport_July_2026.pdf
370,Commercial Polymer Flooding Project in Bechraji field,Oil and Natural Gas Corporation Limited [ONGC],709838,Gujarat,2022-01-01,2022-01-01,2024-11-01,2027-05-01,621.4,739.02,280.45,50.0,73,July 2026,FlashReport_July_2026.pdf
371,"Restoration of Gas Terminal, Phase-I [Part-A], Hazira",Oil and Natural Gas Corporation Limited [ONGC],709840,Gujarat,2022-05-01,2022-05-01,2025-02-01,,249.43,249.43,219.56,97.6,73,July 2026,FlashReport_July_2026.pdf
372,Old Pipe Line Replacement [OPRP] Group-A,Oil and Natural Gas Corporation Limited [ONGC],709841,Gujarat,2021-07-01,2021-07-01,2025-07-01,2026-11-01,173.03,169.84,168.22,94.6,73,July 2026,FlashReport_July_2026.pdf
373,"Kalol Redevelopment Project, Ahmedabad Asset",Oil and Natural Gas Corporation Limited [ONGC],709842,Gujarat,2022-08-01,2022-08-01,2027-03-01,,1487.41,1487.41,946.45,66.0,73,July 2026,FlashReport_July_2026.pdf
374,"Revamping of SV Stations, Gas Terminal & Kribhco Terminal",Oil and Natural Gas Corporation Limited [ONGC],709845,Gujarat,2022-11-01,2022-11-01,2026-08-01,,837.34,1119.86,469.99,70.9,73,July 2026,FlashReport_July_2026.pdf
375,"Indian Oil Technology Development and Deployment Centre at R&D Campus-II, Faridabad",Indian Oil Corporation Limited [IOCL],604853,Haryana,2019-06-01,2019-06-01,2022-12-01,2027-07-01,2281.94,3200.0,1922.03,65.4,73,July 2026,FlashReport_July_2026.pdf
376,Poly Butadiene Rubber plant at Panipat,Indian Oil Corporation Limited [IOCL],611917,Haryana,2022-03-01,2022-03-01,2025-03-01,2026-12-01,1459.0,2531.44,1560.24,90.1,73,July 2026,FlashReport_July_2026.pdf
377,Capacity Expansion of Panipat Refinery from 15 to 25 MMTPA,Indian Oil Corporation Limited [IOCL],701289,Haryana,2021-02-01,2021-02-01,2024-09-01,2026-12-01,34627.0,36225.0,28007.35,94.3,73,July 2026,FlashReport_July_2026.pdf
378,"Installation of Multiple Effect Evaporator [MEE] for ETP-1, 2 & 4 of Panipat Refinery and Petrochemical Complex.",Indian Oil Corporation Limited [IOCL],709783,Haryana,2020-12-01,2020-12-01,2023-06-01,2026-10-01,165.13,247.69,193.38,92.5,73,July 2026,FlashReport_July_2026.pdf
379,"City Gas Distribution Project at Jammu, Udhampur, Reasi, Samba and Kathua Districts",Indian Oil Corporation Limited [IOCL],709773,Jammu and Kashmir,2022-03-01,2022-03-01,2034-09-01,,538.0,538.0,4.45,0.6,73,July 2026,FlashReport_July_2026.pdf
380,Development of Jharia CBM Block [Phase-1],Oil and Natural Gas Corporation Limited [ONGC],610984,Jharkhand,2019-11-01,2019-11-01,2024-01-01,2026-09-01,431.0,431.0,267.74,66.2,73,July 2026,FlashReport_July_2026.pdf
381,Laying of Natural Gas Pipeline from Hazaribagh to Ranchi [HRPL],Indian Oil Corporation Limited [IOCL],709785,Jharkhand,2023-02-01,2023-02-01,2026-02-01,2027-03-01,202.07,202.07,65.98,58.4,73,July 2026,FlashReport_July_2026.pdf
382,Power System Upgradation Project,Mangalore Refinery and Petrochemicals Limited,612790,Karnataka,2023-10-01,2023-10-01,2025-11-01,2026-09-01,385.0,385.0,271.36,90.4,73,July 2026,FlashReport_July_2026.pdf
383,Demo Bio-ATF Project,Mangalore Refinery and Petrochemicals Limited,616879,Karnataka,2024-03-01,2024-03-01,2027-01-01,,364.0,364.0,91.39,54.8,73,July 2026,FlashReport_July_2026.pdf
384,City Gas Distribution Maharashtra Natural Gas Limited,Gas Authority of India Limited [GAIL],701338,Karnataka,2006-01-01,2006-01-01,2031-06-01,,5535.0,5535.0,4481.93,47.0,73,July 2026,FlashReport_July_2026.pdf
385,Revamping/ Augmentation of facilities at existing port terminal at Mangalore,Indian Oil Corporation Limited [IOCL],709774,Karnataka,2022-01-01,2022-01-01,2025-12-01,2027-06-01,463.0,500.62,327.65,85.6,74,July 2026,FlashReport_July_2026.pdf
386,Augmentation of CCKPL and IDPL Pipelines capacity along with setting up of Palakkad TOP,Bharat Petroleum Corporation Limited [BPCL],617838,Kerala,2024-09-01,2024-09-01,2028-08-01,,1130.0,1130.0,324.61,48.8,74,July 2026,FlashReport_July_2026.pdf
387,Setting up Polypropylene Unit at Kochi Refinery,Bharat Petroleum Corporation Limited [BPCL],709799,Kerala,2023-12-01,2023-12-01,2027-10-01,,4460.0,4850.0,1026.0,45.2,74,July 2026,FlashReport_July_2026.pdf
388,C2/C3 Vijaipur Pata Pipeline,Gas Authority of India Limited [GAIL],617830,Madhya Pradesh,2024-05-01,2024-05-01,2027-01-01,,1792.0,1792.0,541.2,73.0,74,July 2026,FlashReport_July_2026.pdf
389,Ethylene Cracker Project at Bina Refinery including downstream Petrochemical Plants and expansion of Refinery,Bharat Petroleum Corporation Limited [BPCL],709798,Madhya Pradesh,2023-05-01,2023-05-01,2028-05-01,,43367.0,43367.0,6104.0,33.5,74,July 2026,FlashReport_July_2026.pdf
390,"500 KTA PDHPP Project, Usar",Gas Authority of India Limited [GAIL],400168,Maharashtra,2021-04-01,2021-04-01,2025-04-01,2027-06-01,8797.0,11256.0,8861.88,91.9,74,July 2026,FlashReport_July_2026.pdf
391,Lube Modernization & Bottom Upgradation Project at Mumbai Refinery,Hindustan Petroleum Corporation Limited,616933,Maharashtra,2024-12-01,2024-12-01,2028-03-01,2029-08-01,4679.0,6008.0,314.9,14.1,74,July 2026,FlashReport_July_2026.pdf
392,Petro Resid Fluidized Catalytic Cracking [PRFCC] Unit and its associated facilities at Mumbai Refinery,Bharat Petroleum Corporation Limited [BPCL],619223,Maharashtra,2025-05-01,2025-05-01,2029-09-01,,13626.0,13626.0,93.6,7.2,74,July 2026,FlashReport_July_2026.pdf
393,Augmentation of DUPL-DPPL Pipeline,Gas Authority of India Limited [GAIL],619224,Maharashtra,2025-06-01,2025-06-01,2028-03-01,,844.0,844.0,1.2,8.2,74,July 2026,FlashReport_July_2026.pdf
394,Installation of Compression facility at GAIL Usar,Gas Authority of India Limited [GAIL],619225,Maharashtra,2025-04-01,2025-04-01,2027-04-01,,260.2,260.2,0.0,0.0,74,July 2026,FlashReport_July_2026.pdf
395,ONGC-BP Redevelopment Phase-1 Scheme of Mumbai High Field,Oil and Natural Gas Corporation Limited [ONGC],619328,Maharashtra,2025-11-01,2025-11-01,2027-03-01,,3713.4,3908.0,2304.68,56.3,74,July 2026,FlashReport_July_2026.pdf
396,"City Gas Distribution Project at Beed, Jalgaon and Jalna Districts",Indian Oil Corporation Limited [IOCL],709771,Maharashtra,2022-03-01,2022-03-01,2031-09-01,,865.0,865.0,89.23,3.4,74,July 2026,FlashReport_July_2026.pdf
397,Construction of Additional Tankages and Allied Facilities at JNPT Terminal,Indian Oil Corporation Limited [IOCL],709780,Maharashtra,2022-04-01,2022-04-01,2026-08-01,,341.43,436.14,305.01,72.9,74,July 2026,FlashReport_July_2026.pdf
398,POL & LOBS Installations with Receipt Pipelines at Rasayani,Bharat Petroleum Corporation Limited [BPCL],709797,Maharashtra,2023-05-01,2023-05-01,2026-05-01,,2585.0,2585.0,1507.62,87.3,74,July 2026,FlashReport_July_2026.pdf
399,Visakh Raipur Pipeline Project,Hindustan Petroleum Corporation Limited,616254,"Multi-States (Chhattisgarh, Odisha)",2024-09-01,2024-09-01,2027-09-01,,2212.0,2212.0,570.0,38.4,74,July 2026,FlashReport_July_2026.pdf
400,Change of service of existing Mundra-Panipat Pipeline [Panipat - Churwa section] from Crude oil to Product,Indian Oil Corporation Limited [IOCL],619196,"Multi-States (Gujarat, Haryana, Rajasthan)",2025-05-01,2025-05-01,2027-04-01,,359.0,359.0,52.55,43.3,74,July 2026,FlashReport_July_2026.pdf
401,"Augmentation/ Revamping of Dimapur Depot, Dimapur",Indian Oil Corporation Limited [IOCL],709786,Nagaland,2023-08-01,2023-08-01,2027-11-01,,227.62,227.62,28.03,43.0,74,July 2026,FlashReport_July_2026.pdf
402,Integrated Para Xylene [PX] and Purified Terephthalic Acid [PTA] Project at Paradip Refinery,Indian Oil Corporation Limited [IOCL],604859,Odisha,2020-07-01,2020-07-01,2024-01-01,2026-08-01,13805.0,11783.0,8870.29,94.9,74,July 2026,FlashReport_July_2026.pdf
403,"City Gas Distribution [CGD] Project in Gajapati, Kandhamal, Boudh, & Sonepur GA",GAIL Gas,617818,Odisha,2022-02-01,2022-02-01,2031-12-01,,514.91,514.91,25.77,5.8,74,July 2026,FlashReport_July_2026.pdf
404,"CUF POL Depot at Sadashibpur [Meramundali], Odisha",Bharat Petroleum Corporation Limited [BPCL],709800,Odisha,2021-04-01,2021-04-01,2026-03-01,2026-09-01,393.54,393.54,233.3,86.0,74,July 2026,FlashReport_July_2026.pdf
405,Life Extension of 48 well platforms of Mumbai High & Heera Fields,Oil and Natural Gas Corporation Limited [ONGC],400119,Offshore,2015-12-01,2015-12-01,2018-04-01,2026-10-01,3190.69,3375.9,3123.2,90.0,74,July 2026,FlashReport_July_2026.pdf
406,PRP-VIII [Group-A],Oil and Natural Gas Corporation Limited [ONGC],616950,Offshore,2024-09-01,2024-09-01,2026-02-01,,1589.4,1486.4,629.46,60.2,74,July 2026,FlashReport_July_2026.pdf
407,Pipeline Replacement Project- PRP-IX,Oil and Natural Gas Corporation Limited [ONGC],619314,Offshore,2025-08-01,2025-08-01,2027-05-01,,6684.0,6175.0,979.47,23.5,75,July 2026,FlashReport_July_2026.pdf
408,Daman Upside Development Project,Oil and Natural Gas Corporation Limited [ONGC],709839,Offshore,2022-06-01,2022-06-01,2025-10-01,2026-12-01,4144.41,6406.9,6302.5,92.9,75,July 2026,FlashReport_July_2026.pdf
409,MHN TCPP PGC BGC Project [MTPBP],Oil and Natural Gas Corporation Limited [ONGC],709848,Offshore,2022-06-01,2022-06-01,2026-05-01,2026-12-01,2329.45,2354.23,1930.25,95.6,75,July 2026,FlashReport_July_2026.pdf
410,PRP-VIII Group B [NH & BS Asset],Oil and Natural Gas Corporation Limited [ONGC],709849,Offshore,2024-06-01,2024-06-01,2026-02-01,2026-12-01,2546.9,3348.6,3003.9,98.7,75,July 2026,FlashReport_July_2026.pdf
411,Integrated Development of 4 Contract Areas under DSF-II,Oil and Natural Gas Corporation Limited [ONGC],709851,Offshore,2023-05-01,2023-05-01,2027-04-01,,6183.79,6183.79,2053.0,47.4,75,July 2026,FlashReport_July_2026.pdf
412,2G Ethanol Biorefinery at Bathinda,Hindustan Petroleum Corporation Limited,400171,Punjab,2020-05-01,2020-05-01,2023-02-01,2026-12-01,1421.46,1421.46,1291.35,95.9,75,July 2026,FlashReport_July_2026.pdf
413,Gurdaspur Jammu Pipeline,Gas Authority of India Limited [GAIL],612853,Punjab,2023-07-01,2023-07-01,2026-07-01,,521.9,521.9,326.4,91.1,75,July 2026,FlashReport_July_2026.pdf
414,City Gas Distribution Project at Pathankot District,Indian Oil Corporation Limited [IOCL],709770,Punjab,2022-03-01,2022-03-01,2033-09-01,,151.0,151.0,9.02,2.0,75,July 2026,FlashReport_July_2026.pdf
415,Mehsana-Bhatinda & Bhatinda-Jammu Natural Gas Pipeline,Indian Oil Corporation Limited [IOCL],701330,Rajasthan,2011-07-01,2011-07-01,2024-06-01,,7392.0,7392.0,6360.86,90.2,75,July 2026,FlashReport_July_2026.pdf
416,"City Gas Distribution Projects at Fazilka [except area already authorized], Ganganagar and Hanumangarh districts",Bharat Petroleum Corporation Limited [BPCL],709794,Rajasthan,2022-12-01,2022-12-01,2030-06-01,,3207.0,3207.0,429.3,31.1,75,July 2026,FlashReport_July_2026.pdf
417,CBR 9 MMTPA Project,Chennai Petroleum Corporation Limited [CPCL],604795,Tamil Nadu,2021-09-01,2021-09-01,2025-06-01,,31580.0,36354.0,1615.38,10.2,75,July 2026,FlashReport_July_2026.pdf
418,Kochi - Koottanad - Bangalore - Mangalore Pipeline Phase-II,Gas Authority of India Limited [GAIL],701228,Tamil Nadu,2009-06-01,2009-06-01,2012-12-01,2026-09-01,2915.0,5909.0,4881.8,97.4,75,July 2026,FlashReport_July_2026.pdf
419,Laying of new 28 inch Desal Water Pipeline and 10 inch Reject Water Pipeline between CPCL Manali Refinery and CPCL Desalination plant at Ennore,Chennai Petroleum Corporation Limited [CPCL],709750,Tamil Nadu,2024-01-01,2024-01-01,2025-09-01,2026-12-01,205.0,205.0,117.88,76.9,75,July 2026,FlashReport_July_2026.pdf
420,City Gas Distribution Projects at the Nilgiris and Erode districts,Bharat Petroleum Corporation Limited [BPCL],709796,Tamil Nadu,2022-12-01,2022-12-01,2030-03-01,,3685.0,3685.0,303.1,25.5,75,July 2026,FlashReport_July_2026.pdf
421,ATF Pipeline from BPCLs Malkapur POL Installation to Hyderabad International airport,Bharat Petroleum Corporation Limited [BPCL],617822,Telangana,2025-03-01,2025-03-01,2027-09-01,,215.0,215.0,46.87,29.1,75,July 2026,FlashReport_July_2026.pdf
422,North East Gas Grid,Indradhanush Gas Grid Limited,701346,Tripura,2020-04-01,2020-04-01,2024-03-01,2028-03-01,9265.0,9265.0,7008.0,88.2,75,July 2026,FlashReport_July_2026.pdf
423,"Creation of Gas Dehydration Facilities, Tripura Asset",Oil and Natural Gas Corporation Limited [ONGC],709837,Tripura,2022-03-01,2022-03-01,2024-05-01,2026-10-01,209.33,131.51,81.31,71.3,75,July 2026,FlashReport_July_2026.pdf
424,Kanpur LPG Bottling Plant,Bharat Petroleum Corporation Limited [BPCL],619191,Uttar Pradesh,2025-09-01,2025-09-01,2027-09-01,,202.0,202.0,132.75,62.5,75,July 2026,FlashReport_July_2026.pdf
425,Bulk Loading Hub- Kanpur,Bharat Petroleum Corporation Limited [BPCL],619312,Uttar Pradesh,2025-09-01,2025-09-01,2027-09-01,,186.0,186.0,104.24,62.5,75,July 2026,FlashReport_July_2026.pdf
426,Revamping / Augmentation of Facilities at Mathura Bitumen Plant,Indian Oil Corporation Limited [IOCL],709781,Uttar Pradesh,2022-04-01,2022-04-01,2027-06-01,2026-12-01,260.12,260.12,23.58,57.3,75,July 2026,FlashReport_July_2026.pdf
427,"City Gas Distribution Projects at Lakhimpur Kheri , Sitapur, Bahraich, Shravasti,Balrampur, Siddharth Nagar & Maharajganj districts",Bharat Petroleum Corporation Limited [BPCL],709795,Uttar Pradesh,2022-12-01,2022-12-01,2030-06-01,,16654.0,16654.0,754.7,19.8,75,July 2026,FlashReport_July_2026.pdf
428,Durgapur - Haldia Pipeline [Section-3B of JHBDPL Project],Gas Authority of India Limited [GAIL],617302,West Bengal,2017-03-01,2017-03-01,2020-12-01,2026-09-01,1740.0,2583.0,2380.8,95.7,75,July 2026,FlashReport_July_2026.pdf
429,Siliguri-Jhapa Pipeline Project,Indian Oil Corporation Limited [IOCL],617828,West Bengal,2024-09-01,2024-09-01,2029-08-01,2029-08-01,267.0,267.0,3.19,16.5,76,July 2026,FlashReport_July_2026.pdf
430,Siliguri Marketing Terminal [SMT] Capacity Augmentation Project,Numaligarh Refinery Limited,617837,West Bengal,2021-11-01,2021-11-01,2025-12-01,2026-10-01,484.0,484.0,319.32,89.0,76,July 2026,FlashReport_July_2026.pdf
431,Dhamra Haldia Pipeline Project,Gas Authority of India Limited [GAIL],701344,West Bengal,2020-03-01,2020-03-01,2022-11-01,2026-09-01,1030.65,1125.0,927.4,94.4,76,July 2026,FlashReport_July_2026.pdf
432,Haldia Panagarh Pipeline Project,Hindustan Petroleum Corporation Limited,709753,West Bengal,2022-11-01,2022-11-01,2025-11-01,2026-08-01,1010.0,1107.0,884.2,98.3,76,July 2026,FlashReport_July_2026.pdf
433,"City Gas Distribution Project at East Mednipore, West Mednipore & Jhargram Districts",Indian Oil Corporation Limited [IOCL],709772,West Bengal,2022-03-01,2022-03-01,2031-06-01,,609.0,609.0,64.44,3.0,76,July 2026,FlashReport_July_2026.pdf
434,City Gas Distribution Projects at Alipurduar and Cooch Behar,Bharat Petroleum Corporation Limited [BPCL],709791,West Bengal,2022-12-01,2022-12-01,2030-03-01,,1017.0,1017.0,238.41,43.8,76,July 2026,FlashReport_July_2026.pdf
435,AIIMS Darbhanga,PMSSY AND Institute of NATIONAL Importance,701172,Bihar,2020-09-01,2020-09-01,2029-07-01,,2006.07,2006.07,40.33,1.12,76,July 2026,FlashReport_July_2026.pdf
436,Establishment of new GMC Saran [Chhapara],"Medical Education, Ministry of Health and Family Welfare",706965,Bihar,,1900-01-01,1900-01-01,,189.0,189.0,113.4,0.0,76,July 2026,FlashReport_July_2026.pdf
437,Establishment of new GMC Samastipur,"Medical Education, Ministry of Health and Family Welfare",706966,Bihar,,1900-01-01,1900-01-01,,189.0,189.0,113.4,0.0,76,July 2026,FlashReport_July_2026.pdf
438,Establishment of new GMC Sitamarhi,"Medical Education, Ministry of Health and Family Welfare",707016,Bihar,,1900-01-01,1900-01-01,,250.0,250.0,150.0,0.0,76,July 2026,FlashReport_July_2026.pdf
439,Establishment of new GMC Jhanjharpur,"Medical Education, Ministry of Health and Family Welfare",707017,Bihar,,1900-01-01,1900-01-01,,250.0,250.0,150.0,0.0,76,July 2026,FlashReport_July_2026.pdf
440,Establishment of new GMC Siwan,"Medical Education, Ministry of Health and Family Welfare",707018,Bihar,,1900-01-01,1900-01-01,,250.0,250.0,150.0,0.0,76,July 2026,FlashReport_July_2026.pdf
441,Establishment of new GMC Buxar,"Medical Education, Ministry of Health and Family Welfare",707019,Bihar,,1900-01-01,1900-01-01,,250.0,250.0,150.0,0.0,76,July 2026,FlashReport_July_2026.pdf
442,Establishment of new GMC Jamui,"Medical Education, Ministry of Health and Family Welfare",707020,Bihar,2019-03-01,2022-10-01,2025-10-01,,250.0,500.0,103.21,50.0,76,July 2026,FlashReport_July_2026.pdf
443,Establishment of new GMC Korba,"Medical Education, Ministry of Health and Family Welfare",707044,Chhattisgarh,2023-02-01,2023-10-01,2026-12-01,,325.0,322.85,179.49,55.0,76,July 2026,FlashReport_July_2026.pdf
444,Establishment of new GMC Mahasamund,"Medical Education, Ministry of Health and Family Welfare",707045,Chhattisgarh,2023-10-01,2023-10-01,2026-05-01,,325.0,325.0,321.7,84.0,76,July 2026,FlashReport_July_2026.pdf
445,Establishment of new GMC Kanker,"Medical Education, Ministry of Health and Family Welfare",707046,Chhattisgarh,2020-02-01,2024-09-01,2027-03-01,,325.0,325.0,37.0,45.0,76,July 2026,FlashReport_July_2026.pdf
446,"Setting up IT Infrastructure including Network Security and Hosting at AIIMS, New Delhi",PMSSY AND Institute of NATIONAL Importance,617882,Delhi,2025-09-01,2025-09-01,2026-09-01,,358.19,358.19,53.73,40.0,76,July 2026,FlashReport_July_2026.pdf
447,"Redevelopment of Residential colonies at Ayur Vigyan Nagar and West Ansari Nagar campuses of AIIMS, New Delhi",PMSSY AND Institute of NATIONAL Importance,617883,Delhi,2016-10-01,2022-06-01,2027-06-01,,4441.0,4441.0,44.44,57.0,76,July 2026,FlashReport_July_2026.pdf
448,AIIMS Rajkot,PMSSY AND Institute of NATIONAL Importance,701170,Gujarat,2019-01-01,2019-01-01,2026-03-01,2026-12-01,1195.0,1195.0,805.48,94.0,76,July 2026,FlashReport_July_2026.pdf
449,Establishment of new GMC Panchmahal,"Medical Education, Ministry of Health and Family Welfare",707049,Gujarat,2022-09-01,2022-09-01,2026-03-01,,325.0,663.5,467.34,88.0,76,July 2026,FlashReport_July_2026.pdf
450,Establishment of new GMC Porbandar,"Medical Education, Ministry of Health and Family Welfare",707050,Gujarat,2022-04-01,2022-10-01,2024-09-01,,325.0,618.98,936.64,81.0,77,July 2026,FlashReport_July_2026.pdf
451,AIIMS Majra Rewari Haryana,Ministry of Health and Family Welfare,701173,Haryana,2019-02-01,2019-02-01,2026-12-01,2026-12-01,1299.0,1646.43,747.62,67.45,77,July 2026,FlashReport_July_2026.pdf
452,AIIMS Kashmir at Awantipora Jammu & Kashmir,PMSSY AND Institute of NATIONAL Importance,701167,Jammu and Kashmir,2019-01-01,2019-03-01,2025-12-01,2026-12-01,1828.0,2570.19,1602.61,79.0,77,July 2026,FlashReport_July_2026.pdf
453,Establishment of new GMc Udhampur,"Medical Education, Ministry of Health and Family Welfare",707051,Jammu and Kashmir,2019-09-01,2022-01-01,2027-03-01,,325.0,325.0,222.0,75.0,77,July 2026,FlashReport_July_2026.pdf
454,Establishment of new GMC Handwara [Distt. Kupwara],"Medical Education, Ministry of Health and Family Welfare",707052,Jammu and Kashmir,,1900-01-01,1900-01-01,,325.0,325.0,173.0,0.0,77,July 2026,FlashReport_July_2026.pdf
455,Establishment of new GMC Koderma,"Medical Education, Ministry of Health and Family Welfare",707021,Jharkhand,2023-09-01,2024-02-01,2026-08-01,,250.0,504.8,271.0,40.0,77,July 2026,FlashReport_July_2026.pdf
456,Establishment of new GMC Chaibasa [Singhbhum],"Medical Education, Ministry of Health and Family Welfare",707022,Jharkhand,2018-06-01,2023-03-01,2025-09-01,,250.0,454.1,65.0,57.0,77,July 2026,FlashReport_July_2026.pdf
457,Establishment of new GMC Leh,"Medical Education, Ministry of Health and Family Welfare",707057,Ladakh,2019-10-01,1900-01-01,1900-01-01,,325.0,325.0,127.0,0.0,77,July 2026,FlashReport_July_2026.pdf
458,Establishment of new GMC Rajgarh,"Medical Education, Ministry of Health and Family Welfare",707058,Madhya Pradesh,2021-12-01,2022-11-01,2024-04-01,,325.0,325.0,179.5,86.0,77,July 2026,FlashReport_July_2026.pdf
459,Establishment of new GMC Mandla,"Medical Education, Ministry of Health and Family Welfare",707059,Madhya Pradesh,2023-08-01,2023-10-01,2026-04-01,,325.0,325.0,89.41,45.0,77,July 2026,FlashReport_July_2026.pdf
460,Establishment of new GMC Gondia,"Medical Education, Ministry of Health and Family Welfare",706988,Maharashtra,2021-07-01,1900-01-01,1900-01-01,,189.0,189.0,113.4,40.14,77,July 2026,FlashReport_July_2026.pdf
461,Establishment of new GMC West Garo Hills [Tura],"Medical Education, Ministry of Health and Family Welfare",706989,Meghalaya,,1900-01-01,1900-01-01,,189.0,189.0,170.1,0.0,77,July 2026,FlashReport_July_2026.pdf
462,Establishment of new GMC Mon,"Medical Education, Ministry of Health and Family Welfare",707067,Nagaland,,1900-01-01,1900-01-01,,325.0,325.0,155.0,0.0,77,July 2026,FlashReport_July_2026.pdf
463,Establishment of new GMC Kapurthala,"Medical Education, Ministry of Health and Family Welfare",707069,Punjab,2019-11-01,2027-07-01,2028-12-01,,325.0,550.0,50.0,0.0,77,July 2026,FlashReport_July_2026.pdf
464,Establishment of new GMC Hoshiarpur,"Medical Education, Ministry of Health and Family Welfare",707070,Punjab,2020-01-01,2026-03-01,2028-12-01,,325.0,374.75,2.04,5.0,77,July 2026,FlashReport_July_2026.pdf
465,Establishment of new GMC Gangtok,"Medical Education, Ministry of Health and Family Welfare",707039,Sikkim,2018-10-01,2018-12-01,2026-12-01,2026-07-01,250.0,635.21,667.21,92.0,77,July 2026,FlashReport_July_2026.pdf
466,ALL India Institute of Medical Sciences-AIIMS Madurai,PMSSY AND Institute of NATIONAL Importance,701168,Tamil Nadu,2018-12-01,2018-12-01,2022-08-01,2026-10-01,1264.0,2021.51,540.92,54.0,77,July 2026,FlashReport_July_2026.pdf
467,AIIMS Bibinagar,PMSSY AND Institute of NATIONAL Importance,701171,Telangana,2018-12-01,2022-07-01,2026-06-01,2026-12-01,1028.0,1365.95,1028.94,87.58,77,July 2026,FlashReport_July_2026.pdf
468,Establishment of new GMC Rudrapur,"Medical Education, Ministry of Health and Family Welfare",707086,Uttarakhand,2022-10-01,2024-02-01,2026-12-01,,325.0,325.0,353.01,95.0,77,July 2026,FlashReport_July_2026.pdf
469,Establishment of new GMC Pithoragarh,"Medical Education, Ministry of Health and Family Welfare",707087,Uttarakhand,2021-08-01,2023-04-01,2026-12-01,,325.0,768.89,470.08,78.0,77,July 2026,FlashReport_July_2026.pdf
470,"Construction of 350 beds + 50 Super Specialty beds ESIC Hospital Sheelanagar, Visakhapatnam, Andhra Pradesh",Employee's State Insurance Company [ESIC],612167,Andhra Pradesh,2021-02-01,2023-04-01,2025-10-01,2026-08-01,384.27,384.27,286.38,95.0,77,July 2026,FlashReport_July_2026.pdf
471,350 Bedded [Upgradable to 500 beds] ESI Hospital at Sanand,Employee's State Insurance Company [ESIC],612186,Gujarat,2022-06-01,2023-04-01,2026-03-01,2027-05-01,558.12,558.12,55.81,28.0,78,July 2026,FlashReport_July_2026.pdf
472,"Demolition, Construction and upgradation of ESI Hospital, Kalol, Gujarat from 50 beds to 150 beds.",Employee's State Insurance Company [ESIC],612211,Gujarat,2022-08-01,2023-10-01,2025-10-01,2026-11-01,205.87,205.87,51.74,58.0,78,July 2026,FlashReport_July_2026.pdf
473,"Construction of 200 bed ESI Hospital at Bommasandra, Karnataka",Employee's State Insurance Company [ESIC],612745,Karnataka,2015-02-01,2024-10-01,2027-01-01,2027-05-01,278.0,278.0,80.52,35.0,78,July 2026,FlashReport_July_2026.pdf
474,"Construction of 100 bed ESI Hospital and Staff Quarters [32 Nos.] at Harohalli, Karnataka",Employee's State Insurance Company [ESIC],612748,Karnataka,2019-07-01,2025-03-01,2027-02-01,,150.92,150.92,31.05,28.1,78,July 2026,FlashReport_July_2026.pdf
475,"Construction of 200 Bedded ESIC Hospital at Butibori, Nagpur, Maharashtra.",Employee's State Insurance Company [ESIC],612213,Maharashtra,2013-10-01,2022-08-01,2025-08-01,2026-09-01,194.93,196.7,116.22,67.0,78,July 2026,FlashReport_July_2026.pdf
476,"Upgradation & Extension of ESIC Hospital and Construction of PG Hostel / Staff Housing for ESIC Hospital at Andheri, Mumbai",Employee's State Insurance Company [ESIC],616691,Maharashtra,2008-12-01,2009-06-01,2025-08-01,2026-09-01,260.13,260.13,216.46,89.0,78,July 2026,FlashReport_July_2026.pdf
477,"Construction of 100 Bedded ESI Hospital at Duburi, Odisha.",Employee's State Insurance Company [ESIC],612513,Odisha,2010-12-01,2025-02-01,2027-06-01,,164.6,164.6,16.44,7.2,78,July 2026,FlashReport_July_2026.pdf
478,CONSTRUCTION OF 300 BEDDED HOSPITAL AT HARIDWAR,Employee's State Insurance Company [ESIC],612259,Uttarakhand,2021-02-01,2021-12-01,2024-10-01,2026-07-01,102.4,297.63,340.3,90.5,78,July 2026,FlashReport_July_2026.pdf
479,Jal Marg Vikas Project,Inland Waterways Authority of India [IWAI],701565,"Multi-States (Bihar, Jharkhand, Uttar Pradesh, West Bengal)",2018-01-01,2018-02-01,2023-12-01,2026-10-01,5369.18,5061.15,4187.19,85.1,78,July 2026,FlashReport_July_2026.pdf
480,"Development of Container Terminal at Tuna-Tekra, Deendayal Port on BOT Basis Under PPP Mode",Deendayal Port Trust,609424,Gujarat,2022-10-01,2024-03-01,2027-03-01,2027-09-01,4243.64,4243.64,2737.7,60.0,78,July 2026,FlashReport_July_2026.pdf
481,"Replacement and revamping of pipeline projects in oil jetty area, Kandla",Deendayal Port Trust [DPT],701570,Gujarat,2021-09-01,2021-09-01,2023-09-01,2025-03-01,171.0,211.61,149.5,92.0,78,July 2026,FlashReport_July_2026.pdf
482,Mechanization of Berth No.14 for handling Containers and other cargo on DBFOT basis - Phase II,New Mangalore Port Authority,617804,Karnataka,2023-12-01,2024-06-01,2027-03-01,,153.23,153.23,97.45,95.0,78,July 2026,FlashReport_July_2026.pdf
483,Deepening and Optimization of Inner Harbour facilities including development of Western Dock on BOT basis to handle Cape size vessels,Paradip Port Trust [PPT],701574,Odisha,2022-05-01,2023-01-01,2027-12-01,2028-10-01,3004.63,3004.63,2261.12,76.0,78,July 2026,FlashReport_July_2026.pdf
484,National Maritime Heritage Complex [NMHC] Phase-I,Indian Port Rail & Ropeway Corporation Ltd. [IPRCL],707215,Gujarat,2019-02-01,2022-01-01,2026-11-01,2026-03-01,573.0,1238.05,656.38,79.87,78,July 2026,FlashReport_July_2026.pdf
485,Integrated Multi Modal Logistics Hub at Nangal Chaudhary in Haryana - Other Trunk Infrastructure Development Phase 1,NICDC,707410,Haryana,2018-05-01,2021-12-01,2023-12-01,2028-05-01,763.0,763.0,430.0,60.0,78,July 2026,FlashReport_July_2026.pdf
486,Orvakal Industrial Area,NICDC,617727,Andhra Pradesh,2024-08-01,2025-10-01,2028-10-01,,2786.0,2786.0,356.05,16.22,78,July 2026,FlashReport_July_2026.pdf
487,Kopparthy Industrial Area,NICDC,617729,Andhra Pradesh,2024-08-01,2025-10-01,2028-10-01,,2136.0,2136.0,39.75,5.39,78,July 2026,FlashReport_July_2026.pdf
488,Krishnapatnam Node - Phase 1 - Roads and Services Development,National Industrial Corridor Development Corporation,701658,Andhra Pradesh,2020-12-01,2024-02-01,2027-02-01,,2139.44,2139.44,984.13,47.77,79,July 2026,FlashReport_July_2026.pdf
489,Gaya Integrated Manufacturing Cluster IMC in Bihar,National Industrial Corridor Development Corporation,707420,Bihar,2024-08-01,2026-04-01,2029-04-01,,1339.02,1339.02,0.0,5.0,79,July 2026,FlashReport_July_2026.pdf
490,Tumakuru Node - Phase 1 - Roads and Services Development,NICDC,701657,Karnataka,2020-12-01,2023-02-01,2026-09-01,2027-09-01,1701.81,1701.81,337.56,27.12,79,July 2026,FlashReport_July_2026.pdf
491,Development of Palakkad Node under extension of CBIC to Kochi,National Industrial Corridor Development Corporation,701668,Kerala,2024-08-01,2025-10-01,2029-04-01,,3805.0,3805.0,57.93,5.3,79,July 2026,FlashReport_July_2026.pdf
492,IMC Rajpura - Patiala Development Project,National Industrial Corridor Development Corporation,701662,Punjab,2024-08-01,2026-03-01,2028-09-01,,1367.72,1367.72,0.0,3.4,79,July 2026,FlashReport_July_2026.pdf
493,Development of Jodhpur Pali Marwar Industrial Area JPMIA in Rajasthan,National Industrial Corridor Development Corporation,603210,Rajasthan,2024-08-01,2026-01-01,2028-07-01,,921.66,921.66,0.0,6.32,79,July 2026,FlashReport_July_2026.pdf
494,Development of Zaheerabad Node under Hyderabad Nagpur Industrial Corridor,National Industrial Corridor Development Corporation,601812,Telangana,2024-08-01,2026-02-01,2029-02-01,,2360.0,2360.0,42.89,4.87,79,July 2026,FlashReport_July_2026.pdf
495,IMC at Prayagraj,National Industrial Corridor Development Corporation,707419,Uttar Pradesh,2024-08-01,2026-04-01,2027-06-01,,658.0,658.0,75.63,27.79,79,July 2026,FlashReport_July_2026.pdf
496,Development of IMC Khurpia Farms under AKIC Project,National Industrial Corridor Development Corporation,701661,Uttarakhand,2024-08-01,2026-03-01,2028-09-01,,1265.37,1265.37,0.0,3.23,79,July 2026,FlashReport_July_2026.pdf
497,Capacity expansion of Deposit-14 and 14 NMZ at Kirandul,National Mineral Development Corporation Limited [NMDC],615202,Chhattisgarh,2021-08-01,2022-07-01,2028-12-01,2028-03-01,1700.0,1756.2,292.01,23.09,79,July 2026,FlashReport_July_2026.pdf
498,Installation of 140 TPH Walking Beam type Reheating Furnace in Plate Mill at BSP,Steel Authority of India Limited (SAIL,505491,Chhattisgarh,2026-02-01,2026-03-01,2028-03-01,,268.36,268.36,0.0,0.0,79,July 2026,FlashReport_July_2026.pdf
499,Replacement of Hot Leveller No.1 of Plate Mill at Bhilai Steel Plant,Steel Authority of India Limited [SAIL],617243,Chhattisgarh,2024-07-01,2024-08-01,2026-07-01,,198.62,198.62,129.25,82.79,79,July 2026,FlashReport_July_2026.pdf
500,"Replacement of Converter Vessels, Trunnion Rings, Support System & Installation of Secondary Emission at Bhilai Steel Plant",Steel Authority of India Limited [SAIL],617255,Chhattisgarh,2023-10-01,2023-12-01,2026-06-01,2026-09-01,471.83,471.83,266.11,74.3,79,July 2026,FlashReport_July_2026.pdf
501,Rebuilding of Coke Oven Battery No.7 & 8 at Bhilai Steel Plant,Steel Authority of India Limited [SAIL],617256,Chhattisgarh,2023-11-01,2024-01-01,2025-10-01,2026-09-01,884.1,884.1,693.83,94.73,79,July 2026,FlashReport_July_2026.pdf
502,NMDC Slurry Pipeline Project Phase-1,National Mineral Development Corporation Limited [NMDC],706811,Chhattisgarh,2015-11-01,2020-09-01,2023-06-01,2026-08-01,2907.0,5427.0,3649.08,95.8,79,July 2026,FlashReport_July_2026.pdf
503,SCREENING PLANT-III AT KIRANDUL,National Mineral Development Corporation Limited [NMDC],709826,Chhattisgarh,2009-01-01,2021-10-01,2026-01-01,2027-07-01,2718.84,3062.39,1754.7,83.42,79,July 2026,FlashReport_July_2026.pdf
504,Super accelerated cooling system,Uniform Cooling,944288,Chhattisgarh,2025-06-01,2025-06-01,2026-12-01,,192.21,192.21,63.8,48.01,79,July 2026,FlashReport_July_2026.pdf
505,"New Sinter Plant at BSL, SAIL",Steel Authority of India Limited [SAIL],400174,Jharkhand,2015-03-01,2015-10-01,2027-10-01,2027-06-01,1034.01,1752.3,1028.11,64.26,79,July 2026,FlashReport_July_2026.pdf
506,Replacement of existing Grinders in CRM-I & II at Bokaro Steel Plant,Steel Authority of India Limited [SAIL],617249,Jharkhand,2025-01-01,2025-02-01,2027-01-01,,211.94,211.94,60.6,62.05,79,July 2026,FlashReport_July_2026.pdf
507,Secondary Emission Control in Converters of SMS-II at Bokaro Steel Plant,Steel Authority of India Limited [SAIL],617250,Jharkhand,2025-01-01,2025-02-01,2026-10-01,2027-04-01,207.13,207.13,103.47,55.91,79,July 2026,FlashReport_July_2026.pdf
508,Replacement of remaining 04 sets of Battery Cyclones with 04 Nos. of ESPs in Sinter Plant-1 at Bokaro Steel Plant,Steel Authority of India Limited [SAIL],617254,Jharkhand,2024-03-01,2024-04-01,2026-06-01,2027-04-01,260.37,260.37,127.53,53.15,80,July 2026,FlashReport_July_2026.pdf
509,Rebuilding of Coke Oven Battery No.6 at Bokaro Steel Plant,Steel Authority of India Limited [SAIL],617257,Jharkhand,2023-11-01,2023-12-01,2026-11-01,2027-11-01,627.31,627.31,347.42,68.07,80,July 2026,FlashReport_July_2026.pdf
510,"Construction of Screening Plant-II for Donimalai and Kumaraswamy Iron Ore Mining Complex of NMDC Limited at Ballari Dt, Karnataka.",National Mineral Development Corporation Limited [NMDC],400121,Karnataka,2014-11-01,2024-06-01,2026-08-01,,1043.63,1043.63,649.52,70.33,80,July 2026,FlashReport_July_2026.pdf
511,Stamp Charge Battery No.7 Coke Dry Cooling Plant at RSP,Steel Authority of India Limited (SAIL,478482,Odisha,2026-02-01,2026-02-01,2028-08-01,,1064.55,1064.55,73.91,0.0,80,July 2026,FlashReport_July_2026.pdf
512,Implementation of Treatment System-2 Under ZLD at RSP,Steel Authority of India Limited (SAIL,589703,Odisha,2025-02-01,2025-03-01,2026-09-01,,216.02,216.02,134.29,89.83,80,July 2026,FlashReport_July_2026.pdf
513,"New Product Testing Laboratory for NPM, SPP & NHSM at RSP",Steel Authority of India Limited (SAIL,635651,Odisha,2025-06-01,2025-07-01,2027-08-01,,155.26,155.26,56.24,71.75,80,July 2026,FlashReport_July_2026.pdf
514,Stamp Charge Battery No.7 Battery Proper at RSP,Steel Authority of India Limited (SAIL,738679,Odisha,2024-09-01,2024-10-01,2028-03-01,,2584.41,2584.41,1182.92,54.16,80,July 2026,FlashReport_July_2026.pdf
515,Stamp Charge Battery No.12 By-product Plant at RSP,Steel Authority of India Limited (SAIL,834015,Odisha,2024-09-01,2024-10-01,2028-03-01,,1140.07,1140.07,207.56,22.59,80,July 2026,FlashReport_July_2026.pdf
516,Stamp Charge Battery No.12 By-product Plant at IISCO Steel Plant,Steel Authority of India Limited (SAIL,364934,West Bengal,2025-01-01,2025-02-01,2028-07-01,,999.46,999.46,70.37,18.72,80,July 2026,FlashReport_July_2026.pdf
517,Stamp Charge Battery No.12 Coke Dry Cooling Plant at IISCO Steel Plant,Steel Authority of India Limited (SAIL,425828,West Bengal,2025-01-01,2025-02-01,2028-07-01,,706.51,706.51,132.26,11.87,80,July 2026,FlashReport_July_2026.pdf
518,Rebuilding of COB 4 at Durgapur Steel Plant,Steel Authority of India Limited [SAIL],612781,West Bengal,2023-09-01,2023-09-01,2027-09-01,2027-09-01,916.78,916.78,244.78,37.19,80,July 2026,FlashReport_July_2026.pdf
519,Installation of New Bar Mill at Durgapur Steel Plant,Steel Authority of India Limited [SAIL],617242,West Bengal,2024-07-01,2024-08-01,2027-06-01,,2115.44,2115.44,935.57,67.5,80,July 2026,FlashReport_July_2026.pdf
520,Up-gradation of Blast Furnace No. 3 at Durgapur Steel Plant,Steel Authority of India Limited [SAIL],617246,West Bengal,2024-09-01,2024-10-01,2027-10-01,2027-10-01,758.09,758.09,316.01,62.17,80,July 2026,FlashReport_July_2026.pdf
521,Third Ladle Furnace in Secondary Refinery Unit at IISCO Steel Plant,Steel Authority of India Limited [SAIL],617248,West Bengal,2024-11-01,2024-12-01,2026-07-01,2026-11-01,227.96,227.96,111.44,74.55,80,July 2026,FlashReport_July_2026.pdf
522,Revamping of Air Pollution Control Systems of SP-1 at Durgapur Steel Plant,Steel Authority of India Limited [SAIL],617251,West Bengal,2024-07-01,2024-12-01,2026-05-01,2026-12-01,196.4,196.4,65.74,34.58,80,July 2026,FlashReport_July_2026.pdf
523,Stamp Charge Battery No.12 Battery Proper at IISCO Steel Plant,Steel Authority of India Limited [SAIL],617338,West Bengal,2025-01-01,2025-02-01,2028-07-01,,2518.39,2518.39,472.41,27.66,80,July 2026,FlashReport_July_2026.pdf
524,Nadikude-Srikalahasti 308.7 km,CAO/C/SCoR SCoR mor,400298,Andhra Pradesh,2012-03-01,2015-08-01,2027-05-01,2028-03-01,2312.0,5906.03,2535.68,2.0,80,July 2026,FlashReport_July_2026.pdf
525,Doubling between Gooty-Pendakallu 29.225 km PB73/2023-24/NR,CAO/C/SCoR SCoR mor,611752,Andhra Pradesh,2023-03-01,2024-11-01,2027-03-01,2027-03-01,351.83,351.83,149.34,0.0,80,July 2026,FlashReport_July_2026.pdf
526,South Central Railway - Rail road over double line between Guntakal West-Mallapa Gate 9.64 km PB34/CR/2023-24,CAO/C/SCoR SCoR mor,611754,Andhra Pradesh,2023-07-01,2025-01-01,2026-07-01,,293.3,293.3,91.42,0.0,80,July 2026,FlashReport_July_2026.pdf
527,Kurnool - Setting up facilities for coach midlife rehabilitation workshop,WPO/Patna,611927,Andhra Pradesh,2014-01-01,2017-10-01,2023-12-01,,560.72,560.72,276.66,65.0,80,July 2026,FlashReport_July_2026.pdf
528,Flyover between Pendurthi-Simhachalam North to avoid surface crossing at Simhachalam 7.135 km PB73/2023-24/NR,CAO/C/SCoR SCoR mor,612827,Andhra Pradesh,2023-04-01,2024-06-01,2027-04-01,,183.65,183.65,25.44,21.0,80,July 2026,FlashReport_July_2026.pdf
529,3rd & 4 th line Vadlapudi-Gate Jn. incl. tie line between Gangavaram Port- Visakhapatnam Steel Plant12.04 km PB73/2023-24/NR,CAO/C/SCoR SCoR mor,616697,Andhra Pradesh,2023-04-01,2024-03-01,2026-06-01,,154.28,154.28,89.67,87.0,81,July 2026,FlashReport_July_2026.pdf
530,South Central Railway- 3rd line between Gudur-Renigunta stations 83.17 km PB34/CR/2023-24,CAO/C/SCoR SCoR mor,617216,Andhra Pradesh,2024-10-01,2024-10-01,2027-03-01,,877.34,877.34,53.46,0.0,81,July 2026,FlashReport_July_2026.pdf
531,Kurnool Coach Midlife Rehabilitation Project,South Central Railway [SCR] - II,705253,Andhra Pradesh,2016-05-01,2014-07-01,2020-12-01,2026-12-01,563.0,560.72,959.27,75.01,81,July 2026,FlashReport_July_2026.pdf
532,Lumding-Furkating section 140 km Umbrella work PB57/2019-20/NR,CAO/C-1/NFR NFR mor,616701,Assam,2024-02-01,2025-04-01,2028-02-01,,2123.7,2123.7,200.23,1.0,81,July 2026,FlashReport_July_2026.pdf
533,New Bongaigaon - Goalpara - Guwahati Kamakhya 176 km,CAO/C-III/NFR NFR mor,705572,Assam,2016-09-01,2017-06-01,2026-03-01,2026-03-01,4060.0,4983.94,3821.96,91.0,81,July 2026,FlashReport_July_2026.pdf
534,Sakri-Hasanpur 79 km,CAO/Con/North/MHX ECR mor,400254,Bihar,2023-12-01,2019-04-01,2024-12-01,2027-03-01,735.2,802.45,615.69,80.0,81,July 2026,FlashReport_July_2026.pdf
535,East Central Railway - Construction of Bulb line at Nabinagar Ankorah 17.49Km PB45/ECoR/2024-25.,CAO/Con/South/MHX ECR mor,617231,Bihar,2024-06-01,2026-07-01,2028-06-01,,611.74,611.74,0.0,0.0,81,July 2026,FlashReport_July_2026.pdf
536,Narkatiaganj-Raxaul-Sitamarhi-Darbhanga & Sitamarhi-Muzaffarpur Sections doubling 256 km Umbrella work PB57/2019-20/NR,CAO/Con/North/MHX ECR mor,617239,Bihar,2024-11-01,2026-05-01,2029-11-01,2030-03-01,4079.95,4079.96,18.9,0.0,81,July 2026,FlashReport_July_2026.pdf
537,Hajipur-Sagauli via Vaishali 148.3 km,CAO/Con/North/MHX ECR mor,705366,Bihar,2007-10-01,2008-12-01,2020-03-01,2027-06-01,2067.0,3991.33,2843.39,74.0,81,July 2026,FlashReport_July_2026.pdf
538,Araria-Supaul 92 km,CAO/Con/North/MHX ECR mor,705368,Bihar,2009-08-01,2020-09-01,2024-03-01,2027-01-01,1605.0,2621.05,2140.8,40.0,81,July 2026,FlashReport_July_2026.pdf
539,Fatuah-Islampur incl. material modification for extension of new line from Neora to Daniawan Daniawan to Biharsharif Biharsharif to Barbigha Barbigha to Sheikhpura,CAO/Con/South/MHX ECR mor,705373,Bihar,2002-08-01,2000-02-01,2023-03-01,2025-08-01,1473.0,3259.35,3041.78,95.0,81,July 2026,FlashReport_July_2026.pdf
540,Jogbani-Biratnagar New Rail Line project,Indian Railway Construction International Limited [IRCON],705450,Bihar,2010-06-01,2011-01-01,2022-03-01,2026-12-01,402.0,486.0,369.48,86.5,81,July 2026,FlashReport_July_2026.pdf
541,Samastipur-Darbhanga 38 km,CAO/Con/North/MHX ECR mor,705526,Bihar,2015-11-01,2017-02-01,2025-03-01,2025-10-01,519.0,973.56,746.81,92.0,81,July 2026,FlashReport_July_2026.pdf
542,Sagauli - Valmikinagar 109.7 km,CAO/Con/North/MHX ECR mor,705527,Bihar,2018-03-01,2018-02-01,2025-12-01,2025-12-01,1216.0,1558.77,1460.42,91.0,81,July 2026,FlashReport_July_2026.pdf
543,Muzaffarpur - Sagauli 100.6 km,CAO/Con/North/MHX ECR mor,705528,Bihar,2018-03-01,2019-03-01,2024-06-01,2026-06-01,1586.0,1744.84,1554.88,99.0,81,July 2026,FlashReport_July_2026.pdf
544,Rampur Dumra-Tal-Rajendrapul - Addl bridge and doubling 14 km,CGM/CIVIL ECR mor,706759,Bihar,2016-03-01,2017-04-01,2024-12-01,2025-12-01,2373.64,2535.13,2028.18,95.0,81,July 2026,FlashReport_July_2026.pdf
545,Barauni-Bachwara 16 km - 3rd & 4th line incl Barauni yard remodelling 32 km Umbrella work PB57/2019-20/NR,CAO/Con/North/MHX ECR mor,706860,Bihar,2022-10-01,2025-02-01,2025-08-01,2026-10-01,645.0,485.58,228.43,38.0,81,July 2026,FlashReport_July_2026.pdf
546,Jhajha - Batia 20 km Umbrella work PB23/2018-19/NR,CAO/Con/South/MHX ECR mor,900874,Bihar,2019-02-01,2026-04-01,2028-03-01,2030-01-01,588.18,588.18,26.52,0.0,81,July 2026,FlashReport_July_2026.pdf
547,Kharsia-Dharamjaygarh with Spur line [East Corridor-Phase 1],Indian Railway Construction International Limited [IRCON],400220,Chhattisgarh,2016-03-01,2014-01-01,2018-09-01,2026-12-01,3055.0,3798.06,2790.19,95.15,81,July 2026,FlashReport_July_2026.pdf
548,Kirandul-Jagdalpur 150 km,CAO/C/ECOR ECoR mor,400291,Chhattisgarh,2013-02-01,2013-04-01,2020-03-01,2027-04-01,1589.0,1798.0,1369.01,89.0,81,July 2026,FlashReport_July_2026.pdf
549,Gauge Conversion of Kendri-Dhamtari including Abhanpur - Rajim Branch line 67.20 Kms - 2nd Material Modification to Raipur Titlagarh doubling.,SECR,602792,Chhattisgarh,2011-07-01,2021-05-01,2025-02-01,2026-06-01,1171.0,1171.0,448.77,100.0,81,July 2026,FlashReport_July_2026.pdf
550,Nipania-Bhatapra 14.4 km 4th line PB72/NR/2022-23,CAOC/SECR SECR mor,612815,Chhattisgarh,2022-12-01,2023-03-01,2027-03-01,,170.49,170.49,12.12,3.0,82,July 2026,FlashReport_July_2026.pdf
551,Dallirajhra- Rowghat New Railway Line - Phase I [95 km],Rail Vikas Nigam Limited,705433,Chhattisgarh,2009-07-01,2009-12-01,2025-09-01,2025-12-01,1628.0,1628.0,1440.85,82.0,82,July 2026,FlashReport_July_2026.pdf
552,Gevra Road-Pendra Road New Railway Line [135 km],Indian Railway Construction International Limited [IRCON],705444,Chhattisgarh,2014-04-01,2014-04-01,2022-03-01,2026-12-01,4970.0,7448.52,5327.55,83.36,82,July 2026,FlashReport_July_2026.pdf
553,Boridand-Ambikapur 118.81 km Umbrella work PB57/2019-20/NR,CAOC/SECR SECR mor,706854,Chhattisgarh,2022-06-01,2024-03-01,2030-06-01,2030-06-01,1376.0,1576.72,499.37,38.0,82,July 2026,FlashReport_July_2026.pdf
554,4th line - Rajnandgaon-Dongarhgarh 31.2 km PB72/NR/2022-23,CAOC/SECR SECR mor,709818,Chhattisgarh,2022-09-01,2024-10-01,2027-01-01,2027-01-01,328.34,328.34,98.21,5.0,82,July 2026,FlashReport_July_2026.pdf
555,3rd & 4th line - Saragbundia & Madwarani 12.2 km PB72/NR/2022-23,CAOC/SECR SECR mor,709819,Chhattisgarh,2022-09-01,2023-03-01,2026-12-01,2026-12-01,167.64,167.64,28.44,10.0,82,July 2026,FlashReport_July_2026.pdf
556,Anand Vihar-Tilak Bridge - 3rd & 4th line 9.77 km,CAOC/NR NR mor,705583,Delhi,2012-06-01,2014-04-01,2023-03-01,2027-12-01,667.0,701.88,393.68,23.0,82,July 2026,FlashReport_July_2026.pdf
557,Chandorgaon-Cansaulim rail flyover 16 km Umbrella work PB57/2019-20/NR,CAOC/SWR SWR mor,706865,Goa,,2022-01-01,2031-03-01,,1892.0,1892.0,0.0,0.0,82,July 2026,FlashReport_July_2026.pdf
558,Kosamba- Umarpada 69.70 Km PB32/WR/2023-24,CAOCWR WR mor,611918,Gujarat,2023-07-01,2024-01-01,2027-03-01,,468.0,468.0,146.38,31.0,82,July 2026,FlashReport_July_2026.pdf
559,New BG line between Naliya - Jakhau Port 24.88 Km,CAOCWR WR mor,611943,Gujarat,2023-02-01,2025-11-01,2028-01-01,2028-02-01,410.26,410.26,11.86,5.0,82,July 2026,FlashReport_July_2026.pdf
560,Petlad-Bhadran 22.5 km,CAOCWR WR mor,611945,Gujarat,2022-05-01,2024-05-01,2030-05-01,2030-05-01,307.11,307.12,114.73,32.0,82,July 2026,FlashReport_July_2026.pdf
561,Samlaya-Timba Road 53.53 km,CAOCWR WR mor,611970,Gujarat,2023-02-01,2024-05-01,2030-03-01,2030-03-01,670.17,670.17,195.1,25.0,82,July 2026,FlashReport_July_2026.pdf
562,Samni-Jambusar 24.08 km,CAOCWR WR mor,611971,Gujarat,2022-05-01,2024-04-01,2030-03-01,2030-03-01,350.0,349.93,188.23,40.0,82,July 2026,FlashReport_July_2026.pdf
563,Western Railway- Samakhiali-Gandhidham Quadrupiling 53 km PB34/CR/2023-24,CAOCWR WR mor,611974,Gujarat,2023-08-01,2024-04-01,2026-12-01,2027-12-01,1430.0,1430.0,748.46,50.0,82,July 2026,FlashReport_July_2026.pdf
564,Barejadi Nandej Geratpur - Sanand - 4th line 38.20 km,CAOCWR WR mor,612072,Gujarat,2023-02-01,2024-03-01,2027-03-01,2028-07-01,961.67,961.67,548.14,23.0,82,July 2026,FlashReport_July_2026.pdf
565,Kosamba Umarpada GC PROJECT,Ministry of Railways-,616983,Gujarat,2023-07-01,2023-07-01,2027-06-01,,467.58,467.58,70.54,16.0,82,July 2026,FlashReport_July_2026.pdf
566,Miyagam-Karjan-Dabhoi-Samlaya 96.46 km- Gauge conversion with electrification,CAOCWR WR mor,705458,Gujarat,2017-01-01,2026-06-01,2026-12-01,2026-12-01,483.88,1015.07,816.25,34.0,82,July 2026,FlashReport_July_2026.pdf
567,Rajkot-Kanalus 111.20 km,CAOCWR WR mor,706763,Gujarat,2021-10-01,2022-08-01,2026-10-01,2026-06-01,1080.58,1205.18,1107.75,90.0,82,July 2026,FlashReport_July_2026.pdf
568,Nadiad-Petlad 37.26 km,CAOCWR WR mor,709812,Gujarat,2022-05-01,2024-05-01,2030-06-01,2030-06-01,461.91,461.91,142.21,30.0,82,July 2026,FlashReport_July_2026.pdf
569,New BG line intersection 5 nos between Geratpur-Sanand & Botad-Ahmedabad 16.51 km PB29/NR/2022-23,CAOCWR WR mor,709813,Gujarat,2022-10-01,2025-03-01,2027-10-01,2027-10-01,437.21,463.95,463.96,22.0,82,July 2026,FlashReport_July_2026.pdf
570,Doubling between Bhiwani - Dobh Bahali PB73/2023-24/NR,CAOC/NWR NWR mor,611884,Haryana,2023-02-01,2023-04-01,2027-06-01,2028-02-01,471.0,471.0,342.36,77.0,82,July 2026,FlashReport_July_2026.pdf
571,Pradhankhunta Jn-Patherdih Bazar-Bhojudih 17.1 km Umbrella work PB57/2019- 20/NR,CAO/Con/South/MHX ECR mor,617372,Jharkhand,2022-11-01,2025-09-01,2027-11-01,2026-03-01,349.22,349.22,162.92,60.0,82,July 2026,FlashReport_July_2026.pdf
572,Koderma-Barkakana Arigada 133 Km,CAO/Con/South/MHX ECR mor,617832,Jharkhand,2025-06-01,2026-07-01,2029-12-01,,2887.11,2887.11,0.85,0.0,83,July 2026,FlashReport_July_2026.pdf
573,Gomoh - Flyover for down trains 20 km,CAO/Con/South/MHX ECR mor,705765,Jharkhand,2018-01-01,2022-04-01,2026-03-01,2026-03-01,686.0,686.03,531.63,65.0,83,July 2026,FlashReport_July_2026.pdf
574,Lodhma-Piska - Link line bypassing Hatia / Ranchi with Y connection 17.2 km,CAO/C/SER SER mor,705785,Jharkhand,2021-08-01,2025-11-01,2026-06-01,2027-05-01,473.0,472.5,344.5,14.0,83,July 2026,FlashReport_July_2026.pdf
575,Pradhan Kuntha Jn Line Doubling Project,East Central Railway [ECR] - I,706837,Jharkhand,2022-11-01,2022-11-01,2027-11-01,2027-11-01,349.22,349.22,145.57,72.0,83,July 2026,FlashReport_July_2026.pdf
576,Construction of New BG line between Hassan to Belur [27 Km],South Western Railway [SWR] - II,400023,Karnataka,2019-03-01,2025-12-01,2028-04-01,2030-03-01,749.0,749.0,3.43,0.5,83,July 2026,FlashReport_July_2026.pdf
577,Gadag - Wadi 252 km,CAOC/SWR SWR mor,705490,Karnataka,2013-04-01,2017-08-01,2027-03-01,2027-12-01,2842.0,3668.17,2252.04,35.0,83,July 2026,FlashReport_July_2026.pdf
578,Kadur-Chickmagalur-Sakleshpur 93 km,CAOC/SWR SWR mor,705492,Karnataka,2014-01-01,2023-06-01,2025-06-01,2025-12-01,825.0,1043.15,790.72,83.0,83,July 2026,FlashReport_July_2026.pdf
579,Hubli-Ankola 167 km,CAOC/SWR SWR mor,705493,Karnataka,1999-01-01,2023-08-01,2005-03-01,2030-03-01,5174.0,533.32,186.31,10.0,83,July 2026,FlashReport_July_2026.pdf
580,Bagalkot-Kudachi 142 km,CAOC/SWR SWR mor,705495,Karnataka,2010-02-01,2025-02-01,2027-03-01,2027-01-01,1378.0,1710.44,797.37,35.0,83,July 2026,FlashReport_July_2026.pdf
581,Tumkur-Chitradurg-Davangere 199.7 km,CAOC/SWR SWR mor,705496,Karnataka,2011-03-01,2017-11-01,2019-03-01,2027-12-01,1876.0,1801.01,676.71,22.0,83,July 2026,FlashReport_July_2026.pdf
582,Bangalore-Whitefield-Bangalore City-Krishnarajapuram 23.08 km - Quadrupling,CPM/GS/SBC SWR mor,705663,Karnataka,2018-03-01,2022-05-01,2026-02-01,2026-02-01,493.0,717.54,459.94,70.0,83,July 2026,FlashReport_July_2026.pdf
583,Shimoga-Shikaripura-Ranebennur 103 km umbrella work PB23/2018-19/NR,CAOC/SWR SWR mor,705761,Karnataka,2019-09-01,2023-12-01,2027-12-01,2028-06-01,1454.0,455.86,106.18,14.0,83,July 2026,FlashReport_July_2026.pdf
584,Bangalore Suburban Railway Project,Karnataka Rail Infrastructure Development Company Limited [K-RIDE],705941,Karnataka,2020-10-01,2020-10-01,2026-12-01,2030-03-01,15767.0,15767.0,3277.99,20.02,83,July 2026,FlashReport_July_2026.pdf
585,Kumbalam-Turavur - Patch doubling 15.59 km,CAO/CN/ERS SR mor,705638,Kerala,2023-04-01,2024-10-01,2027-03-01,2027-03-01,813.0,1171.46,395.03,30.0,83,July 2026,FlashReport_July_2026.pdf
586,Ernakulam-Kumbalam - Patch doubling 7.71 km,CAO/CN/ERS SR mor,705639,Kerala,2023-04-01,2024-10-01,2028-03-01,2027-02-01,601.0,827.5,312.63,25.0,83,July 2026,FlashReport_July_2026.pdf
587,Gwalior-Sheorpurkalan with extension to Kota 284 km,CAO/C/NCR NCR mor,705419,Madhya Pradesh,2010-02-01,2018-04-01,2025-03-01,2026-02-01,2913.0,3947.0,3068.75,91.0,83,July 2026,FlashReport_July_2026.pdf
588,Satna - Rewa 50 km,CE/C-4/WCR WCR mor,705659,Madhya Pradesh,2015-11-01,2016-08-01,2026-03-01,2026-03-01,500.0,646.1,618.19,88.0,83,July 2026,FlashReport_July_2026.pdf
589,Katni - Grade separator / bypass 21.50 km,GM IRCON KATNI WCR mor,705661,Madhya Pradesh,2016-08-01,2017-09-01,2024-09-01,2026-09-01,1248.0,2300.0,1839.46,84.0,83,July 2026,FlashReport_July_2026.pdf
590,Nimach-Ratlam 133 km,CAOCWR WR mor,705933,Madhya Pradesh,2021-10-01,2022-08-01,2027-10-01,2027-10-01,1095.88,1770.58,1488.18,100.0,83,July 2026,FlashReport_July_2026.pdf
591,Aurangabad-Ankai 98.25 km,CAOCON/SCR SCR mor,611751,Maharashtra,2023-05-01,2024-06-01,2025-12-01,,960.64,960.64,381.13,0.0,83,July 2026,FlashReport_July_2026.pdf
592,Pachora-Jamner with extension upto Malkapur-Narrow gauge to broad gauge 84 km,CAOC/CR CR mor,612845,Maharashtra,2022-08-01,2026-01-01,2027-08-01,,955.39,2093.82,294.53,10.0,83,July 2026,FlashReport_July_2026.pdf
593,Redevelopment of Chhatrapati Shivaji Maharaj Terminus [CSMT] and construction of associated infrastructure,Rail Land Development Authority,613015,Maharashtra,2023-04-01,2023-07-01,2027-03-01,,1813.0,1813.0,873.99,25.0,83,July 2026,FlashReport_July_2026.pdf
594,Doubling between Parbhani-Parli Vaijnath stations 64.71 km PB34/CR/2023-24,CAOCON/SCR SCR mor,617215,Maharashtra,2023-12-01,2025-05-01,2028-03-01,,769.93,769.93,174.3,1.0,84,July 2026,FlashReport_July_2026.pdf
595,Central Railway - Double chord line between Nilaje and Kopar 4.495 km PB34/CR/2023-24,CAOC/CR CR mor,617364,Maharashtra,2023-07-01,2024-12-01,2028-07-01,,338.33,205.0,57.54,15.0,84,July 2026,FlashReport_July_2026.pdf
596,Ahmednagar - Beed - Parli - Vaijnath New Broad Gauge Line Railway Project [261.3 km],CAOC/CR CR mor,705356,Maharashtra,1997-02-01,2013-04-01,2026-12-01,2026-03-01,2538.67,5942.48,5054.69,93.0,84,July 2026,FlashReport_July_2026.pdf
597,Baramati - Lonand 54 km,CAOC/CR CR mor,705357,Maharashtra,1999-02-01,2003-12-01,2027-03-01,2027-03-01,138.48,1790.5,1132.25,60.0,84,July 2026,FlashReport_July_2026.pdf
598,Wadsa-Gadchiroli 49.5 km,CAOC/SECR SECR mor,705479,Maharashtra,2017-05-01,2023-11-01,2027-03-01,2027-03-01,1886.0,1880.61,1015.46,69.0,84,July 2026,FlashReport_July_2026.pdf
599,Wardha - Yavatmal Nanded Railway Line Project,Central Railways,705497,Maharashtra,2008-02-01,2013-04-01,2026-12-01,,3445.34,4030.69,4053.03,47.0,84,July 2026,FlashReport_July_2026.pdf
600,Kalyan-Kasara - 3rd line 67.62 km,CAOC/CR CR mor,705498,Maharashtra,2015-09-01,2015-09-01,2026-12-01,2026-12-01,792.89,1395.5,1159.82,73.0,84,July 2026,FlashReport_July_2026.pdf
601,Wardha Sevagram-Nagpur - 3rd line 76.3 km,CAOC/CR CR mor,705500,Maharashtra,2015-09-01,2015-10-01,2025-12-01,2026-10-01,540.02,899.52,836.27,88.0,84,July 2026,FlashReport_July_2026.pdf
602,Wardha-Balharshah - 3rd line 132 km,CAOC/CR CR mor,705502,Maharashtra,2016-03-01,2016-05-01,2025-12-01,2026-02-01,1384.72,2603.11,1894.7,86.0,84,July 2026,FlashReport_July_2026.pdf
603,Daund - Manmad 247.50 km,CAOC/CR CR mor,705504,Maharashtra,2017-10-01,2018-11-01,2025-12-01,2026-03-01,2081.27,3554.74,3191.56,95.0,84,July 2026,FlashReport_July_2026.pdf
604,Wardha-Nagpur - 4th line 78.70 km,CAOC/CR CR mor,705505,Maharashtra,2017-04-01,2017-06-01,2025-12-01,2026-10-01,637.95,1194.59,1090.49,88.0,84,July 2026,FlashReport_July_2026.pdf
605,3rd Line Manmad - Jalgaon [160 Kilometres],Central Railway [CR] - II,705506,Maharashtra,2017-05-01,2018-04-01,2024-12-01,2025-11-01,1035.16,1870.0,1843.54,100.0,84,July 2026,FlashReport_July_2026.pdf
606,Solapur-Osmanabad - New line via Tuljapur 84.44 km umbrella work PB23/2018- 19/NR,CAOC/CR CR mor,705735,Maharashtra,2019-01-01,2024-09-01,2027-03-01,2028-03-01,904.92,1647.87,1202.73,22.0,84,July 2026,FlashReport_July_2026.pdf
607,Jiribam-Imphal 110 km,CAO/C-III/NFR NFR mor,705391,Manipur,2003-10-01,2009-04-01,2026-12-01,2029-06-01,14323.0,21886.0,16931.5,78.0,84,July 2026,FlashReport_July_2026.pdf
608,Marikuppam-Kuppam 23.7 km,CAOC/SWR SWR mor,705491,"Multi-States (Andhra Pradesh, Karnataka)",2011-10-01,2015-06-01,2026-06-01,2026-06-01,297.0,502.13,145.72,20.0,84,July 2026,FlashReport_July_2026.pdf
609,Rayadurg-Tumkur via Kalyandurg 213 km,CAOC/SWR SWR mor,705494,"Multi-States (Andhra Pradesh, Karnataka)",2007-02-01,2011-02-01,2015-09-01,2028-02-01,2496.0,4612.0,1906.63,65.0,84,July 2026,FlashReport_July_2026.pdf
610,Kottavalasa-Koraput 189.278 km,CAO/C/ECOR ECoR mor,705512,"Multi-States (Andhra Pradesh, Odisha)",2015-12-01,2016-01-01,2022-03-01,2028-03-01,2500.0,3580.41,2300.04,74.0,84,July 2026,FlashReport_July_2026.pdf
611,Tindivanam-Nagari 179.2 km,CAOC/SR SR mor,400275,"Multi-States (Andhra Pradesh, Tamil Nadu)",2008-07-01,2009-05-01,2016-09-01,2028-03-01,3631.0,3631.34,1175.82,16.0,84,July 2026,FlashReport_July_2026.pdf
612,Tirupati-Pakala-Katpadi Doubling 104.39 Km Item83/NR/2024-25,CAO/C/SCoR SCoR mor,617210,"Multi-States (Andhra Pradesh, Tamil Nadu)",2025-04-01,2025-04-01,2029-04-01,,1215.56,1215.56,0.0,0.0,84,July 2026,FlashReport_July_2026.pdf
613,"Renigunta 9.60 km, Wadi 7.60 km & Gooty 3.8 km - Bypass",CAO/C/SCoR SCoR mor,705610,"Multi-States (Andhra Pradesh, Tamil Nadu)",2016-04-01,2016-08-01,2025-12-01,2026-03-01,302.0,850.74,421.36,50.0,84,July 2026,FlashReport_July_2026.pdf
614,Doubling between Motumari Vishnupuram 88.81 km and Rail over Rail RoR at Motumari 10.877 Km,CAO/C/SCoR SCoR mor,616857,"Multi-States (Andhra Pradesh, Telangana)",2024-02-01,2025-07-01,2029-03-01,,1595.55,1595.55,327.62,22.0,84,July 2026,FlashReport_July_2026.pdf
615,"South Central Railway- Rail connectivity to Amaravati, Capital of Andhra Pradesh Errupalem- Amaravati- Namburu New line 57 km PB7/WR/2023-24",CAO/C/SCoR SCoR mor,617214,"Multi-States (Andhra Pradesh, Telangana)",2024-11-01,2026-06-01,2027-03-01,,2047.4,2047.4,155.0,0.0,84,July 2026,FlashReport_July_2026.pdf
616,Vijayawada19.50 km & Kazipet10.65 km -Byepass line,CAO/C/SCoR SCoR mor,705632,"Multi-States (Andhra Pradesh, Telangana)",2016-04-01,2021-01-01,2025-01-01,2025-12-01,647.0,827.46,705.66,90.0,85,July 2026,FlashReport_July_2026.pdf
617,Murkongselek-Pasighat 26.15 km,CAO/C-II/NFR NFR mor,705401,"Multi-States (Arunachal Pradesh, Assam)",2011-02-01,2023-05-01,2025-03-01,2026-12-01,435.0,1334.45,1057.21,67.0,85,July 2026,FlashReport_July_2026.pdf
618,Teteliya-Byrnihat 21.5 km,CAO/C-II/NFR NFR mor,705394,"Multi-States (Assam, Meghalaya)",2006-11-01,2011-04-01,2011-11-01,2027-06-01,1304.62,1432.14,1272.35,87.0,85,July 2026,FlashReport_July_2026.pdf
619,Dimapur-Kohima 88 km,CAO/C-1/NFR NFR mor,705392,"Multi-States (Assam, Nagaland)",2006-11-01,2015-12-01,2025-03-01,2029-12-01,6663.0,15310.23,6719.53,45.0,85,July 2026,FlashReport_July_2026.pdf
620,Koderma-Tilaiya 68 km,CAO/Con/South/MHX ECR mor,705375,"Multi-States (Bihar, Jharkhand)",2004-11-01,2017-05-01,2025-02-01,2026-02-01,1626.0,2433.13,2269.03,90.0,85,July 2026,FlashReport_July_2026.pdf
621,Pirpainti - Jasidih 97 km,CAOC/ER ER mor,705385,"Multi-States (Bihar, Jharkhand)",2014-03-01,2026-04-01,2028-03-01,2028-03-01,2555.0,2700.43,1775.66,40.0,85,July 2026,FlashReport_July_2026.pdf
622,Multi tracking of Son Nagar-Andal 374.53 rkm & 814.38 tkm PB34/ECOR/2023-24,CAO/Con/South/MHX ECR mor,616699,"Multi-States (Bihar, Jharkhand, Uttar Pradesh, West Bengal)",2023-08-01,2025-09-01,2028-03-01,,12333.57,12333.57,1152.79,3.0,85,July 2026,FlashReport_July_2026.pdf
623,NER Provision of Automatic Block Signalling on Gorakhpur Cantt[Excl] Chhapra Gramin & Burhwal Jn [Excl] Sitapur Jn section of high density routes,North Eastern Railway [NER],611669,"Multi-States (Bihar, Uttar Pradesh)",2022-05-01,2023-06-01,2027-03-01,2028-03-01,380.47,380.47,258.65,25.0,85,July 2026,FlashReport_July_2026.pdf
624,Gorakhpur-Valmikinagar Doubling project,NER,617224,"Multi-States (Bihar, Uttar Pradesh)",2023-08-01,2024-03-01,2027-12-01,,1120.0,1120.0,442.7,32.0,85,July 2026,FlashReport_July_2026.pdf
625,Construction of surface traingle between Bhadaura and new crossing station Karma Dildarnagar-Taraghat line 11.1 km PB72/NR/2022-23,CAO/Con/South/MHX ECR mor,617333,"Multi-States (Bihar, Uttar Pradesh)",2022-10-01,2024-06-01,2027-02-01,,199.96,199.96,64.04,0.0,85,July 2026,FlashReport_July_2026.pdf
626,Chhapra-Ballia - Patch doubling 65 km,CAOC/NER NER mor,705562,"Multi-States (Bihar, Uttar Pradesh)",2013-03-01,2015-12-01,2025-02-01,2026-05-01,963.0,1010.84,1000.05,95.0,85,July 2026,FlashReport_July_2026.pdf
627,Katihar-Kumedpur & Katihar-Mukuria 64.5 km Umbrella work PB57/2019-20/NR,CAO/C-II/NFR NFR mor,617245,"Multi-States (Bihar, West Bengal)",2022-08-01,2023-10-01,2027-08-01,2027-02-01,942.64,1961.0,952.95,65.0,85,July 2026,FlashReport_July_2026.pdf
628,Rajnandgaon-Nagpur - 3rd line 228 km,CAOC/SECR SECR mor,705617,"Multi-States (Chhattisgarh, Maharashtra)",2016-09-01,2016-12-01,2024-12-01,2026-06-01,3545.0,3544.92,3143.54,95.0,85,July 2026,FlashReport_July_2026.pdf
629,4th line - Bhatapara-Hathband 8.8 km PB72/NR/2022-23,CAOC/SECR SECR mor,709815,"Multi-States (Chhattisgarh, Maharashtra)",2022-09-01,2023-03-01,2027-01-01,2027-12-01,177.03,177.03,21.08,3.0,85,July 2026,FlashReport_July_2026.pdf
630,4th line - Bhilai-Bhilai nagar 8.8 km PB72/NR/2022-23,CAOC/SECR SECR mor,709816,"Multi-States (Chhattisgarh, Maharashtra)",2022-09-01,2023-03-01,2027-02-01,2027-02-01,177.34,177.34,35.21,3.0,85,July 2026,FlashReport_July_2026.pdf
631,4th line - Dadhapara-Belha 9.2 km PB72/NR/2022-23,CAOC/SECR SECR mor,709817,"Multi-States (Chhattisgarh, Maharashtra)",2022-09-01,2023-03-01,2026-11-01,2026-11-01,169.06,169.06,65.43,10.0,85,July 2026,FlashReport_July_2026.pdf
632,Jagdalpur-Koraput 110.22 km,CAO/C/ECOR ECoR mor,705511,"Multi-States (Chhattisgarh, Odisha)",2015-12-01,2021-10-01,2024-03-01,2026-12-01,1547.0,1547.38,1382.17,90.0,85,July 2026,FlashReport_July_2026.pdf
633,Jharsuguda - Bilaspur - 4th line 206 km,CAOC/SECR SECR mor,705616,"Multi-States (Chhattisgarh, Odisha)",2016-09-01,2016-03-01,2024-10-01,2026-03-01,2140.0,2978.55,2540.98,88.0,85,July 2026,FlashReport_July_2026.pdf
634,Mumbai-Ahmedabad High Speed Rail Project- 508 km,National High Speed Rail Corporation [NHSRC],705728,"Multi-States (Dadra & Nagar Haveli and Daman & Diu, Gujarat, Maharashtra)",2015-03-01,2017-09-01,2027-08-01,2029-12-01,108000.0,108000.0,90966.89,62.16,85,July 2026,FlashReport_July_2026.pdf
635,Raising of speed to 160 kmph/200 kmph on existing New Delhi-Mumbai route incl. Vadodara-Ahmedabad,PCE/WR,705793,"Multi-States (Delhi, Gujarat, Madhya Pradesh, Maharashtra, Rajasthan)",2019-09-01,2019-09-01,2024-03-01,2026-03-01,6806.44,8095.12,9480.86,66.32,85,July 2026,FlashReport_July_2026.pdf
636,Western Dedicated Freight Corridor,DFCCIL,705237,"Multi-States (Gujarat, Haryana, Maharashtra, Rajasthan, Uttar Pradesh)",2008-02-01,2012-01-01,2022-03-01,2025-12-01,51101.0,124005.0,124623.0,96.0,85,July 2026,FlashReport_July_2026.pdf
637,"Dahod-Indore via Sardarpur, Jhabua & Dhar 200.97 km incl. material modification for change in alignment via Amjhera 4.82 km",CAOCWR WR mor,705453,"Multi-States (Gujarat, Madhya Pradesh)",2012-06-01,2008-12-01,2027-02-01,2027-02-01,456.07,9217.23,4509.3,57.0,86,July 2026,FlashReport_July_2026.pdf
638,Chhota Udepur-Dhar 157 km,CAOCWR WR mor,705454,"Multi-States (Gujarat, Madhya Pradesh)",2007-02-01,2008-08-01,2025-12-01,2025-12-01,1794.0,1993.65,1855.01,58.0,86,July 2026,FlashReport_July_2026.pdf
639,Taranga Hill-Abu Road via Ambaji 116.65 km,CAOC/NWR NWR mor,400022,"Multi-States (Gujarat, Rajasthan)",2022-07-01,2023-05-01,2030-07-01,2030-07-01,2798.0,3198.16,1953.58,48.0,86,July 2026,FlashReport_July_2026.pdf
640,LUNI- SAMDARI- BHILDI DOUBLING,North Western Railway [NWR],616842,"Multi-States (Gujarat, Rajasthan)",2024-02-01,2024-02-01,2027-07-01,,3085.59,3085.59,962.77,36.0,86,July 2026,FlashReport_July_2026.pdf
641,Chandigarh-Baddi 33.23 km,CAOC/NR NR mor,705424,"Multi-States (Haryana, Himachal Pradesh)",2018-02-01,2022-07-01,2026-12-01,2026-12-01,1540.0,1942.17,1101.73,47.0,86,July 2026,FlashReport_July_2026.pdf
642,Nangal Dam-Talwara 83.74 km - New broad gauge line & taking over siding Mukerian- Talwara 29.16 km,CAOC/NR NR mor,705410,"Multi-States (Himachal Pradesh, Punjab)",1983-03-01,1983-04-01,2025-12-01,2027-12-01,2018.0,4076.15,2934.27,84.0,86,July 2026,FlashReport_July_2026.pdf
643,Bondamunda - Ranchi 158.50 km,CAO/C/SER SER mor,705628,"Multi-States (Jharkhand, Odisha)",2016-03-01,2017-02-01,2025-06-01,2026-06-01,3029.0,3029.04,2696.32,95.0,86,July 2026,FlashReport_July_2026.pdf
644,Buramara - Chakulia 59.96 km PB9/SECR/2023-24,CAO/C/SER SER mor,616588,"Multi-States (Jharkhand, Odisha, West Bengal)",2024-08-01,2024-08-01,2029-12-01,,1459.13,1459.13,11.7,2.0,86,July 2026,FlashReport_July_2026.pdf
645,3rd line between Chandil - Anara- Damodar section 121.26 km,CAO/C/SER SER mor,616227,"Multi-States (Jharkhand, West Bengal)",2024-09-01,2024-09-01,2029-09-01,,1932.01,1932.01,9.07,0.0,86,July 2026,FlashReport_July_2026.pdf
646,Kharagpur-Adityapur - 3rd line 132 km,CMD / RVNL RVNL mor,705668,"Multi-States (Jharkhand, West Bengal)",2016-09-01,2016-11-01,2025-03-01,2026-06-01,3250.0,3450.0,3297.43,98.0,86,July 2026,FlashReport_July_2026.pdf
647,Baiyyappanahalli-Hosur 48 km,M.D/KRIDE SWR mor,703586,"Multi-States (Karnataka, Tamil Nadu)",2019-04-01,2020-07-01,2024-12-01,2026-01-01,498.7,1160.0,700.64,85.0,86,July 2026,FlashReport_July_2026.pdf
648,Trivandrum- Kanyakumari,CAO/CN/ERS SR mor,705635,"Multi-States (Kerala, Tamil Nadu)",2017-08-01,2019-08-01,2025-03-01,2028-06-01,1432.0,3785.45,3258.97,59.0,86,July 2026,FlashReport_July_2026.pdf
649,Ratlam-Mhow-Khandwa-Akola 472.64 km including material modification for Fatehabad-Chandrawati Ganj-Ujjain 22.96 km and Rau-DADN doubling 9.40 km,CAOCWR WR mor,705457,"Multi-States (Madhya Pradesh, Maharashtra)",2008-01-01,2011-09-01,2027-03-01,2028-09-01,1656.25,13314.47,5045.54,75.0,86,July 2026,FlashReport_July_2026.pdf
650,Itarsi-Nagpur bal. 280 km,CAOC/CR CR mor,705507,"Multi-States (Madhya Pradesh, Maharashtra)",2016-09-01,2016-12-01,2027-03-01,2027-12-01,2449.91,2509.24,2290.12,55.0,86,July 2026,FlashReport_July_2026.pdf
651,Ramganj Mandi-Bhopal 262 km,CPM/Kota WCR mor,705481,"Multi-States (Madhya Pradesh, Rajasthan)",2000-02-01,2001-08-01,2025-12-01,2027-12-01,3032.0,5074.76,4498.51,86.0,86,July 2026,FlashReport_July_2026.pdf
652,Nimach-Badi Sadri NL Project 48 km,CAOC/NWR NWR mor,705764,"Multi-States (Madhya Pradesh, Rajasthan)",2018-10-01,2022-01-01,2026-03-01,2026-06-01,495.0,895.67,577.16,60.0,86,July 2026,FlashReport_July_2026.pdf
653,Mathura-Jhansi - 3rd line 273.80 km,CMD / RVNL RVNL mor,705667,"Multi-States (Madhya Pradesh, Rajasthan, Uttar Pradesh)",2016-09-01,2017-02-01,2023-12-01,2026-12-01,5961.0,5960.76,5725.22,94.0,86,July 2026,FlashReport_July_2026.pdf
654,"Lalitpur-Satna, Rewa-Singrauli & Mahoba-Khajuraho 541 km",CE/C-4/WCR WCR mor,705480,"Multi-States (Madhya Pradesh, Uttar Pradesh)",2007-01-01,1999-02-01,2027-03-01,2027-12-01,8914.0,8913.94,6622.82,73.0,86,July 2026,FlashReport_July_2026.pdf
655,Jhansi-Bina - 3rd line 152.57 km,CAO/C/NCR NCR mor,705598,"Multi-States (Madhya Pradesh, Uttar Pradesh)",2016-09-01,2020-03-01,2022-03-01,2026-03-01,2002.0,2001.63,1943.61,98.0,86,July 2026,FlashReport_July_2026.pdf
656,Jhansi-Khairar-Manikpur & Khirar-Bhimsen,North Central Railway,705608,"Multi-States (Madhya Pradesh, Uttar Pradesh)",2018-03-01,2019-04-01,2026-03-01,2026-03-01,4330.0,4330.0,3102.72,73.0,86,July 2026,FlashReport_July_2026.pdf
657,Bangriposi - Gorumahisani 85.60 km PB9/SECR/2023-24,CAO/C/SER SER mor,616586,"Multi-States (Odisha, West Bengal)",2024-08-01,2024-08-01,2029-12-01,,2269.49,2269.49,7.31,2.0,86,July 2026,FlashReport_July_2026.pdf
658,Narayangarh - Bhadrak - 3rd line 155 km,CAO/C/SER SER mor,705629,"Multi-States (Odisha, West Bengal)",2019-03-01,2020-02-01,2025-12-01,2027-01-01,2400.0,3425.32,2886.02,84.0,86,July 2026,FlashReport_July_2026.pdf
659,Tiruchchirappalli-Nagore-Karaikal with extension of Nagapattinam-Velankani- Tiruthiraipundi incl. new material modification of Karaikal - Peralam 23 km new line,CAOC/SR SR mor,400223,"Multi-States (Puducherry, Tamil Nadu)",1995-11-01,2014-02-01,2025-03-01,2028-03-01,713.0,1748.55,1267.74,80.0,87,July 2026,FlashReport_July_2026.pdf
660,Sivok-Rangpo New Rail Line,Indian Railway Construction International Limited [IRCON],705432,"Multi-States (Sikkim, West Bengal)",2009-10-01,2010-05-01,2015-05-01,2027-12-01,7877.0,11775.05,11090.47,80.0,87,July 2026,FlashReport_July_2026.pdf
661,"Sainthia, Sitarampur, Mughalsarai, Allahabad & Etawah - Bypass 35 km",CAOC/ER ER mor,602797,"Multi-States (Uttar Pradesh, West Bengal)",2017-08-01,2024-06-01,2027-03-01,2027-03-01,461.64,797.94,185.23,15.0,87,July 2026,FlashReport_July_2026.pdf
662,Jharsuguda-Barpali-Sardega Ph II Works- Rail Connectivity for Coal Loading Bulb at Barpali.,South Eastern Railway [SER] - I,400006,Odisha,2021-10-01,2021-10-01,2025-10-01,2026-12-01,808.99,808.99,743.46,44.0,87,July 2026,FlashReport_July_2026.pdf
663,Proposed 6 nos Road Over Bridge [ROB] at different locations under MCL Talcher Under Deposit Scheme.,East Coast Railway [ECoR] - II,400045,Odisha,2022-08-01,2022-07-01,2025-03-01,2025-01-01,168.32,168.32,69.85,82.0,87,July 2026,FlashReport_July_2026.pdf
664,Doubling of Lingaraj SILO connectivity of NTPC line and augmentation of NTPC exchange yard and NTPC Block Cabin.,East Coast Railway [ECoR] - II,400047,Odisha,2022-08-01,2022-06-01,2024-12-01,2026-12-01,210.0,210.0,41.17,53.0,87,July 2026,FlashReport_July_2026.pdf
665,Doubling of lines connecting the loading spurs in Talcher Yard.,East Coast Railway [ECoR] - II,400048,Odisha,2022-09-01,2022-06-01,2024-12-01,2027-06-01,186.21,186.21,105.07,88.0,87,July 2026,FlashReport_July_2026.pdf
666,Brundamal - Jharsuguda - Fly-over connection for joining down line 6.6 km,CAO/C/ECOR ECoR mor,400232,Odisha,2014-01-01,2024-02-01,2026-12-01,2026-12-01,297.0,296.51,46.39,55.0,87,July 2026,FlashReport_July_2026.pdf
667,3rd & 4th line between Sarla - Sason 8 km PB73/2023-24/NR,CAO/C/ECOR ECoR mor,612834,Odisha,2023-04-01,2024-01-01,2025-12-01,,252.0,252.0,169.6,88.0,87,July 2026,FlashReport_July_2026.pdf
668,Rourkela-Bondamunda A-Cabin 5th line 10 km Umbrella work PB57/2019-20/NR,CAO/C/SER SER mor,615915,Odisha,2022-09-01,2023-12-01,2024-09-01,2026-11-01,244.99,244.99,155.23,45.0,87,July 2026,FlashReport_July_2026.pdf
669,Flyover between Siju & Paradeep coaching yard 7 km PB73/2023-24/NR,CAO/C/ECOR ECoR mor,616694,Odisha,2023-04-01,2023-10-01,2028-07-01,,200.77,200.77,55.91,0.0,87,July 2026,FlashReport_July_2026.pdf
670,Construction of Paradeep- Badabandha 3rd & 4th line 18.51 km PB34/ECOR/2023-24,CAO/C/ECOR ECoR mor,616695,Odisha,2023-08-01,2025-11-01,2028-11-01,,300.15,300.15,21.5,7.0,87,July 2026,FlashReport_July_2026.pdf
671,Gunupur - Therubali new line 73.62 km,CAO/C/ECOR ECoR mor,616839,Odisha,2024-08-01,2026-05-01,2029-12-01,,1165.89,1165.73,1.95,0.0,87,July 2026,FlashReport_July_2026.pdf
672,Khurda Road-Bolangir 301 km,CAO/C/ECOR ECoR mor,705358,Odisha,1994-03-01,2001-03-01,2026-12-01,2026-12-01,3792.0,6221.98,4825.28,93.0,87,July 2026,FlashReport_July_2026.pdf
673,Talcher-Bimlagarh 154 km,CAO/C/ECOR ECoR mor,705359,Odisha,2004-03-01,2008-07-01,2025-03-01,2029-03-01,1928.0,4546.84,2164.01,56.0,87,July 2026,FlashReport_July_2026.pdf
674,Bhadrak-Nergundi - 3rd line 80 km,CAO/C/ECOR ECoR mor,705510,Odisha,2012-03-01,2016-09-01,2024-11-01,2026-01-01,1284.0,1600.0,1395.78,87.0,87,July 2026,FlashReport_July_2026.pdf
675,Koraput-Singapur Road 164.56 km,CAO/C/ECOR ECoR mor,705513,Odisha,2015-12-01,2016-01-01,2027-12-01,2028-03-01,2362.0,2462.17,2093.47,56.0,87,July 2026,FlashReport_July_2026.pdf
676,Jarapaada-Budhapank with flyover at Talcher Road - 3rd & 4th line 47 44 km,CAO/C/ECOR ECoR mor,705514,Odisha,2015-11-01,2016-05-01,2018-11-01,2028-03-01,1000.0,928.54,758.57,25.0,87,July 2026,FlashReport_July_2026.pdf
677,Budhapank-Salegaon via Rajatgarh - 3rd & 4th line 85 85 km,CAO/C/ECOR ECoR mor,705515,Odisha,2015-12-01,2016-04-01,2026-03-01,2026-03-01,1173.0,3034.8,2213.72,86.0,87,July 2026,FlashReport_July_2026.pdf
678,Jeypore - Navarangpur 38 km,CAO/C/ECOR ECoR mor,705741,Odisha,2017-07-01,2022-09-01,2028-07-01,2029-12-01,748.0,747.91,15.93,1.0,87,July 2026,FlashReport_July_2026.pdf
679,Jeypore - Malkangiri 130 km,CAO/C/ECOR ECoR mor,705742,Odisha,2018-02-01,2026-04-01,2033-07-01,2033-07-01,2344.0,2343.64,736.58,6.0,87,July 2026,FlashReport_July_2026.pdf
680,North Region Video Surveillance Project,RCIL,705298,PAN India,2020-06-01,2023-04-01,2024-03-01,,274.39,274.39,0.0,48.0,87,July 2026,FlashReport_July_2026.pdf
681,Ludhiana Mullanpur 21Km Doubling Railway project,CAO/C/NR,607653,Punjab,,2022-10-01,2024-06-01,2027-02-01,234.78,234.78,61.39,99.0,88,July 2026,FlashReport_July_2026.pdf
682,Ludhiana-Kila Raipur 19 km with freight line at Gill station,CAOC/NR NR mor,705783,Punjab,2019-03-01,2022-12-01,2025-03-01,2027-02-01,237.64,260.33,108.49,70.0,88,July 2026,FlashReport_July_2026.pdf
683,Nathdwara Mavli - Devgarh Madariya 82.542 km,CAOC/NWR NWR mor,611855,Rajasthan,2023-01-01,2023-08-01,2028-06-01,,968.92,1100.0,816.16,75.0,88,July 2026,FlashReport_July_2026.pdf
684,Maintenance cum workshop depot for Vande Bharat Sleeper Trains as per conditions under WTA 527,WPO/Patna,611929,Rajasthan,2022-09-01,2023-06-01,2024-12-01,,166.86,166.86,0.0,0.0,88,July 2026,FlashReport_July_2026.pdf
685,Pushkar - Merta Katyasani 51.346 km,CAOC/NWR NWR mor,616841,Rajasthan,2024-02-01,2024-08-01,2026-12-01,2028-12-01,799.64,799.64,242.08,7.0,88,July 2026,FlashReport_July_2026.pdf
686,Ajmer-Chanderiya section 178.28 km Umbrella work PB57/2019-20/NR,CAOC/NWR NWR mor,616843,Rajasthan,2024-02-01,2024-09-01,2027-06-01,2028-03-01,1634.79,1634.79,560.17,23.0,88,July 2026,FlashReport_July_2026.pdf
687,SADULPUR - CHURU DOUBLING PROJECT,North Western Railway [NWR],617403,Rajasthan,2024-01-01,2024-01-01,2026-06-01,,468.64,468.64,197.84,95.0,88,July 2026,FlashReport_July_2026.pdf
688,North Western Railway - New line between Ramdevra and Pokhran via Bhairav Gufa - Kailash Tekri 13.38 Km PB30/NR/2025-26,CAOC/NWR NWR mor,617404,Rajasthan,2025-04-01,2026-05-01,2028-03-01,,189.21,189.21,57.31,3.0,88,July 2026,FlashReport_July_2026.pdf
689,Gudha-Thathana Mithri - Construction of dedicated test track for testing and trial of rolling stocks and infrastructure components umbrella work PB23/2018-19/NR,CAOC/NWR NWR mor,705752,Rajasthan,2019-04-01,2019-11-01,2026-11-01,2026-11-01,819.48,540.0,326.2,95.0,88,July 2026,FlashReport_July_2026.pdf
690,Agra Fort-Bandikui Doubling Line Project,CAO/C/NCR,705919,Rajasthan,2022-06-01,2021-02-01,2027-06-01,2027-06-01,1390.0,1390.0,529.92,56.0,88,July 2026,FlashReport_July_2026.pdf
691,Dedicatedtest track for RDSO Phase-2 34 km Umbrella work PB22/2019-20/NR,CAOC/NWR NWR mor,706836,Rajasthan,2021-11-01,2021-11-01,2026-11-01,,466.42,619.19,586.33,98.0,88,July 2026,FlashReport_July_2026.pdf
692,Sawaimadhopur - Bypass line 6.98 km Umbrella work PB57/2019-20/NR,CAOC/NWR NWR mor,706866,Rajasthan,2022-12-01,2024-04-01,2026-03-01,2027-05-01,304.0,239.0,188.07,72.0,88,July 2026,FlashReport_July_2026.pdf
693,Phase II extension of MRTS from Velachery to St Thomas Mount,Ministry of Railways,400280,Tamil Nadu,2007-11-01,2008-11-01,2025-07-01,2025-09-01,734.0,734.01,486.53,99.9,88,July 2026,FlashReport_July_2026.pdf
694,Redevelopment of Chennai Egmore Station,Ministry of Railways,613002,Tamil Nadu,2022-05-01,2022-10-01,2026-03-01,,842.0,842.0,340.0,0.0,88,July 2026,FlashReport_July_2026.pdf
695,Coach Production Factory Upgradation Project,CPM/ICF,705244,Tamil Nadu,2017-12-01,2018-07-01,2021-12-01,,520.0,520.0,192.25,0.0,88,July 2026,FlashReport_July_2026.pdf
696,Madurai-Tuticorin via Aruppukkottai 143.5 km,CAOC/SR SR mor,705489,Tamil Nadu,2011-04-01,2016-06-01,2021-07-01,2031-01-01,601.43,2053.39,351.21,14.0,88,July 2026,FlashReport_July_2026.pdf
697,Railway Manufacturing Unit,RVNL - II,617409,Telangana,2016-07-01,2023-02-01,2026-12-01,2026-03-01,521.36,521.36,492.12,91.0,88,July 2026,FlashReport_July_2026.pdf
698,"Bahraich - Khalilabad via Bhinga, Shravasti, Balrampur, Utraula, Domriyaganj, Mehdawal, Bansi 240.26 km",CAOC/NER NER mor,400204,Uttar Pradesh,2018-10-01,2024-01-01,2030-10-01,2030-10-01,4939.78,4939.78,1671.24,15.0,88,July 2026,FlashReport_July_2026.pdf
699,Sahjanwa - Dohrighat 81.17 km,CAOC/NER NER mor,400205,Uttar Pradesh,2019-08-01,2025-04-01,2029-03-01,2029-03-01,1319.75,1319.75,728.08,1.0,88,July 2026,FlashReport_July_2026.pdf
700,"Varanasi- Pt. Deen Dayal Upadhyaya - Multitracking 15 km, including construction of a new Rail- cum- Road Bridge across Ganga River",CAO/C-II/NR NR mor,617213,Uttar Pradesh,2024-10-01,2025-08-01,2029-10-01,,2464.46,2464.46,109.93,5.0,88,July 2026,FlashReport_July_2026.pdf
701,Anand Nagar - Ghughuli via Maharajganj 53.37 km,CAOC/NER NER mor,617252,Uttar Pradesh,2023-08-01,2026-01-01,2028-03-01,,958.27,1501.1,888.5,12.0,88,July 2026,FlashReport_July_2026.pdf
702,Doubling between Jaunpur Jn - Zaffarabad 6.28 km PB73/2023-24/NR,CAOC/NR NR mor,617370,Uttar Pradesh,2023-03-01,2025-04-01,2027-01-01,,180.66,237.38,78.47,22.0,88,July 2026,FlashReport_July_2026.pdf
703,Burhwal - Gonda - 3rd line 61.72 km,CAOC/NER NER mor,705567,Uttar Pradesh,2017-11-01,2020-04-01,2025-03-01,2026-05-01,1016.0,1307.62,777.21,100.0,89,July 2026,FlashReport_July_2026.pdf
704,Janghai - Pratapgarh - Amethi 87 km,CAO/C-II/NR NR mor,705588,Uttar Pradesh,2017-11-01,2019-03-01,2025-03-01,2026-03-01,722.0,1528.83,1216.52,80.0,89,July 2026,FlashReport_July_2026.pdf
705,Lalitpur - Birari with flyover at Lalitpur 15.80 km,CAO/C/NCR NCR mor,705766,Uttar Pradesh,2017-03-01,2023-03-01,2024-12-01,2026-01-01,304.44,356.1,287.11,85.0,89,July 2026,FlashReport_July_2026.pdf
706,Mughalsarai - Allahabad - 3rd line 150 km,CAO/C/NCR NCR mor,705772,Uttar Pradesh,2019-08-01,2020-12-01,2026-12-01,2027-03-01,2649.0,2649.44,2027.64,77.0,89,July 2026,FlashReport_July_2026.pdf
707,Aligarh-Daud Khan - 3rd line 6.9 km & construction of flyover at Daud Khan,CAO/C/NCR NCR mor,705774,Uttar Pradesh,2019-04-01,2021-02-01,2025-01-01,2027-03-01,758.0,779.49,395.24,87.0,89,July 2026,FlashReport_July_2026.pdf
708,Bhandai - Flyover for Etawah bound down trains 10 km,CAO/C/NCR NCR mor,705777,Uttar Pradesh,2019-04-01,2025-12-01,2026-02-01,2027-02-01,250.18,250.18,146.85,11.0,89,July 2026,FlashReport_July_2026.pdf
709,Bhatni - Aunrihar with electrification 125 km excl Indara - Mau 116.95 km,CMD / RVNL RVNL mor,705780,Uttar Pradesh,2018-03-01,2019-11-01,2024-03-01,2026-06-01,2529.0,2529.46,2295.3,94.0,89,July 2026,FlashReport_July_2026.pdf
710,Barabanki-Malhaur - 3rd & 4th Line 32.84 km,CAO/C-II/NR NR mor,705782,Uttar Pradesh,2019-01-01,2022-08-01,2025-03-01,2026-08-01,407.0,480.13,444.11,77.0,89,July 2026,FlashReport_July_2026.pdf
711,"Kalinarayanpur-Krishnanagar with Krishnanagar-Shantipur-Nabadwipghat - GC, Krishnanagar-Chartala, MM for Krishnanagar-Chapra-NL, Naihati-Ranaghat-3rd line, Nabadwipghat-Nabadwipdham upto BB loop 9.58 km, Ranaghat-Lalgola- strengthening bridge No.2",CAOC/ER ER mor,400247,West Bengal,2015-07-01,2005-12-01,2027-02-01,2028-03-01,1000.0,2153.91,925.7,49.0,89,July 2026,FlashReport_July_2026.pdf
712,"Tarakeswar-Bishnupur with extension upto Dhaniakhali, Arambagh-Irphala, Irphala- Ghatal 11.2 km, Arambagh-Champadanga 23.3 km & Bishnupur-Uparsol 31.8 km and new material modification for Mynapur-Kamarpukur via Birsha 19 km",CAOC/ER ER mor,400273,West Bengal,2001-03-01,2005-03-01,2019-03-01,2026-02-01,1189.0,1878.82,1607.64,75.0,89,July 2026,FlashReport_July_2026.pdf
713,Construction of Balurghat-Hilli new BG Line,Northeast Frontier Railway [NFR],612096,West Bengal,2010-12-01,2010-12-01,2027-03-01,2027-03-01,1209.0,1181.57,518.15,18.0,89,July 2026,FlashReport_July_2026.pdf
714,"Rehabilitation and up-gradation and completion of balance works of the section from Km 107.760 km to 129.445 km After Middle strait to Humphrey, Km 130.600 to 138.300 After Humphrey to Kadamtala of NH-4 Intermediate/2-Lane with hard shoulder in the Union Territory of Andaman & Nicobar Islands on EPC basis Package- IIIA",NHIDCL,619184,Andaman & Nicobar,2018-02-01,2024-03-01,2025-09-01,2026-12-01,207.45,376.48,0.0,81.95,89,July 2026,FlashReport_July_2026.pdf
715,Rehabilitation and up-gradation and completion of balance work of section from Km 155.00 to Km 181.00 End of Jarwa to Rangat of NH -4 Total length 26 Km to Intermediate Lane/2-lane with hard shoulders in the UT of A&N Islands on EPC basis - Package-III.B Balance work,NHIDCL,619185,Andaman & Nicobar,2018-02-01,2024-05-01,2025-10-01,2027-03-01,183.56,333.12,163.63,50.15,89,July 2026,FlashReport_July_2026.pdf
716,Construction of Balance works of Major Bridge over Middle Strait Creek between Km.106.590 to km108.553 of NH-04 connecting South Andaman & Baratang Island in the Union Territory of Andaman & Nicobar Islands on EPC basis,NHIDCL,619186,Andaman & Nicobar,2015-03-01,2024-05-01,2026-02-01,2026-12-01,262.96,371.88,112.15,12.98,89,July 2026,FlashReport_July_2026.pdf
717,"Gudivada Town 2 RoB, and Road improvement NH-165",MoRTH,617984,Andhra Pradesh,2022-03-01,2023-05-01,2025-05-01,2027-03-01,317.22,317.22,158.64,75.2,89,July 2026,FlashReport_July_2026.pdf
718,Widening to two lane with paved shoulders from Km 0/0 to 64/020 Pamarru to Akiveedu,MoRTH,617985,Andhra Pradesh,2020-03-01,2021-11-01,2023-11-01,2027-05-01,529.54,588.65,248.31,74.41,89,July 2026,FlashReport_July_2026.pdf
719,Kurnool/Kadapa Border-Jammalamadugu section of NH-167K i.e. Design Ch. Km 248010 to km 269900 to 2,MoRTH,617986,Andhra Pradesh,2023-03-01,2024-12-01,2026-12-01,2026-12-01,292.63,292.63,0.0,95.77,89,July 2026,FlashReport_July_2026.pdf
720,Nandyala-Kurnool/Kadapa Border section of NH-167K i.e. Km 186/000 to Km 250/000Design Ch.186000 to 248010 to 2LPS,MoRTH,617987,Andhra Pradesh,2024-10-01,2025-09-01,2027-09-01,2027-09-01,691.81,691.81,0.0,49.71,89,July 2026,FlashReport_July_2026.pdf
721,Sangameswaram - Atmakuru section from Km 96 to Km 124 & Velegodu- Nandyal section including Nandyal Bypass from Km 143/6 to 185/9 NH-167K,MoRTH,617988,Andhra Pradesh,2024-10-01,2025-07-01,2027-07-01,2027-07-01,776.17,644.14,0.0,41.98,90,July 2026,FlashReport_July_2026.pdf
722,"Rehabilitation and up-gradation of NH-167 from Km 14/900 to Km70/000 Design Ch. 14/900 to 69/700 Chintakunta to Adoni section to two lane with paved shoulders in the State of Andhra Pradesh under Corridor Approach through Engineering, Procurement",MoRTH,617991,Andhra Pradesh,2016-11-01,2017-05-01,2019-05-01,2026-12-01,290.15,290.15,141.83,91.9,90,July 2026,FlashReport_July_2026.pdf
723,4-laning of Puttaparthi-Koduru Section of NH-342,MoRTH,618013,Andhra Pradesh,2022-10-01,2023-11-01,2025-11-01,2026-08-01,1318.59,909.19,464.06,90.19,90,July 2026,FlashReport_July_2026.pdf
724,Rehabilitation and Up-gradation of existin of road from 2-lane to 2-lane with paved shoulders from km. 0.00 to km 53.590 total length-53.590 km of Raychoti to Vempalli section of NH-440 in the State of Andhra Pradesh on EPC mode.,MoRTH,618037,Andhra Pradesh,2021-12-01,2022-05-01,2024-05-01,2026-09-01,439.82,359.52,213.12,90.2,90,July 2026,FlashReport_July_2026.pdf
725,Gorantla - Hindupur section from Km 120/300 to 165/000 of NH716G in the State of Andhra Pradesh,MoRTH,618052,Andhra Pradesh,2024-10-01,2025-08-01,2027-08-01,2027-08-01,808.7,808.7,0.0,37.7,90,July 2026,FlashReport_July_2026.pdf
726,Muddanur to B. Kothapalli section of NH-716G from Km. 0/000 to Km. 56/500 56.500 Km in the State of Andhra Pradesh on EPC mode Job no. 741,MoRTH,618053,Andhra Pradesh,2024-10-01,2025-08-01,2027-08-01,2027-08-01,1019.97,1019.97,0.0,33.55,90,July 2026,FlashReport_July_2026.pdf
727,Kondamodu to Perecherla Section Design Ch. Km 000 to Km 49917 of NH-167AG to to 4LPS,MoRTH,618101,Andhra Pradesh,2024-10-01,2025-04-01,2027-04-01,2027-04-01,881.61,881.61,0.0,37.95,90,July 2026,FlashReport_July_2026.pdf
728,Rehabilitation and upgradation from Km 22300 to 58635 of MudireddyPalle to Kadapa/Nellore Border via porumamilla Section of NH 167 Two Lane with paved Shoulder in,MoRTH,618103,Andhra Pradesh,2022-03-01,2024-10-01,2026-04-01,2026-07-01,279.29,279.29,168.7,90.33,90,July 2026,FlashReport_July_2026.pdf
729,Rehabilitation and upgradation of NH 326A from km 0/0 to 41/979 excluding km 2/255 to 3/372 and km 36/820 to 38/275 Odisha border to Narasamapeta to two lane with paved Shoulders in the State of Andhra Pradesh under NHO on EPC Mode,MoRTH,618125,Andhra Pradesh,2018-03-01,2018-09-01,2020-03-01,2025-10-01,228.32,228.32,44.94,100.0,90,July 2026,FlashReport_July_2026.pdf
730,Widening of Existing Road to Two Lane with Paved Shoulder Configuration from Km 0.00 to 26.000 & Km 45.200 To 59.622 Of NH 365BB in the State of Andhra Pradesh Under Annual Plan 2023-24 through EPC Mode,MoRTH,618193,Andhra Pradesh,2024-01-01,2025-04-01,2026-12-01,2026-12-01,368.63,368.63,76.12,45.62,90,July 2026,FlashReport_July_2026.pdf
731,Rehabilitation and upgradation of New NH 544DD from design Chainage Km. 56/000 to 102/20 of Kalyandrg - Molakalmuru Section,MoRTH,618194,Andhra Pradesh,2018-03-01,2018-08-01,2020-02-01,2025-09-01,294.13,285.29,312.4,98.52,90,July 2026,FlashReport_July_2026.pdf
732,Rehabilitation and Up-gradation of Dhindi - Digamarru section from Km 126/510 to Km 135/740 of NH -214 New NH -216 and digamarru -Losari section from Km 0/000 tp Km 34/230 of NH-214 A New Nh-216 to two lane with paved shoulder in the state of AP-NH,MoRTH,618236,Andhra Pradesh,2016-02-01,2016-05-01,2018-05-01,2023-11-01,316.06,288.76,222.43,100.0,90,July 2026,FlashReport_July_2026.pdf
733,Rehabilitation and Up-gradation of Thimmapuram to Gurajanapalli section from Km 26/150 to Km 41/161 of NH - 214 New NH - 216 to two lane with paved shoulder in the state of Andhra Pradesh under NHDP-IV,MoRTH,618238,Andhra Pradesh,2016-08-01,2017-01-01,2018-07-01,2026-09-01,350.61,432.91,233.93,98.2,90,July 2026,FlashReport_July_2026.pdf
734,"Rehabilitation & Upgradation of NH214 New NH-216 from Km 34/230 to Km 84/550 Losari to Machavaram Section to two lane with paved shoulder in the state of Andhrapradesh under NHDP-IV through Engineering, Procurement& Construction EPC mode.",MoRTH,618239,Andhra Pradesh,2016-03-01,2016-09-01,2018-09-01,2025-07-01,445.22,459.37,512.79,98.6,90,July 2026,FlashReport_July_2026.pdf
735,Construction of Paderu bypass Km 0000 to Km 13000 of 2- lane with paved shoulder on NH-516E,MoRTH,618254,Andhra Pradesh,2023-03-01,2025-01-01,2026-07-01,2026-12-01,244.43,244.43,21.96,13.0,90,July 2026,FlashReport_July_2026.pdf
736,Two laning with paved shoulders of Lambasingi to Paderusection of NH 516E,MoRTH,618255,Andhra Pradesh,2020-04-01,2023-11-01,2025-11-01,2027-03-01,361.24,358.05,145.94,56.69,90,July 2026,FlashReport_July_2026.pdf
737,"Rehabilitation and Upgradation to 2-lane with paved should ders Sir, configuration of Chaprathipalem to Lambasingi section Km 165500 to Km 205000 of NH-516E in the State of Andhra Pradesh under Green National Highways Corridor Project GNHCP with the loan assistance of World Bank on EPC mode",MoRTH,618256,Andhra Pradesh,2020-08-01,2022-10-01,2024-10-01,2026-07-01,311.22,311.22,211.05,93.01,90,July 2026,FlashReport_July_2026.pdf
738,Rehabilitation and Upgradation to 2-lane with paved shoulders configuration of Koyyuru to Chaprathipalem section Km 120000 to Km 165500 of NH-516E in the State of Andhra Pradesh under Green National Highways Corridor Project GNHCP with the loan assistance of World Bank on EPC mode,MoRTH,618257,Andhra Pradesh,2020-08-01,2022-07-01,2024-07-01,2026-07-01,349.29,349.29,264.86,98.09,91,July 2026,FlashReport_July_2026.pdf
739,Construction of i Connecting Road from Z-Morh Tunnel to Zojila Tunnel Road Length 18.475km and ii 14.150 Km long 2-L Bi-directional single tube Zoji-la Tunnel across Zojila Pass on Sonamarg - Kargil section from Km 82 to Km 118 of NH-01 under PMDP,NHIDCL,618412,Andhra Pradesh,2018-01-01,2020-10-01,2026-09-01,2028-02-01,6808.69,6808.69,3574.5,68.8,91,July 2026,FlashReport_July_2026.pdf
740,Bangalore Chennai Expressway Phase-II Pkg-II from km.96.000 to Km 127.000 Baireddypalle to Bangarupalem section,NHAI,618475,Andhra Pradesh,2021-02-01,2023-06-01,2025-06-01,2026-10-01,2548.04,2548.04,1332.41,94.24,91,July 2026,FlashReport_July_2026.pdf
741,Bangalore Chennai Expressway Phase-II Pkg-III from km.127.000 to Km 156.000 Bangarupalem to Gudipala section,NHAI,618476,Andhra Pradesh,2020-11-01,2022-10-01,2024-10-01,2026-08-01,1407.33,1407.33,868.62,99.46,91,July 2026,FlashReport_July_2026.pdf
742,Construction of 6 lane elevated corridor including its approaches from Km. 629880 to Km. 634470 Design Chainage of NH-16 in Ranasthalam Town portion in the state of Andhra Pradesh on EPC Mode under NHO.,NHAI,618524,Andhra Pradesh,2024-07-01,2025-03-01,2027-03-01,2027-08-01,257.98,192.85,55.83,39.1,91,July 2026,FlashReport_July_2026.pdf
743,Construction of flyover at Gammon Junction at Km.903.265 on NH16 including vent at Diwancheruvu junction at Km.902.308 Blackspot ID No.AP03299 in Andhra Pradesh on EPC mode under NHO,NHAI,618525,Andhra Pradesh,2025-03-01,2025-10-01,2027-10-01,2027-10-01,326.61,223.29,43.82,18.9,91,July 2026,FlashReport_July_2026.pdf
744,6L of Gundugolanu Design km 1023.280 to Kalaparru Design km 1050.680 of NH-5 New NH-16,NHAI,618526,Andhra Pradesh,2018-10-01,2020-01-01,2021-07-01,2026-08-01,665.59,665.59,643.95,95.73,91,July 2026,FlashReport_July_2026.pdf
745,6L of Anandapuram Pendurthi Anakapalli Section from km. 681.000 to km. 731.780 of NH-16,NHAI,618579,Andhra Pradesh,2018-01-01,2019-01-01,2021-07-01,2026-08-01,2527.0,2957.25,2376.11,100.0,91,July 2026,FlashReport_July_2026.pdf
746,Nandigama Bypass and Kanchikacherla bypass,NHAI,618629,Andhra Pradesh,2017-11-01,2018-03-01,2019-06-01,2026-09-01,416.07,444.58,387.77,98.47,91,July 2026,FlashReport_July_2026.pdf
747,4L of Kadapa China Orampadu section of NH-716 Package I of Kadapa-Renigunta section,NHAI,618633,Andhra Pradesh,2022-12-01,2026-03-01,2028-03-01,2028-03-01,1732.66,1732.66,106.39,5.01,91,July 2026,FlashReport_July_2026.pdf
748,6L Korlam-Kantakapalle Section of NH-130CD Road from Km 421.100 to Km 445.100 Pkg-3,NHAI,618682,Andhra Pradesh,2021-02-01,2022-02-01,2024-02-01,2026-08-01,1112.7,1127.63,849.98,99.5,91,July 2026,FlashReport_July_2026.pdf
749,Renigunta - Poyya - Naidupeta km 124.60 to km 183.4 of NH 71,NHAI,618700,Andhra Pradesh,2020-03-01,2022-01-01,2024-01-01,2026-09-01,1863.09,2510.14,1677.19,98.6,91,July 2026,FlashReport_July_2026.pdf
750,6L Access Controlled Greenfield Highway from Kodur Ch. 0000 to Vanavolu Ch. 24300 of [NH-544G] Package-1,NHAI,618712,Andhra Pradesh,2023-01-01,2024-02-01,2026-02-01,2027-03-01,912.94,798.25,357.89,87.65,91,July 2026,FlashReport_July_2026.pdf
751,6L Access Controlled Greenfield Highway from Yerragudipadu Ch. 129000 to Audireddipalle Ch. 160000 of [NH 544G] Package-6,NHAI,618713,Andhra Pradesh,2023-02-01,2024-02-01,2026-02-01,2027-11-01,1200.42,1019.69,282.16,47.2,91,July 2026,FlashReport_July_2026.pdf
752,6L Access Controlled Greenfield Highway from Nallacheruvu palli Ch. 96300 to Yerragudipadu Ch. 129000 of [NH-544G] Package-5,NHAI,618714,Andhra Pradesh,2022-02-01,2024-02-01,2026-02-01,2027-06-01,1253.26,1095.78,389.19,67.05,91,July 2026,FlashReport_July_2026.pdf
753,6L Access Controlled Greenfield Highway from Odulapalle Ch. 72000 to Nallacheruvu- palli Ch. 96300 of [NH-544G]Package-4,NHAI,618715,Andhra Pradesh,2023-01-01,2024-02-01,2026-02-01,2027-04-01,1058.9,946.1,403.17,76.97,91,July 2026,FlashReport_July_2026.pdf
754,6L Access Controlled Greenfield Highway from Vankarakunta Ch. 45700 to Odulapalle Ch. 72000 of [NH-544G]Package-3,NHAI,618716,Andhra Pradesh,2022-12-01,2024-03-01,2026-03-01,2027-03-01,992.91,888.07,351.23,77.21,91,July 2026,FlashReport_July_2026.pdf
755,6L Access Controlled Greenfield Highway from Vanavolu Ch. 24300 to Vankarakunta Ch. 45700 of [NH-544G] Package-2,NHAI,618717,Andhra Pradesh,2023-01-01,2024-03-01,2026-03-01,2027-02-01,750.81,626.91,261.4,87.24,91,July 2026,FlashReport_July_2026.pdf
756,6L Access Controlled Greenfield Highway from Kavulakuntla Ch. 196000 to Narayanmpet Ch. 203500Package-09,NHAI,618718,Andhra Pradesh,2023-02-01,2025-02-01,2027-02-01,2027-12-01,1092.18,956.4,242.13,54.56,92,July 2026,FlashReport_July_2026.pdf
757,6L Access Controlled Greenfield Highway from Mallapalle Ch. 176000 to Kavulakuntla Ch. 196000 Package-08,NHAI,618719,Andhra Pradesh,2023-02-01,2024-02-01,2026-02-01,2027-07-01,909.02,751.81,290.04,65.92,92,July 2026,FlashReport_July_2026.pdf
758,6L Access Controlled Greenfield Highway from Audireddipalle Ch. 160000 to Mallapalle Ch. 176000Package-07,NHAI,618720,Andhra Pradesh,2023-02-01,2024-03-01,2026-03-01,2027-04-01,987.1,848.06,338.45,73.78,92,July 2026,FlashReport_July_2026.pdf
759,6L Access Controlled Greenfield Highway from Chandrasekharapuram Ch. 228000 to Polavaram Ch. 260000of [NH-544G] Package-11,NHAI,618721,Andhra Pradesh,2023-02-01,2024-02-01,2026-02-01,2027-08-01,1292.65,1110.33,358.41,64.2,92,July 2026,FlashReport_July_2026.pdf
760,4L PS Mydukur - Badvel from Km 585.820 to Km 630.960 of NH-67,NHAI,618759,Andhra Pradesh,2022-05-01,2023-09-01,2025-09-01,2026-10-01,1063.57,1103.87,585.79,90.4,92,July 2026,FlashReport_July_2026.pdf
761,4L of Pileru to Kalur Section from Km 55.900 to Km 92.800 & Km 94.500 to Km 95.717 of NH-71Package-II,NHAI,618777,Andhra Pradesh,2022-03-01,2023-10-01,2025-11-01,2026-08-01,1877.47,592.85,246.42,98.84,92,July 2026,FlashReport_July_2026.pdf
762,4L of Madanapalle to Pileru Section from Km 0.000 to Km 55.900 of NH-71Package-I,NHAI,618778,Andhra Pradesh,2022-02-01,2023-01-01,2025-01-01,2026-08-01,1877.47,1994.1,1182.65,94.9,92,July 2026,FlashReport_July_2026.pdf
763,Development of 4L Road from Samarlakota to Achampeta Junction as part of Kakinada Port Connectivity to NH-16 Rajanagaram Junction in East Godavari District,NHAI,618803,Andhra Pradesh,2022-09-01,2023-08-01,2025-08-01,2026-12-01,645.63,750.2,680.09,93.0,92,July 2026,FlashReport_July_2026.pdf
764,Dedicated Port road to Krishnapatnam Port Package-I from Km. 0.000 to Km. 18.000,NHAI,618804,Andhra Pradesh,2018-03-01,2018-12-01,2020-12-01,2027-03-01,348.72,341.36,310.54,80.19,92,July 2026,FlashReport_July_2026.pdf
765,6L Connectivity to Port Road from Sabbavaram Sheelanagar-NH516C,NHAI,618805,Andhra Pradesh,2024-12-01,2026-02-01,2028-02-01,2028-02-01,977.33,977.33,155.51,7.2,92,July 2026,FlashReport_July_2026.pdf
766,Improvement of 4L road to 6L road and 4L dedicated Port Roads for the Port connectivity road from Convent junction to Sheelanagar Junction,NHAI,618806,Andhra Pradesh,2023-01-01,2024-02-01,2026-02-01,2026-12-01,685.99,680.21,493.92,79.0,92,July 2026,FlashReport_July_2026.pdf
767,"4L Greenfield Road connecting North and South industrial cluster of Khandaleru Creek near Krishnapatnam port at Thamminapatnam to Mollur from Km 0.0 to Km 16.046, Part I & 6L extension of dedicated port road of NH-67 Km 18.0 to Km 19.3, Part II",NHAI,618807,Andhra Pradesh,2022-08-01,2023-09-01,2025-09-01,2027-01-01,609.43,559.98,579.22,84.03,92,July 2026,FlashReport_July_2026.pdf
768,4 Laning of NH-544D from Km 0.000 to km 37.000 of Anantapur- Muchukota section Pkg-1,NHAI,618826,Andhra Pradesh,2022-10-01,2023-07-01,2025-07-01,2026-08-01,907.76,905.98,468.12,92.34,92,July 2026,FlashReport_July_2026.pdf
769,4 Laning of NH-544D from Km 37.000 to km 69.000 of Muchukota- Bugga section Pkg-2,NHAI,618827,Andhra Pradesh,2022-10-01,2023-08-01,2025-08-01,2026-12-01,1097.57,1055.23,466.9,84.92,92,July 2026,FlashReport_July_2026.pdf
770,Access Controlled Highway of 4 Lane with Paved Shoulders from TN/AP Border Design Chainage Km 6151 to Puttur Design Chainage Km 81540 of NH-716 & 6 Lane with Paved Shoulders from Mallavaram to Renigunta,NHAI,618920,Andhra Pradesh,2024-03-01,2024-12-01,2026-12-01,2027-03-01,1346.82,1260.37,188.68,42.48,92,July 2026,FlashReport_July_2026.pdf
771,Six Laning of Vijayawada Bypass from Chinna Avutapalli to Gollapudi in Vijayawada - Gundugolanu Section from km. 0.00 to km. 30.00 Pkg-III,NHAI,619076,Andhra Pradesh,2020-01-01,2021-02-01,2023-02-01,2026-09-01,1581.24,1883.71,1024.51,98.2,92,July 2026,FlashReport_July_2026.pdf
772,4 L of China Orampadu-Renigunta section of NH-716 Package-II of Kadapa- Renigunta section,NHAI,619102,Andhra Pradesh,2022-12-01,2026-03-01,2028-03-01,2028-03-01,1500.11,1500.11,121.06,2.25,92,July 2026,FlashReport_July_2026.pdf
773,6L Jakkuva Korlam Section of NH-130CD Road from km 396.800 to km 421.100 Pkg 2,NHAI,619111,Andhra Pradesh,2021-02-01,2022-03-01,2024-03-01,2026-08-01,840.51,840.51,573.9,99.83,92,July 2026,FlashReport_July_2026.pdf
774,6L Kantakapalle Sabbavaram Section of NH-130CD Road from Km 445.100 to Km 464.662 Pkg-4,NHAI,619112,Andhra Pradesh,2021-02-01,2022-10-01,2024-10-01,2026-12-01,1012.57,1012.57,702.4,84.6,92,July 2026,FlashReport_July_2026.pdf
775,6L Access Controlled Greenfield Highway from Narayanmpet Ch. 203500 to Chandrasekharpuram Ch. 228000Package-10,NHAI,619123,Andhra Pradesh,2023-02-01,2024-02-01,2026-02-01,2027-07-01,813.66,678.21,223.35,66.12,93,July 2026,FlashReport_July_2026.pdf
776,6L Access Controlled Greenfield Highway from Polavaram Ch. 260000 to Marripudi Ch. 285500 of [NH-544G]Package-12,NHAI,619124,Andhra Pradesh,2023-02-01,2024-02-01,2026-02-01,2027-05-01,747.29,626.83,250.93,70.2,93,July 2026,FlashReport_July_2026.pdf
777,6L Access Controlled Greenfield Highway from Somavarappadu Ch.314.600 to Muppavaram Ch.343240 of [NH-544G] Package-14,NHAI,619125,Andhra Pradesh,2023-02-01,2024-02-01,2026-02-01,2027-10-01,1103.9,943.66,267.61,44.56,93,July 2026,FlashReport_July_2026.pdf
778,6L Access Controlled Greenfield Highway from Marripudi Ch. 285500 to Somavarappadu Ch. 314600 of [NH-544G] Package-13,NHAI,619126,Andhra Pradesh,2023-02-01,2024-02-01,2026-02-01,2027-04-01,976.41,798.71,370.82,73.0,93,July 2026,FlashReport_July_2026.pdf
779,6L of Naidupeta Junction - Turpukanupur Section from km 57.046 to km 91.927,NHAI,619140,Andhra Pradesh,2022-08-01,2023-10-01,2025-10-01,2027-10-01,1398.84,965.58,388.87,53.7,93,July 2026,FlashReport_July_2026.pdf
780,Construction of four lane access controlled highway from Chillakuru cross road to Turpu KanupurPart 1 of Package - II km 0.000 131.500 of NH - 16 to km 23.770 on New NH-516W including six lane flyover and approaches on NH-16 length km 1.050 and six lane access controlled from Turpu Kanupur to Port South Gate Part 2 of Package - II km 23.770 to km 35.015 on New NH-516W in the state of Andhra Pradesh on HAM Mode under Bharatmala Pariyojana Phase I,NHAI,619141,Andhra Pradesh,2022-08-01,2023-12-01,2025-12-01,2026-03-01,864.2,844.39,358.97,55.53,93,July 2026,FlashReport_July_2026.pdf
781,Balance works in AP Portion and punch list items in TN & AP portion of NH-205,NHAI,619160,Andhra Pradesh,2022-10-01,2023-07-01,2025-01-01,2026-01-01,166.52,113.46,98.52,100.0,93,July 2026,FlashReport_July_2026.pdf
782,Construction of 2-lane road of Potin to Pangin section of NH-13 from Km 163.59 to Km 206.66 Package-5 on EPC Mode in the State of Arunachal Pradesh under Arunachal Pradesh Package of Roads and Highways of SARDP-NE [Job No SARDP-NE/P- P/Pkg-A/NH-13/Ar.Pr./PWD/2018-19/116],MoRTH,617892,Arunachal Pradesh,2019-03-01,2020-11-01,2023-11-01,2026-10-01,450.65,450.65,345.01,96.61,93,July 2026,FlashReport_July_2026.pdf
783,"Construction of Intermediate Lane with Hard Shoulder of Hunli to Hayuliang Package- III from design Km 60.000 to Km 121.500 Design Length 61.500 km, Greenfield Section of Frontier Highway NH-913 in the State of Arunachal Pradesh on EPC Mode Pkg-3",NHIDCL,618401,Arunachal Pradesh,2024-02-01,2025-07-01,2028-07-01,2028-07-01,1418.67,1418.67,93.19,1.7,93,July 2026,FlashReport_July_2026.pdf
784,"Construction of Intermediate Lane with Hard Shoulder of Hunli to Hayuliang from Design Km 0.000 to Km 53.000 Design Length 53.000 km, Greenfield Section of Frontier Highway NH-913 in the State of Arunachal Pradesh on EPC Mode Package-I",NHIDCL,618402,Arunachal Pradesh,2024-02-01,2025-03-01,2028-02-01,2028-03-01,1262.43,1262.43,255.45,19.13,93,July 2026,FlashReport_July_2026.pdf
785,Construction of Intermediate Lane Road with hard shoulder from design Km 0.000 to Km 17.387 Total length 17.387 km of Hunli to Ithun Bridge section on NH-913 Frontier Highway in State of Arunachal Pradesh on EPC mode under NHO-NE,NHIDCL,618403,Arunachal Pradesh,2024-02-01,2025-01-01,2027-01-01,2027-01-01,275.5,275.5,163.15,56.18,93,July 2026,FlashReport_July_2026.pdf
786,Construction of lntermediate Lane Road with hard shoulder from design chainage Km 0.000 to Km 53.040 Existing Length68.500 Km & Total Design length 53.04 km of Tato to Monigong section of NH-913 Frontier Highway on Nafra Bomdila to Vijaynagar along China border in state of Arunachal pradesh on EPC mode,NHIDCL,618404,Arunachal Pradesh,2023-12-01,2025-05-01,2027-11-01,2027-11-01,625.61,625.61,269.64,22.81,93,July 2026,FlashReport_July_2026.pdf
787,"Construction of Intermediate Lane of Pango to Jorging Road from 0000 to Design Km Design Km 40000 Design Length 40.00 Km, Pkg-l, Greenfield Alignment in the State of Arunachal Pradesh on EPC mode Pkg-1",NHIDCL,618405,Arunachal Pradesh,2024-01-01,2025-01-01,2027-07-01,2027-07-01,898.19,898.19,255.52,39.86,93,July 2026,FlashReport_July_2026.pdf
788,Construction of Balance work of 2-Lane with PS of Joram Koloriang Road from existing Km122.600 to km138.00 [Design Km108.724 to Km123.714] in Arunachal Pradesh on EPC Mode under SARDP-NE Pkg-7,NHIDCL,618433,Arunachal Pradesh,2017-02-01,2020-10-01,2022-04-01,2026-04-01,184.89,184.89,156.42,99.69,93,July 2026,FlashReport_July_2026.pdf
789,Roing-Hunli Road Greenfield Alignment Project,NHIDCL,618434,Arunachal Pradesh,2017-02-01,2018-03-01,2022-03-01,2026-10-01,1718.59,1718.59,1123.4,82.45,93,July 2026,FlashReport_July_2026.pdf
790,Construction of 2-Laning with hard shoulders of Demwe-Brahmakund section of NH- 13 from Ch.0.00 km to 18.464 km on EPC under SARDP-NE NHO-NE -Balance Work,NHIDCL,618445,Arunachal Pradesh,2020-08-01,2025-06-01,2027-12-01,2027-12-01,353.9,353.9,26.82,19.57,93,July 2026,FlashReport_July_2026.pdf
791,"lmprovement and Widening to 2 lane with paved Shoulder of NH-15 old NH-52 from Existing Km 770.600 Design Km 24.819 to Existing km 805.750 Design Km 59.885 Kamlang T-Junction to Chowkham, Existing Length 35.150 Km, Design Length-35.066 Km in the state of Arunachal Pradesh on EPC mode Pkg-2",NHIDCL,619014,Arunachal Pradesh,2023-12-01,2026-02-01,2028-02-01,2028-02-01,316.73,316.73,34.98,15.06,94,July 2026,FlashReport_July_2026.pdf
792,"lmprovement and Widening to 2-lane with Paved Shoulder of NH-13 & 15 Old NH-52 from Existing Km 745.60 Design Km 0.000 to Existing km 770.600 Design Km 24.819 Brahmakund T-junction to Kamlang T-Junction, Existing Length 25.00 Km, Design Length 24.819 Km in the state of Arunachal Pradesh on EPC mode Pkg-1",NHIDCL,619248,Arunachal Pradesh,2023-12-01,2026-06-01,2028-06-01,2028-06-01,441.41,441.41,25.88,14.69,94,July 2026,FlashReport_July_2026.pdf
793,Construction of Mangaldoi Bypass NH-15 starting at Ch 26400 and terminating at Ch 41505 under Rangia NH Division L 15.105 Km in the State of Assam. Job No. 15/AS/2021-22/234,MoRTH,617895,Assam,2022-03-01,2023-04-01,2025-04-01,2026-12-01,535.03,535.03,209.27,76.32,94,July 2026,FlashReport_July_2026.pdf
794,"Construction of 4 lane Gauripur Bypass Starting bfrom Km 852.56 of NH- 31Dumardoha Pt-II and Terminating at Km 862.17 Baladmara via. Khudimari Pt.- II, Fulkumari, Charaldanga, Sajuakuti,Geramari Pt.-III and finally meeting at km 862.17 of NH-17New/ NH-31Old in the State of Assam under EPC Mode Job no. 31/AS/ 2023- 24/265",MoRTH,617896,Assam,2024-03-01,2025-04-01,2026-10-01,2026-10-01,421.15,421.15,0.0,34.0,94,July 2026,FlashReport_July_2026.pdf
795,Construction of 2 lane Barpeta Bypass from Km 77900Baradi to Km 86150 Deurikuchi Length8.25Km on NH-427 in the state of Assam under EPC ModeJob No.427/AS/2022-23/245,MoRTH,618034,Assam,2023-03-01,2025-02-01,2026-08-01,2026-08-01,173.65,173.65,11.38,20.0,94,July 2026,FlashReport_July_2026.pdf
796,"Construction of new 2 Lane with paved shoulders of NH Standards from km 0.080 to km 11.690 L11.610 km in Majuli and from km 19.715 to km 27.484 L 7.769 km in Jorhat on the newly declared NH 715K and construction of 1.10 km flyover on NH-715 with its approaches and service roads L1.10 km, Total Length 20.479 km in the State of Assam Job No. 715K/AS/2023-24/256",MoRTH,618159,Assam,2024-02-01,2025-09-01,2027-03-01,2027-03-01,382.1,382.1,28.96,6.7,94,July 2026,FlashReport_July_2026.pdf
797,"Construction of 2 lane Major Bridge including approaches over Brahmaputra between Majuli on North Bank and Jorhat on South Bank from km. 11.690 to km. 19.715 length of bridge 6,812.5m Package - II on NH-715K in the state of Assam Job no. 715/AS/2020-21/213",MoRTH,618160,Assam,2025-03-01,2025-12-01,2027-12-01,2027-12-01,1019.17,1019.17,0.0,3.25,94,July 2026,FlashReport_July_2026.pdf
798,4-L Bilasipara-Guwahati Package-10,NHIDCL,618282,Assam,2023-03-01,2023-12-01,2026-06-01,2027-03-01,1264.9,1264.9,632.99,64.48,94,July 2026,FlashReport_July_2026.pdf
799,4-L Bilasipara-Guwahati Package-9,NHIDCL,618283,Assam,2023-03-01,2023-12-01,2026-06-01,2027-03-01,1000.27,1000.27,505.47,59.78,94,July 2026,FlashReport_July_2026.pdf
800,Widening/Improvement to 4-Lane with paved shoulder from Km 99930 to Km 143680 Design Chainage 96000 to 139750 of Paikan to Dhupdhara Sahar of Bilasipura- Guwahati Road on NH-17 in the state of Assam on EPC mode under Bharatmala Pariyojana in Economic Corridors Project Length 43.750km under NHO-NE Package- 8,NHIDCL,618284,Assam,2023-03-01,2023-12-01,2026-12-01,2026-12-01,1457.59,1457.59,962.73,85.87,94,July 2026,FlashReport_July_2026.pdf
801,Construction of New 2-Lane Bridge with its approaches from km 0000 to Km 4385 across River Brahmaputra on NH-17 at Jogighopa in Assam on EPC mode,NHIDCL,618286,Assam,2021-09-01,2021-11-01,2024-11-01,2026-12-01,746.76,746.76,435.79,81.07,94,July 2026,FlashReport_July_2026.pdf
802,"Widening/Improvement to 4-Lane with paved Shoulder from Ch. 25.633 Km to Ch. 52.470 Km Design Ch. 21.850 Km to Ch.48.670 Km for Package-2 of Bilasipura- Guwahati road NH-17 Section Near Mowatari, before Chapar Bypass to Tulungia junction with NH-17 in the state of Assam on HAM mode under NHO-NE Package-2",NHIDCL,618287,Assam,2023-11-01,2024-12-01,2027-06-01,2027-06-01,1338.61,1338.61,199.15,12.45,94,July 2026,FlashReport_July_2026.pdf
803,"Widening/lmprovement to 4-Lane with Paved Shoulder from Ch.5.580 Km to Ch.25.633 Km Design Ch.0.000 Km to Ch.17.737km Km 901.100 to Km 921.145 of old NH-31 of Bilasipara- Guwahati road NH-17 Section Near Chirakuta to near Mowatari, before Chapar Bypass in the state ol Assam on HAM mode Package-1",NHIDCL,618288,Assam,2024-02-01,2025-02-01,2027-08-01,2027-08-01,1081.15,1081.15,163.12,35.0,94,July 2026,FlashReport_July_2026.pdf
804,Construction and up gradation to 4-Lane of existing two lane with paved shoulder from Hapachara to Tulungia road of NH-117 of existing Km 0.00 to km 14.050 and Design Km 0.000 to km 14.660 under BMP on EPC mode,NHIDCL,618289,Assam,2020-03-01,2020-06-01,2022-12-01,2026-03-01,224.85,224.85,209.95,97.76,94,July 2026,FlashReport_July_2026.pdf
805,Construction of 4-Lane Panchgram Bypass from Design Chainage km 15500 on NH- 37 Old NH-53 at Kalinagar Pt.-I Village to Design Chainage km 27300 at crossing with NH-6 Old NH-44 Near Siddeswar Pt.-I Village on Silchar - Churaibari stretch in the State of Assam on EPC Mode under Bharatmala Pariyojana in Economic Corridors Silchar- Churaibari Package-2,NHIDCL,618308,Assam,2023-03-01,2024-08-01,2027-02-01,2027-03-01,676.18,728.97,339.78,57.17,95,July 2026,FlashReport_July_2026.pdf
806,Widening/lmprovement to 4-Laning and Greenfield alignment with Paved shoulder of Silchar-Badarpur Churaibari section of NH-37 & NH-8 from Design chainage 38.600 End point of proposed Badarpur Bypass to Km. 62.800 Start point of proposed Nilambazar/Cheragi Bypass in the state of Assam on HAM Mode Package-4,NHIDCL,618309,Assam,2024-02-01,2025-08-01,2027-08-01,2027-08-01,1319.55,1319.55,185.17,23.07,95,July 2026,FlashReport_July_2026.pdf
807,Widening/lmprovement to 4-L of Karimgani - sutarkandi section of NH 37 from design Ch 0020 Start of proposed Karimganj Bypass from NH -8 to design Chainage Km 14380 near Sutarkandi Spur Connectivity to Indo/Bangladesh Border on Silchar- Churaibari in the State of Assam on HAM Mode Package-7,NHIDCL,618310,Assam,2024-02-01,2025-02-01,2027-02-01,2027-02-01,791.79,791.79,135.54,41.88,95,July 2026,FlashReport_July_2026.pdf
808,Widening/lmprovement to 4-Lane with Paved shoulder for existing as well as Greenfield alignment of Badarpur Churaibari section of NH-8 from Design chainage 87.700 Chandkhira to Km. 106.500 Churaibari section Assam-Tripura border in the state of Assam on HAM Mode Package-6,NHIDCL,618311,Assam,2024-03-01,2025-03-01,2027-03-01,2027-03-01,870.0,870.0,158.08,40.99,95,July 2026,FlashReport_July_2026.pdf
809,Widening/lmprovement to 4-Lane with Paved Shoulder from existing road and Greenfield alignment form Design Ch. 62.800 start of proposed Nilambazar/Cheragi Bypass to Design Ch. 87.700 near Chandkhira Village of NH-8 on Silchar-Churaibari in the state of Assam on HAM Mode Package-5,NHIDCL,618312,Assam,2024-02-01,2025-04-01,2027-10-01,2027-10-01,1258.13,1258.13,186.86,14.04,95,July 2026,FlashReport_July_2026.pdf
810,Widening/lmprovement of Existing 2 lane to 4-Laning of Karimganj-Silchar section of NH-37 from Design Ch 0.000 near Silchar ISBT to Design Ch 15.970 near Kalinagar Pt I on NH-37 in Assam on HAM Mode Pkg-1,NHIDCL,618313,Assam,2024-03-01,2025-09-01,2027-09-01,2027-09-01,1181.55,1181.55,178.62,41.26,95,July 2026,FlashReport_July_2026.pdf
811,4-Laning of Dhanehari Lailapur / Vairengte section from Existing Chainage km 12920 to km 43000 of NH 306 Design Chainage km 20000 to km 49360 on Silchar - Vairengte Sairang road in the State of Assam under Bharatmala Pariyojna on EPC mode. Project Length 29.360 km under NHO-NE Package-2,NHIDCL,618314,Assam,2023-03-01,2024-02-01,2026-08-01,2027-03-01,1716.21,1716.21,1057.72,81.65,95,July 2026,FlashReport_July_2026.pdf
812,4-Laning of Silchar - Dhanehari section from Existing Chainage km 263800 of NH 37 to km 12920 of NH 306 Design Chainage km 0000 to km 20000 on Silchar - Vairengte - Sairang road in the State of Assam under Bharatmala Pariyojna on EPC mode Package-1,NHIDCL,618315,Assam,2023-02-01,2024-01-01,2026-07-01,2027-03-01,1256.9,1256.9,632.2,59.65,95,July 2026,FlashReport_July_2026.pdf
813,Widening/Improvement to 4-Lane with Paved Shoulder from KM 38500 to Km 51246 Design Chainage 38500 to 50959 with proposed Daboka Bypass of Daboka- Parokhaowa of NH 29 on EPC under NHO-NE Package-1,NHIDCL,618326,Assam,2023-01-01,2023-11-01,2025-11-01,2026-06-01,516.88,516.88,322.98,99.7,95,July 2026,FlashReport_July_2026.pdf
814,lmprovement to 4-Lane with Paved Shoulder from existing km 260000 Design Ch.4560 km to existing km Ch.233000 D. Ch.24560 of Silchar near Nutan Dayapur village - Budha Nagar Section Length-20.00 Km of NH-37 under Package Silchar- Jiribam Pkg-1 in the state of Assam on HAM Mode,NHIDCL,618331,Assam,2024-01-01,2025-01-01,2028-01-01,2028-01-01,957.95,957.95,214.64,47.27,95,July 2026,FlashReport_July_2026.pdf
815,Widening/Improvement to 4-Lane with Paved Shoulder from km 626030 Nalani hulla Gaon to km 650450 Chotahapjan on existing Tinsukhia -Makum Bypass of NH-15 OLD NH-37 and Strengthening of existing NH-315 OLD NH-38 from Km 0000 Chotahapjan to Km 16900 Bogapani section 2-Lane PS in Assam on EPCMode under NHO-NE Package-3,NHIDCL,618340,Assam,2023-01-01,2023-05-01,2025-05-01,2026-10-01,458.59,458.59,261.02,88.99,95,July 2026,FlashReport_July_2026.pdf
816,Widening & Upgradation to 2 lanes with paved shoulders road from Tamenglong to Mahur NH-137 in the State of Assam starting from km 156.489 near P. Leikul to km 176.410 near Borowapu on EPC mode under NHO-NE Assam portion Package-10,NHIDCL,618351,Assam,2023-03-01,2023-08-01,2025-08-01,2026-09-01,890.33,693.15,605.43,90.5,95,July 2026,FlashReport_July_2026.pdf
817,Widening & Upgradation to 2 lanes with paved shoulders road from Tamenglong to Mahur NH-137 in the State of Assam starting from km 136.500 near Hejaichak to km 156.489 near P. Leikul Package-9 on EPC mode under NHO-NE Package-9,NHIDCL,618352,Assam,2023-03-01,2023-08-01,2025-08-01,2026-09-01,860.37,614.43,559.51,87.5,95,July 2026,FlashReport_July_2026.pdf
818,Widening & Upgradation to 2-lanes with paved shoulders road from Tamenglong to Mahur NH-137 in the State of Assam starting from km 116.480 near Hangrum to km 136.500 near Hejaichak Package-8 on EPC mode under NHO-NE Package 8,NHIDCL,618353,Assam,2023-03-01,2023-08-01,2025-08-01,2026-09-01,904.04,904.04,563.52,85.2,95,July 2026,FlashReport_July_2026.pdf
819,Wideinig & Upgradation to 2-lanes with paved shoulders road from Tamenglong to Mahur NH-137 in the State of Assam starting from km 96.870 near Jiri River to km 116.550 near Hangrum Package-7 on EPC mode Package7,NHIDCL,618354,Assam,2023-12-01,2024-03-01,2026-03-01,2026-12-01,846.82,846.82,481.81,90.36,96,July 2026,FlashReport_July_2026.pdf
820,"Widening/Improvement to 4-Lane with Paved Shoulder configuration of existing single lane road from Srirampur near Bhairiguri Village to Kachukhana Harichara Paglagaunj Package-I of Srirampur - Dhubri Section of NH-127B from existing Km 0.000 to Km 28.050 Design Km 0.000 to Km 27.650, Design Length27.650 Km under JICA ODA Loan assistance Phase-V -Balance work",NHIDCL,618371,Assam,2022-03-01,2024-11-01,2026-11-01,2026-11-01,613.89,613.89,384.6,89.5,96,July 2026,FlashReport_July_2026.pdf
821,"Construction of 4-Lane Bridge including approaches over River Brahmaputra between Dhubri on North Bank,Assam and Phulbari on south Bank,Meghalaya on NH-127B under JICA ODA Loan assistance Phase-III",NHIDCL,618373,Assam,2019-05-01,2020-12-01,2028-09-01,2028-09-01,4997.04,4997.04,3081.08,77.14,96,July 2026,FlashReport_July_2026.pdf
822,4-Laning of Jamugurihat to end of Biswanath Chariali By-Pass from Km 182.000 to Km 208.000 of NH-52 on EPC mode in state of Assam under SARDP-NE,NHIDCL,618436,Assam,2015-03-01,2016-12-01,2019-06-01,2025-07-01,599.0,599.0,432.62,100.0,96,July 2026,FlashReport_July_2026.pdf
823,"Construction of Balance Work of 4-Laning of NH-37 Section between End of Moran Bypass to Bogibeel junction near Lapetketa Km. 561.700-Km. 580.875 under SARDP- NE, Phase 'A' in the State of Assam on EPC mode Pkg-I Road works & Toll Plaza",NHIDCL,618437,Assam,2016-01-01,2024-09-01,2025-03-01,2025-08-01,274.34,274.34,116.66,100.0,96,July 2026,FlashReport_July_2026.pdf
824,"4-Laning of NH-37 Section between Demow to End of Moran Bypass From Km. 534.800 to Km. 561.700 including Emergency Landing Facility ELF under SARDP-NE, Phase 'A' in the State of Assam on EPC mode",NHIDCL,618438,Assam,2016-01-01,2023-01-01,2024-07-01,2025-08-01,385.57,385.57,680.44,100.0,96,July 2026,FlashReport_July_2026.pdf
825,"Construction of Balance Work of 4-Laning of the Section from Jhanji to Demow of NH- 37 Old from Km 490.800 to Km 534.800, under SARDP- NE on EPC Mode in the state of Assam Pkg- IV Structures & Toll Plaza",NHIDCL,618440,Assam,2016-01-01,2024-10-01,2025-10-01,2026-10-01,187.09,100.22,16.71,58.19,96,July 2026,FlashReport_July_2026.pdf
826,"Construction of Balance Work of 4-Laning of the Section from Jhanji to Demow of NH- 37 Old from Km 490.800 to Km 501.800 11.000 Km, under SARDP- NE under EPC Mode in the state of Assam Pkg-I Road Works",NHIDCL,618441,Assam,2016-01-01,2024-10-01,2025-09-01,2026-10-01,467.79,476.5,97.88,87.33,96,July 2026,FlashReport_July_2026.pdf
827,"Construction of Balance Work of the 4-Laning of the Section from Jorhat to Jhanji of NH-37 Old from Km 477.000 to Km 490800 13.800 Km, under SARDP- NE under EPC Mode in the state of Assam Pkg-III Road Works",NHIDCL,618442,Assam,2024-01-01,2024-02-01,2024-08-01,2026-06-01,358.72,358.72,100.4,100.0,96,July 2026,FlashReport_July_2026.pdf
828,"Earthwork in Formation, Road Work, Construction of Bridges, Blanketing, P. Way Linking works including Supply of P. Way Fittings and Track Ballast in connection with Construction of Railway Siding from Jogighopa Railway Station to MMLP at Jogighopa from Ch. 00 to 3760 on Item Rate basis Package -3, Railway Siding from Jogighopa Railway Station to MMLP",NHIDCL,618454,Assam,2020-02-01,2020-12-01,2022-06-01,2024-09-01,693.97,693.97,40.17,93.23,96,July 2026,FlashReport_July_2026.pdf
829,Development of External Trunk Connectivity and Internal Infrastructure Works at Multi Model Logistics ParkMMLP at Jogighopa in the State of Assam on EPC Mode Package-I Road and Utility Works,NHIDCL,618455,Assam,2020-02-01,2020-09-01,2022-04-01,2024-09-01,693.97,693.97,308.85,100.0,96,July 2026,FlashReport_July_2026.pdf
830,Guwahati Ring Road in the State of Assam,NHAI,618934,Assam,2024-08-01,2026-01-01,2030-01-01,2030-01-01,5729.47,5729.47,328.42,0.0,96,July 2026,FlashReport_July_2026.pdf
831,2L with ES of Yagyi - Kalewa section from Milepost 40/0 to Milepost 115/5 in Myanmar,NHAI,618958,Assam,2017-12-01,2018-05-01,2023-06-01,2027-07-01,1200.14,1200.14,0.0,52.0,96,July 2026,FlashReport_July_2026.pdf
832,"Construction of Balance Work of 4-Laning of the Section from Jhanji to Demow of NH- 37 Old from Km 501.800 to Km 514.800 13.000 Km, under SARDP- NE under EPC Mode in the state of Assam Pkg-II Road Works",NHIDCL,619013,Assam,2014-10-01,2024-10-01,2026-01-01,2026-10-01,508.76,542.87,111.18,73.88,96,July 2026,FlashReport_July_2026.pdf
833,Construction of 4-Lane Badarpur Bypass from Design Chainage km 27300 at crossing with NH-6 Old NH-44 Near Siddeswar Pt.-I Village to Design Chainage km 38600 on NH-37 Old NH-44 at Kandigram Chaita Village on Silchar - Churaibari stretch in the State of Assam on EPC Mode under Bharatmala Pariyojana in Economic Corridors Silchar- Churaibari Pkg-3,NHIDCL,619057,Assam,2023-02-01,2024-02-01,2026-08-01,2027-03-01,574.26,574.26,330.98,71.09,96,July 2026,FlashReport_July_2026.pdf
834,"Construction of Balance Work of 4-Laning of the Section from Jhanji to Demow of NH- 37 Old from Km 514.800 to Km 534.800 20.000 Km, under SARDP- NE under EPC Mode in the state of Assam Pkg-III Road Works",NHIDCL,619060,Assam,2014-10-01,2024-10-01,2025-09-01,2026-10-01,344.71,619.7,56.58,72.0,97,July 2026,FlashReport_July_2026.pdf
835,Balance work of 4L of NarimbangloJatinga Junction- Harangajoroad section from Km 0.000 to Km 49.230 of NH-27,NHAI,619089,Assam,2022-03-01,2023-01-01,2026-01-01,2026-08-01,1909.98,2745.74,1393.08,98.0,97,July 2026,FlashReport_July_2026.pdf
836,Construction of proposed 4Lane Revelgunj bypass NH-19 in the State of Bihar on EPC mode connecting NH 19 to 85 origin,MoRTH,617897,Bihar,2022-03-01,2023-07-01,2025-07-01,2026-12-01,295.24,295.24,44.18,88.65,97,July 2026,FlashReport_July_2026.pdf
837,Widening & Strenthening from km132.895 to km 190.15 NH-80,MoRTH,617958,Bihar,2021-03-01,2022-11-01,2024-11-01,2026-11-01,566.1,566.1,293.89,73.21,97,July 2026,FlashReport_July_2026.pdf
838,Gaya-Hisua-Rajgir-Nalanda-Biharsharif section km0.00 to 92.935 NH-82,MoRTH,617961,Bihar,2014-01-01,2016-11-01,2019-11-01,2026-10-01,1408.85,2138.16,0.0,97.0,97,July 2026,FlashReport_July_2026.pdf
839,Rehabilitation and Upgrading to 2 lanes/2-lane with paved shoulders configuration and strengthening of of Birpur and Bihpur Section from km 0.0 to Km 106 of NH 106 under phase I of National Highways Interconnectivity Improvement Projects NHIIP ICB No. NHIIP-BR-106-7 [NHIIP-BR-106-7],MoRTH,617966,Bihar,2014-01-01,2016-10-01,2019-10-01,2026-10-01,780.77,961.33,0.04,99.74,97,July 2026,FlashReport_July_2026.pdf
840,Construction of 4 Lane ROB and its approaches at the level crossing LC No 29 B of Km 29 Ekangarsarai at NH 110 New NH 33 & Railway Km 32.63 at Fatwa FUT Islampur IPR section in the state of Bihar on EPC mode.,MoRTH,617969,Bihar,2023-03-01,2024-07-01,2026-07-01,2026-12-01,201.08,201.08,0.01,62.0,97,July 2026,FlashReport_July_2026.pdf
841,Construction of Bhabhua Bypass from Ch. 10800Design Ch. 10800 to Ch. 19860 Design Ch. 18150 and Chand Bypass from Ch. 38060 Design Ch. 36250 to Ch. 40460 Design Ch. 38650 and widening of existing road to 2 - lane with Paved shoulder from Ch. 40460 Design Ch. 38650 to Ch. 46860 Design Ch. 45050 of NH-219 Total length- 16.150 Kmunder EPC mode in the state of Bihar,MoRTH,618004,Bihar,2022-02-01,2026-06-01,2027-12-01,2027-12-01,179.86,179.86,2.37,2.0,97,July 2026,FlashReport_July_2026.pdf
842,Improvement to Two lane with Paved Shoulder from Junction of NH22 near Hajipur to Junction of NH -122 at Bachhwara via Mahnar and Mohiuddin Nagar from Km 0.00 to Km 29.730 of NH 122 B in the State of Bihar.,MoRTH,618073,Bihar,2024-02-01,2024-08-01,2026-02-01,2027-02-01,226.16,226.16,0.0,61.0,97,July 2026,FlashReport_July_2026.pdf
843,Pre construction activity of NH 122B from km 0 to 72.348 and Improvement to two lane with paved shoulders of NH 122B from km 29.730 to km 72.348 in state of Bihar under EPC mode,MoRTH,618074,Bihar,2022-02-01,2023-05-01,2026-08-01,2026-08-01,624.43,624.43,154.25,96.0,97,July 2026,FlashReport_July_2026.pdf
844,Improvement to two lane with paved shoulders of BH WB Border Amdabad Manihari section from design Km 0.000 to Km 23.945 of NH 131 A Total length 23.945 Km under EPC mode in the state of Bihar,MoRTH,618080,Bihar,2022-01-01,2025-05-01,2026-11-01,2027-06-01,353.27,353.27,0.0,7.5,97,July 2026,FlashReport_July_2026.pdf
845,construction of Four-Lane of chausa-Buxar Bypass from Km 45.000 to Km 65.915 Package - 2 in the State of Bihar on EPC Mode.,MoRTH,618120,Bihar,2022-09-01,2026-01-01,2028-01-01,2028-01-01,1060.16,1060.16,0.22,4.0,97,July 2026,FlashReport_July_2026.pdf
846,Improvement to two lane with paved shoulders of NH-319A from km 0 to km 45 in state of Bihar under EPC mode,MoRTH,618121,Bihar,2022-02-01,2023-06-01,2024-12-01,2026-11-01,427.29,427.29,198.23,93.0,97,July 2026,FlashReport_July_2026.pdf
847,"Pre-Construction activities from Km 134.000 to Km 190.233 of NH-333A and Construction of 4 no. of Bypasses at Katoria, Lakhpura, Banka & Panjwara total length-14.359 Km to two lane with paved shoulders standard in State of Bihar.",MoRTH,618126,Bihar,2022-11-01,2024-12-01,2026-12-01,2027-03-01,479.37,479.37,67.37,58.75,97,July 2026,FlashReport_July_2026.pdf
848,Estimate for Improvement to two lane with paved shoulder from Ramnagar to Roseda from km 3.500 to 43.000 of NH 527 E on EPC mode in State of Bihar,MoRTH,618146,Bihar,2022-01-01,2024-10-01,2026-04-01,2027-04-01,495.16,495.16,0.38,39.0,97,July 2026,FlashReport_July_2026.pdf
849,construction of a new 4 lane Parallel to existing MG Setu with its approaces from km 0.00 to km 14.500 across river Ganga on NH-19 at Patna in the state of Bihar.,MoRTH,618228,Bihar,2019-02-01,2021-03-01,2024-09-01,2027-12-01,2926.42,2926.42,622.65,75.33,97,July 2026,FlashReport_July_2026.pdf
850,Construction of a new 4-lane major bridge across river Kosi at Phulaut including Rehabilitation and upgradation of existing Birpur and Bihpur section of NH-106 from km 106.000 to km 136.000 to 2-lane with paved shoulders in the State of Bihar on EPC mode,MoRTH,618234,Bihar,2018-09-01,2021-06-01,2024-06-01,2027-02-01,1478.4,1478.4,901.52,98.6,97,July 2026,FlashReport_July_2026.pdf
851,Construction of New 4-Lane Bridge Parallel to existing Vikramashila Setufrom km 8920 to Km 13375including approach road 35m Naugachhia side &53 m Bhagalpur sideacross River Ganga on newly declared NH-131B at Bhagalpur in the State of Bihar,MoRTH,618246,Bihar,2020-07-01,2023-05-01,2027-05-01,2029-03-01,1110.23,1110.23,522.58,52.6,98,July 2026,FlashReport_July_2026.pdf
852,Construction of 6-Lane Elevated / Extra Dose Cable Bridge on River Ganga parallel to & Western side of Digha-Sonepur Rail cum-Road Bridge of NH 139W in the State of Bihar,MoRTH,618250,Bihar,2024-01-01,2024-05-01,2027-11-01,2028-12-01,3064.45,3064.45,0.0,18.66,98,July 2026,FlashReport_July_2026.pdf
853,"Improvement and Up gradation to four lane with Paved shoulder configuration from Existing Km 0000 to Km 39500 design km 0500 to Km 40342, Design length km of NH 227A near Mehrauna GhatUP Bihar Border to Siwan on the state of Bihar on Hybrid Annuity Model HAM basis",MoRTH,618251,Bihar,2023-03-01,2025-09-01,2028-03-01,2028-03-01,1661.25,1661.25,0.83,9.07,98,July 2026,FlashReport_July_2026.pdf
854,Permanent rectification of 3 nos. of black spots in project Highway NH-27 of U.P border - Dewapur - Kotwa section from Km.360.915 to km.440.000 Total Length of 79.085 Km of NH-27& Permanent rectification of 5 nos. of black spots of project Highway NH-27 of Kotwa - Mehsi - Muzaffarpur Section from km.440.000 to km.520.000 Total length 80.00Km,NHAI,618571,Bihar,2022-04-01,2023-12-01,2025-12-01,2026-12-01,227.25,321.23,233.7,83.01,98,July 2026,FlashReport_July_2026.pdf
855,6L Greenfield Varanasi-Ranchi-Kolkata Highway from Pachmon village to Anarbansalea village From KM. 116000 to KM. 151200 Package-6,NHAI,618725,Bihar,2023-03-01,2025-09-01,2027-09-01,2027-09-01,1915.99,1920.21,431.04,24.8,98,July 2026,FlashReport_July_2026.pdf
856,6L Greenfield Varanasi-Ranchi-Kolkata Highway from junction with Chandauli- Chainpur Road near Khainti village to junction with Bhabhua-Adhaura road near Palka village from Km. 27.000 to Km. 54.000 Pkg-2,NHAI,618726,Bihar,2023-03-01,2025-10-01,2027-10-01,2027-10-01,1240.93,1341.52,252.44,26.77,98,July 2026,FlashReport_July_2026.pdf
857,6L Greenfield Varanasi-Ranchi-Kolkata Highway from junction with Bhabhua-Adhaura road in Bhairopur village to Konki village From KM. 54.000 to KM. 90.000Pkg-3,NHAI,618727,Bihar,2023-03-01,2025-10-01,2027-10-01,2027-10-01,1576.94,1711.44,328.2,26.31,98,July 2026,FlashReport_July_2026.pdf
858,6L Bridge and its approaches across River Ganga as Part of Patna Ring Road NH- 131G starting from Km 8.480 near Sherpur to Km 23.000 near Dighwara,NHAI,618738,Bihar,2022-09-01,2023-09-01,2027-09-01,2029-03-01,6291.69,3351.62,734.19,22.05,98,July 2026,FlashReport_July_2026.pdf
859,4L Greenfield Alignment of Amas to Shivrampur from 0.000 Km. to 55.002 Km. of NH 119 D Pkg-I,NHAI,618739,Bihar,2022-02-01,2023-03-01,2025-03-01,2027-07-01,1390.92,1427.43,642.43,54.8,98,July 2026,FlashReport_July_2026.pdf
860,4L Greenfield Alignment of Shivrampur to Ramnagar from Km. 55.002 to Km. 109.300 of NH 119 D Pkg-II,NHAI,618740,Bihar,2022-02-01,2023-07-01,2025-07-01,2027-11-01,1494.31,1546.07,702.39,50.8,98,July 2026,FlashReport_July_2026.pdf
861,4L Greenfield Alignment from Kalyanapur to Tal Dashraha of NH-119D Pkg-III,NHAI,618741,Bihar,2022-03-01,2023-02-01,2025-02-01,2028-03-01,1857.58,1969.3,957.28,36.25,98,July 2026,FlashReport_July_2026.pdf
862,"Construction of 6-lane Greenfield corridor from Ramnagar to Kacchi Dargah NH-119D from Km 109700 to Km 122300, including widening of the existing NH-31 from Km 196700 to Km 198600, as part of the Amas-Darbhanga.",NHAI,618742,Bihar,2025-01-01,2026-04-01,2028-04-01,2028-04-01,1113.46,1113.46,12.44,0.8,98,July 2026,FlashReport_July_2026.pdf
863,Ara Bypass,NHAI,618775,Bihar,2025-03-01,2025-10-01,2027-04-01,2027-04-01,226.32,226.32,5.95,25.78,98,July 2026,FlashReport_July_2026.pdf
864,Construction of four laning of Bakarpur- Manikpur road section starting from village Chitarsenpur km 0000 and terminating at SH-74 near Manikpur 38814 at NH-139W under Bharatmalapariyona,NHAI,618790,Bihar,2023-03-01,2024-10-01,2027-04-01,2027-09-01,1422.37,1537.99,635.91,49.0,98,July 2026,FlashReport_July_2026.pdf
865,4L PS under NH configuration of Manikpur-Sahebganj of NH-139W,NHAI,618791,Bihar,2024-10-01,2026-01-01,2027-12-01,2027-12-01,1538.76,1538.76,595.95,27.5,98,July 2026,FlashReport_July_2026.pdf
866,Simaria Km. 206.050 to Khagaria Km. 266.282,NHAI,618840,Bihar,2015-12-01,2016-10-01,2019-04-01,2026-10-01,664.02,891.64,814.22,97.73,98,July 2026,FlashReport_July_2026.pdf
867,4L Elevated Section and at-grade improvements at Begusarai town Simaria - Khagaria section from Km. 221.047 to Km. 225.302 of NH-31,NHAI,618841,Bihar,2021-10-01,2022-06-01,2024-12-01,2026-08-01,491.04,348.38,354.17,95.72,98,July 2026,FlashReport_July_2026.pdf
868,Bakhtiyarpur-Rajauli Pkg-II from km. 54.405 to km.101.630,NHAI,618861,Bihar,2020-09-01,2021-04-01,2023-07-01,2026-08-01,897.45,1397.47,914.25,97.85,99,July 2026,FlashReport_July_2026.pdf
869,Bakhtiyarpur-Rajauli Pkg-III from km. 101.630 to km.152.520,NHAI,618862,Bihar,2020-09-01,2021-12-01,2024-06-01,2026-08-01,2156.22,3046.61,1818.91,99.14,99,July 2026,FlashReport_July_2026.pdf
870,Maheshkunt-Saharsa-Purnea Pkg I km 0.00 to km. 90.00 of NH-107,NHAI,618902,Bihar,2017-02-01,2019-12-01,2021-12-01,2026-09-01,662.44,1311.22,1126.22,90.07,99,July 2026,FlashReport_July_2026.pdf
871,Maheshkunt -Saharsa-Purnea Pkg II,NHAI,618903,Bihar,2017-03-01,2018-12-01,2020-12-01,2026-09-01,1245.33,1244.09,1230.43,94.0,99,July 2026,FlashReport_July_2026.pdf
872,Widening with additional 3L abetting Chhapra Bypass Section of NH-19 from Km. 143.200 to Km. 159.255 Pkg-1,NHAI,618905,Bihar,2024-02-01,2024-08-01,2026-08-01,2026-10-01,470.5,528.48,302.74,77.28,99,July 2026,FlashReport_July_2026.pdf
873,"4L Elevated Corridor and at-grade improvements from Design Ch0000 to Design Ch 19870 of Danapur Bihta Section, Design Ch0000 to Design Ch0231 connecting the existing RoB near Danapur station ,1.35 Km ramps and at-grade improvements to 4- lane section on Danapur side and Upgradation of existing Two lane carriageway to Four Lane carriageway from Design Ch19870 to Design Ch23500 of Bihta - Koilwar section",NHAI,618914,Bihar,2022-10-01,2024-03-01,2026-09-01,2027-08-01,4432.97,2625.4,1578.15,63.91,99,July 2026,FlashReport_July_2026.pdf
874,4L Greenfield starting from NH-30 near Saristabad Patna to Nathupur Project end point of Patna-Gaya-Dobhi Section of NH-83,NHAI,618917,Bihar,2023-07-01,2024-03-01,2025-08-01,2026-09-01,488.24,419.66,101.06,88.3,99,July 2026,FlashReport_July_2026.pdf
875,4L of Siwan- Masrakh section of Ram Janki Marg from Km 230.385 to Km 281.391 of NH-227A,NHAI,618926,Bihar,2022-08-01,2024-11-01,2026-11-01,2028-11-01,1431.36,1927.04,504.03,10.97,99,July 2026,FlashReport_July_2026.pdf
876,Umagaon-Saharsa Package-IV Koshi Bridge & approach Road - Bheja-Bakaur,NHAI,618953,Bihar,2019-02-01,2020-02-01,2023-08-01,2027-03-01,1199.58,1223.94,1312.28,92.4,99,July 2026,FlashReport_July_2026.pdf
877,Umagaon - Saharsa Package - I Combined Umagaon-Kaluahi0.000KM to 21.609Km of NH227LSaharghat-Rahika0.000 Km to 26.130KM of NH227JRahika-Rampatti 0.00 KM to 15.00KM of NH527ABideshwarsthan-Bheja0.000KM to 25.915KM of NH527A.,NHAI,618954,Bihar,2022-08-01,2025-01-01,2027-07-01,2027-07-01,1473.2,1703.02,644.37,23.78,99,July 2026,FlashReport_July_2026.pdf
878,2L PS of Majhauli to Charout section from km. 0.00 to km. 63.655,NHAI,618955,Bihar,2018-01-01,2019-11-01,2021-11-01,2026-08-01,638.29,1067.51,1096.16,99.8,99,July 2026,FlashReport_July_2026.pdf
879,Construction of Major Bridge over Baghmati and Lakhandei River along with Approaches from Design km.16.500 to km.21.500,NHAI,618956,Bihar,2024-02-01,2024-10-01,2027-04-01,2028-03-01,498.97,380.3,57.23,26.84,99,July 2026,FlashReport_July_2026.pdf
880,4L of Greenfield Alignment from Km. 47.000 to Km. 89.210 of Balbhadarpur to Bela Nawda Section of NH-119D,NHAI,619127,Bihar,2022-03-01,2024-03-01,2026-03-01,2028-03-01,2185.75,2118.46,764.97,30.41,99,July 2026,FlashReport_July_2026.pdf
881,Rehabilitation and Upgradation of Chorma - Bairgania Section of National Highway No 227F to 2 lane with paved shoulders from Design Ch.0.000 to Ch. 34.566,NHAI,619136,Bihar,2022-06-01,2024-02-01,2026-01-01,2026-08-01,610.78,628.65,337.4,100.0,99,July 2026,FlashReport_July_2026.pdf
882,Bakhtiyarpur Km 153.300 to Mokama Km 197.900,NHAI,619152,Bihar,2015-12-01,2017-06-01,2019-12-01,2026-08-01,1898.84,1898.84,1799.23,99.95,99,July 2026,FlashReport_July_2026.pdf
883,Umagaon-Saharsa Package-V Bakaur-Parsarma-Bangaon-Bariyahi & Spur to Mahishi,NHAI,619166,Bihar,2022-10-01,2023-12-01,2025-12-01,2026-08-01,768.35,968.42,509.32,99.5,99,July 2026,FlashReport_July_2026.pdf
884,4L of Munger Mirzachauki section from Munger to Kharia village junction from Km 69520 to Km 95580 Pkg-1,NHAI,619289,Bihar,2021-01-01,2022-03-01,2024-03-01,2026-10-01,1659.81,1696.66,685.48,82.72,99,July 2026,FlashReport_July_2026.pdf
885,Construction of Approach Road to Rail-cum- Road Bridge across river Ganga at Munger Ghat NH-333 B,NHAI,619301,Bihar,2013-07-01,2018-12-01,2021-05-01,2026-08-01,537.88,633.91,573.97,99.99,99,July 2026,FlashReport_July_2026.pdf
886,4L of Munger Mirzachauki section from start of existing Bhagalpur bypass to Rasulpur from Km 125000 to Km 157350 Pkg-3,NHAI,619305,Bihar,2021-01-01,2022-04-01,2024-04-01,2026-12-01,1769.5,2024.59,675.5,77.3,99,July 2026,FlashReport_July_2026.pdf
887,4L of Munger Mirzachauki section from Km 95580 to Km 125000 Pkg-2,NHAI,619306,Bihar,2021-02-01,2022-03-01,2024-03-01,2026-08-01,1020.84,1235.65,643.0,95.9,100,July 2026,FlashReport_July_2026.pdf
888,4L of Hajipur-Muzaffarpur Section of the existing NH-77 from Km. 0000 Ramashish Chowk to Km. 46300 and new bypass starting at Km. 46300 and connecting NH-28 of E-W Corridor at Km. 515045,NHAI,619317,Bihar,2010-08-01,2010-08-01,2013-02-01,2026-09-01,2723.39,2906.78,2160.8,99.45,100,July 2026,FlashReport_July_2026.pdf
889,Bemetara Bypass NH 30,MoRTH,617908,Chhattisgarh,2024-01-01,2025-04-01,2027-04-01,2027-04-01,161.96,161.96,0.0,42.0,100,July 2026,FlashReport_July_2026.pdf
890,Construction of 4 Nos Grade separtor between km. 281.000 to km. 307.600 km. 286.400 kumhari km. 299.000 Transport Nagar km. 302.000 Power House km. 304.000 Chandra Moura Chowk to km. 305.000 supeia of NH-53 old NH-06 Raipur - Durg 4 Lane on EPC mode in the state of chhattisgarh job NO. NH-53old NH-06 CG- 2017-18-56,MoRTH,617919,Chhattisgarh,2018-03-01,2019-01-01,2021-01-01,2025-08-01,349.03,349.03,304.04,97.9,100,July 2026,FlashReport_July_2026.pdf
891,Up-gradation to Two/Four lane with paved shoulder Configuration of Kondagaon- Narayanpur from design ch. 0.00 - 48.693 Design Length 47.493 Km. 1.20 Km. retained on NH-130D under EPC mode in the State Chhattisgarh.,MoRTH,617971,Chhattisgarh,2022-12-01,2025-03-01,2027-03-01,2027-03-01,322.4,322.4,1.14,70.0,100,July 2026,FlashReport_July_2026.pdf
892,Upgradation to Two lane with Paved Shoulder Configuration of Narayanpur Kasturmeta pkg-II from design ch. 48.693 to 70.453 design length21.760 Km. on NH-130D under EPC mode in the state of Chhattisgarh.,MoRTH,617972,Chhattisgarh,2022-12-01,2024-12-01,2026-06-01,,200.67,200.67,0.0,0.0,100,July 2026,FlashReport_July_2026.pdf
893,"Upgradation of Ambikapur-Ramanujganj-Garwa road of NH-343, Package-III, Badki mahri village to Ramanujganj section from existing km 80.600 to km 110.330 Design Ch. 85.370 to Ch. 114.800 of total length 29.430 km to two lane with paved shoulders udner corridor scheme under EPC Mode in the of Chhattisgarh",MoRTH,618014,Chhattisgarh,2022-03-01,2025-05-01,2026-10-01,2026-10-01,199.05,199.05,53.0,38.56,100,July 2026,FlashReport_July_2026.pdf
894,"Upgradation of Keonchi - Ratanpur Road of NH 45 Package-I, from design chainage km 237.860 to km 273.200 of length 35.340 km to two lane with paved shoulders under Corridor scheme on EPC mode in the state of Chhattisgarh.",MoRTH,618015,Chhattisgarh,2022-03-01,2024-07-01,2026-01-01,2026-12-01,225.41,228.93,83.75,60.0,100,July 2026,FlashReport_July_2026.pdf
895,"Upgradation of Ambikapur Ramanujganj - Garhwa Road NH 343 of Package-I, Rajpuri Khurd Village to Padih Village section from existing km 7.830 to km 57.650 Design Ch. 13.700 to Ch. 62.700 of total length 49.00 km to two lane with paved shoulders under EPC mode in the state of Chhattisgarh",MoRTH,618016,Chhattisgarh,2022-03-01,2025-05-01,2027-05-01,2027-05-01,397.44,397.44,76.67,28.07,100,July 2026,FlashReport_July_2026.pdf
896,"Upgradation of Keonchi - Ratanpur Road of NH 45 Package-II, from design chainage km 278.75 to km 321.348 of length 42.598 km to two lane with paved shoulders under Corridor scheme on EPC mode in the state of Chhattisgarh.",MoRTH,618017,Chhattisgarh,2022-03-01,2024-07-01,2026-01-01,2026-12-01,286.0,286.0,92.75,60.0,100,July 2026,FlashReport_July_2026.pdf
897,Upgradation of Bilaspur-Takhatpur-Mungeli-Pandariya-Pondi Road on N.H.-130A Package IIIA Takhatpur By-pass from existing Ch. 26.542 to 32.093 [Design Ch. 18.700 to 25.900] & Mungeli By-pass from existing Ch. 45.786 to 56.275 [Design Ch. 29.600 to 51.600] and Package IIIB Pandariya By-Pass from existing Ch. 82.582 to 87.133 [Design Ch. 77.900 to 81.1000 & Pondi By-pass from existing Ch. 103.166 to 104.756 [Design Ch. 97.000 to 103.395] to two lane with paved shoulder configuration in the,MoRTH,618018,Chhattisgarh,2022-03-01,2024-01-01,2025-07-01,2026-12-01,351.19,351.19,11.63,11.0,100,July 2026,FlashReport_July_2026.pdf
898,Durg-Raipur Bypass Section Package - 1 from km. 0.00 to km. 44.50 near Tendesara to near Khatti Village,NHAI,618589,Chhattisgarh,2022-06-01,2023-07-01,2025-07-01,2027-03-01,1828.0,1656.73,1063.62,75.39,100,July 2026,FlashReport_July_2026.pdf
899,Durg-Raipur-Arang Package - 2 from km. 44.50 to km. 92.23 near Khatti Village to near Aurang,NHAI,618590,Chhattisgarh,2022-06-01,2023-06-01,2025-05-01,2027-03-01,1958.9,1561.97,1001.18,73.96,100,July 2026,FlashReport_July_2026.pdf
900,4L of Bilaspur to Urga km 0.00 to 70.2 of NH-130A,NHAI,618639,Chhattisgarh,2020-04-01,2022-03-01,2024-03-01,2026-12-01,1855.59,2523.86,1470.78,94.81,100,July 2026,FlashReport_July_2026.pdf
901,4L of Urga - Pathalgaon from Km. 70.200 to km. 157.745 of NH-130A,NHAI,618640,Chhattisgarh,2022-03-01,2024-02-01,2026-08-01,2026-08-01,2261.3,2860.36,1120.45,81.5,100,July 2026,FlashReport_July_2026.pdf
902,4L of Pathalgaon-Kunkuri-CG/JH Border section of NH-43 from Km. 00.000 to Km.104.250,NHAI,618646,Chhattisgarh,2024-08-01,2026-04-01,2029-04-01,2029-04-01,3147.07,3147.07,0.03,0.0,100,July 2026,FlashReport_July_2026.pdf
903,Development of 6L of Jhanki Sargi Section Road from km 0.000 to km 42.800 of NH- 130CD Pkg-CG-1,NHAI,618673,Chhattisgarh,2021-11-01,2022-09-01,2024-09-01,2027-02-01,1368.19,1129.14,715.32,99.35,101,July 2026,FlashReport_July_2026.pdf
904,Development of 6L Sargi Basanwahi Section from km 42.800 to km 99.500 of NH- 130CD Pkg-CG-2,NHAI,618674,Chhattisgarh,2021-12-01,2023-01-01,2025-01-01,2026-08-01,1470.73,1461.81,757.62,100.0,101,July 2026,FlashReport_July_2026.pdf
905,Development of 6L of Basanwahi Marangpuri Section from km 99.500 to km 124.661 of NH-130-CD,NHAI,618675,Chhattisgarh,2022-03-01,2023-10-01,2025-10-01,2027-03-01,1307.16,1303.63,489.55,70.73,101,July 2026,FlashReport_July_2026.pdf
906,4 laning of Champa - Korba from km 0.00 to km 38.2,NHAI,618957,Chhattisgarh,2021-02-01,2022-01-01,2024-01-01,2026-08-01,1002.33,1304.47,944.68,98.75,101,July 2026,FlashReport_July_2026.pdf
907,"Balance Works of Rehabilitation and Up gradation of NH-43 New NH-30 from Krn 162120 to Krn 173500 Length 11.380 Km. Keshkal Bypass 4-Lane with Paved shoulder in the State Of Chhattisgarh under NHDP-IV through Engineering, Procurement & Construction EPC Basis",MoRTH,619039,Chhattisgarh,2025-06-01,2026-06-01,2028-06-01,,307.96,307.96,0.0,0.0,101,July 2026,FlashReport_July_2026.pdf
908,4/6 Laning of Raipur-Simga Pkg-I from km. 0.00 to km. 48.58,NHAI,619103,Chhattisgarh,2015-10-01,2016-04-01,2018-04-01,2026-08-01,1096.52,1172.36,905.32,100.0,101,July 2026,FlashReport_July_2026.pdf
909,4 Laning with PS of Pathrapalli-Katghora km 53.3 to km 92.6 Pkg-II of Bilaspur Kathghora,NHAI,619167,Chhattisgarh,2019-12-01,2020-12-01,2022-12-01,2026-11-01,865.1,1275.26,853.85,93.1,101,July 2026,FlashReport_July_2026.pdf
910,Balance Work Estimate of Rehabilitation and Up-gradation of NH- 43 from Km. 468.600 to Km. 531.250 Pathalgaon to kunkuri Section to two-lane with paved shoulder in the State of Chhattisgarh on SBD mode under NHO under Annual plan 2025-26,MoRTH,619347,Chhattisgarh,2026-03-01,2026-06-01,2028-06-01,,201.16,201.16,0.0,0.0,101,July 2026,FlashReport_July_2026.pdf
911,Widening of Existing Road from Intermediate Lane 2-lane to 4-lane Between Km 19.994 to Km 35.180 of NH-848A Rakholi-Khadoli-Velugam Section in U.T. of Dadra and Nagar Haveli and Daman and Diu,MoRTH,619183,Dadra & Nagar Haveli and Daman & Diu,2022-10-01,2024-02-01,2026-06-01,2026-08-01,198.06,239.57,77.74,80.0,101,July 2026,FlashReport_July_2026.pdf
912,Development of 6L UER II [Package - I] NH-1 Near Bakoli till Karala Kanjhawala Road from km. 0.70 to km.15.00,NHAI,618509,Delhi,2020-07-01,2021-10-01,2023-10-01,2026-08-01,2089.94,2203.45,1834.91,99.99,101,July 2026,FlashReport_July_2026.pdf
913,8L of Dwarka Expressway Pkg-II RuB near Dwarka Sector 21-DL/HR Border from 5.300 Km.to 9.500 Km. of NH-248BB,NHAI,619090,Delhi,2018-01-01,2019-10-01,2021-10-01,2026-08-01,2067.67,2670.22,2381.53,100.0,101,July 2026,FlashReport_July_2026.pdf
914,Dwarka Expressway from Km -0.600 to Km 5.300 - Pkg-I Shivmurti Chowk-RuB near Dwarka Sector 21,NHAI,619202,Delhi,2018-03-01,2020-09-01,2022-09-01,2026-08-01,2144.67,3929.5,3512.17,98.8,101,July 2026,FlashReport_July_2026.pdf
915,4-Laning from End of Zuari approaches to Start of Margao Bypass section of NH-66 from Km 536.800 to Km 543.450,MoRTH,617941,Goa,2024-07-01,2026-02-01,2028-02-01,2028-02-01,398.25,398.25,0.28,1.0,101,July 2026,FlashReport_July_2026.pdf
916,Construction of Six lane Elevated Corridor from Km. 508.000 to Km. 513.150 including approaches on NH-66,MoRTH,617942,Goa,2023-04-01,2024-04-01,2026-04-01,2026-10-01,641.46,641.46,0.0,99.08,101,July 2026,FlashReport_July_2026.pdf
917,4-laning of Navelim to Cuncolim Section of NH-66 from Km 554.245 to Km 561.480 on HAM Mode,MoRTH,617943,Goa,2024-12-01,2026-04-01,2028-10-01,2028-10-01,746.75,746.75,0.0,0.0,101,July 2026,FlashReport_July_2026.pdf
918,Construction of 4L Flyover from MES College Junction to Bogmalo Junction on NH- 566 from Km. 7.106 to Km. 10.460 and 4L VUP at Queeny Nagar Junction from Km. 3.330 to Km. 4.550,NHAI,618609,Goa,2024-01-01,2024-08-01,2026-07-01,2027-05-01,463.08,316.28,168.21,59.18,101,July 2026,FlashReport_July_2026.pdf
919,Up-gradation of Dhoraji-Jamkandorna-Kalavad Section of NH-927D from Design Chainage km 0/00 to km 58/115 to Two lane with PS configuration in the State of Gujarat on EPC,MoRTH,617906,Gujarat,2022-10-01,2025-01-01,2027-01-01,2027-01-01,246.6,291.19,0.0,35.0,101,July 2026,FlashReport_July_2026.pdf
920,Work of 6 laning/Construction of elevated corridor from km 0/0 to 10/170 Narol Junction to Sarkhej junction including 4 lane Shastri Bridge on Sabarmati river on NH 47 in the State of Gujarat on HAM mode,MoRTH,617916,Gujarat,2024-03-01,2025-08-01,2028-02-01,2028-02-01,1295.39,1295.39,0.0,35.0,102,July 2026,FlashReport_July_2026.pdf
921,Construction of new 4 lane major bridge with approaches on Sabarmati River near Dharoi at Km. 82/00 to 86/00 Design length 3.300 km on NH-58 in the State of Gujarat on Hybrid Annuity Mode HAM,MoRTH,617926,Gujarat,2024-03-01,2025-08-01,2027-08-01,2027-08-01,398.4,398.4,0.0,53.0,102,July 2026,FlashReport_July_2026.pdf
922,Widening to 2LPS between Km 0/0 to 56/0 Khokhara Gujarat Border Vijayanagar Antrasuba Mathasur road of NH 58 in the State of Gujarat,MoRTH,617927,Gujarat,2024-03-01,2025-09-01,2027-09-01,2027-09-01,699.19,699.19,0.0,36.0,102,July 2026,FlashReport_July_2026.pdf
923,"Widening 2 lane to 4-lane from KM 92/320 to Km 115/320 Vav Chokdi-Satlasana to to Vrundavan Chokdi, Kheralu on NH-58 in the State of Gujarat.",MoRTH,617928,Gujarat,2022-03-01,2024-03-01,2026-03-01,2026-08-01,151.13,171.27,0.0,98.0,102,July 2026,FlashReport_July_2026.pdf
924,Work of development and construction of elevated corridorfrom km 38/660 to km 42/690 Iscon junction to start point of approach of sanand flyover of NH-147 in the sate of Gujarat,MoRTH,617976,Gujarat,2023-03-01,2024-06-01,2026-06-01,2026-09-01,530.2,530.2,58.29,90.0,102,July 2026,FlashReport_July_2026.pdf
925,Upgradation to two lane with paved Shoulder Configuaration from Km. 0/00 to 47/000 of NH 351 Mahuva to Badhada section in the State of Gujarat,MoRTH,618022,Gujarat,2022-12-01,2024-02-01,2025-08-01,2026-12-01,173.06,219.08,22.63,77.0,102,July 2026,FlashReport_July_2026.pdf
926,Upgradation of Mehsana-Visnagar-vadnagar-Kheralu-Idar section from km 0/00 to 81/300 of NH 168G Mehsana to Idar in the State of GujaratTotal Length 81.300 Km on Hybrid Annuity Mode HAM,MoRTH,618107,Gujarat,2024-02-01,2025-12-01,2028-06-01,2028-06-01,1155.21,1155.21,421.58,23.0,102,July 2026,FlashReport_July_2026.pdf
927,Up-gradation and strengthening to 2lanePS from Km 95/500 to km 129/775 of Nh 168G Idar-Bhiloda-Samlaji in the state of Gujarat Length 34.275 km,MoRTH,618108,Gujarat,2022-09-01,2023-12-01,2025-12-01,2026-12-01,237.28,237.28,41.55,64.5,102,July 2026,FlashReport_July_2026.pdf
928,Delhi-Vadodara Greenfield Alignment NH-148N Pkg-26 Ch.696890 to Ch.726390,NHAI,618459,Gujarat,2020-09-01,2022-12-01,2024-08-01,2027-02-01,1555.2,1556.4,1288.32,85.5,102,July 2026,FlashReport_July_2026.pdf
929,Delhi-Vadodara Greenfield Alignment NH-148N Pkg-31 Ch.824920 to Ch.844382 [Junction near Pratap nagar Village - Junction near Dodka Village],NHAI,618462,Gujarat,2019-11-01,2021-05-01,2023-05-01,2026-08-01,1644.85,1651.14,1297.76,100.0,102,July 2026,FlashReport_July_2026.pdf
930,Vadodara Mumbai Expressway Kim to Ankleshwar Phase IA - Pkg V,NHAI,618463,Gujarat,2018-02-01,2019-11-01,2021-10-01,2026-08-01,1324.84,2807.48,1546.7,91.34,102,July 2026,FlashReport_July_2026.pdf
931,Vadodara Mumbai Expressway Karvad - Jujuwa from Km. 128.000 to Km. 154.600 Phase-I Package-IX,NHAI,618467,Gujarat,2023-07-01,2024-04-01,2025-10-01,2027-07-01,2594.17,2587.04,235.55,21.75,102,July 2026,FlashReport_July_2026.pdf
932,Ahmedabad - Dholera Pkg III from km. 48.52 to km. 71.06 [Vejallka Village - Start of DSIR zone],NHAI,618503,Gujarat,2020-05-01,2021-07-01,2023-07-01,2026-08-01,1034.04,1155.41,1125.55,100.0,102,July 2026,FlashReport_July_2026.pdf
933,Ahmedabad - Dholera Pkg IV from km. 71.06 to km. 109.019 [Start of DSIR zone - Adhelai Village],NHAI,618504,Gujarat,2020-05-01,2021-12-01,2023-12-01,2026-08-01,1181.76,1358.73,1222.79,98.08,102,July 2026,FlashReport_July_2026.pdf
934,"Balance work of Six Laning of Shamlaji-Motachiloda from Km. 401.200 to Km.494.410 section Design Chainage Km.447.385 to Km 540.595, Length- 93.210 Km of old NH-8 NH-48 in the state of Gujarat on single Percentage Item Rate Contract",NHAI,618507,Gujarat,2024-06-01,2024-08-01,2025-06-01,2026-08-01,466.8,501.48,577.62,91.83,102,July 2026,FlashReport_July_2026.pdf
935,Construction of Additional Structures including Approaches in Vadodara Surat Section of NH48 between existing Km. 108.000 to Km. 250.000,NHAI,618508,Gujarat,2024-03-01,2025-01-01,2027-01-01,2027-06-01,907.39,907.39,368.63,48.73,102,July 2026,FlashReport_July_2026.pdf
936,6L with PS of Samakhiyali to Santalpur section from km. 339.700 to Km. 430.100 of NH-27,NHAI,618564,Gujarat,2023-01-01,2023-12-01,2025-12-01,2027-03-01,1553.76,34.34,28.66,64.52,102,July 2026,FlashReport_July_2026.pdf
937,Sanchore - Santalpur from km 99.000 - km 130.073 of NH-754K AJ-RGBS-Package-4,NHAI,618615,Gujarat,2020-02-01,2021-03-01,2023-03-01,2026-08-01,778.15,835.55,767.83,99.7,102,July 2026,FlashReport_July_2026.pdf
938,4L of Dhrol bypass section of NH-151A Approx. length 5.7 Km & widening upto 4 laning of missing link of Amran section of NH-151A Approx. length 6.55 Km from existing Ch. 42000 to 48500 of ongoing Dhrol-Bhadra-Pipaliya section of NH-151A,NHAI,618616,Gujarat,2024-03-01,2025-02-01,2027-02-01,2027-02-01,625.58,455.54,151.99,35.47,103,July 2026,FlashReport_July_2026.pdf
939,"Upgradation to 4L PS from Bhimasar, Junction of NH-41 to Anjar- Bhuj upto Airport Junction from Km 0.000 to Km 65.478 of NH-341",NHAI,618787,Gujarat,2022-03-01,2023-01-01,2025-06-01,2027-03-01,1373.06,1687.25,837.85,96.0,103,July 2026,FlashReport_July_2026.pdf
940,4L PS Divided Carriageway from Patan Near Rajpur to Gojariya From Km 52.000 to Km 128.940 of NH-68,NHAI,618901,Gujarat,2021-12-01,2023-03-01,2025-03-01,2026-11-01,1181.34,1098.23,934.16,87.12,103,July 2026,FlashReport_July_2026.pdf
941,4L PS from Ch. 94.030 in Jabugam Village to Ch. 132.320 in Dhamasiya Village of NH-56 Pkg-III,NHAI,618930,Gujarat,2023-03-01,2025-11-01,2027-11-01,2027-11-01,1188.46,898.0,179.47,25.82,103,July 2026,FlashReport_July_2026.pdf
942,4L PS from Ch. 179.780 in Bitada/Movi Village to Ch. 208.900 in Nasarpore Village of NH-56 Pkg-V,NHAI,618931,Gujarat,2023-03-01,2025-11-01,2027-11-01,2027-11-01,764.02,566.96,82.38,10.08,103,July 2026,FlashReport_July_2026.pdf
943,Construction of 4 lane with PS Idar-Badoli bypass section from design km 81/300 to km 95/500 of NH 168G in the State of Gujarat,MoRTH,619061,Gujarat,2025-03-01,2026-05-01,2028-05-01,2028-05-01,705.09,705.09,0.0,7.0,103,July 2026,FlashReport_July_2026.pdf
944,Widening to 6L of Existing 4L Jetpur - Gondal - Rajkot Section from Km. 117.600 to Km. 185.00 on NH-27,NHAI,619087,Gujarat,2022-03-01,2023-09-01,2025-09-01,2027-01-01,2070.44,1390.29,1117.01,76.83,103,July 2026,FlashReport_July_2026.pdf
945,Four Laning of Una to Kodinar from km. 180.478 to km. 221.610 Package-V,NHAI,619145,Gujarat,2016-02-01,2017-02-01,2019-08-01,2025-03-01,877.71,1126.66,1008.79,100.0,103,July 2026,FlashReport_July_2026.pdf
946,Delhi-Vadodara Greenfield Alignment NH-148N Pkg-27 Ch.729.700 to Ch.756.052,NHAI,619197,Gujarat,2020-09-01,2022-02-01,2024-02-01,2026-08-01,1185.69,1259.27,1045.08,98.9,103,July 2026,FlashReport_July_2026.pdf
947,Upgradation of Existing Two Lane Carriageway to Two Lane Carriageway with Paved Shoulder from Ch. 665686 Existing Km. 665.686 in Khanpur Village in Vansda Taluka to Ch. 710470 Existing Km. 710.483 in Karvad Village in Vapi Taluka Length 44.784 Km Section of NH-56 in the State of Gujarat on EPC Mode,NHAI,619297,Gujarat,2026-02-01,2026-07-01,2028-07-01,2027-01-01,647.2,647.2,9.24,0.0,103,July 2026,FlashReport_July_2026.pdf
948,Delhi-Amritsar-Katra Expressway Phase-I Pkg-I from Jussur Kheri on NH-KMP Expressway to Junction with Rohtak-Panipat road NH-709 near Rukhi Paani village Km 0000 to Km 34000,NHAI,618482,Haryana,2020-12-01,2021-12-01,2023-12-01,2026-07-01,1866.49,2429.9,1609.72,99.91,103,July 2026,FlashReport_July_2026.pdf
949,Delhi-Amritsar-Katra Expressway Phase-I Pkg-II from Junction with Rohtak-Panipat road NH-709 near Rukhi Paani village to Junction with Jind-Panipat road NH-352A near Gangana village Km 34000 to Km 60800,NHAI,618483,Haryana,2020-12-01,2022-01-01,2024-01-01,2026-07-01,1533.87,1792.53,1176.23,99.89,103,July 2026,FlashReport_July_2026.pdf
950,"Construction of Additional Structures, Improvement of Service Road & Maintenance of Six Lane Gurgaon-Jaipur Section of NH-48 old NH-8 between km 42700 to km 107100 in the State of Haryana",NHAI,618506,Haryana,2024-05-01,2025-05-01,2027-05-01,2027-05-01,401.74,240.02,131.79,61.38,103,July 2026,FlashReport_July_2026.pdf
951,Gohana - Sonipat PKG-2,NHAI,618580,Haryana,2019-01-01,2020-07-01,2022-07-01,2026-07-01,1275.31,1957.44,1225.85,97.86,103,July 2026,FlashReport_July_2026.pdf
952,4L Greenfield Jalbhera Shahbad section from km. 0.000 to km. 22.850 of NH-152G,NHAI,618788,Haryana,2022-03-01,2023-06-01,2025-05-01,2026-08-01,927.22,1173.66,550.65,87.05,103,July 2026,FlashReport_July_2026.pdf
953,4L Bhiwani-Hansi road section of NH-148B,NHAI,618792,Haryana,2022-11-01,2023-12-01,2025-12-01,2026-08-01,1330.23,1144.21,455.86,99.5,103,July 2026,FlashReport_July_2026.pdf
954,Jagadhari - Tajewala from Km -0.175 to 32.337 km of NH-344,NHAI,618936,Haryana,2022-03-01,2023-02-01,2025-02-01,2027-03-01,1269.5,919.43,712.77,68.0,103,July 2026,FlashReport_July_2026.pdf
955,4L PS of Ambala Ring Road of New NH-44,NHAI,619080,Haryana,2023-02-01,2023-10-01,2025-10-01,2026-09-01,1093.35,1225.41,595.59,92.97,103,July 2026,FlashReport_July_2026.pdf
956,4L of Jind-Gohana road Package-1 from km. 0.00 to km. 40.601 of NH-352 A under NHO,NHAI,619092,Haryana,2019-01-01,2020-07-01,2022-07-01,2026-07-01,994.22,1606.82,1064.47,99.97,103,July 2026,FlashReport_July_2026.pdf
957,4/6L of Gurgaon - Pataudi - Rewari from km. 0.00 to km.43.87 of NH-352W,NHAI,619132,Haryana,2020-05-01,2021-11-01,2023-11-01,2026-08-01,1810.04,1917.5,1267.55,77.76,104,July 2026,FlashReport_July_2026.pdf
958,Karnal ring road Lot-4/Pkg-1,NHAI,619201,Haryana,2022-11-01,2023-08-01,2025-08-01,2026-10-01,1741.45,2041.54,834.54,96.66,104,July 2026,FlashReport_July_2026.pdf
959,"Improvement/construction of existing CL-5 Road to NH Intermediate lane specification with hard shoulder from Km 166.000 to 203.77 net Length 37.770 kms of NH-505 Sumdo-Kaza-Gramphoo road in the state of Himachal Pradesh on EPC mode under project Deepak, BRO",MoRTH,618215,Himachal Pradesh,2021-06-01,2024-06-01,2027-06-01,2027-06-01,274.36,194.0,0.0,22.26,104,July 2026,FlashReport_July_2026.pdf
960,"Improvement/construction of existing CL-5 Road to NH Intermediate lane specification with hard shoulder from Km 133.000 to 166.000 net Length 33.000 kms of NH-505 Sumdo-Kaza-Gramphoo road in the state of Himachal Pradesh on EPC mode under project Deepak, BRO",MoRTH,618216,Himachal Pradesh,2021-03-01,2023-07-01,2026-06-01,2027-09-01,230.55,203.15,31.4,23.24,104,July 2026,FlashReport_July_2026.pdf
961,Improvement/construction of existing Class-5 Road to NH Intermediate lane specification with hard shoulder from existing Km 76/340 to 134/940 Design chainage from Km 76/300 to 133/000 net Length 56.700 kms of NH-505 Sumdo-Kaza- Gramphoo road in the state of Himachal Pradesh Package I,MoRTH,618217,Himachal Pradesh,2021-03-01,2023-05-01,2026-05-01,2027-08-01,314.67,244.15,93.27,62.28,104,July 2026,FlashReport_July_2026.pdf
962,Rehabilitation and Upgradation to 2-lane configuration of Kalwahn-Mandi Section km 208.950 to 250.592 of NH-70 in the State of Himachal Pradesh under Green National Highways Corridor Project GNHCP with the loan assistance of World Bank on EPC mode.Package-3,MoRTH,618230,Himachal Pradesh,2020-08-01,2022-10-01,2025-04-01,2026-12-01,314.32,314.32,0.0,70.58,104,July 2026,FlashReport_July_2026.pdf
963,Rehabilitation and Upgradation to 2-lane configuration of Hamirpur-Karnohal Section km 141.00 to 181.00 of NH-70 in the State of Himachal Pradesh under Green National Highways Corridor Project GNHCP with the loan assistance of World Bank on EPC mode.Package-1,MoRTH,618231,Himachal Pradesh,2020-08-01,2022-06-01,2024-12-01,2026-09-01,371.93,371.93,198.34,93.62,104,July 2026,FlashReport_July_2026.pdf
964,Rehabilitation and Upgradation to 2-lane configuration of Karnohal- Kalwahn Section km 181.00 to 208.950 of NH-70 in the State of Himachal Pradesh under Green National Highways Corridor Project GNHCP with the loan assistance of World Bank on EPC mode.Package-2,MoRTH,618232,Himachal Pradesh,2020-08-01,2023-11-01,2026-05-01,2026-12-01,251.62,190.02,77.84,58.0,104,July 2026,FlashReport_July_2026.pdf
965,Construction of missing link from Birhu to Lathiani from Km 35/550 Design chainage Km 0.000 to Km 42/800 Design Chainage Km 8.153on NH-503A including Lathiani Bridge on back water of Govindsagar and its approaches in Himachal Pradesh.,MoRTH,618253,Himachal Pradesh,2023-06-01,2026-03-01,2029-03-01,2029-03-01,870.95,896.86,0.0,0.0,104,July 2026,FlashReport_July_2026.pdf
966,Nerchowk km 190.000 to Pandoh including Pandoh bypass km221.305,NHAI,618850,Himachal Pradesh,2016-03-01,2018-01-01,2020-07-01,2026-08-01,1464.12,1651.67,1574.85,100.0,104,July 2026,FlashReport_July_2026.pdf
967,Pandoh bypass 221.305 to Takoli 242.000 of NH-21 in the state of Himachal Pradesh,NHAI,618851,Himachal Pradesh,2017-06-01,2018-03-01,2021-09-01,2027-03-01,3419.95,4465.94,2883.58,95.65,104,July 2026,FlashReport_July_2026.pdf
968,4L Sundar Nagar Bypass from Km.173.900 to Km.179.600 of NH-21,NHAI,618852,Himachal Pradesh,2022-02-01,2022-06-01,2024-06-01,2026-08-01,191.11,192.11,182.6,100.0,104,July 2026,FlashReport_July_2026.pdf
969,Rehabilitation and Upgradation to 4L configuration & Strengthening of Sihuni to Rajol from Km 51.000 to Km 72.000 of NH-154 Package-IIA,NHAI,618878,Himachal Pradesh,2022-03-01,2023-09-01,2025-09-01,2026-09-01,696.65,776.59,496.48,99.18,104,July 2026,FlashReport_July_2026.pdf
970,Rehabilitation and Upgradation to 2L PS configuration & Strengthening of Padhar to Bijni section from Km 180.000 to Km 202.815 of NH-154 Pkg-VA,NHAI,618879,Himachal Pradesh,2022-06-01,2024-11-01,2026-11-01,2026-11-01,930.86,930.86,666.12,99.86,104,July 2026,FlashReport_July_2026.pdf
971,Rehabilitation and Up-gradation to 4L configuration & Strengthening of Thanpuri to Paror section from Km 85.135 to Km 100.840 of NH-154 Pkg-IIC,NHAI,618880,Himachal Pradesh,2022-07-01,2024-03-01,2025-12-01,2027-04-01,815.68,666.79,496.91,56.61,104,July 2026,FlashReport_July_2026.pdf
972,4L PS bijni to mandi section from Km 202.815 to Km 208.000 of NH-20 New NH-154 of Pathankot-Mandi Package-VB,NHAI,618881,Himachal Pradesh,2023-02-01,2025-03-01,2027-09-01,2027-09-01,1113.02,1112.39,547.08,35.3,104,July 2026,FlashReport_July_2026.pdf
973,Rehabilitation and Up-gradation of existing road to 2L PS from End of Hamirpur Bypass near Chilbahal to Bhangbar section from Km. 138.295 to Km.175.270 of NH- 88 Pkg-IV,NHAI,618888,Himachal Pradesh,2022-03-01,2023-04-01,2025-04-01,2026-12-01,1146.19,1358.62,987.35,97.2,104,July 2026,FlashReport_July_2026.pdf
974,"4L of Bhangbar Near Ranital to Kangra Bypass Section of Old NH-88 New NH- 303,503 up to Intersection with NH-154 from Km 175.270 to Km 193.400 Pkg-VB",NHAI,618889,Himachal Pradesh,2021-03-01,2022-12-01,2024-12-01,2026-09-01,1322.95,1829.49,1102.58,97.45,105,July 2026,FlashReport_July_2026.pdf
975,2L PS of Hamirpur Bypass from Km 121.175 to Km.138.295 of NH-103&3,NHAI,618890,Himachal Pradesh,2022-08-01,2023-10-01,2025-10-01,2026-12-01,739.39,754.82,369.94,94.37,105,July 2026,FlashReport_July_2026.pdf
976,4L PS from Kalar Bala Village to Nauni Chowk of NH 205 from Km 41.000 to Km 58.450,NHAI,618891,Himachal Pradesh,2024-01-01,2025-05-01,2027-05-01,2027-09-01,1244.43,786.91,145.72,31.46,105,July 2026,FlashReport_July_2026.pdf
977,"4 Lane with Paved Shoulder from Dareota Village to Kalar Bala NH 205, Design Chainage -Km 33185 to Km 41000, Design Length-7.815 Km Package-IIB",NHAI,618892,Himachal Pradesh,2025-06-01,2026-06-01,2028-06-01,2028-06-01,992.85,992.85,5.27,0.68,105,July 2026,FlashReport_July_2026.pdf
978,4L of Kathlighat to Shakral Village from Km 128.835 to Km 146.300 of NH- 5 Shimla Bypass - Pkg I,NHAI,618921,Himachal Pradesh,2022-03-01,2023-04-01,2026-04-01,2027-07-01,1703.48,2648.8,1182.61,64.2,105,July 2026,FlashReport_July_2026.pdf
979,4L of Shakral Village to Dhalli Section from Km 146.300 to Km 156.560 Shimla Bypass - Pkg II and Shimla connectivity from Km 0.000 to Km 0.725 of NH-5,NHAI,618922,Himachal Pradesh,2022-04-01,2024-03-01,2027-03-01,2027-12-01,1956.26,2880.72,1505.86,59.88,105,July 2026,FlashReport_July_2026.pdf
980,Solan - Kaithlighat Section of NH-22 Now NH-5 from Km. 106.139 to Km.129.05,NHAI,619003,Himachal Pradesh,2018-03-01,2018-11-01,2021-05-01,2026-11-01,881.74,1519.53,1347.79,90.11,105,July 2026,FlashReport_July_2026.pdf
981,4L of HP/Punjab Border - Mo from km. 11.00 to km. 42.00 of Old NH-20 New NH-154 Package-IA,NHAI,619153,Himachal Pradesh,2021-03-01,2022-05-01,2024-05-01,2026-12-01,1002.11,1363.04,819.72,68.65,105,July 2026,FlashReport_July_2026.pdf
982,Construction of Shopian Bypass on NH-444 taking off from existing chainage Km 36500 and re-joining at km 47588 of existing Chainage New Design Ch. From km 28000 to km 36925 as 2- lane with paved shoulder in the UT of Jammu & Kashmir on EPC mode.,MoRTH,618038,Jammu and Kashmir,2024-03-01,2026-01-01,2028-01-01,,224.44,224.44,0.0,3.0,105,July 2026,FlashReport_July_2026.pdf
983,"Widening and strengthening to 2 lane with paved shoulder from existing Ch. Km 56720 to Km 100820 and Design Ch. From Km 62600 to Km 106360 Total Length43.760 Km on SRINAGAR -BARAMULA URINH-01 in the UT of Jammu & Kashmir under project BEACON, Border Roads Organization BRO on EPC mode.",MoRTH,618201,Jammu and Kashmir,2023-09-01,2024-11-01,2026-11-01,2027-06-01,702.1,702.1,0.0,51.0,105,July 2026,FlashReport_July_2026.pdf
984,Construction of 2 lane with paved shoulders Baramulla Bypass Greenfield bypass from existing Ch. Km 47020 to Km 56720 and Design Ch. From 48500 to 62600 Total length 14.100 km on road Srinagar Baramulla Uri NH-01 in the UT of Jammu & Kashmir under Project.Package-III,MoRTH,618202,Jammu and Kashmir,2023-03-01,2024-09-01,2026-09-01,2027-07-01,992.43,992.43,112.16,46.8,105,July 2026,FlashReport_July_2026.pdf
985,"Construction of 4 lane with paved shoulder Pattan bypass Greenfield bypass from existing Ch. Km 24320 to Km 33760 and Design Ch. from Km 24400 to Km 35300, total length 10.900 km on road SrinagarBaramulla Uri NH-01 in the UT of Jammu & Kashmir under Project BEACON, Border Roads Organization BRO on EPC mode. Package-II",MoRTH,618203,Jammu and Kashmir,2023-03-01,2024-08-01,2026-07-01,2027-02-01,980.21,980.21,132.03,57.0,105,July 2026,FlashReport_July_2026.pdf
986,Construction of realignment between Pandrass- Pashkyun Total length 27.10 km on road Zozila-Kargil -Leh NH-1 to 2 lane specifications i.e. Drass alignment 9.30 km Kharboo realignment 6.30 km & Kargil alignment 11.50 km under project Vijayak BRO in the UT of Ladakh on EPC Mode,MoRTH,618204,Jammu and Kashmir,2021-11-01,2023-06-01,2025-06-01,2027-07-01,426.15,426.15,112.2,54.89,105,July 2026,FlashReport_July_2026.pdf
987,"Construction of 4 lane with paved shoulder from Existing Ch. 14200 to 24320 Design Ch. 14200 to 24400, Ch. 33760 to 42780 Design Ch. 35300 to 44294 & Ch. 43440 to 47020 Design Ch. 44958 to 48500 Delina Flyover including construction of flyover length 1.704 km of total length 22.736 kms in AOR of 760 BRTF on road SRINAGAR BARAMULA URI NH-01 in the UT of Jammu & Kashmir under project BEACON, Border Roads Organization BRO Package-IJob No NH-1-J&K-2022-23-110",MoRTH,618205,Jammu and Kashmir,2022-06-01,2023-08-01,2025-08-01,2026-12-01,823.46,823.46,298.96,85.5,105,July 2026,FlashReport_July_2026.pdf
988,Widening and Strengthening of Rafiabad-Kupwara-Chowkibal-Tangdhar-Chamkot NH- 701 road from design Ch. From 0000 to 51000 to two lanes with paved shoulders under Project Beacon in the UT of Jammu & Kashmir on EPC mode Package-I.,MoRTH,618206,Jammu and Kashmir,2024-03-01,2024-11-01,2027-05-01,,1404.94,1404.94,160.59,41.7,105,July 2026,FlashReport_July_2026.pdf
989,Rehabilitation and upgradation to 2 lane with paved shoulder from existing chainage Km 166.100 to Km 192.98 design chainage Km 146.700 to Km 162.800 including construction of Bhimber Gali Tunnel Total Length of Tunnel 1.100 Km under 31 BRTF on Akhnoor-Poonch Roads on EPC mode NH-144A Package-VII,MoRTH,618221,Jammu and Kashmir,2021-09-01,2024-07-01,2026-07-01,2027-07-01,734.64,734.64,0.0,60.0,105,July 2026,FlashReport_July_2026.pdf
990,Widening and Strengthening up gradation to 2 lane with paved shoulder from existing chainage Km 192.98 to Km 229.820 design chainage Km 162.800 to Km 198.18 under 31 BRTF on Akhnoor-Poonch Road NH-144A in the UT of Jammu and Kashmir under Project Sampark Border Roads Organisation BRO on EPC Mode Package-VIII Job No NH-144A-J&K-2022-2023-111,MoRTH,618222,Jammu and Kashmir,2022-10-01,2024-01-01,2026-01-01,2027-03-01,562.45,562.45,158.68,71.27,106,July 2026,FlashReport_July_2026.pdf
991,Rehabilitation and up-gradation to 2 lane with paved shoulder from existing chainage km 64535 to km 85385 Design chainage km 55800 to km 74350 under 13 TF on Akhnoor-Poonch road NH-144A under Project Sampark BRO in the UT of Jammu & Kashmir on EPC mode Package-III Job no NH-144A-J&K-2019-20-79,MoRTH,618223,Jammu and Kashmir,2020-03-01,2021-09-01,2023-09-01,2026-12-01,152.93,152.93,77.62,90.06,106,July 2026,FlashReport_July_2026.pdf
992,Rehabilitation and up-gradation to 2 lane with paved shoulder from existing chainage km 49150 to km 64535 Design chainage km 46.450 to km 55.800 including construction of Sungal Tunnel Total length of Tunnel 2.79 km under 13 TF on Akhnoor-Poonch road NH-144A under Project Sampark BRO in the UT of Jammu & Kashmir on EPC mode Package-II Job no NH-144A-J&K-2019-20-78,MoRTH,618224,Jammu and Kashmir,2020-03-01,2021-08-01,2024-08-01,2026-08-01,796.97,796.97,440.97,92.1,106,July 2026,FlashReport_July_2026.pdf
993,Rehabilitation and up-gradation to 2 lane with paved shoulder from existing chainage km 134950 to km 166100 Design chainage km 116980 to km 146700 under 31 TF on Akhnoor-Poonch road NH-144A in the UT of Jammu & Kashmir under Project Sampark BRO on EPC mode Package-VI Job no NH-144A-J&K-2021-22-106,MoRTH,618225,Jammu and Kashmir,2021-07-01,2022-07-01,2024-07-01,2026-12-01,395.25,395.25,162.0,89.2,106,July 2026,FlashReport_July_2026.pdf
994,Rehabilitation and upgradation to 2 lane with paved shoulder from existing chainage Km 30.053 to Km 49.150 design chainage Km 30.000 to Km 46.450 including Kandi Tunnel under 31 BRTF on Akhnoor-Poonch Road NH-144A Under Project Sampark in the UT of Jammu & Kashmir EPC modePackage-I Job no NH-144A-J&K-2020-21-83.,MoRTH,618226,Jammu and Kashmir,2020-07-01,2022-11-01,2024-11-01,2026-12-01,272.49,272.49,160.08,95.27,106,July 2026,FlashReport_July_2026.pdf
995,Up-gradation to 2-lane with Paved Shoulder from Km 12.850 to Km20.300 of 7.450Km length on Goha-Khellani section and a link road to Goha village of 2.016 km on NH- 244 in UT of Jammu and Kashmir on EPC Mode Pkg-1,NHIDCL,618394,Jammu and Kashmir,2020-07-01,2020-10-01,2022-04-01,2026-10-01,228.39,225.37,182.21,94.26,106,July 2026,FlashReport_July_2026.pdf
996,"Construction & Upgradation to 2-lane with paved shoulder from Design Ch. Km 51700 at Premnagar km 66315 to Km 66535 New Thatri at Start of Km 83rd, Tunnel Km 82665 of 14.835 Km design length on Chenani-Sudhmahadev-Goha Khellani- Kishtwar-Vailoo Donipawa-Ashajipora section of NH-244 in the UT of J&K on EPC Mode under NHO-Gen Pkg - 2",NHIDCL,618395,Jammu and Kashmir,2021-03-01,2021-08-01,2023-02-01,2026-10-01,512.43,512.43,164.66,53.49,106,July 2026,FlashReport_July_2026.pdf
997,Widening and Up-gradation to 2-Lane with Paved Shoulder of configuration and geometric improvement from Km 0.000 to Km 16.990 on Chenani Sudhmahadev section of NH-244 in UT of Jammu and Kashmir to be executed on EPC basis,NHIDCL,618397,Jammu and Kashmir,2018-03-01,2018-11-01,2020-11-01,2025-12-01,255.9,255.9,239.96,94.06,106,July 2026,FlashReport_July_2026.pdf
998,Up-gradation to 2-lane with Paved Shoulder from Km 20.300 to Km 29.030 of 8.730 Km length on Goha-Khellani section on NH-244 in UT of Jammu and Kashmir on EPC Mode Package II,NHIDCL,618398,Jammu and Kashmir,2020-07-01,2020-10-01,2022-04-01,2026-06-01,210.79,210.79,190.27,96.95,106,July 2026,FlashReport_July_2026.pdf
999,Construction of Kishtwar bypass with 2 lane with paved shoulder from Design Km. 80.675 Dulhasti to km 95.550 Bandarkoot of 14.88 km & a link road to Kishtwar town from 0000 to 1.871 of length1.871 Km on Khellani - Kishtwar - Chattroo section in UT of Jammu and Kashmir on EPC Mode Pkg-4,NHIDCL,618399,Jammu and Kashmir,2021-03-01,2021-08-01,2023-08-01,2027-06-01,859.67,859.67,363.03,50.64,106,July 2026,FlashReport_July_2026.pdf
1000,Construction & Upgradation to 2-lane with paved shoulder from Design Km 67.805 at the end of Km 83rd Tunnel near Dhrabshalla Ex. Km 83905 to Km 80.675 start of Kishtwar Bypass - Dulhasti Ex. Km 970751 of 12.870 Km length on chenani- Sudhmahadev-Goha Khellani-Kishtwar-vailoo-Donipawa-Ashajipora seition of NH-244 in the UT of J&K on EPC Mode under NHO-Gen Pkg-3,NHIDCL,618400,Jammu and Kashmir,2021-03-01,2021-07-01,2022-12-01,2025-08-01,398.51,398.51,120.09,98.55,106,July 2026,FlashReport_July_2026.pdf
1001,Up-gradation to 4-lane with Paved Shoulder of Jammu-Akhnoor road section of NH- 144A from Ganesh Vihar Km 6.000 to Khati Chowk Km 26.350 in UT of Jammu and Kashmir on EPC basis Pkg-3A,NHIDCL,618406,Jammu and Kashmir,2018-03-01,2019-07-01,2021-07-01,2026-11-01,322.49,322.49,398.19,92.5,106,July 2026,FlashReport_July_2026.pdf
1002,Jammu-Akhnoor Road Pkg-I,NHIDCL,618407,Jammu and Kashmir,2018-03-01,2023-01-01,2025-01-01,2026-10-01,245.3,245.3,115.21,75.29,106,July 2026,FlashReport_July_2026.pdf
1003,Delhi-Amritsar-Katra Expressway Phase-II Pkg-XV [Junction with Hiranagar Road near village Gurha Baildaran to Junction with Jammu Ring Road NH-244A near Jakh village from Km 468100 to Km 503250],NHAI,618494,Jammu and Kashmir,2021-10-01,2022-09-01,2024-09-01,2026-12-01,2714.95,3716.56,1846.59,90.01,106,July 2026,FlashReport_July_2026.pdf
1004,4/6L Access Control Expressway from Design Chainage Km 515.000 to 528.300 Kunjwani to Sidhra Section of NH-44 and from Design Chainage Km 550.900 to Km 566.520 Domel to Katra Section Phase II-Package XVII,NHAI,618495,Jammu and Kashmir,2022-06-01,2023-06-01,2025-06-01,2027-11-01,2894.74,2894.74,1016.96,66.74,107,July 2026,FlashReport_July_2026.pdf
1005,Delhi-Amritsar-Katra Expressway Phase-II Pkg-XVI Existing Jakh Vijaypur-Kunjwani section of NH-44 including spur Connectivity to Jammu Airport NH-144A [Km 503500 to km 514500],NHAI,618496,Jammu and Kashmir,2021-09-01,2022-09-01,2024-09-01,2026-09-01,1821.72,2522.56,1238.6,94.14,107,July 2026,FlashReport_July_2026.pdf
1006,Delhi Amritsar Katra Expressway Phase-II Pkg XVIII Development and Upgradation of Four lane Access Control Expressway from Design Chainage KM 530.00 to KM 545.300 Sidhra to Domel Section of NH-44,NHAI,618497,Jammu and Kashmir,2022-12-01,2023-11-01,2025-11-01,2027-06-01,1025.73,975.38,631.2,70.17,107,July 2026,FlashReport_July_2026.pdf
1007,4L Ring road/bypass around Srinagar city from km 0.000 to km 42.100 Phase-I,NHAI,618541,Jammu and Kashmir,2021-03-01,2021-08-01,2024-02-01,2026-10-01,2919.96,2604.76,1832.29,89.0,107,July 2026,FlashReport_July_2026.pdf
1008,4L of existing Wayul Ganderbal Pandach Soura section of old NH-1 as a part of Srinagar Ring Road Phase IIA,NHAI,618542,Jammu and Kashmir,2024-12-01,2026-05-01,2028-05-01,2028-05-01,827.98,827.98,265.02,0.02,107,July 2026,FlashReport_July_2026.pdf
1009,4L of twin tube tunnel configuration including approaches from Marog to Digdol from Km.154.210 to Km.158.650 North Bound and from Km.155.940 to Km.160.260 South Bound of Ramban to Banihal Pkg-I of Old NH-1A New NH-44,NHAI,618543,Jammu and Kashmir,2021-07-01,2022-08-01,2025-08-01,2027-12-01,1912.17,1034.3,406.09,30.5,107,July 2026,FlashReport_July_2026.pdf
1010,"4L twin tube tunnel including approaches from Digdol to Khuni Nallah North Bound connecting with existing major bridge on NB and South Bound connecting with Tunnel T4 ,Single tube tunnel of Ramban to Banihal Pkg-II of Old NH-1A New NH-44",NHAI,618544,Jammu and Kashmir,2021-07-01,2022-02-01,2024-06-01,2026-09-01,1401.87,1020.99,1054.8,87.1,107,July 2026,FlashReport_July_2026.pdf
1011,"4L of Km.165.092 to Km.171.855 North Bound and from Km.166.895 to Km.173.638 South Bound, excl. certain reaches of North Bound and South Bound of Ramban to Banihal Pkg-III of Old NH-1A New NH-44",NHAI,618545,Jammu and Kashmir,2021-07-01,2022-02-01,2024-08-01,2027-06-01,614.48,444.76,306.05,42.8,107,July 2026,FlashReport_July_2026.pdf
1012,2L NH-1 from km 8.660 to km 33.775 Sumbal to Wayul to 4L dual carriageway NH standard as part of Srinagar Ring Road PhaseII [Design Ch. 41.907 to Ch. 66.609],NHAI,618547,Jammu and Kashmir,2022-11-01,2023-12-01,2026-06-01,2027-06-01,961.0,643.64,474.55,55.02,107,July 2026,FlashReport_July_2026.pdf
1013,Construction of twin tube tunnels on Jammu Kashmir Ring Road NH-244A Between Design Ch. 50600 to 51700 and design Ch. 53535 to 55700 on EPC mode under residual NHDP component of Bharatmala Pariyojna,NHAI,618549,Jammu and Kashmir,2022-11-01,2023-06-01,2025-06-01,2026-12-01,242.65,731.59,677.47,83.87,107,July 2026,FlashReport_July_2026.pdf
1014,Corridor Efficiency Improvement including removal of black spots in Lakhanpur - Samba section of NH-44 from Chainage Km. 16.300 to Km. 74.100,NHAI,618550,Jammu and Kashmir,2022-06-01,2022-12-01,2024-06-01,2026-12-01,855.74,215.68,203.55,74.63,107,July 2026,FlashReport_July_2026.pdf
1015,Upgradation and Strengthening of Chenani to Nashri Section via Patnitop of NH244 from Km 0.000 to Km 39.100,NHAI,618967,Jammu and Kashmir,2024-03-01,2024-08-01,2026-08-01,2027-03-01,295.06,295.06,176.25,64.88,107,July 2026,FlashReport_July_2026.pdf
1016,Construction/upgradation to 2-lane with paved shoulder from Design Km 95.55 Bandarkoot to Km. 111.06 Chattroo of 15.52 Km length on Khellani-Kishtwar-Chattroo section on NH-244 in UT of Jammu and Kashmir on EPC Mode Pkg-5,NHIDCL,619038,Jammu and Kashmir,2021-03-01,2021-08-01,2023-02-01,2026-03-01,497.09,497.09,270.82,99.97,107,July 2026,FlashReport_July_2026.pdf
1017,Widening and Strengthening of existing paveemnt to two lane with paved shoulders from km 116.00 to km 176.355 of NH-75E in the State of Jharkhand on EPC mode.,MoRTH,618060,Jharkhand,2022-01-01,2023-01-01,2024-07-01,2026-10-01,315.21,315.21,162.16,89.0,107,July 2026,FlashReport_July_2026.pdf
1018,Construction of byepass around Lohardaga town of NH-143A in the Sate of Jharkhand under EPC mode.,MoRTH,618083,Jharkhand,2022-02-01,2024-01-01,2026-01-01,2026-09-01,458.78,458.78,2.32,5.0,107,July 2026,FlashReport_July_2026.pdf
1019,Widening to 2-lane with paved shoulder from km 0.00 to 44.00 Kuru-Ghaghra section of NH-143A including re-construction of culverts and bridges.,MoRTH,618084,Jharkhand,2020-02-01,2021-08-01,2023-08-01,2026-10-01,153.01,133.67,100.77,95.0,107,July 2026,FlashReport_July_2026.pdf
1020,Construction of 2- Lane with paved shoulder from km 56.45 Dharampur More to 93.050 Pakur of NH-333A in the State of Jharkhand on EPC mode,MoRTH,618127,Jharkhand,2023-03-01,2025-11-01,2027-05-01,2027-05-01,255.73,255.73,10.06,15.0,107,July 2026,FlashReport_July_2026.pdf
1021,Widening and Reconstruction to 4-lane/4-lane with service road including structures from Pokharia More at Km 47.600 Ex. Km 50.230 to Govindpur at km 62.949 Ex. Km 65.325 of Nh-419 in the State of Jharkhand on EPC mode.,MoRTH,618242,Jharkhand,2022-05-01,2024-01-01,2026-01-01,2027-01-01,300.46,300.46,94.18,54.54,108,July 2026,FlashReport_July_2026.pdf
1022,Construction of Six lane elevated flyover including reconstruction/rehabilitation of existing pavement from Km 426230 to Km 430500 Length 4.27 Km at Nirsa in the Barwa Adda Panagarh section of NH-19 from Km.398.240 to Km.521.120 including Panagarh Bypass in the State of Jharkhand on EPC Mode.,NHAI,618534,Jharkhand,2025-01-01,2026-02-01,2028-08-01,2028-08-01,470.75,470.75,0.93,0.0,108,July 2026,FlashReport_July_2026.pdf
1023,Construction of Six lane elevated flyover including reconstruction/rehabilitation of existing pavement from Km 406100 to Km 411150 Length 5.05 Km at Gobindpur area in the Barwa Adda Panagarh section of NH-19 from Km.398.240 to Km.521.120 including Panagarh Bypass in the State of Jharkhand on EPC Mode.,NHAI,618535,Jharkhand,2025-01-01,2025-09-01,2028-03-01,2028-03-01,687.77,442.52,67.84,19.91,108,July 2026,FlashReport_July_2026.pdf
1024,4 Lane of CG/JH Border-Gumla from km 0.000 to km 32.370 of NH-43 in the State of Jhrkhand,NHAI,618641,Jharkhand,2024-08-01,2026-02-01,2028-02-01,2028-02-01,1325.8,1325.8,293.4,9.76,108,July 2026,FlashReport_July_2026.pdf
1025,4L of Palma to Gumla from km. 26.00 to km. 89.170 of NH-23,NHAI,618642,Jharkhand,2020-03-01,2022-04-01,2024-03-01,2026-09-01,1882.93,1895.75,1371.55,99.9,108,July 2026,FlashReport_July_2026.pdf
1026,4L of Ormanjhi-Gola section from Km 81.450 to Km 53.600 of NH- 320BPKG-II,NHAI,618644,Jharkhand,2022-02-01,2023-06-01,2025-06-01,2026-12-01,1214.93,1462.19,993.6,86.57,108,July 2026,FlashReport_July_2026.pdf
1027,4L of Gola-BokaroJaina More section from Km 53.600 to Km 21.110 of NH-320PKG-1,NHAI,618645,Jharkhand,2022-02-01,2023-06-01,2025-06-01,2026-10-01,1007.97,1030.64,617.85,78.1,108,July 2026,FlashReport_July_2026.pdf
1028,6 Lane Greenfield Varanasi- Ranchi- Kolkata Highway from Donoreshan village to junction with NH-20 in Bongabar village from km 288.600 to km 325.500 Pkg -11,NHAI,618729,Jharkhand,2023-03-01,2026-07-01,2028-07-01,2028-07-01,1856.12,1856.12,261.78,0.0,108,July 2026,FlashReport_July_2026.pdf
1029,6 Lane Greenfield Varanasi- Ranchi- Kolkata Highway from Deoria village to Donoreshan village from km 253.000 to km 288.600 Pkg -10,NHAI,618730,Jharkhand,2023-03-01,2026-05-01,2028-05-01,2028-05-01,1546.27,1546.27,183.44,5.65,108,July 2026,FlashReport_July_2026.pdf
1030,6 Lane Greenfield Varanasi- Ranchi- Kolkata Highway from Chatra to junction with NH- 100 in Deoria village from km 222.000 to km 253.000 Pkg -9,NHAI,618731,Jharkhand,2023-03-01,2026-07-01,2028-07-01,2028-07-01,1418.16,1418.16,143.72,0.0,108,July 2026,FlashReport_July_2026.pdf
1031,6L Greenfield Varanasi- Ranchi- Kolkata Highway from junction with NH-20 in Bongabar village to junction with NH-30 in Lepo village from km 325.500 to km 358.500 Pkg -12,NHAI,618733,Jharkhand,2023-03-01,2026-07-01,2028-07-01,2028-07-01,1525.52,1525.52,218.28,0.1,108,July 2026,FlashReport_July_2026.pdf
1032,4L Elevated corridor of Kalimandir-Dimna Chowk-Baliguma Jamshedpur Section of NH-33 New NH-18 from km 241940 to km 251961 Length 10.021 km,NHAI,618736,Jharkhand,2024-03-01,2024-09-01,2027-03-01,2027-03-01,936.26,832.2,328.76,49.5,108,July 2026,FlashReport_July_2026.pdf
1033,Grade separated Interchanges at Km. 113.730 junction with Ranchi Hazaribagh Road & Km. 139.225 junction with Ranchi Jamshedpur road on 4L Ranchi Bypass of NH-33,NHAI,618737,Jharkhand,2025-01-01,2025-12-01,2027-12-01,2027-12-01,303.53,5.58,4.98,0.0,108,July 2026,FlashReport_July_2026.pdf
1034,4L from Km 147.450 Bhogu to Km 196.870 Sankha on NH-75 Sec-III,NHAI,618830,Jharkhand,2022-10-01,2023-11-01,2025-11-01,2027-03-01,1517.87,1652.09,1131.52,76.95,108,July 2026,FlashReport_July_2026.pdf
1035,4L from Km 95.400 Udaipura to Km 147.450 Bhogu on NH-75 Sec-II,NHAI,618831,Jharkhand,2023-03-01,2024-10-01,2026-10-01,2027-03-01,1436.8,1301.54,419.62,29.2,108,July 2026,FlashReport_July_2026.pdf
1036,4L from Km 55.00 Kuru to Km 95.400 Udaipura on NH-75 Sec-I,NHAI,618832,Jharkhand,2024-02-01,2026-01-01,2028-01-01,2028-01-01,1274.82,1274.82,253.64,11.1,108,July 2026,FlashReport_July_2026.pdf
1037,Barhi-Koderma Section of NH31 km 0.00 - km 27.5,NHAI,618863,Jharkhand,2017-02-01,2019-11-01,2024-08-01,2026-08-01,662.44,826.59,825.2,98.5,108,July 2026,FlashReport_July_2026.pdf
1038,4L of NH-80 from km 215.00 to km 260.00 Mirza Chauki to Farkka Pkg-I,NHAI,618947,Jharkhand,2018-03-01,2021-12-01,2023-07-01,2026-10-01,1504.8,1508.21,1038.65,91.83,108,July 2026,FlashReport_July_2026.pdf
1039,4L of Basukinath- Deoghar Section of NH-114A,NHAI,618949,Jharkhand,2022-09-01,2023-12-01,2025-12-01,2026-08-01,1444.94,1553.76,781.51,90.53,108,July 2026,FlashReport_July_2026.pdf
1040,Construction of Bypass to NH-114A Connecting NH-333 and NH-133 Deoghar Bypass from design km 0.000 to design Km 49.000,NHAI,618950,Jharkhand,2024-11-01,2026-01-01,2028-01-01,2028-01-01,1565.47,1565.47,106.04,12.0,109,July 2026,FlashReport_July_2026.pdf
1041,Construction of bypass around Chatra Town on NH-22 old NH-99 in the state of Jharkhand under EPC Mode,MoRTH,619005,Jharkhand,2023-03-01,2026-01-01,2028-01-01,2028-01-01,235.42,199.2,0.86,13.0,109,July 2026,FlashReport_July_2026.pdf
1042,"Construction of Elevated corridor from Km. 135.650 to 136.300 on 63, from Km. 249 to Km. 250.050 on old NH-4 and from Km. 192.910 to Km. 193.350 on NH-218 from decongestion of traffic in Ranichennamma circle in Hubli city in the state of Karnataka on EPC basis",MoRTH,617935,Karnataka,2020-08-01,2021-06-01,2024-06-01,2026-11-01,298.0,349.49,232.09,65.0,109,July 2026,FlashReport_July_2026.pdf
1043,Construction of Srinivasapura Bypass from existing Km 453.890 Design Ch. 0000 to existing Km 461.450 Design Ch 10080 on NH-69 in the State of Karnataka Under NH O in EPC mode under Annual Plan 2022-23 NH-69-KNT-2022-23-966 dated 22.11.2022,MoRTH,617950,Karnataka,2022-11-01,2025-07-01,2027-01-01,2027-01-01,204.42,204.42,9.76,22.0,109,July 2026,FlashReport_July_2026.pdf
1044,Construction of Chintamani Bypass from Design Ch.0000 Existing Ch.428880 to Design Ch.15400 Existing Ch.444010 on NH-69 in the State of Karnataka in EPC Mode under NHO Annual Plan 2022-23. NH-69-KNT-2022-23-989 dated 24.03.2023,MoRTH,617951,Karnataka,2023-03-01,2026-01-01,2027-07-01,2027-07-01,314.55,314.55,7.02,14.0,109,July 2026,FlashReport_July_2026.pdf
1045,Widening to two lane with paved Shoulders from Km 40.00 to Km 75.00 Existing chainages of Mangalore - Tumkur section of NH-73 in the State of Karnataka on EPC Mode under Annual Plan 2021-22 Job No NH-73-KNT-2021-22-945,MoRTH,617955,Karnataka,2022-03-01,2023-03-01,2025-03-01,2026-12-01,718.52,718.52,312.83,85.0,109,July 2026,FlashReport_July_2026.pdf
1046,Construction of Major Bridge at Km.180.865 across river Krishna on NH 167 Hagari Jadcherla section,MoRTH,617989,Karnataka,2019-03-01,2019-05-01,2021-11-01,2027-04-01,157.32,187.61,103.33,69.0,109,July 2026,FlashReport_July_2026.pdf
1047,Widening of existing 2 lane to 4 lane with paved shoulder from Designed km 25.15 to km 56.70 Except Km 52.70 to 53.50 of NH-169 Nellisara Camp to Thirthahalli of NH- 169 on Shimoga-Mangalore section in the state of Karnataka on EPC mode under Annual plan 2022-23 NH-169-KNT-2022-23-978 dated 08.03.2023,MoRTH,617997,Karnataka,2023-03-01,2026-02-01,2028-02-01,2028-02-01,538.71,538.71,20.63,6.0,109,July 2026,FlashReport_July_2026.pdf
1048,Widening to existing 2 lane with paved Shoulder to 4 Lane with paved shoulder from design Km 153.00 to 168.27 Mala Gate to Karkala of NH -169 on Shimoga - Mangalore section in the state of Karnataka on EPC mode under Annula Plan 2021-22 Job No. NH-169-KNT-2021-22-949,MoRTH,617998,Karnataka,2022-03-01,2023-02-01,2025-02-01,2026-11-01,177.94,177.94,115.6,83.0,109,July 2026,FlashReport_July_2026.pdf
1049,Widening to 2LPS from Km 67 to Km 115 on Kadur-Hosadurga section NH 173 in the state of Karnataka NH-173-KNT-2022-23-980 dated 13.03.2023,MoRTH,617999,Karnataka,2023-03-01,2024-10-01,2026-05-01,2027-04-01,471.62,471.62,91.74,69.54,109,July 2026,FlashReport_July_2026.pdf
1050,Widening to 2-Lane with Paved Shoulders from Km 116.800 to 149.070Design Changes on Hosadurga - Holalkere Section of NH-173 in the State of Karnataka on EPC mode under Annual Plan 2021-22 Job no. NH-173-KNT-2021-22-946,MoRTH,618000,Karnataka,2022-03-01,2022-10-01,2024-02-01,2026-06-01,170.34,147.39,111.33,100.0,109,July 2026,FlashReport_July_2026.pdf
1051,Widening to 2LPS from Km 71.00 to 104.00 Existing chainages Sarjapur to Pattadkallu on Bhanapur to Gaddanakeri section NH-367 in the State of Karnataka under NHO on EPC mode under Annual Plan 2022-23 NH-367-KNT-2022-23-972 dated 08.02.2023,MoRTH,618027,Karnataka,2023-02-01,2024-03-01,2026-03-01,2026-12-01,445.62,445.62,198.15,90.0,109,July 2026,FlashReport_July_2026.pdf
1052,"Construction of Bypass at Kuknoor, Yelburga, Gajendragada of Bhanapur Gaddanakeri section of NH-367 in the State of Karnataka under NHO on EPC mode under Annual Plan 2022-23. NH-367-KNT-2022-23-973 dated 08.02.2023",MoRTH,618028,Karnataka,2023-02-01,2025-06-01,2027-06-01,2027-06-01,333.96,333.96,63.62,36.0,109,July 2026,FlashReport_July_2026.pdf
1053,Widening to 4 lane from Km. 133.00 to 158.04 design Chainage Km. 130.88 to 155.145 Shirur Cross to Gaddankeri of NH-367 in the State of Karnataka on EPC mode. Job No. NH-367-KNT-2021-22-930,MoRTH,618029,Karnataka,2022-01-01,2023-01-01,2025-01-01,2027-03-01,350.69,312.06,203.12,83.33,109,July 2026,FlashReport_July_2026.pdf
1054,Balance work of Construction of Two/Four lane with paved shoulder from Km 422.000 to 523.600 Chitradurga to Shivamogga of NH-13 in the state of Kanataka on EPC mode.,MoRTH,618031,Karnataka,2021-01-01,2021-12-01,2025-12-01,2026-08-01,516.96,516.96,121.75,98.0,109,July 2026,FlashReport_July_2026.pdf
1055,"Widening to Two Lane with Paved Shoulders from KB Cross to Chunchanahalli ie., Design Ch. 485240 Km Existing Km 494.000 to Design Ch. 523393 Km Existing km 533.152 & From Design Ch. 530393 Existing Km 540.175 to Design Ch. 534476 Existing Km 544.200 at Nelligere of NH-150A on EPC mode under Annual Plan 2022-23 NH-150A-KNT-2022-23-977 dated 08.03.2023",MoRTH,618086,Karnataka,2023-03-01,2025-07-01,2027-01-01,2027-01-01,617.28,617.28,8.03,48.5,110,July 2026,FlashReport_July_2026.pdf
1056,Widening to intermediate/two lane to 2 lane with paved shoulder from Existing chanages Km 112.750 to 142.00 Liingasur to Mudabal cross & from Km. 147.070 to Km. 149.070 Maski city limit of Jewargi Chamrajnagar setion of NH-150A in the state of Karnataka on EPC mode. Job No. NH-150A-KNT-2021-22-951,MoRTH,618087,Karnataka,2022-03-01,2023-01-01,2024-07-01,2026-08-01,255.88,255.88,185.27,96.0,110,July 2026,FlashReport_July_2026.pdf
1057,Widening to Two Lane with Paved Shoulders from Km 0.00 Design Chainage 0.00 to Km 23.338 Design Chainage 23310 of NH-166E MH/KNT Border- Kanamadi- Bijjargi- Tikota section in the state of Karnataka in EPC Mode under Annual plan 2022-23 NH- 166E-KNT-2022-23-974,MoRTH,618095,Karnataka,2023-02-01,2024-09-01,2026-03-01,2027-03-01,196.05,196.05,72.94,75.0,110,July 2026,FlashReport_July_2026.pdf
1058,Widening to 4 lane from Km 51.60 to 76.20 Hebri to Parkala and from Km 85.20 to 88.90 Karavali junction to Malpe of Thirthahalli-Udupi-Malpe Section of NH-169A in the State of Karnataka on EPC Mode under Annual plan 2021-22 Job No. NH-169A- KNT-2021-22-927,MoRTH,618109,Karnataka,2022-01-01,2022-12-01,2024-12-01,2026-11-01,355.72,355.72,217.46,88.33,110,July 2026,FlashReport_July_2026.pdf
1059,Widening to 2 Lane with Paved Shoulders from design Km 103.200 Existing Km 103.200 to design Km 116.700 Existing Km 118.470 on AP/KNT Border to Sira Section of NH-544E in the State of Karnatakaon EPC mode under Annual plan 2022- 23,MoRTH,618147,Karnataka,2023-01-01,2024-03-01,2025-09-01,2026-08-01,166.58,166.58,46.69,65.0,110,July 2026,FlashReport_July_2026.pdf
1060,Widening to 4LPS of NH-548B from Km 80.000 Near Murgundi to Km 140.200 Near Chikkodi excluding length from Km 118.450 to Km 128.450 in the State of Karnataka under NH O on EPC Mode under Annual Plan 2022-23 - Package 1 NH-548B-KNT- 2022-23-979 dated 09.03.2023,MoRTH,618148,Karnataka,2023-03-01,2026-04-01,2028-04-01,2028-04-01,785.79,785.79,6.15,0.0,110,July 2026,FlashReport_July_2026.pdf
1061,Widening to two lane with paved shoulders from Km 0.00 to 102.310 Design Chainage of NH-548B Murrum-Maharashtra Border in the State of Karnataka,MoRTH,618149,Karnataka,2023-02-01,2025-01-01,2027-01-01,2027-01-01,957.09,957.09,288.23,60.21,110,July 2026,FlashReport_July_2026.pdf
1062,Widening to 4LPS of NH-548B from Km 118.450 Near Shirguppi to Km 128.450 Near Ankali in the State of Karnataka under NH O on EPC Mode Under Annual Plan 2022- 23 NH-548B-KNT-2022-23-982,MoRTH,618151,Karnataka,2023-03-01,2026-05-01,2029-05-01,,1084.29,1084.29,1.71,0.0,110,July 2026,FlashReport_July_2026.pdf
1063,Construction of 2 Lane with paved shoulder from km 55.6 to km 90.7 existing chainages of NH-766C complete Realignment of 13.76 km with 2 major Bridges across Sharavathi Backwaters on EPC mode under Annual Plan 2022-23 in the state of Karnataka NH-766C-KNT-2022-23 dated 14.10.2022,MoRTH,618184,Karnataka,2023-01-01,2024-02-01,2026-02-01,2027-12-01,313.56,313.56,160.08,65.0,110,July 2026,FlashReport_July_2026.pdf
1064,Widening to 2LPS from Km 0.000 to 37.850 Except Ex. Km 24.45 to 27.20 of NH-766c Byndoor-Ranebennur Section in the state of Karnataka on EPC Mode under Annual Plan 2022-23 NH-766C-KNT-2022-23-969 dated 30.12.2022,MoRTH,618185,Karnataka,2022-12-01,2025-08-01,2027-08-01,2027-08-01,394.95,394.95,15.68,12.0,110,July 2026,FlashReport_July_2026.pdf
1065,Widening to two lane with paved shoulder of NH-73New spur road Ujire - Dharmasthala - Periyashanthi in the State of Karnataka under NHO on HAM Mode Job No. NH-73Spur-KNT-2023-24-996,MoRTH,618189,Karnataka,2024-01-01,2025-11-01,2027-11-01,2027-11-01,613.65,613.65,66.04,25.18,110,July 2026,FlashReport_July_2026.pdf
1066,4/6L of Bangalore - Pune Section of bypass connecting Dharwad - Hubli from km. 403.80 to km. 433.20,NHAI,618517,Karnataka,2021-12-01,2023-03-01,2025-09-01,2027-05-01,1135.39,763.36,744.42,83.19,110,July 2026,FlashReport_July_2026.pdf
1067,Davanagere - Haveri of NH-48 Old NH-4 from km. 260.00 to km. 338.923,NHAI,618518,Karnataka,2017-01-01,2018-01-01,2020-07-01,2026-12-01,1454.67,1805.84,1273.5,98.87,110,July 2026,FlashReport_July_2026.pdf
1068,4L of km 0.00 to km 42.00 of Dobbaspet to Doddaballapura Bypass section of NH-648 old NH-207] [Bangalore Ring Road Pkg 1],NHAI,618520,Karnataka,2020-08-01,2021-04-01,2023-04-01,2026-09-01,1438.74,1786.57,1294.84,99.2,110,July 2026,FlashReport_July_2026.pdf
1069,6L of MH/KN Border Nimbal Village to KN/TS Border Singnodi Village from Km. 26.000 to Km. 97.000 in Gulbarga of NH-150C Pkg-II,NHAI,618630,Karnataka,2022-02-01,2022-12-01,2025-06-01,2026-12-01,2355.56,1923.3,1012.1,81.35,110,July 2026,FlashReport_July_2026.pdf
1070,4 Lane with PS from Des. Ch 228.500 to Des. Ch. 273.400 of Belgaum-Hungund- Raichur Section of NH 748 A Package-6,NHAI,618649,Karnataka,2023-03-01,2024-11-01,2026-11-01,2027-06-01,1246.15,1012.78,399.31,53.8,111,July 2026,FlashReport_July_2026.pdf
1071,4 Lane with PS from Des. Ch 89.900 to Des. Ch. 136.100 of Belgaum-Hungund- Raichur Section of NH-748A Package-3,NHAI,618650,Karnataka,2024-01-01,2025-04-01,2027-04-01,2028-02-01,1363.9,1219.62,306.09,24.5,111,July 2026,FlashReport_July_2026.pdf
1072,4 Lane with PS from Des. Ch 43.800 to Des. Ch. 89.900 of Belgaum-Hungund- Raichur Section of NH-748A Package-2,NHAI,618651,Karnataka,2024-02-01,2025-03-01,2027-02-01,2027-07-01,1427.88,1293.94,594.55,58.7,111,July 2026,FlashReport_July_2026.pdf
1073,4LPS Access Controlled Highway of Bellary Bypass Balance work from Ch. 254750 to Ch. 266837 and construction of 4LPS from Ch. 277.690 to Ch. 278.690 at D. Hirehal Village Balance work of NH 150A of Bellary Byrapura Section,NHAI,618697,Karnataka,2024-02-01,2024-08-01,2026-07-01,2027-10-01,626.01,284.05,113.26,38.97,111,July 2026,FlashReport_July_2026.pdf
1074,4L of Addahole Near Gundya to Bantwal Cross section Pkg-02 from Design Km 270.270 to Design km 318.55 including flyover at Kalladka Town including approaches from Km. 311.57 to Km. 313.67 of NH-75 Old NH-48,NHAI,618702,Karnataka,2020-12-01,2021-11-01,2023-11-01,2027-04-01,1660.19,1318.24,1452.0,94.21,111,July 2026,FlashReport_July_2026.pdf
1075,Bangalore-Nidagatta Pkg. I,NHAI,618706,Karnataka,2018-02-01,2019-05-01,2021-11-01,2026-09-01,3496.01,4087.42,4315.21,99.19,111,July 2026,FlashReport_July_2026.pdf
1076,Additional works under BM1 to ensure road safety under 6L of Bengaluru Mysuru Access control with close toll from Km.17.300 to Km.136.300 of NH-275,NHAI,618707,Karnataka,2024-11-01,2026-01-01,2028-01-01,2028-05-01,738.37,738.37,32.83,12.67,111,July 2026,FlashReport_July_2026.pdf
1077,4L of Left-Over Works of Hospet-Bellary -Karnataka/AP border from Km.280.080 Dec.Ch. to Km.375450Des.Ch. of NH-63 New-67,NHAI,618709,Karnataka,2023-03-01,2023-05-01,2025-05-01,2028-04-01,1340.15,992.6,929.02,92.51,111,July 2026,FlashReport_July_2026.pdf
1078,Belakeri Port to Kumta - Sirsi road from km 0.00 - km 4.265 of Belekeri Port Road Link Rd. and km 4.965 - km 60.00 of SH-69,NHAI,618799,Karnataka,2018-03-01,2020-12-01,2022-12-01,2026-11-01,440.16,456.79,471.12,95.23,111,July 2026,FlashReport_July_2026.pdf
1079,4L PS from near Hemmige Village Periyapatna - Hassan Road Jn. to near Hunsur - KR Nagar Jn section from Km. 144.900 to Km. 169.000 of NH-275 Pkg. III,NHAI,618870,Karnataka,2023-02-01,2025-04-01,2027-04-01,2028-01-01,883.62,1726.65,447.11,27.8,111,July 2026,FlashReport_July_2026.pdf
1080,4L PS from Near Guddehosur to Start of Kushalnagara Bypass to near Hemmige Village Periyapatna - Hassan Road Jn from Km. 122.200 to Km. 144.900 of NH-275 Pkg. II,NHAI,618871,Karnataka,2023-02-01,2025-12-01,2027-12-01,2028-05-01,909.86,896.42,325.85,14.53,111,July 2026,FlashReport_July_2026.pdf
1081,4L PS from near Hunsur - KR Nagar Junction to near Yalachahalli village KR Nagara - Yelawala Road Junction fcrom Km 169.000 to Km 195.550 of NH-275 Pkg-IV,NHAI,618872,Karnataka,2023-02-01,2025-04-01,2027-04-01,2028-03-01,1062.76,952.03,272.55,19.58,111,July 2026,FlashReport_July_2026.pdf
1082,4L PS from near Yalachahalli village KR Nagara - Yelawala Road junction to Srirangapatna Bypass Near Paschima Vahini from km 195.550 to Km 214.535 of NH- 275 Pkg-V,NHAI,618873,Karnataka,2023-01-01,2025-04-01,2027-04-01,2028-04-01,1272.71,1203.2,462.59,17.36,111,July 2026,FlashReport_July_2026.pdf
1083,4L of Bettadahalli- Shivamogga section from Km.170.415 to km. 226.750 of NH-206 Tumkur- Shivamogga Pkg-IV,NHAI,618887,Karnataka,2019-01-01,2021-10-01,2023-10-01,2027-03-01,2082.98,2545.11,1645.24,84.25,111,July 2026,FlashReport_July_2026.pdf
1084,4L of Sannur to Bikarnakatte section from Km 691.350 to Km 736.362 of NH-169 Karkala - Mangalore Package-III,NHAI,618896,Karnataka,2021-03-01,2022-10-01,2024-10-01,2027-04-01,1386.41,2038.71,1251.68,76.1,111,July 2026,FlashReport_July_2026.pdf
1085,4L Expressway from Km 26.400 to km 53.500 of Malur to Bangarpet section of Bangalore-Chennai Expressway Phase-I Package-II,NHAI,619065,Karnataka,2020-12-01,2021-09-01,2023-09-01,2026-09-01,1745.0,1729.63,1103.49,99.8,111,July 2026,FlashReport_July_2026.pdf
1086,Tumkur - Nelamangala 6L,NHAI,619071,Karnataka,2021-03-01,2022-08-01,2025-08-01,2027-03-01,2032.15,1664.2,1086.24,61.36,111,July 2026,FlashReport_July_2026.pdf
1087,Bangalore/TN border to Hoskote,NHAI,619072,Karnataka,2022-02-01,2023-02-01,2025-02-01,2026-11-01,1181.68,1297.76,1153.14,94.89,111,July 2026,FlashReport_July_2026.pdf
1088,4L of 42.000 to km 80.00 of Dodaballapur Bypass to Hoskote section of NH-648 Old NH-207 [Bangalore Ring Road Pkg 2],NHAI,619073,Karnataka,2020-02-01,2021-02-01,2023-02-01,2026-09-01,1317.74,1846.52,1367.2,99.2,112,July 2026,FlashReport_July_2026.pdf
1089,Goa / Karnataka Km.93.700 to Kundapur Km.283.30,NHAI,619096,Karnataka,2012-07-01,2014-03-01,2016-08-01,2026-10-01,1644.92,1990.99,1849.51,97.94,112,July 2026,FlashReport_July_2026.pdf
1090,4 Lane with PS from Des. Ch 182.300 to Des. Ch. 228.500 of Belgaum-Hungund- Raichur Section of NH 748 A Package-5,NHAI,619106,Karnataka,2023-03-01,2024-11-01,2026-11-01,2027-08-01,1141.88,868.65,255.41,40.63,112,July 2026,FlashReport_July_2026.pdf
1091,4 Lane with PS from Des. Ch 136.100 to Des. Ch. 182.300 of Belgaum-Hungund- Raichur Section of NH-748A Package-4,NHAI,619107,Karnataka,2024-02-01,2025-09-01,2027-09-01,2028-04-01,1311.41,1123.35,227.73,15.0,112,July 2026,FlashReport_July_2026.pdf
1092,4 Lane with PS from Des. Ch 0.000 to Des. Ch. 43.800 of Belgaum-Hungund-Raichur Section of NH-748A Package-1,NHAI,619108,Karnataka,2024-02-01,2025-06-01,2027-06-01,2027-10-01,1452.43,1256.55,490.31,40.21,112,July 2026,FlashReport_July_2026.pdf
1093,Hassan km 184.912 to Maranahally km 230.060 of NH - 75 in Karnataka,NHAI,619117,Karnataka,2015-12-01,2017-03-01,2019-03-01,2026-08-01,1021.57,1091.4,1068.91,97.8,112,July 2026,FlashReport_July_2026.pdf
1094,Nidagatta-Mysore Pkg II,NHAI,619120,Karnataka,2018-02-01,2019-12-01,2022-06-01,2026-09-01,2919.8,4113.89,3715.84,99.19,112,July 2026,FlashReport_July_2026.pdf
1095,Yekkambi-Haveri,NHAI,619138,Karnataka,2021-09-01,2022-03-01,2024-03-01,2028-02-01,294.62,309.9,94.8,24.7,112,July 2026,FlashReport_July_2026.pdf
1096,BRT Tiger Reserve Boundary Km.287.500 to Bangalore Section Km.458.420 of NH- 209 in Karnataka,NHAI,619150,Karnataka,2016-04-01,2017-08-01,2019-08-01,2026-09-01,2082.69,2859.93,2242.71,99.7,112,July 2026,FlashReport_July_2026.pdf
1097,Belgaum-Khanapur Pkg I Km 0.000-Km 30.800 of NH-4A,NHAI,619164,Karnataka,2018-03-01,2019-03-01,2021-09-01,2027-03-01,1214.3,1195.74,917.82,75.72,112,July 2026,FlashReport_July_2026.pdf
1098,6L of MH/KN Border Nimbal Village to KN/TS Border Singnodi Village from Km. 97.000 to Km. 162.500 in Yadgir of NH-150C Pkg-III,NHAI,619211,Karnataka,2022-03-01,2023-04-01,2025-10-01,2026-11-01,2104.7,2065.83,984.28,73.9,112,July 2026,FlashReport_July_2026.pdf
1099,4L of Channarayapatna Bypass and Hassan Bypass with structures in Devihalli - Hassan section,NHAI,619214,Karnataka,2020-04-01,2021-01-01,2023-01-01,2026-10-01,688.0,684.54,600.43,82.34,112,July 2026,FlashReport_July_2026.pdf
1100,4L Tumkur-Shimoga Pkg-I from Mallasandra to Karadi village of NH-206 from Km. 12.300 to Km. 65.195,NHAI,619218,Karnataka,2018-02-01,2019-10-01,2021-10-01,2026-08-01,1364.14,1692.12,1336.55,100.0,112,July 2026,FlashReport_July_2026.pdf
1101,4L of Tumkur-Shimoga Pkg-II from Km 65.195 Karadi to Km 121.900 Banawara of NH-206,NHAI,619219,Karnataka,2018-02-01,2019-10-01,2021-10-01,2026-12-01,1505.85,1989.89,1298.78,99.98,112,July 2026,FlashReport_July_2026.pdf
1102,Tumkur-Shimoga Pkg-III from Km 121.900 Banawara to Km 170.415 Bettadahalli of Old NH-206,NHAI,619220,Karnataka,2018-02-01,2021-03-01,2023-03-01,2026-12-01,1444.5,1834.81,872.97,98.0,112,July 2026,FlashReport_July_2026.pdf
1103,Widening to 2 Lanes with paved shoulders from Km.87/000 to 133/720 Nattukal to Thanau Jn. in Palakkad of NH-966 Old NH-213 on EPC mode Basis under NHO Annual Plan 2016-17 in the state of Kerala,MoRTH,618070,Kerala,2017-02-01,2017-08-01,2019-08-01,2026-06-01,294.28,315.63,0.0,98.0,112,July 2026,FlashReport_July_2026.pdf
1104,6L of Chengala - Neeleshwaram from km. 56.200 to km. 93.468,NHAI,618595,Kerala,2020-06-01,2021-10-01,2024-04-01,2027-03-01,1746.45,2538.06,1447.45,90.82,112,July 2026,FlashReport_July_2026.pdf
1105,6L of Taliparamba to Muzhappilangad from Km 134.650 to Km 170.6 of NH-66,NHAI,618596,Kerala,2020-08-01,2021-11-01,2024-05-01,2028-01-01,2714.6,3557.65,2020.35,83.7,112,July 2026,FlashReport_July_2026.pdf
1106,6L of Azhiyur-Vengalam from km. 189.200 to km. 230.400 of NH-66,NHAI,618597,Kerala,2020-10-01,2021-10-01,2024-07-01,2028-03-01,3205.77,3898.46,2406.73,60.07,112,July 2026,FlashReport_July_2026.pdf
1107,6L Minor Bridge Paloli Palam at km. 203.160 & Major Bridge Morad at km. 204.895 and allied works,NHAI,618598,Kerala,2020-03-01,2020-12-01,2022-06-01,2026-09-01,210.0,216.94,190.46,100.0,112,July 2026,FlashReport_July_2026.pdf
1108,6L of Ramanatukkara Junction to start of Valanchery bypass section of NH-66,NHAI,618599,Kerala,2021-01-01,2022-01-01,2024-07-01,2026-08-01,4919.46,4919.46,3765.27,100.0,113,July 2026,FlashReport_July_2026.pdf
1109,6L of Valanchery bypass to Kappirikkad of NH 66 from km. 298500 to km 335850,NHAI,618600,Kerala,2021-02-01,2022-01-01,2024-07-01,2026-08-01,4023.94,4023.94,2592.92,100.0,113,July 2026,FlashReport_July_2026.pdf
1110,6L of Kappirikkad to Thalikulam section from km 335.85 to km 369.015 of NH - 66 old NH-17,NHAI,618601,Kerala,2021-06-01,2022-09-01,2025-01-01,2027-06-01,4225.59,4225.59,3345.3,95.27,113,July 2026,FlashReport_July_2026.pdf
1111,6L of Thalikulam to Kodugallur section from km 369.015 to km 397.850 of NH - 66 old NH-17,NHAI,618602,Kerala,2021-06-01,2022-09-01,2025-02-01,2027-06-01,4302.06,4302.06,3312.68,95.05,113,July 2026,FlashReport_July_2026.pdf
1112,6L of Kodugallur to Edapppally section from km 397.750 to km 423.780 of NH - 66 old NH-17,NHAI,618603,Kerala,2021-11-01,2022-10-01,2025-04-01,2027-05-01,3465.82,3606.2,2178.55,71.11,113,July 2026,FlashReport_July_2026.pdf
1113,Aroor-Thuravoor Thekku,NHAI,618604,Kerala,2022-08-01,2023-02-01,2026-01-01,2026-12-01,2429.52,2382.83,1802.58,91.63,113,July 2026,FlashReport_July_2026.pdf
1114,Thuravoor Thekku-Paravoor,NHAI,618605,Kerala,2021-09-01,2022-03-01,2024-09-01,2027-05-01,2878.97,2638.67,2514.83,81.49,113,July 2026,FlashReport_July_2026.pdf
1115,Paravoor-Kottankulangara,NHAI,618606,Kerala,2021-12-01,2022-08-01,2025-02-01,2027-03-01,3273.61,3200.24,2858.55,71.2,113,July 2026,FlashReport_July_2026.pdf
1116,Kottankulangara- Start of Kollam Bypass,NHAI,618607,Kerala,2021-06-01,2022-04-01,2024-10-01,2027-03-01,2842.14,3680.49,2373.2,73.89,113,July 2026,FlashReport_July_2026.pdf
1117,Widening/Development of Existing NH-85 from Km 0.000 to Km 124.636 section to 2L/LPS section in the state of Kerala on EPC Mode under Bharatmala Pariyojana,NHAI,618708,Kerala,2022-09-01,2023-06-01,2025-06-01,2027-03-01,1187.47,1265.47,782.54,81.98,113,July 2026,FlashReport_July_2026.pdf
1118,Kozhikode Bypass Calicut Bypass Vengalam Jn. to Ramanattukara Jn.,NHAI,619098,Kerala,2018-02-01,2021-02-01,2023-02-01,2026-08-01,1424.77,2139.18,1066.67,98.75,113,July 2026,FlashReport_July_2026.pdf
1119,6L of Perole Nileshwar town to Taliparamba from Km 94.248 to Km 134.650 of NH-66,NHAI,619206,Kerala,2020-06-01,2021-10-01,2024-01-01,2027-03-01,3041.65,3867.66,2526.45,86.65,113,July 2026,FlashReport_July_2026.pdf
1120,Start of Kollam Bypass - Kadambattukonam,NHAI,619207,Kerala,2021-06-01,2022-10-01,2025-03-01,2027-06-01,2641.37,3309.06,1990.71,81.8,113,July 2026,FlashReport_July_2026.pdf
1121,Kadambattukonam-Kazhakuttom,NHAI,619208,Kerala,2021-12-01,2022-07-01,2025-01-01,2027-05-01,3635.64,3526.33,2124.13,44.34,113,July 2026,FlashReport_July_2026.pdf
1122,Kargil Zanskar Road,NHIDCL,618408,Ladakh,2021-03-01,2021-07-01,2023-01-01,2026-08-01,398.37,398.37,337.19,97.1,113,July 2026,FlashReport_July_2026.pdf
1123,Widening & Up-gradation to 2 lane with Paved shoulder of NH-301 Kargil- Zanskar Road from Design km 57.000 Ex. Km. 57.905 to Km 87.000 Ex. Km. 88.2491 of 30.000 Km length Pkg-lll,NHIDCL,618409,Ladakh,2021-03-01,2021-07-01,2023-01-01,2026-08-01,381.01,381.01,313.34,91.01,113,July 2026,FlashReport_July_2026.pdf
1124,Widening & Up-gradation to 2 lane with paved shoulder of NH-301 Kargil- Zanskar Road from Design Km .30.040 Ex. Km. 30.000 to Design Km 57.000 Ex. Km. 57.905 of 26.960 Km length Pkg-II,NHIDCL,618410,Ladakh,2021-03-01,2021-07-01,2023-01-01,2026-10-01,404.89,404.89,360.06,84.94,113,July 2026,FlashReport_July_2026.pdf
1125,Construction of Rewa Bypass to 4-lane with paved shoulder along with service road from Ratahara Chowk to Chorhata Chowk Road section of NH-30 from km 00.000 to 19.200 in the State of Madhya Pradesh on Hybrid Annuity Mode HAM.,MoRTH,617909,Madhya Pradesh,2024-03-01,2025-02-01,2027-02-01,2027-02-01,648.05,648.05,0.0,50.0,113,July 2026,FlashReport_July_2026.pdf
1126,Rehabilitation and upgradation Umaria to Shahdol section of NH-78 from Existing Km. 68/4 to Km. 142/2 to 2LPS including construction of Birshinghpur and Shahdol Bypass on EPC mode under NHDP-IVA,MoRTH,617911,Madhya Pradesh,2015-03-01,2015-08-01,2017-07-01,2026-08-01,511.83,613.16,0.0,94.5,113,July 2026,FlashReport_July_2026.pdf
1127,Upgradation and reconstruction of Shahpura-Dindori Section of NH 45 from Km 103.700 Design to Km 164.580 Design including 3 bypasses Total length 60.88km to Two lane with paved shoulder configuration along with One time improvement in 03 nos of bypassed built-up areas in a total length of 12.341 km in the State of Madhya Pradesh on EPC mode,MoRTH,617914,Madhya Pradesh,2022-03-01,2024-01-01,2025-12-01,2027-06-01,241.23,250.09,50.78,41.25,114,July 2026,FlashReport_July_2026.pdf
1128,Upgradation & widening of Jharkheda- Berasia - Dholkhedi from design km 0000 to km 87900 Design length 87.90km of NH-346 including 3 nos. bypasses of 13.10 Km in the State of Madhya Pradesh under EPC mode.,MoRTH,618019,Madhya Pradesh,2022-03-01,2023-05-01,2025-05-01,2026-09-01,365.21,365.21,200.67,91.0,114,July 2026,FlashReport_July_2026.pdf
1129,"Rehabilitation & Upgradation of KurwaiMungaoliChanderi Road section of NH-346, from Design Chainge 0.000 to 81.300 Km Total length 83.1 km to Two lane with paved shoulder configuration along with One time improvement in 07 nos of bypassed built- up areas in a total length of 22.615 km in the state of Madhya Pradesh on EPC mode.",MoRTH,618020,Madhya Pradesh,2022-03-01,2023-02-01,2025-02-01,2026-12-01,386.49,386.49,164.84,67.57,114,July 2026,FlashReport_July_2026.pdf
1130,Up-gradation of Pichhore- Dinara section of NH-346 from Km 292.750 to 334.550 to two lane with paved shoulders in the state of Madhya Pradesh on EPC mode,MoRTH,618021,Madhya Pradesh,2024-02-01,2025-12-01,2027-06-01,2027-06-01,425.97,425.97,0.0,36.85,114,July 2026,FlashReport_July_2026.pdf
1131,Rehabilitation & Upgradation of existing intermediate lane to two Lane with paved shoulder from km. 0.600 Gulganj bypass on NH-34 to km. 43.00 Barna River length 42.400 km. on Gulganj-Amanganj-Pawai-Katni NH43 Extn. in the state of Madhya Pradesh on EPCmode.,MoRTH,618035,Madhya Pradesh,2023-03-01,2024-11-01,2026-05-01,2026-12-01,275.4,275.4,0.0,60.14,114,July 2026,FlashReport_July_2026.pdf
1132,Upgradation and reconstruction of existing intermediate lane to two Lane with paved shoulder configuration from km. 43.00 Barna River to km. 77.00 ken river length 34.00 km. on Gulganj-Amanganj-Pawai-Katni NH43 Extn. along with One time improvement in 01 no. of bypassed built-up area in a total length of 1.585 km in the state of Madhya Pradesh on EPCmode.,MoRTH,618036,Madhya Pradesh,2023-03-01,2024-11-01,2026-11-01,2027-03-01,315.55,315.55,0.0,43.0,114,July 2026,FlashReport_July_2026.pdf
1133,Upgradation and reconstruction of Dindori - Mandla Section of NH 543 from Km 77100 Design to Km 170580 Design Total length 93.48km to Two lane with paved shoulder configuration along with One time improvement in 04 nos of bypassed built-up areas in a total length of 7.23 km in the state of Madhya Pradesh on EPC mode,MoRTH,618043,Madhya Pradesh,2022-03-01,2024-01-01,2026-07-01,2026-09-01,492.12,523.71,0.0,88.0,114,July 2026,FlashReport_July_2026.pdf
1134,Upgradation of Shahdol- Sagartola Section of NH 543 from km 0000 to km 69400 to 2 lane with paved shoulders under Hybrid Annuity Mode HAM in the State of Madhya Pradesh,MoRTH,618044,Madhya Pradesh,2024-02-01,2026-03-01,2028-03-01,,851.4,851.4,0.0,0.0,114,July 2026,FlashReport_July_2026.pdf
1135,"Construction of Kaithi-Padaria Kala bypass, Patna-Tamoli bypass, Jaso bypass and Nagod bypass total length 15.44 Km to 2-lane with paved shoulders flexible pavement on NH-943 in the State of Madhya Pradesh on EPC Mode.",MoRTH,618068,Madhya Pradesh,2022-03-01,2023-10-01,2025-10-01,2026-12-01,158.36,158.36,36.36,62.8,114,July 2026,FlashReport_July_2026.pdf
1136,Upgradation of Nasrullagani-Rehti-Budhni Scction to 2-lane with paved shoulder from Km 0150 to Km 50500 of NH-146B in the state of Madhya Pradesh on EPC mode.,MoRTH,618085,Madhya Pradesh,2021-12-01,2023-04-01,2024-10-01,2026-10-01,305.12,293.74,0.0,92.33,114,July 2026,FlashReport_July_2026.pdf
1137,"Construction of Kasrawad bypass, Selani bypass, Khargone bypass & Bistan bypass Total length. 31.950 km Section of NH-347 C to Two lane with paved shoulder configuration in the State of Madhya Pradesh on EPC mode.",MoRTH,618129,Madhya Pradesh,2023-03-01,2024-12-01,2026-12-01,2026-12-01,467.93,467.93,167.65,99.15,114,July 2026,FlashReport_July_2026.pdf
1138,"Construction of Morena bypass, Ambah bypass & Porsa bypass Totat length 27.16 km Section of NH-552 Ext. to TWo lane with paved shoulder configuration in the state of Madhya Pradesh on EPC mode",MoRTH,618156,Madhya Pradesh,2023-02-01,2024-10-01,2026-10-01,2026-10-01,492.66,492.66,0.0,73.5,114,July 2026,FlashReport_July_2026.pdf
1139,Construction of Ater realignment & Bhind bypass Total length. 21.50 km Section of NH-552Extn. to Two lane with paved shoulder configuration in the State of Madhya Pradesh on EPC mode.,MoRTH,618157,Madhya Pradesh,2023-03-01,2024-12-01,2026-06-01,2026-12-01,348.06,348.06,79.84,79.0,114,July 2026,FlashReport_July_2026.pdf
1140,"Upgradation of Goras to Shyampur Road section of NH-552 Ext., from Design Chainge 48.400 to 111.800 Km Total length 63.40 km to two lane with paved shoulder configuration along with One time improvement of 8.91 km in the state of Madhya Pradesh on EPC mode",MoRTH,618158,Madhya Pradesh,2023-03-01,2024-12-01,2026-12-01,2026-12-01,416.96,416.96,0.0,16.52,114,July 2026,FlashReport_July_2026.pdf
1141,Construction of Two lane with paved shoulder configuration of Shujalpur Bypass section of NH-752C from km 33100 Design to km. 42570 Design total design length 10.470 km in the State of Madhya Pradesh on EPC mode.,MoRTH,618170,Madhya Pradesh,2023-03-01,2024-03-01,2025-09-01,2026-12-01,214.07,214.07,38.07,46.33,114,July 2026,FlashReport_July_2026.pdf
1142,"Work of Upgradation of Jirapur-Pachore Road including Pachore, Jirapur, Chhapiheda & Khujner Bypasses from 0000 to 58790 Design Length 58.79 Km section of NH-752C to 2LPS in the State of Madhya Pradesh under EPC mode",MoRTH,618171,Madhya Pradesh,2022-03-01,2024-01-01,2026-01-01,2026-12-01,352.69,352.69,98.96,57.26,115,July 2026,FlashReport_July_2026.pdf
1143,Bypass on Western side of Gwalior City,NHAI,618619,Madhya Pradesh,2025-03-01,2026-01-01,2028-01-01,2028-01-01,998.95,998.95,195.31,0.0,115,July 2026,FlashReport_July_2026.pdf
1144,"Additional works 2VUPs, MR-10 junction flyover and underpass in Six lane Indore- Dewas section of NH-52 in the state of Madhya Pradesh on EPC Mode",NHAI,618620,Madhya Pradesh,2022-08-01,2023-01-01,2024-07-01,2027-03-01,207.77,211.27,150.59,79.72,115,July 2026,FlashReport_July_2026.pdf
1145,Indore - Edlabad Pkg-II [Tejajinagar to Balwara],NHAI,618621,Madhya Pradesh,2022-03-01,2023-01-01,2025-01-01,2026-10-01,1162.8,1530.82,824.5,87.3,115,July 2026,FlashReport_July_2026.pdf
1146,4L of Indore - Boregaon Pkg-III [Balwara to Dhangaon] from km. 42.260 to km. 82.660 of NH347BG & 753L,NHAI,618622,Madhya Pradesh,2021-01-01,2022-04-01,2024-04-01,2026-10-01,1001.69,888.81,835.15,92.5,115,July 2026,FlashReport_July_2026.pdf
1147,4L Boregaon Buzurg to Shahpur Pkg I of Boregaon Buzurg to Muktainagar of NH 753L,NHAI,618623,Madhya Pradesh,2022-11-01,2024-02-01,2026-01-01,2026-10-01,1504.37,1132.34,556.86,90.1,115,July 2026,FlashReport_July_2026.pdf
1148,4L Greenfield Rudhi to Deshgaon Pkg V of Betul-Khandwa/Deshgaon,NHAI,618654,Madhya Pradesh,2022-11-01,2023-10-01,2025-10-01,2027-08-01,521.21,469.68,199.48,63.79,115,July 2026,FlashReport_July_2026.pdf
1149,2L PS of Roshni to Ashapur Section of NH-347B from Design KM Ch. 89.900 to 114.000 KM Package III of Betul Khandwa,NHAI,618655,Madhya Pradesh,2024-03-01,2024-08-01,2026-08-01,2026-08-01,200.99,120.75,126.72,98.85,115,July 2026,FlashReport_July_2026.pdf
1150,4L from km 0.000 to 42.040 Bhopal Ratnaigiri Tiraha to Vidisha Morikodi,NHAI,618661,Madhya Pradesh,2024-10-01,2025-11-01,2027-11-01,2027-11-01,1032.3,1038.18,179.87,20.23,115,July 2026,FlashReport_July_2026.pdf
1151,4L Vidisha Gyaraspur section of NH-146 from Design Chainage km 59475 existing chainage km 81240 to Design Chainage km 88361 existing chainage km 110.315,NHAI,618662,Madhya Pradesh,2024-10-01,2026-03-01,2028-03-01,2028-03-01,980.2,980.2,113.09,12.25,115,July 2026,FlashReport_July_2026.pdf
1152,i 4L Vidisha to Hinotiya from km 0.000 to Km 27.000 Vidisha Mehulwa-Talbehat Pkg- I Section of NH- 346 and ii 4L Vidisha to Morikori from Km 39.000 to 59.476 section of NH-146,NHAI,618663,Madhya Pradesh,2022-09-01,2023-12-01,2025-12-01,2026-12-01,1003.87,941.12,434.04,90.04,115,July 2026,FlashReport_July_2026.pdf
1153,Berkhedi to Godpehra on NH-44 Sagar link road,NHAI,618664,Madhya Pradesh,2022-02-01,2022-11-01,2024-11-01,2026-12-01,524.84,471.31,385.98,93.05,115,July 2026,FlashReport_July_2026.pdf
1154,4- Laning of Mohari to Satai Ghat section NH-934 from Km 50300 to Km 89875 Total length 39.575 km Package-2 in the State of Madhya Pradesh on EPC Mode,NHAI,618666,Madhya Pradesh,2022-08-01,2024-08-01,2026-08-01,2026-08-01,710.92,539.08,518.99,99.5,115,July 2026,FlashReport_July_2026.pdf
1155,4L of near Satai Ghat to Chowka section of NH-34 from D. Ch. 89.875 to D. Ch. 145.000 Package-3,NHAI,618667,Madhya Pradesh,2024-10-01,2025-10-01,2027-10-01,2027-10-01,1005.59,882.21,193.4,38.26,115,July 2026,FlashReport_July_2026.pdf
1156,4-lanning of Rahatgarh to Berkhedi section of NH-146 from Design Ch 124470 to Ch. 134.549,NHAI,618671,Madhya Pradesh,2025-03-01,2025-12-01,2027-12-01,2027-12-01,618.33,342.69,53.19,14.6,115,July 2026,FlashReport_July_2026.pdf
1157,4-lanning of Gyaraspur to Rahatgarh section of NH-146 from Design Ch. 88361 to Ch 124470 in the state of MP on HAM mode,NHAI,618672,Madhya Pradesh,2024-10-01,2025-11-01,2027-11-01,2027-11-01,903.44,592.44,169.82,35.25,115,July 2026,FlashReport_July_2026.pdf
1158,Outer Ring Road of Jabalpur Town from Manegaon to NH-45 Pkg-2,NHAI,618684,Madhya Pradesh,2022-11-01,2024-03-01,2026-03-01,2027-03-01,917.26,786.47,520.38,78.75,115,July 2026,FlashReport_July_2026.pdf
1159,Outer Ring Road of Jabalpur Town from NH45 to Kushner Pkg-3,NHAI,618685,Madhya Pradesh,2022-09-01,2024-03-01,2026-03-01,2026-12-01,911.24,773.23,552.62,79.8,115,July 2026,FlashReport_July_2026.pdf
1160,Outer Ring Road of Jabalpur Town from Kushner to Amjhar Road including Airport Connectivity Pkg-IV,NHAI,618686,Madhya Pradesh,2022-08-01,2024-03-01,2026-03-01,2026-11-01,612.94,509.82,363.91,79.63,115,July 2026,FlashReport_July_2026.pdf
1161,Outer Ring Road of Jabalpur Town from Barela to Manegaon Pkg-1,NHAI,618687,Madhya Pradesh,2022-09-01,2023-03-01,2025-03-01,2026-08-01,652.33,651.88,500.97,89.72,115,July 2026,FlashReport_July_2026.pdf
1162,Outer Ring Road of Jabalpur Town from Amjhar Road including Airport Connectivity to barela Pkg-V,NHAI,618688,Madhya Pradesh,2024-10-01,2025-10-01,2027-10-01,2027-10-01,794.7,539.9,105.34,32.38,116,July 2026,FlashReport_July_2026.pdf
1163,Indore - Harda Pkg-I [Indore to Raghav Garh from km. 0.25 to km. 26.903],NHAI,618694,Madhya Pradesh,2022-01-01,2022-11-01,2024-10-01,2026-08-01,1011.29,813.03,688.03,96.09,116,July 2026,FlashReport_July_2026.pdf
1164,4L of Chandesara to Khedakhajuriya from Km. 0.000 to - 750 & Km 0.000 to km 41.400 of NH-148NG Pkg-I,NHAI,618735,Madhya Pradesh,2021-12-01,2022-09-01,2024-05-01,2026-09-01,909.84,976.55,587.81,99.0,116,July 2026,FlashReport_July_2026.pdf
1165,2L PS of Hinotiya-Mehulwa section of NH-346 from Km. 27.000 to Km 75.700 Vidisha Mehulwa-Talbehat Pkg-II Section of NH- 346,NHAI,618751,Madhya Pradesh,2022-10-01,2023-09-01,2025-09-01,2027-03-01,581.65,592.71,273.7,69.04,116,July 2026,FlashReport_July_2026.pdf
1166,Itarsi Km. 63.000 to Betul Km. 137.000 of NH-69 in Madhya Pradesh,NHAI,618762,Madhya Pradesh,2017-08-01,2018-02-01,2020-02-01,2026-08-01,950.27,788.33,663.67,100.0,116,July 2026,FlashReport_July_2026.pdf
1167,Balance works of 4 lane divided carriageway of Missing Link section of NH-39 Rewa Bypass from junction with NH 30 near Bela to Junction with MPRDC ring road near Silpara on SH 9 design length 13.100 km on EPC Mode under Bharatmala Pariyojana in the State of Madhya Pradesh,NHAI,618784,Madhya Pradesh,2023-08-01,2024-04-01,2026-04-01,2027-01-01,355.36,355.36,253.13,84.44,116,July 2026,FlashReport_July_2026.pdf
1168,Construction of 6 lane Indore western bypass from km 0000 to Km 34000 Pkg -l in the State of Madhya Pradesh on Hybrid Annuity Mode under NHO,NHAI,618932,Madhya Pradesh,2024-02-01,2026-01-01,2027-12-01,2027-12-01,1534.7,1472.68,657.89,27.6,116,July 2026,FlashReport_July_2026.pdf
1169,Construction of 6 lane Indore western bypass from km 34000 to Km 64000 Pkg-II in the state of Madhya Pradesh on Hybrid Annuity Mode under NHO,NHAI,618933,Madhya Pradesh,2024-03-01,2026-02-01,2028-02-01,2028-02-01,1430.56,1430.56,662.93,17.5,116,July 2026,FlashReport_July_2026.pdf
1170,4L of Budhni to Shahganj Bypass End Package-III of NH-146B from Km. 73.750 to Km. 102.000,NHAI,618962,Madhya Pradesh,2024-03-01,2025-08-01,2027-08-01,2027-08-01,1102.97,770.21,196.68,28.28,116,July 2026,FlashReport_July_2026.pdf
1171,Construction work of 4-laning of Shahganj bypass end to Badi Package-IV of NH-146B from design km 102.000 to design km 142.357 Design length 40.357 km,NHAI,618963,Madhya Pradesh,2024-02-01,2025-03-01,2027-03-01,2027-03-01,784.14,836.64,318.16,52.15,116,July 2026,FlashReport_July_2026.pdf
1172,4 Laning of Sandalpur to Nasrullaganj Pkg-1 section of NH-146B Length 43.2 Km.,NHAI,618964,Madhya Pradesh,2025-03-01,2026-01-01,2028-01-01,2028-01-01,1425.98,1425.98,197.81,11.57,116,July 2026,FlashReport_July_2026.pdf
1173,Six laning with both sides Service Road of Ayodhya Bypass from Design Km 0000 near Ashram Tiraha on NH-46 to Km 16439 end at Ratnagiri Tiraha on Nh-146,NHAI,618966,Madhya Pradesh,2024-02-01,2025-08-01,2027-08-01,2027-08-01,1123.17,1103.22,173.6,21.61,116,July 2026,FlashReport_July_2026.pdf
1174,Upgradation of Sarvardewla to Pal MP/MH Border Road section of NH-347 C from Design Chainge km 81.600 to 137.400 Total length 55.80 km to two lane with paved shoulder configuration along with One time improvement of 1 .95 km in the State of Madhya Pradesh on EPC mode.,MoRTH,619007,Madhya Pradesh,2023-03-01,2026-01-01,2028-01-01,,461.23,461.23,2.77,0.0,116,July 2026,FlashReport_July_2026.pdf
1175,Dhangaon - Borgaon section km 81.000 to km 139.000 [Indore - Edlabad Pkg IV],NHAI,619100,Madhya Pradesh,2020-01-01,2021-08-01,2023-08-01,2026-08-01,866.0,1185.04,746.57,99.8,116,July 2026,FlashReport_July_2026.pdf
1176,Indore - Harda Pkg-II [Raghavgarh to Nanasa from km. 29.30 to km. 92.30],NHAI,619114,Madhya Pradesh,2023-01-01,2024-03-01,2026-03-01,2027-11-01,1081.51,1146.63,369.46,40.25,116,July 2026,FlashReport_July_2026.pdf
1177,Construction of 6 lane flyover from Khapari ROB to Mihan Interchange design chainage km 8760 to 11450 L- 2.69 km and upgradation of existing 4L PS road to 6LPS with service road by flexible pavement design chainage km 11450 to 14500 L- 3.05 [total project length 5.74 km] in section of Nagpur - Hyderabad NH-44 Old NH-7 in Nagpur district in the state of Maharashtra on HAM mode.,MoRTH,617912,Maharashtra,2024-03-01,2025-10-01,2027-10-01,2027-10-01,619.55,619.55,18.35,8.24,116,July 2026,FlashReport_July_2026.pdf
1178,Construction of New Four Lane Bypass to Parbhani City Parwa to Asola Km 463/265 to Km 481/180 Design Ch. 19220 to Ch. 34434 Length-15.214 Km section of NH-61 on EPC mode in the State of Maharashtra.,MoRTH,617932,Maharashtra,2022-03-01,2023-07-01,2024-10-01,2026-10-01,496.64,496.64,210.17,70.14,116,July 2026,FlashReport_July_2026.pdf
1179,Nasratpur to Barasgaon section of NH-61 2L / 4L PS from Km.514/00 to 558/200,MoRTH,617934,Maharashtra,2017-07-01,2017-09-01,2019-09-01,2026-08-01,406.54,406.54,528.24,95.84,116,July 2026,FlashReport_July_2026.pdf
1180,Udgir Raavi Degloor Aadampur phata to Sagroli fata,MoRTH,617937,Maharashtra,2024-11-01,2026-04-01,2028-04-01,,809.77,809.77,0.93,12.0,117,July 2026,FlashReport_July_2026.pdf
1181,Rehabilitation And Upgradation to four lane with paved shoulder configuration from km 24350 to km 61875 Jawale - Borgaon Kale of NH-63 in the State of Maharashtra on EPC mode under Annual Plan 2024-25 Total length - 37.525 Km.,MoRTH,617938,Maharashtra,2024-12-01,2025-09-01,2027-03-01,2027-03-01,574.18,574.18,7.54,20.0,117,July 2026,FlashReport_July_2026.pdf
1182,Balance work of NH-66 from design Km 84/00 to Km 87/100 Indapur Bypass and Km 91/600 to Km 99/100 Mangaon Bypass to four lane with paved shoulder in State of Maharashtra under NHO on EPC Mode.,MoRTH,617945,Maharashtra,2025-03-01,2025-10-01,2027-04-01,2027-04-01,354.21,354.21,0.0,67.16,117,July 2026,FlashReport_July_2026.pdf
1183,Kashedi to Parshuram Ghat section of NH-66 from Km 161/600 - Km 205/400 - 4L PS,MoRTH,617946,Maharashtra,2016-03-01,2018-02-01,2020-02-01,2025-12-01,1142.62,1142.62,427.48,97.5,117,July 2026,FlashReport_July_2026.pdf
1184,Arawali Kante section of NH-17New NH-66 4L PS from Km.241/300 to 281/300,MoRTH,617947,Maharashtra,2016-03-01,2017-11-01,2019-11-01,2026-03-01,1006.99,1443.09,0.17,80.06,117,July 2026,FlashReport_July_2026.pdf
1185,Kante - Wakad section of NH-66 4L PS from Km.281/300 to 332/200,MoRTH,617948,Maharashtra,2016-03-01,2017-11-01,2019-11-01,2025-11-01,1117.75,2020.56,375.93,90.14,117,July 2026,FlashReport_July_2026.pdf
1186,Kopargaon to Savali Vihir section,MoRTH,617965,Maharashtra,2022-06-01,2023-01-01,2024-07-01,2026-08-01,195.38,195.38,105.76,93.45,117,July 2026,FlashReport_July_2026.pdf
1187,"Rehabilitation, upgradation & widening of existing highway to 2L/4LPS Rigid Pavement of NH 160 section- Phaltan to Mhaishal near Karnataka Border including Tasgaon Bypass, from existing chainage Km 301/430 to Km 458/415 in the State of Maharashtra- Package-II & Package III combined- starting from existing chainage Km 341/300 to Km 394/130 and design chainage Km 340/250 at Dahiwadi Village to Km 392/950 ending at Vita Village in the State of Maharashtra on EPC Mode.",MoRTH,617978,Maharashtra,2024-03-01,2025-05-01,2027-05-01,2027-05-01,631.76,631.76,213.18,85.0,117,July 2026,FlashReport_July_2026.pdf
1188,"Rehabilitation, upgradation & widening of existing highway to 2L/4LPS Rigid Pavement of NH 160 section- Phaltan to Mhaisal near Karnataka Border including Tasgaon Bypass, from existing chainage Km 301/430 to Km 458/415 in the State of Maharashtra. Package-I starting from existing chainage Km 301/430 at Phaltan Village Junction of Phaltan Baramati Road Design Chainage -301/430km & ending at existing chainage Km 341/300 Dahiwadi Village Bus Stop Design chainage Km 340466km in the S",MoRTH,617979,Maharashtra,2024-03-01,2025-05-01,2027-05-01,2026-11-01,533.76,533.76,0.0,74.29,117,July 2026,FlashReport_July_2026.pdf
1189,"Rehabilitation/ Upgradation of existing Highway to four lane standards in Kurkheda town from km.413257 to km 410775, Two lane in Shankarpur Gurnuli km 42400 to km 43100 section and Reconstruction of Major Bridge at Ch. 448558 Bhuti Nallah and Ch. 411695 Sati River bridge, Minor Bridge at Ch. 411477 and Ch. 405800 Lendhari Bridge of NH 543 Bhamhapuri-wadsa-kurkheda-korchi-Deori-Amgaon road on EPC mode in the State of Maharashtra",MoRTH,618042,Maharashtra,2022-03-01,2023-11-01,2025-05-01,2026-12-01,163.86,163.86,49.03,50.25,117,July 2026,FlashReport_July_2026.pdf
1190,"Widening, Reconstruction & Up-gradation to 2 lane with Paved Shoulder/Four Lane configuration for the work of Ahmednagar to Sabalkhed & Ashti to Chinchpur Section of NH-561 from Design km 2915 to km 37728 & Design km 55100 to km 70000 in the State of Maharashtra on EPC mode. Length 49.713 km",MoRTH,618047,Maharashtra,2024-03-01,2025-05-01,2027-05-01,2027-05-01,657.16,657.16,0.0,88.56,117,July 2026,FlashReport_July_2026.pdf
1191,Up-gradation to 2/4 lane with paved shoulder configuration of NH-652 from Tuljapur Naldurg-Akkalkot road Chainage from Km. 00.000 to km 30.982 in the State of Maharashtra on EPC mode.,MoRTH,618049,Maharashtra,2024-03-01,2025-01-01,2026-07-01,2026-08-01,183.41,183.41,64.95,98.0,117,July 2026,FlashReport_July_2026.pdf
1192,Construction of four-lane Concrete Road from Police Headquarter Gondia City to Rawanwadi Village Birsi Airport Junction from design km 0.000 to km 15.781 existing km 39/720 of NH-753 to existing Km 8/400 of NH 543 on sections from Kohmara- Goregaon- Police HeadquarterKaranja - Collector Office Square - Balaghat T Point- Rawanwadi- Rajegaon of NH-753 and NH-543 in Gondia District in the state of Maharashtra. Total Length of the project 15.781 Km.,MoRTH,618059,Maharashtra,2023-02-01,2024-02-01,2025-08-01,2026-10-01,328.11,328.11,111.48,34.15,117,July 2026,FlashReport_July_2026.pdf
1193,"Strengthening, Widening & Up-gradation of newly declared NH-761 from NH- 61Junction-BelheAlkutiDevibhoyareNighojShirur, from Design chainage Km 0.000 to Km 37.970 from Single/Intermediate/2L to 2LPS in the State of Maharashtra on EPC Mode Length 37.970 Km",MoRTH,618061,Maharashtra,2024-03-01,2025-03-01,2026-09-01,2026-09-01,386.16,386.16,57.23,62.5,117,July 2026,FlashReport_July_2026.pdf
1194,"Rehabilitation/Upgradation of existing Highway to 2LPS/4 lane of Dhawali to Rajoli from Design Km.149476 to 163476 existing Km.150000 to 164000, Pandhasala to Mohadongri from design Km.170476 to 181476 existing Km.171000 to 182000, Ambeshivni Fata to Bodli from design Km.183476 to 185476 existing Km.184000 to 186000 and Made Tukum to Gadchiroli from design Km.188476 to 189476 existing Km.188000 to 18900 having length 28 km of NH-930 of Dhawali to Gadchroli road in the",MoRTH,618065,Maharashtra,2022-03-01,2024-03-01,2025-09-01,2027-03-01,316.44,316.44,49.78,37.2,118,July 2026,FlashReport_July_2026.pdf
1195,Nandurshingote to Kolhar,MoRTH,618088,Maharashtra,2024-09-01,2025-06-01,2026-12-01,2026-12-01,325.79,325.79,32.41,41.93,118,July 2026,FlashReport_July_2026.pdf
1196,Rehabilitation & Up-gradation of Mudkhed to Nanded section from Km. 372000 to Km 388400 of NH 161A i.e. Nanded-Bhokar-Himayatnagar-Kinwat-Mahur-Arani Road Design chainage from Km 372000 Mudkhed to Km 387650 Nanded of NH 161A Length 15.65 Km to 2/4Lane with paved shoulders configuration in the State of Maharashtra on EPC mode.,MoRTH,618089,Maharashtra,2022-03-01,2023-04-01,2025-04-01,2026-10-01,206.54,206.54,74.51,65.14,118,July 2026,FlashReport_July_2026.pdf
1197,Pen to Khopoli 2LPS,MoRTH,618094,Maharashtra,2018-03-01,2018-06-01,2019-12-01,2025-12-01,369.39,369.39,333.1,86.3,118,July 2026,FlashReport_July_2026.pdf
1198,Rehabilitation and Up-gradation to 2 lane road with paved shoulders configuration for the balance work of 13 km length on Helwak-Patan-Karad section Km. 85000 to 133 417 of NH-166E in the state of Maharashtra on EPC mode.,MoRTH,618096,Maharashtra,2024-02-01,2024-10-01,2026-04-01,2026-12-01,181.45,181.45,60.25,87.0,118,July 2026,FlashReport_July_2026.pdf
1199,Guhagar - Rampur - 2L-PS - km 0/00 Guhagar to 26/230 Rampur and 40/00 Mirjoli to 53/600 Sati on NH-166E,MoRTH,618097,Maharashtra,2017-01-01,2017-06-01,2019-06-01,2025-08-01,407.2,407.2,0.0,91.89,118,July 2026,FlashReport_July_2026.pdf
1200,"Upgradation of exhisting 2 lane flexible pavement to 2 lane paved shoulders rigid pavement from design chainage Km 66.00 to Design Km 82.440 Start of Kolhapur Municipal corporation near Phulewadi to kale, design length 16.440 Km section on Talere Gaganbawada-Kolhapur road NH 166G in the state of Maharashtra on EPC mode",MoRTH,618098,Maharashtra,2021-03-01,2022-11-01,2024-05-01,2026-08-01,167.97,167.97,0.0,93.75,118,July 2026,FlashReport_July_2026.pdf
1201,Strengthening and Widening of road Sakoli- Wadsa-Armori-Gadchiroli-Ashti- Allapalli - Sironcha National highway NH 353C in Km 262/00 to 321/00 including 16 minor Bridges and 2 Major Bridge Total length 59 Km section from repanpalli to sironcha in Gadchiroli Dist in the State of Maharashtra.,MoRTH,618133,Maharashtra,2021-03-01,2022-06-01,2024-05-01,2027-03-01,280.57,280.57,144.61,67.39,118,July 2026,FlashReport_July_2026.pdf
1202,Rehabilitation /Upgradation from Lagam to Alapalli section Desing Km. 199/400 to km 227/400 Length 28.0 Km to 2 lane with Paved Shoulders/ 4 lane configuration section of NH-353 C Sakoli-Wadsa-Armori-Gadchiroli-Ashti-Alapalli Sironcha in Gadchiroli District on EPC mode in the state of Maharashtra.,MoRTH,618134,Maharashtra,2023-02-01,2024-09-01,2026-09-01,2026-09-01,459.39,459.39,132.28,81.42,118,July 2026,FlashReport_July_2026.pdf
1203,Rehabilitation and Up-gradation of Jarud - Sirsala section of NH-361F km 59500 to km11500 to Two lane with paved shoulder/ Four Lane in the state of Maharashtra on EPC mode Length 55.5 Km.,MoRTH,618137,Maharashtra,2024-03-01,2025-05-01,2027-05-01,2027-05-01,540.35,540.35,158.38,68.23,118,July 2026,FlashReport_July_2026.pdf
1204,"Widening, Reconstruction & Up-gradation to 2 lane with Paved Shoulder/Four Lane configuration for the work of Sautada to Shirapur Section of NH-561 from Design km 86300 to km 125589 in the state of Maharashtra on EPC mode. Design length 39.289 km",MoRTH,618138,Maharashtra,2024-03-01,2025-05-01,2026-11-01,2026-11-01,349.57,349.57,0.0,54.04,118,July 2026,FlashReport_July_2026.pdf
1205,Rehabilitation and Up-gradation of Gangakhed Loha section of NH-361F from Km 169/00 to 210/00 to two lane with paved shoulder/ four lane configuration in the state of Maharashtra on EPC mode Length - 41.00 Km.,MoRTH,618139,Maharashtra,2024-03-01,2025-04-01,2026-09-01,2026-09-01,355.12,355.12,0.0,43.46,118,July 2026,FlashReport_July_2026.pdf
1206,Rehabilitation and Up-gradation of i. Deogaon phata to Digras phata Ch. 0/000 to 15/000 & Selu to Borgavhan Ch 20/900 to 35/800 [Length 29.9km] ii. Injegaon Dhamoni to Pohner Phata Ch.58/200 to Ch. 83/700 [Length25.5 km] and iii. Pohner phata to Pathri Design Ch. 42/700 to 58/200 [Length 15.5 km] sections of NH-548B to Two lane with paved shoulder configuartion in the state of Maharashtra on EPC mode Total project length 70.9 Km.,MoRTH,618150,Maharashtra,2024-03-01,2025-05-01,2027-05-01,2027-05-01,761.83,761.83,0.0,15.0,118,July 2026,FlashReport_July_2026.pdf
1207,Mhaswad to Tembhurni section of NH-548C - 2L PS,MoRTH,618152,Maharashtra,2017-01-01,2017-08-01,2019-07-01,2026-08-01,488.6,488.6,0.0,96.19,118,July 2026,FlashReport_July_2026.pdf
1208,Satara to Mhaswad,MoRTH,618153,Maharashtra,2017-01-01,2017-08-01,2019-08-01,2026-08-01,653.46,653.46,7.34,98.08,118,July 2026,FlashReport_July_2026.pdf
1209,"Rehabilitation & upgradation of Jamkhed to Sautada Section of NH548 D from km 195.375 to km 208.774, Length 13.399 Km to 2L PS /4L configuration with rigid pavement in the state of Maharashtra on EPC mode.",MoRTH,618154,Maharashtra,2022-03-01,2023-01-01,2024-07-01,2026-06-01,157.62,157.62,0.0,68.93,119,July 2026,FlashReport_July_2026.pdf
1210,Development/Widening of Talegaon Chakan Shikrapur Nhavara Section of NH-548D from existing chainage km. 54/000 to 82/300 and Design chainage Km. 54/000 to 82/120 Shikrapur to Nhavara Section to 2LPS/4L Configuration on EPC Mode in the State of Maharashtra.,MoRTH,618155,Maharashtra,2024-03-01,2025-01-01,2026-07-01,2026-09-01,396.17,396.17,99.7,76.2,119,July 2026,FlashReport_July_2026.pdf
1211,Paithan - Shirur section 2LPS Km 0.0 to 55.00,MoRTH,618172,Maharashtra,2017-03-01,2017-06-01,2019-06-01,2026-10-01,341.8,341.8,208.25,82.0,119,July 2026,FlashReport_July_2026.pdf
1212,Shirur-Kharda section from 55937 km to 114486 km to 2LPS/4L,MoRTH,618173,Maharashtra,2017-02-01,2017-06-01,2019-06-01,2026-08-01,381.77,381.77,0.0,83.93,119,July 2026,FlashReport_July_2026.pdf
1213,Rehabilitation and Upgradation to two lane with paved shoulder configuration of NH- 752G from Sakri to Pimpalner Section Design Ch km 0000 to Ch km 21411 in the state of Maharashtra on EPC Mode. Length 21.411 km.,MoRTH,618174,Maharashtra,2024-03-01,2025-04-01,2026-10-01,2026-10-01,226.58,226.58,0.0,100.0,119,July 2026,FlashReport_July_2026.pdf
1214,Rehabilitation and upgradation from ch km 50/200 to 56/800 and km 62/600 to 100/403 of Kolde to Visarwadi Near Junction with NH-6 section of NH 752G total length 44.40 to two-lane with paved shoulder / four lanes in the State of Maharashtra on EPC mode.,MoRTH,618176,Maharashtra,2025-03-01,2026-01-01,2028-01-01,,349.08,349.08,39.95,35.45,119,July 2026,FlashReport_July_2026.pdf
1215,Pal Phata Phulambri - Khultabad 2LPS,MoRTH,618177,Maharashtra,2018-03-01,2018-06-01,2019-12-01,2025-12-01,227.19,227.19,5.78,95.29,119,July 2026,FlashReport_July_2026.pdf
1216,Widening and strengthening of Gangakhed to Kingaon section of NH-752K in Km 38/750 to 72/304 Flexible Pavement Length33.554 km to 2-lane configuration on EPC mode in the State of Maharashtra.,MoRTH,618178,Maharashtra,2024-02-01,2024-12-01,2026-06-01,2026-10-01,162.67,162.67,0.0,72.0,119,July 2026,FlashReport_July_2026.pdf
1217,Pune raigarh District Border To Mangaon Ch 69000 to 103775 NH-753F,MoRTH,618180,Maharashtra,2018-03-01,2018-06-01,2019-12-01,2026-07-01,223.46,223.46,0.0,89.08,119,July 2026,FlashReport_July_2026.pdf
1218,Rehabilitation and Up-gradation to 2 lane with paved shoulder configuration of Mahud Sangola road NH 965 G 159400 to 161900and 162400 to 183960 Design Chainage from km. 32/300 to km. 34/800 and km. 35/800 to km. 56/860 Rigid Pavement on EPC mode in the State of Maharashtra.,MoRTH,618188,Maharashtra,2023-02-01,2023-11-01,2025-05-01,2026-08-01,253.78,253.78,98.95,100.0,119,July 2026,FlashReport_July_2026.pdf
1219,Balance work of Rehabilitation and Up-gradation to 2-lane road with paved shoulders configuration for NH- 965DD from Pacharal-Mandangad-Mhapral-Rajewadi Upto Junction of NH-66 Ch-22700 to 75100 Km and Ambadave connector Birth place of Dr. Babasaheb Ambedkar Ch-0000 to 7325 Km length Km 59.725 in the state of Maharashtra on EPC mode. Balance Work,MoRTH,618198,Maharashtra,2018-03-01,2022-01-01,2024-01-01,2026-08-01,388.93,341.69,170.26,93.07,119,July 2026,FlashReport_July_2026.pdf
1220,"Rehabilitation, Upgradation & Widening of existing Highway to Rigid Pavement 2 Lane with Paved Shoulder of NH 965DD from Lonand Shirval-Bhor Mandangad-Pchral Section ShindewadiPhata to Varandah Ghat Dist Border from Km 33/550 to 92/550 in the state of Maharashtra on EPC mode.",MoRTH,618199,Maharashtra,2023-02-01,2024-07-01,2026-07-01,2026-10-01,723.13,723.13,168.06,53.5,119,July 2026,FlashReport_July_2026.pdf
1221,Vadodara Mumbai Expressway Phase II - Pkg XIII [Km. 26.582 to Km. 50.700] Shirsad - Masvan,NHAI,618469,Maharashtra,2020-06-01,2022-02-01,2024-02-01,2026-08-01,3536.9,4679.54,1986.56,98.2,119,July 2026,FlashReport_July_2026.pdf
1222,Vadodara Mumbai Expressway Phase II - Pkg XIV [Km. 3.000 to Km. 20.200 of Spur] Shirsad - Akloli,NHAI,618470,Maharashtra,2021-05-01,2022-11-01,2024-05-01,2026-08-01,2058.79,2324.72,634.55,98.0,119,July 2026,FlashReport_July_2026.pdf
1223,Vadodara Mumbai Expressway Phase II - Pkg XV [Km. 20.200 to Km. 43.000 of Spur] Akloli - Amne,NHAI,618471,Maharashtra,2021-05-01,2022-11-01,2024-05-01,2026-08-01,2610.88,2918.39,651.95,94.6,119,July 2026,FlashReport_July_2026.pdf
1224,Vadodara Mumbai Expressway Phase II - Pkg XVI [Km. 43.000 to Km. 69.800 of Spur] Amne - Bhoj,NHAI,618472,Maharashtra,2021-06-01,2022-11-01,2024-10-01,2026-08-01,4051.8,4315.56,952.69,95.5,119,July 2026,FlashReport_July_2026.pdf
1225,Vadodara Mumbai Expressway Phase II - Pkg XVII [Km. 69.800 to Km. 79.783 of Spur] Bhoj - Morbe,NHAI,618473,Maharashtra,2021-09-01,2023-01-01,2025-07-01,2026-08-01,2208.68,2463.02,931.24,90.73,119,July 2026,FlashReport_July_2026.pdf
1226,Upgradation & rehabilitation of Service Roads on both sides in urban areas of Pune City on PuneSatara section of NH48,NHAI,618511,Maharashtra,2025-01-01,2025-06-01,2027-06-01,2027-06-01,604.59,388.78,66.39,24.08,120,July 2026,FlashReport_July_2026.pdf
1227,Tunnel at Khambataki Ghat Section and its approaches from existing Km. 771.730 to existing Km. 782.000,NHAI,618512,Maharashtra,2017-11-01,2019-02-01,2022-02-01,2026-10-01,907.03,816.12,686.79,89.2,120,July 2026,FlashReport_July_2026.pdf
1228,6L of Kagal-Satara section from Km 592.500 to Km 658.000 of NH-48 Pkg-I,NHAI,618513,Maharashtra,2021-12-01,2023-01-01,2025-01-01,2027-02-01,2111.95,1435.46,634.07,51.14,120,July 2026,FlashReport_July_2026.pdf
1229,6L of Kagal-Satara section from Km 658.000 to Km 725.000 of NH-48 Pkg-II,NHAI,618514,Maharashtra,2021-12-01,2022-12-01,2024-12-01,2026-12-01,2330.71,317.4,206.68,90.12,120,July 2026,FlashReport_July_2026.pdf
1230,4L of Indora Chowk to Pachpaoli and Agrasen Chowk - Ashoka Chowk,NHAI,618557,Maharashtra,2023-03-01,2023-07-01,2026-06-01,2026-09-01,1038.84,918.53,696.83,84.0,120,July 2026,FlashReport_July_2026.pdf
1231,6L of Gonde Km. 439.038 to Pimpri Sado Km. 459.905 section of NH-848 Old NH-3,NHAI,618585,Maharashtra,2024-02-01,2024-10-01,2027-04-01,2027-11-01,856.93,718.84,160.05,40.5,120,July 2026,FlashReport_July_2026.pdf
1232,Improvement and strengthening of existing 2 lane stretch to 2-Lane with PS 1.5m on both sides on Ghoti-Sinnar section of NH-160A using Thin White Topping 200mm thick in the State Of Maharashtra on EPC Mode,NHAI,618586,Maharashtra,2025-03-01,2025-06-01,2026-06-01,2026-08-01,254.78,147.64,115.05,77.0,120,July 2026,FlashReport_July_2026.pdf
1233,4L Mitigation Measure structures on CH/MH Border to Wainganga Bridge Section of NH-6 New NH-53,NHAI,618588,Maharashtra,2021-02-01,2021-11-01,2023-11-01,2026-08-01,540.24,468.92,464.29,99.79,120,July 2026,FlashReport_July_2026.pdf
1234,Balance work of 4L Panvel to Indapur section of NH-66 Old NH- 17 from km 0.000 Panvel to km 42.300 Kasu,NHAI,618594,Maharashtra,2022-12-01,2023-03-01,2024-10-01,2026-08-01,329.82,196.87,184.17,98.66,120,July 2026,FlashReport_July_2026.pdf
1235,Four laning from Dive Ghat Km. 220.900 to Hadapsar Km. 234.150 of Mohol Alandi section Pkg VI of NH-965,NHAI,618626,Maharashtra,2023-12-01,2024-10-01,2026-10-01,2027-04-01,819.52,400.0,141.4,70.01,120,July 2026,FlashReport_July_2026.pdf
1236,Construction of 7 Nos of Standalone safety structures/works at different locations on various NHs,NHAI,618627,Maharashtra,2025-01-01,2025-07-01,2027-01-01,2027-01-01,168.52,112.03,26.78,33.35,120,July 2026,FlashReport_July_2026.pdf
1237,Strengthening of Existing Alignment of Pandharpur Town Part Bypassed Section of NH 965 from KM 36.230 to KM 44.230 from Chh. Shivaji Maharaj Chowk to Wakhari,NHAI,618628,Maharashtra,2022-08-01,2023-11-01,2025-10-01,2027-03-01,150.21,87.59,76.45,69.25,120,July 2026,FlashReport_July_2026.pdf
1238,Loha-Waranga Section of NH-361 from km 187.800 to km 244.369,NHAI,618653,Maharashtra,2018-03-01,2019-03-01,2021-03-01,2026-12-01,1236.08,3466.58,1503.59,96.22,120,July 2026,FlashReport_July_2026.pdf
1239,Bodhre - Dhule,NHAI,618693,Maharashtra,2021-02-01,2022-01-01,2024-07-01,2026-08-01,1344.78,1292.7,837.67,97.69,120,July 2026,FlashReport_July_2026.pdf
1240,Upgradation of 2L/4L with Paved Shoulder of Shirwal-Lonand Section from KM 159900 To KM 188025 of NH-965DD Section I and 2L With Paved Shoulder of Lonand-Satara Section from KM 51500 To KM 96246 Of NH-965D Section II in Satara District in the State of Maharashtra on EPC Mode under NHO-,NHAI,618754,Maharashtra,2025-03-01,2025-06-01,2027-06-01,2027-06-01,538.11,307.24,160.77,43.57,120,July 2026,FlashReport_July_2026.pdf
1241,Up-gradation to Four Lane with Paved Shoulder configuration of the highway starting from existing km 88.400 Savali Vihir to km 163.400 start of Ahmednagar bypass Design Length 75.000 km section of NH-160 in the State of Maharashtra under Bharatmala Pariyojana on EPC Mode,NHAI,618766,Maharashtra,2024-10-01,2025-04-01,2027-04-01,2027-04-01,862.0,617.93,298.45,48.55,120,July 2026,FlashReport_July_2026.pdf
1242,4L of Ratnagiri - Kolhapur section from km 67.140 to km 112.340 of NH-166 Pkg II,NHAI,618836,Maharashtra,2022-02-01,2023-05-01,2025-05-01,2027-01-01,1985.38,1798.0,1239.53,81.57,120,July 2026,FlashReport_July_2026.pdf
1243,4L of Ratnagiri - Kolhapur section from km 112.340 to km 145.300 of NH-166 PkgIII,NHAI,618837,Maharashtra,2022-02-01,2023-05-01,2025-05-01,2027-01-01,1939.23,1910.41,1079.17,68.95,120,July 2026,FlashReport_July_2026.pdf
1244,4L of Nagpur-Katol Section from Km. 13.00 to Km. 62.900 of NH-353J,NHAI,618937,Maharashtra,2021-02-01,2021-10-01,2023-10-01,2027-03-01,1166.96,1432.82,1181.42,81.54,120,July 2026,FlashReport_July_2026.pdf
1245,Construction of Standalone Flyover cum ROB from Design Ch.66.600 to Design Ch.68.800 in Gadchandur Town on NH-353B,NHAI,618939,Maharashtra,2025-02-01,2025-07-01,2027-07-01,2027-07-01,191.31,107.76,37.07,40.11,121,July 2026,FlashReport_July_2026.pdf
1246,Rehabilitation and Up gradation of Charthana Jintur Section of NH 752 I Km 25100 to 47100 to 2 Lane with Paved Shoulder configuration Flexible Pavement in the state of Maharashtra on EPC mode. Reg- Resubmission of Annual Plan Estimate.,MoRTH,619008,Maharashtra,2025-03-01,2026-01-01,2027-07-01,2026-07-01,157.69,157.69,0.01,51.0,121,July 2026,FlashReport_July_2026.pdf
1247,"Construction of six lane Flyover at Katraj junction at Km, 3/880 of NH 548-DD Vadgaon - Katraj - Kondhwa - Mantarwadi Chowk - Loni Kalbhor - Theur Phata - Lonikand Road in Pune Dist of the State of Maharashtra. On Engineering Procurement and construction EPC Basis mode L.1.326 Km,",MoRTH,619042,Maharashtra,2021-02-01,2022-03-01,2026-02-01,2023-02-01,163.51,163.51,80.23,83.19,121,July 2026,FlashReport_July_2026.pdf
1248,Capacity Augmentation in the stretch of DhulePimpalgaon section of NH60 Km. 261.720 to Km. 380.000 by Construction of Slip/Service Road on either side at various locations total length 30.30 Km LHSRHS and Flyover 2 x 30m at Sawadgaon Phata Km. 310.415,NHAI,619043,Maharashtra,2025-12-01,2026-04-01,2026-10-01,2027-10-01,341.63,341.63,10.9,5.1,121,July 2026,FlashReport_July_2026.pdf
1249,Satara Km 725.000 to Pune Km 865.350 of NH - 4 New NH - 48 in Maharashtra,NHAI,619069,Maharashtra,2009-09-01,2010-10-01,2022-05-01,2026-12-01,361.72,425.51,387.04,99.05,121,July 2026,FlashReport_July_2026.pdf
1250,Balance works of 4L Panvel Indapur section of NH66 old NH17 from km 42.300 kasu to km 84.600 Indapur,NHAI,619095,Maharashtra,2022-06-01,2022-11-01,2024-05-01,2026-08-01,546.44,472.1,420.83,96.73,121,July 2026,FlashReport_July_2026.pdf
1251,4L of Ratnagiri - Kolhapur section of NH-166 from km 0.000 to km 19.769 and km 31.000 to km 67.140 Pkg I,NHAI,619149,Maharashtra,2022-02-01,2022-11-01,2024-11-01,2026-11-01,1774.03,2108.41,1444.74,97.4,121,July 2026,FlashReport_July_2026.pdf
1252,4L of Baramati to Indapur Pkg-II from km. 41.400 to km. 84.550 of NH-965G Saint Tukaram Marg,NHAI,619163,Maharashtra,2021-01-01,2021-09-01,2023-09-01,2026-12-01,1471.32,1297.48,1071.0,86.2,121,July 2026,FlashReport_July_2026.pdf
1253,Vadodara Mumbai Expressway Phase II - Pkg XII [Km. 50.700 to Km. 77.000] Masvan - Ganjad,NHAI,619198,Maharashtra,2020-08-01,2022-03-01,2024-03-01,2026-08-01,1711.38,2388.52,979.42,99.87,121,July 2026,FlashReport_July_2026.pdf
1254,Vadape to Thane from km 539.202 to km 563.000 section of NH-3 new NH-848,NHAI,619203,Maharashtra,2018-03-01,2019-01-01,2021-07-01,2026-10-01,1252.92,1371.27,491.86,87.0,121,July 2026,FlashReport_July_2026.pdf
1255,"Capacity Augmentation in the stretch of Pimpri Sado Vadape section of NH848 Km. 460900 to Km. 537000 by Construction of Slip/Service Road on either side at various locations total length 25.140 Km LHSRHS, Flyover 2 x 25m at Borivali Junction Km. 528550 & LVUP 1 x 15m at Sherekarpada Km. 528800",NHAI,619204,Maharashtra,2025-12-01,2026-04-01,2027-10-01,2027-10-01,372.03,372.03,1.5,1.0,121,July 2026,FlashReport_July_2026.pdf
1256,Dharampuri-Lonand from km. 117.00 to 166.40 Pkg-IV on Mohol-Alandi Section,NHAI,619210,Maharashtra,2021-01-01,2021-09-01,2023-09-01,2026-09-01,1411.71,1358.68,1474.28,97.4,121,July 2026,FlashReport_July_2026.pdf
1257,Construction of 6 Lane Elevated corridor from KM 612582 to KM 617540 including construction of Service Roads in Kolhapur City on NH -48 in the State of Maharashtra on EPC mode under NHO,NHAI,619298,Maharashtra,2026-02-01,2026-06-01,2029-06-01,2029-06-01,1039.0,1039.0,0.06,0.0,121,July 2026,FlashReport_July_2026.pdf
1258,Construction of a 6-Lane Elevated Corridor from Km 593766 to Km 596620 Including Construction of Service Roads in Kagal City on NH-48 in the State of Maharashtra on EPC Mode.,NHAI,619299,Maharashtra,2026-03-01,2026-06-01,2028-06-01,2028-06-01,357.99,357.99,0.08,0.0,121,July 2026,FlashReport_July_2026.pdf
1259,Construction of Four Lane Nagpur-Katol section of NH-353J including Mitigation Structures from Design Ch. 37000 to Ch. 45990 Tiger Corridor-I Mitigation Structures from Design Ch. 37000 to Ch. 45990 Tiger Corridor-I in the State of Maharashtra on EPC Mode,NHAI,619300,Maharashtra,2026-01-01,2026-06-01,2027-12-01,2027-12-01,300.68,300.68,0.0,0.0,121,July 2026,FlashReport_July_2026.pdf
1260,Widening/Improvement of existing 2-Lane road to 4-Lane Divided Highway from Sekmai to Nilakuthi section of Imphal-Kohima Road Design Chainage from Km 297700 to Km 308729 of NH-39 New NH-02 in state of Manipur on EPC mode Pkg-5B,NHIDCL,618298,Manipur,2021-03-01,2021-07-01,2023-01-01,2026-08-01,211.7,211.7,272.3,94.71,121,July 2026,FlashReport_July_2026.pdf
1261,Improvement/Up-gradation of existing 2-Lane Road to 4-Lane Divided Highway from Daili to Kuraopokpi section of Imphal-Kohima road NH-02 Design Chainage from Km 274610 to Km 287000 in the state of Manipur on EPC mode Pkg-4B,NHIDCL,618299,Manipur,2020-09-01,2024-12-01,2026-06-01,2027-01-01,268.98,268.98,206.28,76.63,121,July 2026,FlashReport_July_2026.pdf
1262,Improvement/Up-gradation of existing 2-Lane Road to 4-Lane Divided Highway from Taphukuki to Daili section of Imphal-Kohima road NH-02 Design Chainage from Km 262175 to Km 274610 in the state of Manipur on EPC mode Pkg-4A,NHIDCL,618300,Manipur,2020-09-01,2020-10-01,2022-04-01,2026-08-01,379.39,379.39,314.73,91.39,122,July 2026,FlashReport_July_2026.pdf
1263,Widening/Improvement of existing 2-lane to 4-Lane Divided Highway from Kuraopokpi to Sekmai section of Imphal-Kohima Road Design Ch. km 287.00 to 297.700 of NH-39 New NH-02 in state of Manipur on EPC mode Pkg-5A,NHIDCL,618301,Manipur,2020-09-01,2025-02-01,2026-08-01,2026-12-01,228.97,228.97,143.26,48.35,122,July 2026,FlashReport_July_2026.pdf
1264,Widening/Improvement to 2-lane with earthen shoulder of Yaingangpokpi - Finch corner road section of NH-202 from Km 16.900 to Km 30.970 of NH-202 in the state of Manipur on EPC mode Package-2,NHIDCL,618302,Manipur,2020-03-01,2020-07-01,2022-06-01,2026-08-01,256.04,256.04,195.0,98.12,122,July 2026,FlashReport_July_2026.pdf
1265,Widening/Improvement to 2-lane with earthen shoulder of Yaingangpokpi - Finch corner road section of NH-202 from Km 0.000 to Km 16.900 of NH-202 in the state of Manipur on EPC mode Package-1,NHIDCL,618303,Manipur,2020-03-01,2020-07-01,2022-06-01,2026-08-01,222.77,222.77,140.9,88.96,122,July 2026,FlashReport_July_2026.pdf
1266,"Widening/Improvement to 2 Lane with earthen shoulder of Jessami to Laynen bridge Nagaland border section of NH-29 of Imphal -Ukhrul - Jessami Economic Corridor from km 0.000 to km 11.009 in the State of Manipur on EPC mode under Bharatmala Pariyojana, under NHO-NE Package-7",NHIDCL,618304,Manipur,2023-03-01,2024-12-01,2026-06-01,2027-02-01,164.89,164.89,128.92,28.12,122,July 2026,FlashReport_July_2026.pdf
1267,Widening/Improvement to 2 lane with earthen shoulder of Marrem Khullen to Jessami section of NH-202 of Imphal - Ukhrul - Jessami Economic Corridor from Design Chainage km 95.700 to km 140.180 in the State of Manipur on EPC mode under Bharatmala Pariyojana under NHO-NE Package-6,NHIDCL,618305,Manipur,2023-03-01,2024-12-01,2026-12-01,2027-08-01,554.66,554.66,225.73,26.22,122,July 2026,FlashReport_July_2026.pdf
1268,"Widening/Improvement to 2 lane with earthen shoulder of Choithar to Marrem Khullen section of NH-202 of Imphal Ukhrul Jessami Economic Corridor from Design Chainage km 53.110 to km 95.700 in the State of Manipur on EPC mode under Bharatmala Pariyojana, under NHO-NE Package-5",NHIDCL,618306,Manipur,2023-03-01,2025-05-01,2027-03-01,2027-08-01,564.05,564.05,173.58,14.5,122,July 2026,FlashReport_July_2026.pdf
1269,Widening to 2 lane with Paved shoulder of lmphal to Jiribam section of NH-37 from Design Ch. from km 169570 Near Nungkao vlllage under Tamenglong District to km 205974 near Jiribam Bridge under Jiribam district under NHO-NE PKG-7,NHIDCL,618333,Manipur,2023-01-01,2023-12-01,2025-12-01,2026-12-01,760.16,760.16,428.13,92.52,122,July 2026,FlashReport_July_2026.pdf
1270,Widening to 2 Lane with Paved shoulder of lmphal to Jiribam section of NH-37 from Design Ch. from km 131.280 to km 169.570 on EPC mode in Manipur under NHO- TSP PKG-6,NHIDCL,618334,Manipur,2021-12-01,2023-02-01,2025-02-01,2026-12-01,504.76,504.76,325.89,95.2,122,July 2026,FlashReport_July_2026.pdf
1271,Widening to 2 Lane with Paved shoulder of lmphal to Jiribam section of NH-37 from Design Ch. from Km 101280 Near Khongsang Village to Km 131280 near Puilon Kambiron Village on EPC Mode in Manipur PKG-5,NHIDCL,618335,Manipur,2021-12-01,2022-11-01,2024-05-01,2026-12-01,410.68,410.68,382.67,91.02,122,July 2026,FlashReport_July_2026.pdf
1272,Widening to 2 -Lane with Paved shoulder of Imphal to Jiribam section of NH-37 from Design Chainage 66.110 km to 101.280 Km Existing Chainage km 67.496 to km 103.557 on EPC Mode in Manipur PKG-4,NHIDCL,618336,Manipur,2021-09-01,2022-06-01,2023-12-01,2026-12-01,579.63,579.63,408.21,86.05,122,July 2026,FlashReport_July_2026.pdf
1273,Widening to 2 -Lane with Paved shoulder of Imphal to Jiribam section of NH-37 from Design Chainage 33.000 km to 66.390 Km Existing Chainage from km 33.395 to km 67.496 on EPC Mode in Manipur PKG-3,NHIDCL,618337,Manipur,2021-03-01,2021-09-01,2023-03-01,2026-03-01,467.0,467.0,593.79,86.33,122,July 2026,FlashReport_July_2026.pdf
1274,Widening to 2-Lane with Paved shoulder of Imphal to Jiribam section of NH-37 from Design Chainage 15.940 km to 33.120 Km Existing Chainage Km 15.946 to Km 33.395 Total length17.180 Km in the State of Manipur on EPC mode PKG-2 - Balance Works & Rectification works,NHIDCL,618338,Manipur,2021-03-01,2025-03-01,2026-03-01,2026-10-01,195.14,195.14,162.71,93.1,122,July 2026,FlashReport_July_2026.pdf
1275,Widening to 2-lane with Hard shoulder of Churachandpur to Tuivai Section of NH- 102B from Design Chainage 69.875 Km to 121.769 Km in the State of Manipur on EPC mode Package-3,NHIDCL,618344,Manipur,2021-03-01,2021-08-01,2023-08-01,2026-12-01,673.27,673.27,563.39,85.84,122,July 2026,FlashReport_July_2026.pdf
1276,Widening to 2-lane with Hard shoulder of Churachandpur to Tuivai Section from Km 48.587 to Km 69.875 in the State of Manipur on EPC mode under NHO Package-2B,NHIDCL,618345,Manipur,2020-06-01,2020-08-01,2022-08-01,2026-08-01,365.53,365.53,198.28,88.2,122,July 2026,FlashReport_July_2026.pdf
1277,Widening to 2-lane with Hard shoulder of Churachandpur to Tuivai Section of NH- 102B from km 32.835 to km 48.587 in the State of Manipur on EPC mode under NHO Package-2A,NHIDCL,618346,Manipur,2020-04-01,2020-07-01,2022-06-01,2026-08-01,232.99,232.99,155.44,100.0,123,July 2026,FlashReport_July_2026.pdf
1278,Widening to 2-lane with Hard shoulder of Churachandpur to Tuivai Section of NH- 102B from km 13.747 to km 32.835 in the State of Manipur on EPC mode under NHO Package-1B,NHIDCL,618347,Manipur,2020-04-01,2020-07-01,2022-06-01,2026-08-01,241.52,241.52,164.85,100.0,123,July 2026,FlashReport_July_2026.pdf
1279,Balance work of Widening to 2 Two lane with hard shoulder of Churachandpur to Tuivai section of NH-102B from km 130.000 to km 141.029 Package-4B in the State of Manipur on EPC Mode,NHIDCL,618348,Manipur,2020-06-01,2025-11-01,2026-11-01,2026-11-01,177.76,177.76,97.93,9.17,123,July 2026,FlashReport_July_2026.pdf
1280,Balance work of Widening to 2 Two lane with hard shoulder of Churachandpur to Tuivai section of NH-102B from Design Chainage km 118850 to km 130000 Package- 4A in the State of Manipur on EPC Mode,NHIDCL,618349,Manipur,2020-04-01,2025-08-01,2026-08-01,2026-08-01,204.12,204.12,112.41,25.93,123,July 2026,FlashReport_July_2026.pdf
1281,"Construction of of 2 -Lane with paved shoulders road from Tamenglong-Tousem- Lisang-Mahur Road NH-137 starting near Dialong Village from km 10.000 at Dialong to km 31.430 near Old Tamenglong , near Barak River on EPC Mode Package-2",NHIDCL,618355,Manipur,2021-07-01,2021-09-01,2023-03-01,2026-03-01,483.87,483.87,375.87,95.28,123,July 2026,FlashReport_July_2026.pdf
1282,Construction of 2 -Lane with paved shoulders road from Tamenglong to Mahur in the state of Manipur from km 31.430 at Old Tamenglong to km 43.480 ending near Phelong on EPC Mode Package-3,NHIDCL,618356,Manipur,2021-03-01,2021-06-01,2022-12-01,2026-04-01,234.08,234.08,201.13,98.5,123,July 2026,FlashReport_July_2026.pdf
1283,Construction of 2 -Lane with paved shoulders road from Tamenglong to Mahur NH- 137 in Manipur starting from km 54.180 near Azuram to km 80.630 near Mandeu on EPC Mode Package 5,NHIDCL,618357,Manipur,2021-09-01,2021-11-01,2023-05-01,2026-01-01,477.86,477.86,330.13,84.87,123,July 2026,FlashReport_July_2026.pdf
1284,Construction of 2 -Lane with paved shoulders road from Tamenglong to Mahur NH- 137 starting from km 80.630 near Mandeu to km 96.870 near Jiri River on EPC Mode Package-6,NHIDCL,618358,Manipur,2021-09-01,2021-11-01,2023-05-01,2025-12-01,311.18,311.18,231.08,86.87,123,July 2026,FlashReport_July_2026.pdf
1285,Construction of 2-laning with Hard shoulder of Ukhrul Tolloi - Tadubi section of NH- 102A from Design Chainage km 9450 to km 50850 in the State of Manipur on EPC mode under NHO-NE Package-2,NHIDCL,618387,Manipur,2023-03-01,2024-03-01,2026-03-01,2026-12-01,578.98,578.98,278.6,80.04,123,July 2026,FlashReport_July_2026.pdf
1286,Construction of 2-laning with Hard shoulder road of Ukhrul - Tolloi - Tadubi section of NH-102A from Design Chainage 50.850 km to 81.870 km in the State of Manipur on EPC mode under NHO-TSP Package -3,NHIDCL,618388,Manipur,2021-09-01,2023-07-01,2025-01-01,2026-12-01,315.56,315.56,257.41,94.5,123,July 2026,FlashReport_July_2026.pdf
1287,Construction of 2-laning with Hard shoulder road of Ukhrul - Tolloi - Tadubi section of NH-102A from Design Chainage 81.870 km to 105.825 km in the State of Manipur on EPC mode under NHO-TSP Package -4,NHIDCL,618389,Manipur,2021-09-01,2022-08-01,2024-02-01,2026-08-01,310.76,310.76,287.73,97.0,123,July 2026,FlashReport_July_2026.pdf
1288,"Improvement of existing road to 2 laning with Hard Shoulders of Maram-Peren section Package-1B, length- 17.660 km from Design Chainage 22.340 km to 40.000 km on NH-129A in the State of Manipur on EPC mode",NHIDCL,618415,Manipur,2021-02-01,2021-06-01,2022-12-01,2026-03-01,188.36,188.36,0.0,100.0,123,July 2026,FlashReport_July_2026.pdf
1289,"Improvement of existing road to 2 laning with Hard Shoulders of Maram -Peren section Package-1A, length- 22.340Km from Design Chainage 0.000 km to 22.340 km on NH-129A in the State of Manipur on EPC mode",NHIDCL,618416,Manipur,2021-02-01,2021-06-01,2022-12-01,2027-03-01,226.32,226.32,190.19,75.08,123,July 2026,FlashReport_July_2026.pdf
1290,Rehabilitation and Up-gradation of Nongstoin Wahkaji section of Project Road Km 0000 to Km 43060 to Intermediate Lane with earthern shoulder under SARDP-NE Phase-A in the State of Meghalaya on EPC mode. Job No- SARDP-NE ong-Don- Maw/MG/2020-21/294,MoRTH,617885,Meghalaya,2020-08-01,2022-02-01,2023-08-01,2026-08-01,302.88,302.88,187.77,99.62,123,July 2026,FlashReport_July_2026.pdf
1291,Improvement and Widening two lannig with paved Shoulder of NH 127B from km 31.500 Goeragre to km 63.224 Package-II in state of Meghalaya,MoRTH,618076,Meghalaya,2023-12-01,2025-05-01,2027-05-01,,504.0,350.67,0.0,4.5,123,July 2026,FlashReport_July_2026.pdf
1292,Improvement and Widening of National Highway No. 127B Darugiri - Songsak - Williamnagar Junction Section to two lane with paved shoulder from design Km 0000 to Km 36635 Design length 36.635 Km existing Km 112000 to Km 151060 of NH-1278 under Bharatmala Pariyojana Lot-1 Pkg-1B Meghalaya portion,NHIDCL,618294,Meghalaya,2023-03-01,2025-09-01,2027-09-01,2027-09-01,801.07,801.07,176.55,26.8,124,July 2026,FlashReport_July_2026.pdf
1293,Improvement/Widening of New NH-217 Dainadubi-Darugiri section to Two lane with paved shoulder in Meghalaya from design Km 0000 to Km 40840 existing Km 8600 to Km 53000 of Old NH-62 under BMP Lot-1 Pkg-1B Meghalaya portion,NHIDCL,618295,Meghalaya,2023-03-01,2025-03-01,2027-03-01,2027-03-01,705.83,705.83,0.0,46.38,124,July 2026,FlashReport_July_2026.pdf
1294,Improvement/Widening to 2-L with Paved Shoulder/ 4-Laning of NH-40 section from Km 151330 to Km 163400 design Km 63.530 to Km 71.520 including Dawki Bridge of length 368 m between Shillong-Dawki under JICA ODA Loan assistance Phase-II Pkg- 5 -Balance work,NHIDCL,618374,Meghalaya,2020-07-01,2024-05-01,2026-11-01,2026-11-01,284.21,284.21,170.81,42.91,124,July 2026,FlashReport_July_2026.pdf
1295,Improvement/Widening to 2-Lane with Paved Shoulder from design Km 45.760 to Km 63.530 between Shillong-Dawki under JICA ODA Loan assistance Phase-II -Balance work Pkg-4,NHIDCL,618375,Meghalaya,2020-07-01,2024-04-01,2026-04-01,2026-10-01,445.51,445.51,42.39,53.43,124,July 2026,FlashReport_July_2026.pdf
1296,Improvement/Widening to 2-Lane with Paved Shoulder between Shillong-Dawki road up to Bangladesh Border from design Km 10.670 to Km 37.550 under JICA ODA Loan assistance Phase-II -Balance Work-Pkg-2,NHIDCL,618376,Meghalaya,2020-07-01,2024-02-01,2026-08-01,2026-12-01,525.67,525.67,0.0,53.21,124,July 2026,FlashReport_July_2026.pdf
1297,Improvement/Widening to 2-L with Paved Shoulder/4-L from Km 81740 to Km 93490 design Km 0000 to Km 10670 of NH-40 New NH-106 & 206 section & 4-L from design Km 0.00 to Km 0.930 of NH-44 section between Shillong-Dawki under JICA ODA Loan assistance Phase-II -Balance Work Pkg-1,NHIDCL,618377,Meghalaya,2020-07-01,2023-10-01,2025-10-01,2026-06-01,351.12,351.12,243.15,100.0,124,July 2026,FlashReport_July_2026.pdf
1298,Rehabilitation and up gradation of Nongstoin-Rambrai-Kyrshai road up to Meghalaya- Assam border from Km 0.335 to km 34.039 to 2-Lane under NHO - NE in the State of Meghalaya Package-1,NHIDCL,618418,Meghalaya,2021-09-01,2022-05-01,2024-05-01,2026-12-01,359.86,359.86,310.07,83.05,124,July 2026,FlashReport_July_2026.pdf
1299,"Construction of 2-Lane with paved shoulders of Shillong Western Bypass starting from NH-06 near Ladumsaw existing Km 60.900 of old NH40 to NH106 old NH 44E Package-III, from km 24700 to km 38256 under SARDP-NE PHASE A in the state of Meghalaya on EPC Mode Greenfield alignment",NHIDCL,618419,Meghalaya,2023-03-01,2024-09-01,2026-09-01,2026-09-01,562.48,562.48,340.17,52.28,124,July 2026,FlashReport_July_2026.pdf
1300,"Construction of 2 lane with paved shoulder of Shillong Western Bypass starting from NH-06 near Ladumsaw existing km 60.900 of old NH-40 to NH-106 old NH-44E, Package-II km 12800 to km 24700 under SARDP-NE Phase A in the State of Meghalaya on EPC Mode",NHIDCL,618420,Meghalaya,2023-03-01,2024-09-01,2026-09-01,2026-09-01,686.03,686.03,357.32,50.48,124,July 2026,FlashReport_July_2026.pdf
1301,"Construction of 2-Lane with paved shoulder of Shillong Western Bypass starting from NH-06 near Ladumsaw Existing km 60.900 of old NH-40 to NH106 old NH-44E, km 0000 to km 12800 Package-I under SARDP-NE PHASE A in the State of Meghalaya on EPC Mode Greenfield alignment",NHIDCL,618421,Meghalaya,2023-03-01,2024-09-01,2026-09-01,2026-09-01,620.3,620.3,332.95,74.85,124,July 2026,FlashReport_July_2026.pdf
1302,4-Laning of Vairengte - Chhimluang section Package-3 of NH-306 from Existing Chainage km 43000 to Km 59700 Design Chainage km 46000 to km 60850 on Silchar - Vairengte- Sairang road in the State of Mizoram under Bharatmala Pariyojna under NHO-NE. Package-1&2 in Assam state,NHIDCL,618316,Mizoram,2021-12-01,2025-07-01,2027-01-01,2026-12-01,491.39,491.39,238.01,17.86,124,July 2026,FlashReport_July_2026.pdf
1303,4-Laning of chhimluang-Kolasib from section pkg-4 of NH-306 & NH-6 existing chainage km 59700 to km 86000 design chainage km 61000 to km 77500 on Silchar- vairengte-sairang road in the state of Mizoram under Bharatmala Pariyojna on EPC mode Vairengte - Sairang Pkg-4,NHIDCL,618317,Mizoram,2021-12-01,2025-07-01,2027-01-01,2026-12-01,561.91,561.91,223.99,17.12,124,July 2026,FlashReport_July_2026.pdf
1304,4-Laning of Kolasib - Sethawn section Package-5 of NH-6 from Existing Chainage km 86000 to km 107850 Design Chainage km 77500 to km 95500 on silchar - vairengte - sairang road under Bharatmala Pariyojna on EPC mode under NHO-NE Vairengte - Sairang Pkg-5,NHIDCL,618318,Mizoram,2021-11-01,2025-07-01,2027-07-01,2027-06-01,720.4,720.4,259.85,11.86,124,July 2026,FlashReport_July_2026.pdf
1305,"4-Laning of Sethawn - N. Kawnpui section Package-6 of NH-6 from Existing Chainage km 107850 to km 126315 Design Chainage km 95500 to km 111850 on Silchar- Vairengte- Sairang road, Vairengte - Sairang Pkg-6",NHIDCL,618319,Mizoram,2021-12-01,2025-07-01,2027-01-01,2026-12-01,595.65,595.65,189.39,6.72,124,July 2026,FlashReport_July_2026.pdf
1306,Construction of 4-Laning of N. Kawnpui N. Mualvum Mualkhang via Khamrang Village section Package-7 of NH-6 from Existing Chainage km 127200 to km 142000 Design Chainage km 111850 to km 123400 on Silchar - Vairengte - Sairang road in the State of Mizoram on EPC mode,NHIDCL,618320,Mizoram,2024-02-01,2025-10-01,2028-10-01,,866.32,866.32,190.01,18.9,125,July 2026,FlashReport_July_2026.pdf
1307,Construction of 4-Laning of West Serawlg-Sairang section of NH-6 from Existing Chainage km 142000 to km 158900 Design Chainage km 123400 to km 136260 on Silchar - Vairengte - Sairang road in the State of Mizoram under Bharatmala Pariyojna on EPC mode under NHO-NE Package-8,NHIDCL,618321,Mizoram,2024-02-01,2025-11-01,2028-11-01,,875.79,875.79,288.34,13.95,125,July 2026,FlashReport_July_2026.pdf
1308,Construction of Twin Tube Uni-directional Aizawl Bypass Tunnel of 2.5 km and its approaches of 2.1 km from km 10.600 to km 15.200 on Sarrang - Phaibawk section of NH-6 in the State of Mizoram on EPC Mode under NHO-NE Package-2,NHIDCL,618323,Mizoram,2024-01-01,2025-12-01,2028-12-01,,1313.28,1313.28,0.11,0.0,125,July 2026,FlashReport_July_2026.pdf
1309,Construction of 2-lane Aizawl Bypass from km 15.200 to km 34.500 Package-3 on Sairang - Phaibawk section of NH-6 in the State of Mizoram under Bharatmala Pariyojna on EPC Mode under NHO-NE,NHIDCL,618324,Mizoram,2023-02-01,2025-10-01,2028-11-01,,720.72,720.72,102.62,15.1,125,July 2026,FlashReport_July_2026.pdf
1310,Construction of 2-laning with hard shoulder of Lunglei to Chhumkhum from Design Chainage Km 0.000 to Km 37.420 of NH-302 [Lunglei-Tlabung] Package-A,NHIDCL,618362,Mizoram,2021-03-01,2021-06-01,2022-12-01,2026-11-01,698.45,698.45,553.89,64.78,125,July 2026,FlashReport_July_2026.pdf
1311,Construction of 2-laning with hard shoulder configuration of Chhumkhum to Tlabung from Design Chainage Km 37.420 to Km 74.950 of NH-302 in Mizoram under Bharatmala Pariyojana on EPC mode [Pkg-B],NHIDCL,618363,Mizoram,2021-06-01,2021-07-01,2023-01-01,2026-12-01,740.58,740.58,494.49,61.34,125,July 2026,FlashReport_July_2026.pdf
1312,Widening and Up-gradation to 2- Lane with Paved Shoulder Configuration and geometric improvement from Km. 208. 000 to Km 250.000 Package-5 on Aizawl Tuipang Section of NH-54 in the State of Mizoram Package-5,NHIDCL,618379,Mizoram,2019-09-01,2019-10-01,2023-04-01,2026-06-01,752.89,752.89,125.64,95.35,125,July 2026,FlashReport_July_2026.pdf
1313,Widening and Up-gradation to 2- Lane with Paved Shoulder Configuration and geometric improvement from Km. 125. 000 to Km 166 Package-3 on Aizawl Tuipang Section of NH-54 in the State of Mizoram Package-3,NHIDCL,618380,Mizoram,2019-09-01,2019-10-01,2023-04-01,2026-06-01,867.09,867.09,525.13,97.51,125,July 2026,FlashReport_July_2026.pdf
1314,Widening and up-gradation to 2-lane with paved shoulder configuration and geometric improvements from km 339.00 to km 380.00 Siaha on Aizawl-Tuipang section under JICA ODA Loan assistance Phase-I Package-8,NHIDCL,618383,Mizoram,2019-09-01,2020-03-01,2023-09-01,2026-06-01,637.06,637.06,547.01,99.82,125,July 2026,FlashReport_July_2026.pdf
1315,"2-laning of Zorinpui - Longmasu section of NH-502A from km 0.000 to km 28.244 in the State of Mizoram on EPC mode under NHO-NE, stretch of IMBR",NHIDCL,618452,Mizoram,2023-02-01,2024-12-01,2026-12-01,2027-07-01,781.85,781.85,48.26,4.71,125,July 2026,FlashReport_July_2026.pdf
1316,Up-gradation to 2 lane with paved shoutders of Pawlrang - Rulchawm section- of NH- 102B of Aizawl - Imphal Economic Corridor from Existing Chainage km 72.030 to km 104.129 including 2.459 km re-alignment section from Tuivai River to Rulchawm connecting km 48.150 of NH-6 [Design Chainage km 68.170 to km 98.579] in the State of Mizoram under Bharatmala Pariyojna on EPC mode under NHO-NE Package-3 Keifang- Tuivai Pkg-3,NHIDCL,619010,Mizoram,2021-12-01,2023-11-01,2025-05-01,2026-07-01,500.88,500.88,443.61,99.52,125,July 2026,FlashReport_July_2026.pdf
1317,Balance work of widening to two laning/re-alignment and geometric improvement from Km. 11000 to Km. 114618 with rectification of damaged stretches and provision of protection works in vulnerable location of NH-44 in the State of Mizoram.,MoRTH,619321,Mizoram,2025-10-01,2026-05-01,2028-05-01,,170.96,170.96,0.0,2.0,125,July 2026,FlashReport_July_2026.pdf
1318,Bangalore Chennai Expressway Phase-II Pkg-I from km.71.000 to Km 96.000 Bethamangala in the state of Karnataka to Byreddypalli,NHAI,619199,"Multi-States (Andhra Pradesh, Karnataka)",2020-12-01,2022-10-01,2024-10-01,2026-09-01,1410.01,1410.01,744.42,99.2,125,July 2026,FlashReport_July_2026.pdf
1319,6L Aluru - Jakkuva Section of NH-130CD Road from km 365.033 to km 396.800 Pkg. 1,NHAI,618681,"Multi-States (Andhra Pradesh, Odisha)",2021-02-01,2022-03-01,2024-03-01,2026-08-01,1216.12,1241.66,703.33,99.63,125,July 2026,FlashReport_July_2026.pdf
1320,Bangalore Chennai Expressway Phase-III Package I Gudipala to Walajajhpet from Km 156.000 to Km 180.000,NHAI,618477,"Multi-States (Andhra Pradesh, Tamil Nadu)",2020-10-01,2022-05-01,2024-05-01,2026-08-01,1481.87,1481.87,746.74,99.02,125,July 2026,FlashReport_July_2026.pdf
1321,6L of Veera Kaveri Raja Puram to Pondavakkam from km 61.380 to km 96.040 of NH 716B Pkg-III,NHAI,618634,"Multi-States (Andhra Pradesh, Tamil Nadu)",2021-03-01,2023-01-01,2025-01-01,2026-09-01,1439.77,1439.77,808.62,98.89,125,July 2026,FlashReport_July_2026.pdf
1322,Walajahpet/Ranipet to TN/AP Border Section of from Km.106.800 to Km.133.36 NH-4,NHAI,618769,"Multi-States (Andhra Pradesh, Tamil Nadu)",2024-12-01,2025-09-01,2027-09-01,2027-09-01,1338.14,1214.7,240.77,15.58,126,July 2026,FlashReport_July_2026.pdf
1323,6L of Kumarajapet to Veera Kaveri Raja Puram from km 43.800 to km 61.380 of NH- 716B Pkg-II,NHAI,618772,"Multi-States (Andhra Pradesh, Tamil Nadu)",2021-02-01,2023-10-01,2025-10-01,2026-09-01,702.52,799.36,405.81,99.8,126,July 2026,FlashReport_July_2026.pdf
1324,6 laning of Balance Work of Chennai - Tada from km. 21.40 to km. 54.40,NHAI,619077,"Multi-States (Andhra Pradesh, Tamil Nadu)",2017-12-01,2018-03-01,2020-03-01,2026-08-01,464.62,472.37,389.77,100.0,126,July 2026,FlashReport_July_2026.pdf
1325,Khammam-Devarapalle Pkg III [4L Access Controlled Greenfield from Chintagudem village to Recherla village Design Chainage 63117 to 105236],NHAI,618747,"Multi-States (Andhra Pradesh, Telangana)",2021-01-01,2022-09-01,2024-09-01,2026-08-01,829.5,1227.07,649.55,98.82,126,July 2026,FlashReport_July_2026.pdf
1326,4L Access Controlled Greenfield Highway section on NH-163G Khammam Vijayawada from Remidicherla village at Design Ch. 280.200 Km to Jakkampudi village on NH-16 at Design Ch. 309.909 Km Package-III,NHAI,618818,"Multi-States (Andhra Pradesh, Telangana)",2023-03-01,2025-10-01,2027-05-01,2027-12-01,1183.23,1225.14,228.68,5.8,126,July 2026,FlashReport_July_2026.pdf
1327,4L Access Controlled Greenfield Highway section on NH-163G Khammam Vijayawada from BrahmanapalliK village at Design Ch. 250.400 Km to Remidicherla village at Design Ch. 280.200 KmPackage-II,NHAI,619143,"Multi-States (Andhra Pradesh, Telangana)",2023-03-01,2025-03-01,2027-03-01,2027-06-01,826.01,862.58,175.85,25.78,126,July 2026,FlashReport_July_2026.pdf
1328,6L Access Controlled Greenfield Highway of Julekal village to Dinnedevarapadu village from Km 242.200 to Km 280.400 Pkg-2,NHAI,619212,"Multi-States (Andhra Pradesh, Telangana)",2022-01-01,2023-01-01,2025-01-01,2027-04-01,1227.57,1315.87,539.17,70.6,126,July 2026,FlashReport_July_2026.pdf
1329,Widening/Improvement to 4-Lane with Paved Shoulder from km 55000 Nagabang Gamsuk to km 82514 Oyan in the State of Assam and Arunachal Pradesh on EPC mode under Bharatmala Pariyojna of Length 27.514 Km Package-3,NHIDCL,618359,"Multi-States (Arunachal Pradesh, Assam)",2023-03-01,2024-09-01,2027-03-01,2027-03-01,665.47,665.47,380.59,96.7,126,July 2026,FlashReport_July_2026.pdf
1330,6L of Aurangabad to Bihar-Jharkhand border Chordaha section from km. 180.000 to km. 209.827 of NH-2 PKG-01,NHAI,618531,"Multi-States (Bihar, Jharkhand)",2021-02-01,2024-12-01,2026-12-01,2026-12-01,1054.46,786.81,202.27,37.93,126,July 2026,FlashReport_July_2026.pdf
1331,6L Greenfield Varanasi-Ranchi-Kolkata Highway from Anarbansalea village to Sagrampur village From KM. 151200 to KM. 184700Package-7,NHAI,618724,"Multi-States (Bihar, Jharkhand)",2023-03-01,2025-07-01,2027-06-01,2027-06-01,1719.2,1723.42,340.33,28.16,126,July 2026,FlashReport_July_2026.pdf
1332,6L Greenfield Varanasi- Ranchi- Kolkata Highway from Sonepurbigha village to junction with NH- 22 Chatra Bypass near Chatra from km 184.700 to km 222.000Pkg - 8,NHAI,618732,"Multi-States (Bihar, Jharkhand)",2023-03-01,2026-05-01,2028-05-01,2028-05-01,1728.17,1728.17,200.25,3.94,126,July 2026,FlashReport_July_2026.pdf
1333,Hariharganj to Parwa Mode section from km 23.284 to km 57.049 of NH-98,NHAI,618951,"Multi-States (Bihar, Jharkhand)",2020-09-01,2022-03-01,2024-02-01,2026-08-01,1125.78,1186.56,830.06,91.3,126,July 2026,FlashReport_July_2026.pdf
1334,4L of Sahibganj - Manihari Ganga Bridge including Manihari Bypass,NHAI,618952,"Multi-States (Bihar, Jharkhand)",2016-10-01,2020-11-01,2024-10-01,2027-10-01,1954.77,1978.01,2025.05,87.02,126,July 2026,FlashReport_July_2026.pdf
1335,Six Laning of Bihar - Jharkhand Border Chordaha - Gorhar section of NH-2 from km 249.525 to km 320.810,NHAI,619078,"Multi-States (Bihar, Jharkhand)",2017-12-01,2019-06-01,2021-11-01,2026-12-01,1772.7,1689.17,1275.76,78.0,126,July 2026,FlashReport_July_2026.pdf
1336,4L of Munger Mirzachauki section from Km 157350 to Km 193931 Pkg-4,NHAI,619307,"Multi-States (Bihar, Jharkhand)",2021-02-01,2022-08-01,2024-08-01,2026-08-01,1376.56,1481.58,893.34,92.74,126,July 2026,FlashReport_July_2026.pdf
1337,Six Laning of Varanasi to Aurangabad from km. 786.00 to km. 978.40 of Old NH-2,NHAI,618530,"Multi-States (Bihar, Uttar Pradesh)",2009-02-01,2011-09-01,2014-03-01,2026-08-01,3241.56,3241.56,2860.22,99.92,126,July 2026,FlashReport_July_2026.pdf
1338,6L Greenfield Varanasi-Ranchi-Kolkata Highway from junction with NH-19 & Varanasi Ring Road near Rewasa village to junction with Chandauli-Chainpur road near Khainti village from Km. 0.000 to Km. 27.000 - Pkg-1,NHAI,618728,"Multi-States (Bihar, Uttar Pradesh)",2023-03-01,2024-11-01,2026-11-01,2027-05-01,1433.39,1564.15,559.01,47.63,126,July 2026,FlashReport_July_2026.pdf
1339,Construction of additional 3-Lane Bridge over River Ganga for connection between Buxar and Bharauli on NH-922 in the State of Uttar Pradesh and Bihar on Hybrid Annuity Mode,NHAI,618882,"Multi-States (Bihar, Uttar Pradesh)",2024-03-01,2025-08-01,2028-02-01,2028-02-01,531.61,444.92,47.11,22.26,126,July 2026,FlashReport_July_2026.pdf
1340,Construction of Four Lane Highway from Ghazipur- Ballia-UP/Bihar State Border Greenfield section of NH-31 Package III [from Pindari km 78.150 to Rawalganj Bypass Km 117.120] on EPC Mode in the state of Uttar Pradesh.,NHAI,619154,"Multi-States (Bihar, Uttar Pradesh)",2022-10-01,2023-08-01,2025-08-01,2026-10-01,1493.5,1493.59,1044.81,86.11,127,July 2026,FlashReport_July_2026.pdf
1341,4L of Kishanganj - Bahadurganj section from Km. 0.000 to Km. 23.649 & interchange at Start Point Length - 1.200 Km of NH-27,NHAI,618584,"Multi-States (Bihar, West Bengal)",2025-01-01,2025-12-01,2027-12-01,2027-12-01,962.84,855.56,181.12,20.14,127,July 2026,FlashReport_July_2026.pdf
1342,Vadodara Mumbai Expressway Talsari to Karvad Phase IB - Pkg X [Km 103.400 to Km 128.000],NHAI,619064,"Multi-States (Dadra & Nagar Haveli and Daman & Diu, Gujarat, Maharashtra)",2020-10-01,2022-03-01,2024-03-01,2027-12-01,1909.74,2652.24,1097.32,36.23,127,July 2026,FlashReport_July_2026.pdf
1343,Balance work of 2L PS from Km 30.800 to Km 70.800 and 2L with Rigid Carriageway from Km 70.800 to km 84.120 of Khanapur- KA/GOA Border section of NH-4A,NHAI,618942,"Multi-States (Goa, Karnataka)",2022-01-01,2022-11-01,2024-05-01,2027-03-01,226.76,149.44,110.31,84.7,127,July 2026,FlashReport_July_2026.pdf
1344,Bal. Works of Fagne Km. 510.000 to Maharashtra/Gujarat Border Km. 650.794,NHAI,618637,"Multi-States (Gujarat, Maharashtra)",2019-12-01,2020-09-01,2022-09-01,2026-12-01,1654.07,1672.89,1447.76,99.7,127,July 2026,FlashReport_July_2026.pdf
1345,Delhi-Amritsar-Katra Expressway Phase-I Pkg-V from Junction with Ambala-Kaithal- Hissar road NH-152 near Kharak Pandwa village to Junction with Patiala-Samana- Patran road SH-10 near Ghagga village Km 120250 to Km 157920,NHAI,618486,"Multi-States (Haryana, Punjab)",2021-01-01,2022-05-01,2024-05-01,2026-08-01,1741.86,2281.02,1508.2,98.7,127,July 2026,FlashReport_July_2026.pdf
1346,4L Ismailabad to Ambala Section of NH-152 Lot-4/Package-1,NHAI,619093,"Multi-States (Haryana, Punjab)",2023-02-01,2023-12-01,2025-12-01,2027-02-01,609.32,454.34,308.0,76.3,127,July 2026,FlashReport_July_2026.pdf
1347,6L of Ambala-Chandigarh greenfield section from Km. 0.000 to Km. 25.000 with 4L spur to Lalru from Km. 0.000 to Km. 5.828 & spur to PR-7 road from Km. 0.000 to Km. 11.157,NHAI,619134,"Multi-States (Haryana, Punjab)",2022-03-01,2023-10-01,2025-10-01,2026-09-01,1641.66,1904.79,1277.92,90.01,127,July 2026,FlashReport_July_2026.pdf
1348,6L access Controlled Greenfield Highway from Adhoya Musalmana to Sadopur section of Shamli -Ambala Package-III Design Ch. Form km 84.400 to km 121.786,NHAI,619216,"Multi-States (Haryana, Punjab)",2022-05-01,2023-05-01,2025-05-01,2026-12-01,1491.72,1122.86,791.92,81.33,127,July 2026,FlashReport_July_2026.pdf
1349,Additional Structures on 6LGurgaon-Jaipur Section of NH-48 between KM 42.700 to KM 273.00,NHAI,618505,"Multi-States (Haryana, Rajasthan)",2022-08-01,2022-12-01,2024-06-01,2026-08-01,409.64,290.64,200.31,88.9,127,July 2026,FlashReport_July_2026.pdf
1350,4 laning of Aligarh-Palwal Section from Km. 46.390 Design Chainage to Km. 69.110 Terminating at junction EPE Package-II from Kurana- Eastern Peripheral Expressway of NH-334D,NHAI,618691,"Multi-States (Haryana, Uttar Pradesh)",2024-03-01,2025-08-01,2027-08-01,2027-08-01,939.17,903.94,250.21,17.16,127,July 2026,FlashReport_July_2026.pdf
1351,6L access Controlled Greenfield Highway from Ranipur Barsi to Adhoya Musalmana section of Shamli -Ambala Package-II Design Ch. Form km 45.500 to km 84.400,NHAI,618723,"Multi-States (Haryana, Uttar Pradesh)",2022-06-01,2023-05-01,2025-05-01,2027-02-01,1554.21,1241.89,847.9,82.75,127,July 2026,FlashReport_July_2026.pdf
1352,Construction of Greenfield Connectivity to Jewar International Airport from DND- Faridabad-Ballabhgarh Bypass KMP Link - Spur to Delhi Mumbai Expressway,NHAI,619068,"Multi-States (Haryana, Uttar Pradesh)",2022-07-01,2023-06-01,2025-06-01,2027-04-01,2920.69,3485.77,1772.67,76.3,127,July 2026,FlashReport_July_2026.pdf
1353,2L/4L of Hoshiarpur to Una section including Hoshiarpur Bypass of NH 503A,NHAI,618907,"Multi-States (Himachal Pradesh, Punjab)",2023-03-01,2025-05-01,2027-05-01,2027-05-01,571.34,481.88,257.79,26.43,127,July 2026,FlashReport_July_2026.pdf
1354,Delhi-Amritsar-Katra Expressway Phase-II Pkg-XIV from Junction with Pathankot- Gurdaspur road NH-54 near Balsua to Junction with Hiranagar Road near village Gurha Baildaran km 423500 to km 468100,NHAI,619066,"Multi-States (Jammu and Kashmir, Punjab)",2021-10-01,2022-09-01,2024-09-01,2026-10-01,3044.02,3707.91,1776.5,87.3,127,July 2026,FlashReport_July_2026.pdf
1355,Barwa Adda Km. 398.240 to Panagarh Km. 521.120,NHAI,618533,"Multi-States (Jharkhand, West Bengal)",2010-08-01,2014-04-01,2016-09-01,2026-08-01,1560.39,1568.22,1694.94,100.0,127,July 2026,FlashReport_July_2026.pdf
1356,6L Greenfield Varanasi- Ranchi- Kolkata Highway from junction with NH-320 in Lepo village to Kamlapur villageJH/WB border from km 358.500 to km 387.200 Pkg -13,NHAI,618734,"Multi-States (Jharkhand, West Bengal)",2023-03-01,2025-09-01,2027-09-01,2027-09-01,1154.49,1319.18,330.27,24.76,127,July 2026,FlashReport_July_2026.pdf
1357,2L PS of JH / WB Border km. 70.524 - Purulia km.84.400 & Purulia km. 94.30 - Chandil Junction with NH-33 km. 153.705 of Old NH-32,NHAI,618909,"Multi-States (Jharkhand, West Bengal)",2018-03-01,2019-12-01,2022-08-01,2026-10-01,1652.4,1771.88,1652.04,97.65,127,July 2026,FlashReport_July_2026.pdf
1358,4L of NH-80 section of Mirza Chauki to Farakka section from existing km 190.00 to design km 200.75 junction at km 3.100 of NH 133 B and from existing km 260.00 to existing km 283.00 design km 274.133 in the state of Jharkhand package - II,NHAI,618948,"Multi-States (Jharkhand, West Bengal)",2025-02-01,2026-02-01,2028-01-01,2028-01-01,782.18,782.18,224.06,8.65,128,July 2026,FlashReport_July_2026.pdf
1359,Six Laning of KT/KL Border Thalapaddy -Chengala from Km. 17.200 to Km. 57.20,NHAI,619205,"Multi-States (Karnataka, Kerala)",2020-05-01,2021-11-01,2024-05-01,2026-08-01,1981.07,2681.48,1701.33,100.0,128,July 2026,FlashReport_July_2026.pdf
1360,6L from Sankeshwar Bypass to MH-KNT Border from Km. 555.017 to Km. 592.853 of NH-48 Pkg-II,NHAI,618516,"Multi-States (Karnataka, Maharashtra)",2022-01-01,2022-10-01,2025-04-01,2027-05-01,1388.7,1066.86,1183.98,85.3,128,July 2026,FlashReport_July_2026.pdf
1361,Akkalkot MH/KN border New Greenfield corridor from Km 512.000 to Km 548.400 of NH-150C part of Akkalkot KN/TS Border section Package XIV,NHAI,618636,"Multi-States (Karnataka, Maharashtra)",2023-03-01,2024-10-01,2026-10-01,2027-06-01,1370.75,1403.49,322.92,57.62,128,July 2026,FlashReport_July_2026.pdf
1362,Bangalore Ring Road STRR-NH-948A- Package-I of Phase-III from Belagondapalli TN to TN/KNT border from km 144.480 to 179.969,NHAI,618519,"Multi-States (Karnataka, Tamil Nadu)",2022-03-01,2023-05-01,2025-05-01,2026-12-01,1260.74,1218.47,777.0,92.95,128,July 2026,FlashReport_July_2026.pdf
1363,Hosur to Dhamrapuri Pkg-1 [Neraluru - Thorapalli Agraharam],NHAI,618581,"Multi-States (Karnataka, Tamil Nadu)",2021-10-01,2022-10-01,2024-10-01,2027-01-01,1828.66,1828.66,1464.36,78.7,128,July 2026,FlashReport_July_2026.pdf
1364,6L of MH/KN Border Nimbal Village to KN/TS Border Singnodi Village from Km. 162.5 to Km. 203.100 in Raichur of NH-150C Pkg-IV,NHAI,618631,"Multi-States (Karnataka, Telangana)",2022-03-01,2022-11-01,2025-05-01,2026-08-01,1499.73,1457.48,840.31,99.51,128,July 2026,FlashReport_July_2026.pdf
1365,6L Access Controlled Greenfield Highway of Nandinne village to Julekal village from Km 202.900 to Km 242.200 Pkg-1,NHAI,618632,"Multi-States (Karnataka, Telangana)",2022-02-01,2023-01-01,2025-01-01,2026-08-01,972.06,1044.06,459.49,93.79,128,July 2026,FlashReport_July_2026.pdf
1366,Thalassery Mahe Bypass Km 170.600 to Km 189.200 of NH-17New NH-66 in Kerala,NHAI,619097,"Multi-States (Kerala, Puducherry)",2017-09-01,2017-12-01,2020-05-01,2026-08-01,1181.12,1573.18,1534.73,100.0,128,July 2026,FlashReport_July_2026.pdf
1367,4L Shahpur to Muktainagar from Km. 186.000 to km 216.278 of NH 753L Pkg II of Boregaon Buzurg to Muktainagar,NHAI,619101,"Multi-States (Madhya Pradesh, Maharashtra)",2022-12-01,2024-03-01,2026-03-01,2026-10-01,784.35,659.52,330.42,64.0,128,July 2026,FlashReport_July_2026.pdf
1368,"Construction of 26 VUPs, Major Bridge, Service Road etc. on Lalitpur-Sagar- Lakhnadon section of NH-44 NS",NHAI,618556,"Multi-States (Madhya Pradesh, Uttar Pradesh)",2023-02-01,2024-03-01,2026-03-01,2026-08-01,665.91,665.91,574.39,97.4,128,July 2026,FlashReport_July_2026.pdf
1369,4L of Chowka to Kaimaha near MP/UP Border section NH-34 from D. Ch. 145.000 to D. Ch. 197.266 excluding existing Chhatarpur bypass from D. Ch. 160.307 to D. Ch. 168.630 Package-4,NHAI,618668,"Multi-States (Madhya Pradesh, Uttar Pradesh)",2024-10-01,2025-09-01,2027-09-01,2026-08-01,996.5,846.68,312.98,49.18,128,July 2026,FlashReport_July_2026.pdf
1370,4L of Bamni - Rajura - Warur - Devada upto M.S. Border of NH - 930D from km 19.000 to km 51.985,NHAI,618941,"Multi-States (Maharashtra, Telangana)",2022-03-01,2024-03-01,2026-03-01,2026-12-01,968.05,1187.19,826.96,78.16,128,July 2026,FlashReport_July_2026.pdf
1371,Viluppuram Km.0.000 to Puducherry Km.29.000,NHAI,618844,"Multi-States (Puducherry, Tamil Nadu)",2018-03-01,2021-11-01,2023-11-01,2026-09-01,1358.31,1162.44,526.41,98.32,128,July 2026,FlashReport_July_2026.pdf
1372,Puducherry Km.29.000 to Poondiyankuppam Km.67.000,NHAI,618845,"Multi-States (Puducherry, Tamil Nadu)",2018-03-01,2021-11-01,2023-11-01,2026-09-01,1588.4,1415.9,460.45,98.75,128,July 2026,FlashReport_July_2026.pdf
1373,Sattanathapuram to Nagapattinam from Km 123.800 to Km 179.555,NHAI,618847,"Multi-States (Puducherry, Tamil Nadu)",2018-03-01,2020-10-01,2022-10-01,2026-12-01,2899.77,2899.77,1595.37,85.6,128,July 2026,FlashReport_July_2026.pdf
1374,6L with access control provision Saharanpur bypass to Ganeshpur section from 13.89 Km to 41.820 Km of Delhi- Dehradun Economic Corridor package-2,NHAI,618711,"Multi-States (Uttar Pradesh, Uttarakhand)",2022-04-01,2022-11-01,2024-11-01,2026-08-01,796.65,560.03,508.43,99.29,128,July 2026,FlashReport_July_2026.pdf
1375,4-laning of Pilibhit - Sitarganj from Km. 32.500 to Km. 70.800 Pkg-2 of NH-30,NHAI,618783,"Multi-States (Uttar Pradesh, Uttarakhand)",2023-01-01,2024-03-01,2026-03-01,2027-10-01,1471.19,1471.19,470.11,44.41,128,July 2026,FlashReport_July_2026.pdf
1376,Road Safety Improvement of Critical Junctions on MuzaffarnagarHaridwar Section of NH-334 from Km 143000 to Km 196000,NHAI,618886,"Multi-States (Uttar Pradesh, Uttarakhand)",2025-04-01,2025-10-01,2027-10-01,2027-10-01,238.66,0.1,42.08,22.64,128,July 2026,FlashReport_July_2026.pdf
1377,"Improvement & Up-gradation of NH-734 Section of Moradabad-Thakurdwara Kashipur including Moradabad & Kashipur Bypasse Package-III Kashipur Bypass Length 14.490 Km., Starts from Ch. 38770 and ends at Ch. 53260 existing Ch. 05560",NHAI,618928,"Multi-States (Uttar Pradesh, Uttarakhand)",2023-02-01,2024-03-01,2025-09-01,2027-03-01,936.12,717.5,386.34,53.84,129,July 2026,FlashReport_July_2026.pdf
1378,4/6L of Spur to Haridwar Greenfield from Km. 0.000 to Km. 50.70,NHAI,618969,"Multi-States (Uttar Pradesh, Uttarakhand)",2021-11-01,2023-02-01,2025-02-01,2026-09-01,2155.95,2612.3,1543.12,92.98,129,July 2026,FlashReport_July_2026.pdf
1379,4L of Haridwar-Nagina section from km. 0.00 to km. 71.614 of NH-74,NHAI,619217,"Multi-States (Uttar Pradesh, Uttarakhand)",2015-12-01,2018-01-01,2020-07-01,2026-08-01,1659.12,1622.49,1546.89,99.85,129,July 2026,FlashReport_July_2026.pdf
1380,Widening of existing Single lane / Intermediate lane road to 2 lane from Km 101 to Km 125 of NH 61,MoRTH,617886,Nagaland,2020-06-01,2024-06-01,2026-06-01,2027-04-01,252.2,252.2,0.0,44.46,129,July 2026,FlashReport_July_2026.pdf
1381,Widening to Existing single lane /intermediate lane to 2 lane from Km185.00 to Km 220.00 of NH-61 New NH-02 in the state of Nagaland.,MoRTH,618072,Nagaland,2021-03-01,2022-07-01,2024-07-01,2026-03-01,297.25,297.25,155.15,100.0,129,July 2026,FlashReport_July_2026.pdf
1382,"Construction of 2-lane with Paved shoulder of Kohima- Bypass Road Connecting NH- 39New NH-02, NH-150New NH-02, NH-61New NH-29, NH-39New NH-02 from Design Km 32.00 to Design Km 43.454Design Length-11.454 Km in the State of Nagaland under SARDP-NE on EPC Mode Package-IV",NHIDCL,618290,Nagaland,2020-07-01,2020-10-01,2022-04-01,2026-12-01,202.36,202.36,102.32,46.77,129,July 2026,FlashReport_July_2026.pdf
1383,"Construction of 2-lane with Paved shoulder of Kohima-Bypass Road connecting NH- 39 New NH-02, NH150New NH-02, NH7-61 New NH-29 and NH-39 New NH-02 from Design km 21.000 to km 32.268 [Design length11.268 km] in the state of Nagaland Under SARDP-NE on EPC Mode Package- 3",NHIDCL,618291,Nagaland,2020-07-01,2023-06-01,2025-06-01,2026-12-01,159.85,342.29,128.32,39.54,129,July 2026,FlashReport_July_2026.pdf
1384,Construction of 2-Lane with paved shoulder of Kohima-Bypass Road connecting New NH-02 and New NH-29 from Design Km 10.500 to design Km 21.000 [Design Length- 10.500 km] including TUNNEL of 500m at Ch. 11.000 in the state of Nagaland Under SARDP-NE on EPC Mode Package-2,NHIDCL,618292,Nagaland,2020-07-01,2020-10-01,2022-10-01,2027-10-01,277.44,277.44,201.99,69.76,129,July 2026,FlashReport_July_2026.pdf
1385,"Construction of 2-Lane with paved shoulder of Kohima-Bypass Road connecting NH- 39New NH-02, NH-150New NH-02, NH-61New NH-29 and NH-39New NH-02 from design Km 0.00 to Km 10.500 in the State of Nagaland under SARDP-NE on EPC Mode Package-1 -Balance work",NHIDCL,618293,Nagaland,2020-07-01,2023-11-01,2026-11-01,2026-11-01,232.29,350.88,120.92,27.24,129,July 2026,FlashReport_July_2026.pdf
1386,Balance work of Construction of 2-lane with hard shoulder of Kohima - Jessami road on NH-29 old NH-150 from existing km 98.380 near Chizami vill. to km120.367 Nagaland/Manipur Border [Design km 95.700 to design km 117.200] [Design Length 21.500 km] in the state of Nagaland Under Bharatmala Pariyojna on EPC Mode Package-V under NHO,NHIDCL,618296,Nagaland,2020-03-01,2023-11-01,2025-11-01,2026-07-01,330.8,330.8,268.18,98.39,129,July 2026,FlashReport_July_2026.pdf
1387,Construction of 2-lane with hard shoulder of Kohima - Jessami road on NH-29 Old NH- 150 from existing Km 30.474 Near Kidwema road Chakahabama to existing Km 53.220 Near Kikruma Village Design Km 29.60 to Km 51.50 Design length-21.90 Km in the state of Nagaland Under Bharatmala Pariyojna on EPC Mode under NHO Package-II -Balance work,NHIDCL,618297,Nagaland,2020-03-01,2024-01-01,2026-01-01,2026-12-01,355.79,355.79,0.0,43.13,129,July 2026,FlashReport_July_2026.pdf
1388,4-Laning of Balance work of Dimapur-Kohima Road from design km 152.490 to km 166.700 Existing km 156.000 to km 172.900 Excluding Dimapur & Kohima Bypass under SARDP-NE Package-III,NHIDCL,618328,Nagaland,2016-03-01,2023-09-01,2025-09-01,2026-09-01,562.98,794.75,542.85,84.32,129,July 2026,FlashReport_July_2026.pdf
1389,"Widening to 2 Lane with Hard shoulder of Akegwo-Avangkhu section of NH-202K for Package-I Design Chainage 0000 Km to 34795 Km, in the State of Nagaland on EPC mode under NH O-NE",NHIDCL,618364,Nagaland,2022-12-01,2023-08-01,2026-02-01,2026-02-01,430.24,430.24,0.0,87.0,129,July 2026,FlashReport_July_2026.pdf
1390,Widening to 2 Lane with Hard shoulder of Akegwo-Avangkhu section of NH-202K for Package-III Design Chainage 69875 Km to 106816 Km in the State of Nagaland on EPC mode under NHO-NE,NHIDCL,618365,Nagaland,2022-12-01,2023-08-01,2026-02-01,2026-02-01,497.18,497.18,0.0,85.67,129,July 2026,FlashReport_July_2026.pdf
1391,Widening to 2 Lane with Hard shoulder of Akegwo-Avangkhu section of NH-202K for Package-II Design Chainage 34795 Km to 69875 Km in the State of Nagaland on EPC mode under NHO-NE,NHIDCL,618366,Nagaland,2022-12-01,2023-08-01,2026-02-01,2026-02-01,442.54,442.54,0.0,58.5,129,July 2026,FlashReport_July_2026.pdf
1392,Construction of 2 laning with Hard shoulder of Peren-Dimapur section on NH 129A from Design Km 146.208 to Km 163.592 Length- 17.384 km in the state of Nagaland on EPC mode under NHO-TSP Package-III,NHIDCL,618413,Nagaland,2021-02-01,2023-06-01,2025-06-01,2026-08-01,177.77,199.02,111.71,95.62,130,July 2026,FlashReport_July_2026.pdf
1393,Construction of Balance work for 2-lane with hard shoulder of Peren- Dimapur section on NH-129A from Design Km 126.775 to Km 146.208 Length 19.433 Km in the state of Nagaland on EPC mode under NHO-TSP Package-II,NHIDCL,618414,Nagaland,2021-01-01,2023-09-01,2025-09-01,2025-09-01,258.52,258.52,136.09,96.53,130,July 2026,FlashReport_July_2026.pdf
1394,"Construction of 2-lane with hard shoulders of Merangkong-Tamlu-Mon road Wakching Twon portion on EPC basis from existing Chainage Km 59000 to Km 73640 [Design Km. 59000 to Km, 72450] Design length - 13.450 Km under SARDP-NE package-V Balance work",NHIDCL,618422,Nagaland,2021-03-01,2023-09-01,2025-09-01,2026-07-01,161.73,161.73,101.28,99.75,130,July 2026,FlashReport_July_2026.pdf
1395,Construction of 2-Lane with hard shoulders of Merangkong-Tamlu-Mon MTM Road from existing Km 20.456 to Km 41.065 Design Km. 20 to Km. 40.0 Design Length- 20.000 Km in the State of Nagaland under SARDP-NE Phase-A Pkg-2 Balance work,NHIDCL,618423,Nagaland,2018-03-01,2023-08-01,2025-08-01,2026-03-01,215.79,215.79,173.12,100.0,130,July 2026,FlashReport_July_2026.pdf
1396,Construction of 2-Lane with hard shoulders of Merangkong-Tamlu-Mon Road on EPC Basis from existing road Km. 76.640 to Km 98.065 Design chainage Km. 63.800 to Km. 86.835 Design Length-23.035 Km in the state of Nagaland under SARDP-NE PKG-IV Balance work,NHIDCL,619059,Nagaland,2018-03-01,2023-09-01,2025-09-01,2026-12-01,323.98,323.98,147.37,79.03,130,July 2026,FlashReport_July_2026.pdf
1397,New construction of Major Bridge with Approaches from Km 0.000 to 1.200 Madhopur -Badabanta section of NH-20 under NHO in Annual Plan 2022-23 in the State of Odisha,MoRTH,617898,Odisha,2023-03-01,2025-04-01,2027-10-01,2027-10-01,199.5,199.5,0.32,0.0,130,July 2026,FlashReport_July_2026.pdf
1398,Widening and Strengthening to 4LPS/2LPS from km 0.000 to 35.800 Kuakhia - Mangalpur section of NH 20 in the state of Odisha on Annual Plan 2021-22,MoRTH,617899,Odisha,2022-03-01,2024-02-01,2026-02-01,2026-11-01,636.1,636.1,296.5,56.11,130,July 2026,FlashReport_July_2026.pdf
1399,construction or By-pass road on NH-26 for Nabrangpur Town,MoRTH,617902,Odisha,2023-03-01,2024-12-01,2026-12-01,2026-12-01,168.95,168.95,11.13,38.0,130,July 2026,FlashReport_July_2026.pdf
1400,Construction of Bypass road to Balangir town from km 72/400 Desing km 0/0 to km 79/800 Design km 11/670 of NH-26 in the State of Odisha.,MoRTH,617904,Odisha,2022-02-01,2023-04-01,2025-10-01,2026-12-01,238.78,238.78,6.79,55.0,130,July 2026,FlashReport_July_2026.pdf
1401,Construction of 4 lane ROB with approaches in lieu of LC No. RV-172 at km 176.00 of NH-201 present NH-26 at Kesinga including land acquisition in the state of Odisha on EPC mode under Annual Plan 2021-22,MoRTH,617905,Odisha,2021-12-01,2023-05-01,2025-05-01,2027-05-01,324.09,324.09,88.48,78.0,130,July 2026,FlashReport_July_2026.pdf
1402,"Widening and Strengthening of existing S/L, I/L, & D/L to 2 Lane with PS from Km 256/455 to 256/503, 256/820 to 256/960, 265/760 to 266/010, 266/010 to 266/800, 270/975 to 271/055, 276/460 to 276/560, 276/560 to 276/700, 276/700 to 277/480, 285/780 to 288/290, 288/290 to 291/050 and construction of 3 Nos. of Bypass from Km 266/800 to 267/300, 270/025 to 270/975, & 284/700 to 285/780 on NH-53 under NHO in Annual Plan 2022-23 for the State of Odisha.",MoRTH,617918,Odisha,2023-03-01,2026-06-01,2027-12-01,,174.21,174.21,6.43,0.0,130,July 2026,FlashReport_July_2026.pdf
1403,Widening and Strengthening to 2LPS including LA from km 318.970 to 353.450 Balikuda-Mulkani Section of NH-55 under NHO in Annual Plan 2022-23 in the State of Odisha. Job No. NH-55-OD-2022-23-656,MoRTH,617920,Odisha,2022-01-01,2025-06-01,2027-06-01,2027-06-01,511.54,511.54,7.64,3.0,130,July 2026,FlashReport_July_2026.pdf
1404,Widening and strengthening to 2LPS including LA of Kandarpur-Balikuda from km 277/500 to 318/970 of NH-55 in the State of Odisha under Annual Plan 2021-22.,MoRTH,617921,Odisha,2022-03-01,2023-06-01,2025-06-01,2026-11-01,499.79,499.79,131.36,66.0,130,July 2026,FlashReport_July_2026.pdf
1405,Construction of Jharsuguda Bypass including Land acqusition on NH-49 from km 258.636 to km 283.300 design chainage 258.636 to km 289.876 under NHO in Annual Plan 2022-23 for the state of Odisha Job No.NH-49-OD-2022-23-655,MoRTH,617922,Odisha,2021-09-01,2025-01-01,2027-07-01,2027-07-01,587.1,587.1,52.58,25.0,130,July 2026,FlashReport_July_2026.pdf
1406,Construction of Daspalla Bypass from km 195.250 To 200.635 of NH-57 including land acquisition in the state of Odisha on EPC mode under Annual Plan 2022-23.,MoRTH,617923,Odisha,2023-02-01,2025-05-01,2027-05-01,2027-05-01,155.97,155.97,53.05,25.0,130,July 2026,FlashReport_July_2026.pdf
1407,Construction of Bypass to Khordha town from Km 294/000 to 300/300 on NH-57 including LA in the State of Odisha on EPC mode.,MoRTH,617925,Odisha,2022-02-01,2023-05-01,2024-11-01,2026-08-01,157.49,157.49,33.69,92.0,130,July 2026,FlashReport_July_2026.pdf
1408,Construction of Bypass on NH-59 from Km 336/350 to 349/910 13.56 km near Berhampur town including 4-lane RoB in the state of Odisha.,MoRTH,617930,Odisha,2021-03-01,2022-03-01,2025-12-01,2026-12-01,196.94,196.94,59.55,70.0,131,July 2026,FlashReport_July_2026.pdf
1409,Construction of four lane ROB and its approaches in lieu of existing Level Crossing No. RV-71 at km 435 on NH-217 New NH-353 at Khariar including land acquisition under NHO in Annual Plan 2021-22 for the state of Odisha for F.Y. 2021-22 to F.Y 2033-34,MoRTH,618003,Odisha,2021-11-01,2023-06-01,2024-12-01,2026-09-01,154.49,154.49,25.17,90.0,131,July 2026,FlashReport_July_2026.pdf
1410,"Widening & strengthenlng to 2LPS from km 0,000 to 40.000 Dhaugaon- Podamari section of NH 326 in the State of Odisha under Annual Plan 2021.22.",MoRTH,618012,Odisha,2022-03-01,2024-02-01,2026-02-01,2026-12-01,186.52,186.52,46.39,60.0,131,July 2026,FlashReport_July_2026.pdf
1411,Construction of Dharmagarh Bypass on NH-130C including land acquisition in the state of Odisha on EPC Mode under Annual plan 2022-23.,MoRTH,618079,Odisha,2023-03-01,2025-04-01,2026-10-01,2026-10-01,172.66,172.66,0.0,15.0,131,July 2026,FlashReport_July_2026.pdf
1412,Widening to 2 lane with paved shoulded of Jareikela Jharkhand/Odisha Border - Dhabaleswar section from 0/0 to 36/0 of NH-320D in the State of Odisha under Annual Plan 2021-22.,MoRTH,618122,Odisha,2022-03-01,2024-10-01,2026-10-01,2026-10-01,172.09,172.09,7.42,34.0,131,July 2026,FlashReport_July_2026.pdf
1413,Bhadrak KM 136.500 to Baleshwar KM 199.141,NHAI,618523,Odisha,2014-11-01,2019-03-01,2021-09-01,2026-11-01,844.67,1394.82,783.98,91.32,131,July 2026,FlashReport_July_2026.pdf
1414,"Construction of 6-lane flyover at Ainthapali junction and a 2-lane ROB LHS on NH-53 Earlier NH-6 in Sambalpur, on EPC mode in Odisha under NHO",NHAI,618591,Odisha,2024-03-01,2024-06-01,2026-12-01,2026-12-01,374.17,211.74,106.91,54.2,131,July 2026,FlashReport_July_2026.pdf
1415,"Balance work of 8 nos. of Elephant Underpasses EUPs, 1 no. of Vehicular Underpass VUP, 1 nos. of Light Vehicular Underpass LVUP, 1 nos. of Pedestrian Underpass PUP, 1 nos. of Foot Over Bridge FOB and A2 side approach of Jharpokharia Flyover at Km.215.270 in Baharagora-Singhara section of NH-49",NHAI,618592,Odisha,2023-09-01,2024-11-01,2026-05-01,2027-10-01,320.64,244.85,55.3,25.04,131,July 2026,FlashReport_July_2026.pdf
1416,Balance work of Rehabilitation and Upgradation to four laning of Baharagora Singhara section of NH-49 from Km.229.727 to Km.238.990 Length 9.263 Km. including construction of five nos. of Elephant Underpasses EUP and fourteen nos. of Animal Underpasses AUP inside the buffer zone of Similipal Tiger Reserve Area in Bangriposi Ghat section in the State of Odisha on EPC Mode,NHAI,618593,Odisha,2025-03-01,2025-05-01,2027-11-01,2027-11-01,263.32,163.07,13.82,9.95,131,July 2026,FlashReport_July_2026.pdf
1417,6L Greenfield Kaliagura Baunsaguar Section of NH-130-CD Road from km 249000 to km 293000 Package OD-5,NHAI,618677,Odisha,2021-09-01,2022-05-01,2024-05-01,2026-11-01,1539.75,1918.49,1026.67,97.8,131,July 2026,FlashReport_July_2026.pdf
1418,6L Greenfield Baunsaguar - Baraja Section of NH-130-CD Road from km 293000 to km 338500 Package OD-6,NHAI,618678,Odisha,2021-08-01,2022-06-01,2024-05-01,2026-08-01,1265.59,1635.44,1001.24,99.6,131,July 2026,FlashReport_July_2026.pdf
1419,6L Greenfield Kandili - Aluru Section of NH-130-CD Road from km 342500 to km 365033 Package-OD-8,NHAI,618680,Odisha,2021-12-01,2022-10-01,2024-10-01,2026-08-01,1492.74,1912.84,1088.96,99.9,131,July 2026,FlashReport_July_2026.pdf
1420,6L Flyover including RE Wall approaches with Flexible Pavement in the Elephant Corridor of Angul Sambalpur Section of NH-42 New NH-55 Km.202.533,NHAI,618704,Odisha,2023-09-01,2024-06-01,2027-01-01,2026-08-01,150.86,106.32,106.14,100.0,131,July 2026,FlashReport_July_2026.pdf
1421,"4L Godibandha to Ballhar Chhak, Ballhar Chhak to Banarpal & Banarpal to Start of Angul bypass at Km.314.130 to Km.321.035 of NH53, at Km.75.200 to Km.84.000 of NH149 & at Km.84.000 to Km.86.100 of NH55",NHAI,618705,Odisha,2024-12-01,2026-02-01,2028-02-01,2028-02-01,973.12,973.12,241.06,5.4,131,July 2026,FlashReport_July_2026.pdf
1422,Rehabilitation and Up gradation from 4 to 8 laning of Chandikhole Paradip Section of NH-53 Old NH 5A from Km.39.000 to Km.60.00 Package-3,NHAI,618820,Odisha,2023-03-01,2023-12-01,2025-12-01,2027-03-01,861.84,938.55,395.96,92.02,131,July 2026,FlashReport_July_2026.pdf
1423,Rehabilitation and Up gradation from 4 to 8 laning of Chandikhole Paradip Section of NH-53 Old NH 5A from Km 18.00 to Km 39.00 in the State of Odisha on HAM mode Package-2,NHAI,618821,Odisha,2023-03-01,2023-12-01,2025-12-01,2026-11-01,920.47,950.4,424.45,98.22,131,July 2026,FlashReport_July_2026.pdf
1424,Rehabilitation and Up gradation from 4 to 8 laning of Chandikhole Paradip Section of NH-53 Old NH 5A from Km.0.00 to Km.18.00Package-1,NHAI,618822,Odisha,2023-03-01,2023-12-01,2025-12-01,2027-01-01,929.91,869.45,398.91,96.75,131,July 2026,FlashReport_July_2026.pdf
1425,3L Major Bridge over River Brahmani at Km. 401.250 Duburi - Chandikhole Section of NH-200 New NH -53,NHAI,618908,Odisha,2022-04-01,2022-08-01,2025-01-01,2027-09-01,153.61,103.68,73.76,38.0,132,July 2026,FlashReport_July_2026.pdf
1426,6L of Badakumari - Karki Section from Km 179.000 to km 226.500 of NH-130-CD Package OD-3,NHAI,619109,Odisha,2021-03-01,2022-04-01,2024-04-01,2026-08-01,1101.76,1374.43,713.46,99.7,132,July 2026,FlashReport_July_2026.pdf
1427,Four Laning of Angul to Sambalpur from Km.112.000 to Km.265.000,NHAI,619118,Odisha,2016-09-01,2017-03-01,2019-08-01,2026-08-01,2510.04,2632.91,2464.91,99.98,132,July 2026,FlashReport_July_2026.pdf
1428,Cuttack-Angul Section of NH-42 New NH-55 from km 0.400 to km 60.200 Pkg-I in the State of Odisha,NHAI,619119,Odisha,2017-10-01,2018-01-01,2020-07-01,2026-09-01,999.32,1178.31,1128.52,99.0,132,July 2026,FlashReport_July_2026.pdf
1429,4 Laning of Talcher to end of Kamakhyanagar Bypass km 8.844 - km 15.725 of NH- 149 and km 301.875 - km 335.946 of NH-53 Pkg-I,NHAI,619157,Odisha,2018-01-01,2019-02-01,2021-08-01,2026-10-01,795.18,810.71,715.74,99.0,132,July 2026,FlashReport_July_2026.pdf
1430,4 Laning of Duburi Chandikhole from km 388.376 to km 428.074 Pkg-III,NHAI,619158,Odisha,2018-01-01,2020-02-01,2022-08-01,2026-10-01,789.0,907.61,724.96,86.0,132,July 2026,FlashReport_July_2026.pdf
1431,Rehabilitation and Up gradation from 4 to 8 laning of Chandikhole Paradip Section of NH-53 Old NH 5A from Km.60.000 to Km.76.646 Package-4,NHAI,619181,Odisha,2023-03-01,2024-11-01,2026-10-01,2027-12-01,882.45,1009.92,196.67,36.02,132,July 2026,FlashReport_July_2026.pdf
1432,6L of Hatibena - Badakumari Section from Km 146.50 to km 179.00 of NH-130-CD Package OD-2,NHAI,619213,Odisha,2021-02-01,2022-03-01,2024-03-01,2026-08-01,791.17,1070.63,733.61,99.99,132,July 2026,FlashReport_July_2026.pdf
1433,Cuttack-Angul Section of NH-42 New NH-55 from Km.60.200 to Km. 112.000 Pkg-II in the State of Odisha,NHAI,619215,Odisha,2017-10-01,2018-03-01,2020-09-01,2026-09-01,991.41,1168.82,1083.8,99.66,132,July 2026,FlashReport_July_2026.pdf
1434,Development to 4-lane with paved shoulder for the road section Talwandi Sabo- Raman road to refinery Road junction with Bathinda Dabwali Road of NH-254 from existing Km 131.600 to Km 155.650 Design Km 131600 to km 155600 in the State of Punjab. Job No NH-254-PB-2022-23-565,MoRTH,618010,Punjab,2023-03-01,2025-05-01,2026-11-01,2026-11-01,546.67,546.67,0.0,45.0,132,July 2026,FlashReport_July_2026.pdf
1435,Up-gradation to two lane with paved shoulder configuration of NH-354 Section Arifkes- Ferozepur-Muktsar-Malaut from Km 201.500 to Km 212.500 & Km 229.690 to Km 269.960 and strengthening of existing pavement from Km 212.500 to Km 229.690 excluding Km 218.500 to 223.690 of NH-354 on EPC Mode in the State of Punjab. Job No. NH-354-PB-2020-21-532,MoRTH,618024,Punjab,2021-03-01,2023-10-01,2025-04-01,2026-09-01,263.19,263.19,0.0,83.0,132,July 2026,FlashReport_July_2026.pdf
1436,Delhi-Amritsar-Katra Expressway Phase-I Pkg-IX from Junction with Ludhiana-Moga road NH-5 near Mullanpur Dakha to Junction with Jalandhar - Moga road NH-703 near Kang Sahibu village Km 260860 to km 303900,NHAI,618489,Punjab,2020-12-01,2022-07-01,2024-07-01,2027-03-01,1851.47,2407.14,1935.88,73.35,132,July 2026,FlashReport_July_2026.pdf
1437,Delhi-Amritsar-Katra Expressway Phase-I Pkg-XII from Junction with Amritsar-Mehta- SriHargobindpur-Tanda road NH-503A near SriHargobindpur to Junction with Pathankot-Gurdaspur road NH-54 near Gurdaspur Km 362420 to km 397700,NHAI,618492,Punjab,2021-03-01,2025-02-01,2027-02-01,2027-06-01,1734.18,1538.47,780.61,27.6,132,July 2026,FlashReport_July_2026.pdf
1438,Delhi-Amritsar-Katra Expressway Phase-I Spur-I from Jn. with Kapurthala - Sultanpur Lodhi Road NH-703A near Isharwal village to Jn. with Kapurthala - Tarn Taran road NH-703AA near Goinwal Sahib [Km 24000 to Km 41000 of Amritsar connectivity],NHAI,618493,Punjab,2021-12-01,2023-04-01,2026-04-01,2028-03-01,2165.23,1519.6,618.22,34.79,132,July 2026,FlashReport_July_2026.pdf
1439,Greenfield connectivity from Govindsar village on Delhi Amritsar Katra Expressway to Talwara village on NH-44 Pathankot by-pass,NHAI,618551,Punjab,2024-11-01,2025-07-01,2027-07-01,2027-07-01,666.81,690.47,217.52,29.01,132,July 2026,FlashReport_July_2026.pdf
1440,Development of 6L Greenfield Jalandhar Bypass starting from Kahlwan NH-03 ending at Kang Sahbu NH-703 via Sarmastpur NH-44 - Madara NH-03 - Khajurla NH-44,NHAI,618552,Punjab,2021-03-01,2023-01-01,2025-01-01,2027-06-01,1754.84,2167.39,1252.02,56.7,132,July 2026,FlashReport_July_2026.pdf
1441,6L of Jodhpur Romana Bathinda - Mandi Dabwali Punjab Haryana Border section of NH-54 from km. 0.000 to km. 27.400 of NH-54,NHAI,618610,Punjab,2020-05-01,2023-08-01,2025-08-01,2026-08-01,789.26,1318.91,719.18,99.0,132,July 2026,FlashReport_July_2026.pdf
1442,6L Amritsar-Bathinda Greenfield section from village Tiba on NE-5A to Jn. with Moga Jalandhar road NH-703 near Dharamkot from km 0.000 to km 39.000 of NH-754A Pkg-1,NHAI,618617,Punjab,2021-03-01,2022-11-01,2024-11-01,2027-12-01,1229.38,1549.32,1014.98,72.41,133,July 2026,FlashReport_July_2026.pdf
1443,6L Amritsar-Bathinda Greenfield section from Jn. with Bhagta Bhai Ka-Bhadaur Road near Dyalpura Bhai Ka to Jn. with Mandi Dabwali Bathinda Road on NH-54 near Sangat Kalan from km 93.000 to km 154.866 of NH-754A Pkg-3,NHAI,618618,Punjab,2021-03-01,2024-06-01,2026-06-01,2027-07-01,2029.17,2677.23,1442.16,74.0,133,July 2026,FlashReport_July_2026.pdf
1444,6L Access Controlled Ludhiana-Bathinda Greenfield highway from Jn. with Amritsar- Bathanda Greenfield Road NH-754A near Rampura Phul to Jn. with Moga-Barnala Road NH-703 near village Tallewal from Km 0.0 to Km 30.3 of NH-754AD Pkg-1,NHAI,618647,Punjab,2021-06-01,2023-09-01,2025-09-01,2026-10-01,906.51,1020.52,687.82,81.5,133,July 2026,FlashReport_July_2026.pdf
1445,"Development of 6-lane Greenfield Southern Ludhiana Bypass from intersection with NH-44 near Village Rajgarh to intersection with Delhi Katra Expressway NE-5 near Village Ballowal, km 0000 to km 25240",NHAI,618648,Punjab,2024-11-01,2026-03-01,2028-03-01,2028-03-01,1424.55,1424.55,162.39,5.79,133,July 2026,FlashReport_July_2026.pdf
1446,Moga - Bagha Purana - Bajakhana from km. 0.00 to km. 43.32,NHAI,618764,Punjab,2020-05-01,2022-12-01,2024-12-01,2026-12-01,1032.59,1264.17,799.77,76.0,133,July 2026,FlashReport_July_2026.pdf
1447,4L of Greenfield section from Sirhind to Mohali,NHAI,618776,Punjab,2022-03-01,2023-05-01,2025-05-01,2026-09-01,1237.65,1301.15,1391.6,98.66,133,July 2026,FlashReport_July_2026.pdf
1448,4/6L Greenfield LudhianaRupnagar highway from Jn. with NE-5 village near to ManewalLudhiana to Jn. with NH-205 near Bheora Village Rupnagar from Km 66.0 to Km 91.0 i/c spur to Kharar from Km 0.0 to Km 19.5 with Ludhiana bypass of NH-205K Pkg-3,NHAI,618785,Punjab,2021-07-01,2023-02-01,2025-02-01,2026-12-01,1501.02,1815.13,1162.52,80.25,133,July 2026,FlashReport_July_2026.pdf
1449,4L of Phagwara - Hoshiarpur,NHAI,618786,Punjab,2022-11-01,2025-03-01,2027-03-01,2027-07-01,1196.38,1503.79,556.23,20.03,133,July 2026,FlashReport_July_2026.pdf
1450,4L of Fazilka to Abohar section of NH-07 including construction of Greenfield Abohar & Fazilka Bypasses,NHAI,618793,Punjab,2023-03-01,2024-04-01,2026-04-01,2027-08-01,1409.88,1674.04,913.89,67.0,133,July 2026,FlashReport_July_2026.pdf
1451,Amritsarairport Junction - Ramdas from km. 100.835 to km. 139.813 Pkg - IV,NHAI,618794,Punjab,2020-12-01,2022-03-01,2023-09-01,2026-09-01,524.88,416.58,395.48,96.0,133,July 2026,FlashReport_July_2026.pdf
1452,Amritsar Bypass Pkg III from km. 71.496 to km. 105.158,NHAI,618795,Punjab,2021-02-01,2022-08-01,2024-08-01,2026-12-01,1474.77,1228.42,1222.67,82.88,133,July 2026,FlashReport_July_2026.pdf
1453,4L of Beas-Mehta-Batala-Dera Baba Nanak from intersection with Jalandhar-Amritsar Highway NH-3 near Beas till start of Batala Bypass near Village Acchhal from Km. 0.000 to Km. 31.300 Pkg-1,NHAI,618809,Punjab,2021-08-01,2023-06-01,2025-06-01,2027-05-01,809.51,966.99,670.85,68.2,133,July 2026,FlashReport_July_2026.pdf
1454,4L of existing Beas Baba Bakala - Dera Baba Nanak Section from start of Batala Bypass till intersection with Ajnala Gurdaspur Highway NH 354 near Dera Baba Nanak from Km. 31.300 to Km. 69.100 with Additional batala Bypass Pkg-II,NHAI,618810,Punjab,2021-10-01,2023-06-01,2025-06-01,2027-03-01,1003.38,993.6,800.86,80.9,133,July 2026,FlashReport_July_2026.pdf
1455,4L of Amritsar-Ghoman - Tanda - Una Section from Km 8.270 to Km 54.000 of NH- 503A Package-I,NHAI,618906,Punjab,2020-12-01,2022-06-01,2024-06-01,2027-03-01,857.91,1443.47,772.91,68.9,133,July 2026,FlashReport_July_2026.pdf
1456,6L Amritsar-Bathinda Greenfield section from Jn. with Moga Jalandhar road NH-703 near Dharamkot to Jn. with Bhagta Bhai Ka-Bhadaur Road near Dyalpura Bhai Ka from km 39.000 to km 93.000 of NH-754A Pkg-2,NHAI,619099,Punjab,2021-03-01,2024-06-01,2026-06-01,2027-06-01,1801.37,2172.71,1268.39,66.53,133,July 2026,FlashReport_July_2026.pdf
1457,6L Access Controlled Ludhiana-Bathinda Greenfield highway from Jn. with Moga- Barnala Road NH-703 near village Tallewal to Jn. with Delhi-Katra Expressway NE-5 near Ludhiana village Ballowal from Km 30.300 to Km 75.543 of NH-754AD Pkg-2,NHAI,619105,Punjab,2021-07-01,2025-09-01,2027-09-01,2027-09-01,1555.13,1564.66,711.39,25.55,133,July 2026,FlashReport_July_2026.pdf
1458,Delhi-Amritsar-Katra Expressway Phase-I Spur-III from Junction with Amritsar- Jalandhar road NH-3 near Bhishambarpura to Junction with Amritsar-Anjala road NH- 354 near Amritsar Airport [Km 71000 to Km 99000 of Amritsar connectivity],NHAI,619200,Punjab,2021-03-01,2022-11-01,2024-10-01,2027-10-01,1641.75,1951.7,1364.2,33.85,133,July 2026,FlashReport_July_2026.pdf
1459,4/6L Greenfield Ludhiana Rupnagar highway from Jn. with NE-5 village near to ManewalLudhiana to Jn. with NH-205 near Bheora Village Rupnagar from Km. 0.00 to Km. 37.7 including spur to Kharar with Ludhiana bypass of NH-205K Pkg-1,NHAI,619318,Punjab,2021-05-01,2022-12-01,2024-12-01,2027-12-01,1368.91,1382.48,533.33,15.31,134,July 2026,FlashReport_July_2026.pdf
1460,Widening of Pachpadra-Bagundi Section to 4 Lane from Km 73/60 to 95/70 of NH-25 on EPC mode in the state of Rajasthan.,MoRTH,617901,Rajasthan,2022-01-01,2022-12-01,2024-12-01,2026-07-01,194.88,194.88,55.29,98.58,134,July 2026,FlashReport_July_2026.pdf
1461,Construction of 2 lane with paved shoulder for the work of Development of remaining sections of NH-325 Balotra to sanderao via Jalore to 2 lane with paved shoulder configuration by Construction of Byasses for town portions1 Asotra- Brahmdham bypass 2Siwana Bypass 3 Mokalsar Bypass 4 Major realignment at Kathadi 5 Major realignment at Bishangarh 6 Jalore Bypass 7 Ahore Town portion 8 Dujana Bypass in the state of Rajasthan on EPC Mode,MoRTH,618011,Rajasthan,2021-12-01,2022-05-01,2024-05-01,2026-10-01,411.44,411.44,85.69,92.77,134,July 2026,FlashReport_July_2026.pdf
1462,Upgradation to Two-lane with paved shoulder of Hanumangarh to Kenchiyan section from Km 0.000existing chainage-Km 23.200 to Km 49.605existing chainage-Km 74.645 of NH-54 in the State of Rajasthan on EPC mode.,MoRTH,618069,Rajasthan,2022-03-01,2024-10-01,2026-10-01,2026-10-01,334.64,334.64,0.0,72.0,134,July 2026,FlashReport_July_2026.pdf
1463,Up-gradation to 2 lane with paved shoulder from Neechli Oden Nathdwara at Design Km 88.800 existing km 55.95 to Bhatewar at Design Km 142.028 existing km 0.00 of NH-162E in the State of Rajasthan on EPC mode.,MoRTH,618092,Rajasthan,2023-02-01,2024-10-01,2026-10-01,2026-10-01,606.61,606.61,304.62,63.52,134,July 2026,FlashReport_July_2026.pdf
1464,Upgradation to 2-Lane with Paved Shoulder from Design Km 36300 to Design Chainage 47918 and from Design Ch 69900 to Design Ch 83940 of NH-248A Natni Ka Bara in the State of Rajasthan on EPC Mode.,MoRTH,618117,Rajasthan,2024-02-01,2024-11-01,2026-05-01,2026-08-01,154.89,154.89,15.13,23.0,134,July 2026,FlashReport_July_2026.pdf
1465,Construction of 2 lane with Paved Shoulder for Northern Bypass Phase-II of Kota city in the State of Rajasthan.,MoRTH,618200,Rajasthan,2022-03-01,2023-10-01,2025-04-01,2026-11-01,317.74,317.74,6.14,50.33,134,July 2026,FlashReport_July_2026.pdf
1466,Balance work of Rehabilitation and Up-gradation to 4-Lane configuration of Ras- Beawar Section Km 00.000 to km 30.050 of NH-158 in the State of Rajasthan under Green National Highway Corridor Project GNHCP.,MoRTH,618235,Rajasthan,2025-01-01,2025-06-01,2026-12-01,2026-12-01,278.1,278.1,99.13,56.2,134,July 2026,FlashReport_July_2026.pdf
1467,Delhi-Vadodara Greenfield Alignment NH-148N Pkg-10 Ch. 292.950 to Ch. 319.400 [End of Interchange on NH-166 near village Mui to Hardeoganj village near Indergarh],NHAI,618457,Rajasthan,2019-11-01,2021-05-01,2023-05-01,2026-09-01,1272.97,1265.16,1150.13,95.25,134,July 2026,FlashReport_July_2026.pdf
1468,Delhi-Vadodara Greenfield Alignment NH-148N Pkg-15 Ch. 419.000 to Ch.427.300 [Junction with NH-12 near village Ummedpura to Major bridge over Takli river near Nayagaon Jageer village],NHAI,618458,Rajasthan,2020-07-01,2021-07-01,2024-01-01,2026-08-01,1854.68,1854.68,1530.92,98.28,134,July 2026,FlashReport_July_2026.pdf
1469,Sangariya near Chautala-Rasisar near Bikaner section of NH-754K Phase-I AJ/SR- Package-7,NHAI,618611,Rajasthan,2019-02-01,2021-06-01,2023-06-01,2026-08-01,520.63,548.42,450.59,100.0,134,July 2026,FlashReport_July_2026.pdf
1470,Deogarh near Dhandhaniya-Rajasthan/Gujarat Border Phase-I AJ/DRGB-Package-6,NHAI,618612,Rajasthan,2019-10-01,2021-08-01,2023-08-01,2026-08-01,846.59,740.62,705.48,100.0,134,July 2026,FlashReport_July_2026.pdf
1471,Deogarh near Dhandhaniya-Rajasthan/Gujarat Border Phase-I AJ/DRGB-Package-7,NHAI,618613,Rajasthan,2019-10-01,2021-07-01,2023-07-01,2026-08-01,662.08,597.77,561.75,99.2,134,July 2026,FlashReport_July_2026.pdf
1472,6L access controlled Highway from Km 40080 to Km 86513 Mator to Barodameo Section,NHAI,618757,Rajasthan,2022-09-01,2024-03-01,2026-03-01,2027-06-01,2010.2,1565.88,708.28,37.27,134,July 2026,FlashReport_July_2026.pdf
1473,6L accesscontrolled highway from km 0000 to km 40080 Paniyala to Mator Section of Paniyala-Barodameo ICR,NHAI,618758,Rajasthan,2022-09-01,2024-09-01,2026-09-01,2026-08-01,1764.86,1239.24,571.41,42.75,134,July 2026,FlashReport_July_2026.pdf
1474,Tanot -Ramgarh-Bhadasar-Jaisalmer NH-68 and BhadasarMokal-Sarkaritala up to Pakisthan Border NH-968 Pkg-BM/5,NHAI,618796,Rajasthan,2018-02-01,2019-04-01,2021-04-01,2026-08-01,828.58,830.37,755.88,100.0,134,July 2026,FlashReport_July_2026.pdf
1475,"Widening Strengthening of 2-Lane with Paved Shoulder from MyajlarJaisalmer from Design Chainage 0000 to 98350 Section of NH-11 & SundraMyajlarAmbasingh ki Dhani Road from Design Chainage 46000 to 81601, part of MunabaoTanot Road Section of NH-70 along with Strengthening/Widening of Existing Connection of NH-70 & NH-11 of length 0.914 km in the State of Rajasthan under NHO on Hybrid Annuity Mode",NHAI,618797,Rajasthan,2025-03-01,2025-12-01,2027-12-01,2027-12-01,1237.71,927.02,94.08,21.22,135,July 2026,FlashReport_July_2026.pdf
1476,4L of Karwar Km. 281.980 of NH-62 Nagaur road to Dangiyavas of Jodhpur Ring Road Pkg-II,NHAI,618838,Rajasthan,2021-11-01,2022-08-01,2024-08-01,2026-08-01,736.75,512.77,463.98,100.0,135,July 2026,FlashReport_July_2026.pdf
1477,Construction of Four lane Elevated Structure at Raniwada Circle in Sanchore City on NH-68,NHAI,618853,Rajasthan,2024-01-01,2024-07-01,2026-07-01,2026-11-01,353.3,241.34,192.88,89.37,135,July 2026,FlashReport_July_2026.pdf
1478,Construction of two lane with paved shoulder of Ghatol Bypass from km 133.250 to km 140.950 of NH-56 old NH No. 113 on EPC mode in the State of Rajasthan.,MoRTH,619251,Rajasthan,2025-03-01,2026-03-01,2027-09-01,,170.49,170.49,0.0,17.0,135,July 2026,FlashReport_July_2026.pdf
1479,"Upgradation of 6 laned Jaipur- Kishangarh section of NH-48 from km 274100 to 363885 involving construction of flyovers and Service road in Rajasthan On Engineering, Procurement & Construction EPC Mode",NHAI,619270,Rajasthan,2026-03-01,2026-08-01,2029-01-01,2028-08-01,910.91,910.91,0.0,0.0,135,July 2026,FlashReport_July_2026.pdf
1480,Construction of Elevated Corridor at Kherwara Town on Udaipur Ratanpur Shamlaji Section of NH-48 in Udaipur District in the State of Rajasthan on EPC mode,NHAI,619271,Rajasthan,2026-03-01,2026-07-01,2029-01-01,2029-01-01,363.89,363.89,0.38,0.0,135,July 2026,FlashReport_July_2026.pdf
1481,Construction of two lane with paved shoulder Gangtok Bypass Road from Ranipool to Burtuk Ch 0.00 Km to 23.316 L23.316 Km in the State of Sikkim,MoRTH,618071,Sikkim,2021-10-01,2022-05-01,2024-05-01,2026-12-01,385.15,342.89,203.36,92.0,135,July 2026,FlashReport_July_2026.pdf
1482,Construction/Up gradation of Existing road to 2 Lane with Paved Shoulder including Geometric Improvement from Ranipool to Pakyong Balance work from Km 2.000 to 16.167 of NH-717-A on EPC basis under SARDP-NE Phase A in the State of Sikkim,NHIDCL,618426,Sikkim,2018-03-01,2023-01-01,2024-07-01,2026-12-01,264.84,380.94,127.34,87.03,135,July 2026,FlashReport_July_2026.pdf
1483,Realignment of NH-717A from Design Ch.0.00 Km 77.800 of NH-10 to Design Ch.2.00 Km 3.100 of NH-717A with two lane paved shoulder including Major Bridge of 680 m in the State of Sikkim on EPC Mode-COS work,NHIDCL,618428,Sikkim,2021-01-01,2021-04-01,2023-04-01,2026-05-01,264.84,380.94,70.71,100.0,135,July 2026,FlashReport_July_2026.pdf
1484,Construction & Upgradation of existing road to 2-lane with paved shoulder from New Rolep Bridge at km 37.600 to Chochenpheri at km 52.00 in the section of Rongli to Chochenpheri of NH 717B Pkg-II C,NHIDCL,618446,Sikkim,2020-10-01,2021-05-01,2024-05-01,2026-09-01,493.42,478.79,395.19,79.13,135,July 2026,FlashReport_July_2026.pdf
1485,Construction of 2-Laning with Paved Shoulder of New Greenfield Alignment From Helipad near Menla at Km 82000 to Menla at Km 94030 of Rhenock-Menla Spur NH- 717B Package-IIIB on EPC Basis under SARDP-NE Phase 'A' in the State of Sikkim.,NHIDCL,618447,Sikkim,2021-01-01,2021-02-01,2024-02-01,2027-05-01,410.6,379.3,241.77,82.64,135,July 2026,FlashReport_July_2026.pdf
1486,Construction of 2-Laning with Paved Shoulder of New Greenfield Alignment From Chochenpheri at Km 52000 to Helipad near Menla at Km 82000 of Rhenock-Menla Spur NH-717B Package-IIIA on EPC Basis under SARDP-NE Phase 'A' in the State of Sikkim.,NHIDCL,618448,Sikkim,2020-10-01,2020-12-01,2023-12-01,2027-05-01,816.79,786.6,474.96,64.31,135,July 2026,FlashReport_July_2026.pdf
1487,Construction & Upgradation of existing road to 2-lane with paved shoulder from km27.200 End of Rongli bypass to km37.600New Rolep Bridge of Rhenok-Menla spur NH-717B on EPC Mode under SARDP-NE Phase-A in Sikkim Pkg-II B,NHIDCL,618449,Sikkim,2020-07-01,2020-10-01,2023-04-01,2026-09-01,230.45,244.91,249.71,86.19,135,July 2026,FlashReport_July_2026.pdf
1488,Rehabilitation & Upgradation of existing road to 2-lane with paved shoulder including geometric improvement of section from start of Rabangla km33.600 to km58.840 under SARDP-NE Phase A Pkg- IV,NHIDCL,618450,Sikkim,2020-07-01,2020-10-01,2022-05-01,2026-12-01,292.8,292.8,253.63,65.15,135,July 2026,FlashReport_July_2026.pdf
1489,"Construction of Bypass to Madurai Achambathu Viratipathu in between km 6/850 10/382 of NH 49 Extn New NH 85 including Land Acquisition on Engineering, Procurement & Construction EPC basis Contract under NH O Annual Plan 2021-22 in the state of Tamil Nadu job No.NH-49 Extn New NH 85 - TN-2021-22-997",MoRTH,617962,Tamil Nadu,2022-03-01,2024-09-01,2026-08-01,2026-08-01,238.97,260.07,126.56,94.0,135,July 2026,FlashReport_July_2026.pdf
1490,Bangalore Chennai Expressway Phase-III Package II Walajahpet to Arakkonam from Km 180.000 to Km 204.500,NHAI,618478,Tamil Nadu,2021-01-01,2022-07-01,2024-07-01,2026-08-01,1106.65,1106.65,593.0,93.04,135,July 2026,FlashReport_July_2026.pdf
1491,Bangalore Chennai Expressway Phase-III Package III Arakkonam to Kancheepuram from Km 204.500 to Km 230.000,NHAI,618479,Tamil Nadu,2020-12-01,2022-08-01,2024-07-01,2027-12-01,1525.1,1525.1,360.95,53.56,136,July 2026,FlashReport_July_2026.pdf
1492,Construction of Trumpet Interchange Connecting Bangalore Chennai Expressway km.261705 to km. 262800 with Maduravoyal to Walajapet Section of NH 48 near Sriperumbudur Toll Plaza at km. 35700,NHAI,618480,Tamil Nadu,2023-05-01,2024-02-01,2025-08-01,2026-10-01,162.55,162.56,54.98,38.52,136,July 2026,FlashReport_July_2026.pdf
1493,4L Bangalore-Chennai Expressway from Km. 230.000 to Km. 261.705 of Kanchepuram to Sriperumbudur Section Phase-III/Package-IV,NHAI,618481,Tamil Nadu,2021-02-01,2022-07-01,2024-07-01,2026-10-01,3605.73,3605.73,987.38,89.97,136,July 2026,FlashReport_July_2026.pdf
1494,Karaipettai to Walajapet from Km 71.015 to 107.091,NHAI,618521,Tamil Nadu,2018-08-01,2019-02-01,2021-02-01,2026-08-01,766.51,766.51,613.76,93.55,136,July 2026,FlashReport_July_2026.pdf
1495,Balance Works for six laning of Sriperumbudur to karaipettai section of NH-4 New NH- 48 from 37000 Existing Km 37000 to Km 71015 Existing Km 71000 in Tamilnadu on EPC mode underNHDP Phase-V,NHAI,618522,Tamil Nadu,2024-06-01,2025-01-01,2026-10-01,2027-03-01,411.16,411.16,134.65,38.26,136,July 2026,FlashReport_July_2026.pdf
1496,Improving the Alignment of Thoppur Ghat Section from Km 158.500 to Km 165.100 in Dharmapuri - Salem Section of NH-44,NHAI,618561,Tamil Nadu,2024-03-01,2025-03-01,2028-03-01,2028-03-01,904.99,731.09,211.34,47.84,136,July 2026,FlashReport_July_2026.pdf
1497,4L of Madurai Ring Road Phase 1 [Vadipatti-Thamrapatti] from km 0.00 - km 29.960,NHAI,618563,Tamil Nadu,2018-12-01,2020-03-01,2022-03-01,2026-08-01,900.05,900.05,903.57,99.42,136,July 2026,FlashReport_July_2026.pdf
1498,4L of left-over works including additional structures from Kerala/Tamil Nadu border to Kanyakumari Section from Km 43.0 to Km 96.174 of NH66,NHAI,618608,Tamil Nadu,2022-11-01,2023-08-01,2025-08-01,2026-12-01,1564.23,1263.42,980.14,81.85,136,July 2026,FlashReport_July_2026.pdf
1499,6L of Pondavakkam to Kannigaipair from km 96.040 to km 116.100 of NH 716B Pkg- IV,NHAI,618635,Tamil Nadu,2021-02-01,2023-01-01,2025-01-01,2027-12-01,1359.81,1359.81,409.35,44.53,136,July 2026,FlashReport_July_2026.pdf
1500,4L of Thirumangalam to Vadugapatti section from km 0.000 to km 36.000 of NH-744,NHAI,618744,Tamil Nadu,2022-03-01,2023-02-01,2025-02-01,2026-08-01,1076.97,791.6,685.52,95.95,136,July 2026,FlashReport_July_2026.pdf
1501,Melur - Pilayarpatti - Karaikudi from km 99.920 of NH 38 to km 12.9 of NH 383 Ext.,NHAI,618756,Tamil Nadu,2018-12-01,2020-03-01,2022-03-01,2026-08-01,1103.86,1085.41,956.44,98.12,136,July 2026,FlashReport_July_2026.pdf
1502,Construction of New Double Tier 4L Elevated Corridor from Chennai Port to Maduravoyal in Chennai District from km -0.342 to Km 20.593 and Package II from Km 4.604 to Km 9.700,NHAI,618800,Tamil Nadu,2023-03-01,2023-11-01,2026-05-01,2029-03-01,1616.97,1616.97,250.4,18.13,136,July 2026,FlashReport_July_2026.pdf
1503,Construction of New Double Tier 4-lane Elevated Corridor from Chennai Port to Maduravoyal in Chennai District from Km -0342 to Km 20223 Package 1 from Km - 0342 to Km 4604,NHAI,618801,Tamil Nadu,2023-03-01,2023-11-01,2026-05-01,2029-03-01,1388.59,1388.59,275.2,22.8,136,July 2026,FlashReport_July_2026.pdf
1504,Poondiyankuppam Km.67.000 to Sattanathapuram Km.123.800,NHAI,618846,Tamil Nadu,2018-03-01,2022-01-01,2024-01-01,2026-09-01,2565.63,2319.35,1210.2,99.8,136,July 2026,FlashReport_July_2026.pdf
1505,4L of Madathukulam - Pollachi from km. 74.38 to km. 116.95 of old NH-209 New NH- 83,NHAI,618894,Tamil Nadu,2019-01-01,2020-12-01,2022-12-01,2026-09-01,1772.13,1772.13,1062.67,97.65,136,July 2026,FlashReport_July_2026.pdf
1506,Kamalapuram to Oddanchatram from km. 0.00 to km. 35.822,NHAI,618895,Tamil Nadu,2019-01-01,2021-01-01,2023-01-01,2026-09-01,1319.42,1319.42,649.83,93.6,136,July 2026,FlashReport_July_2026.pdf
1507,Balance Works for Four laning of Vikravandi to Sethiyathope section from Km 0.0 to Km 65.96 of NH-45C in Tamil Nadu under NHDP Phase-IV on EPC mode,NHAI,618898,Tamil Nadu,2025-01-01,2025-06-01,2027-06-01,2027-06-01,1163.17,834.46,264.13,37.62,136,July 2026,FlashReport_July_2026.pdf
1508,Kallagam km.38.700 to Meensurutti Km.98.433 of NH-227 in Tamil Nadu,NHAI,618899,Tamil Nadu,2018-02-01,2019-04-01,2021-04-01,2026-08-01,1499.12,1499.12,1111.9,100.0,136,July 2026,FlashReport_July_2026.pdf
1509,Construction of New Double Tier 4L Elevated Corridor from Chennai Port to Maduravoyal in Chennai District from km -0.342 to Km 20.593 and Package IV from Km 14.185 to Km 20.593,NHAI,619045,Tamil Nadu,2023-03-01,2023-11-01,2026-05-01,2029-03-01,1205.4,1210.21,88.16,8.58,136,July 2026,FlashReport_July_2026.pdf
1510,6-laning of Krishnagiri Km.0.000 to Walajahpet Km.148.300 section on NH-46 under NHDP-V,NHAI,619074,Tamil Nadu,2009-12-01,2011-06-01,2013-12-01,2026-08-01,1673.17,781.74,707.81,99.99,137,July 2026,FlashReport_July_2026.pdf
1511,Chengapalli km 102.035 to Neelambur Km144.680 and Madukkarai Km 170.880 to Walayar K183.010 Package No. NS-2/BOT/TN-08,NHAI,619086,Tamil Nadu,2009-10-01,2010-09-01,2013-03-01,2026-10-01,1247.43,285.55,7.24,100.0,137,July 2026,FlashReport_July_2026.pdf
1512,Thorapalli - Agraharam - Jittandahalli Section from km 23.350 to km 60.100 [Hosur to Dhamrapuri Pkg-2],NHAI,619094,Tamil Nadu,2019-02-01,2021-12-01,2023-12-01,2026-12-01,1243.57,1272.11,827.88,77.57,137,July 2026,FlashReport_July_2026.pdf
1513,Mahabalipuram - Pondicherry Pkg-I [Mamallapuram to Mugaiyur],NHAI,619129,Tamil Nadu,2019-02-01,2022-05-01,2024-05-01,2027-01-01,1360.54,1477.94,904.84,58.65,137,July 2026,FlashReport_July_2026.pdf
1514,Mahabalipuram - Pondicherry Pkg-II [Mugaiyur to Marakkanam],NHAI,619130,Tamil Nadu,2019-02-01,2023-12-01,2025-12-01,2027-03-01,1116.13,1463.75,804.69,53.41,137,July 2026,FlashReport_July_2026.pdf
1515,Four Laning of Chettikulam to Natham section of NH-785,NHAI,619131,Tamil Nadu,2018-03-01,2018-11-01,2020-11-01,2026-06-01,837.61,823.93,641.93,99.75,137,July 2026,FlashReport_July_2026.pdf
1516,Construction of New Double Tier 4L Elevated Corridor from Chennai Port to Maduravoyal in Chennai District from km -0.342 to Km 20.593 and Package III from Km 9.700 to Km 14.185,NHAI,619139,Tamil Nadu,2023-03-01,2023-11-01,2026-05-01,2029-03-01,1299.36,1299.36,193.34,17.24,137,July 2026,FlashReport_July_2026.pdf
1517,4 Laning of Paramakudi to Ramanathapuram Section of NH-87 Old NH-49,NHAI,619156,Tamil Nadu,2025-07-01,2026-05-01,2028-05-01,2028-05-01,1853.16,1853.16,169.53,0.0,137,July 2026,FlashReport_July_2026.pdf
1518,Access Controlled Highway of 4 Lane with Paved Shoulders from Tiruvallur Design Chainage Km 1756 to TN/AP Broder Design Chainage Km 6151 of NH-716 Chennai- Tirupati Package-1,NHAI,619161,Tamil Nadu,2024-03-01,2024-12-01,2026-12-01,2027-03-01,1376.1,1247.7,181.78,46.31,137,July 2026,FlashReport_July_2026.pdf
1519,"Balance works of four lane from km 43.950 Thiruvallur Bypass to km 61.470 Veppampattu Bypass passing through Thannerkulam, Thozur and Sevapet Bypass 17.520 kms of Tirupathi- Tiruttani- Chennai section of NH 205",NHAI,619222,Tamil Nadu,2022-03-01,2022-09-01,2024-09-01,2026-08-01,467.99,699.68,595.08,97.92,137,July 2026,FlashReport_July_2026.pdf
1520,6-laning of km 9.900 to km 19/948 Aramgarh to Shamshabad Section of Hyderabad- Bangalore section of NH-44 Under NHO EPC basis in the state of Telangana,MoRTH,617913,Telangana,2018-01-01,2018-05-01,2020-05-01,2026-06-01,283.15,300.7,480.41,92.62,137,July 2026,FlashReport_July_2026.pdf
1521,Widening to two/four lane with paved shoulder from Km.180.600 to Km.223.000 of NH-63 on Nizamabad-Jagadalpur road on EPC mode under NHO in the state of Telangana.,MoRTH,617936,Telangana,2016-10-01,2017-03-01,2019-03-01,,253.99,183.26,0.0,100.0,137,July 2026,FlashReport_July_2026.pdf
1522,6-Laning of Pune-Hyderabad Section of NH-65 from Km 493/0 to Km 524/0 from Sangareddy X Roads to Madinaguda in the State of Telangana,MoRTH,617939,Telangana,2023-03-01,2024-07-01,2026-07-01,2026-08-01,1297.75,1297.75,0.0,45.85,137,July 2026,FlashReport_July_2026.pdf
1523,"Rehabilitation and Upgradation of LB-Nagar to Malkapur section to 6-Lane main carriageway with service roads, drains cum footpath, including VUPs and widening of Minor bridge & road safety provisions from Km. 15/00 to Km 40/00 of NH-65 Old NH-9 under NH O for the year 2020-21 in the state of Telangana on EPC Mode.",MoRTH,617940,Telangana,2021-03-01,2022-07-01,2024-07-01,2026-12-01,545.11,545.11,290.36,83.47,137,July 2026,FlashReport_July_2026.pdf
1524,Construction of six lane elevated corridor from km 7.950 Uppal to km 14.200 of NH- 163 to De-Congest the urban limits of Hyderabad-Bhoopalapatnam section on EPC mode in the state of Telangana,MoRTH,617980,Telangana,2018-03-01,2018-07-01,2020-07-01,2027-12-01,626.76,626.76,24.4,54.26,137,July 2026,FlashReport_July_2026.pdf
1525,Widening & Strengthening of Existing 2LPS to 4 lane PS from Km 150000 to Km 159000 and Km 165400 to Km 186000 of NH-163 old NH-202 under NH O for the year 2020-21 on EPC Mode in the state of Telangana.,MoRTH,617983,Telangana,2021-03-01,2022-07-01,2024-07-01,2026-08-01,317.19,300.56,190.86,91.0,137,July 2026,FlashReport_July_2026.pdf
1526,Rehabilitation and upgradation of NH-167 from design km 113.900 to 154.479 Mallepally Haliya section to two lane with paved shoulders on EPC mode in the stte of Telangana,MoRTH,617994,Telangana,2018-02-01,2018-06-01,2019-11-01,2025-12-01,294.13,257.61,249.23,88.22,137,July 2026,FlashReport_July_2026.pdf
1527,Widening to Two Lane with Paved Shoulders from Km 67.000 to Km 114.425 of Kalwakurthy- Mallapally Section of NH 167 Erstwhile section of SH 18 in the State of Telangana on EPC mode under NH O Annual Plan 2016-17,MoRTH,617995,Telangana,2017-01-01,2017-05-01,2019-05-01,2026-12-01,300.0,300.0,175.12,99.2,138,July 2026,FlashReport_July_2026.pdf
1528,"Construction of 4-lane flyover at Amberpet-X road, Hyderabad on NH-202 in the State of Telangana",MoRTH,618001,Telangana,2018-05-01,2021-06-01,2023-06-01,2026-06-01,216.53,265.88,172.17,92.1,138,July 2026,FlashReport_July_2026.pdf
1529,Rehabiitation and upgradation from km 121/000 to 154/000 Nakrekal to Mallampally section of NH-365 to 2 lane with paved shoulders in the state of Telangana in the EPC mode,MoRTH,618025,Telangana,2018-03-01,2018-06-01,2019-12-01,2026-09-01,192.67,192.67,141.82,96.0,138,July 2026,FlashReport_July_2026.pdf
1530,Widening to two lane with paved shoulders from Km 0/000 to Km 45/946 of Nizampet- Narayankhed-bidar section of NH-161B in the state of Telangana under Annual Plan 2021-22 on EPC mode under NHO,MoRTH,618091,Telangana,2022-03-01,2024-02-01,2026-02-01,2027-03-01,512.98,512.98,152.49,46.0,138,July 2026,FlashReport_July_2026.pdf
1531,Widening to two lane with paved shoulders from Km 0/000 to Km 79/300 of Kalwakurthy - Kollapur section of NH-167K in the state of Telangana under annual plan 2021-22 on EPC mode under NHO.,MoRTH,618104,Telangana,2022-03-01,2023-07-01,2025-07-01,2026-08-01,886.69,886.69,620.25,90.05,138,July 2026,FlashReport_July_2026.pdf
1532,Widening and strengthening to 4 lane / 2-lane with paved shoulders of Mahabubnagar - Chincholi section from km 60/255 to Km 102/834 of NH-167N in the State of Telangana on EPC mode.,MoRTH,618105,Telangana,2022-03-01,2023-10-01,2025-10-01,2026-11-01,631.49,631.49,125.34,46.63,138,July 2026,FlashReport_July_2026.pdf
1533,Widening and Strengthening to 2/4 lane with paved shoulders of Mahabubnagar Chincholi section from Km 0/0 to Km 60/255 of NH-167N in the state of Telangana under Annual plan 2021-22 on EPC modepackage-I under NHO Job No.167N-TS- 2021-22-75,MoRTH,618106,Telangana,2022-01-01,2026-05-01,2027-11-01,2026-03-01,703.68,703.68,304.65,90.69,138,July 2026,FlashReport_July_2026.pdf
1534,Widening to 2 lane with paved shoulders from 0.00 to 32.970 ofAdilabadto Bela section of NH 353B in the State of Telangana,MoRTH,618130,Telangana,2022-10-01,2024-05-01,2026-05-01,2026-12-01,490.92,490.92,149.79,79.07,138,July 2026,FlashReport_July_2026.pdf
1535,Widening to two/four lane with paved shoulders from Km.34.250 to Km.71.830 of NH- 365A on Kodad-Khammam-Kurvi road.,MoRTH,618140,Telangana,2022-10-01,2025-02-01,2027-01-01,2027-01-01,445.76,445.76,18.32,13.33,138,July 2026,FlashReport_July_2026.pdf
1536,Widening and Improvement of existing carriage way to 2 lane with paved shoulders from Km. 86/160 to 131/730 of Jangaon-Duddeda section of NH-365B in the State of Telangana on EPC Mode,MoRTH,618141,Telangana,2022-01-01,2022-12-01,2024-12-01,2026-12-01,423.48,423.48,184.83,77.85,138,July 2026,FlashReport_July_2026.pdf
1537,Widening to Two lane with paved shoulders from 106/830 to 158/496 of Yellareddy- Rudrur Section of NH-765D in the state of Telangana on EPC mode under NHO under Annual plan 2022-23,MoRTH,618182,Telangana,2022-10-01,2024-07-01,2026-07-01,2027-05-01,499.88,499.88,207.08,68.9,138,July 2026,FlashReport_July_2026.pdf
1538,Widening to 2 lane with paved shoulders from Km 62/920 to km 106/830 of Medak - Yellareddy section in the State of Telangana under Annual Plan 2022-23 on EPC mode under NHO,MoRTH,618183,Telangana,2022-10-01,2024-08-01,2026-08-01,2026-08-01,399.01,399.01,146.04,70.6,138,July 2026,FlashReport_July_2026.pdf
1539,"Rehabilitation and Up-gradation of Valigonda to Thorrur Section to Two Lane with Paved Shoulders from Km 39.180 to Km 108.300 of NH-930P in the State of Telangana on Engineering, Procurement and Construction EPC Basis",MoRTH,618186,Telangana,2022-01-01,2022-12-01,2024-12-01,2026-09-01,549.28,549.28,325.77,94.97,138,July 2026,FlashReport_July_2026.pdf
1540,Widening to two lane with paved shoulders of 'Bodhan Basar Bhainsa ' section from Km 38/900 to 95/300 of NH-161BB in the state of Telangana under Annual Plan 2021- 22 on EPC Mode under NH O.,MoRTH,618190,Telangana,2022-03-01,2023-03-01,2025-03-01,2026-08-01,644.45,644.45,403.48,98.6,138,July 2026,FlashReport_July_2026.pdf
1541,Widening to 2 lane with Paved Shoulders of Siddipet-Elkathurthy section from Km 69/978 to km 133/619 of NH-765DG in the State of Telangana under Annual plan 2021-22 on EPC mode,MoRTH,618196,Telangana,2022-01-01,2022-12-01,2024-09-01,2026-12-01,578.85,578.85,0.0,85.0,138,July 2026,FlashReport_July_2026.pdf
1542,Widening to 2 lane with Paved Shoulders of Medak - Siddipet section from Km 0/0 to km 69/978 of NH-765DG in the State of Telangana under Annual plan 2021-22 on EPC mode,MoRTH,618197,Telangana,2022-01-01,2023-01-01,2025-01-01,2026-12-01,882.18,882.18,383.75,74.06,138,July 2026,FlashReport_July_2026.pdf
1543,Khammam-Devarapalle Pkg I [4L Access Controlled Greenfield from Thallampadu village to Somavaram village Design Chainage 0000 to 33604],NHAI,618746,Telangana,2021-01-01,2022-10-01,2024-10-01,2026-10-01,797.36,1337.18,684.62,97.26,139,July 2026,FlashReport_July_2026.pdf
1544,4L of Karimnagar-Warangal section from km 49.500 to km 117.820 of NH-563,NHAI,618765,Telangana,2022-03-01,2023-07-01,2025-07-01,2026-08-01,2146.86,2486.51,1272.62,92.4,139,July 2026,FlashReport_July_2026.pdf
1545,4L Access Controlled Greenfield Highway Section Mancherial Warangal from Pangidipalle village at Design Ch. 72.350 Km to Oorugonda village at Design Ch. 112.240 KmPackage-III,NHAI,618811,Telangana,2023-03-01,2025-10-01,2027-10-01,2028-01-01,1183.71,1170.64,209.72,5.63,139,July 2026,FlashReport_July_2026.pdf
1546,4L Access Controlled Greenfield Section Mancherial Warangal from Puttapaka village at Design Ch. 35.300 Km to Pangidipalle village at Design Ch. 72.350 KmPackage-II,NHAI,618812,Telangana,2023-01-01,2025-06-01,2027-06-01,2027-12-01,1129.33,1145.41,210.45,9.04,139,July 2026,FlashReport_July_2026.pdf
1547,4L Access Controlled Greenfield Section Mancherial Warangal from Narva village at Design Ch. 3.834 Km to Puttapaka village at Design Ch. 35.300 Km Package-I,NHAI,618813,Telangana,2023-03-01,2024-12-01,2026-12-01,2027-10-01,1127.9,1104.27,161.67,11.28,139,July 2026,FlashReport_July_2026.pdf
1548,4L Access Controlled Greenfield Highway section on NH163G Warangal-Khammam from Oorugonda village in Hanamkonda District at Design Ch. 112.240 Km to Venkatpur village in Warangal District at Design Ch. 150.240 KmPackage-I,NHAI,618814,Telangana,2023-03-01,2025-06-01,2027-06-01,2028-05-01,1142.6,1140.82,160.19,0.5,139,July 2026,FlashReport_July_2026.pdf
1549,4L Access Controlled Greenfield Highway section on NH-163G Warangal-Khammam from Venkatpur village in Warangal District at Design Ch. 150.240 Km to Thallasenkesa village in Mahabubabed District at Design Ch. 189.650 kmPackage-II,NHAI,618815,Telangana,2023-03-01,2024-04-01,2026-04-01,2027-03-01,1092.88,1083.11,408.59,77.65,139,July 2026,FlashReport_July_2026.pdf
1550,4L Access Controlled Greenfield Highway section on NH-163G Warangal-Khammam from Thallasenkesa village at Design Ch. 189.650 km to V.Vekatayapalem village in Khammam District at Design Ch. 220.480 KmPackage-III,NHAI,618816,Telangana,2023-03-01,2025-07-01,2027-07-01,2027-07-01,1105.25,1098.05,168.28,10.11,139,July 2026,FlashReport_July_2026.pdf
1551,4L Access Controlled Greenfield Highway section on NH-163G Khammam Vijayawada from V. Venkatayapalem village at Design Ch. 220.480 Km to BrahmanapalliK village at Design Ch. 250.400 Km Package-I.,NHAI,618817,Telangana,2023-03-01,2025-03-01,2027-03-01,2027-06-01,973.45,1021.96,271.03,45.89,139,July 2026,FlashReport_July_2026.pdf
1552,Hyderabad - Maneguda,NHAI,618944,Telangana,2021-10-01,2024-11-01,2026-11-01,2027-05-01,958.86,1218.49,431.45,24.2,139,July 2026,FlashReport_July_2026.pdf
1553,4L of Kodad Design Km 0.00/Existing Km 185.00 of NH-65 to Khammam Design Km 31.800/Existing Km 29.400 of NH-365A,NHAI,618945,Telangana,2021-01-01,2022-01-01,2024-05-01,2026-08-01,1149.17,1606.99,871.58,99.98,139,July 2026,FlashReport_July_2026.pdf
1554,Upgradation to Two Lane with Paved Shoulders from Km 0.000 to Km 41.920 Green Field Alignment of Gowrelly to Valigonda Section of NH-930P in the State of Telangana on EPC Mode under Annual Plan 2022-23,MoRTH,619009,Telangana,2022-11-01,2026-05-01,2028-04-01,2028-03-01,690.33,690.33,0.0,0.0,139,July 2026,FlashReport_July_2026.pdf
1555,Khammam-Devarapalle Pkg II [4L Access Controlled Greenfield from Somavaram village to Chintagudem village Design Chainage 33604 to 63117],NHAI,619128,Telangana,2021-01-01,2022-09-01,2024-09-01,2026-08-01,615.78,981.64,524.11,98.02,139,July 2026,FlashReport_July_2026.pdf
1556,Thanamcherla-Jamandlapally 2LPS,NHAI,619165,Telangana,2013-11-01,2014-03-01,2023-02-01,2026-12-01,177.18,18.65,8.3,100.0,139,July 2026,FlashReport_July_2026.pdf
1557,Rehabilitation and upgradation of NH-221 from km 121/0 to 165/0 Rudrampur to Bhadrachalam section to two lane with paved shoulder under NHDPIV in the state of Telangana through EPC mode,MoRTH,619193,Telangana,2015-01-01,2015-02-01,2017-02-01,2026-08-01,295.47,334.82,375.14,82.76,139,July 2026,FlashReport_July_2026.pdf
1558,Construction of 4 lane Bypass to Nalgonda Town lrorn Km 000 Existing Ch. 181590 to Km 14.00 Existing Ch. 28/685 ol Nakrekal to Nagarjunsagar Section of NH -565 in the State of Telangara on EPC under Annual Plan 2024 -25,MoRTH,619253,Telangana,2024-10-01,2025-10-01,2027-10-01,2027-10-01,516.17,516.17,0.0,55.62,139,July 2026,FlashReport_July_2026.pdf
1559,Rehabilitation & Upgradation of Thorrur to Nehru Nagar section to Two Lane with Paved shoulders from Km 109/420 to Km 178/500 of NH 930P in the state of Telangana on EPC mode under Annual Plan 2022-2023,MoRTH,619265,Telangana,2025-01-01,2026-07-01,2028-07-01,2028-07-01,675.45,675.45,0.0,0.0,139,July 2026,FlashReport_July_2026.pdf
1560,Rehabilitation and up-gradation of road from km 16.077 to km 43.935 total length 27.858 km of Lalchara-Kanchanpur section via Shivbari on NH-44A to 2 lane with paved shoulder in the state of Tripura on EPC Mode Pkg-2 under BharatMala Pariyojana Manu-Simlung -2,NHIDCL,618307,Tripura,2022-02-01,2023-01-01,2025-01-01,2026-01-01,456.88,456.88,205.69,54.56,140,July 2026,FlashReport_July_2026.pdf
1561,Improvement & widening of existing NH-08 to 4-lane with Paved Shoulder from Champak Nagar to Khayerpur section design Km 242500 to Km 261610 in the state of Tripura on EPC basis under NHO-NE,NHIDCL,618350,Tripura,2023-12-01,2024-09-01,2026-09-01,2027-03-01,920.66,920.66,404.6,48.3,140,July 2026,FlashReport_July_2026.pdf
1562,Improvement and Widening to 2-lane with paved shoulder of road from design Km 72.000 Pati Chhari to design Km 107.654 Harina Total length 35.654 Km on Teliamura to Harina section of NH 208 in the state of Tripura on EPC mode under JICA ODA Loan Phase VI Package-4,NHIDCL,618367,Tripura,2024-01-01,2024-12-01,2026-12-01,2027-06-01,726.9,726.9,100.25,9.5,140,July 2026,FlashReport_July_2026.pdf
1563,Improvement and Widening to 2-lane with paved shoulder of road from design Km 36.000 Rangamati to design Km 72.000 Pati Chhari Total length 36.000 Km on Teliamura to Harina section of NH 208 in the state of Tripura on EPC mode under JICA ODA Loan Phase VI Package-3,NHIDCL,618368,Tripura,2024-01-01,2024-09-01,2026-09-01,2027-05-01,670.9,670.9,183.24,14.7,140,July 2026,FlashReport_July_2026.pdf
1564,Improvement and Widening to 2-lane with paved shoulder of road from existing Km 438.170 Khowai Chowmuhani to existing Km 439.410 South Pulinpur of NH-08 and from design Km 0.000 South Pulinpur to design Km 36.00 near Rangamati of NH 208 on Khowai Teliamura- Harina section Total length 37.24 in the state of Tripura on EPC mode under JICA ODA Loan Phase VI Package-2,NHIDCL,618369,Tripura,2024-01-01,2024-09-01,2026-09-01,2027-03-01,657.21,657.21,301.86,60.7,140,July 2026,FlashReport_July_2026.pdf
1565,Improvement and Widening to 2-lane with paved shoulder of road from Km 101.300 to km 127.319 Total Length 26.019 Km i.e. the Khowai Teliamura-Amarpur-Harina- Sabroom section of NH 208 in the state of Tripura on EPC under JICA ODA Loan Phase VI Package-1,NHIDCL,618370,Tripura,2024-01-01,2024-07-01,2026-07-01,2027-04-01,431.78,431.78,265.36,63.15,140,July 2026,FlashReport_July_2026.pdf
1566,Rehabilitation and up-gradation of road from design km 25.250 to km 36.460 Total lengh 11.210 km of Kailashahar-Kurti Bridge section on NH-208A to 2-lane with paved shoulder on EPC basis under NHO Package-III- Balance Work,NHIDCL,618385,Tripura,2020-02-01,2024-09-01,2026-03-01,2026-03-01,174.43,174.43,67.1,53.14,140,July 2026,FlashReport_July_2026.pdf
1567,Melaghar-Srimantapur section on NH-08 Spur from Km 23 to Km 34.500 11.5 Km and overlay from Km 20.30 to Km 22.00 1.7 Km Total Length 13.2 Km,NHIDCL,618411,Tripura,2023-01-01,2023-05-01,2024-11-01,2026-10-01,195.95,195.95,95.54,72.48,140,July 2026,FlashReport_July_2026.pdf
1568,"Construction of 4-Lane with paved shoulder Agartala bypass Western side, length 25.402 km connecting NH-8 near Amtali to NH-108B near Lembuchhera in the state of Tripura on EPC basis under NHO-NE",NHIDCL,618417,Tripura,2023-03-01,2024-03-01,2027-03-01,2027-03-01,2026.05,2026.05,462.34,9.2,140,July 2026,FlashReport_July_2026.pdf
1569,Rehabilitation and upgradation to four lane road from km 70.500 to km 78.600 of NH- 92 under EPC mode in the State of Uttar Pradesh,MoRTH,617963,Uttar Pradesh,2022-01-01,2025-01-01,2027-01-01,2027-01-01,296.02,351.78,75.38,39.0,140,July 2026,FlashReport_July_2026.pdf
1570,"Widening to Four Lane rigid pavement configuration from Km 90.00 to Km 100.800 on NH-96 Km 42.0 to Km 53.300 as per new NH-330,design length of 11.300 km under EPC mode in the state of Uttar Pradesh.",MoRTH,617964,Uttar Pradesh,2022-12-01,2024-11-01,2026-11-01,2026-11-01,309.63,309.63,41.92,31.09,140,July 2026,FlashReport_July_2026.pdf
1571,Balance work of Construction of Ring Road for Raebareli City on eastern side of NH- 24B Phase-1 on EPC mode.,MoRTH,618009,Uttar Pradesh,2019-12-01,2020-10-01,2022-04-01,2026-12-01,319.96,347.8,0.0,95.0,140,July 2026,FlashReport_July_2026.pdf
1572,Construction of Balrampur bypass with 2L flexible pavement configuration from km.223.000 of NH-330 to km.328.300 of NH-730 under EPC mode,MoRTH,618054,Uttar Pradesh,2022-12-01,2024-08-01,2026-02-01,2026-12-01,515.69,515.69,128.55,56.0,140,July 2026,FlashReport_July_2026.pdf
1573,Construction of Pratapgarh Bypass Extension connecting NH-31 to NH-330 on EPC mode in the State of Uttar Pradesh.,MoRTH,618055,Uttar Pradesh,2022-10-01,2024-01-01,2025-06-01,2026-09-01,225.17,225.17,66.96,78.0,140,July 2026,FlashReport_July_2026.pdf
1574,Improvement and Up-gradation to two Lane with Paved Shoulder Configuration from existing km. 420.00 Shohrathgarh to km. 454.00 Uska Bazar of NH-730 in the state of Uttar Pradesh EPC basis,MoRTH,618056,Uttar Pradesh,2022-01-01,2024-03-01,2025-09-01,2026-12-01,509.65,484.42,120.57,62.0,140,July 2026,FlashReport_July_2026.pdf
1575,Construction of Shohratgarh Bypass on NH-730 under EPC mode in the State of Uttar Pradesh,MoRTH,618057,Uttar Pradesh,2022-10-01,2023-11-01,2025-05-01,2026-12-01,189.31,189.31,31.42,54.0,140,July 2026,FlashReport_July_2026.pdf
1576,Widening & Strenghteningof section from Bharthana chowk to Kodarkoot km.0.00 to km.40.00 of NH-91-A on EPC mode,MoRTH,618063,Uttar Pradesh,2020-03-01,2023-03-01,2024-09-01,2026-12-01,262.37,343.77,115.38,94.0,141,July 2026,FlashReport_July_2026.pdf
1577,Construction of Amethi bypass Part-II at km.30.050 of NH-931 under EPC mode in the state of Uttar Pradesh,MoRTH,618066,Uttar Pradesh,2022-12-01,2025-02-01,2027-02-01,2027-02-01,283.86,283.86,38.69,48.0,141,July 2026,FlashReport_July_2026.pdf
1578,"Rehabilitation & Up-gradation from design Km. 0.000 to Km. 69.280 of NH-931 Pratapgarh - Amethi - Gauriganj -Musafirkhana to two lane with paved shoulder on Engineering, Procurement & Construction EpC mode in the State of Uttar Pradesh",MoRTH,618067,Uttar Pradesh,2023-05-01,2025-11-01,2027-11-01,2027-11-01,1086.3,1086.3,24.29,9.32,141,July 2026,FlashReport_July_2026.pdf
1579,Construction of two lane with paved shoulder from existing Km.0.000 to Km.55.610 design km. 0.000 to km. 54.048 of NH-124D,MoRTH,618075,Uttar Pradesh,2021-12-01,2024-02-01,2026-02-01,2027-03-01,840.93,773.58,210.11,77.0,141,July 2026,FlashReport_July_2026.pdf
1580,Construction of Mariahu Bypass with four lane paved shoulder configuration Km. 53.540 to Km.59.200 of NH-135A on EPC mode in the state of Uttar Pradesh,MoRTH,618081,Uttar Pradesh,2023-03-01,2024-02-01,2026-02-01,2026-12-01,438.24,362.39,81.45,55.0,141,July 2026,FlashReport_July_2026.pdf
1581,Widening & Upgradation to four lane configuration from Km.34.900 Bhadohi to km.73.134 Jaunpur of NH-135A on EPC mode,MoRTH,618082,Uttar Pradesh,2021-03-01,2022-11-01,2024-05-01,2026-09-01,395.62,392.03,0.0,95.0,141,July 2026,FlashReport_July_2026.pdf
1582,Improvement and upgradation to two lane with paved shoulder configuration from existing km 90.00 to 130.00 Design length 39.15 of NH-227A near Sikriganj to Barhalganj in the State of UP on EPC Mode.,MoRTH,618111,Uttar Pradesh,2021-08-01,2023-12-01,2025-06-01,2026-08-01,403.36,345.34,142.17,96.0,141,July 2026,FlashReport_July_2026.pdf
1583,"Improvement and up-gradation of NH-227B 84 Kosi Parikrama Marg Package I, from km 228.920 Jagarnathpur to Km 235.960/0.000 MakhaudaDham to Km 29.000 Sarpur in the State of Uttar Pradesh on EPC basis",MoRTH,618112,Uttar Pradesh,2022-03-01,2025-05-01,2026-11-01,2027-05-01,912.5,912.5,8.72,8.0,141,July 2026,FlashReport_July_2026.pdf
1584,"Improvement and up-gradation of NH-227B 84 Kosi Parikrama Marg Package III, from Km.47.800 Gosaiganj to Km.73.300 Bikapur in the State of Uttar Pradesh on EPC basis.",MoRTH,618113,Uttar Pradesh,2022-03-01,2025-05-01,2026-11-01,2027-05-01,587.97,587.97,80.16,50.72,141,July 2026,FlashReport_July_2026.pdf
1585,"Improvement and up-gradation of NH-227B 84 Kosi Parikrama Marg PackageV, from Design Km.140.960 Patranga to Km.160.200 Bahuvan Madar Majha on EPC mode in the State of Uttar Pradesh",MoRTH,618114,Uttar Pradesh,2023-03-01,2026-02-01,2028-08-01,2028-08-01,1192.33,1192.33,0.0,4.0,141,July 2026,FlashReport_July_2026.pdf
1586,lmprovement and Up-gradation from Km. 73.300 Bikapur to Km.140.960 Patranga of NH-227B 84 Kosi Parikrama Marg to 2LPS along with Parikrama Path,MoRTH,618116,Uttar Pradesh,2022-11-01,2026-01-01,2028-01-01,2028-01-01,1679.75,1679.75,172.89,40.45,141,July 2026,FlashReport_July_2026.pdf
1587,Rehabilitation and upgradation from km 51.600 to km 75.700 of NH-321G Nuhkhas to Etah section to two lane with paved shoulder configuration under EPC mode in the State of Uttar Pradesh,MoRTH,618124,Uttar Pradesh,2022-01-01,2024-02-01,2025-08-01,2026-11-01,343.54,343.54,88.97,73.0,141,July 2026,FlashReport_July_2026.pdf
1588,"Improvement and up-gradation to 2LPS of NH-227B 84-Kosi Parikrama Marg PackageVI, Design Km 160200 Bahuvan Madar Majha to Km 224040 Jagarnathpur under HAM",MoRTH,618162,Uttar Pradesh,2023-05-01,2026-01-01,2028-01-01,2028-01-01,2008.7,2008.7,0.0,20.0,141,July 2026,FlashReport_July_2026.pdf
1589,"Rehabilitation and Up-gradation from km. 0000 to km.40390 of NH-730S MaharajganjNichloulThuthibari to two lane with paved shoulders in the State of U.P. on Engineering, Procurement & Construction EPC Basis.",MoRTH,618163,Uttar Pradesh,2023-03-01,2024-06-01,2025-12-01,2026-12-01,809.25,603.19,167.84,59.5,141,July 2026,FlashReport_July_2026.pdf
1590,Construction of four lane highway with paved shoulder from Km.74.700 to Km.112.950 of NH-731A i/c Yamuna Bridge on HAM in the state of Uttar Pradesh.,MoRTH,618164,Uttar Pradesh,2022-03-01,2024-06-01,2026-06-01,2026-08-01,1141.67,1157.31,0.0,100.0,141,July 2026,FlashReport_July_2026.pdf
1591,Construction of 4-lane green field highway from Km. 35.000 to Km. 49.155 of NH- 731A with paved shoulders on Hybrid Annuity Mode in the state of Uttar Pradesh,MoRTH,618166,Uttar Pradesh,2022-01-01,2023-10-01,2025-10-01,2026-07-01,697.66,697.66,0.04,100.0,141,July 2026,FlashReport_July_2026.pdf
1592,Widening to four lane with paved shoulder from Design Km.49.200 to Km.89.285 of NH-731B on EPC mode in the state of Uttar Pradesh,MoRTH,618168,Uttar Pradesh,2022-03-01,2024-01-01,2026-01-01,2027-01-01,917.91,965.3,134.41,56.0,141,July 2026,FlashReport_July_2026.pdf
1593,Construction of Two Lane with paved shoulder highway from Design Ch.0.000 to Ch.49.2OO of NH-731B on EPC Mode,MoRTH,618169,Uttar Pradesh,2022-03-01,2023-11-01,2025-11-01,2026-09-01,640.18,602.76,270.82,98.0,142,July 2026,FlashReport_July_2026.pdf
1594,"Rehabilitation and upgradation of Salon - Jais - Jagdishpur Road section of NH-931A, from design Chainage km 0.000 to km 5.740 to four lane divided carriageway and from design Chainage km 5.740 to km 53.500 to two lane with paved Total length km 53.500 along with One time improvement in 04 no's of realigned/bypassed built-up areas in a total length of 9.732 km in the state of Uttar Pradesh on EPC mode",MoRTH,618187,Uttar Pradesh,2023-05-01,2025-10-01,2027-10-01,2027-10-01,947.15,947.15,26.64,9.06,142,July 2026,FlashReport_July_2026.pdf
1595,Construction of 6-lane bridge on Ganga on NH-96 and its approaches in Phaphamau Allahabad on EPC mode,MoRTH,618233,Uttar Pradesh,2018-07-01,2021-02-01,2024-02-01,2026-09-01,1948.25,1465.41,0.43,91.0,142,July 2026,FlashReport_July_2026.pdf
1596,Rehabilitation and upgradation to 2-lane with paved sholuders configuration of Bewar- naer Karri village section Km0.00 to Km30.00 Pakage-I of NH-92 in state of Uttar Pradesh undergreen national Highway Corridor Project GNHCP with the loan assistance of world Bank on EPC mode.,MoRTH,618240,Uttar Pradesh,2020-04-01,2022-09-01,2024-03-01,2026-08-01,236.47,236.47,0.0,100.0,142,July 2026,FlashReport_July_2026.pdf
1597,Construction of Basti Ring Road Phase-I with 4L configuration for Basti City in the state of Uttar Pradesh on HAM mode,MoRTH,618243,Uttar Pradesh,2022-12-01,2025-06-01,2027-06-01,2027-06-01,1138.72,1138.72,0.07,36.67,142,July 2026,FlashReport_July_2026.pdf
1598,Construction of Raebareli Ring Road Phase-2 with four Lane configuration for Raebareli City in the state of Uttar Pradesh on Hybrid Annuity Model HAM basis,MoRTH,618244,Uttar Pradesh,2022-03-01,2025-05-01,2027-05-01,2027-05-01,1273.72,1273.72,0.0,55.0,142,July 2026,FlashReport_July_2026.pdf
1599,Construction of 4 lane Mirzapur bypass including bridge over river Ganga from km 0.000 to km 15.000 of NH 135A in the State of Uttar Pradesh on HAM Mode.,MoRTH,618247,Uttar Pradesh,2024-03-01,2026-01-01,2029-01-01,2029-01-01,1708.62,1708.62,0.0,7.0,142,July 2026,FlashReport_July_2026.pdf
1600,Widening to 4 lane from km. 139.00 to km 179.20 of NH-135A Pkg-III Jaunpur Akbarpur section and Akbarpur bypass on Hybrid Annuity Mode in the state of Uttar Pradesh.,MoRTH,618248,Uttar Pradesh,2023-05-01,2026-01-01,2028-01-01,2028-01-01,1653.15,1653.15,0.0,22.0,142,July 2026,FlashReport_July_2026.pdf
1601,Widening to 4 lane from km. 108.50 to km 139.00 of NH-135A Pkg-II Jaunpur Akbarpur section on Hybrid Annuity Mode in the state of Uttar Pradesh,MoRTH,618249,Uttar Pradesh,2023-03-01,2025-03-01,2027-03-01,2027-03-01,1511.57,1511.57,0.0,40.0,142,July 2026,FlashReport_July_2026.pdf
1602,"Improvement and Up-gradation to two Lane with Paved Shoulder/Four Lane configuration from existing Km 130.000 to Km 191.000 design km 131.500 to Km 188.735, Design length 57.235 Km of NH-227A near Barhalganj to Mehrauna Ghat in the state of Uttar Pradesh on Hybrid Annuity Model HAM basis",MoRTH,618252,Uttar Pradesh,2022-01-01,2024-11-01,2027-05-01,2027-05-01,974.19,1344.61,1.2,58.0,142,July 2026,FlashReport_July_2026.pdf
1603,"Construction of Salempur bypass to 4LPS from km 64.000 of NH-727A Km 171.00 of Sonauli Balia Marg, old SH-01, near Mahadahan Chauraha to km 61.500 of NH-727B Km 178.500 of Sonauli Balia Marg, old SH-01, near near Ahirauli Village under Hybrid Annuity Mode HAM in the State of Uttar Pradesh",MoRTH,618260,Uttar Pradesh,2022-03-01,2025-11-01,2027-11-01,2027-11-01,1348.06,1348.06,0.0,35.0,142,July 2026,FlashReport_July_2026.pdf
1604,Construction of Deoria Bypass from existing Km. 27.140 to existing Km. 46.780 Design Km. 49.109 on NH727A Design length 21.969 Km. to four lane with paved shoulder configuration under Hybrid Annuity Mode HAM in the State of Uttar Pradesh,MoRTH,618262,Uttar Pradesh,2023-03-01,2025-08-01,2027-07-01,2027-07-01,1734.7,1734.7,0.0,10.0,142,July 2026,FlashReport_July_2026.pdf
1605,"Rehabilitation and Up-gradation to 2LPS from Km. 0.000 to Km. 7.800 and Km. 35.400 to Km. 52.345 Design length 24.745 Km., except Bihar portion of NH-727B Tamkuhiraj to Bihar Border and Bihar Border to Majhauli on EPC mode in the State of Uttar Pradesh",MoRTH,618263,Uttar Pradesh,2023-03-01,2025-01-01,2026-07-01,2026-08-01,701.02,701.02,156.4,81.18,142,July 2026,FlashReport_July_2026.pdf
1606,"Widening and Strengthening to two Lane with Paved Shoulder/Four Lane with paved shoulder configuration from km. 61.500 of NH-727B near Nawalpur km 178.500 of Sonauli Balia Marg, Old SH-01 i.e. end point of Salempur Bypass to km. 106.495 of NH-727B near Sikanderpur under EPC mode",MoRTH,618264,Uttar Pradesh,2023-05-01,2025-12-01,2028-05-01,2028-05-01,2061.86,2061.86,222.2,41.0,142,July 2026,FlashReport_July_2026.pdf
1607,Rehabilitation and upgradation to 2-lane with paved sholuders configuration of Miranpur Katra to radhaita section of NH-730CKm.114.000 to Km 137.250pakage-III in state of Uttar Pradesh undergreen national Highway Corridor ProjectGNHCP with the loan assistance of world Bank on EPC mode.,MoRTH,618265,Uttar Pradesh,2020-04-01,2022-07-01,2024-07-01,2026-12-01,172.5,169.56,0.13,92.0,142,July 2026,FlashReport_July_2026.pdf
1608,Rehabilitation and upgradation to 2-lane with paved sholuders configuration of Bewar- Allahaganj- section of NH-730C Km.0.000 to Km 52.770 pakage-I in state of Uttar Pradesh undergreen national Highway Corridor Project GNHCP with the loan assistance of world Bank on EPC mode.,MoRTH,618266,Uttar Pradesh,2020-04-01,2022-11-01,2024-11-01,2026-09-01,325.24,340.16,0.0,99.0,143,July 2026,FlashReport_July_2026.pdf
1609,Widening/Upgradation to four lane configuration of Shahjahanpur-Bisalpur section from km 0.00 to km 47.026 of NH-731K on Hybrid Annuity Mode in the state of Uttar Pradesh.,MoRTH,618267,Uttar Pradesh,2023-03-01,2026-05-01,2028-05-01,2028-05-01,1590.2,1590.2,0.0,0.0,143,July 2026,FlashReport_July_2026.pdf
1610,6L Elevated Kanpur - Lucknow Exeressway Pkg-1 from Km. 10980 to Km. 28500,NHAI,618499,Uttar Pradesh,2021-12-01,2023-02-01,2025-07-01,2026-08-01,1972.94,1943.27,770.81,100.0,143,July 2026,FlashReport_July_2026.pdf
1611,Construction of 4L Connector from Delhi Meerut Expressway Km 50.000 of Pkg IV to Km 8.520 of NH-235 Pkg-5,NHAI,618500,Uttar Pradesh,2021-09-01,2022-03-01,2024-03-01,2026-08-01,1081.39,1116.19,455.0,78.0,143,July 2026,FlashReport_July_2026.pdf
1612,Varanasi Ring Road Pkg-II connecting Sandaha Village km 11.70 / NH-29 with Revasa Village km 818.80 / NH-2,NHAI,618529,Uttar Pradesh,2017-12-01,2019-02-01,2022-02-01,2026-10-01,1991.71,1832.66,1751.26,96.86,143,July 2026,FlashReport_July_2026.pdf
1613,Construction of Ring Road around Kanpur from Ch.68.650 to Ch.93.209 Jarkala to Pakari Package-IV in State of Uttar Pradesh.,NHAI,618536,Uttar Pradesh,2023-02-01,2024-12-01,2027-06-01,2027-06-01,1603.53,1192.16,266.36,39.2,143,July 2026,FlashReport_July_2026.pdf
1614,Construction of Ring Road around Kanpur from Km.000 to Km. 23.325 Chachendi Sachendi I to Maharajpur Package-I,NHAI,618537,Uttar Pradesh,2023-01-01,2023-12-01,2026-06-01,2027-02-01,1753.75,1311.7,479.56,62.15,143,July 2026,FlashReport_July_2026.pdf
1615,Construction of Ring Road around kanpur from Ch.51.200 to Ch. 68.650 Badarka to Harbanch-Uchti Pkg-III,NHAI,618538,Uttar Pradesh,2023-09-01,2025-01-01,2027-07-01,2027-07-01,1792.68,1126.75,284.83,34.8,143,July 2026,FlashReport_July_2026.pdf
1616,Construction of Ring Road Kanpur from Ch. 32.090 to Ch.51.200 Transganaga to Sathara Package-II B,NHAI,618539,Uttar Pradesh,2024-08-01,2025-03-01,2027-09-01,2027-09-01,1089.41,1106.92,54.19,20.4,143,July 2026,FlashReport_July_2026.pdf
1617,Construction of Ring Road around Kanpur from Ch.23.325 to Ch.32.090 Chaudhariya to Transganga Package-IIA,NHAI,618540,Uttar Pradesh,2024-08-01,2025-11-01,2027-10-01,2028-04-01,1089.41,977.45,252.18,49.85,143,July 2026,FlashReport_July_2026.pdf
1618,Construction of left out portion of Agra Inner Ring Road connecting village Deori to NH-44 village Bad from Km. 0.000 to Km. 7.772,NHAI,618554,Uttar Pradesh,2022-07-01,2023-03-01,2024-09-01,2026-08-01,879.26,787.58,629.11,94.0,143,July 2026,FlashReport_July_2026.pdf
1619,4L Green Field Northern East side Gorakhpur Bypass 26.616 Kms starting from NH- 29E Chainage 83.308 and end at NH-28 Chainage 285.100,NHAI,618566,Uttar Pradesh,2023-02-01,2024-01-01,2026-01-01,2027-01-01,1973.98,1244.44,1035.52,73.78,143,July 2026,FlashReport_July_2026.pdf
1620,4/6L of Northern Ayodhya Bypass starting Km. 112.540 and ending Km. 139.928 north of existing NH-27 part-1 and part-2 south of NH-27 from km 0.000 to km 5.000.,NHAI,618567,Uttar Pradesh,2024-08-01,2025-07-01,2028-01-01,2028-01-01,2289.34,1834.25,285.67,33.53,143,July 2026,FlashReport_July_2026.pdf
1621,4/6L Southern Ayodhya Bypass from Km 5.000 to Km 37.172 starting near Km. 112.540 and ending at Km. 153.281 of NH-27,NHAI,618568,Uttar Pradesh,2024-08-01,2025-03-01,2027-09-01,2027-09-01,2541.13,1983.05,318.53,39.5,143,July 2026,FlashReport_July_2026.pdf
1622,4 -Laning of MP/UP Border to Kabarai section of NH-34&35 from km 197.000 to km 242.991 Length 45.991 Km Sagar-Kabrai Package-5 under Bharat Mala Pariyojana EC in MP & UP on HAM,NHAI,618669,Uttar Pradesh,2022-10-01,2025-02-01,2027-02-01,2027-02-01,1632.93,1425.43,574.07,61.77,143,July 2026,FlashReport_July_2026.pdf
1623,"4 lanning of Aligarh Palwal section from km 0.00 to km 46.39 package -1 from khereshwar junction-kurana of NH33D , including khair & jattari bypass in the state of UP on HAM mode",NHAI,618690,Uttar Pradesh,2024-03-01,2025-03-01,2027-03-01,2027-03-01,1663.38,1685.69,590.53,21.25,143,July 2026,FlashReport_July_2026.pdf
1624,DL/UP Border - EPE Crossing Pkg-02,NHAI,618710,Uttar Pradesh,2020-09-01,2021-05-01,2023-11-01,2026-08-01,2002.79,1889.78,1739.72,100.0,143,July 2026,FlashReport_July_2026.pdf
1625,6L access Controlled Greenfield Highway from Gogwan Jalalpur Shamli to Ranipur Barsi Saharanpur of Shamli -Ambala section Package-I Design Ch. Form km 00.600 to km 45.500,NHAI,618722,Uttar Pradesh,2022-06-01,2023-05-01,2025-05-01,2027-03-01,1843.59,1247.55,759.32,68.2,143,July 2026,FlashReport_July_2026.pdf
1626,4L Spur of Meerut-Garh-Mukteshwar section connecting NH-119 and NH-58 bypassing Meerut Town of NH 709 A,NHAI,618761,Uttar Pradesh,2021-10-01,2023-02-01,2025-02-01,2026-08-01,991.89,977.73,865.93,96.98,144,July 2026,FlashReport_July_2026.pdf
1627,Four laning of Agra-Aligarh Section from Km. 0.000 Junction of NH-34 Aligarh Km 144.60 to Km. 28.000 near Asroi village in Hathras of NH-509 Package-I,NHAI,618768,Uttar Pradesh,2024-06-01,2026-03-01,2028-03-01,2028-11-01,1309.08,1309.08,310.08,3.96,144,July 2026,FlashReport_July_2026.pdf
1628,4L of Bareilly-Pilibhit-Sitarganj from Km. 0.000 to Km. 32.500 of NH-30 Pkg-1,NHAI,618782,Uttar Pradesh,2023-02-01,2024-03-01,2026-03-01,2027-03-01,1394.14,1394.14,622.58,64.12,144,July 2026,FlashReport_July_2026.pdf
1629,4L of Sonauli - Gorakhpur,NHAI,618798,Uttar Pradesh,2021-12-01,2023-03-01,2025-03-01,2026-09-01,2555.5,2275.43,1328.22,89.0,144,July 2026,FlashReport_July_2026.pdf
1630,"2L PS Greenfield bypass lalganj ajhara, mohanganj and Raniganj on Raebareli - Jaunpur Section Design km 0.00 to Km 53177 of NH-31",NHAI,618842,Uttar Pradesh,2024-12-01,2026-06-01,2028-06-01,2026-12-01,1280.68,1280.68,199.56,0.0,144,July 2026,FlashReport_July_2026.pdf
1631,Construction of two lane with paved shoulders bypass to Mungrabadshapur town starting from near Kodahu at Km 47/225 of NH-319D and ending near Nauwadandi at Km 219/720 of NH-31 under NHO in the state of Uttar Pradesh on EPC mode,NHAI,618843,Uttar Pradesh,2025-02-01,2025-09-01,2027-03-01,2027-03-01,197.6,165.28,54.54,22.79,144,July 2026,FlashReport_July_2026.pdf
1632,Construction of Underpass beneath airport runway on NH-31 old NH-56 for proposed expansion of runway of Babatpur Airport Varanasi,NHAI,618848,Uttar Pradesh,2025-02-01,2025-09-01,2027-09-01,2027-09-01,649.44,649.44,0.09,22.0,144,July 2026,FlashReport_July_2026.pdf
1633,"Improvement and Up-Gradation of Existing Road to 4L PS from Km 123.650 to 175.080, from Start of Shahabad Bypass to End of Hardoi bypass of NH 731 Pkg-2B",NHAI,618856,Uttar Pradesh,2022-09-01,2023-11-01,2025-11-01,2027-03-01,1101.79,1212.26,519.69,68.8,144,July 2026,FlashReport_July_2026.pdf
1634,"Improvement and Up-Gradation of Existing Road to 4L PS from Km 88.750 to 123.650, from Start of Shahjahanpur Bypass to start of Shahabad bypass of NH 731Pkg.-2A",NHAI,618858,Uttar Pradesh,2022-09-01,2024-01-01,2026-01-01,2027-03-01,955.34,955.34,369.94,70.56,144,July 2026,FlashReport_July_2026.pdf
1635,"Improvement and Up-Gradation of Existing Road to 4L PS from Km 229.070 to 260.800, End of Hardoi District to Lucknow Ring road of NH 731 Pkg-4",NHAI,618859,Uttar Pradesh,2021-09-01,2022-10-01,2024-10-01,2026-08-01,575.66,553.61,390.09,99.33,144,July 2026,FlashReport_July_2026.pdf
1636,"Four Lane Highway from Chandan Nagar Existing Km. 59.025 of NH 530B/Design Km. 179.5000 to Bareilly BypassStartExisting Km. 59.025 of NH 530B/Design Km. 218.000 Section of NH 530B, in the State of Uttar Pradesh on HAM Mode under NH0",NHAI,618866,Uttar Pradesh,2024-12-01,2025-11-01,2027-11-01,2027-11-01,2077.0,1112.44,486.09,34.5,144,July 2026,FlashReport_July_2026.pdf
1637,4L Kasganj-Badaun Section from Km. 123.100 to Km. 179.500 Pkg-III of NH530B,NHAI,618867,Uttar Pradesh,2023-03-01,2025-05-01,2027-05-01,2027-12-01,2009.11,1936.61,590.99,40.0,144,July 2026,FlashReport_July_2026.pdf
1638,4L from Devinagar Bypass End Existing Km. 208.000 of NH 530B/Design Km. 66.000 to Kasganj Bypass End Existing Km.150.100 of NH 530B/ Design Km. 123.100 of NH 530B,NHAI,618868,Uttar Pradesh,2023-03-01,2024-06-01,2026-06-01,2026-12-01,2289.52,2223.71,1027.01,77.0,144,July 2026,FlashReport_July_2026.pdf
1639,"Construction of 4/6 lane Highway of Southern Bareilly Bypass, starting at Ch. 237000 of NH 530 near Jhumka chauraha, Dhantiya village and ending at Ch. 267000 of NH 30 near Invertis University including Trumpet Interchange",NHAI,618869,Uttar Pradesh,2024-12-01,2025-12-01,2028-06-01,2028-06-01,1122.02,1869.59,620.25,16.4,144,July 2026,FlashReport_July_2026.pdf
1640,Construction of Four Lane Highway form Ghazipur- Ballia-UP/Bihar State Border Greenfield section of NH-31 Package I [from Hridaipur km 0.000 to Shahapur km 42.500] on EPC Mode in the state of Uttar Pradesh.,NHAI,618883,Uttar Pradesh,2022-10-01,2023-07-01,2025-07-01,2026-08-01,1706.47,1579.59,1447.58,100.0,144,July 2026,FlashReport_July_2026.pdf
1641,Construction of Four Lane Highway from Ghazipur- Ballia-UP/Bihar State Border Greenfield section of NH-31 Package II [from Shahapur km 42.500 to Pindari km 78.150] on EPC Mode in the state of Uttar Pradesh.,NHAI,618884,Uttar Pradesh,2022-10-01,2023-10-01,2025-10-01,2026-08-01,1493.65,1311.44,775.96,98.4,144,July 2026,FlashReport_July_2026.pdf
1642,Construction of Four Lane Highway from Ghazipur- Ballia-UP/Bihar State Border Greenfield section of NH-31 Package IV [from Buxur Spur of length km 17.270 on EPC Mode in the state of Uttar Pradesh.,NHAI,618885,Uttar Pradesh,2022-10-01,2023-06-01,2025-06-01,2026-11-01,617.88,549.02,286.1,90.57,144,July 2026,FlashReport_July_2026.pdf
1643,Varanasi Gorakhpur Section Packege IV from km. 149.540 to km. 215.160 Mau- Gorakhpur,NHAI,618893,Uttar Pradesh,2015-04-01,2017-04-01,2019-10-01,2026-08-01,2966.63,3475.65,3455.15,97.35,144,July 2026,FlashReport_July_2026.pdf
1644,4L Greenfield Western Side spur of Rampur-Rudrapur Section from Km 0.000 to Km 13.700 connecting NH-24 to NH-87 bypassing rampur town,NHAI,618911,Uttar Pradesh,2021-12-01,2023-05-01,2024-11-01,2027-02-01,646.27,637.83,369.67,63.79,145,July 2026,FlashReport_July_2026.pdf
1645,4L Behsuma at Km 39.250 Ex. Km 39240 To Bijnor at Km 78.810 Ex. Km 86590 Design Length 39.560 Km of NH-119 Pkg-II,NHAI,618923,Uttar Pradesh,2023-03-01,2024-05-01,2026-05-01,2026-12-01,2158.2,2553.12,1234.06,70.12,145,July 2026,FlashReport_July_2026.pdf
1646,2L PS of Najibabad Kotdwar section from 112.575 to Km. 138.635 of NH 119,NHAI,618924,Uttar Pradesh,2021-10-01,2024-03-01,2025-09-01,2026-10-01,188.87,99.2,51.17,55.9,145,July 2026,FlashReport_July_2026.pdf
1647,Bijnor-Kotawali,NHAI,618925,Uttar Pradesh,2021-02-01,2021-11-01,2023-05-01,2026-08-01,300.58,334.48,299.77,99.02,145,July 2026,FlashReport_July_2026.pdf
1648,4L of Moradabad-Thakurdwara-Kashipur Section from Km. 0.000 to Km. 38.77 of NH- 734 Pkg-II,NHAI,618927,Uttar Pradesh,2022-10-01,2024-03-01,2026-03-01,2027-06-01,2006.82,1890.05,981.64,54.55,145,July 2026,FlashReport_July_2026.pdf
1649,4L of Moradabad western side spur connecting NH-734 & NH-24 from Km. 0.000 to Km. 33.200 Pkg-I,NHAI,618929,Uttar Pradesh,2022-11-01,2023-09-01,2025-09-01,2026-12-01,1841.92,1843.54,1132.25,83.06,145,July 2026,FlashReport_July_2026.pdf
1650,4 Lane Inner Ring Road around Allahabad City Pkg-2 Prayagraj Southern Bypass 43.200 - 50.860,NHAI,618960,Uttar Pradesh,2023-08-01,2023-12-01,2026-06-01,2027-06-01,1377.51,1007.62,448.99,44.64,145,July 2026,FlashReport_July_2026.pdf
1651,4 Lane Inner Ring Road around Allahabad City Pkg-1 Prayagraj Southern Bypass 34.400 43.200,NHAI,618961,Uttar Pradesh,2025-02-01,2025-12-01,2027-12-01,2027-12-01,775.94,498.97,70.02,24.55,145,July 2026,FlashReport_July_2026.pdf
1652,6L access control Greenfield highway of Vill-Khyawari to Vill-Latifpur at Saharanpur Bypass from Km. 82.000 to Km. 119.790 Pkg-4,NHAI,618968,Uttar Pradesh,2021-03-01,2022-09-01,2024-09-01,2026-08-01,1428.19,1439.35,1394.63,99.24,145,July 2026,FlashReport_July_2026.pdf
1653,6L access control Greenfield highway of Vill-Lohadda to Vill-Karaunda Mahajan from Km. 27.000 to Km. 56.500 Pkg-2,NHAI,618970,Uttar Pradesh,2021-03-01,2022-09-01,2024-09-01,2026-08-01,1335.45,1335.38,1253.61,98.06,145,July 2026,FlashReport_July_2026.pdf
1654,4L of Najibabad Bypass from Km. 105.423 to Km. 118.373 excluding 2.45 Km. of NH- 74 Bypass of NH-119,NHAI,619162,Uttar Pradesh,2022-01-01,2022-12-01,2024-06-01,2026-08-01,578.02,566.9,440.93,100.0,145,July 2026,FlashReport_July_2026.pdf
1655,6L access controlled Greenfield highway of Junction of EPE Vill.-Mavikalan to Vill.- Lohadda from Km. 0.000 to Km. 27.000 Pkg-1,NHAI,619168,Uttar Pradesh,2021-03-01,2022-09-01,2024-09-01,2026-08-01,1602.48,1497.94,1423.29,99.29,145,July 2026,FlashReport_July_2026.pdf
1656,"Construction of Four Lane Gola Flyover at Km 99.850 of NH 730 Major Junction with State Highways -93 of Engineering, Procurement and Construction EPC mode in the State of Uttar Pradesh.",MoRTH,619194,Uttar Pradesh,2025-03-01,2026-05-01,2027-10-01,2027-10-01,168.05,168.05,0.0,12.0,145,July 2026,FlashReport_July_2026.pdf
1657,6L access-controlled highway from Ganeshpur tonear Mohand of Ganeshpur Dehradun section from Km.0 to Km.8.3 of NH-72A Package-1,NHAI,619308,Uttar Pradesh,2020-11-01,2021-10-01,2023-10-01,2026-08-01,836.24,835.74,811.86,98.92,145,July 2026,FlashReport_July_2026.pdf
1658,Landslide treatment work on NH 58 from Kodiyala Km. 266.130 to Devprayag Km. 296.925 10 location under EPC mode in the State of Uttarakhand on EPC Mode,MoRTH,617888,Uttarakhand,2023-01-01,2024-02-01,2025-02-01,2026-07-01,192.54,192.54,0.0,99.0,145,July 2026,FlashReport_July_2026.pdf
1659,Treatment of landslide zone from location no. 01 to 28 km 62.860 to 152.750 on NH- 12509 in the State of Uttarakhand under EPC mode in NHO Annual Plan 2022-23,MoRTH,617889,Uttarakhand,2022-11-01,2023-06-01,2024-06-01,2026-07-01,192.22,192.22,0.0,98.5,145,July 2026,FlashReport_July_2026.pdf
1660,Construction of Champawat Bypass with two lane with paved shoulder configuration starting from existing chainage 121.700 to existing chainage 129.450 Design Length 9.847 of NH-125 in District-Champawat in the state of Uttrakhand on EPC mode.,MoRTH,617890,Uttarakhand,2025-02-01,2026-01-01,2027-12-01,,220.89,220.89,0.0,8.5,145,July 2026,FlashReport_July_2026.pdf
1661,Construction of 2 lane with paved shoulder of Kund Bypass from Design Km 35.130 to Km 47.700 existing Km 33.130 to Km 41.260 of NH-109 in the State of Uttarakhand,MoRTH,617929,Uttarakhand,2018-02-01,2018-05-01,2020-05-01,2026-12-01,247.41,247.41,114.6,73.5,145,July 2026,FlashReport_July_2026.pdf
1662,Construction of Rudraprayag tunnel of length 900.30 MTR including approaches and one major bridge on river Alaknanda connecting NH-107/old-109 to NH-07old-58 on EPC mode in the state of Uttarakhand.,MoRTH,617967,Uttarakhand,2021-02-01,2023-01-01,2025-07-01,2026-07-01,251.88,251.88,108.94,99.0,146,July 2026,FlashReport_July_2026.pdf
1663,Construction & Widening Including Augustmuni Bypass Ch-16.545 to Ch - 19.890 to 2L/PS from Km 16.545-Km 33.130 & 45.980 -57.975 Augustmuni to Kund & Guptkashi to Sitapur on NH 109 in UK,MoRTH,617968,Uttarakhand,2017-03-01,2018-02-01,2020-02-01,2024-03-01,418.89,418.89,426.18,95.0,146,July 2026,FlashReport_July_2026.pdf
1664,Rehabilitation and upgradation of 2 lane with paved shoulder from existing km. 195.175 to km. 220.000 Design Chainage km71.300 to Km. 95.947 Excluding existing chainage Km 200.300 to Km 202.400 Design chainage Km 76.400 to Km 78.400 on Dharasu to Yamunotri Road of NH- 134 Old NH-94,MoRTH,617974,Uttarakhand,2025-05-01,2025-10-01,2028-04-01,,344.73,344.73,0.0,53.74,146,July 2026,FlashReport_July_2026.pdf
1665,Widening to 2 Lane from Existing Chainage Km 74.700 Km 100.660 Design Chainage Km 53.365 to Km 78.785 on NH- 507 in the State of Uttarakhand.,MoRTH,618039,Uttarakhand,2024-01-01,2025-10-01,2028-04-01,,346.82,346.82,0.0,31.75,146,July 2026,FlashReport_July_2026.pdf
1666,Rehabilitation and Upgradation to Two lanes with Paved Shoulders configuration and Strengthening from Km 175.00 to Km 196.00 Gumkhal to Satpuli of NH-119 New NH- 534 in the State of Uttarakhand under NHO Annual Plan 2021-22 under EPC mode,MoRTH,618040,Uttarakhand,2022-03-01,2025-01-01,2027-01-01,,452.81,452.81,0.0,42.0,146,July 2026,FlashReport_July_2026.pdf
1667,Rehabilitation and upgrading to two lanes with paved shoulders and Strengthening of Kotdwar-Pauri-Srinagar road section from Km 232.00 to 274.470 on NH-119 New 534 Paidul to Srinagar in the State of Uttarakhand on EPC Mode under NHO Annual Plan 2021-22.,MoRTH,618041,Uttarakhand,2022-02-01,2025-12-01,2027-12-01,,299.31,299.31,0.0,2.0,146,July 2026,FlashReport_July_2026.pdf
1668,Rehabilitation and up-gradation to 2-lane configuration of Bageshwar to Kangarchina road from km 129.600 to Km 161.600 Existing Chainage 136.00 to Km 169.00 of NH- 309Ain the State of Uttarakhand Package-IV under NHO Annual Plan 2021-22,MoRTH,618119,Uttarakhand,2022-03-01,2024-08-01,2027-02-01,,472.23,472.23,0.0,67.0,146,July 2026,FlashReport_July_2026.pdf
1669,Widening to 2-lane with Hard Shoulder configuration of Mana Ch. 0.00 to Mana Pass Ch. 50.987 road on NH-07 under Bharatmala Pariyojna in the state of Uttarakhand under Annual Plan 2022-23 length 50.987,MoRTH,618207,Uttarakhand,2022-10-01,2023-10-01,2027-10-01,2028-10-01,573.96,573.96,0.0,21.03,146,July 2026,FlashReport_July_2026.pdf
1670,Construction & up gradation of existing road to 2-Lane with paved shoulder from existing chainage km 468000 to km 489350 Design Chainage km 465150 to km 471500 of NH-07 Old NH-58 including Joshimath bypass on EPC mode in the state of Uttarakhand Length 6.35 km,MoRTH,618209,Uttarakhand,2022-03-01,2022-09-01,2025-09-01,2027-08-01,258.85,258.85,0.0,37.23,146,July 2026,FlashReport_July_2026.pdf
1671,Rehabilitation and upgradation of Askot-Lipulekh on EPC Basis for Phase-I Existing Km 72.00 to 107.620 Design Chainage Km 21330 to Km 56935 under Project Hirak of BRO in the state of Uttarakhand under Bharatmala Pariyojna Phase-I on EPC Mode Length-35.605 Km CA No EPC/MORT&H/HRK/01/2021-22,MoRTH,618210,Uttarakhand,2020-09-01,2021-12-01,2023-12-01,2026-07-01,603.92,603.92,0.0,81.17,146,July 2026,FlashReport_July_2026.pdf
1672,Improvement/construction of 2-lane with paved shoulder of Askote Llipulekh road from Tawaghat village to Budhi village design km. 56935 to km 95748 and from end of Tunnel portal to Kali Mandir design km 113828 to km. 133078 [total design length 58.063 km] under project Hirak of BRO in the state of Uttarakhand under Bharatmala Pariyojna on EPC Mode,MoRTH,618211,Uttarakhand,2022-05-01,2024-11-01,2026-11-01,2027-07-01,649.6,649.6,0.0,37.19,146,July 2026,FlashReport_July_2026.pdf
1673,"STABILIZATION OF LAND SLIDE AND SLOPE PROTECTION AT KM 11.00 TO KM 11.08, 29,730 KM TO 30,060 KM, 30,400 KM TO 31,060 KM, 34,750 KM TO 35,300 KM, 38,950 KM TO 39,030 KM & 39,460 KM TO 39,540 KM TWO LOC CLUBBED, KM 40,400 TO KM 40,650, KM 43,500 KM 43,680, 52,460 RISHIKESH - DHARASU ROAD NH-94 ON EPC MODE IN THE STATE OF UTTARAKHAND. NOSE OF LAND SLIDE - 12 NOS",MoRTH,618212,Uttarakhand,2024-01-01,2025-10-01,2027-04-01,,197.26,197.26,0.0,22.0,146,July 2026,FlashReport_July_2026.pdf
1674,Rehabilitation and Upgradation of road Rishikesh Dharasu Old NH-94 with 2-lane with paved shoulder from km 76.000 to km 110.000 Design Chainage from km 74.733 to km 107.347 32.614 km including construction of Kamand re-alignment from existing Chainage Km 105.200 to Km 108.600 design chainage Km 103.436 to Km 105.949 - total length 2513 mtrs and land slide treatment work between design chainage Km 73.800 to Km 74.00 200m on EPC mode under improvement to NH connectivity to Chardham in,MoRTH,618213,Uttarakhand,2018-03-01,2019-01-01,2021-01-01,2026-07-01,273.76,273.76,0.0,96.46,146,July 2026,FlashReport_July_2026.pdf
1675,Rehabilitation and upgradation to 2 lane / 2 lane with paved shoulder configuration for design chainage km 107.347 to km 129.208 & km 133.878 to km 138.570 existing chainage km 110.000 to km 133.020 & km 137.330 to km 142.028 and land slide treatment at existing km 138.500 Design chainage km 134.970 of NH -94 on EPC mode under improvement to NH connectivity to Chardham in the state of Uttarakhand.,MoRTH,618214,Uttarakhand,2018-03-01,2019-01-01,2021-07-01,2024-06-01,346.5,346.5,0.0,100.0,147,July 2026,FlashReport_July_2026.pdf
1676,Rehabilitation & upgradation of existing road to 2-lane with hard shoulder from Joshimath km 0.00 to Saraithota km 29.725 road on NH-107B under Bharatmala Pariyojna on EPC mode in the state of Uttarakhand,MoRTH,618218,Uttarakhand,2022-10-01,2023-05-01,2025-05-01,2027-03-01,338.38,338.38,0.0,80.0,147,July 2026,FlashReport_July_2026.pdf
1677,Upgradation to 2-lane with Hard shoulder configuration of Suraithota Ch. 29.725 km to Malari Ch. 60.550 km road on NH- 107B under in the state of Uttarakhand.,MoRTH,618219,Uttarakhand,2022-10-01,2024-05-01,2026-05-01,2026-12-01,292.76,292.76,0.0,76.67,147,July 2026,FlashReport_July_2026.pdf
1678,"Construction, Operation & Maintenance of 2-L Bi-directional Silkyara Bend- Barkot Tunnel with escape passage including approaches Tunnel-4.531 & Approach road- 0.328 on Dharasu-Yamunotri section b/w Chainage 25.400km and 51.00km falling along NH-134 Old NH-94 on EPC mode",NHIDCL,618390,Uttarakhand,2018-03-01,2018-07-01,2022-07-01,2027-03-01,1383.78,1383.78,842.44,76.03,147,July 2026,FlashReport_July_2026.pdf
1679,"Construction for Mitigation Measures of 5 Nos. Landslides, 05 No. Sinking Zones and 01 No. Bridge from Ch. 450.00 to Ch. 468.00 18 Km. Length on NH-07 Package-III",NHIDCL,618391,Uttarakhand,2023-12-01,2024-06-01,2025-12-01,2027-02-01,250.33,250.33,100.93,88.12,147,July 2026,FlashReport_July_2026.pdf
1680,"Construction for Mitigation Measures of 5 Nos. Landslides, 5 Nos. Sinking Zones in between Ch. 433.00 to 450.00 BANERPANI VILLAGE on NH-07 on EPC mode in the state of Uttarakhand Package-2",NHIDCL,618392,Uttarakhand,2023-12-01,2024-12-01,2026-06-01,2027-01-01,259.64,259.64,0.0,68.45,147,July 2026,FlashReport_July_2026.pdf
1681,"Construction for Mitigation Measures of 10 Nos. Landslides, 01 No. Sinking Zones and 1 No. of Minor Bridge in between at Ch. Km 368.00 to Km 433.00 on NH-07 on EPC Mode in Uttarakhand Package-1",NHIDCL,618393,Uttarakhand,2023-12-01,2024-06-01,2025-12-01,2024-02-01,216.68,216.68,117.83,99.97,147,July 2026,FlashReport_July_2026.pdf
1682,4L of Haridwar Nagina section Design Ch. LME from km 13.829 to km 17.110 & km 26.077 to km 27.508 and Design Ch. RME from km 13.839 to km 17.120 & km 26.078 to km 27.509 of EUP mitigation measures on NH74,NHAI,618875,Uttarakhand,2021-11-01,2022-08-01,2024-02-01,2026-12-01,183.92,142.11,119.67,70.42,147,July 2026,FlashReport_July_2026.pdf
1683,Construction of 4-lane connectivity to Banbasa ICP at India Nepal border from NH-09 old NH-125 Sitarganj-Tanakpur at Km 40.00 near Jagbuda bridge under Bharatmala Priyojana of NH-109D on EPC mode in the State of Uttarakhand,NHAI,619142,Uttarakhand,2022-06-01,2023-03-01,2024-09-01,2027-04-01,216.97,237.01,213.92,75.24,147,July 2026,FlashReport_July_2026.pdf
1684,Upgradation and 4L of Haridwar Bypass from Km 0.000 Km 188.100 of NH-58 to Km. 15.100 Km 5.100 of NH 74 PKg-1,NHAI,619155,Uttarakhand,2021-11-01,2022-10-01,2024-10-01,2026-11-01,1602.89,1423.89,770.27,80.36,147,July 2026,FlashReport_July_2026.pdf
1685,Realignment of Rudrapur-Kathgodam Section of NH-87 New NH-109 From Design Chainage 000 Existing Chainage Km.54050 To Design Chainage 7875 Existing Chainage Km.61550 Due To Proposed Expansion Of Pantnagar Airport in the state of Uttarakhand.,NHAI,619221,Uttarakhand,2025-08-01,2026-06-01,2027-09-01,2027-09-01,252.97,252.97,0.14,0.0,147,July 2026,FlashReport_July_2026.pdf
1686,4L Medinipur to Ballupur from Km. 458.65 to Km. 487.65 of NH-07Pkg-2,NHAI,619292,Uttarakhand,2022-03-01,2023-02-01,2025-02-01,2026-08-01,1092.9,1072.5,739.13,93.9,147,July 2026,FlashReport_July_2026.pdf
1687,Construction of 4 Lane Access Controlled Bypass for Dehradun on NH307 from Design Chainage km 0050 Jhajra on NH-07 to Design Chainage km 12220 Asharori on EPC Mode in the State of Uttarakhand under NHO,NHAI,619293,Uttarakhand,2023-12-01,2025-04-01,2027-04-01,2027-04-01,715.97,337.11,191.78,62.79,147,July 2026,FlashReport_July_2026.pdf
1688,Road Safety Improvement of existing four lane section of Dehradun-Lal Tappar-Nepali Farm Section of NH-7 and Nepali Farm-Motichur NH-34 on EPC Mode in Uttarakhand under NHO.,NHAI,619294,Uttarakhand,2025-05-01,2026-02-01,2028-08-01,2028-08-01,720.67,388.19,10.86,5.13,147,July 2026,FlashReport_July_2026.pdf
1689,Four/Six laning of Bhaniyawala-Jollygrant-Rishikesh spur section of NH-07 from Km. 0.000 to Km 19.780,NHAI,619295,Uttarakhand,2023-02-01,2025-12-01,2027-11-01,2027-11-01,742.43,664.92,13.35,0.0,147,July 2026,FlashReport_July_2026.pdf
1690,Construction of additional major Bridge with 4- lane configuration of length 1.48 km on NH-60 NH-14 over River Kangshabati from Km. 117.770 to Km 119.250 and additional major Bridge with 4- lane configuration of length 0.900 km on NH-60 NH- 14 over River Shilabati from Km. 173.220 to Km 174.120 in the district of Paschim Medinipur of West Bengal under Annual Plan for FY 2023-24 on EPC mode. Job No 014-W8-2023-24/527 .,MoRTH,617893,West Bengal,2023-11-01,2025-11-01,2028-05-01,2028-05-01,304.83,304.83,0.15,0.0,148,July 2026,FlashReport_July_2026.pdf
1691,"Construction or 4 lane Raniganj Bypass of length 5.261 km on NH-60 new NH-14 from km 273.00 of NH to km 478.18 of NH-2 New NH 16 in paschim Bardhaman, West Bengal in EPC Mode- reg. Job No. 014-WB-2022-23/514",MoRTH,617894,West Bengal,2023-03-01,2024-03-01,2026-03-01,2027-05-01,410.83,410.83,184.64,67.28,148,July 2026,FlashReport_July_2026.pdf
1692,Construction of ROB and its approaches in lieu of LC No. 10/B/T at Km 307.050 of NH-60.,MoRTH,617931,West Bengal,2016-03-01,2023-08-01,2025-08-01,2027-10-01,155.87,138.57,20.6,17.08,148,July 2026,FlashReport_July_2026.pdf
1693,Construction of new road at the missing link portion of NH-81 along approved alignment between Harishchandrapur and Eastern approach of Kalindri Bridge from Km 46.550 to Km 59.697 in the district of Malda. Job No-081-WB-2015-16/400,MoRTH,617960,West Bengal,2016-08-01,2016-11-01,2018-11-01,2026-10-01,271.17,291.2,216.61,85.56,148,July 2026,FlashReport_July_2026.pdf
1694,Development to 4/6-lanning of NH-31 New NH-10 with both side service roads from km 569.258 to km 581.030 end of AH-02 project on NH- 31 near Shivmandir to Sevoke Army Cantonment in districts of Darjeeling and Jalpaiguri in the state of West Bengal on EPC Mode Job No. 010/WB/2021-22/490,MoRTH,618227,West Bengal,2022-03-01,2023-03-01,2025-09-01,2027-03-01,995.04,1059.2,590.78,74.98,148,July 2026,FlashReport_July_2026.pdf
1695,Construction & upgradation of existing road to 2-lane with paved shoulder including geometric improvement of Kafer- Lava More section from km 40.00 to km 61.100 of NH717-A on EPC under SARDP-NE A in state of West Bengal Pkg-VA,NHIDCL,618427,West Bengal,2020-06-01,2020-10-01,2023-04-01,2026-12-01,311.02,273.78,268.2,95.98,148,July 2026,FlashReport_July_2026.pdf
1696,Construction & upgradation of existing road to 2-lane with paved shoulder including geometric improvement of sect. from Pedong bypass to Reshi Border km 79.700 to km 96.254 of NH-717A under SARDP-NE-A on EPC as part of Alternate connectivity to Gangtok Lava More-Reshi Border Pkg-VB,NHIDCL,618429,West Bengal,2020-06-01,2020-10-01,2022-04-01,2026-08-01,345.38,395.59,418.73,97.22,148,July 2026,FlashReport_July_2026.pdf
1697,Construction of alternative highway to Gangtok in Sikkim via Bagrakot -Chuikhim- Nimbong -Kafer-Bakhim-Algarah-Rhenock in the State of West Bengal and from Rhenok-Rorathang-Pakyong along with spur from Aritar-Rolep-Menla in the State of Sikkim from Km 0.00 to Km 13.00 of Bagrakot -Kafer section of NH 717A on EPC Mode under Phase-A of SARDP-NE in the State of West Bengal PKG- IVA,NHIDCL,618430,West Bengal,2018-03-01,2019-10-01,2022-04-01,2026-08-01,402.94,402.94,261.9,99.23,148,July 2026,FlashReport_July_2026.pdf
1698,Construction of alternative highway to Gangtok in Sikkim via Bagrakot -Chuikhim- Nimbong -Kafer-Bakhim-Algarah-Rhenock in the State of West Bengal and from Rhenok-Rorathang-Pakyong along with spur from Aritar-Rolep-Menla in the State of Sikkim from Km 13.00 to Km 25.60 of Bagrakot -Kafer section of NH 717A on EPC Mode under Phase-A of SARDP-NE in the State of West Bengal PKG- IVB,NHIDCL,618431,West Bengal,2018-03-01,2020-10-01,2023-04-01,2026-12-01,295.97,295.97,255.94,97.73,148,July 2026,FlashReport_July_2026.pdf
1699,Binnaguri Bypass-Descoped portion of Ghoshpukur-Dhupguri Section of NH-31Dpkg-1,NHAI,618572,West Bengal,2025-03-01,2025-11-01,2027-11-01,2027-11-01,309.99,306.02,4.77,3.67,148,July 2026,FlashReport_July_2026.pdf
1700,Balance Works of 4L of NH-31D from Km. 113.200 to Km. 154.854 Package-II A Ghoshpukur-Salsalabari Section,NHAI,618574,West Bengal,2023-11-01,2024-12-01,2027-06-01,2027-06-01,1818.46,962.31,461.0,61.1,148,July 2026,FlashReport_July_2026.pdf
1701,6L Elevated Kona Expressway from Km. 0.145 to Km. 7.337 of NH-117,NHAI,618808,West Bengal,2023-03-01,2024-06-01,2026-12-01,2027-12-01,1212.56,1203.11,433.18,39.99,148,July 2026,FlashReport_July_2026.pdf
1702,4 laning of Barasat - Barajaguli Section of NH-12 from Km. 31.000 to Km. 48.679 in the district of North 24 - Parganas,NHAI,618823,West Bengal,2024-02-01,2024-08-01,2026-02-01,2027-10-01,352.01,346.39,97.88,43.52,148,July 2026,FlashReport_July_2026.pdf
1703,"Development to 4-laning of the de-scoped stretches from Km 115.342 to Km 191.700 of NH-34 in Nadia District 3.962 & Murshidabad District 5.538 pertaining to Krishnagar to Berhampore section of NH-34 New NH-12 , in the state of West Bengal under NHO.",NHAI,618824,West Bengal,2024-03-01,2024-07-01,2026-01-01,2027-06-01,201.1,197.74,64.63,54.79,148,July 2026,FlashReport_July_2026.pdf
1704,Bridge over Ganga River at d/s of Farraka Barrage including Approaches connecting Farakka-Raiganj,NHAI,618825,West Bengal,2018-08-01,2018-12-01,2021-12-01,2026-09-01,622.04,646.1,628.08,96.71,148,July 2026,FlashReport_July_2026.pdf
1705,"Construction of Dubrajpur Bypass with 4-lane configuration of length 5.676 km on NH- 60 new NH-14 from design chainage 0.00 existing km 316.135 on NH-60 to design chainage 5.676 existing km 320.980 on NH-60 in the district of Birbhum, West Bengal under Annual Plan 2022-23 in EPC Mode- reg. Job. No. 014-WB-2022- 23/518 .",MoRTH,619004,West Bengal,2023-03-01,2025-12-01,2027-12-01,2027-12-01,560.79,560.79,0.31,8.0,149,July 2026,FlashReport_July_2026.pdf
1706,"Slope protection and landslide mitigation at 4 vulnerable locations km 1.950 to Km 2.100, km 11.100 to 11.450, km 22.435 to km 22.485 and km 22.610 to km 22.680 within Sevoke-Rangpo section of NH-10 old NH-31A in Darjeeling & Kalimpong district in the State of West Bengal on EPC mode",NHIDCL,619187,West Bengal,2024-02-01,2025-06-01,2027-06-01,2027-06-01,152.27,152.27,21.2,34.47,149,July 2026,FlashReport_July_2026.pdf
1707,SETTING UP OF PHYSICAL INFRASTRUCTURE FOR THE NATIONAL INSTITUTE OF COMMUNICATION FINANCE [NICF] AT GHITORNI,National Communication Academy - Finance [Erstwhile NICF],709859,Delhi,2014-10-01,2018-04-01,2020-02-01,2026-09-01,248.2,248.2,237.43,98.0,149,July 2026,FlashReport_July_2026.pdf
1708,Provision of 4G based Mobile Services in Uncovered Villages and National Highways of Meghalaya,Department of Telecommunications,701598,Meghalaya,2019-09-01,2020-09-01,2022-03-01,2026-06-01,971.96,180.46,167.23,99.84,149,July 2026,FlashReport_July_2026.pdf
1709,Mobile connectivity in Left Wing Extremism [LWE] affected areas-Phase 1 Upgradation,Department of Telecommunications [DoT],617413,"Multi-States (Andhra Pradesh, Bihar, Chhattisgarh, Jharkhand, Madhya Pradesh, Maharashtra, Odisha, Telangana, Uttar Pradesh, West Bengal)",2022-04-01,2024-05-01,2025-05-01,2026-12-01,1884.6,1884.6,376.8,99.31,149,July 2026,FlashReport_July_2026.pdf
1710,Mobile connectivity in Left Wing Extremism [LWE] affected areas-Phase2,Department of Telecommunications [DoT],701599,"Multi-States (Andhra Pradesh, Bihar, Chhattisgarh, Jharkhand, Madhya Pradesh, Maharashtra, Odisha, Telangana, Uttar Pradesh, West Bengal)",2018-05-01,2021-09-01,2023-03-01,2026-11-01,1577.57,604.6,492.2,89.98,149,July 2026,FlashReport_July_2026.pdf
1711,"Provision of 4G based mobile services in 7,287 uncovered villages of 44 Aspirational District across 5 states of Andhra Pradesh, Chhattisgarh, Jharkhand, Maharashtra & Odisha",Department of Telecommunications [DoT],701602,"Multi-States (Andhra Pradesh, Chhattisgarh, Jharkhand, Maharashtra, Odisha)",2021-11-01,2022-05-01,2023-11-01,2027-01-01,3685.0,1448.61,1108.02,81.47,149,July 2026,FlashReport_July_2026.pdf
1712,Provision of 4G Mobile Services in Uncovered Villages of Arunachal Pradesh and 2 Districts of Assam,Department of Telecommunications,701597,"Multi-States (Arunachal Pradesh, Assam)",2020-12-01,2021-10-01,2023-04-01,2026-09-01,1255.49,276.62,237.98,99.84,149,July 2026,FlashReport_July_2026.pdf
1713,"502 Aspirational District Scheme in Four states - Bihar, Madhya Pradesh, Rajastha and Uttar Pradesh",Department of Telecommunications [DoT],704495,"Multi-States (Bihar, Madhya Pradesh, Rajasthan, Uttar Pradesh)",2019-12-01,2021-03-01,2022-03-01,2026-06-01,421.65,228.94,152.96,99.59,149,July 2026,FlashReport_July_2026.pdf
1714,"Amended BharatNet Program - KTK, GOA, PY",Department of Telecommunications,108841,PAN India,2023-08-01,2025-06-01,2028-06-01,,3742.0,3742.0,435.31,8.15,149,July 2026,FlashReport_July_2026.pdf
1715,Amended BharatNet Program - HR,Department of Telecommunications,124199,PAN India,2023-08-01,2026-03-01,2029-03-01,,837.0,837.0,83.68,0.0,149,July 2026,FlashReport_July_2026.pdf
1716,Amended BharatNet Program - PB,Department of Telecommunications,171218,PAN India,2023-08-01,2025-02-01,2028-02-01,,1245.0,1245.0,0.0,26.58,149,July 2026,FlashReport_July_2026.pdf
1717,"Amended BharatNet Program - MP, DD and DNH",Department of Telecommunications,175860,PAN India,2023-06-01,2025-05-01,2028-05-01,,4943.0,4943.0,562.13,8.4,149,July 2026,FlashReport_July_2026.pdf
1718,Amended BharatNet Program - WB & ANI,Department of Telecommunications,210914,PAN India,2023-08-01,2025-02-01,2028-02-01,,1674.0,1674.0,223.41,15.13,149,July 2026,FlashReport_July_2026.pdf
1719,Amended BharatNet Program - AS,Department of Telecommunications,240484,PAN India,2023-08-01,2026-03-01,2029-03-01,,832.0,832.0,83.16,0.0,149,July 2026,FlashReport_July_2026.pdf
1720,Amended BharatNet Program - OD,Department of Telecommunications,317725,PAN India,2023-08-01,2026-07-01,2029-07-01,,1713.0,1713.0,0.0,0.0,149,July 2026,FlashReport_July_2026.pdf
1721,Saturation 4G mobile coverage of Uncovered Villages through USOF,Department of Telecommunications [DoT],400013,PAN India,2022-07-01,2022-07-01,2024-06-01,2027-03-01,26316.0,15392.84,8722.82,87.7,150,July 2026,FlashReport_July_2026.pdf
1722,"Amended BharatNet Program - J&K, LAD",Department of Telecommunications,437130,PAN India,2023-08-01,2025-06-01,2028-06-01,,1621.0,1621.0,170.05,8.28,150,July 2026,FlashReport_July_2026.pdf
1723,"Amended BharatNet Program - MGH, MZM, TRP",Department of Telecommunications,462136,PAN India,2023-08-01,2025-04-01,2029-04-01,,768.0,768.0,0.0,0.0,150,July 2026,FlashReport_July_2026.pdf
1724,Amended BharatNet Program - HP,Department of Telecommunications,476006,PAN India,2023-08-01,2025-02-01,2028-02-01,,1292.0,1292.0,148.93,23.18,150,July 2026,FlashReport_July_2026.pdf
1725,BharatNet Phase-II,Department of Telecommunications,547243,PAN India,2017-07-01,2017-11-01,2023-05-01,,22174.56,22174.56,20691.72,93.33,150,July 2026,FlashReport_July_2026.pdf
1726,Amended BharatNet Program - KL,Department of Telecommunications,660056,PAN India,2023-08-01,2025-06-01,2028-06-01,,765.0,765.0,94.95,1.63,150,July 2026,FlashReport_July_2026.pdf
1727,Amended BharatNet Program - UKD,Department of Telecommunications,665021,PAN India,2023-08-01,2025-05-01,2028-05-01,,1821.0,1821.0,209.87,20.54,150,July 2026,FlashReport_July_2026.pdf
1728,4G Services by BSNL,Department of Telecommunications [DoT],701593,PAN India,2020-11-01,2020-11-01,2024-03-01,2026-03-01,28466.0,19592.0,9165.04,98.56,150,July 2026,FlashReport_July_2026.pdf
1729,BharatNet,Department of Telecommunications [DoT],706775,PAN India,2017-07-01,2011-10-01,2023-08-01,2019-03-01,61109.0,12709.0,48809.69,99.98,150,July 2026,FlashReport_July_2026.pdf
1730,MPLS-IP BASED ACCESS AND AGGREGATION NETWORK [MAAN] IN BSNL ALONG WITH TEST AND MEASURING EQUIPMENT,BSNL,709856,PAN India,2023-05-01,2023-05-01,2024-08-01,2026-08-01,645.13,645.13,407.9,92.1,150,July 2026,FlashReport_July_2026.pdf
1731,"Planning, Engineering, Supply, Installation, Testing, Commissioning, Integration & Annual Maintenance of 4G mobile network at 1 Lakh sites on PAN India basis including Mumbai & Delhi LSA on turnkey basis under Phase IX.2 Project.",BSNL,709857,PAN India,2023-05-01,2023-06-01,2025-06-01,2026-09-01,24544.55,24544.55,9165.89,98.56,150,July 2026,FlashReport_July_2026.pdf
1732,Amended BharatNet Program - BR,Department of Telecommunications,914467,PAN India,2023-08-01,2025-03-01,2028-03-01,,1550.0,1550.0,222.77,17.76,150,July 2026,FlashReport_July_2026.pdf
1733,Amended BharatNet Program - RJ,Department of Telecommunications,938832,PAN India,2023-08-01,2026-03-01,2029-03-01,,2839.0,2839.0,283.93,0.0,150,July 2026,FlashReport_July_2026.pdf
1734,Amended BharatNet Program - SKM,Department of Telecommunications,946208,PAN India,2023-08-01,2026-06-01,2029-06-01,,160.0,160.0,0.0,0.0,150,July 2026,FlashReport_July_2026.pdf
1735,"Amended BharatNet Program - ARP, NGL, MNP",Department of Telecommunications,976009,PAN India,2023-08-01,2025-06-01,2028-06-01,,1168.0,1168.0,123.28,0.61,150,July 2026,FlashReport_July_2026.pdf
1736,Amended BharatNet Program - UP,East,222253,Uttar Pradesh,2023-08-01,2025-02-01,2028-02-01,,5008.0,5008.0,502.0,7.65,150,July 2026,FlashReport_July_2026.pdf
1737,Amended BharatNet Program - UP,West,708687,Uttar Pradesh,2023-08-01,2025-02-01,2028-02-01,,1917.0,1917.0,0.0,7.2,150,July 2026,FlashReport_July_2026.pdf
1738,Interception and Diversion and STP works in Bhagalpur under Hybrid annuity based PPP mode-Namami Gange Programme,National Mission for Clean Ganga,616600,Bihar,2017-10-01,2022-03-01,2025-02-01,2026-12-01,413.29,413.29,126.67,97.0,150,July 2026,FlashReport_July_2026.pdf
1739,Sewage Treatment Plant 100MLD and Sewerage Network 288 km in Digha-Patna under Hybrid annuity based PPP mode-Namami Gange Programme,National Mission for Clean Ganga,616611,Bihar,2017-08-01,2019-07-01,2025-12-01,2026-09-01,824.0,824.0,403.34,59.0,150,July 2026,FlashReport_July_2026.pdf
1740,Sewage Treatment Plant 50MLD and Sewerage Network 150 km in Kankarbagh Patna under Hybrid annuity based PPP mode Namami Gange Programme,NMCG1,616612,Bihar,2017-08-01,2019-07-01,2025-12-01,,578.89,578.89,174.61,55.0,150,July 2026,FlashReport_July_2026.pdf
1741,"Sewer Network, SPS and STP at Begusarai",National Mission for Clean Ganga,616615,Bihar,2010-03-01,2018-03-01,2025-04-01,2026-12-01,230.06,230.06,261.82,97.0,151,July 2026,FlashReport_July_2026.pdf
1742,"Sewer Networks, SPS and STP at Hajipur",National Mission for Clean Ganga,616616,Bihar,2010-03-01,2018-03-01,2025-06-01,2026-12-01,305.19,305.19,346.46,95.0,151,July 2026,FlashReport_July_2026.pdf
1743,Interception & Diversion with Rehabilitation of sewerage scheme at Agra under Hybrid annuity based PPP model-Namami Gange Programme,National Mission for Clean Ganga,616594,Uttar Pradesh,2020-05-01,2023-04-01,2025-04-01,2026-12-01,842.25,842.25,208.64,84.0,151,July 2026,FlashReport_July_2026.pdf
1744,Pollution Abatement Works for River Kali Meerut under Meerut Municipality Interception & Diversion with STP,National Mission for Clean Ganga,616605,Uttar Pradesh,2020-05-01,2024-11-01,2024-12-01,2027-03-01,690.71,690.71,34.79,57.0,151,July 2026,FlashReport_July_2026.pdf
1745,Pollution Abatement works for River Ganga at Hooghly Chinsurah- Municipal Town Interception & Diversion with STP,National Mission for Clean Ganga,616604,West Bengal,2018-05-01,2021-12-01,2025-03-01,2026-08-01,154.73,154.73,102.04,94.0,151,July 2026,FlashReport_July_2026.pdf
1746,Sardar Gouthu Latchanna Thotapalli Barrage Project,Water Resources-AP,400100,Andhra Pradesh,2005-04-01,2006-01-01,2019-12-01,2026-06-01,353.05,1023.24,879.15,95.88,151,July 2026,FlashReport_July_2026.pdf
1747,Gundlakamma project,Water Resources-AP,400101,Andhra Pradesh,2005-04-01,2005-04-01,2019-12-01,2027-03-01,397.41,697.39,624.78,98.3,151,July 2026,FlashReport_July_2026.pdf
1748,Polavaram Irrigation Project,Water Resources-AP,701415,Andhra Pradesh,2009-01-01,2009-11-01,2022-04-01,2026-03-01,10151.04,55548.87,27961.55,86.15,151,July 2026,FlashReport_July_2026.pdf
1749,Borolia Irrigation Project,"Department of Water Resources, River Development & GR",701370,Assam,1996-04-01,1996-12-01,2022-12-01,2026-03-01,256.16,256.16,44.7,55.44,151,July 2026,FlashReport_July_2026.pdf
1750,Kelo Irrigation Project,Water Resources-CT,400111,Chhattisgarh,2008-04-01,2008-04-01,2019-12-01,2026-06-01,459.97,727.04,620.15,73.0,151,July 2026,FlashReport_July_2026.pdf
1751,Kudali Irrigation Project,"Department of Water Resources, River Development & GR",701399,Chhattisgarh,2009-04-01,2009-12-01,2025-12-01,2026-03-01,382.29,382.29,249.06,86.31,151,July 2026,FlashReport_July_2026.pdf
1752,Sardar Sarovar Project,"Narmada and Water Resources, Water Supply and Kalpsar Department-GJ",701372,Gujarat,1996-04-01,1996-04-01,2019-12-01,2026-03-01,20718.17,33412.5,31969.4,93.7,151,July 2026,FlashReport_July_2026.pdf
1753,"Subernarekha Multipurpose Project, Jharkhand",Department of Water Resources-JH,701376,Jharkhand,2011-04-01,2012-01-01,2019-12-01,2026-03-01,3807.77,9579.58,6040.27,70.0,151,July 2026,FlashReport_July_2026.pdf
1754,Upper Tunga Irrigation Project,Water Resources-KA,701377,Karnataka,2014-04-01,2014-04-01,2019-12-01,2026-03-01,770.16,1606.07,1515.6,99.32,151,July 2026,FlashReport_July_2026.pdf
1755,Bargi Diversion Project Phase - IV [km. 154 to km 197],Water Resources-MP,400115,Madhya Pradesh,2008-04-01,2009-01-01,2019-12-01,2026-03-01,751.03,893.35,814.02,75.0,151,July 2026,FlashReport_July_2026.pdf
1756,Bargi Diversion Project Phase - III [km. 104 to km 154],Water Resources-MP,400116,Madhya Pradesh,2007-04-01,2007-04-01,2019-12-01,2026-12-01,1229.15,1399.7,2270.96,81.52,151,July 2026,FlashReport_July_2026.pdf
1757,Bodwad Parisar Sinchan Yojna,Department of Water Resources-MH,617422,Maharashtra,2002-05-01,2017-01-01,2027-07-01,,1923.81,1923.81,338.91,49.6,151,July 2026,FlashReport_July_2026.pdf
1758,Waghur Project,Department of water resources-MH - II,701383,Maharashtra,1996-04-01,1996-04-01,2019-12-01,2026-03-01,1058.99,1758.51,1642.5,89.57,151,July 2026,FlashReport_July_2026.pdf
1759,Gosikhurd Project,Department of water resources-MH - II,701386,Maharashtra,2008-04-01,2008-04-01,2019-12-01,2028-06-01,7196.47,12770.1,14439.46,72.65,151,July 2026,FlashReport_July_2026.pdf
1760,Aruna Medium Irrigation Project,Department of water resources-MH - II,701391,Maharashtra,2009-04-01,2010-01-01,2019-12-01,2026-06-01,210.45,1472.14,1734.71,100.0,151,July 2026,FlashReport_July_2026.pdf
1761,Lower Pedhi Project,Department of water resources-MH - II,701396,Maharashtra,2008-04-01,2008-04-01,2019-12-01,2026-06-01,255.97,1480.7,3066.05,65.0,151,July 2026,FlashReport_July_2026.pdf
1762,Nardave Medium Irrigation Project,Department of water resources-MH - II,701398,Maharashtra,2009-04-01,2009-04-01,2019-12-01,2026-06-01,211.46,781.85,879.8,75.0,152,July 2026,FlashReport_July_2026.pdf
1763,Thoubal Multipurpose Project,Water Resources Department-MN,701400,Manipur,1997-04-01,1997-04-01,2019-12-01,2026-12-01,1449.44,1822.24,1848.17,99.0,152,July 2026,FlashReport_July_2026.pdf
1764,North Koel Reservoir Project,"Department of Water Resources, River Development & GR",701412,"Multi-States (Bihar, Jharkhand)",2017-08-01,2021-01-01,2021-03-01,2027-06-01,1622.27,2430.76,345.94,47.0,152,July 2026,FlashReport_July_2026.pdf
1765,Ken-Betwa Linking Development Project,"Department of Water Resources, River Development,",701530,"Multi-States (Madhya Pradesh, Uttar Pradesh)",,2022-03-01,2029-03-01,,21030.0,21030.0,8530.86,0.0,152,July 2026,FlashReport_July_2026.pdf
1766,Integrated Anandpur Barrage Project,Water Resources-OR,603945,Odisha,1997-04-01,1998-01-01,2019-12-01,2026-06-01,567.03,2990.05,2810.1,62.85,152,July 2026,FlashReport_July_2026.pdf
1767,"Subernarekha Project, Odisha","Department of Water Resources, River Development & GR",701402,Odisha,1995-12-01,1998-01-01,2019-12-01,2026-03-01,3055.88,7023.19,8327.62,95.5,152,July 2026,FlashReport_July_2026.pdf
1768,Kanupur Irrigation Project,Irrigation and CAD-TG,701404,Odisha,2003-04-01,2004-01-01,2019-12-01,2026-06-01,989.43,2301.28,2804.16,79.5,152,July 2026,FlashReport_July_2026.pdf
1769,Relining of Rajasthan feeder and Sirhind Feeder canal,Department of Water Resources-PB,701410,Punjab,2016-02-01,2018-04-01,2021-06-01,2026-06-01,1441.26,2462.16,2364.12,95.0,152,July 2026,FlashReport_July_2026.pdf
1770,Shahpur Kandi Dam Project,Department of Water Resources-PB,701411,Punjab,2010-02-01,2018-04-01,2022-06-01,2026-06-01,2285.81,2715.7,2201.94,88.0,152,July 2026,FlashReport_July_2026.pdf
1771,Sri Ram Sagar Project Stage - II,Irrigation and CAD-TG,400102,Telangana,1996-04-01,2005-04-01,2019-12-01,2025-12-01,736.13,949.87,971.47,97.0,152,July 2026,FlashReport_July_2026.pdf
1772,Indiramma Flood Flow Canal Project,Irrigation and CAD-TG,400103,Telangana,1996-04-01,2006-01-01,2019-12-01,2026-12-01,1331.3,5940.09,4491.08,92.0,152,July 2026,FlashReport_July_2026.pdf
1773,J. Chokka Rao Devadula Lift Irrigation Scheme,Irrigation and CAD-TG,701405,Telangana,2006-04-01,2006-04-01,2019-12-01,2025-12-01,8200.71,14730.0,4841.09,87.7,152,July 2026,FlashReport_July_2026.pdf
1774,Madhya Ganga canal Phase-II,Irrigation & Water Resources-UP,701408,Uttar Pradesh,2008-04-01,2008-04-01,2019-12-01,2025-12-01,1060.67,4417.21,4575.74,82.39,152,July 2026,FlashReport_July_2026.pdf
1775,Jamrani Dam Multipurpose Project,Irrigation-UK,613787,Uttarakhand,2023-10-01,2023-11-01,2029-06-01,,2584.1,2584.1,1307.15,26.22,152,July 2026,FlashReport_July_2026.pdf
