project_code,report_month,project_age_days,original_duration_days,revised_duration_days,expenditure_percent,progress_gap,cost_change,cost_change_percent,project_size_category
612786,July 2026,1218.0,731,974.0,66.33071339927042,-13.669286600729578,0.0,0.0,Small
701107,July 2026,2221.0,730,2252.0,69.5140000970544,-20.185999902945596,212.48000000000002,34.73030402092188,Small
701121,July 2026,1308.0,731,1096.0,54.58159297133805,-41.41840702866195,0.0,0.0,Small
706724,July 2026,3499.0,2557,3014.0,105.96150793650794,6.461507936507942,808.0,47.19626168224299,Medium
612183,July 2026,699.0,699,,1.0990799716914366,-3.050920028308564,0.0,0.0,Medium
612194,July 2026,730.0,730,853.0,46.752078625803485,-24.34792137419651,0.0,0.0,Small
701101,July 2026,2830.0,2769,2861.0,98.89719779768264,-0.3628022023173685,0.0,0.0,Medium
619054,July 2026,912.0,549,,29.920132194987602,-16.769867805012396,0.0,0.0,Small
701126,July 2026,1491.0,1431,1523.0,62.30560928433269,-25.69439071566731,246.0,18.850574712643677,Medium
611047,July 2026,1004.0,913,1066.0,43.0059091911722,-15.3440908088278,0.0,0.0,Small
612787,July 2026,1126.0,731,974.0,52.76936998783037,-35.73063001216963,0.0,0.0,Small
612788,July 2026,1126.0,731,912.0,74.73716855326408,-22.262831446735916,0.0,0.0,Small
612789,July 2026,1126.0,578,1034.0,50.04643291990837,-15.753567080091628,0.0,0.0,Small
400010,July 2026,2922.0,1096,2860.0,80.0859375,-7.9140625,160.0,33.33333333333333,Small
706718,July 2026,1703.0,731,1614.0,42.519038076152306,-10.620961923847695,0.0,0.0,Small
611570,July 2026,2038.0,1066,1400.0,79.87731777493605,-0.12268222506395432,0.0,0.0,Small
618977,July 2026,334.0,730,761.0,5.402123424021234,-8.197876575978766,0.0,0.0,Medium
701127,July 2026,1491.0,1035,1127.0,72.54166666666666,-27.458333333333343,0.0,0.0,Small
701128,July 2026,1126.0,851,1035.0,66.20293122886133,-12.507068771138663,0.0,0.0,Small
612793,July 2026,973.0,913,1278.0,27.1020231392687,-9.037976860731302,0.0,0.0,Small
611602,July 2026,2983.0,761,1279.0,27.493786246893126,-18.506213753106874,0.0,0.0,Medium
701113,July 2026,730.0,1095,1095.0,26.028609760772213,-6.971390239227787,0.0,0.0,Medium
701122,July 2026,760.0,730,853.0,38.78756476683938,-6.152435233160617,0.0,0.0,Small
611495,July 2026,699.0,911,911.0,35.39703034215623,7.497030342156229,0.0,0.0,Medium
612791,July 2026,1218.0,670,974.0,46.76210782820591,-26.737892171794087,0.0,0.0,Small
615820,July 2026,1461.0,3287,,70.53264067096451,-19.197359329035493,0.0,0.0,Small
615821,July 2026,1338.0,2922,,36.50245284322532,31.50245284322532,0.0,0.0,Small
400144,July 2026,2038.0,3012,,5.149948920402403,-6.660051079597597,0.0,0.0,Medium
400149,July 2026,2160.0,3134,,45.01039051000086,-10.939609489999143,0.0,0.0,Medium
400354,July 2026,2038.0,3012,,56.115350860457134,16.77535086045713,0.0,0.0,Large
400424,July 2026,3774.0,2556,4017.0,66.22541552418673,-12.254584475813274,0.0,0.0,Large
613798,July 2026,4168.0,4046,,27.3566092210614,-15.113390778938598,0.0,0.0,Small
613799,July 2026,4018.0,3896,,61.05469615007434,-17.805303849925657,0.0,0.0,Small
613800,July 2026,3652.0,3165,3895.0,63.20050490761496,-32.94949509238504,0.0,0.0,Small
613801,July 2026,2983.0,2861,3592.0,46.00009749914689,-8.599902500853112,0.0,0.0,Small
615191,July 2026,1277.0,2251,,18.836001336532913,16.82600133653291,0.0,0.0,Small
616234,July 2026,1369.0,3804,,0.9686731901868942,-22.781326809813105,0.0,0.0,Medium
617287,July 2026,607.0,1946,,18.75608827332141,-4.99391172667859,0.0,0.0,Medium
617288,July 2026,546.0,1520,,36.29544444734847,15.005444447348474,0.0,0.0,Small
619171,July 2026,303.0,2373,,0.12376288851819812,0.11376288851819813,0.0,0.0,Medium
619172,July 2026,577.0,3012,,0.02420408887741436,0.02420408887741436,0.0,0.0,Medium
400018,July 2026,1430.0,2404,,53.05383926181916,-10.24616073818084,0.0,0.0,Small
400073,July 2026,1642.0,3712,,26.02682872600608,-24.75317127399392,0.0,0.0,Small
400074,July 2026,1642.0,2616,,27.976828248813746,4.696828248813745,0.0,0.0,Small
400136,July 2026,852.0,2922,,0.6402255639097745,-16.129774436090226,0.0,0.0,Medium
400138,July 2026,2160.0,4230,,79.31381612737545,54.20381612737545,0.0,0.0,Small
400139,July 2026,2160.0,4230,,72.99008634473937,27.210086344739366,0.0,0.0,Small
400142,July 2026,3774.0,3227,,63.865977083240445,-23.134022916759555,0.0,0.0,Medium
400150,July 2026,2160.0,2769,,33.02212847467022,-6.3978715253297835,0.0,0.0,Large
400151,July 2026,1826.0,2800,,94.33075831625415,25.430758316254142,0.0,0.0,Small
400153,July 2026,2007.0,2616,,8.571973844129493,-15.448026155870506,0.0,0.0,Small
400154,July 2026,2068.0,2311,,2.310819262038774,-8.929180737961225,0.0,0.0,Small
400155,July 2026,1887.0,3591,,6.593951940221264,-21.146048059778735,0.0,0.0,Medium
400156,July 2026,2342.0,2951,,36.897645663650756,-6.792354336349241,0.0,0.0,Medium
400160,July 2026,6056.0,2282,6299.0,95.66604678477047,20.056046784770473,0.0,0.0,Small
400172,July 2026,2891.0,2769,3500.0,53.69754275375007,0.6675427537500696,0.0,0.0,Small
400352,July 2026,2160.0,3864,,0.30082306411959625,-32.149176935880405,0.0,0.0,Small
400425,July 2026,5448.0,2769,5510.0,65.0466970664976,-18.973302933502396,0.0,0.0,Medium
611864,July 2026,1277.0,2616,,10.343607064072685,-20.816392935927315,0.0,0.0,Medium
613808,July 2026,5629.0,1155,5782.0,56.23915026333598,-14.23084973666402,0.0,0.0,Small
615349,July 2026,2068.0,2677,,9.556876871663556,-14.113123128336445,0.0,0.0,Small
615822,July 2026,2252.0,2861,,49.0883284201332,-7.381671579866797,0.0,0.0,Small
615843,July 2026,2434.0,1947,2677.0,21.844910591471802,-8.215089408528197,0.0,0.0,Small
616225,July 2026,943.0,4839,,0.0,-0.05,0.0,0.0,Small
616236,July 2026,2342.0,3316,,23.0070418749664,-9.982958125033601,0.0,0.0,Small
616253,July 2026,852.0,1826,,0.3473011521442257,-3.832698847855774,0.0,0.0,Large
617416,July 2026,395.0,1249,,8.766141399586228,-25.23385860041377,0.0,0.0,Large
617764,July 2026,1004.0,1917,,17.26259045931177,-22.73740954068823,0.0,0.0,Medium
400148,July 2026,3774.0,1826,4017.0,37.39073426573426,-37.759265734265746,0.0,0.0,Small
400162,July 2026,2557.0,1339,2800.0,54.604439727248156,3.294439727248154,0.0,0.0,Small
400321,July 2026,2068.0,1581,2677.0,56.96718468155959,3.23718468155959,0.0,0.0,Medium
613802,July 2026,4230.0,4108,4839.0,42.556058645968086,-15.643941354031917,0.0,0.0,Small
613803,July 2026,912.0,1886,,10.135171962718701,-31.1548280372813,0.0,0.0,Small
613804,July 2026,1673.0,1916,,5.699003470342896,-12.080996529657106,0.0,0.0,Small
615185,July 2026,1399.0,1642,,29.358717434869742,-37.77128256513025,0.0,0.0,Small
615187,July 2026,1338.0,2312,,0.0,-11.2,0.0,0.0,Small
615194,July 2026,1461.0,2981,,24.502126836813613,22.482126836813613,0.0,0.0,Small
615195,July 2026,1461.0,1643,,3.5669172932330824,-5.823082706766918,0.0,0.0,Small
615206,July 2026,2526.0,2404,2769.0,6.891222986840518,-49.988777013159485,0.0,0.0,Small
619032,July 2026,515.0,2585,,1.3039661227019212,-0.7960338772980788,0.0,0.0,Large
619053,July 2026,426.0,1765,,4.691248777022353,4.391248777022353,0.0,0.0,Medium
400033,July 2026,2342.0,2131,,19.31933655982501,-14.930663440174989,0.0,0.0,Small
400177,July 2026,3987.0,3500,4230.0,77.58359916400836,-3.186400835991634,0.0,0.0,Small
400178,July 2026,2342.0,2585,,96.2473264631538,55.617326463153795,0.0,0.0,Small
400353,July 2026,2707.0,2343,,24.565055343806698,5.545055343806698,0.0,0.0,Small
615184,July 2026,1642.0,2251,,68.67127361791464,-0.6587263820853622,0.0,0.0,Small
615186,July 2026,2160.0,2038,2403.0,48.69922266800401,16.48922266800401,0.0,0.0,Small
615188,July 2026,2618.0,1642,,16.85683744748552,-7.3131625525144806,0.0,0.0,Small
615189,July 2026,1491.0,1369,1734.0,28.78658081631525,16.58658081631525,0.0,0.0,Small
615190,July 2026,1522.0,2496,,16.065524944154877,6.425524944154876,0.0,0.0,Small
615192,July 2026,1917.0,1795,2160.0,20.127269203436914,11.687269203436914,0.0,0.0,Small
615199,July 2026,1277.0,1277,,12.621408082129735,8.691408082129735,0.0,0.0,Small
615330,July 2026,1308.0,2282,,7.474848258085973,2.124848258085973,0.0,0.0,Small
615331,July 2026,1004.0,2343,,19.237651032347557,17.047651032347556,0.0,0.0,Small
615914,July 2026,1948.0,2891,,8.51063829787234,-4.46936170212766,0.0,0.0,Small
615916,July 2026,821.0,2160,,7.510549211971824,3.3005492119718243,0.0,0.0,Medium
615917,July 2026,1065.0,2099,,0.15928967083560278,-2.150710329164397,0.0,0.0,Small
615918,July 2026,3437.0,2008,,10.651530108588352,-5.408469891411647,0.0,0.0,Small
615919,July 2026,760.0,1734,,21.295528387858443,-6.6244716121415586,0.0,0.0,Medium
615982,July 2026,3621.0,2038,3864.0,61.554339327599685,-18.275660672400313,0.0,0.0,Small
616044,July 2026,2799.0,790,2981.0,71.2520037121404,-23.3179962878596,0.0,0.0,Small
616050,July 2026,2860.0,2008,3103.0,54.46799491309877,-44.50200508690123,0.0,0.0,Small
616223,July 2026,2799.0,1947,3042.0,66.23101265822785,-20.25898734177214,0.0,0.0,Small
616229,July 2026,668.0,1642,,0.4412600592335537,-2.108739940766446,0.0,0.0,Small
617233,July 2026,912.0,1885,,0.0,-0.11,0.0,0.0,Small
617278,July 2026,760.0,1854,,0.09676856449386868,-0.30323143550613135,0.0,0.0,Small
619055,July 2026,334.0,2404,,0.0,0.0,0.0,0.0,Small
400369,July 2026,2160.0,1308,2403.0,109.64587169125559,17.595871691255596,0.0,0.0,Small
615183,July 2026,1856.0,1369,2099.0,77.22456118941567,20.10456118941567,0.0,0.0,Small
400165,July 2026,1887.0,3988,,78.69064416906264,32.120644169062636,0.0,0.0,Medium
400166,July 2026,1976.0,2950,,68.20951115987641,7.169511159876414,0.0,0.0,Large
400183,July 2026,2160.0,3134,,27.50434477385773,-34.55565522614227,0.0,0.0,Medium
400185,July 2026,1552.0,2891,,29.10245306465265,-6.697546935347347,-2308.3200000000006,-27.42713745768573,Large
400187,July 2026,2983.0,3226,,87.63528082965396,4.735280829653959,0.0,0.0,Medium
400392,July 2026,2799.0,3773,,60.467229803512666,6.927229803512667,0.0,0.0,Medium
615857,July 2026,2313.0,2191,,99.39915031357475,19.39915031357475,0.0,0.0,Small
616226,July 2026,1187.0,3622,,19.440437771853514,9.010437771853514,0.0,0.0,Medium
616231,July 2026,852.0,3287,,8.90245925009364,-25.12754074990636,0.0,0.0,Large
616232,July 2026,1338.0,2312,,18.19765022249256,-15.352349777507438,0.0,0.0,Medium
616233,July 2026,1187.0,2526,,47.17100690895711,28.24100690895711,0.0,0.0,Small
618982,July 2026,1369.0,1127,1310.0,64.01378122308354,-10.786218776916456,0.0,0.0,Small
615818,July 2026,1673.0,1186,1916.0,16.916207868940514,-3.083792131059486,0.0,0.0,Small
615858,July 2026,3774.0,3226,,79.20222731057453,2.2022273105745285,0.0,0.0,Small
615860,July 2026,2557.0,2131,2496.0,33.11149182920401,-37.88850817079599,0.0,0.0,Small
615861,July 2026,3256.0,821,1186.0,96.20536239730703,15.205362397307027,0.0,0.0,Small
615862,July 2026,1826.0,1673,,32.39004629629629,-0.6099537037037095,0.0,0.0,Small
615863,July 2026,2099.0,2099,,98.48090815273478,1.4809081527347843,0.0,0.0,Small
615865,July 2026,3256.0,2738,3103.0,57.27815198227928,-6.721848017720717,0.0,0.0,Small
400173,July 2026,2068.0,1946,3407.0,17.31853001721054,-14.201469982789458,0.0,0.0,Small
400180,July 2026,1795.0,1673,3134.0,17.291399905281434,0.161399905281435,0.0,0.0,Small
400181,July 2026,2891.0,3865,,17.68555911432948,-10.89444088567052,-0.009999999999990905,-0.0019893371528588574,Small
400186,July 2026,1277.0,2251,,7.204934118306699,-4.935065881693301,-0.009999999999990905,-0.0013349708976332173,Small
400312,July 2026,2282.0,3256,,52.35596469771594,0.31596469771594116,0.0,0.0,Medium
400315,July 2026,1826.0,2800,,13.00140890217448,-5.4985910978255195,0.0,0.0,Large
612816,July 2026,943.0,2282,,14.25357873210634,5.843578732106339,0.0,0.0,Small
613793,July 2026,2282.0,2160,2891.0,20.014473276129433,3.2244732761294337,0.0,0.0,Small
613794,July 2026,1277.0,1886,,34.04780262143407,11.787802621434071,0.0,0.0,Small
616230,July 2026,607.0,4503,,0.9894851493443928,0.7594851493443928,0.0,0.0,Medium
617299,July 2026,1461.0,517,1065.0,86.84347644852022,34.84347644852022,0.0,0.0,Small
617730,July 2026,1065.0,730,913.0,63.64045145914834,1.6404514591483377,0.0,0.0,Medium
618991,July 2026,1461.0,1005,,5.854708902006697,5.854708902006697,0.0,0.0,Medium
618992,July 2026,1461.0,974,,0.5721061829075477,-0.6278938170924523,0.0,0.0,Small
400231,July 2026,3468.0,2251,,13.134219871708186,9.034219871708187,0.0,0.0,Large
618981,July 2026,638.0,912,,6.027146877192814,6.027146877192814,0.0,0.0,Medium
400203,July 2026,2983.0,3562,3440.0,32.508519476897966,-11.191480523102037,752.3100000000002,44.61517476960303,Medium
400416,July 2026,3072.0,1127,1857.0,69.59958507842174,-2.4004149215782604,764.7,42.49183169967326,Medium
400192,July 2026,3652.0,3499,3713.0,39.523086654016446,2.5230866540164456,0.0,0.0,Medium
603293,July 2026,2707.0,13606,2769.0,55.94005102040816,-11.919948979591837,282.0,56.17529880478087,Small
602182,July 2026,1246.0,3287,3287.0,15.438887527728202,-2.491112472271798,0.0,0.0,Large
611698,July 2026,577.0,1522,,5.4815999174768555,-1.0984000825231446,0.0,0.0,Medium
611699,July 2026,577.0,1522,,4.53981840726371,-1.0601815927362894,0.0,0.0,Medium
611716,July 2026,303.0,2191,,3.117646120097567,-3.4723538799024327,0.0,0.0,Large
619311,July 2026,91.0,2375,,1.3446922300920967,1.3446922300920967,0.0,0.0,Large
602579,July 2026,2679.0,1675,2526.0,99.81979506504534,4.809795065045336,3317.4699999999993,31.779302602046723,Large
619051,July 2026,607.0,1948,1948.0,11.427307332710031,-3.572692667289969,0.0,0.0,Large
611930,July 2026,1065.0,1766,1919.0,33.97572333291941,0.47572333291940794,576.0,3.708950418544752,Large
617188,July 2026,668.0,1826,1887.0,19.513328567051374,-2.7966714329486244,0.0,0.0,Large
709747,July 2026,1948.0,1675,1675.0,109.03197288934727,57.17197288934727,0.0,0.0,Small
602582,July 2026,2099.0,1645,2130.0,72.34575882856673,-8.344241171433268,1075.34,156.30623428347164,Small
602593,July 2026,2068.0,1887,3468.0,45.579947115395676,-6.550052884604327,2534.7500000000005,139.99812212796044,Medium
611586,July 2026,1277.0,1917,2526.0,25.29277860339942,-9.367221396600577,1940.9799999999996,74.23876749371773,Medium
602525,July 2026,4291.0,790,3225.0,73.17363293526084,-8.876367064739156,4615.88,56.90103203601525,Large
602532,July 2026,2679.0,1308,2495.0,73.00184877056758,-13.998151229432423,1121.4099999999999,26.15478625521563,Medium
602535,July 2026,1976.0,1492,2496.0,31.14594258927591,-0.3840574107240897,0.0,0.0,Large
605155,July 2026,1522.0,1461,1947.0,37.59224236211148,1.0722423621114743,0.0,0.0,Medium
400261,July 2026,3164.0,1946,3438.0,97.21071815584672,5.21071815584672,1634.0,8.752946218127276,Large
611509,July 2026,1187.0,1703,,15.526605376793427,1.226605376793426,0.0,0.0,Large
618976,July 2026,607.0,1765,1765.0,11.39469822948254,-0.10530177051746037,0.0,0.0,Large
602096,July 2026,8339.0,2069,8094.0,101.42865689454561,3.448656894545607,19790.21,314.86349960940794,Large
602961,July 2026,1430.0,1703,2069.0,56.057641712508975,1.0576417125089748,699.25,5.903957783641161,Large
619056,July 2026,242.0,1887,2007.0,5.086694816278861,2.386694816278861,0.0,0.0,Large
602181,July 2026,2679.0,1461,3471.0,79.55198641623929,5.771986416239287,0.0,0.0,Large
605156,July 2026,1948.0,1004,1918.0,93.98559167664966,-3.5744083233503403,889.8199999999999,94.83421969753488,Small
619341,July 2026,122.0,2132,,2.4977466233427674,1.5277466233427675,0.0,0.0,Large
298178,July 2026,30.0,2375,,2.6141352520986496,2.5941352520986496,0.0,0.0,Large
612142,July 2026,852.0,2163,2222.0,22.33486478627508,-2.66513521372492,0.0,0.0,Large
602185,July 2026,7182.0,2312,8278.0,71.76670670101676,-4.303293298983235,7929.299999999999,266.2625923438549,Medium
602195,July 2026,6543.0,3256,5265.0,91.06349959719472,9.56349959719472,2544.73,65.91967049619853,Medium
400062,July 2026,1277.0,1642,,12.8366434674362,-0.16335653256379956,0.0,0.0,Large
602184,July 2026,4321.0,1826,5479.0,59.00173090076635,1.1417309007663476,1483.72,107.37277832455278,Medium
602538,July 2026,2587.0,1064,2038.0,103.3508137432188,6.350813743218794,69.0,6.653809064609451,Medium
617183,July 2026,487.0,1005,,31.0,-12.89,0.0,0.0,Medium
617375,July 2026,334.0,914,,1.4996656796255612,-2.390334320374439,0.0,0.0,Small
615336,July 2026,973.0,488,791.0,32.0,-13.939999999999998,0.0,0.0,Small
612139,July 2026,943.0,731,1096.0,75.06003308910422,2.940033089104219,0.0,0.0,Medium
612855,July 2026,791.0,730,853.0,85.00000000000001,3.000000000000014,0.0,0.0,Small
615342,July 2026,638.0,638,912.0,21.999999999999996,-11.000000000000004,0.0,0.0,Small
615343,July 2026,607.0,730,,5.279441117764471,-3.3905588822355286,0.0,0.0,Small
615345,July 2026,638.0,730,1095.0,44.99999999999999,6.739999999999995,0.0,0.0,Medium
617069,July 2026,515.0,730,,33.24034334763948,-3.759656652360519,0.0,0.0,Small
617182,July 2026,487.0,730,,36.0,-6.0,0.0,0.0,Small
617391,July 2026,515.0,638,850.0,2.998218271928567,-4.201781728071433,0.0,0.0,Small
617405,July 2026,638.0,730,1065.0,17.45,-6.550000000000001,0.0,0.0,Medium
617801,July 2026,487.0,640,822.0,2.9996218241826247,-4.2003781758173755,0.0,0.0,Small
619026,July 2026,212.0,1461,,0.10526315789473684,-0.8947368421052632,0.0,0.0,Large
619029,July 2026,668.0,546,821.0,21.999248638156658,-13.200751361843345,0.0,0.0,Small
619049,July 2026,699.0,730,942.0,61.61555555555556,-8.38444444444444,0.0,0.0,Medium
617179,July 2026,730.0,730,1065.0,1.7017383348581887,0.0017383348581887503,0.0,0.0,Small
617326,July 2026,5264.0,5142,5599.0,89.4585425430859,-6.941457456914108,0.0,0.0,Medium
612140,July 2026,943.0,731,1005.0,92.0,-3.950000000000003,0.0,0.0,Medium
616672,July 2026,546.0,881,,25.0,-13.07,0.0,0.0,Medium
617068,July 2026,515.0,850,,10.0,-8.75,0.0,0.0,Small
617184,July 2026,487.0,914,,16.0,-7.010000000000002,0.0,0.0,Medium
617803,July 2026,303.0,730,,4.5013192612137205,2.0013192612137205,0.0,0.0,Small
619228,July 2026,150.0,730,,2.0,1.0,0.0,0.0,Medium
619028,July 2026,334.0,730,852.0,1.2013399561048863,-0.2986600438951137,0.0,0.0,Small
615344,July 2026,638.0,730,973.0,45.54001088731628,-2.3599891126837207,0.0,0.0,Medium
615346,July 2026,699.0,730,914.0,60.0,-12.39,0.0,0.0,Medium
617272,July 2026,760.0,913,,40.0,-15.259999999999998,0.0,0.0,Small
617279,July 2026,395.0,913,,32.41935483870968,13.94935483870968,0.0,0.0,Small
617802,July 2026,273.0,882,,5.401253918495298,0.6012539184952983,0.0,0.0,Small
619024,July 2026,487.0,761,,17.36750156783945,-12.63249843216055,0.0,0.0,Medium
619027,July 2026,426.0,975,,1.25,-3.75,0.0,0.0,Medium
619227,July 2026,122.0,731,,2.7394366197183095,-1.1805633802816904,0.0,0.0,Medium
617185,July 2026,487.0,730,914.0,32.0,3.2300000000000004,0.0,0.0,Large
617806,July 2026,699.0,730,,26.62197227066197,-37.37802772933803,0.0,0.0,Medium
619030,July 2026,150.0,912,,6.99981634527089,3.99981634527089,0.0,0.0,Medium
602223,July 2026,4291.0,1522,4534.0,89.1799170146298,5.279917014629788,4374.9,92.0175331586187,Medium
607709,July 2026,4230.0,1005,4017.0,83.25,-15.950000000000003,1588.67,31.08134282075311,Large
617271,July 2026,668.0,546,730.0,42.0000583617847,12.250058361784703,0.0,0.0,Small
617807,July 2026,273.0,730,,6.669763513513513,0.28976351351351326,0.0,0.0,Medium
617270,July 2026,607.0,546,1034.0,1.4989974079327042,-0.0010025920672958044,0.0,0.0,Small
612132,July 2026,881.0,547,1124.0,92.0,-0.46999999999999886,0.0,0.0,Medium
611735,July 2026,1308.0,821,1461.0,71.0,2.0999999999999943,0.0,0.0,Small
615347,July 2026,607.0,1642,,12.000000000000002,-6.559999999999997,0.0,0.0,Large
615339,July 2026,607.0,730,881.0,33.0,-0.29999999999999716,0.0,0.0,Large
615340,July 2026,607.0,730,850.0,35.85999626656711,-0.6700037334328925,0.0,0.0,Large
617808,July 2026,273.0,730,,5.0,2.0,0.0,0.0,Medium
612138,July 2026,881.0,731,912.0,92.0,-4.840000000000003,0.0,0.0,Medium
615333,July 2026,699.0,730,852.0,50.0,0.6899999999999977,0.0,0.0,Medium
615334,July 2026,699.0,730,973.0,63.0,16.130000000000003,0.0,0.0,Medium
617186,July 2026,487.0,730,822.0,30.000000000000004,-4.029999999999998,0.0,0.0,Large
619025,July 2026,546.0,1642,,2.9402,-7.0598,0.0,0.0,Large
612133,July 2026,943.0,731,1217.0,83.50015285845306,10.05015285845306,0.0,0.0,Medium
616670,July 2026,577.0,730,912.0,33.419945261717416,-7.290054738282585,0.0,0.0,Large
611949,July 2026,1004.0,548,1035.0,99.00000000000001,-0.8699999999999903,0.0,0.0,Medium
612134,July 2026,943.0,731,1217.0,82.0,2.6099999999999994,0.0,0.0,Medium
615332,July 2026,699.0,730,942.0,57.99999999999999,1.8499999999999943,0.0,0.0,Medium
615335,July 2026,699.0,730,942.0,45.49999999999999,-11.81000000000001,0.0,0.0,Medium
615337,July 2026,699.0,549,761.0,70.0,-17.099999999999994,0.0,0.0,Small
615338,July 2026,607.0,730,942.0,41.0,-6.280000000000001,0.0,0.0,Medium
617181,July 2026,487.0,640,822.0,8.0,-9.2,0.0,0.0,Small
616671,July 2026,546.0,699,789.0,38.0,14.219999999999999,0.0,0.0,Small
617269,July 2026,577.0,547,730.0,5.99595883652084,-6.07404116347916,0.0,0.0,Small
617412,July 2026,852.0,1034,,29.299689440993788,3.299689440993788,0.0,0.0,Small
707229,July 2026,1826.0,546,1430.0,16.23913043478261,-80.76086956521739,20.120000000000005,9.586430341147324,Small
400188,July 2026,3652.0,2771,2771.0,43.7576504978533,-2.9423495021467048,-9.0,-0.0273972602739726,Large
701719,July 2026,3803.0,2221,3682.0,115.66604823747682,17.166048237476815,0.0,0.0,Small
701766,July 2026,2434.0,1553,2679.0,28.888349514563107,-11.41165048543689,55.03,36.45095051997085,Small
702627,July 2026,2707.0,1826,3042.0,38.891062767053455,-11.158937232946542,0.0,0.0,Large
617207,July 2026,852.0,1826,,2.1813588640695443,-2.1286411359304553,0.0,0.0,Large
619031,July 2026,181.0,1065,,2.2054264243344313,-3.444573575665569,0.0,0.0,Large
702632,July 2026,2557.0,2070,2710.0,85.85939519773615,2.3993951977361547,0.0,0.0,Large
702630,July 2026,2679.0,1827,2922.0,77.6369514289137,-4.263048571086301,0.0,0.0,Large
619022,July 2026,1096.0,1064,,3.5453865226895935,-6.504613477310407,0.0,0.0,Large
612878,July 2026,668.0,1795,,0.0,-3.8,0.0,0.0,Large
702635,July 2026,4533.0,1855,3865.0,97.19776303203898,1.3977630320389807,4289.98,16.246761047280945,Large
702665,July 2026,1856.0,2708,2708.0,73.56239138226005,6.062391382260046,0.0,0.0,Large
702664,July 2026,1338.0,1461,1461.0,41.73628675813086,0.5362867581308564,0.0,0.0,Medium
702625,July 2026,2799.0,1461,3500.0,64.81055694816608,2.110556948166078,0.0,0.0,Large
702626,July 2026,2799.0,1461,3683.0,67.9120893771331,2.432089377133096,0.0,0.0,Large
617225,July 2026,1004.0,1188,,33.5968255952009,-15.5231744047991,50.0,5.493418884176757,Small
617226,July 2026,668.0,1642,,6.433172111977201,-2.6068278880227984,0.0,0.0,Medium
617327,July 2026,668.0,1826,,0.8292554979057549,-9.210744502094244,0.0,0.0,Large
618971,July 2026,365.0,1461,,0.4459164313448642,-1.9540835686551357,0.0,0.0,Medium
618985,July 2026,212.0,1826,,0.08744300227737285,-1.4225569977226271,0.0,0.0,Large
701745,July 2026,3013.0,1218,,62.11371593849901,14.113715938499013,0.0,0.0,Small
701991,July 2026,3013.0,1095,2161.0,73.24029293906314,-11.759707060936861,123.70000000000005,20.616666666666674,Small
702637,July 2026,4748.0,2464,3348.0,96.46949780019315,-2.7405021998068406,14140.0,61.11687413554634,Large
702658,July 2026,1308.0,1826,,32.226147883124625,-9.883852116875374,0.0,0.0,Large
617206,July 2026,546.0,1461,,12.846754689062253,7.486754689062253,0.0,0.0,Large
245986,July 2026,91.0,2009,,0.013729457586714181,-1.7762705424132859,0.0,0.0,Large
612066,July 2026,273.0,1308,,10.5124071504367,10.5124071504367,0.0,0.0,Small
612068,July 2026,61.0,821,,11.395927933206385,-1.084072066793615,0.0,0.0,Small
702668,July 2026,638.0,3195,,54.861967555260414,-0.8680324447395833,0.0,0.0,Large
616221,July 2026,122.0,1461,,0.0,0.0,0.0,0.0,Medium
619052,July 2026,303.0,1796,,0.0008619129295558564,-1.999138087070444,0.0,0.0,Large
702628,July 2026,2618.0,1643,2677.0,85.4346326630843,2.434632663084301,0.0,0.0,Large
702629,July 2026,2618.0,1247,2373.0,75.99724092500614,2.997240925006139,0.0,0.0,Large
702674,July 2026,3437.0,1704,2953.0,51.59679479735222,-30.403205202647783,0.0,0.0,Small
702699,July 2026,3529.0,1703,2677.0,85.47676029726665,0.4767602972666509,0.0,0.0,Small
702734,July 2026,3409.0,2130,3226.0,82.18769109024856,-5.812308909751437,0.0,0.0,Small
702741,July 2026,3437.0,1551,2739.0,59.644423920572606,-16.355576079427394,0.0,0.0,Small
702742,July 2026,3437.0,1765,2739.0,54.92436130814136,-12.075638691858643,0.0,0.0,Small
702746,July 2026,3437.0,1551,2739.0,67.01882995544057,-13.981170044559434,0.0,0.0,Small
702760,July 2026,3865.0,2464,3530.0,48.85392982240521,-31.146070177594787,0.0,0.0,Small
702793,July 2026,3499.0,1946,3134.0,87.92701187449941,-11.072988125500586,0.0,0.0,Small
702808,July 2026,3895.0,2647,3530.0,92.78799388577517,-3.2120061142248346,24.329999999999984,12.700981415744405,Small
702810,July 2026,3713.0,1946,3134.0,84.72266605797762,-5.277333942022381,36.09000000000003,8.977388622173587,Small
702833,July 2026,3652.0,1491,2526.0,70.31925849639548,-4.680741503604523,0.0,0.0,Small
703021,July 2026,3529.0,1095,2191.0,60.3885388538854,-29.6114611461146,8.110000000000014,3.1369666963215157,Small
703057,July 2026,3529.0,1156,2191.0,74.4390243902439,-24.5609756097561,0.0,0.0,Small
702949,July 2026,3409.0,1491,2618.0,90.16982945846833,-4.830170541531672,0.0,0.0,Small
702958,July 2026,3590.0,1400,2649.0,88.13001558801454,-6.869984411985456,30.75,21.585006317562826,Small
617280,July 2026,2648.0,2373,,38.743783529780316,-25.256216470219684,0.0,0.0,Small
400426,July 2026,5417.0,1827,5083.0,26.791842105263157,-1.2081578947368428,1943.64,104.70167424421987,Medium
400141,July 2026,3378.0,2070,3348.0,88.48222778032198,-7.157772219678023,1574.3999999999996,38.371922983183026,Medium
400299,July 2026,2983.0,2496,3106.0,39.28915681084472,-13.110843189155275,579.77,41.981897175959446,Medium
709831,July 2026,3164.0,2008,2404.0,93.97308488612836,0.793084886128355,0.0,0.0,Small
709832,July 2026,3225.0,2647,3012.0,81.32530120481928,11.325301204819283,0.0,0.0,Small
613008,July 2026,2495.0,1278,,22.206557377049183,-22.293442622950817,0.0,0.0,Small
612898,July 2026,6147.0,4901,4171.0,93.02914226894585,13.029142268945847,0.0,0.0,Small
606112,July 2026,2618.0,883,1644.0,173.1442326458916,75.1642326458916,0.0,0.0,Small
606013,July 2026,1461.0,700,1249.0,90.13441237154704,-8.465587628452951,0.0,0.0,Small
617877,July 2026,426.0,1004,,0.1614843099489474,0.1614843099489474,0.0,0.0,Medium
612851,July 2026,6147.0,1035,1157.0,100.0,0.0,2.930000000000007,0.8785870640798844,Small
616886,July 2026,668.0,579,,8.453083109919572,-5.546916890080428,0.0,0.0,Small
612916,July 2026,2038.0,1489,1854.0,69.75928907730876,-16.240710922691235,0.0,0.0,Small
602099,July 2026,2860.0,1156,2191.0,74.68446281718634,-23.91553718281365,62.26999999999998,15.864563960153877,Small
612128,July 2026,1218.0,730,914.0,82.9593183727349,-10.040681627265101,0.0,0.0,Small
612894,July 2026,1948.0,823,1308.0,74.42170078216009,-11.578299217839913,48.47,19.235653623303435,Small
602098,July 2026,2679.0,973,1857.0,96.72795512167853,0.7279551216785336,75.98000000000002,17.880592097521948,Small
606431,July 2026,3287.0,822,2283.0,56.36602595695746,-30.133974043042542,210.95000000000005,20.959809230463513,Medium
617878,July 2026,426.0,1004,,0.641781270464964,0.641781270464964,0.0,0.0,Medium
611957,July 2026,943.0,1036,,19.615942613041028,-47.88405738695897,0.0,0.0,Small
612885,July 2026,6147.0,2738,4413.0,87.9264603211543,-9.573539678845705,-64.82,-13.10765995308582,Small
612876,July 2026,6147.0,5662,2830.0,35.33095755224258,31.33095755224258,0.0,0.0,Small
613013,July 2026,6147.0,4018,,95.50847150165076,-2.49152849834924,0.0,0.0,Small
610315,July 2026,2830.0,547,2465.0,103.67695026628236,5.176950266282361,-386.2299999999999,-31.41818240978752,Medium
611961,July 2026,881.0,914,,22.48662689589892,12.03662689589892,0.0,0.0,Small
619033,July 2026,1034.0,882,1308.0,26.642207367944913,-23.357792632055087,0.0,0.0,Small
612877,July 2026,6147.0,4171,4687.0,99.88977477311974,0.38977477311973985,-74.0,-11.967525956593459,Small
605292,July 2026,2465.0,1065,2314.0,75.80003101897327,-15.899968981026731,38.55000000000001,11.067727024776783,Small
617221,July 2026,699.0,913,,46.931134176975206,-11.068865823024794,0.0,0.0,Small
609736,July 2026,2160.0,1096,1734.0,85.7436499779768,-10.756350022023199,26.49000000000001,8.43469400751449,Small
612883,July 2026,881.0,1432,1005.0,46.42740192546991,8.427401925469908,-75.0,-10.936770881941204,Small
609996,July 2026,1399.0,700,1157.0,85.36259541984734,-5.027404580152663,0.0,0.0,Small
606479,July 2026,2221.0,822,2586.0,86.3211382113821,-12.778861788617888,0.0,0.0,Small
611963,July 2026,2221.0,1248,,61.69777982638088,-1.3022201736191192,0.0,0.0,Small
609019,July 2026,2952.0,1430,2801.0,94.76470588235294,-2.235294117647058,-58.0,-11.600000000000001,Small
400081,July 2026,1491.0,943,1673.0,94.37342661915193,-3.126573380848072,-294.73,-32.51403797147175,Small
709754,July 2026,1218.0,1583,,72.97262727040163,-10.827372729598366,0.0,0.0,Small
709755,July 2026,1218.0,1583,,65.11561295698364,-22.38438704301636,0.0,0.0,Small
617839,July 2026,1157.0,1157,,55.20367936925099,-12.796320630749008,-52.460000000000036,-14.700442750658532,Small
604833,July 2026,3317.0,2891,3652.0,72.17389072805193,-13.82610927194807,108.32,38.500088857295175,Small
619313,July 2026,1157.0,1431,,78.78047770832471,0.8804777083247046,0.0,0.0,Small
617829,July 2026,730.0,1553,1339.0,14.376855256745383,-19.623144743254617,0.0,0.0,Small
709759,July 2026,943.0,1096,,54.69688753931244,-42.80311246068756,0.0,0.0,Small
400043,July 2026,1642.0,1581,1885.0,46.13630880579011,-34.86369119420989,0.0,0.0,Small
400301,July 2026,4990.0,1553,5052.0,69.65127020785219,-16.748729792147813,1054.0,155.45722713864308,Small
400012,July 2026,2769.0,1096,2861.0,84.30025773195875,-11.699742268041248,0.0,0.0,Large
604852,July 2026,1399.0,1522,,31.449844459176912,-45.75015554082309,0.0,0.0,Small
701349,July 2026,2738.0,2008,2830.0,90.01765132586443,-3.182348674135568,2179.0,21.3042628079781,Large
400120,July 2026,3774.0,1553,3836.0,97.58908620486886,0.6890862048688575,0.0,0.0,Large
619226,July 2026,303.0,912,,3.356042424711621,-16.84395757528838,0.0,0.0,Small
709752,July 2026,1764.0,1004,1979.0,72.24545454545455,-21.75454545454545,60.0,37.5,Small
604791,July 2026,2191.0,1461,2434.0,80.63520720578359,-6.364792794216413,12947.0,104.6983664887595,Large
604863,July 2026,3103.0,761,3256.0,82.69296906167031,-11.707030938329694,44.02999999999997,6.44750329477229,Small
616858,July 2026,2038.0,1186,2161.0,80.93834153589005,-14.96165846410996,0.0,0.0,Small
617827,July 2026,577.0,1826,,1.989705882352941,-27.01029411764706,0.0,0.0,Small
617836,July 2026,1308.0,1096,,73.11106913486967,1.1110691348696662,0.0,0.0,Small
619316,July 2026,273.0,730,,4.0436651264149805,-3.7563348735850193,0.0,0.0,Small
709776,July 2026,1552.0,1614,,73.09418428301711,-11.205815716982883,46.089999999999975,16.63898916967508,Small
709779,July 2026,1491.0,1369,1856.0,33.8972972972973,-26.2027027027027,-28.0,-3.6458333333333335,Small
709847,July 2026,1277.0,1186,1551.0,49.64970999729747,-5.750290002702528,0.0,0.0,Small
709850,July 2026,1034.0,973,1277.0,55.85807750377454,-7.641922496225462,0.0,0.0,Small
709864,July 2026,1795.0,1065,2038.0,83.88648648648649,3.38648648648649,0.0,0.0,Small
709865,July 2026,1187.0,610,1340.0,27.884156729131178,-71.11584327086882,0.0,0.0,Small
617304,July 2026,1004.0,1247,,54.74349551668383,-1.2565044833161707,0.0,0.0,Small
701324,July 2026,2373.0,1186,2526.0,78.26979191580962,-13.530208084190377,1914.0,12.923700202565833,Large
709777,July 2026,1642.0,1186,1977.0,30.360711674384593,-35.93928832561541,20.94999999999999,5.380762809811221,Small
709792,July 2026,1308.0,2647,,13.576415612974163,-20.02358438702584,0.0,0.0,Medium
709793,July 2026,1308.0,2739,,13.451135493748403,-16.848864506251598,0.0,0.0,Medium
617819,July 2026,1491.0,2922,,2.087821341375844,-0.11217865862415621,0.0,0.0,Small
400087,July 2026,1795.0,2038,,78.82992854015627,-16.77007145984372,461.9799999999999,52.163996251256165,Small
400167,July 2026,3437.0,3315,3590.0,97.0040255986788,0.20402559867879688,0.0,0.0,Medium
400169,July 2026,1917.0,1430,2009.0,73.60128693430484,-20.098713065695165,214.39,33.974612934408825,Small
701329,July 2026,2129.0,1430,2252.0,77.98670406732117,-11.613295932678824,-1111.0,-5.867131389945078,Large
709778,July 2026,1642.0,1308,1795.0,63.35520966430479,-24.344790335695215,16.069999999999993,4.8950622924853,Small
709838,July 2026,1642.0,1035,1946.0,37.94890530702823,-12.051094692971773,117.62,18.928226585130353,Small
709840,July 2026,1522.0,1007,,88.02469630758128,-9.575303692418714,0.0,0.0,Small
709841,July 2026,1826.0,1461,1949.0,99.04616109279321,4.4461610927932185,-3.1899999999999977,-1.8436109345200242,Small
709842,July 2026,1430.0,1673,,63.630740683469924,-2.3692593165300764,0.0,0.0,Medium
709845,July 2026,1338.0,1369,,41.96863893700999,-28.931361062990014,282.51999999999987,33.740177227888296,Small
604853,July 2026,2587.0,1279,2952.0,60.06343749999999,-5.336562500000014,918.06,40.231557359089194,Medium
611917,July 2026,1583.0,1096,1736.0,61.63448472015928,-28.465515279840716,1072.44,73.50514050719671,Medium
701289,July 2026,1976.0,1308,2129.0,77.31497584541063,-16.985024154589368,1598.0,4.61489589049008,Large
709783,July 2026,2038.0,912,2130.0,78.0733981993621,-14.426601800637897,82.56,49.99697208260159,Small
709773,July 2026,1583.0,4567,,0.8271375464684014,0.22713754646840145,0.0,0.0,Small
610984,July 2026,2434.0,1522,2496.0,62.12064965197216,-4.079350348027845,0.0,0.0,Small
709785,July 2026,1246.0,1096,1489.0,32.652051269362104,-25.747948730637894,0.0,0.0,Small
612790,July 2026,1004.0,762,1066.0,70.48311688311689,-19.916883116883113,0.0,0.0,Small
616879,July 2026,852.0,1036,,25.107142857142854,-29.692857142857143,0.0,0.0,Small
701338,July 2026,7486.0,9282,,80.9743450767841,33.974345076784104,0.0,0.0,Large
709774,July 2026,1642.0,1430,1977.0,65.44884343414165,-20.151156565858344,37.620000000000005,8.125269978401729,Small
617838,July 2026,668.0,1430,,28.72654867256637,-20.073451327433627,0.0,0.0,Medium
709799,July 2026,943.0,1400,,21.15463917525773,-24.04536082474227,390.0,8.74439461883408,Medium
617830,July 2026,791.0,975,,30.200892857142858,-42.79910714285714,0.0,0.0,Medium
709798,July 2026,1157.0,1827,,14.075218484100812,-19.424781515899188,0.0,0.0,Large
400168,July 2026,1917.0,1461,2252.0,78.73027718550107,-13.16972281449894,2459.0,27.95271115152893,Large
616933,July 2026,577.0,1186,1704.0,5.241344873501997,-8.858655126498004,1329.0,28.403505022440694,Medium
619223,July 2026,426.0,1584,,0.6869220607661822,-6.513077939233818,0.0,0.0,Large
619224,July 2026,395.0,1004,,0.14218009478672985,-8.05781990521327,0.0,0.0,Small
619225,July 2026,456.0,730,,0.0,0.0,0.0,0.0,Small
619328,July 2026,242.0,485,,58.97338792221084,2.6733879222108428,194.5999999999999,5.240480422254535,Medium
709771,July 2026,1583.0,3471,,10.315606936416186,6.915606936416186,0.0,0.0,Small
709780,July 2026,1552.0,1583,,69.9339661576558,-2.9660338423442028,94.70999999999998,27.739214480274132,Small
709797,July 2026,1157.0,1096,,58.321856866537715,-28.978143133462282,0.0,0.0,Medium
616254,July 2026,668.0,1095,,25.76853526220615,-12.631464737793848,0.0,0.0,Medium
619196,July 2026,426.0,700,,14.637883008356544,-28.66211699164345,0.0,0.0,Small
709786,July 2026,1065.0,1553,,12.31438362182585,-30.68561637817415,0.0,0.0,Small
604859,July 2026,2191.0,1279,2222.0,75.28040397182382,-19.61959602817619,-2022.0,-14.646867077145961,Large
617818,July 2026,1611.0,3590,,5.004758113068304,-0.795241886931696,0.0,0.0,Small
709800,July 2026,1917.0,1795,1979.0,59.28241093662652,-26.71758906337348,0.0,0.0,Small
400119,July 2026,3865.0,852,3957.0,92.51458870227198,2.514588702271979,185.21000000000004,5.804700550664591,Medium
616950,July 2026,668.0,518,,42.34795479009688,-17.852045209903125,-103.0,-6.480432867748835,Medium
619314,July 2026,334.0,638,,15.861862348178137,-7.638137651821863,-509.0,-7.615200478755237,Large
709839,July 2026,1491.0,1218,1644.0,98.3705067973591,5.470506797359093,2262.49,54.59136523654754,Medium
709848,July 2026,1491.0,1430,1644.0,81.99071458608546,-13.609285413914535,24.7800000000002,1.0637704179098157,Medium
709849,July 2026,760.0,610,913.0,89.70614585199786,-8.993854148002143,801.6999999999998,31.477482429620313,Medium
709851,July 2026,1157.0,1431,,33.19970438840905,-14.200295611590946,0.0,0.0,Large
400171,July 2026,2252.0,1006,2405.0,90.84673504706427,-5.053264952935734,0.0,0.0,Medium
612853,July 2026,1096.0,1096,,62.54071661237784,-28.559283387622152,0.0,0.0,Small
709770,July 2026,1583.0,4202,,5.973509933774834,3.9735099337748343,0.0,0.0,Small
701330,July 2026,5479.0,4719,,86.05059523809523,-4.149404761904776,0.0,0.0,Large
709794,July 2026,1308.0,2739,,13.386342376052385,-17.71365762394762,0.0,0.0,Medium
604795,July 2026,1764.0,1369,,4.443472520217858,-5.756527479782141,4774.0,15.117162761241293,Large
701228,July 2026,6239.0,1279,6301.0,82.61634794381453,-14.783652056185474,2994.0,102.71012006861065,Medium
709750,July 2026,912.0,609,1065.0,57.50243902439024,-19.397560975609764,0.0,0.0,Small
709796,July 2026,1308.0,2647,,8.225237449118048,-17.274762550881952,0.0,0.0,Medium
617822,July 2026,487.0,914,,21.8,-7.300000000000001,0.0,0.0,Small
701346,July 2026,2282.0,1430,2891.0,75.63950350782514,-12.560496492174863,0.0,0.0,Large
709837,July 2026,1583.0,792,1675.0,61.82799787088435,-9.472002129115644,-77.82000000000002,-37.17575120622941,Small
619191,July 2026,303.0,730,,65.71782178217822,3.21782178217822,0.0,0.0,Small
619312,July 2026,303.0,730,,56.04301075268817,-6.4569892473118315,0.0,0.0,Small
709781,July 2026,1552.0,1887,1705.0,9.065046901430108,-48.23495309856989,0.0,0.0,Small
709795,July 2026,1308.0,2739,,4.531644049477603,-15.268355950522398,0.0,0.0,Large
617302,July 2026,3409.0,1371,3471.0,92.17189314750291,-3.528106852497089,843.0,48.44827586206897,Medium
617828,July 2026,668.0,1795,1795.0,1.1947565543071161,-15.305243445692884,0.0,0.0,Small
617837,July 2026,1703.0,1491,1795.0,65.97520661157024,-23.024793388429757,0.0,0.0,Small
701344,July 2026,2313.0,975,2375.0,82.43555555555555,-11.964444444444453,94.34999999999991,9.154417115412594,Medium
709753,July 2026,1338.0,1096,1369.0,79.87353206865401,-18.426467931345982,97.0,9.603960396039604,Medium
709772,July 2026,1583.0,3379,,10.58128078817734,7.58128078817734,0.0,0.0,Small
709791,July 2026,1308.0,2647,,23.442477876106192,-20.357522123893805,0.0,0.0,Medium
701172,July 2026,2129.0,3225,,2.010398440732377,0.8903984407323771,0.0,0.0,Medium
706965,July 2026,,0,,60.0,60.0,0.0,0.0,Small
706966,July 2026,,0,,60.0,60.0,0.0,0.0,Small
707016,July 2026,,0,,60.0,60.0,0.0,0.0,Small
707017,July 2026,,0,,60.0,60.0,0.0,0.0,Small
707018,July 2026,,0,,60.0,60.0,0.0,0.0,Small
707019,July 2026,,0,,60.0,60.0,0.0,0.0,Small
707020,July 2026,2679.0,1096,,20.642,-29.358,250.0,100.0,Small
707044,July 2026,1246.0,1157,,55.59547777605699,0.5954777760569883,-2.1499999999999773,-0.6615384615384545,Small
707045,July 2026,1004.0,943,,98.98461538461538,14.984615384615381,0.0,0.0,Small
707046,July 2026,2342.0,911,,11.384615384615385,-33.61538461538461,0.0,0.0,Small
617882,July 2026,303.0,365,,15.000418772160026,-24.999581227839975,0.0,0.0,Small
617883,July 2026,3560.0,1826,,1.0006755235307363,-55.99932447646926,0.0,0.0,Medium
701170,July 2026,2738.0,2616,2891.0,67.4041841004184,-26.595815899581595,0.0,0.0,Medium
707049,July 2026,1399.0,1277,,70.43556895252449,-17.56443104747551,338.5,104.15384615384615,Small
707050,July 2026,1552.0,701,,151.3199134059259,70.31991340592589,293.98,90.45538461538463,Small
701173,July 2026,2707.0,2860,2860.0,45.40855062164805,-22.041449378351956,347.43000000000006,26.745958429561206,Medium
701167,July 2026,2738.0,2467,2832.0,62.353755948003844,-16.646244051996156,742.19,40.6012035010941,Medium
707051,July 2026,2495.0,1885,,68.3076923076923,-6.692307692307693,0.0,0.0,Small
707052,July 2026,,0,,53.230769230769226,53.230769230769226,0.0,0.0,Small
707021,July 2026,1034.0,912,,53.68462757527733,13.684627575277332,254.8,101.92000000000002,Small
707022,July 2026,2952.0,915,,14.314027747192249,-42.68597225280775,204.10000000000002,81.64000000000001,Small
707057,July 2026,2465.0,0,,39.07692307692307,39.07692307692307,0.0,0.0,Small
707058,July 2026,1673.0,517,,55.230769230769226,-30.769230769230774,0.0,0.0,Small
707059,July 2026,1065.0,913,,27.510769230769228,-17.489230769230772,0.0,0.0,Small
706988,July 2026,1826.0,0,,60.0,19.86,0.0,0.0,Small
706989,July 2026,,0,,90.0,90.0,0.0,0.0,Small
707067,July 2026,,0,,47.69230769230769,47.69230769230769,0.0,0.0,Small
707069,July 2026,2434.0,519,,9.090909090909092,9.090909090909092,225.0,69.23076923076923,Small
707070,July 2026,2373.0,1006,,0.5443629086057371,-4.455637091394263,49.75,15.307692307692308,Small
707039,July 2026,2830.0,2922,2769.0,105.03770406637175,13.037704066371745,385.21000000000004,154.08400000000003,Small
701168,July 2026,2769.0,1339,2861.0,26.758215393443514,-27.241784606556486,757.51,59.929588607594944,Medium
701171,July 2026,2769.0,1431,1614.0,75.32779384311286,-12.25220615688714,337.95000000000005,32.87451361867705,Medium
707086,July 2026,1369.0,1034,,108.61846153846153,13.618461538461531,0.0,0.0,Small
707087,July 2026,1795.0,1340,,61.13748390537008,-16.862516094629918,443.89,136.58153846153846,Small
612167,July 2026,1976.0,914,1218.0,74.52572410024202,-20.474275899757984,0.0,0.0,Small
612186,July 2026,1491.0,1065,1491.0,9.999641654124561,-18.00035834587544,0.0,0.0,Small
612211,July 2026,1430.0,731,1127.0,25.13236508476223,-32.86763491523777,0.0,0.0,Small
612745,July 2026,4168.0,822,942.0,28.964028776978417,-6.035971223021583,0.0,0.0,Small
612748,July 2026,2557.0,702,,20.573813941160882,-7.526186058839119,0.0,0.0,Small
612213,July 2026,4656.0,1096,1492.0,59.08490086426029,-7.915099135739709,1.7699999999999818,0.9080182629661836,Small
616691,July 2026,6421.0,5905,6301.0,83.21224003382925,-5.7877599661707535,0.0,0.0,Small
612513,July 2026,5691.0,850,,9.987849331713246,2.787849331713246,0.0,0.0,Small
612259,July 2026,1976.0,1035,1673.0,114.3365924133992,23.836592413399202,195.23,190.65429687499997,Small
701565,July 2026,3103.0,2129,3164.0,82.73198778933642,-2.3680122106635793,-308.03000000000065,-5.737002670798905,Large
609424,July 2026,1369.0,1095,1279.0,64.5130124138711,4.513012413871095,0.0,0.0,Medium
701570,July 2026,1764.0,730,1277.0,70.64883512121355,-21.35116487878645,40.610000000000014,23.748538011695913,Small
617804,July 2026,943.0,1003,,63.59720681328722,-31.402793186712778,0.0,0.0,Small
701574,July 2026,1522.0,1795,2100.0,75.25452385152248,-0.7454761484775219,0.0,0.0,Medium
707215,July 2026,2707.0,1765,1520.0,53.017244860869916,-26.85275513913009,665.05,116.06457242582897,Small
707410,July 2026,2983.0,730,2343.0,56.356487549148106,-3.643512450851894,0.0,0.0,Small
617727,July 2026,699.0,1096,,12.77997128499641,-3.4400287150035886,0.0,0.0,Medium
617729,July 2026,699.0,1096,,1.8609550561797754,-3.5290449438202245,0.0,0.0,Medium
701658,July 2026,2038.0,1096,,45.999420409079015,-1.7705795909209883,0.0,0.0,Medium
707420,July 2026,699.0,1096,,0.0,-5.0,0.0,0.0,Medium
701657,July 2026,2038.0,1308,1673.0,19.835351772524547,-7.284648227475454,0.0,0.0,Medium
701668,July 2026,699.0,1278,,1.5224704336399475,-3.7775295663600525,0.0,0.0,Medium
701662,July 2026,699.0,915,,0.0,-3.4,0.0,0.0,Medium
603210,July 2026,699.0,912,,0.0,-6.32,0.0,0.0,Small
601812,July 2026,699.0,1096,,1.817372881355932,-3.052627118644068,0.0,0.0,Medium
707419,July 2026,699.0,426,,11.493920972644377,-16.296079027355624,0.0,0.0,Small
701661,July 2026,699.0,915,,0.0,-3.23,0.0,0.0,Medium
615202,July 2026,1795.0,2345,2070.0,16.627377291880194,-6.462622708119806,56.200000000000045,3.3058823529411794,Medium
505491,July 2026,150.0,731,,0.0,0.0,0.0,0.0,Small
617243,July 2026,730.0,699,,65.07401067364817,-17.71598932635183,0.0,0.0,Small
617255,July 2026,1004.0,913,1005.0,56.399550685628306,-17.90044931437169,0.0,0.0,Small
617256,July 2026,973.0,639,974.0,78.47867888247936,-16.251321117520646,0.0,0.0,Small
706811,July 2026,3895.0,1003,2160.0,67.23935876174681,-28.560641238253183,2520.0,86.687306501548,Medium
709826,July 2026,6390.0,1553,2099.0,57.29838459503852,-26.12161540496148,343.5499999999997,12.63590354710096,Medium
944288,July 2026,395.0,548,,33.19286197388273,-14.81713802611727,0.0,0.0,Small
400174,July 2026,4140.0,4383,4261.0,58.6720310449124,-5.587968955087604,718.29,69.4664461658978,Medium
617249,July 2026,546.0,699,,28.59299801830707,-33.457001981692926,0.0,0.0,Small
617250,July 2026,546.0,607,789.0,49.95413508424661,-5.955864915753388,0.0,0.0,Small
617254,July 2026,852.0,791,1095.0,48.98029726927065,-4.169702730729348,0.0,0.0,Small
617257,July 2026,973.0,1066,1431.0,55.3825062568746,-12.687493743125394,0.0,0.0,Small
400121,July 2026,4260.0,791,,62.23661642536147,-8.09338357463853,0.0,0.0,Medium
478482,July 2026,150.0,912,,6.942839697524776,6.942839697524776,0.0,0.0,Medium
589703,July 2026,515.0,549,,62.16554022775668,-27.66445977224332,0.0,0.0,Small
635651,July 2026,395.0,761,,36.2231096225686,-35.5268903774314,0.0,0.0,Small
738679,July 2026,668.0,1247,,45.77137528488127,-8.388624715118723,0.0,0.0,Medium
834015,July 2026,668.0,1247,,18.205899637741542,-4.384100362258458,0.0,0.0,Medium
364934,July 2026,546.0,1246,,7.040802033097873,-11.679197966902127,0.0,0.0,Small
425828,July 2026,546.0,1246,,18.72018796620005,6.8501879662000515,0.0,0.0,Small
612781,July 2026,1034.0,1461,1461.0,26.69997163986998,-10.490028360130019,0.0,0.0,Small
617242,July 2026,730.0,1034,,44.225787543017056,-23.274212456982944,0.0,0.0,Medium
617246,July 2026,668.0,1095,1095.0,41.685024205569256,-20.484975794430746,0.0,0.0,Small
617248,July 2026,607.0,577,700.0,48.8857694332339,-25.6642305667661,0.0,0.0,Small
617251,July 2026,730.0,516,730.0,33.47250509164969,-1.1074949083503114,0.0,0.0,Small
617338,July 2026,546.0,1246,,18.758413113139746,-8.901586886860255,0.0,0.0,Medium
400298,July 2026,5235.0,4291,4596.0,42.93374737344714,40.93374737344714,3594.0299999999997,155.45112456747404,Medium
611752,July 2026,1218.0,850,850.0,42.446636159508856,42.446636159508856,0.0,0.0,Small
611754,July 2026,1096.0,546,,31.169451073985684,31.169451073985684,0.0,0.0,Small
611927,July 2026,4564.0,2252,,49.34013411328292,-15.659865886717078,0.0,0.0,Small
612827,July 2026,1187.0,1034,,13.852436700245033,-7.147563299754967,0.0,0.0,Small
616697,July 2026,1187.0,822,,58.12159709618875,-28.87840290381125,0.0,0.0,Small
617216,July 2026,638.0,881,,6.09341874301867,6.09341874301867,0.0,0.0,Small
705253,July 2026,3713.0,2345,4536.0,171.078256527322,96.06825652732199,-2.2799999999999727,-0.404973357015981,Small
616701,July 2026,881.0,1036,,9.428356170833922,8.428356170833922,0.0,0.0,Medium
705572,July 2026,3590.0,3195,3195.0,76.68551387055223,-14.314486129447772,923.9399999999996,22.75714285714285,Medium
400254,July 2026,943.0,2071,2891.0,76.72627578042245,-3.273724219577545,67.25,9.147170837867247,Small
617231,July 2026,760.0,701,,0.0,0.0,0.0,0.0,Small
617239,July 2026,607.0,1280,1400.0,0.4632398356846635,0.4632398356846635,0.010000000000218279,0.0002451010429102876,Medium
705366,July 2026,6848.0,4108,6756.0,71.23916088121001,-2.7608391187899883,1924.33,93.09772617319787,Medium
705368,July 2026,6178.0,1277,2313.0,81.67719043894623,41.677190438946226,1016.0500000000002,63.305295950155774,Medium
705373,July 2026,8735.0,8429,9313.0,93.3247426634145,-1.6752573365855028,1786.35,121.27291242362526,Medium
705450,July 2026,5874.0,4077,5813.0,76.0246913580247,-10.475308641975303,84.0,20.8955223880597,Small
705526,July 2026,3895.0,2950,3164.0,76.70919101031267,-15.290808989687335,454.55999999999995,87.58381502890172,Small
705527,July 2026,3044.0,2860,2860.0,93.69053805243878,2.6905380524387823,342.77,28.188322368421055,Medium
705528,July 2026,3044.0,1919,2649.0,89.11304188349649,-9.886958116503507,158.83999999999992,10.015132408575028,Medium
706759,July 2026,3774.0,2801,3166.0,80.0029978738763,-14.997002126123704,161.49000000000024,6.803474831903753,Medium
706860,July 2026,1369.0,181,607.0,47.04271180855884,9.042711808558842,-159.42000000000002,-24.716279069767445,Small
900874,July 2026,2707.0,700,1371.0,4.508823829439967,4.508823829439967,0.0,0.0,Small
400220,July 2026,3774.0,1704,4717.0,73.46355771104196,-21.686442288958048,743.06,24.322749590834693,Medium
400291,July 2026,4898.0,2526,5113.0,76.14071190211345,-12.859288097886548,209.0,13.152926368785401,Medium
602792,July 2026,5479.0,1372,1857.0,38.323654995730145,-61.676345004269855,0.0,0.0,Medium
612815,July 2026,1308.0,1461,,7.108921344360372,4.108921344360372,0.0,0.0,Small
705433,July 2026,6209.0,5753,5844.0,88.50429975429975,6.504299754299751,0.0,0.0,Medium
705444,July 2026,4474.0,2891,4627.0,71.52494723784054,-11.835052762159464,2478.5200000000004,49.869617706237435,Medium
706854,July 2026,1491.0,2283,2283.0,31.671444517733015,-6.328555482266985,200.72000000000003,14.587209302325583,Medium
709818,July 2026,1399.0,822,822.0,29.911067795577758,24.911067795577758,0.0,0.0,Small
709819,July 2026,1399.0,1371,1371.0,16.96492483894059,6.96492483894059,0.0,0.0,Small
705583,July 2026,5143.0,3256,4992.0,56.08936000455918,33.08936000455918,34.879999999999995,5.229385307346327,Small
706865,July 2026,,3346,,0.0,0.0,0.0,0.0,Medium
611918,July 2026,1096.0,1155,,31.277777777777775,0.277777777777775,0.0,0.0,Small
611943,July 2026,1246.0,791,822.0,2.8908497050650803,-2.1091502949349197,0.0,0.0,Small
611945,July 2026,1522.0,2191,2191.0,37.3567335243553,5.356733524355299,0.009999999999990905,0.0032561622871254293,Small
611970,July 2026,1246.0,2130,2130.0,29.112016354059417,4.112016354059417,0.0,0.0,Small
611971,July 2026,1522.0,2160,2160.0,53.79075815163033,13.790758151630328,-0.06999999999999318,-0.01999999999999805,Small
611974,July 2026,1065.0,974,1339.0,52.339860139860136,2.3398601398601357,0.0,0.0,Medium
612072,July 2026,1246.0,1095,1583.0,56.99876256928052,33.99876256928052,0.0,0.0,Small
616983,July 2026,1096.0,1431,,15.086188459728819,-0.9138115402711815,0.0,0.0,Small
705458,July 2026,3468.0,183,183.0,80.41317347572088,46.41317347572088,531.19,109.77721749194016,Small
706763,July 2026,1734.0,1522,1400.0,91.91573043030917,1.9157304303091678,124.60000000000014,11.530844546447291,Medium
709812,July 2026,1522.0,2222,2222.0,30.787382823493754,0.7873828234937541,0.0,0.0,Small
709813,July 2026,1369.0,944,944.0,100.00215540467723,78.00215540467723,26.74000000000001,6.116054070126486,Small
611884,July 2026,1246.0,1522,1767.0,72.68789808917198,-4.312101910828019,0.0,0.0,Small
617372,July 2026,1338.0,791,181.0,46.65253994616573,-13.347460053834268,0.0,0.0,Small
617832,July 2026,395.0,1249,,0.02944120591179415,0.02944120591179415,0.0,0.0,Medium
705765,July 2026,3103.0,1430,1430.0,77.49369561097912,12.493695610979117,0.029999999999972715,0.00437317784256162,Small
705785,July 2026,1795.0,212,546.0,72.91005291005291,58.91005291005291,-0.5,-0.10570824524312897,Small
706837,July 2026,1338.0,1826,1826.0,41.68432506729282,-30.315674932707182,0.0,0.0,Small
400023,July 2026,2679.0,852,1551.0,0.4579439252336449,-0.04205607476635509,0.0,0.0,Small
705490,July 2026,4839.0,3499,3774.0,61.39410114580295,26.39410114580295,826.1700000000001,29.070021111893034,Medium
705492,July 2026,4564.0,731,914.0,75.80117912093179,-7.198820879068208,218.1500000000001,26.442424242424256,Small
705493,July 2026,10043.0,-6727,2404.0,34.93399834995874,24.933998349958742,-4640.68,-89.6923076923077,Large
705495,July 2026,5994.0,758,699.0,46.61782933046467,11.617829330464673,332.44000000000005,24.12481857764877,Medium
705496,July 2026,5601.0,485,3682.0,37.573916857763145,15.573916857763145,-74.99000000000001,-3.9973347547974414,Medium
705663,July 2026,3044.0,1372,1372.0,64.09956239373416,-5.9004376062658395,224.53999999999996,45.54563894523326,Small
705761,July 2026,2495.0,1461,1644.0,23.29223884525951,9.292238845259511,-998.14,-68.64786795048144,Medium
705941,July 2026,2099.0,2252,3438.0,20.790194710471237,0.7701947104712374,0.0,0.0,Large
705638,July 2026,1187.0,881,881.0,33.72116845645604,3.7211684564560414,358.46000000000004,44.0910209102091,Small
705639,July 2026,1187.0,1247,853.0,37.78006042296072,12.780060422960723,226.5,37.68718801996672,Small
705419,July 2026,5994.0,2526,2863.0,77.74892323283507,-13.251076767164932,1034.0,35.49605217988328,Medium
705659,July 2026,3895.0,3499,3499.0,95.68023525770005,7.680235257700048,146.10000000000002,29.220000000000006,Small
705661,July 2026,3621.0,2557,3287.0,79.97652173913043,-4.023478260869567,1052.0,84.2948717948718,Medium
705933,July 2026,1734.0,1887,1887.0,84.05042415479674,-15.949575845203256,674.6999999999998,61.5669598861189,Medium
611751,July 2026,1157.0,548,,39.67459193870753,39.67459193870753,0.0,0.0,Small
612845,July 2026,1430.0,577,,14.066634190140507,4.0666341901405065,1138.4300000000003,119.1586681878605,Small
613015,July 2026,1187.0,1339,,48.206839492553776,23.206839492553776,0.0,0.0,Medium
617215,July 2026,943.0,1035,,22.638421674697703,21.638421674697703,0.0,0.0,Small
617364,July 2026,1096.0,1308,,28.068292682926828,13.068292682926828,-133.32999999999998,-39.40827003221706,Small
705356,July 2026,10742.0,4992,4717.0,85.06027786378752,-7.939722136212481,3403.8099999999995,134.07847416166732,Medium
705357,July 2026,10012.0,8491,8491.0,63.23652611002514,3.236526110025139,1652.02,1192.9664933564413,Small
705479,July 2026,3348.0,1216,1216.0,53.99630970802028,-15.003690291979723,-5.3900000000001,-0.28579003181336693,Medium
705497,July 2026,6725.0,4992,,100.55424753578173,53.55424753578173,585.3499999999999,16.989614958175387,Medium
705498,July 2026,3956.0,4109,4109.0,83.11142959512719,10.111429595127191,602.61,76.00171524423313,Small
705500,July 2026,3956.0,3714,4018.0,92.96847207399502,4.968472073995017,359.5,66.57160845894596,Small
705502,July 2026,3774.0,3501,3563.0,72.7860136528998,-13.213986347100203,1218.39,87.98818533710786,Medium
705504,July 2026,3195.0,2587,2677.0,89.78321902586406,-5.216780974135943,1473.4699999999998,70.79667702892945,Medium
705505,July 2026,3378.0,3105,3409.0,91.28571308984674,3.2857130898467375,556.6399999999999,87.25448702876399,Small
705506,July 2026,3348.0,2436,2771.0,98.58502673796792,-1.4149732620320776,834.8399999999999,80.64840217937322,Medium
705735,July 2026,2738.0,911,1277.0,72.98694678585083,50.98694678585083,742.9499999999999,82.10118021482562,Small
705391,July 2026,8309.0,6453,7366.0,77.36224070181852,-0.6377592981814786,7563.0,52.80318369056762,Large
705491,July 2026,5387.0,4018,4018.0,29.020373210124866,9.020373210124866,205.13,69.06734006734007,Small
705494,July 2026,7090.0,1673,6209.0,41.34063313096271,-23.659366869037292,2116.0,84.77564102564102,Medium
705512,July 2026,3865.0,2251,4443.0,64.2395703285378,-9.760429671462205,1080.4099999999999,43.21639999999999,Medium
400275,July 2026,6574.0,2680,6879.0,32.379782669758264,16.379782669758264,0.3400000000001455,0.009363811622146669,Medium
617210,July 2026,456.0,1461,,0.0,0.0,0.0,0.0,Medium
705610,July 2026,3743.0,3409,3499.0,49.5286456496697,-0.4713543503303015,548.74,181.7019867549669,Small
616857,July 2026,881.0,1339,,20.533358403058507,-1.4666415969414928,0.0,0.0,Medium
617214,July 2026,607.0,273,,7.570577317573507,7.570577317573507,0.0,0.0,Medium
705632,July 2026,3743.0,1461,1795.0,85.28025523892393,-4.719744761076072,180.46000000000004,27.8918083462133,Small
705401,July 2026,5629.0,670,1310.0,79.22439956536401,12.22439956536401,899.45,206.77011494252872,Small
705394,July 2026,7182.0,214,5905.0,88.842571257,1.842571257000003,127.52000000000021,9.77449372230996,Medium
705392,July 2026,7182.0,3378,5114.0,43.889151240706376,-1.1108487592936243,8647.23,129.77982890589823,Large
705375,July 2026,7912.0,2833,3198.0,93.25560081047868,3.2556008104786827,807.1300000000001,49.638991389913905,Medium
705385,July 2026,4505.0,700,700.0,65.75471313827799,25.754713138277992,145.42999999999984,5.691976516634044,Medium
616699,July 2026,1065.0,912,,9.346766589073562,6.346766589073562,0.0,0.0,Large
611669,July 2026,1522.0,1369,1735.0,67.98170683628143,42.98170683628143,0.0,0.0,Small
617224,July 2026,1065.0,1370,,39.52678571428571,7.526785714285708,0.0,0.0,Medium
617333,July 2026,1369.0,975,,32.02640528105621,32.02640528105621,0.0,0.0,Small
705562,July 2026,4870.0,3350,3804.0,98.9325709311068,3.9325709311067953,47.84000000000003,4.967808930425756,Small
617245,July 2026,1430.0,1400,1219.0,48.59510453850076,-16.404895461499237,1018.36,108.03275905966223,Small
705617,July 2026,3590.0,2922,3469.0,88.67731852905003,-6.3226814709499735,-0.07999999999992724,-0.002256699576866777,Medium
709815,July 2026,1399.0,1402,1736.0,11.907586284810483,8.907586284810483,0.0,0.0,Small
709816,July 2026,1399.0,1433,1433.0,19.854516747490695,16.854516747490695,0.0,0.0,Small
709817,July 2026,1399.0,1341,1341.0,38.70223589258252,28.70223589258252,0.0,0.0,Small
705511,July 2026,3865.0,882,1887.0,89.32324315940492,-0.6767568405950755,0.38000000000010914,0.024563671622502208,Medium
705616,July 2026,3590.0,3136,3652.0,85.30929479108961,-2.690705208910387,838.5500000000002,39.184579439252346,Medium
705728,July 2026,4140.0,3621,4474.0,84.22860185185185,22.068601851851852,0.0,0.0,Large
705793,July 2026,2495.0,1643,2373.0,117.1182144304223,50.798214430422306,1288.6800000000003,18.933245573309986,Large
705237,July 2026,6725.0,3712,5083.0,100.49836700133059,4.4983670013305925,72904.0,142.6664840218391,Large
705453,July 2026,5143.0,6636,6636.0,48.922507087270255,-8.077492912729745,8761.16,1921.0121253316377,Small
705454,July 2026,7090.0,6331,6331.0,93.04592079853535,35.04592079853535,199.6500000000001,11.128762541806026,Medium
400022,July 2026,1461.0,2618,2618.0,61.08449858668734,13.084498586687339,400.15999999999985,14.30164403145103,Medium
616842,July 2026,881.0,1246,,31.202136382345024,-4.797863617654976,0.0,0.0,Medium
705424,July 2026,3072.0,1614,1614.0,56.7267540946467,9.7267540946467,402.1700000000001,26.114935064935068,Medium
705410,July 2026,15828.0,15585,16315.0,71.9863106117292,-12.013689388270805,2058.15,101.98959365708622,Medium
705628,July 2026,3774.0,3042,3407.0,89.01566172780817,-5.984338272191835,0.03999999999996362,0.0013205678441717934,Medium
616588,July 2026,699.0,1948,,0.8018476763550882,-1.1981523236449116,0.0,0.0,Medium
616227,July 2026,668.0,1826,,0.46945926780917285,0.46945926780917285,0.0,0.0,Medium
705668,July 2026,3590.0,3042,3499.0,95.57768115942028,-2.4223188405797202,200.0,6.153846153846154,Medium
703586,July 2026,2648.0,1614,2010.0,60.4,-24.6,661.3,132.60477240826148,Small
705635,July 2026,3256.0,2039,3227.0,86.09201019693828,27.092010196938276,2353.45,164.34706703910612,Medium
705457,July 2026,6756.0,5660,6210.0,37.89516218069514,-37.10483781930486,11658.22,703.8925283018867,Medium
705507,July 2026,3590.0,3742,4017.0,91.26747541088139,36.26747541088139,59.32999999999993,2.421721614263378,Medium
705481,July 2026,9647.0,8888,9618.0,88.64478320157012,2.644783201570121,2042.7600000000002,67.37335092348286,Medium
705764,July 2026,2830.0,1520,1612.0,64.43891165272923,4.438911652729232,400.66999999999996,80.94343434343433,Small
705667,July 2026,3590.0,2494,3590.0,96.04849046094793,2.0484904609479315,-0.23999999999978172,-0.004026170105683303,Large
705480,July 2026,7121.0,10255,10530.0,74.2973365313206,1.297336531320596,-0.05999999999949068,-0.0006730984967409769,Large
705598,July 2026,3590.0,730,2191.0,97.10136238965242,-0.8986376103475777,-0.36999999999989086,-0.01848151848151303,Medium
705608,July 2026,3044.0,2526,2526.0,71.65635103926097,-1.3436489607390314,0.0,0.0,Medium
616586,July 2026,699.0,1948,,0.3220987975271978,-1.6779012024728022,0.0,0.0,Medium
705629,July 2026,2679.0,2130,2526.0,84.25548561886188,0.2554856188618828,1025.3200000000002,42.72166666666667,Medium
400223,July 2026,11200.0,4046,5142.0,72.50235909753796,-7.497640902462038,1035.55,145.2384291725105,Small
705432,July 2026,6117.0,1826,6423.0,94.18618179965266,14.186181799652658,3898.0499999999993,49.48647962422241,Large
602797,July 2026,3256.0,1003,1003.0,23.21352482642805,8.21352482642805,336.30000000000007,72.84897322589032,Small
400006,July 2026,1734.0,1461,1887.0,91.89977626423071,47.89977626423071,0.0,0.0,Small
400045,July 2026,1430.0,974,915.0,41.49833650190114,-40.50166349809886,0.0,0.0,Small
400047,July 2026,1430.0,914,1644.0,19.604761904761904,-33.3952380952381,0.0,0.0,Small
400048,July 2026,1399.0,914,1826.0,56.42554105579721,-31.57445894420279,0.0,0.0,Small
400232,July 2026,4564.0,1034,1034.0,15.64534079794948,-39.35465920205052,-0.4900000000000091,-0.16498316498316803,Small
612834,July 2026,1187.0,700,,67.30158730158729,-20.69841269841271,0.0,0.0,Small
615915,July 2026,1399.0,275,1066.0,63.36176986815788,18.36176986815788,0.0,0.0,Small
616694,July 2026,1187.0,1735,,27.847786023808336,27.847786023808336,0.0,0.0,Small
616695,July 2026,1065.0,1096,,7.163085124104615,0.16308512410461518,0.0,0.0,Small
616839,July 2026,699.0,1310,,0.1672771568030333,0.1672771568030333,-0.16000000000008185,-0.013723421592095466,Medium
705358,July 2026,11810.0,9406,9406.0,77.55216185201496,-15.447838147985038,2429.9799999999996,64.0817510548523,Medium
705359,July 2026,8157.0,6087,7548.0,47.59371343614467,-8.406286563855332,2618.84,135.83195020746888,Medium
705510,July 2026,5235.0,2983,3409.0,87.23625,0.2362499999999983,316.0,24.610591900311526,Medium
705513,July 2026,3865.0,4352,4443.0,85.02540441967857,29.025404419678566,100.17000000000007,4.240897544453856,Medium
705514,July 2026,3895.0,914,4322.0,81.69491890494756,56.694918904947556,-71.46000000000004,-7.1460000000000035,Medium
705515,July 2026,3865.0,3621,3621.0,72.94451034664556,-13.055489653354442,1861.8000000000002,158.7212276214834,Medium
705741,July 2026,3287.0,2130,2648.0,2.12993542003717,1.12993542003717,-0.09000000000003183,-0.012032085561501583,Small
705742,July 2026,3072.0,2648,2648.0,31.428888395828714,25.428888395828714,-0.36000000000012733,-0.01535836177474946,Medium
705298,July 2026,2221.0,335,,0.0,-48.0,0.0,0.0,Small
607653,July 2026,,609,1584.0,26.14788312462731,-72.85211687537269,0.0,0.0,Small
705783,July 2026,2679.0,821,1523.0,41.6740291168901,-28.325970883109903,22.689999999999998,9.548055882848006,Small
611855,July 2026,1277.0,1766,,74.19636363636364,-0.8036363636363575,131.08000000000004,13.52846468232672,Small
611929,July 2026,1399.0,549,,0.0,0.0,0.0,0.0,Small
616841,July 2026,881.0,852,1583.0,30.273623130408684,23.273623130408684,0.0,0.0,Small
616843,July 2026,881.0,1003,1277.0,34.26556316101762,11.265563161017617,0.0,0.0,Medium
617403,July 2026,912.0,882,,42.215773301468076,-52.784226698531924,0.0,0.0,Small
617404,July 2026,456.0,670,,30.289096770783786,27.289096770783786,0.0,0.0,Small
705752,July 2026,2648.0,2557,2557.0,60.40740740740741,-34.59259259259259,-279.48,-34.10455410748279,Small
705919,July 2026,1491.0,2311,2311.0,38.12374100719424,-17.87625899280576,0.0,0.0,Medium
706836,July 2026,1703.0,1826,,94.693066748494,-3.3069332515059955,152.77000000000004,32.75374126323915,Small
706866,July 2026,1308.0,699,1125.0,78.69037656903765,6.690376569037653,-65.0,-21.38157894736842,Small
400280,July 2026,6817.0,6086,6148.0,66.28383809484885,-33.61616190515116,0.009999999999990905,0.0013623978201622487,Small
613002,July 2026,1522.0,1247,,40.38004750593824,40.38004750593824,0.0,0.0,Small
705244,July 2026,3134.0,1249,,36.97115384615385,36.97115384615385,0.0,0.0,Small
705489,July 2026,5570.0,1856,5327.0,17.103911093362683,3.103911093362683,1451.96,241.41795387659414,Small
617409,July 2026,3652.0,1399,1124.0,94.39159122295536,3.3915912229553555,0.0,0.0,Small
400204,July 2026,2830.0,2465,2465.0,33.83227593131678,18.83227593131678,0.0,0.0,Medium
400205,July 2026,2526.0,1430,1430.0,55.168024247016476,54.168024247016476,0.0,0.0,Medium
617213,July 2026,638.0,1522,,4.46061206106003,-0.5393879389399698,0.0,0.0,Medium
617252,July 2026,1065.0,790,,59.18992738658317,47.18992738658317,542.8299999999999,56.64687405428532,Small
617370,July 2026,1218.0,640,,33.05670233381077,11.056702333810769,56.72,31.39599247204694,Small
705567,July 2026,3164.0,1795,2221.0,59.43699239840321,-40.56300760159679,291.6199999999999,28.7027559055118,Medium
705588,July 2026,3164.0,2192,2557.0,79.57196025719014,-0.4280397428098581,806.8299999999999,111.74930747922436,Small
705766,July 2026,3409.0,641,1037.0,80.62622858747542,-4.373771412524576,51.660000000000025,16.968860859282625,Small
705772,July 2026,2526.0,2191,2281.0,76.5308895464702,-0.46911045352979386,0.44000000000005457,0.01661004152510587,Medium
705774,July 2026,2648.0,1430,2219.0,50.704948107095674,-36.295051892904326,21.49000000000001,2.8350923482849613,Small
705777,July 2026,2648.0,62,427.0,58.697737628907184,47.697737628907184,0.0,0.0,Small
705780,July 2026,3044.0,1582,2404.0,90.74268816269085,-3.257311837309146,0.4600000000000364,0.01818900751285237,Medium
705782,July 2026,2738.0,943,1461.0,92.49786516151876,15.49786516151876,73.13,17.968058968058966,Small
400247,July 2026,4018.0,7732,8126.0,42.9776545909532,-6.0223454090468,1153.9099999999999,115.39099999999998,Medium
400273,July 2026,9253.0,5113,7642.0,85.56647257321085,10.566472573210845,689.8199999999999,58.01682085786375,Medium
612096,July 2026,5691.0,5934,5934.0,43.85267059928739,25.852670599287393,-27.430000000000064,-2.268817204301081,Medium
619184,July 2026,3072.0,549,1005.0,0.0,-81.95,169.03000000000003,81.47987466859486,Small
619185,July 2026,3072.0,518,1034.0,49.120437079731026,-1.0295629202689724,149.56,81.4774460666812,Small
619186,July 2026,4140.0,641,944.0,30.15757771324083,17.17757771324083,108.92000000000002,41.420748402798914,Small
617984,July 2026,1583.0,731,1400.0,50.009457159069406,-25.190542840930597,0.0,0.0,Small
617985,July 2026,2313.0,730,2007.0,42.182961012486196,-32.2270389875138,59.110000000000014,11.162518412206826,Small
617986,July 2026,1218.0,730,730.0,0.0,-95.77,0.0,0.0,Small
617987,July 2026,638.0,730,730.0,0.0,-49.71,0.0,0.0,Small
617988,July 2026,638.0,730,730.0,0.0,-41.98,-132.02999999999997,-17.010448741899324,Small
617991,July 2026,3529.0,730,3501.0,48.881612958814415,-43.01838704118559,0.0,0.0,Small
618013,July 2026,1369.0,731,1004.0,51.041036527018555,-39.14896347298144,-409.39999999999986,-31.048316762602468,Medium
618037,July 2026,1673.0,731,1584.0,59.279038718291055,-30.920961281708948,-80.30000000000001,-18.25746896457642,Small
618052,July 2026,638.0,730,730.0,0.0,-37.7,0.0,0.0,Small
618053,July 2026,638.0,730,730.0,0.0,-33.55,0.0,0.0,Medium
618101,July 2026,638.0,730,730.0,0.0,-37.95,0.0,0.0,Small
618103,July 2026,1583.0,547,638.0,60.40316516882093,-29.92683483117907,0.0,0.0,Small
618125,July 2026,3044.0,547,2587.0,19.682901191310442,-80.31709880868956,0.0,0.0,Small
618193,July 2026,912.0,609,609.0,20.649431679461795,-24.970568320538202,0.0,0.0,Small
618194,July 2026,3044.0,549,2588.0,109.50261137789616,10.982611377896163,-8.839999999999975,-3.005473770101647,Small
618236,July 2026,3803.0,730,2740.0,77.0293669483308,-22.970633051669196,-27.30000000000001,-8.637600455609698,Small
618238,July 2026,3621.0,546,3530.0,54.03663579034903,-44.16336420965097,82.30000000000001,23.473374975043498,Small
618239,July 2026,3774.0,730,3225.0,111.62897011123928,13.028970111239289,14.149999999999977,3.1782040339607334,Small
618254,July 2026,1218.0,546,699.0,8.984167246246368,-4.015832753753632,0.0,0.0,Small
618255,July 2026,2282.0,731,1216.0,40.75967043708979,-15.93032956291021,-3.1899999999999977,-0.883069427527405,Small
618256,July 2026,2160.0,731,1369.0,67.81376518218623,-25.196234817813774,0.0,0.0,Small
618257,July 2026,2160.0,731,1461.0,75.8281084485671,-22.26189155143291,0.0,0.0,Small
618412,July 2026,3103.0,2161,2679.0,52.499085727210385,-16.300914272789612,0.0,0.0,Large
618475,July 2026,1976.0,731,1218.0,52.291565281549744,-41.94843471845025,0.0,0.0,Medium
618476,July 2026,2068.0,731,1400.0,61.721131504338004,-37.73886849566199,0.0,0.0,Medium
618524,July 2026,730.0,730,883.0,28.94996110967073,-10.15003889032927,-65.13000000000002,-25.246143111869145,Small
618525,July 2026,487.0,730,730.0,19.624703300640423,0.7247033006404244,-103.32000000000002,-31.634058969413065,Small
618526,July 2026,2830.0,547,2404.0,96.74874923000645,1.0187492300064491,0.0,0.0,Small
618579,July 2026,3103.0,912,2769.0,80.34863471130274,-19.651365288697264,430.25,17.026117926394935,Medium
618629,July 2026,3164.0,457,3106.0,87.22164739754375,-11.24835260245625,28.50999999999999,6.852212368111132,Small
618633,July 2026,1308.0,731,731.0,6.140269874066464,1.1302698740664638,0.0,0.0,Medium
618682,July 2026,1976.0,730,1642.0,75.37756178888465,-24.12243821111535,14.930000000000064,1.3417812528084894,Medium
618700,July 2026,2313.0,730,1704.0,66.81659190324046,-31.78340809675953,647.05,34.729937898866936,Medium
618712,July 2026,1277.0,731,1124.0,44.8343250861259,-42.815674913874105,-114.69000000000005,-12.562709488027696,Small
618713,July 2026,1246.0,731,1369.0,27.671154958860043,-19.52884504113996,-180.73000000000002,-15.055563885973244,Medium
618714,July 2026,1611.0,731,1216.0,35.51716585445984,-31.532834145540157,-157.48000000000002,-12.56562883998532,Medium
618715,July 2026,1277.0,731,1155.0,42.61388859528591,-34.35611140471409,-112.80000000000007,-10.652563981490232,Medium
618716,July 2026,1308.0,730,1095.0,39.54981026270452,-37.660189737295475,-104.83999999999992,-10.558862333947681,Small
618717,July 2026,1277.0,730,1067.0,41.69657526598714,-45.54342473401285,-123.89999999999998,-16.502177648140005,Small
618718,July 2026,1246.0,730,1033.0,25.3168130489335,-29.2431869510665,-135.7800000000001,-12.432016700543874,Medium
618719,July 2026,1246.0,731,1246.0,38.578896263683646,-27.341103736316356,-157.21000000000004,-17.29444896701943,Small
618720,July 2026,1246.0,730,1126.0,39.9087328726741,-33.8712671273259,-139.04000000000008,-14.08570560226928,Small
618721,July 2026,1246.0,731,1277.0,32.27959255356516,-31.920407446434844,-182.32000000000016,-14.104359261981214,Medium
618759,July 2026,1522.0,731,1126.0,53.06693722992743,-37.33306277007257,40.299999999999955,3.78912530439933,Medium
618777,July 2026,1583.0,762,1035.0,41.56532006409716,-57.274679935902846,-1284.62,-68.42293085908163,Medium
618778,July 2026,1611.0,731,1308.0,59.30745699814454,-35.59254300185547,116.62999999999988,6.212083282289458,Medium
618803,July 2026,1399.0,731,1218.0,90.65449213543056,-2.3455078645694414,104.57000000000005,16.196583182318054,Small
618804,July 2026,3044.0,731,3012.0,90.97140848371221,10.781408483712212,-7.360000000000014,-2.110575820142238,Small
618805,July 2026,577.0,730,730.0,15.911718662069104,8.711718662069103,0.0,0.0,Small
618806,July 2026,1277.0,731,1034.0,72.61286955499037,-6.387130445009632,-5.779999999999973,-0.8425778801440215,Small
618807,July 2026,1430.0,731,1218.0,103.43583699417836,19.405836994178358,-49.44999999999993,-8.114139441773451,Small
618826,July 2026,1369.0,731,1127.0,51.670014790613486,-40.66998520938652,-1.7799999999999727,-0.19608707147263293,Small
618827,July 2026,1369.0,731,1218.0,44.246278062602464,-40.67372193739754,-42.33999999999992,-3.857612726295354,Medium
618920,July 2026,852.0,730,820.0,14.970207161389117,-27.509792838610878,-86.45000000000005,-6.4188235992931535,Medium
619076,July 2026,2373.0,730,2038.0,54.38788348524986,-43.812116514750144,302.47,19.12865852116061,Medium
619102,July 2026,1308.0,731,731.0,8.070074861176847,5.820074861176847,0.0,0.0,Medium
619111,July 2026,1976.0,731,1614.0,68.27997287361245,-31.550027126387548,0.0,0.0,Small
619112,July 2026,1976.0,731,1522.0,69.36804369080656,-15.231956309193436,0.0,0.0,Medium
619123,July 2026,1246.0,731,1246.0,32.932277613128676,-33.18772238687133,-135.44999999999993,-16.647002433448854,Small
619124,July 2026,1246.0,731,1185.0,40.03158751176555,-30.168412488234452,-120.45999999999992,-16.119578744530227,Small
619125,July 2026,1246.0,731,1338.0,28.358730898840683,-16.20126910115932,-160.24000000000012,-14.515807591267334,Medium
619126,July 2026,1246.0,731,1155.0,46.427364124651,-26.572635875349,-177.69999999999993,-18.19932200612447,Small
619140,July 2026,1430.0,731,1461.0,40.273203670332855,-13.426796329667148,-433.2599999999999,-30.97280603928969,Medium
619141,July 2026,1430.0,731,821.0,42.512346190741255,-13.017653809258746,-19.81000000000006,-2.2922934505901478,Small
619160,July 2026,1369.0,550,915.0,86.83236382866208,-13.167636171337918,-53.06000000000002,-31.864040355512856,Small
617892,July 2026,2679.0,1095,2160.0,76.55830467103073,-20.051695328969274,0.0,0.0,Small
618401,July 2026,881.0,1096,1096.0,6.568828550684795,4.868828550684795,0.0,0.0,Medium
618402,July 2026,881.0,1067,1096.0,20.234785295026256,1.1047852950262573,0.0,0.0,Medium
618403,July 2026,881.0,730,730.0,59.219600725952816,3.039600725952816,0.0,0.0,Small
618404,July 2026,943.0,914,914.0,43.10033407394383,20.29033407394383,0.0,0.0,Small
618405,July 2026,912.0,911,911.0,28.448323851300948,-11.411676148699051,0.0,0.0,Small
618433,July 2026,3437.0,547,2008.0,84.60165503813079,-15.088344961869211,0.0,0.0,Small
618434,July 2026,3437.0,1461,3136.0,65.36753966914739,-17.082460330852612,0.0,0.0,Medium
618445,July 2026,2160.0,913,913.0,7.578411980785534,-11.991588019214467,0.0,0.0,Small
619014,July 2026,943.0,730,730.0,11.044106968080067,-4.0158930319199335,0.0,0.0,Small
619248,July 2026,943.0,731,731.0,5.8630298362067,-8.826970163793298,0.0,0.0,Small
617895,July 2026,1583.0,731,1340.0,39.11369455918361,-37.20630544081639,0.0,0.0,Small
617896,July 2026,852.0,548,548.0,0.0,-34.0,0.0,0.0,Small
618034,July 2026,1218.0,546,546.0,6.553412035704002,-13.446587964295997,0.0,0.0,Small
618159,July 2026,881.0,546,546.0,7.579167757131641,0.8791677571316407,0.0,0.0,Small
618160,July 2026,487.0,730,730.0,0.0,-3.25,0.0,0.0,Medium
618282,July 2026,1218.0,913,1186.0,50.04269112182781,-14.437308878172196,0.0,0.0,Medium
618283,July 2026,1218.0,913,1186.0,50.533355993881656,-9.246644006118345,0.0,0.0,Medium
618284,July 2026,1218.0,1096,1096.0,66.04943777056648,-19.82056222943352,0.0,0.0,Medium
618286,July 2026,1764.0,1096,1856.0,58.35743746317424,-22.71256253682575,0.0,0.0,Small
618287,July 2026,973.0,912,912.0,14.877372797155259,2.427372797155259,0.0,0.0,Medium
618288,July 2026,881.0,911,911.0,15.087638163067105,-19.912361836932895,0.0,0.0,Medium
618289,July 2026,2313.0,913,2099.0,93.37336001778964,-4.386639982210369,0.0,0.0,Small
618308,July 2026,1218.0,914,942.0,46.61097164492365,-10.55902835507635,52.79000000000008,7.807092785944583,Small
618309,July 2026,881.0,730,730.0,14.032814216967907,-9.037185783032093,0.0,0.0,Medium
618310,July 2026,881.0,730,730.0,17.11817527374683,-24.761824726253174,0.0,0.0,Small
618311,July 2026,852.0,730,730.0,18.170114942528738,-22.819885057471264,0.0,0.0,Small
618312,July 2026,881.0,913,913.0,14.852201282856303,0.8122012828563037,0.0,0.0,Medium
618313,July 2026,852.0,730,730.0,15.117430493842834,-26.142569506157166,0.0,0.0,Medium
618314,July 2026,1218.0,912,1124.0,61.631152364803846,-20.01884763519616,0.0,0.0,Medium
618315,July 2026,1246.0,912,1155.0,50.29835309093802,-9.351646909061976,0.0,0.0,Medium
618326,July 2026,1277.0,731,943.0,62.48645720476706,-37.21354279523294,0.0,0.0,Small
618331,July 2026,912.0,1095,1095.0,22.406179863249644,-24.86382013675036,0.0,0.0,Small
618340,July 2026,1277.0,731,1249.0,56.917944133103646,-32.07205586689635,0.0,0.0,Small
618351,July 2026,1218.0,731,1127.0,87.34473057779701,-3.1552694222029913,-197.18000000000006,-22.14684442847035,Small
618352,July 2026,1218.0,731,1127.0,91.06163436030143,3.5616343603014258,-245.94000000000005,-28.585376059137353,Small
618353,July 2026,1218.0,731,1127.0,62.3335250652626,-22.866474934737404,0.0,0.0,Small
618354,July 2026,943.0,730,1005.0,56.896388842965436,-33.46361115703456,0.0,0.0,Small
618371,July 2026,1583.0,730,730.0,62.64966036260569,-26.850339637394313,0.0,0.0,Small
618373,July 2026,2618.0,2831,2831.0,61.658101596144924,-15.481898403855077,0.0,0.0,Medium
618436,July 2026,4140.0,912,3134.0,72.2237061769616,-27.7762938230384,0.0,0.0,Small
618437,July 2026,3834.0,181,334.0,42.52387548297733,-57.47612451702267,0.0,0.0,Small
618438,July 2026,3834.0,547,943.0,176.47638561091372,76.47638561091372,0.0,0.0,Small
618440,July 2026,3834.0,365,730.0,16.673318698862506,-41.516681301137496,-86.87,-46.43219840718371,Small
618441,July 2026,3834.0,335,730.0,20.541448058761805,-66.7885519412382,8.70999999999998,1.8619465999700675,Small
618442,July 2026,912.0,182,851.0,27.98840321141838,-72.01159678858161,0.0,0.0,Small
618454,July 2026,2342.0,547,1370.0,5.788434658558728,-87.44156534144128,0.0,0.0,Small
618455,July 2026,2342.0,577,1461.0,44.50480568324279,-55.49519431675721,0.0,0.0,Small
618934,July 2026,699.0,1461,1461.0,5.732118328571404,5.732118328571404,0.0,0.0,Large
618958,July 2026,3134.0,1857,3348.0,0.0,-52.0,0.0,0.0,Medium
619013,July 2026,4291.0,457,730.0,20.480041262180634,-53.39995873781936,34.110000000000014,6.704536520166683,Small
619057,July 2026,1246.0,912,1124.0,57.63591404590256,-13.454085954097444,0.0,0.0,Small
619060,July 2026,4291.0,335,730.0,9.130224302081652,-62.86977569791835,274.99000000000007,79.77430303733576,Small
619089,July 2026,1583.0,1096,1308.0,50.73604929818556,-47.26395070181444,835.7599999999998,43.75752625681943,Medium
617897,July 2026,1583.0,731,1249.0,14.964097005825769,-73.68590299417424,0.0,0.0,Small
617958,July 2026,1948.0,731,1461.0,51.91485603250309,-21.295143967496905,0.0,0.0,Small
617961,July 2026,4564.0,1095,3621.0,0.0,-97.0,729.31,51.766334244241754,Medium
617966,July 2026,4564.0,1095,3652.0,0.004160902083571718,-99.73583909791643,180.56000000000006,23.125888545922624,Small
617969,July 2026,1218.0,730,883.0,0.004973145016908692,-61.99502685498309,0.0,0.0,Small
618004,July 2026,1611.0,548,548.0,1.317691537862782,-0.682308462137218,0.0,0.0,Small
618073,July 2026,881.0,549,914.0,0.0,-61.0,0.0,0.0,Small
618074,July 2026,1611.0,1188,1188.0,24.70252870618004,-71.29747129381997,0.0,0.0,Small
618080,July 2026,1642.0,549,761.0,0.0,-7.5,0.0,0.0,Small
618120,July 2026,1399.0,730,730.0,0.02075158466646544,-3.9792484153335343,0.0,0.0,Medium
618121,July 2026,1611.0,549,1249.0,46.392379882515385,-46.607620117484615,0.0,0.0,Small
618126,July 2026,1338.0,730,820.0,14.0538623610155,-44.696137638984496,0.0,0.0,Small
618146,July 2026,1642.0,547,912.0,0.07674287099119476,-38.9232571290088,0.0,0.0,Small
618228,July 2026,2707.0,1280,2466.0,21.276850212888103,-54.05314978711189,0.0,0.0,Medium
618234,July 2026,2860.0,1096,2071.0,60.97943722943723,-37.62056277056276,0.0,0.0,Medium
618246,July 2026,2191.0,1461,2131.0,47.069526134224446,-5.530473865775555,0.0,0.0,Medium
618250,July 2026,912.0,1279,1675.0,0.0,-18.66,0.0,0.0,Medium
618251,July 2026,1218.0,912,912.0,0.04996237772761475,-9.020037622272385,0.0,0.0,Medium
618571,July 2026,1552.0,731,1096.0,72.75161099523704,-10.258389004762961,93.98000000000002,41.35533553355336,Small
618725,July 2026,1218.0,730,730.0,22.447544799787526,-2.352455200212475,4.220000000000027,0.22025167145966457,Medium
618726,July 2026,1218.0,730,730.0,18.81746079074483,-7.952539209255171,100.58999999999992,8.106017261247606,Medium
618727,July 2026,1218.0,730,730.0,19.176833543682513,-7.133166456317486,134.5,8.529176760054282,Medium
618738,July 2026,1399.0,1461,2008.0,21.90552628281249,-0.144473717187509,-2940.0699999999997,-46.7294161028277,Large
618739,July 2026,1611.0,731,1583.0,45.00605984181361,-9.793940158186388,36.50999999999999,2.6248813734794227,Medium
618740,July 2026,1611.0,731,1584.0,45.430672608614096,-5.369327391385902,51.75999999999999,3.463806037569179,Medium
618741,July 2026,1583.0,731,1855.0,48.61016604884985,12.360166048849848,111.72000000000003,6.014276639498704,Medium
618742,July 2026,546.0,731,731.0,1.1172381585328615,0.3172381585328614,0.0,0.0,Medium
618775,July 2026,487.0,547,547.0,2.6290208554259458,-23.150979144574055,0.0,0.0,Small
618790,July 2026,1218.0,912,1065.0,41.34682280118856,-7.653177198811441,115.62000000000012,8.128686628655,Medium
618791,July 2026,638.0,699,699.0,38.729236528113546,11.229236528113546,0.0,0.0,Medium
618840,July 2026,3865.0,912,3652.0,91.31712350275897,-6.4128764972410295,227.62,34.27908797927773,Small
618841,July 2026,1734.0,914,1522.0,101.66197829955796,5.9419782995579595,-142.66000000000003,-29.05262300423591,Small
618861,July 2026,2129.0,821,1948.0,65.42179796346255,-32.42820203653744,500.02,55.71563875424814,Small
618862,July 2026,2129.0,913,1704.0,59.7027515829069,-39.4372484170931,890.3900000000003,41.29402380091087,Medium
618902,July 2026,3437.0,731,2466.0,85.8910022726926,-4.17899772730739,648.78,97.93792645371656,Small
618903,July 2026,3409.0,731,2831.0,98.90200869712,4.902008697119996,-1.240000000000009,-0.09957200099572075,Medium
618905,July 2026,881.0,730,791.0,57.28504389948531,-19.994956100514692,57.98000000000002,12.323060573857603,Small
618914,July 2026,1369.0,914,1248.0,60.110840252913846,-3.7991597470861507,-1807.5700000000002,-40.7755973985838,Medium
618917,July 2026,1096.0,518,914.0,24.08139922794643,-64.21860077205356,-68.57999999999998,-14.046370637391442,Small
618926,July 2026,1430.0,730,1461.0,26.155658419129857,15.185658419129856,495.68000000000006,34.63000223563604,Medium
618953,July 2026,2707.0,1277,2585.0,107.2176740689903,14.8176740689903,24.360000000000127,2.0307107487620777,Medium
618954,July 2026,1430.0,911,911.0,37.836901504386326,14.056901504386325,229.81999999999994,15.60005430355688,Medium
618955,July 2026,3103.0,731,2465.0,102.6838156082847,2.8838156082847064,429.22,67.24529602531766,Small
618956,July 2026,881.0,912,1247.0,15.048645805942677,-11.791354194057323,-118.67000000000002,-23.78299296550895,Small
619127,July 2026,1583.0,730,1461.0,36.10972121257895,5.699721212578947,-67.28999999999996,-3.0785771474322297,Medium
619136,July 2026,1491.0,700,912.0,53.67056390678437,-46.32943609321563,17.870000000000005,2.9257670519663392,Small
619152,July 2026,3865.0,913,3348.0,94.75416570116492,-5.195834298835081,0.0,0.0,Medium
619166,July 2026,1369.0,731,974.0,52.59288325313397,-46.90711674686603,200.06999999999994,26.038914557167946,Small
619289,July 2026,2007.0,731,1675.0,40.401730458665845,-42.31826954133415,36.850000000000136,2.2201336297528114,Medium
619301,July 2026,4748.0,882,2800.0,90.54439904718336,-9.445600952816633,96.02999999999997,17.85342455566297,Small
619305,July 2026,2007.0,731,1705.0,33.364780029536846,-43.93521997046315,255.08999999999992,14.415936705283974,Medium
619306,July 2026,1976.0,731,1614.0,52.037389228341354,-43.86261077165865,214.81000000000006,21.04247482465421,Medium
619317,July 2026,5813.0,915,5875.0,74.3365510977783,-25.113448902221705,183.39000000000033,6.7338868101887845,Medium
617908,July 2026,912.0,730,730.0,0.0,-42.0,0.0,0.0,Small
617919,July 2026,3044.0,731,2404.0,87.10999054522534,-10.790009454774662,0.0,0.0,Small
617971,July 2026,1308.0,730,730.0,0.3535980148883375,-69.64640198511167,0.0,0.0,Small
617972,July 2026,1308.0,547,,0.0,0.0,0.0,0.0,Small
618014,July 2026,1583.0,518,518.0,26.626475759859332,-11.93352424014067,0.0,0.0,Small
618015,July 2026,1583.0,549,883.0,36.58323505001529,-23.41676494998471,3.5200000000000102,1.5615988642917396,Small
618016,July 2026,1583.0,730,730.0,19.290962157809986,-8.779037842190014,0.0,0.0,Small
618017,July 2026,1583.0,549,883.0,32.43006993006993,-27.569930069930066,0.0,0.0,Small
618018,July 2026,1583.0,547,1065.0,3.3115977106409638,-7.688402289359036,0.0,0.0,Small
618589,July 2026,1491.0,731,1339.0,64.19996016248875,-11.19003983751125,-171.26999999999998,-9.36925601750547,Medium
618590,July 2026,1491.0,700,1369.0,64.09726179119957,-9.862738208800423,-396.93000000000006,-20.262902649446122,Medium
618639,July 2026,2282.0,731,1736.0,58.2750231787817,-36.5349768212183,668.2700000000002,36.01388237703374,Medium
618640,July 2026,1583.0,912,912.0,39.1716427302857,-42.3283572697143,599.06,26.491840976429483,Medium
618646,July 2026,699.0,1096,1096.0,0.0009532676426008953,0.0009532676426008953,0.0,0.0,Medium
618673,July 2026,1703.0,731,1614.0,63.35086880280567,-35.99913119719432,-239.04999999999995,-17.471988539603416,Medium
618674,July 2026,1673.0,731,1308.0,51.82752888542287,-48.17247111457713,-8.920000000000073,-0.6065015332521995,Medium
618675,July 2026,1583.0,731,1247.0,37.55283324256116,-33.17716675743885,-3.5299999999999727,-0.2700511031549292,Medium
618957,July 2026,1976.0,730,1673.0,72.41868344998352,-26.33131655001648,302.14,30.14376502748595,Medium
619039,July 2026,395.0,731,,0.0,0.0,0.0,0.0,Small
619103,July 2026,3926.0,730,3774.0,77.22201371592344,-22.77798628407656,75.83999999999992,6.916426512968292,Medium
619167,July 2026,2404.0,730,2161.0,66.95497388767781,-26.145026112322185,410.15999999999997,47.41185990058952,Small
619347,July 2026,122.0,731,,0.0,0.0,0.0,0.0,Small
619183,July 2026,1369.0,851,912.0,32.449805902241515,-47.550194097758485,41.50999999999999,20.958295466020395,Small
618509,July 2026,2191.0,730,1765.0,83.27441058340331,-16.715589416596686,113.50999999999976,5.431256399705243,Medium
619090,July 2026,3103.0,731,2496.0,89.18853128206666,-10.811468717933337,602.5499999999997,29.141497434310104,Medium
619202,July 2026,3044.0,730,2160.0,89.37956483013106,-9.420435169868938,1784.83,83.22166114134109,Medium
617941,July 2026,730.0,730,730.0,0.07030759573132456,-0.9296924042686754,0.0,0.0,Small
617942,July 2026,1187.0,730,913.0,0.0,-99.08,0.0,0.0,Small
617943,July 2026,577.0,914,914.0,0.0,0.0,0.0,0.0,Small
618609,July 2026,912.0,699,1003.0,53.18388769444796,-5.996112305552039,-146.8,-31.700786041288765,Small
617906,July 2026,1369.0,730,730.0,0.0,-35.0,44.59,18.081914030819142,Small
617916,July 2026,852.0,914,914.0,0.0,-35.0,0.0,0.0,Medium
617926,July 2026,852.0,730,730.0,0.0,-53.0,0.0,0.0,Small
617927,July 2026,852.0,730,730.0,0.0,-36.0,0.0,0.0,Small
617928,July 2026,1583.0,730,883.0,0.0,-98.0,20.140000000000015,13.326275392046593,Small
617976,July 2026,1218.0,730,822.0,10.993964541682383,-79.00603545831761,0.0,0.0,Small
618022,July 2026,1308.0,547,1034.0,10.329559978090193,-66.67044002190981,46.02000000000001,26.59193343349128,Small
618107,July 2026,881.0,913,913.0,36.4937976644939,13.493797664493897,0.0,0.0,Medium
618108,July 2026,1399.0,731,1096.0,17.510957518543492,-46.98904248145651,0.0,0.0,Small
618459,July 2026,2129.0,609,1523.0,82.77563608326908,-2.7243639167309226,1.2000000000000455,0.07716049382716342,Medium
618462,July 2026,2434.0,730,1918.0,78.59781726564677,-21.402182734353232,6.290000000000191,0.38240569048850603,Medium
618463,July 2026,3072.0,700,2465.0,55.09211107470045,-36.247888925299556,1482.64,111.91087225627247,Medium
618467,July 2026,1096.0,548,1186.0,9.10500030923372,-12.64499969076628,-7.130000000000109,-0.2748470609096593,Medium
618503,July 2026,2252.0,730,1857.0,97.41563600799715,-2.5843639920028494,121.37000000000012,11.737456964914328,Medium
618504,July 2026,2252.0,730,1704.0,89.99506892465759,-8.08493107534241,176.97000000000003,14.975121852152723,Medium
618507,July 2026,760.0,304,730.0,115.18305814788225,23.35305814788225,34.68000000000001,7.429305912596402,Small
618508,July 2026,852.0,730,881.0,40.62530995492566,-8.104690045074335,0.0,0.0,Small
618564,July 2026,1277.0,731,1186.0,83.45952242283052,18.93952242283052,-1519.42,-97.78987745855217,Medium
618615,July 2026,2342.0,730,1979.0,91.89515887738617,-7.804841122613837,57.39999999999998,7.376469832294543,Small
618616,July 2026,852.0,730,730.0,33.364797822364665,-2.1052021776353342,-170.04000000000002,-27.181175868793762,Small
618787,July 2026,1583.0,882,1520.0,49.65772707067714,-46.34227292932286,314.19000000000005,22.882466898751698,Medium
618901,July 2026,1673.0,731,1341.0,85.0605064512898,-2.0594935487102077,-83.1099999999999,-7.035231178153614,Medium
618930,July 2026,1218.0,730,730.0,19.98552338530067,-5.83447661469933,-290.46000000000004,-24.44003163758141,Medium
618931,July 2026,1218.0,730,730.0,14.530125582051642,4.450125582051642,-197.05999999999995,-25.792518520457573,Small
619061,July 2026,487.0,731,731.0,0.0,-7.0,0.0,0.0,Small
619087,July 2026,1583.0,731,1218.0,80.3436693064037,3.513669306403699,-680.1500000000001,-32.85050520662275,Medium
619145,July 2026,3803.0,911,2950.0,89.53810377576198,-10.461896224238018,248.95000000000005,28.363582504471868,Small
619197,July 2026,2129.0,730,1642.0,82.99093919493039,-15.909060805069615,73.57999999999993,6.205669272744134,Medium
619297,July 2026,150.0,731,184.0,1.4276885043263288,1.4276885043263288,0.0,0.0,Small
618482,July 2026,2038.0,730,1673.0,66.24634758632043,-33.66365241367957,563.4100000000001,30.185535416744802,Medium
618483,July 2026,2038.0,730,1642.0,65.61842758559132,-34.27157241440868,258.6600000000001,16.863228304875907,Medium
618506,July 2026,791.0,730,730.0,54.907924339638356,-6.4720756603616465,-161.72,-40.254891223179165,Small
618580,July 2026,2738.0,730,2191.0,62.625163478829485,-35.234836521170514,682.1300000000001,53.48738738032323,Medium
618788,July 2026,1583.0,700,1157.0,46.91733551454424,-40.132664485455756,246.44000000000005,26.57837406440759,Small
618792,July 2026,1338.0,731,974.0,39.84058870312268,-59.65941129687732,-186.01999999999998,-13.98404787142073,Medium
618936,July 2026,1583.0,731,1489.0,77.52303057328997,9.523030573289972,-350.07000000000005,-27.57542339503742,Medium
619080,July 2026,1246.0,731,1066.0,48.60332460156192,-44.366675398438076,132.06000000000017,12.07847441349981,Medium
619092,July 2026,2738.0,730,2191.0,66.24699717454351,-33.72300282545649,612.5999999999999,61.616141296694884,Small
619132,July 2026,2252.0,730,1734.0,66.10430247718384,-11.655697522816169,107.46000000000004,5.936885372698948,Medium
619201,July 2026,1338.0,731,1157.0,40.877964673726694,-55.7820353262733,300.0899999999999,17.232191564500845,Medium
618215,July 2026,1856.0,1095,1095.0,0.0,-22.26,-80.36000000000001,-29.28998396267678,Small
618216,July 2026,1948.0,1066,1523.0,15.456559192714742,-7.783440807285256,-27.400000000000006,-11.884623725872915,Small
618217,July 2026,1948.0,1096,1553.0,38.20192504607823,-24.07807495392177,-70.52000000000001,-22.410779546826838,Small
618230,July 2026,2160.0,913,1522.0,0.0,-70.58,0.0,0.0,Small
618231,July 2026,2160.0,914,1553.0,53.32723899658538,-40.292761003414626,0.0,0.0,Small
618232,July 2026,2160.0,912,1126.0,40.96410904115356,-17.035890958846437,-61.599999999999994,-24.481360782131784,Small
618253,July 2026,1126.0,1096,1096.0,0.0,0.0,25.909999999999968,2.974912451920313,Small
618850,July 2026,3774.0,912,3134.0,95.34894985075711,-4.6510501492428915,187.55000000000018,12.809742370843932,Medium
618851,July 2026,3317.0,1280,3287.0,64.56826558350538,-31.081734416494626,1045.9899999999998,30.584950072369477,Medium
618852,July 2026,1611.0,731,1522.0,95.04971110301389,-4.950288896986109,1.0,0.5232588561561404,Small
618878,July 2026,1583.0,731,1096.0,63.9307742824399,-35.24922571756011,79.94000000000005,11.474915667838951,Small
618879,July 2026,1491.0,730,730.0,71.55963302752293,-28.300366972477065,0.0,0.0,Small
618880,July 2026,1461.0,640,1126.0,74.52271329803986,17.91271329803986,-148.89,-18.25348175755198,Small
618881,July 2026,1246.0,914,914.0,49.18059313729897,13.880593137298973,-0.6299999999998818,-0.05660275646438355,Medium
618888,July 2026,1583.0,731,1340.0,72.67300643299819,-24.52699356700181,212.42999999999984,18.53357645765535,Medium
618889,July 2026,1948.0,731,1370.0,60.26706896457482,-37.182931035425185,506.53999999999996,38.28867304130919,Medium
618890,July 2026,1430.0,731,1157.0,49.010360085848276,-45.35963991415173,15.430000000000064,2.0868553807868735,Small
618891,July 2026,912.0,730,853.0,18.518000787891882,-12.941999212108119,-457.5200000000001,-36.7654267415604,Medium
618892,July 2026,395.0,731,731.0,0.5307951855768746,-0.1492048144231255,0.0,0.0,Small
618921,July 2026,1583.0,1096,1552.0,44.647009966777404,-19.5529900332226,945.3200000000002,55.49346044567592,Medium
618922,July 2026,1552.0,1095,1370.0,52.27373712127523,-7.60626287872477,924.4599999999998,47.25649964728614,Medium
619003,July 2026,3044.0,912,2922.0,88.69782103676795,-1.4121789632320514,637.79,72.33311406990723,Small
619153,July 2026,1948.0,731,1675.0,60.13910083343116,-8.510899166568848,360.92999999999995,36.01700412130404,Medium
618038,July 2026,852.0,730,,0.0,-3.0,0.0,0.0,Small
618201,July 2026,1034.0,730,942.0,0.0,-51.0,0.0,0.0,Small
618202,July 2026,1218.0,730,1033.0,11.301552754350434,-35.498447245649565,0.0,0.0,Small
618203,July 2026,1218.0,699,914.0,13.46956264473939,-43.53043735526061,0.0,0.0,Small
618204,July 2026,1703.0,731,1491.0,26.32875747976065,-28.56124252023935,0.0,0.0,Small
618205,July 2026,1491.0,731,1218.0,36.305345736283485,-49.194654263716515,0.0,0.0,Small
618206,July 2026,852.0,911,,11.43038136859937,-30.269618631400633,0.0,0.0,Medium
618221,July 2026,1764.0,730,1095.0,0.0,-60.0,0.0,0.0,Small
618222,July 2026,1369.0,731,1155.0,28.212285536492132,-43.057714463507864,0.0,0.0,Small
618223,July 2026,2313.0,730,1917.0,50.75524749885568,-39.30475250114432,0.0,0.0,Small
618224,July 2026,2313.0,1096,1826.0,55.330815463568264,-36.76918453643173,0.0,0.0,Small
618225,July 2026,1826.0,731,1614.0,40.98671726755218,-48.21328273244782,0.0,0.0,Small
618226,July 2026,2191.0,731,1491.0,58.74710998568755,-36.522890014312445,0.0,0.0,Small
618394,July 2026,2191.0,547,2191.0,80.84927008918667,-13.41072991081333,-3.019999999999982,-1.322299575287877,Small
618395,July 2026,1948.0,549,1887.0,32.13316940850458,-21.356830591495424,0.0,0.0,Small
618397,July 2026,3044.0,731,2587.0,93.77100429855413,-0.28899570144587017,0.0,0.0,Small
618398,July 2026,2191.0,547,2069.0,90.26519284596044,-6.684807154039561,0.0,0.0,Small
618399,July 2026,1948.0,730,2130.0,42.22899484685984,-8.41100515314016,0.0,0.0,Small
618400,July 2026,1948.0,518,1492.0,30.13475195101754,-68.41524804898245,0.0,0.0,Small
618406,July 2026,3044.0,731,2680.0,123.47359608049861,30.97359608049861,0.0,0.0,Small
618407,July 2026,3044.0,731,1369.0,46.96697920913167,-28.323020790868334,0.0,0.0,Small
618494,July 2026,1734.0,731,1552.0,49.68546182491336,-40.324538175086644,1001.6100000000001,36.89239212508518,Medium
618495,July 2026,1491.0,731,1614.0,35.13130712948313,-31.60869287051686,0.0,0.0,Medium
618496,July 2026,1764.0,731,1461.0,49.10091335785868,-45.03908664214132,700.8399999999999,38.471334782513225,Medium
618497,July 2026,1308.0,731,1308.0,64.71323996801247,-5.456760031987528,-50.35000000000002,-4.908699170346974,Medium
618541,July 2026,1948.0,914,1887.0,70.34390884380902,-18.656091156190982,-315.1999999999998,-10.794668420115338,Medium
618542,July 2026,577.0,731,731.0,32.008019517379644,31.988019517379644,0.0,0.0,Small
618543,July 2026,1826.0,1096,1948.0,39.26230300686455,8.762303006864549,-877.8700000000001,-45.90962100650047,Medium
618544,July 2026,1826.0,851,1673.0,103.31149178738283,16.21149178738284,-380.8799999999999,-27.169423698345774,Medium
618545,July 2026,1826.0,912,1946.0,68.81239320082742,26.012393200827418,-169.72000000000003,-27.620101549277443,Small
618547,July 2026,1338.0,913,1278.0,73.72910322540551,18.709103225405507,-317.36,-33.02393340270552,Small
618549,July 2026,1338.0,731,1279.0,92.60241392036524,8.732413920365232,488.94000000000005,201.5001030290542,Small
618550,July 2026,1491.0,548,1461.0,94.37592729970326,19.74592729970327,-640.06,-74.79608292238295,Small
618967,July 2026,852.0,730,942.0,59.733613502338514,-5.1463864976614815,0.0,0.0,Small
619038,July 2026,1948.0,549,1673.0,54.481079884930296,-45.4889201150697,0.0,0.0,Small
618060,July 2026,1642.0,547,1369.0,51.44506836712034,-37.55493163287966,0.0,0.0,Small
618083,July 2026,1611.0,731,974.0,0.5056890012642224,-4.494310998735777,0.0,0.0,Small
618084,July 2026,2342.0,730,1887.0,75.38714745268197,-19.612852547318028,-19.340000000000003,-12.639696751846289,Small
618127,July 2026,1218.0,546,546.0,3.933836468150002,-11.066163531849998,0.0,0.0,Small
618242,July 2026,1522.0,731,1096.0,31.345270585102845,-23.194729414897154,0.0,0.0,Small
618534,July 2026,546.0,912,912.0,0.19755708975039832,0.19755708975039832,0.0,0.0,Small
618535,July 2026,546.0,912,912.0,15.330380547771854,-4.579619452228146,-245.25,-35.658723119647554,Small
618641,July 2026,699.0,730,730.0,22.13003469603258,12.370034696032581,0.0,0.0,Medium
618642,July 2026,2313.0,700,1614.0,72.34867466701833,-27.551325332981676,12.819999999999936,0.6808537757643639,Medium
618644,July 2026,1611.0,731,1279.0,67.95286522271388,-18.61713477728611,247.26,20.35178981505107,Medium
618645,July 2026,1611.0,731,1218.0,59.94818753395948,-18.151812466040518,22.670000000000073,2.249074873260124,Medium
618729,July 2026,1218.0,731,731.0,14.103613990474754,14.103613990474754,0.0,0.0,Medium
618730,July 2026,1218.0,731,731.0,11.863387377366177,6.2133873773661765,0.0,0.0,Medium
618731,July 2026,1218.0,731,731.0,10.134258475771421,10.134258475771421,0.0,0.0,Medium
618733,July 2026,1218.0,731,731.0,14.308563637317112,14.208563637317113,0.0,0.0,Medium
618736,July 2026,852.0,911,911.0,39.50492670031242,-9.995073299687583,-104.05999999999995,-11.114434024736711,Small
618737,July 2026,546.0,730,730.0,89.24731182795699,89.24731182795699,-297.95,-98.16163146970645,Small
618830,July 2026,1369.0,731,1216.0,68.49021542409918,-8.459784575900827,134.22000000000003,8.842654509279454,Medium
618831,July 2026,1218.0,730,881.0,32.24026921953993,3.0402692195399332,-135.26,-9.413975501113585,Medium
618832,July 2026,881.0,730,730.0,19.89614220046752,8.79614220046752,0.0,0.0,Medium
618863,July 2026,3437.0,1735,2465.0,99.83183924315561,1.3318392431556134,164.14999999999998,24.77960268099752,Small
618947,July 2026,3044.0,577,1765.0,68.86640454578607,-22.96359545421393,3.410000000000082,0.2266081871345084,Medium
618949,July 2026,1399.0,731,974.0,50.29798681907116,-40.23201318092884,108.81999999999994,7.531108558140817,Medium
618950,July 2026,607.0,730,730.0,6.773684580349672,-5.226315419650328,0.0,0.0,Medium
619005,July 2026,1218.0,730,730.0,0.4317269076305221,-12.568273092369477,-36.22,-15.385268881148587,Small
617935,July 2026,2160.0,1096,1979.0,66.40819479813442,1.4081947981344172,51.49000000000001,17.27852348993289,Small
617950,July 2026,1338.0,549,549.0,4.7744839056843755,-17.225516094315623,0.0,0.0,Small
617951,July 2026,1218.0,546,546.0,2.2317596566523603,-11.768240343347639,0.0,0.0,Small
617955,July 2026,1583.0,731,1371.0,43.538106106997716,-41.461893893002284,0.0,0.0,Small
617989,July 2026,2679.0,915,2892.0,55.077021480731304,-13.922978519268696,30.29000000000002,19.25375031782356,Small
617997,July 2026,1218.0,730,730.0,3.829518664958883,-2.170481335041117,0.0,0.0,Small
617998,July 2026,1583.0,731,1369.0,64.96571878161178,-18.034281218388216,0.0,0.0,Small
617999,July 2026,1218.0,577,912.0,19.452101267969972,-50.087898732030034,0.0,0.0,Small
618000,July 2026,1583.0,488,1339.0,75.53429676368818,-24.465703236311825,-22.950000000000017,-13.473053892215578,Small
618027,July 2026,1246.0,730,1005.0,44.46613706745658,-45.53386293254342,0.0,0.0,Small
618028,July 2026,1246.0,730,730.0,19.050185650976164,-16.949814349023836,0.0,0.0,Small
618029,July 2026,1642.0,731,1520.0,65.0900467858745,-18.239953214125492,-38.629999999999995,-11.01542673016054,Small
618031,July 2026,2007.0,1461,1704.0,23.551145156298357,-74.44885484370164,0.0,0.0,Small
618086,July 2026,1218.0,549,549.0,1.3008683255572835,-47.19913167444272,0.0,0.0,Small
618087,July 2026,1583.0,547,1308.0,72.40503360950447,-23.59496639049553,0.0,0.0,Small
618095,July 2026,1246.0,546,911.0,37.2047946952308,-37.7952053047692,0.0,0.0,Small
618109,July 2026,1642.0,731,1431.0,61.13235128752952,-27.19764871247048,0.0,0.0,Small
618147,July 2026,1277.0,549,883.0,28.028574858926635,-36.97142514107337,0.0,0.0,Small
618148,July 2026,1218.0,731,731.0,0.7826518535486582,0.7826518535486582,0.0,0.0,Small
618149,July 2026,1246.0,730,730.0,30.115245170255672,-30.09475482974433,0.0,0.0,Small
618151,July 2026,1218.0,1096,,0.15770688653404533,0.15770688653404533,0.0,0.0,Medium
618184,July 2026,1277.0,731,1399.0,51.05243015690777,-13.947569843092232,0.0,0.0,Small
618185,July 2026,1308.0,730,730.0,3.970122800354475,-8.029877199645526,0.0,0.0,Small
618189,July 2026,912.0,730,730.0,10.761834922186916,-14.418165077813084,0.0,0.0,Small
618517,July 2026,1673.0,915,1522.0,97.51886396981763,14.328863969817633,-372.0300000000001,-32.7667145210016,Medium
618518,July 2026,3468.0,912,3256.0,70.52119789128606,-28.34880210871394,351.16999999999985,24.140870437968736,Medium
618520,July 2026,2160.0,730,1979.0,72.47630935255826,-26.723690647441742,347.8299999999999,24.176015124344907,Medium
618630,July 2026,1611.0,913,1461.0,52.62309572089637,-28.72690427910362,-432.26,-18.350625753536313,Medium
618649,July 2026,1218.0,730,942.0,39.42712138865301,-14.372878611346984,-233.37000000000012,-18.727280022469213,Medium
618650,July 2026,912.0,730,1036.0,25.097161410931275,0.5971614109312746,-144.2800000000002,-10.578488158955949,Medium
618651,July 2026,881.0,702,852.0,45.94880751812293,-12.75119248187707,-133.94000000000005,-9.380340084600949,Medium
618697,July 2026,881.0,699,1156.0,39.873261749691956,0.903261749691957,-341.96,-54.62532547403396,Small
618702,July 2026,2038.0,730,1977.0,110.14686248331107,15.936862483311074,-341.95000000000005,-20.597040097820134,Medium
618706,July 2026,3072.0,915,2680.0,105.57295310978563,6.382953109785632,591.4099999999999,16.916713624961023,Medium
618707,July 2026,607.0,730,851.0,4.4462803201646866,-8.223719679835312,0.0,0.0,Small
618709,July 2026,1218.0,731,1797.0,93.5946000402982,1.0846000402981986,-347.55000000000007,-25.933664142073653,Medium
618799,July 2026,3044.0,730,2161.0,103.13710895597539,7.907108955975389,16.629999999999995,3.778171573973099,Small
618870,July 2026,1246.0,730,1005.0,25.89465149277503,-1.9053485072249714,843.0300000000001,95.40639641474843,Small
618871,July 2026,1246.0,730,882.0,36.35014836795253,21.820148367952527,-13.440000000000055,-1.4771503308201321,Small
618872,July 2026,1246.0,730,1065.0,28.62829952837621,9.048299528376212,-110.73000000000002,-10.419097444390081,Medium
618873,July 2026,1277.0,730,1096.0,38.44664228723404,21.086642287234042,-69.50999999999999,-5.461574121363075,Medium
618887,July 2026,2738.0,730,1977.0,64.64317848737382,-19.606821512626183,462.1300000000001,22.18600274606574,Medium
618896,July 2026,1948.0,731,1643.0,61.395686488024296,-14.704313511975698,652.3,47.04957407981765,Medium
619065,July 2026,2038.0,730,1826.0,63.79919404728178,-36.00080595271822,-15.36999999999989,-0.8808022922636041,Medium
619071,July 2026,1948.0,1096,1673.0,65.27100108160077,3.911001081600773,-367.95000000000005,-18.10643899318456,Medium
619072,July 2026,1611.0,731,1369.0,88.85618296141044,-6.033817038589561,116.07999999999993,9.823302416897969,Medium
619073,July 2026,2342.0,730,2038.0,74.04198167363472,-25.15801832636528,528.78,40.12779455734818,Medium
619096,July 2026,5113.0,884,4597.0,92.8939874132969,-5.0460125867031,346.06999999999994,21.03871312890596,Medium
619106,July 2026,1218.0,730,1003.0,29.403096759339203,-11.2269032406608,-273.23000000000013,-23.92808351140226,Medium
619107,July 2026,881.0,730,943.0,20.272399519294968,5.272399519294968,-188.06000000000017,-14.340290221974833,Medium
619108,July 2026,881.0,730,852.0,39.02033345270781,-1.189666547292191,-195.8800000000001,-13.486364230978436,Medium
619117,July 2026,3865.0,730,3440.0,97.93934396188382,0.13934396188382436,69.83000000000004,6.8355570347602255,Medium
619120,July 2026,3072.0,913,2466.0,90.3242429914266,-8.865757008573397,1194.0900000000001,40.8962942667306,Medium
619138,July 2026,1764.0,731,2163.0,30.590513068731852,5.8905130687318525,15.279999999999973,5.186341728328006,Small
619150,July 2026,3743.0,730,3318.0,78.41835289674923,-21.281647103250776,777.2399999999998,37.3190441208245,Medium
619164,July 2026,3044.0,915,2922.0,76.75748908625621,1.0374890862562154,-18.559999999999945,-1.5284526064399198,Medium
619211,July 2026,1583.0,914,1310.0,47.64574045298984,-26.254259547010165,-38.86999999999989,-1.8468190240889388,Medium
619214,July 2026,2282.0,730,2099.0,87.71291670318753,5.372916703187528,-3.4600000000000364,-0.5029069767441914,Small
619218,July 2026,3072.0,731,2496.0,78.98671489019692,-21.01328510980308,327.9799999999998,24.042986790212133,Medium
619219,July 2026,3072.0,731,2618.0,65.26893446371406,-34.71106553628594,484.0400000000002,32.14397184314508,Medium
619220,July 2026,3072.0,730,2101.0,47.57822335827689,-50.42177664172311,390.30999999999995,27.020422291450323,Medium
618070,July 2026,3437.0,730,3226.0,0.0,-98.0,21.350000000000023,7.254995242626079,Small
618595,July 2026,2221.0,913,1977.0,57.02977864983492,-33.790221350165076,791.6099999999999,45.326805806063724,Medium
618596,July 2026,2160.0,912,2252.0,56.788891543575104,-26.9111084564249,843.0500000000002,31.05614086789951,Medium
618597,July 2026,2099.0,1004,2343.0,61.735403210498504,1.6654032104985035,692.69,21.607601293916908,Medium
618598,July 2026,2313.0,547,2100.0,87.79386005347101,-12.206139946528992,6.939999999999998,3.3047619047619032,Small
618599,July 2026,2007.0,912,1673.0,76.53827859155274,-23.46172140844726,0.0,0.0,Medium
618600,July 2026,1976.0,912,1673.0,64.43734250510693,-35.562657494893074,0.0,0.0,Medium
618601,July 2026,1856.0,853,1734.0,79.1676428617069,-16.1023571382931,0.0,0.0,Medium
618602,July 2026,1856.0,884,1734.0,77.00218035080867,-18.047819649191325,0.0,0.0,Medium
618603,July 2026,1703.0,913,1673.0,60.4112362043148,-10.698763795685203,140.37999999999965,4.050412312237786,Medium
618604,July 2026,1430.0,1065,1399.0,75.64870343247316,-15.98129656752684,-46.690000000000055,-1.9217787875794419,Medium
618605,July 2026,1764.0,915,1887.0,95.30672649478714,13.816726494787147,-240.29999999999973,-8.346735117073111,Medium
618606,July 2026,1673.0,915,1673.0,89.32298827587933,18.122988275879322,-73.37000000000035,-2.2412565944019094,Medium
618607,July 2026,1856.0,914,1795.0,64.48054471007937,-9.40945528992063,838.3499999999999,29.49713947940636,Medium
618708,July 2026,1399.0,731,1369.0,61.83789422111943,-20.142105778880577,78.0,6.568586995882002,Medium
619098,July 2026,3072.0,730,2007.0,49.863499097785144,-48.886500902214856,714.4099999999999,50.14212820314857,Medium
619206,July 2026,2221.0,822,1977.0,65.32244302756706,-21.327556972432944,826.0099999999998,27.15664195420248,Medium
619207,July 2026,1856.0,882,1704.0,60.1593806095991,-21.6406193904009,667.69,25.278170040547142,Medium
619208,July 2026,1673.0,915,1765.0,60.23627964484323,15.896279644843226,-109.30999999999995,-3.0066233180402886,Medium
618408,July 2026,1948.0,549,1857.0,84.64241785274996,-12.457582147250037,0.0,0.0,Small
618409,July 2026,1948.0,549,1857.0,82.23931130416524,-8.770688695834764,0.0,0.0,Small
618410,July 2026,1948.0,549,1918.0,88.92785694880091,3.9878569488009106,0.0,0.0,Small
617909,July 2026,852.0,730,730.0,0.0,-50.0,0.0,0.0,Small
617911,July 2026,4140.0,700,4018.0,0.0,-94.5,101.32999999999998,19.79758904323701,Small
617914,July 2026,1583.0,700,1247.0,20.304690311487864,-20.945309688512136,8.860000000000014,3.672843344525977,Small
618019,July 2026,1583.0,731,1219.0,54.94646915473289,-36.05353084526711,0.0,0.0,Small
618020,July 2026,1583.0,731,1399.0,42.65052135889674,-24.919478641103254,0.0,0.0,Small
618021,July 2026,881.0,547,547.0,0.0,-36.85,0.0,0.0,Small
618035,July 2026,1218.0,546,760.0,0.0,-60.14,0.0,0.0,Small
618036,July 2026,1218.0,730,850.0,0.0,-43.0,0.0,0.0,Small
618043,July 2026,1583.0,912,974.0,0.0,-88.0,31.590000000000032,6.41916605705926,Small
618044,July 2026,881.0,731,,0.0,0.0,0.0,0.0,Small
618068,July 2026,1583.0,731,1157.0,22.960343521091183,-39.839656478908815,0.0,0.0,Small
618085,July 2026,1673.0,549,1279.0,0.0,-92.33,-11.379999999999995,-3.729680125852122,Small
618129,July 2026,1218.0,730,730.0,35.82800846280427,-63.321991537195736,0.0,0.0,Small
618156,July 2026,1246.0,730,730.0,0.0,-73.5,0.0,0.0,Small
618157,July 2026,1218.0,547,730.0,22.93857380911337,-56.06142619088663,0.0,0.0,Small
618158,July 2026,1218.0,730,730.0,0.0,-16.52,0.0,0.0,Small
618170,July 2026,1218.0,549,1005.0,17.783902461811557,-28.54609753818844,0.0,0.0,Small
618171,July 2026,1583.0,731,1065.0,28.05863506195242,-29.20136493804758,0.0,0.0,Small
618619,July 2026,487.0,730,730.0,19.55152910556084,19.55152910556084,0.0,0.0,Small
618620,July 2026,1430.0,547,1520.0,71.2784588441331,-8.4415411558669,3.5,1.6845550368195599,Small
618621,July 2026,1583.0,731,1369.0,53.860022732914395,-33.4399772670856,368.02,31.649466804265565,Medium
618622,July 2026,2007.0,731,1644.0,93.96271419088444,1.4627141908844408,-112.88000000000011,-11.268955465263716,Medium
618623,July 2026,1338.0,700,973.0,49.17780878534716,-40.922191214652834,-372.03,-24.72995340242095,Medium
618654,July 2026,1338.0,731,1400.0,42.471469936978366,-21.318530063021633,-51.53000000000003,-9.88661000364537,Small
618655,July 2026,852.0,730,730.0,104.94409937888199,6.094099378881992,-80.24000000000001,-39.92238419821882,Small
618661,July 2026,638.0,730,730.0,17.325511953611127,-2.904488046388874,5.880000000000109,0.5696018599244511,Medium
618662,July 2026,638.0,731,731.0,11.537441338502347,-0.7125586614976527,0.0,0.0,Small
618663,July 2026,1399.0,731,1096.0,46.11951717103027,-43.92048282896974,-62.75,-6.250809367746819,Medium
618664,July 2026,1611.0,731,1491.0,81.89514332392693,-11.154856676073067,-53.53000000000003,-10.199298833930346,Small
618666,July 2026,1430.0,730,730.0,96.27328040365066,-3.2267195963493407,-171.83999999999992,-24.171496089574063,Small
618667,July 2026,638.0,730,730.0,21.922218065993356,-16.337781934006642,-123.38,-12.269413975874858,Medium
618671,July 2026,487.0,730,730.0,15.521316641862908,0.9213166418629086,-275.64000000000004,-44.57813788753578,Small
618672,July 2026,638.0,730,730.0,28.66450611032341,-6.5854938896765916,-311.0,-34.423979456300366,Small
618684,July 2026,1338.0,730,1095.0,66.16654163540885,-12.583458364591152,-130.78999999999996,-14.258770686610116,Small
618685,July 2026,1399.0,730,1005.0,71.46903250003233,-8.33096749996767,-138.01,-15.145296519029014,Small
618686,July 2026,1430.0,730,975.0,71.38009493546743,-8.24990506453257,-103.12000000000006,-16.82383267530265,Small
618687,July 2026,1399.0,731,1249.0,76.85003374854269,-12.869966251457313,-0.4500000000000455,-0.06898348995141193,Small
618688,July 2026,638.0,730,730.0,19.511020559362848,-12.868979440637155,-254.80000000000007,-32.06241348936707,Small
618694,July 2026,1642.0,700,1369.0,84.6254135763748,-11.464586423625207,-198.26,-19.60466335076981,Medium
618735,July 2026,1673.0,608,1461.0,60.192514464185145,-38.807485535814855,66.70999999999992,7.332058383891664,Small
618751,July 2026,1369.0,731,1277.0,46.17772603802871,-22.862273961971297,11.06000000000006,1.9014871486289109,Small
618762,July 2026,3256.0,730,3103.0,84.18682531427193,-15.813174685728072,-161.93999999999994,-17.041472423626963,Small
618784,July 2026,1065.0,730,1005.0,71.231990094552,-13.208009905447994,0.0,0.0,Small
618932,July 2026,881.0,699,699.0,44.67297715729146,17.07297715729146,-62.01999999999998,-4.041180686779174,Medium
618933,July 2026,852.0,730,730.0,46.34059389330052,28.84059389330052,0.0,0.0,Medium
618962,July 2026,852.0,730,730.0,25.535892808454836,-2.744107191545165,-332.76,-30.16945157166559,Medium
618963,July 2026,881.0,730,730.0,38.028303690954296,-14.121696309045703,52.5,6.695232994108196,Small
618964,July 2026,487.0,730,730.0,13.871863560498745,2.301863560498745,0.0,0.0,Medium
618966,July 2026,881.0,730,730.0,15.735755334384798,-5.874244665615201,-19.950000000000045,-1.7762226555196492,Medium
619007,July 2026,1218.0,730,,0.6005680463109511,0.6005680463109511,0.0,0.0,Small
619100,July 2026,2373.0,730,1826.0,62.999561196246546,-36.80043880375345,319.03999999999996,36.840646651270205,Small
619114,July 2026,1277.0,730,1340.0,32.221379172008405,-8.028620827991595,65.12000000000012,6.021211084502235,Medium
617912,July 2026,852.0,730,730.0,2.9618271325962398,-5.278172867403761,0.0,0.0,Small
617932,July 2026,1583.0,458,1188.0,42.31837951030928,-27.821620489690723,0.0,0.0,Small
617934,July 2026,3287.0,730,3256.0,129.9355536970532,34.09555369705319,0.0,0.0,Small
617937,July 2026,607.0,731,,0.11484742581226769,-11.885152574187732,0.0,0.0,Small
617938,July 2026,577.0,546,546.0,1.31317705249225,-18.68682294750775,0.0,0.0,Small
617945,July 2026,487.0,547,547.0,0.0,-67.16,0.0,0.0,Small
617946,July 2026,3774.0,730,2860.0,37.412263044581756,-60.087736955418244,0.0,0.0,Medium
617947,July 2026,3774.0,730,3042.0,0.011780277044397786,-80.04821972295561,436.0999999999999,43.30728209813403,Medium
617948,July 2026,3774.0,730,2922.0,18.6052381517995,-71.5347618482005,902.81,80.7702974726012,Medium
617965,July 2026,1491.0,547,1308.0,54.130412529429826,-39.31958747057018,0.0,0.0,Small
617978,July 2026,852.0,730,730.0,33.74382676965937,-51.25617323034063,0.0,0.0,Small
617979,July 2026,852.0,730,549.0,0.0,-74.29,0.0,0.0,Small
618042,July 2026,1583.0,547,1126.0,29.921884535579153,-20.328115464420847,0.0,0.0,Small
618047,July 2026,852.0,730,730.0,0.0,-88.56,0.0,0.0,Small
618049,July 2026,852.0,546,577.0,35.41246387874162,-62.58753612125838,0.0,0.0,Small
618059,July 2026,1246.0,547,973.0,33.976410350187436,-0.17358964981256264,0.0,0.0,Small
618061,July 2026,852.0,549,549.0,14.82028174849803,-47.67971825150197,0.0,0.0,Small
618065,July 2026,1583.0,549,1095.0,15.731260270509416,-21.468739729490586,0.0,0.0,Small
618088,July 2026,668.0,548,548.0,9.948126093495809,-31.98187390650419,0.0,0.0,Small
618089,July 2026,1583.0,731,1279.0,36.075336496562414,-29.064663503437586,0.0,0.0,Small
618094,July 2026,3044.0,548,2740.0,90.17569506483663,3.875695064836634,0.0,0.0,Small
618096,July 2026,881.0,547,791.0,33.20473959768531,-53.79526040231469,0.0,0.0,Small
618097,July 2026,3468.0,730,2983.0,0.0,-91.89,0.0,0.0,Small
618098,July 2026,1948.0,547,1369.0,0.0,-93.75,0.0,0.0,Small
618133,July 2026,1948.0,700,1734.0,51.5415047938126,-15.848495206187401,0.0,0.0,Small
618134,July 2026,1246.0,730,730.0,28.794706023204686,-52.62529397679532,0.0,0.0,Small
618137,July 2026,852.0,730,730.0,29.31063199777921,-38.91936800222079,0.0,0.0,Small
618138,July 2026,852.0,549,549.0,0.0,-54.04,0.0,0.0,Small
618139,July 2026,852.0,518,518.0,0.0,-43.46,0.0,0.0,Small
618150,July 2026,852.0,730,730.0,0.0,-15.0,0.0,0.0,Small
618152,July 2026,3468.0,699,3287.0,0.0,-96.19,0.0,0.0,Small
618153,July 2026,3468.0,730,3287.0,1.1232516144829063,-96.95674838551709,0.0,0.0,Small
618154,July 2026,1583.0,547,1247.0,0.0,-68.93,0.0,0.0,Small
618155,July 2026,852.0,546,608.0,25.165964106317993,-51.03403589368201,0.0,0.0,Small
618172,July 2026,3409.0,730,3409.0,60.927442949093034,-21.072557050906966,0.0,0.0,Small
618173,July 2026,3437.0,730,3348.0,0.0,-83.93,0.0,0.0,Small
618174,July 2026,852.0,548,548.0,0.0,-100.0,0.0,0.0,Small
618176,July 2026,487.0,730,,11.44436805316833,-24.005631946831674,0.0,0.0,Small
618177,July 2026,3044.0,548,2740.0,2.544126061886527,-92.74587393811348,0.0,0.0,Small
618178,July 2026,881.0,547,669.0,0.0,-72.0,0.0,0.0,Small
618180,July 2026,3044.0,548,2952.0,0.0,-89.08,0.0,0.0,Small
618188,July 2026,1246.0,547,1004.0,38.990464181574595,-61.009535818425405,0.0,0.0,Small
618198,July 2026,3044.0,730,1673.0,49.828792180046236,-43.24120781995376,-47.24000000000001,-12.146144550433242,Small
618199,July 2026,1246.0,730,822.0,23.240634464065938,-30.259365535934062,0.0,0.0,Small
618469,July 2026,2221.0,730,1642.0,42.45203588386893,-55.74796411613107,1142.6399999999999,32.30625689162826,Medium
618470,July 2026,1887.0,547,1369.0,27.295760349633504,-70.7042396503665,265.92999999999984,12.916810359482989,Medium
618471,July 2026,1887.0,547,1369.0,22.33937205102814,-72.26062794897186,307.50999999999976,11.778021203578861,Medium
618472,July 2026,1856.0,700,1369.0,22.075698171268616,-73.42430182873139,263.7600000000002,6.509699392862436,Medium
618473,July 2026,1764.0,912,1308.0,37.80886878709877,-52.92113121290124,254.34000000000015,11.515475306517928,Medium
618511,July 2026,546.0,730,730.0,17.076495704511547,-7.003504295488451,-215.81000000000006,-35.69526455945352,Small
618512,July 2026,3164.0,1096,2799.0,84.15306572562858,-5.046934274371424,-90.90999999999997,-10.022821736877498,Small
618513,July 2026,1673.0,731,1492.0,44.171903083332175,-6.968096916667825,-676.4899999999998,-32.03153483747247,Medium
618514,July 2026,1673.0,731,1461.0,65.11657214870826,-25.003427851291747,-2013.31,-86.38183214556938,Medium
618557,July 2026,1218.0,1066,1158.0,75.86360815651095,-8.13639184348905,-120.30999999999995,-11.581186708251506,Medium
618585,July 2026,881.0,912,1126.0,22.265038116966224,-18.234961883033776,-138.08999999999992,-16.11450176793903,Small
618586,July 2026,487.0,365,426.0,77.92603630452453,0.9260363045245299,-107.14000000000001,-42.05196640238638,Small
618588,July 2026,1976.0,730,1734.0,99.0126247547556,-0.7773752452444,-71.32,-13.201540056271286,Small
618594,July 2026,1308.0,580,1249.0,93.54904251536547,-5.110957484634525,-132.95,-40.30986598750834,Small
618626,July 2026,943.0,730,912.0,35.35,-34.660000000000004,-419.52,-51.19094103865678,Small
618627,July 2026,546.0,549,549.0,23.9043113451754,-9.4456886548246,-56.49000000000001,-33.52124376928555,Small
618628,July 2026,1430.0,700,1216.0,87.28165315675305,18.031653156753052,-62.620000000000005,-41.6883030424073,Small
618653,July 2026,3044.0,731,2832.0,43.37387280835867,-52.84612719164133,2230.5,180.44948547019612,Medium
618693,July 2026,1976.0,912,1673.0,64.80003094298755,-32.88996905701245,-52.07999999999993,-3.8727524204702575,Medium
618754,July 2026,487.0,730,730.0,52.32717094128368,8.757170941283682,-230.87,-42.903867239040345,Small
618766,July 2026,638.0,730,730.0,48.29835094590002,-0.2516490540999783,-244.07000000000005,-28.314385150812072,Small
618836,July 2026,1611.0,731,1341.0,68.93937708565072,-12.630622914349274,-187.3800000000001,-9.437991719469325,Medium
618837,July 2026,1611.0,731,1341.0,56.48892122633361,-12.461078773666394,-28.819999999999936,-1.48615687669848,Medium
618937,July 2026,1976.0,730,1977.0,82.45418126491815,0.9141812649181418,265.8599999999999,22.782271885925816,Medium
618939,July 2026,515.0,730,730.0,34.40051967334818,-5.709480326651821,-83.55,-43.67257331033401,Small
619008,July 2026,487.0,546,181.0,0.006341556217895871,-50.9936584437821,0.0,0.0,Small
619042,July 2026,1976.0,1433,337.0,49.067335331172416,-34.12266466882758,0.0,0.0,Small
619043,July 2026,212.0,183,548.0,3.190586306823171,-1.9094136931768286,0.0,0.0,Small
619069,July 2026,6147.0,4230,5905.0,90.95908439284624,-8.090915607153761,63.789999999999964,17.63518743779718,Small
619095,July 2026,1491.0,547,1369.0,89.14001270917178,-7.589987290828219,-74.34000000000003,-13.604421345435917,Small
619149,July 2026,1611.0,731,1461.0,68.52272565582595,-28.877274344174054,334.3799999999999,18.848610226433593,Medium
619163,July 2026,2007.0,730,1917.0,82.54462496531738,-3.6553750346826206,-173.83999999999992,-11.815240736209658,Medium
619198,July 2026,2160.0,731,1614.0,41.00530872674292,-58.86469127325709,677.1399999999999,39.566899227523976,Medium
619203,July 2026,3044.0,912,2830.0,35.868939012740015,-51.131060987259985,118.34999999999991,9.445934297481076,Medium
619204,July 2026,212.0,548,548.0,0.4031932908636401,-0.5968067091363599,0.0,0.0,Small
619210,July 2026,2007.0,730,1826.0,108.50825801513233,11.108258015132321,-53.02999999999997,-3.7564372286092733,Medium
619298,July 2026,150.0,1096,1096.0,0.005774783445620789,0.005774783445620789,0.0,0.0,Medium
619299,July 2026,122.0,731,731.0,0.022346992932763484,0.022346992932763484,0.0,0.0,Small
619300,July 2026,181.0,548,548.0,0.0,0.0,0.0,0.0,Small
618298,July 2026,1948.0,549,1857.0,128.62541332073693,33.91541332073693,0.0,0.0,Small
618299,July 2026,2129.0,547,761.0,76.6897167075619,0.05971670756190406,0.0,0.0,Small
618300,July 2026,2129.0,547,2130.0,82.95685178839717,-8.433148211602827,0.0,0.0,Small
618301,July 2026,2129.0,546,668.0,62.567148534742536,14.217148534742535,0.0,0.0,Small
618302,July 2026,2313.0,700,2222.0,76.15997500390563,-21.960024996094376,0.0,0.0,Small
618303,July 2026,2313.0,700,2222.0,63.2490909907079,-25.710909009292095,0.0,0.0,Small
618304,July 2026,1218.0,547,792.0,78.18545697131421,50.065456971314205,0.0,0.0,Small
618305,July 2026,1218.0,730,973.0,40.69700356975444,14.477003569754444,0.0,0.0,Small
618306,July 2026,1218.0,669,822.0,30.77386756493219,16.27386756493219,0.0,0.0,Small
618333,July 2026,1277.0,731,1096.0,56.321037676278685,-36.19896232372131,0.0,0.0,Small
618334,July 2026,1673.0,731,1399.0,64.56335684285601,-30.636643157143993,0.0,0.0,Small
618335,July 2026,1673.0,547,1491.0,93.17960455829356,2.159604558293566,0.0,0.0,Small
618336,July 2026,1764.0,548,1644.0,70.42596138916205,-15.624038610837943,0.0,0.0,Small
618337,July 2026,1948.0,546,1642.0,127.14989293361884,40.819892933618846,0.0,0.0,Small
618338,July 2026,1948.0,365,579.0,83.38116224249258,-9.718837757507416,0.0,0.0,Small
618344,July 2026,1948.0,730,1948.0,83.67965303667177,-2.1603469633282373,0.0,0.0,Small
618345,July 2026,2221.0,730,2191.0,54.24452165348945,-33.95547834651055,0.0,0.0,Small
618346,July 2026,2282.0,700,2222.0,66.71530966994291,-33.28469033005709,0.0,0.0,Small
618347,July 2026,2282.0,700,2222.0,68.25521695925802,-31.74478304074198,0.0,0.0,Small
618348,July 2026,2221.0,365,365.0,55.09113411341134,45.92113411341134,0.0,0.0,Small
618349,July 2026,2282.0,365,365.0,55.0705467372134,29.1405467372134,0.0,0.0,Small
618355,July 2026,1826.0,546,1642.0,77.67995535991072,-17.60004464008928,0.0,0.0,Small
618356,July 2026,1948.0,548,1765.0,85.92361585782638,-12.576384142173623,0.0,0.0,Small
618357,July 2026,1764.0,546,1522.0,69.08508768258486,-15.784912317415149,0.0,0.0,Small
618358,July 2026,1764.0,546,1491.0,74.2592711613857,-12.610728838614307,0.0,0.0,Small
618387,July 2026,1218.0,730,1005.0,48.119106014024666,-31.92089398597534,0.0,0.0,Small
618388,July 2026,1764.0,550,1249.0,81.57244264165294,-12.927557358347059,0.0,0.0,Small
618389,July 2026,1764.0,549,1461.0,92.58913631097954,-4.410863689020459,0.0,0.0,Small
618415,July 2026,1976.0,548,1734.0,0.0,-100.0,0.0,0.0,Small
618416,July 2026,1976.0,548,2099.0,84.03587840226228,8.955878402262286,0.0,0.0,Small
617885,July 2026,2160.0,546,1642.0,61.99484944532488,-37.62515055467512,0.0,0.0,Small
618076,July 2026,943.0,730,,0.0,-4.5,-153.32999999999998,-30.422619047619044,Small
618294,July 2026,1218.0,730,730.0,22.03927247306727,-4.76072752693273,0.0,0.0,Small
618295,July 2026,1218.0,730,730.0,0.0,-46.38,0.0,0.0,Small
618374,July 2026,2191.0,914,914.0,60.09992611097429,17.18992611097429,0.0,0.0,Small
618375,July 2026,2191.0,730,913.0,9.514937936297727,-43.91506206370227,0.0,0.0,Small
618376,July 2026,2191.0,912,1034.0,0.0,-53.21,0.0,0.0,Small
618377,July 2026,2191.0,731,974.0,69.24982911825018,-30.750170881749824,0.0,0.0,Small
618418,July 2026,1764.0,731,1675.0,86.1640638025899,3.1140638025898966,0.0,0.0,Small
618419,July 2026,1218.0,730,730.0,60.476816953491685,8.196816953491684,0.0,0.0,Small
618420,July 2026,1218.0,730,730.0,52.08518577904756,1.6051857790475665,0.0,0.0,Small
618421,July 2026,1218.0,730,730.0,53.67564081895857,-21.174359181041424,0.0,0.0,Small
618316,July 2026,1673.0,549,518.0,48.43606911007549,30.576069110075494,0.0,0.0,Small
618317,July 2026,1673.0,549,518.0,39.86225552134684,22.742255521346838,0.0,0.0,Small
618318,July 2026,1703.0,730,700.0,36.07023875624654,24.21023875624654,0.0,0.0,Small
618319,July 2026,1673.0,549,518.0,31.795517501888693,25.075517501888694,0.0,0.0,Small
618320,July 2026,881.0,1096,,21.933003970819094,3.0330039708190952,0.0,0.0,Small
618321,July 2026,881.0,1096,,32.923417714292235,18.973417714292236,0.0,0.0,Small
618323,July 2026,912.0,1096,,0.008375974658869396,0.008375974658869396,0.0,0.0,Medium
618324,July 2026,1246.0,1127,,14.23853923853924,-0.8614607614607603,0.0,0.0,Small
618362,July 2026,1948.0,548,1979.0,79.30274178538191,14.52274178538191,0.0,0.0,Small
618363,July 2026,1856.0,549,1979.0,66.77063922871262,5.4306392287126215,0.0,0.0,Small
618379,July 2026,2495.0,1278,2435.0,16.687696741887926,-78.66230325811208,0.0,0.0,Small
618380,July 2026,2495.0,1278,2435.0,60.562340702810545,-36.94765929718946,0.0,0.0,Small
618383,July 2026,2495.0,1279,2283.0,85.8647537123662,-13.955246287633798,0.0,0.0,Small
618452,July 2026,1246.0,730,942.0,6.172539489671931,1.462539489671931,0.0,0.0,Small
619010,July 2026,1673.0,547,973.0,88.56612362242454,-10.953876377575455,0.0,0.0,Small
619321,July 2026,273.0,731,,0.0,-2.0,0.0,0.0,Small
619199,July 2026,2038.0,731,1431.0,52.79537024560109,-46.40462975439891,0.0,0.0,Medium
618681,July 2026,1976.0,731,1614.0,56.64433097627369,-42.9856690237263,25.54000000000019,2.1001216985166096,Medium
618477,July 2026,2099.0,731,1553.0,50.39173476755722,-48.62826523244278,0.0,0.0,Medium
618634,July 2026,1948.0,731,1339.0,56.16313716774207,-42.72686283225793,0.0,0.0,Medium
618769,July 2026,577.0,730,730.0,19.821355067094757,4.241355067094757,-123.44000000000005,-9.224744795013978,Medium
618772,July 2026,1976.0,731,1066.0,50.76686349079264,-49.03313650920736,96.84000000000003,13.784660934920007,Small
619077,July 2026,3134.0,731,3075.0,82.51370747507251,-17.486292524927492,7.75,1.6680297877835653,Small
618747,July 2026,2007.0,731,1430.0,52.93504038074437,-45.884959619255625,397.56999999999994,47.92887281494876,Small
618818,July 2026,1218.0,577,791.0,18.665621888110746,12.865621888110745,41.91000000000008,3.541999442204819,Medium
619143,July 2026,1218.0,730,822.0,20.3865148739827,-5.3934851260173,36.57000000000005,4.427307175457931,Small
619212,July 2026,1642.0,731,1551.0,40.974412365963204,-29.62558763403679,88.29999999999995,7.193072492810998,Medium
618359,July 2026,1218.0,911,911.0,57.191158128841266,-39.50884187115874,0.0,0.0,Small
618531,July 2026,1976.0,730,730.0,25.707604122977596,-12.222395877022404,-267.6500000000001,-25.382660319025863,Medium
618724,July 2026,1218.0,700,700.0,19.747362801870697,-8.412637198129303,4.220000000000027,0.24546300604932686,Medium
618732,July 2026,1218.0,731,731.0,11.587401702378816,7.647401702378817,0.0,0.0,Medium
618951,July 2026,2129.0,702,1614.0,69.95516450916936,-21.344835490830633,60.77999999999997,5.398923413100248,Medium
618952,July 2026,3560.0,1430,2525.0,102.37814773433907,15.35814773433907,23.24000000000001,1.1888866720892999,Medium
619078,July 2026,3134.0,884,2740.0,75.5258499736557,-2.4741500263443044,-83.52999999999997,-4.7120212105827255,Medium
619307,July 2026,1976.0,731,1461.0,60.296440286720944,-32.44355971327905,105.01999999999998,7.629162550124949,Medium
618530,July 2026,6359.0,912,5448.0,88.23591110452992,-11.684088895470083,0.0,0.0,Medium
618728,July 2026,1218.0,730,911.0,35.73889972189368,-11.891100278106322,130.76,9.122430043463396,Medium
618882,July 2026,852.0,914,914.0,10.588420390182504,-11.671579609817497,-86.69,-16.307067210925304,Small
619154,July 2026,1369.0,731,1157.0,69.95293219692151,-16.15706780307849,0.08999999999991815,0.006026113157008245,Medium
618584,July 2026,546.0,730,730.0,21.169760157090096,1.0297601570900952,-107.28000000000009,-11.142038137177526,Small
619064,July 2026,2099.0,731,2101.0,41.373329713751396,5.143329713751399,742.4999999999998,38.87963806591472,Medium
618942,July 2026,1642.0,547,1581.0,73.81557815845825,-10.884421841541752,-77.32,-34.09772446639619,Small
618637,July 2026,2404.0,730,2282.0,86.54245048987082,-13.157549510129186,18.820000000000164,1.1377994885343525,Medium
618486,July 2026,2007.0,731,1553.0,66.1195430114598,-32.580456988540206,539.1600000000001,30.95311907960457,Medium
619093,July 2026,1246.0,731,1158.0,67.79064136989919,-8.509358630100806,-154.98000000000008,-25.434911048381814,Small
619134,July 2026,1583.0,731,1066.0,67.08981042529624,-22.92018957470377,263.1299999999999,16.028288439750003,Medium
619216,July 2026,1522.0,731,1310.0,70.52704700496946,-10.802952995030537,-368.8600000000001,-24.727160593140812,Medium
618505,July 2026,1430.0,548,1339.0,68.92031379025599,-19.979686209744017,-119.0,-29.049897470950103,Small
618691,July 2026,852.0,730,730.0,27.679934508927584,10.519934508927584,-35.229999999999905,-3.7511845565765416,Small
618723,July 2026,1491.0,731,1372.0,68.27496799233425,-14.475032007665746,-312.31999999999994,-20.095096544225036,Medium
619068,July 2026,1461.0,731,1400.0,50.85447404734105,-25.445525952658947,565.0799999999999,19.347482957794217,Medium
618907,July 2026,1218.0,730,730.0,53.49672117539637,27.066721175396367,-89.46000000000004,-15.657926978681703,Small
619066,July 2026,1734.0,731,1491.0,47.911087378064735,-39.38891262193526,663.8899999999999,21.80964645435969,Medium
618533,July 2026,5813.0,884,4505.0,108.08049890959177,8.080498909591768,7.829999999999927,0.5017976275161932,Medium
618734,July 2026,1218.0,730,730.0,25.03600721660425,0.2760072166042491,164.69000000000005,14.265173366594777,Medium
618909,July 2026,3044.0,974,2496.0,93.23656229541503,-4.413437704584979,119.48000000000002,7.230694747034618,Medium
618948,July 2026,515.0,699,699.0,28.645580301209446,19.995580301209444,0.0,0.0,Small
619205,July 2026,2252.0,912,1734.0,63.44742455658815,-36.55257544341185,700.4100000000001,35.35513636570137,Medium
618516,July 2026,1642.0,913,1673.0,110.9780102356448,25.678010235644805,-321.84000000000015,-23.175631885936497,Medium
618636,July 2026,1218.0,730,973.0,23.008357736784728,-34.61164226321527,32.74000000000001,2.3884734634324283,Medium
618519,July 2026,1583.0,731,1310.0,63.76849655715775,-29.181503442842256,-42.26999999999998,-3.352792804226088,Medium
618581,July 2026,1734.0,731,1553.0,80.078308706922,1.3783087069219988,0.0,0.0,Medium
618631,July 2026,1583.0,912,1369.0,57.65499355051183,-41.85500644948817,-42.25,-2.817173757943096,Medium
618632,July 2026,1611.0,731,1308.0,44.00992280137157,-49.78007719862843,72.0,7.406950188259985,Small
619097,July 2026,3225.0,882,3165.0,97.55590587218246,-2.444094127817536,392.0600000000002,33.19391763749663,Medium
619101,July 2026,1308.0,730,944.0,50.10007278020379,-13.899927219796211,-124.83000000000004,-15.915088927137125,Small
618556,July 2026,1246.0,730,883.0,86.25640101515219,-11.143598984847813,0.0,0.0,Small
618668,July 2026,638.0,730,334.0,36.96555959748666,-12.21444040251334,-149.82000000000005,-15.03462117410939,Small
618941,July 2026,1583.0,730,1005.0,69.65692096463076,-8.50307903536924,219.1400000000001,22.637260472083064,Small
618844,July 2026,3044.0,730,1765.0,45.28491793124806,-53.03508206875193,-195.8699999999999,-14.420125008282344,Medium
618845,July 2026,3044.0,730,1765.0,32.51995197400946,-66.23004802599054,-172.5,-10.859984890455804,Medium
618847,July 2026,3044.0,730,2252.0,55.01712204761067,-30.582877952389325,0.0,0.0,Medium
618711,July 2026,1552.0,731,1369.0,90.78620788172063,-8.503792118279378,-236.62,-29.701876608297244,Small
618783,July 2026,1277.0,730,1309.0,31.954404257777718,-12.455595742222279,0.0,0.0,Medium
618886,July 2026,456.0,730,730.0,42079.99999999999,42057.35999999999,-238.56,-99.95809938825107,Small
618928,July 2026,1246.0,549,1095.0,53.84529616724738,0.005296167247379913,-218.62,-23.353843524334486,Small
618969,July 2026,1703.0,731,1308.0,59.071316464418324,-33.90868353558168,456.35000000000036,21.16700294533734,Medium
619217,July 2026,3865.0,912,3134.0,95.34049516483924,-4.5095048351607545,-36.62999999999988,-2.207796904383039,Medium
617886,July 2026,2221.0,730,1034.0,0.0,-44.46,0.0,0.0,Small
618072,July 2026,1948.0,731,1339.0,52.19512195121951,-47.80487804878049,0.0,0.0,Small
618290,July 2026,2191.0,547,2252.0,50.563352441193906,3.7933524411939032,0.0,0.0,Small
618291,July 2026,2191.0,731,1279.0,37.48867919016038,-2.0513208098396163,182.44000000000003,114.13199874882704,Small
618292,July 2026,2191.0,730,2556.0,72.80493079584775,3.0449307958477476,0.0,0.0,Small
618293,July 2026,2191.0,1096,1096.0,34.46192430460556,7.221924304605562,118.59,51.052563605837534,Small
618296,July 2026,2313.0,731,973.0,81.0701330108827,-17.3198669891173,0.0,0.0,Small
618297,July 2026,2313.0,731,1065.0,0.0,-43.13,0.0,0.0,Small
618328,July 2026,3774.0,731,1096.0,68.3044982698962,-16.015501730103793,231.76999999999998,41.168425166080496,Small
618364,July 2026,1308.0,915,915.0,0.0,-87.0,0.0,0.0,Small
618365,July 2026,1308.0,915,915.0,0.0,-85.67,0.0,0.0,Small
618366,July 2026,1308.0,915,915.0,0.0,-58.5,0.0,0.0,Small
618413,July 2026,1976.0,731,1157.0,56.13003718219274,-39.48996281780727,21.25,11.953647972098778,Small
618414,July 2026,2007.0,731,731.0,52.64196193718088,-43.88803806281912,0.0,0.0,Small
618422,July 2026,1948.0,731,1034.0,62.62289000185495,-37.12710999814505,0.0,0.0,Small
618423,July 2026,3044.0,731,943.0,80.22614578988832,-19.77385421011168,0.0,0.0,Small
619059,July 2026,3044.0,731,1187.0,45.48737576393604,-33.54262423606396,0.0,0.0,Small
617898,July 2026,1218.0,913,913.0,0.16040100250626568,0.16040100250626568,0.0,0.0,Small
617899,July 2026,1583.0,731,1004.0,46.61216789812922,-9.497832101870777,0.0,0.0,Small
617902,July 2026,1218.0,730,730.0,6.587747854394792,-31.41225214560521,0.0,0.0,Small
617904,July 2026,1611.0,914,1340.0,2.843621743864645,-52.156378256135355,0.0,0.0,Small
617905,July 2026,1673.0,731,1461.0,27.30105834798976,-50.69894165201024,0.0,0.0,Small
617918,July 2026,1218.0,548,,3.6909477067906544,3.6909477067906544,0.0,0.0,Small
617920,July 2026,1642.0,730,730.0,1.4935293427688938,-1.5064706572311062,0.0,0.0,Small
617921,July 2026,1583.0,731,1249.0,26.283038876328057,-39.71696112367194,0.0,0.0,Small
617922,July 2026,1764.0,911,911.0,8.955884857775507,-16.04411514222449,0.0,0.0,Small
617923,July 2026,1246.0,730,730.0,34.01295120856575,9.012951208565752,0.0,0.0,Small
617925,July 2026,1611.0,550,1188.0,21.391834402184262,-70.60816559781574,0.0,0.0,Small
617930,July 2026,1948.0,1371,1736.0,30.237635828171015,-39.762364171828985,0.0,0.0,Small
618003,July 2026,1703.0,549,1188.0,16.292316654799663,-73.70768334520034,0.0,0.0,Small
618012,July 2026,1583.0,731,1034.0,24.871327471584813,-35.12867252841519,0.0,0.0,Small
618079,July 2026,1218.0,548,548.0,0.0,-15.0,0.0,0.0,Small
618122,July 2026,1583.0,730,730.0,4.311697367656459,-29.688302632343543,0.0,0.0,Small
618523,July 2026,4260.0,915,2802.0,56.20653561032965,-35.11346438967034,550.15,65.13194501994862,Small
618591,July 2026,852.0,913,913.0,50.49116841409275,-3.708831585907255,-162.43,-43.410749124729406,Small
618592,July 2026,1034.0,546,1064.0,22.585256279354706,-2.4547437206452933,-75.78999999999999,-23.637100798403193,Small
618593,July 2026,487.0,914,914.0,8.474888084871528,-1.4751119151284708,-100.25,-38.07154792647729,Small
618677,July 2026,1764.0,731,1645.0,53.51448274424156,-44.285517255758435,378.74,24.59749959408995,Medium
618678,July 2026,1795.0,700,1522.0,61.22144499339627,-38.378555006603726,369.85000000000014,29.223524206101516,Medium
618680,July 2026,1673.0,731,1400.0,56.928964262562474,-42.97103573743753,420.0999999999999,28.14287819714082,Medium
618704,July 2026,1034.0,944,791.0,99.83069977426638,-0.1693002257336218,-44.54000000000002,-29.524062044279475,Small
618705,July 2026,577.0,730,730.0,24.771867806642554,19.371867806642555,0.0,0.0,Small
618820,July 2026,1218.0,731,1186.0,42.18848223323211,-49.83151776676789,76.70999999999992,8.90072403230297,Small
618821,July 2026,1218.0,731,1066.0,44.66014309764309,-53.559856902356906,29.92999999999995,3.2515997262268135,Small
618822,July 2026,1218.0,731,1127.0,45.88072919661855,-50.86927080338145,-60.45999999999992,-6.501704466023586,Small
618908,July 2026,1552.0,884,1857.0,71.14197530864197,33.141975308641975,-49.93000000000001,-32.50439424516633,Small
619109,July 2026,1948.0,731,1583.0,51.90951885508902,-47.790481144910984,272.6700000000001,24.748584083647987,Medium
619118,July 2026,3590.0,883,3440.0,93.61922739478372,-6.360772605216283,122.86999999999989,4.895141113289027,Medium
619119,July 2026,3195.0,912,3165.0,95.77445663704798,-3.225543362952024,178.9899999999999,17.911179602129437,Small
619157,July 2026,3103.0,912,2799.0,88.28557684005378,-10.714423159946222,15.530000000000086,1.953016926985096,Small
619158,July 2026,3103.0,912,2434.0,79.87571754387898,-6.124282456121023,118.61000000000001,15.032953105196453,Small
619181,July 2026,1218.0,699,1125.0,19.47381970849176,-16.546180291508243,127.46999999999991,14.445011048784623,Small
619213,July 2026,1976.0,731,1614.0,68.52133790385099,-31.468662096149004,279.46000000000015,35.32237066622852,Small
619215,July 2026,3195.0,915,3106.0,92.72599715952842,-6.934002840471578,177.40999999999997,17.894715607064683,Small
618010,July 2026,1218.0,549,549.0,0.0,-45.0,0.0,0.0,Small
618024,July 2026,1948.0,548,1066.0,0.0,-83.0,0.0,0.0,Small
618489,July 2026,2038.0,731,1704.0,80.42240999692582,7.072409996925828,555.6699999999998,30.012368550395085,Medium
618492,July 2026,1948.0,730,850.0,50.739370933459874,23.139370933459873,-195.71000000000004,-11.285449030665792,Medium
618493,July 2026,1673.0,1096,1796.0,40.68307449328771,5.893074493287713,-645.6300000000001,-29.818079372630162,Medium
618551,July 2026,607.0,730,730.0,31.503178994018565,2.493178994018564,23.660000000000082,3.548237129017274,Small
618552,July 2026,1948.0,731,1612.0,57.76625342001209,1.0662534200120888,412.54999999999995,23.509265802010436,Medium
618610,July 2026,2252.0,731,1096.0,54.528360540143,-44.471639459857,529.6500000000001,67.10716367230066,Small
618617,July 2026,1948.0,731,1856.0,65.5113210957065,-6.89867890429349,319.9399999999998,26.02450015454943,Medium
618618,July 2026,1948.0,730,1125.0,53.8676169025448,-20.132383097455197,648.06,31.93719599639261,Medium
618647,July 2026,1856.0,731,1126.0,67.39897307255124,-14.101026927448757,114.00999999999999,12.576805550959172,Small
618648,July 2026,607.0,731,731.0,11.399389280825522,5.609389280825522,0.0,0.0,Medium
618764,July 2026,2252.0,731,1461.0,63.26443437195947,-12.735565628040533,231.58000000000015,22.427100785403713,Medium
618776,July 2026,1583.0,731,1219.0,106.95154286592627,8.291542865926274,63.5,5.1306912293459375,Medium
618785,July 2026,1826.0,731,1399.0,64.04610138116828,-16.203898618831715,314.1100000000001,20.92643668971767,Medium
618786,July 2026,1338.0,730,852.0,36.98854228316454,16.95854228316454,307.40999999999985,25.69501329009176,Medium
618793,July 2026,1218.0,730,1217.0,54.59188549855439,-12.40811450144561,264.15999999999985,18.736346355718204,Medium
618794,July 2026,2038.0,549,1645.0,94.93494646886553,-1.0650535311344669,-108.30000000000001,-20.633287608596255,Small
618795,July 2026,1976.0,731,1583.0,99.53191905048762,16.65191905048762,-246.3499999999999,-16.704299653505288,Medium
618809,July 2026,1795.0,731,1430.0,69.37507109690897,1.1750710969089653,157.48000000000002,19.45374362268533,Small
618810,July 2026,1734.0,731,1369.0,80.60185185185185,-0.29814814814815804,-9.779999999999973,-0.9747054954254591,Medium
618906,July 2026,2038.0,731,1734.0,53.545276313328294,-15.354723686671711,585.5600000000001,68.25424578335723,Small
619099,July 2026,1948.0,730,1095.0,58.378246521625066,-8.151753478374935,371.34000000000015,20.6143102194441,Medium
619105,July 2026,1826.0,730,730.0,45.46610765278079,19.91610765278079,9.529999999999973,0.6128105045880391,Medium
619200,July 2026,1948.0,700,1795.0,69.89803760823897,36.048037608238964,309.95000000000005,18.879244708390438,Medium
619318,July 2026,1887.0,731,1826.0,38.577773277009435,23.267773277009432,13.569999999999936,0.9912996471645277,Medium
617901,July 2026,1642.0,731,1308.0,28.37130541871921,-70.20869458128078,0.0,0.0,Small
618011,July 2026,1673.0,731,1614.0,20.826852031888002,-71.94314796811199,0.0,0.0,Small
618069,July 2026,1583.0,730,730.0,0.0,-72.0,0.0,0.0,Small
618092,July 2026,1246.0,730,730.0,50.216778490298545,-13.303221509701459,0.0,0.0,Small
618117,July 2026,881.0,546,638.0,9.768222609593908,-13.231777390406092,0.0,0.0,Small
618200,July 2026,1583.0,548,1127.0,1.9323975577516206,-48.39760244224838,0.0,0.0,Small
618235,July 2026,546.0,548,548.0,35.64545127651924,-20.554548723480764,0.0,0.0,Small
618457,July 2026,2434.0,730,1949.0,90.90786936039711,-4.342130639602885,-7.809999999999945,-0.6135258489987938,Medium
618458,July 2026,2191.0,914,1857.0,82.54361938447603,-15.73638061552397,0.0,0.0,Medium
618611,July 2026,2707.0,730,1887.0,82.16148207578134,-17.838517924218664,27.789999999999964,5.337763863012112,Small
618612,July 2026,2465.0,730,1826.0,95.25532661823878,-4.744673381761217,-105.97000000000003,-12.517275186335775,Small
618613,July 2026,2465.0,730,1857.0,93.97427104070127,-5.225728959298735,-64.31000000000006,-9.713327694538433,Small
618757,July 2026,1399.0,730,1187.0,45.232073977571716,7.962073977571713,-444.31999999999994,-22.10327330613869,Medium
618758,July 2026,1399.0,730,699.0,46.10971240437687,3.3597124043768716,-525.6199999999999,-29.782532325510235,Medium
618796,July 2026,3072.0,731,2679.0,91.0293001914809,-8.9706998085191,1.7899999999999636,0.21603224794225825,Small
618797,July 2026,487.0,730,730.0,10.14864835710125,-11.07135164289875,-310.69000000000005,-25.102002892438456,Medium
618838,July 2026,1703.0,731,1461.0,90.48501277375823,-9.514987226241772,-223.98000000000002,-30.40108585001697,Small
618853,July 2026,912.0,730,853.0,79.92044418662468,-9.449555813375326,-111.96000000000001,-31.689782054910843,Small
619251,July 2026,487.0,549,,0.0,-17.0,0.0,0.0,Small
619270,July 2026,122.0,884,731.0,0.0,0.0,0.0,0.0,Small
619271,July 2026,122.0,915,915.0,0.10442716205446702,0.10442716205446702,0.0,0.0,Small
618071,July 2026,1734.0,731,1675.0,59.307649683571995,-32.692350316428005,-42.25999999999999,-10.97234843567441,Small
618426,July 2026,3044.0,547,1430.0,33.427836404683156,-53.602163595316846,116.10000000000002,43.837788853647496,Small
618428,July 2026,2007.0,730,1856.0,18.56197826429359,-81.43802173570641,116.10000000000002,43.837788853647496,Small
618446,July 2026,2099.0,1096,1949.0,82.53931786378162,3.4093178637816237,-14.629999999999995,-2.9650196587086044,Small
618447,July 2026,2007.0,1095,2280.0,63.741102030055366,-18.898897969944635,-31.30000000000001,-7.6229907452508545,Small
618448,July 2026,2099.0,1095,2342.0,60.381388253241795,-3.9286117467582073,-30.18999999999994,-3.696176495794506,Small
618449,July 2026,2191.0,912,2161.0,101.95990363807113,15.769903638071128,14.460000000000008,6.274679973963987,Small
618450,July 2026,2191.0,577,2252.0,86.62226775956283,21.472267759562826,0.0,0.0,Small
617962,July 2026,1583.0,699,699.0,48.66382127888645,-45.33617872111355,21.099999999999994,8.82956019584048,Small
618478,July 2026,2007.0,731,1492.0,53.58514435458365,-39.45485564541636,0.0,0.0,Medium
618479,July 2026,2038.0,700,1948.0,23.667300504884924,-29.892699495115078,0.0,0.0,Medium
618480,July 2026,1157.0,547,973.0,33.82135826771653,-4.69864173228347,0.009999999999990905,0.006151953245149741,Small
618481,July 2026,1976.0,731,1553.0,27.383636600632883,-62.586363399367116,0.0,0.0,Medium
618521,July 2026,2891.0,731,2738.0,80.07201471605066,-13.477985283949337,0.0,0.0,Small
618522,July 2026,760.0,638,789.0,32.74880824982975,-5.511191750170248,0.0,0.0,Small
618561,July 2026,852.0,1096,1096.0,28.907521645761808,-18.932478354238196,-173.89999999999998,-19.215681941236916,Small
618563,July 2026,2769.0,730,2344.0,100.39108938392312,0.9710893839231147,0.0,0.0,Small
618608,July 2026,1338.0,731,1218.0,77.57831916543984,-4.271680834560158,-300.80999999999995,-19.23054793732379,Medium
618635,July 2026,1976.0,731,1795.0,30.103470337767778,-14.426529662232223,0.0,0.0,Medium
618744,July 2026,1583.0,731,1277.0,86.59929257200606,-9.350707427993939,-285.37,-26.49748832372304,Medium
618756,July 2026,2769.0,730,2344.0,88.117854082789,-10.00214591721101,-18.449999999999818,-1.6714076060369811,Medium
618800,July 2026,1218.0,912,1947.0,15.48575421931143,-2.6442457806885695,0.0,0.0,Medium
618801,July 2026,1218.0,912,1947.0,19.818664976702987,-2.9813350232970137,0.0,0.0,Medium
618846,July 2026,3044.0,730,1704.0,52.17841205510165,-47.621587944898344,-246.2800000000002,-9.599201755514247,Medium
618894,July 2026,2738.0,730,2100.0,59.965691004610264,-37.68430899538974,0.0,0.0,Medium
618895,July 2026,2738.0,730,2069.0,49.25118612723773,-44.348813872762264,0.0,0.0,Medium
618898,July 2026,546.0,730,730.0,31.652805407089613,-5.967194592910385,-328.71000000000004,-28.259841639657147,Medium
618899,July 2026,3072.0,731,2679.0,74.1701798388388,-25.829820161161194,0.0,0.0,Medium
619045,July 2026,1218.0,912,1947.0,7.28468612885367,-1.2953138711463303,4.809999999999945,0.39903766384602163,Medium
619074,July 2026,6056.0,914,5540.0,90.54289149845216,-9.44710850154783,-891.4300000000001,-53.27790959675347,Medium
619086,July 2026,6117.0,912,5874.0,2.5354578882857646,-97.46454211171424,-961.8800000000001,-77.10893597235918,Medium
619094,July 2026,2707.0,730,1826.0,65.07927773541596,-12.490722264584036,28.539999999999964,2.2950055083348717,Medium
619129,July 2026,2707.0,731,1706.0,61.223053709893506,2.5730537098935073,117.40000000000009,8.628926749672932,Medium
619130,July 2026,2707.0,731,1186.0,54.97455166524339,1.5645516652433926,347.6199999999999,31.145117504233365,Medium
619131,July 2026,3044.0,731,2769.0,77.91074484482905,-21.839255155170946,-13.680000000000064,-1.63321832356348,Small
619139,July 2026,1218.0,912,1947.0,14.879633050116983,-2.3603669498830158,0.0,0.0,Medium
619156,July 2026,365.0,731,731.0,9.148157741371495,9.148157741371495,0.0,0.0,Medium
619161,July 2026,852.0,730,820.0,14.569207341508376,-31.74079265849163,-128.39999999999986,-9.3307172443863,Medium
619222,July 2026,1583.0,731,1430.0,85.05030871255433,-12.869691287445676,231.68999999999994,49.507468108292905,Small
617913,July 2026,3103.0,731,2953.0,159.7638842700366,67.14388427003661,17.55000000000001,6.198128200600393,Small
617936,July 2026,3560.0,730,,0.0,-100.0,-70.73000000000002,-27.84755305326982,Small
617939,July 2026,1218.0,730,761.0,0.0,-45.85,0.0,0.0,Medium
617940,July 2026,1948.0,731,1614.0,53.26631322118472,-30.203686778815282,0.0,0.0,Small
617980,July 2026,3044.0,731,3440.0,3.8930372072244555,-50.366962792775546,0.0,0.0,Small
617983,July 2026,1948.0,731,1492.0,63.50146393398989,-27.49853606601011,-16.629999999999995,-5.242914341561838,Small
617994,July 2026,3072.0,518,2740.0,96.7470206901906,8.527020690190596,-36.51999999999998,-12.41627851630231,Small
617995,July 2026,3468.0,730,3501.0,58.373333333333335,-40.82666666666667,0.0,0.0,Small
618001,July 2026,2983.0,730,1826.0,64.75477659094328,-27.345223409056715,49.349999999999994,22.79129912714173,Small
618025,July 2026,3044.0,548,3014.0,73.60772304977424,-22.392276950225764,0.0,0.0,Small
618091,July 2026,1583.0,731,1124.0,29.72630511910796,-16.27369488089204,0.0,0.0,Small
618104,July 2026,1583.0,731,1127.0,69.95116669862071,-20.098833301379287,0.0,0.0,Small
618105,July 2026,1583.0,731,1127.0,19.848295301588305,-26.781704698411698,0.0,0.0,Small
618106,July 2026,1642.0,549,-61.0,43.29382673942701,-47.396173260572986,0.0,0.0,Small
618130,July 2026,1369.0,730,944.0,30.512099731117083,-48.55790026888291,0.0,0.0,Small
618140,July 2026,1369.0,699,699.0,4.109834888729361,-9.220165111270639,0.0,0.0,Small
618141,July 2026,1642.0,731,1461.0,43.64550864267498,-34.20449135732501,0.0,0.0,Small
618182,July 2026,1369.0,730,1034.0,41.425942226134275,-27.47405777386573,0.0,0.0,Small
618183,July 2026,1369.0,730,730.0,36.60058645146738,-33.999413548532615,0.0,0.0,Small
618186,July 2026,1642.0,731,1370.0,59.308549373725604,-35.661450626274394,0.0,0.0,Small
618190,July 2026,1583.0,731,1249.0,62.60842578943285,-35.991574210567144,0.0,0.0,Small
618196,July 2026,1642.0,640,1461.0,0.0,-85.0,0.0,0.0,Small
618197,July 2026,1642.0,731,1430.0,43.50019270443674,-30.55980729556326,0.0,0.0,Small
618746,July 2026,2007.0,731,1461.0,51.19879148656127,-46.061208513438736,539.82,67.70091301294272,Small
618765,July 2026,1583.0,731,1127.0,51.180972527759785,-41.21902747224022,339.6500000000001,15.820780116076506,Medium
618811,July 2026,1218.0,730,822.0,17.914986673956122,12.284986673956123,-13.069999999999936,-1.1041555786467916,Medium
618812,July 2026,1277.0,730,913.0,18.37333356614662,9.33333356614662,16.080000000000155,1.4238530810303593,Medium
618813,July 2026,1218.0,730,1034.0,14.640441196446522,3.360441196446523,-23.63000000000011,-2.095043886869413,Medium
618814,July 2026,1218.0,730,1065.0,14.041654248698304,13.541654248698304,-1.7799999999999727,-0.15578505163661585,Medium
618815,July 2026,1218.0,730,1064.0,37.723776901699736,-39.92622309830027,-9.77000000000021,-0.8939682307298339,Medium
618816,July 2026,1218.0,730,730.0,15.325349483174719,5.21534948317472,-7.2000000000000455,-0.65143632662294,Medium
618817,July 2026,1218.0,730,822.0,26.52060746017456,-19.36939253982544,48.50999999999999,4.983306795418356,Small
618944,July 2026,1734.0,730,911.0,35.40857947131285,11.208579471312849,259.63,27.07694553949482,Small
618945,July 2026,2007.0,851,1673.0,54.236802967037754,-45.74319703296225,457.81999999999994,39.83918828371781,Medium
619009,July 2026,1338.0,701,670.0,0.0,0.0,0.0,0.0,Small
619128,July 2026,2007.0,731,1430.0,53.39126359969032,-44.62873640030968,365.86,59.41407645587711,Small
619165,July 2026,4625.0,3259,4658.0,44.504021447721186,-55.495978552278814,-158.53,-89.47398126199346,Small
619193,July 2026,4199.0,731,4199.0,112.04229138044322,29.282291380443212,39.349999999999966,13.317764916912026,Small
619253,July 2026,638.0,730,730.0,0.0,-55.62,0.0,0.0,Small
619265,July 2026,546.0,731,731.0,0.0,0.0,0.0,0.0,Small
618307,July 2026,1611.0,731,1096.0,45.02057433023989,-9.539425669760114,0.0,0.0,Small
618350,July 2026,943.0,730,911.0,43.946733864836105,-4.353266135163892,0.0,0.0,Small
618367,July 2026,912.0,730,912.0,13.79144311459623,4.29144311459623,0.0,0.0,Small
618368,July 2026,912.0,730,972.0,27.312565210910723,12.612565210910724,0.0,0.0,Small
618369,July 2026,912.0,730,911.0,45.93052448988907,-14.76947551011093,0.0,0.0,Small
618370,July 2026,912.0,730,1004.0,61.45722358608552,-1.6927764139144799,0.0,0.0,Small
618385,July 2026,2342.0,546,546.0,38.46815341397695,-14.671846586023051,0.0,0.0,Small
618411,July 2026,1277.0,550,1249.0,48.757336055116106,-23.722663944883898,0.0,0.0,Small
618417,July 2026,1218.0,1095,1095.0,22.81977246366082,13.61977246366082,0.0,0.0,Medium
617963,July 2026,1642.0,730,730.0,21.428165330604354,-17.571834669395646,55.75999999999999,18.836565096952906,Small
617964,July 2026,1308.0,730,730.0,13.53873978619643,-17.55126021380357,0.0,0.0,Small
618009,July 2026,2404.0,547,2252.0,0.0,-95.0,27.840000000000032,8.701087635954504,Small
618054,July 2026,1308.0,549,852.0,24.927766681533477,-31.072233318466523,0.0,0.0,Small
618055,July 2026,1369.0,517,974.0,29.737531642758803,-48.2624683572412,0.0,0.0,Small
618056,July 2026,1642.0,549,1005.0,24.889558647454685,-37.110441352545315,-25.22999999999996,-4.950456195428227,Small
618057,July 2026,1369.0,547,1126.0,16.59711584174106,-37.40288415825894,0.0,0.0,Small
618063,July 2026,2313.0,550,1371.0,33.563138144689766,-60.436861855310234,81.39999999999998,31.024888516217548,Small
618066,July 2026,1308.0,730,730.0,13.629958430212074,-34.37004156978793,0.0,0.0,Small
618067,July 2026,1157.0,730,730.0,2.2360305624597254,-7.083969437540275,0.0,0.0,Medium
618075,July 2026,1673.0,731,1124.0,27.160733214405752,-49.83926678559425,-67.34999999999991,-8.008990046733963,Small
618081,July 2026,1218.0,731,1034.0,22.475785755677585,-32.524214244322415,-75.85000000000002,-17.307867834976275,Small
618082,July 2026,1948.0,547,1400.0,0.0,-95.0,-3.590000000000032,-0.9074364288964237,Small
618111,July 2026,1795.0,548,974.0,41.168124167487115,-54.831875832512885,-58.02000000000004,-14.384172947243169,Small
618112,July 2026,1583.0,549,730.0,0.9556164383561645,-7.044383561643835,0.0,0.0,Small
618113,July 2026,1583.0,549,730.0,13.633348640236745,-37.08665135976325,0.0,0.0,Small
618114,July 2026,1218.0,912,912.0,0.0,-4.0,0.0,0.0,Medium
618116,July 2026,1338.0,730,730.0,10.292603065932429,-30.157396934067574,0.0,0.0,Medium
618124,July 2026,1642.0,547,1004.0,25.89800314373872,-47.10199685626128,0.0,0.0,Small
618162,July 2026,1157.0,730,730.0,0.0,-20.0,0.0,0.0,Medium
618163,July 2026,1218.0,548,913.0,27.82539498333858,-31.67460501666142,-206.05999999999995,-25.463083101637313,Small
618164,July 2026,1583.0,730,791.0,0.0,-100.0,15.639999999999873,1.3699230075240545,Medium
618166,July 2026,1642.0,731,1004.0,0.005733451824671044,-99.99426654817533,0.0,0.0,Small
618168,July 2026,1583.0,731,1096.0,13.924168652232465,-42.07583134776753,47.389999999999986,5.162815526576678,Small
618169,July 2026,1583.0,731,1035.0,44.92998871856129,-53.07001128143871,-37.41999999999996,-5.845231028773152,Small
618187,July 2026,1157.0,730,730.0,2.8126484717309825,-6.247351528269018,0.0,0.0,Small
618233,July 2026,2922.0,1095,2038.0,0.029343323711452766,-90.97065667628854,-482.8399999999999,-24.783267034518154,Medium
618240,July 2026,2282.0,547,1430.0,0.0,-100.0,0.0,0.0,Small
618243,July 2026,1308.0,730,730.0,0.006147253056062949,-36.66385274694394,0.0,0.0,Medium
618244,July 2026,1583.0,730,730.0,0.0,-55.0,0.0,0.0,Medium
618247,July 2026,852.0,1096,1096.0,0.0,-7.0,0.0,0.0,Medium
618248,July 2026,1157.0,730,730.0,0.0,-22.0,0.0,0.0,Medium
618249,July 2026,1218.0,730,730.0,0.0,-40.0,0.0,0.0,Medium
618252,July 2026,1642.0,911,911.0,0.08924520864786072,-57.91075479135214,370.41999999999985,38.02338352888038,Small
618260,July 2026,1583.0,730,730.0,0.0,-35.0,0.0,0.0,Medium
618262,July 2026,1218.0,699,699.0,0.0,-10.0,0.0,0.0,Medium
618263,July 2026,1218.0,546,577.0,22.310347778950675,-58.869652221049336,0.0,0.0,Small
618264,July 2026,1157.0,882,882.0,10.776677368977523,-30.223322631022477,0.0,0.0,Medium
618265,July 2026,2282.0,731,1614.0,0.0766690257136117,-91.92333097428639,-2.9399999999999977,-1.7043478260869553,Small
618266,July 2026,2282.0,731,1400.0,0.0,-99.0,14.920000000000016,4.587381625876281,Small
618267,July 2026,1218.0,731,731.0,0.0,0.0,0.0,0.0,Medium
618499,July 2026,1673.0,881,1277.0,39.66561517442249,-60.33438482557751,-29.670000000000073,-1.5038470505945478,Medium
618500,July 2026,1764.0,731,1614.0,40.76366926777699,-37.23633073222301,34.799999999999955,3.2180804335161186,Medium
618529,July 2026,3134.0,1096,2799.0,95.55836870996256,-1.3016312900374345,-159.04999999999995,-7.98560031329862,Medium
618536,July 2026,1246.0,912,912.0,22.342638572003757,-16.857361427996246,-411.3699999999999,-25.654025805566462,Medium
618537,July 2026,1277.0,913,1158.0,36.56018906762217,-25.58981093237783,-442.04999999999995,-25.205987170349246,Medium
618538,July 2026,1034.0,911,911.0,25.278899489682715,-9.521100510317282,-665.9300000000001,-37.1471762947096,Medium
618539,July 2026,699.0,914,914.0,4.895566075235789,-15.50443392476421,17.50999999999999,1.607292020451436,Medium
618540,July 2026,699.0,699,882.0,25.79978515525091,-24.050214844749092,-111.96000000000004,-10.277122479140086,Medium
618554,July 2026,1461.0,550,1249.0,79.87886944818304,-14.121130551816961,-91.67999999999995,-10.426949935172754,Small
618566,July 2026,1246.0,731,1096.0,83.21172575616342,9.431725756163416,-729.54,-36.95782125452132,Medium
618567,July 2026,699.0,914,914.0,15.574212893553224,-17.955787106446778,-455.09000000000015,-19.878654983532375,Medium
618568,July 2026,699.0,914,914.0,16.062630795996068,-23.437369204003932,-558.0800000000002,-21.961883099251125,Medium
618669,July 2026,1369.0,730,730.0,40.273461341489934,-21.49653865851007,-207.5,-12.707219537885885,Medium
618690,July 2026,852.0,730,730.0,35.03194537548422,13.78194537548422,22.309999999999945,1.34124493501184,Medium
618710,July 2026,2129.0,914,1918.0,92.0593931568754,-7.940606843124598,-113.00999999999999,-5.6426285331961905,Medium
618722,July 2026,1491.0,731,1400.0,60.86489519458138,-7.335104805418624,-596.04,-32.33039884139098,Medium
618761,July 2026,1734.0,731,1277.0,88.56535035234675,-8.414649647653249,-14.159999999999968,-1.4275776547802648,Small
618768,July 2026,760.0,731,976.0,23.686864057200477,19.726864057200476,0.0,0.0,Medium
618782,July 2026,1246.0,730,1095.0,44.656921112657265,-19.46307888734274,0.0,0.0,Medium
618798,July 2026,1673.0,731,1280.0,58.3722637040032,-30.627736295996797,-280.07000000000016,-10.959499119546082,Medium
618842,July 2026,577.0,731,183.0,15.582346878220946,15.582346878220946,0.0,0.0,Medium
618843,July 2026,515.0,546,546.0,32.99854791868345,10.20854791868345,-32.31999999999999,-16.356275303643724,Small
618848,July 2026,515.0,730,730.0,0.013858093126385806,-21.986141906873613,0.0,0.0,Small
618856,July 2026,1399.0,731,1216.0,42.86951644036758,-25.930483559632414,110.47000000000003,10.026411566632483,Medium
618858,July 2026,1399.0,731,1155.0,38.723386438336085,-31.836613561663917,0.0,0.0,Small
618859,July 2026,1764.0,731,1400.0,70.46296129043911,-28.867038709560887,-22.049999999999955,-3.830385991731223,Small
618866,July 2026,577.0,730,730.0,43.69583977562834,9.195839775628343,-964.56,-46.44005777563794,Medium
618867,July 2026,1218.0,730,944.0,30.516727683942563,-9.483272316057437,-72.5,-3.608562995555246,Medium
618868,July 2026,1218.0,730,913.0,46.184529457528186,-30.815470542471814,-65.80999999999995,-2.874401621300532,Medium
618869,July 2026,577.0,913,913.0,33.17572301948556,16.77572301948556,747.5699999999999,66.62715459617475,Medium
618883,July 2026,1369.0,731,1127.0,91.64276806006622,-8.357231939933783,-126.88000000000011,-7.435231794288802,Medium
618884,July 2026,1369.0,731,1035.0,59.16854755078387,-39.231452449216135,-182.21000000000004,-12.198975663642756,Medium
618885,July 2026,1369.0,731,1249.0,52.11103420640414,-38.45896579359585,-68.86000000000001,-11.144558814009194,Small
618893,July 2026,4109.0,913,3409.0,99.41018226806496,2.0601822680649633,509.02,17.15818959560174,Medium
618911,July 2026,1673.0,550,1372.0,57.9574494771334,-5.8325505228665975,-8.43999999999994,-1.3059557151035854,Small
618923,July 2026,1218.0,730,944.0,48.335370057028264,-21.78462994297174,394.9200000000001,18.298582151793166,Medium
618924,July 2026,1734.0,549,944.0,51.582661290322584,-4.317338709677415,-89.67,-47.47710065124159,Small
618925,July 2026,1976.0,546,1734.0,89.62269791915809,-9.39730208084191,33.900000000000034,11.278195488721817,Small
618927,July 2026,1369.0,730,1187.0,51.93725033729266,-2.612749662707337,-116.76999999999998,-5.818658374941449,Medium
618929,July 2026,1338.0,731,1187.0,61.417164802499535,-21.642835197500467,1.6199999999998909,0.08795170257122409,Medium
618960,July 2026,1065.0,913,1278.0,44.55945693813143,-0.08054306186856763,-369.89,-26.852073669156667,Medium
618961,July 2026,515.0,730,730.0,14.032907790047497,-10.517092209952503,-276.97,-35.69477021419182,Small
618968,July 2026,1948.0,731,1430.0,96.89304199812416,-2.3469580018758336,11.159999999999854,0.7814086361058301,Medium
618970,July 2026,1948.0,731,1430.0,93.87664934325808,-4.183350656741922,-0.06999999999993634,-0.005241678834844909,Medium
619162,July 2026,1642.0,548,1339.0,77.77914976186277,-22.22085023813723,-11.120000000000005,-1.9238088647451654,Small
619168,July 2026,1948.0,731,1430.0,95.01648931198847,-4.273510688011541,-104.53999999999996,-6.523638360541159,Medium
619194,July 2026,487.0,518,518.0,0.0,-12.0,0.0,0.0,Small
619308,July 2026,2068.0,730,1765.0,97.14265202096345,-1.7773479790365485,-0.5,-0.05979144743135942,Small
617888,July 2026,1277.0,366,881.0,0.0,-99.0,0.0,0.0,Small
617889,July 2026,1338.0,366,1126.0,0.0,-98.5,0.0,0.0,Small
617890,July 2026,515.0,699,,0.0,-8.5,0.0,0.0,Small
617929,July 2026,3072.0,731,3136.0,46.31987389353704,-27.180126106462957,0.0,0.0,Small
617967,July 2026,1976.0,912,1277.0,43.25075432745752,-55.74924567254248,0.0,0.0,Small
617968,July 2026,3409.0,730,2220.0,101.74031368617061,6.740313686170609,0.0,0.0,Small
617974,July 2026,426.0,913,,0.0,-53.74,0.0,0.0,Small
618039,July 2026,912.0,913,,0.0,-31.75,0.0,0.0,Small
618040,July 2026,1583.0,730,,0.0,-42.0,0.0,0.0,Small
618041,July 2026,1611.0,730,,0.0,-2.0,0.0,0.0,Small
618119,July 2026,1583.0,914,,0.0,-67.0,0.0,0.0,Small
618207,July 2026,1369.0,1461,1827.0,0.0,-21.03,0.0,0.0,Small
618209,July 2026,1583.0,1096,1795.0,0.0,-37.23,0.0,0.0,Small
618210,July 2026,2129.0,730,1673.0,0.0,-81.17,0.0,0.0,Small
618211,July 2026,1522.0,730,972.0,0.0,-37.19,0.0,0.0,Small
618212,July 2026,912.0,547,,0.0,-22.0,0.0,0.0,Small
618213,July 2026,3044.0,731,2738.0,0.0,-96.46,0.0,0.0,Small
618214,July 2026,3044.0,912,1978.0,0.0,-100.0,0.0,0.0,Small
618218,July 2026,1369.0,731,1400.0,0.0,-80.0,0.0,0.0,Small
618219,July 2026,1369.0,730,944.0,0.0,-76.67,0.0,0.0,Small
618390,July 2026,3044.0,1461,3165.0,60.87961959270983,-15.150380407290172,0.0,0.0,Medium
618391,July 2026,943.0,548,975.0,40.3187792114409,-47.80122078855911,0.0,0.0,Small
618392,July 2026,943.0,547,761.0,0.0,-68.45,0.0,0.0,Small
618393,July 2026,943.0,548,-121.0,54.37973047812442,-45.59026952187558,0.0,0.0,Small
618875,July 2026,1703.0,549,1583.0,84.20941524171415,13.789415241714153,-41.809999999999974,-22.732709873858187,Small
619142,July 2026,1491.0,550,1492.0,90.25779502974558,15.017795029745585,20.039999999999992,9.236299949301744,Small
619155,July 2026,1703.0,731,1492.0,54.096173159443495,-26.263826840556504,-179.0,-11.167329011972123,Medium
619221,July 2026,334.0,457,457.0,0.055342530734869756,0.055342530734869756,0.0,0.0,Small
619292,July 2026,1583.0,731,1277.0,68.91655011655011,-24.983449883449893,-20.40000000000009,-1.866593466922874,Medium
619293,July 2026,943.0,730,730.0,56.88944261517012,-5.900557384829881,-378.86,-52.91562495635292,Small
619294,July 2026,426.0,912,912.0,2.797599113836008,-2.3324008861639918,-332.47999999999996,-46.13484673983931,Small
619295,July 2026,1246.0,700,700.0,2.0077603320700237,2.0077603320700237,-77.50999999999999,-10.440041485392562,Small
617893,July 2026,973.0,912,912.0,0.04920775514221041,0.04920775514221041,0.0,0.0,Small
617894,July 2026,1218.0,730,1156.0,44.94316383905751,-22.33683616094249,0.0,0.0,Small
617931,July 2026,3774.0,731,1522.0,14.866132640542688,-2.2138673594573106,-17.30000000000001,-11.098992750368904,Small
617960,July 2026,3621.0,730,3621.0,74.3853021978022,-11.174697802197798,20.029999999999973,7.386510307187363,Small
618227,July 2026,1583.0,915,1461.0,55.776057401812686,-19.203942598187318,64.16000000000008,6.44798199067375,Small
618427,July 2026,2221.0,912,2252.0,97.96186719263643,1.9818671926364289,-37.24000000000001,-11.973506526911457,Small
618429,July 2026,2221.0,547,2130.0,105.84949063424254,8.629490634242543,50.20999999999998,14.537610747582367,Small
618430,July 2026,3044.0,913,2496.0,64.99727006502208,-34.232729934977925,0.0,0.0,Small
618431,July 2026,3044.0,912,2252.0,86.47498057235529,-11.255019427644712,0.0,0.0,Small
618572,July 2026,487.0,730,730.0,1.558721652179596,-2.111278347820404,-3.9700000000000273,-1.2806864737572266,Small
618574,July 2026,973.0,912,912.0,47.905560578192066,-13.194439421807935,-856.1500000000001,-47.08104659987023,Medium
618808,July 2026,1218.0,913,1278.0,36.00502032233129,-3.9849796776687114,-9.450000000000045,-0.7793428778782119,Medium
618823,July 2026,881.0,549,1156.0,28.25716677733191,-15.262833222668093,-5.6200000000000045,-1.5965455526831638,Small
618824,July 2026,852.0,549,1065.0,32.68433296247598,-22.10566703752402,-3.359999999999985,-1.6708105420188888,Small
618825,July 2026,2891.0,1096,2831.0,97.21095805602849,0.5009580560284945,24.06000000000006,3.8679184618352616,Small
619004,July 2026,1218.0,730,730.0,0.05527915975677171,-7.944720840243228,0.0,0.0,Small
619187,July 2026,881.0,730,730.0,13.922637420371705,-20.54736257962829,0.0,0.0,Small
709859,July 2026,4291.0,671,3075.0,95.6607574536664,-2.339242546333594,0.0,0.0,Small
701598,July 2026,2495.0,546,2099.0,92.66873545384018,-7.171264546159819,-791.5,-81.43339232067163,Small
617413,July 2026,1552.0,365,944.0,19.99363260108246,-79.31636739891755,0.0,0.0,Medium
701599,July 2026,2983.0,546,1887.0,81.40919616275222,-8.57080383724778,-972.9699999999999,-61.67523469640016,Medium
701602,July 2026,1703.0,549,1706.0,76.48849586845321,-4.981504131546785,-2236.3900000000003,-60.68900949796473,Medium
701597,July 2026,2038.0,547,1796.0,86.0313787867833,-13.808621213216696,-978.87,-77.96716819727756,Medium
704495,July 2026,2404.0,365,1918.0,66.812265222329,-32.777734777671,-192.70999999999998,-45.70378275821179,Small
108841,July 2026,1065.0,1096,,11.633083912346338,3.4830839123463377,0.0,0.0,Medium
124199,July 2026,1065.0,1096,,9.997610513739547,9.997610513739547,0.0,0.0,Small
171218,July 2026,1065.0,1095,,0.0,-26.58,0.0,0.0,Medium
175860,July 2026,1126.0,1096,,11.372243576775237,2.972243576775236,0.0,0.0,Medium
210914,July 2026,1065.0,1095,,13.345878136200717,-1.7841218637992835,0.0,0.0,Medium
240484,July 2026,1065.0,1096,,9.995192307692308,9.995192307692308,0.0,0.0,Small
317725,July 2026,1065.0,1096,,0.0,0.0,0.0,0.0,Medium
400013,July 2026,1461.0,701,1704.0,56.66803526834554,-31.031964731654462,-10923.16,-41.50767593859249,Large
437130,July 2026,1065.0,1096,,10.490438001233807,2.2104380012338076,0.0,0.0,Medium
462136,July 2026,1065.0,1461,,0.0,0.0,0.0,0.0,Small
476006,July 2026,1065.0,1095,,11.527089783281735,-11.652910216718265,0.0,0.0,Medium
547243,July 2026,3287.0,2007,,93.31287745957529,-0.017122540424708177,0.0,0.0,Large
660056,July 2026,1065.0,1096,,12.411764705882353,10.781764705882352,0.0,0.0,Small
665021,July 2026,1065.0,1096,,11.524986271279516,-9.015013728720483,0.0,0.0,Medium
701593,July 2026,2068.0,1216,1946.0,46.779501837484695,-51.78049816251531,-8874.0,-31.174032178739548,Large
706775,July 2026,3287.0,4322,2708.0,384.0561019749784,284.07610197497837,-48400.0,-79.20273609451964,Large
709856,July 2026,1157.0,458,1188.0,63.227566536977044,-28.87243346302295,0.0,0.0,Small
709857,July 2026,1157.0,731,1188.0,37.34389100635375,-61.21610899364625,0.0,0.0,Large
914467,July 2026,1065.0,1096,,14.37225806451613,-3.387741935483872,0.0,0.0,Medium
938832,July 2026,1065.0,1096,,10.001056710109193,10.001056710109193,0.0,0.0,Medium
946208,July 2026,1065.0,1096,,0.0,0.0,0.0,0.0,Small
976009,July 2026,1065.0,1096,,10.554794520547945,9.944794520547946,0.0,0.0,Medium
222253,July 2026,1065.0,1095,,10.023961661341852,2.373961661341852,0.0,0.0,Large
708687,July 2026,1065.0,1095,,0.0,-7.2,0.0,0.0,Medium
616600,July 2026,3195.0,1068,1736.0,30.649180962520262,-66.35081903747974,0.0,0.0,Small
616611,July 2026,3256.0,2345,2619.0,48.94902912621359,-10.050970873786412,0.0,0.0,Small
616612,July 2026,3256.0,2345,,30.162897959888756,-24.837102040111244,0.0,0.0,Small
616615,July 2026,5966.0,2588,3197.0,113.80509432322003,16.805094323220032,0.0,0.0,Small
616616,July 2026,5966.0,2649,3197.0,113.52272354926438,18.522723549264384,0.0,0.0,Small
616594,July 2026,2252.0,731,1340.0,24.771742356782426,-59.228257643217574,0.0,0.0,Small
616605,July 2026,2252.0,30,850.0,5.0368461438230225,-51.96315385617698,0.0,0.0,Small
616604,July 2026,2983.0,1186,1704.0,65.94713371679701,-28.052866283202988,0.0,0.0,Small
400100,July 2026,7761.0,5082,7456.0,85.91825964583089,-9.961740354169109,670.19,189.8286361705141,Small
400101,July 2026,7761.0,5357,8004.0,89.58832217267239,-8.711677827327605,299.97999999999996,75.48375732870333,Small
701415,July 2026,6390.0,4534,5964.0,50.33684753623251,-35.813152463767494,45397.83,447.2234372044637,Large
701370,July 2026,11048.0,9496,10682.0,17.45003123048095,-37.98996876951905,0.0,0.0,Small
400111,July 2026,6665.0,4261,6635.0,85.29792033450704,12.29792033450704,267.06999999999994,58.06248233580449,Small
701399,July 2026,6300.0,5844,5934.0,65.14949383975515,-21.16050616024485,0.0,0.0,Small
701372,July 2026,11048.0,8644,10926.0,95.68095772540217,1.9809577254021633,12694.330000000002,61.2714829543343,Large
701376,July 2026,5570.0,2891,5173.0,63.05359942711476,-6.9464005728852385,5771.8099999999995,151.57979604860589,Medium
701377,July 2026,4474.0,2070,4352.0,94.3669952119148,-4.953004788085195,835.91,108.53718707800977,Small
400115,July 2026,6665.0,3986,6268.0,91.11994179213075,16.119941792130746,142.32000000000005,18.949975367162438,Small
400116,July 2026,7031.0,4627,7184.0,162.24619561334572,80.72619561334572,170.54999999999995,13.87544237887971,Medium
617422,July 2026,8827.0,3833,,17.61660455034541,-31.98339544965459,0.0,0.0,Medium
701383,July 2026,11048.0,8644,10926.0,93.40293771431496,3.8329377143149657,699.52,66.05539240219454,Medium
701386,July 2026,6665.0,4261,7366.0,113.07241133585484,40.42241133585483,5573.63,77.44949954630535,Large
701391,July 2026,6300.0,3621,5995.0,117.83593951662206,17.835939516622062,1261.69,599.52007602756,Small
701396,July 2026,6665.0,4261,6635.0,207.06760316066726,142.06760316066726,1224.73,478.4662265109192,Small
701398,July 2026,6300.0,3896,6270.0,112.52797851250239,37.527978512502386,570.39,269.7389577225007,Small
701400,July 2026,10683.0,8279,10836.0,101.42297392220566,2.4229739222056565,372.79999999999995,25.72027817639916,Medium
701412,July 2026,3256.0,59,2342.0,14.231762905428754,-32.76823709457125,808.4900000000002,49.83695685675013,Medium
701530,July 2026,,2557,,40.56519258202568,40.56519258202568,0.0,0.0,Large
603945,July 2026,10683.0,8004,10378.0,93.98170599153859,31.13170599153859,2423.0200000000004,427.3177786007796,Small
701402,July 2026,11170.0,8004,10286.0,118.5731839804989,23.073183980498897,3967.3099999999995,129.82545126117515,Medium
701404,July 2026,8492.0,5813,8187.0,121.85218660919139,42.35218660919139,1311.8500000000004,132.5864386566003,Small
701410,July 2026,3803.0,1157,2983.0,96.01813042206842,1.018130422068424,1020.8999999999999,70.8338537113359,Medium
701411,July 2026,5994.0,1522,2983.0,81.08185734801341,-6.918142651986585,429.8899999999999,18.806899961064126,Medium
400102,July 2026,11048.0,5357,7549.0,102.27399538884268,5.273995388842678,213.74,29.03563229320908,Small
400103,July 2026,11048.0,5082,7639.0,75.60626185798532,-16.393738142014683,4608.79,346.1871854578232,Medium
701405,July 2026,7396.0,4992,7184.0,32.86551255940258,-54.83448744059742,6529.290000000001,79.61859399978785,Large
701408,July 2026,6665.0,4261,6453.0,103.58891698606134,21.198916986061334,3356.54,316.45469373132073,Medium
613787,July 2026,1004.0,2039,,50.5843427111954,24.3643427111954,0.0,0.0,Medium
