project_code,project_name,time_risk_probability,time_overrun_predicted,time_overrun_months_predicted,time_risk
612786,"Construction of New Domestic Terminal Building Building and miscellaneous works including maintenance, operations and AICMC at Kadapa Airport",0.894,1,10.8,HIGH
701107,Construction of New Integrated Terminal Building and associated works including apron to park 3 code E type of aircraft or 6 code C type of aircraft at Vijayawada Airport.,0.973,1,29.5,HIGH
701121,Construction of New Domestic Terminal Building at Rajahmundry Airport.,0.942,1,12.7,HIGH
706724,Guwahati Airport New Integrated Terminal Building Construction Project,0.949,1,15.0,HIGH
612183,Development of New Civil Enclave at Bihta,0.319,0,-0.4,LOW
612194,Development of New Civil Enclave and associated works at Darbhanga Airport,0.853,1,0.4,HIGH
701101,"Construction of New Domestic Terminal Building [Phase-I and II] and other allied structures at JPNI Airport, Patna",0.943,1,8.8,HIGH
619054,Development of Keshod Airport.,0.675,1,2.0,MEDIUM
701126,"Development of Dholera International Greenfield Airport , Gujarat",0.878,1,3.0,HIGH
611047,"Construction of NTB complex including apron, taxi track and other associated civil works and electrical & mechanical installations towards Tawi River side at CA Jammu.",0.882,1,7.6,HIGH
612787,Construction of New Domestic Terminal Building and Miscellaneous works at Hubli Airport,0.938,1,7.1,HIGH
612788,Construction of New Domestic Terminal Building and Miscellaneous Works at Belagavi Airport.,0.955,1,8.0,HIGH
612789,"Development of additional RESA on either end on Runway 10-28 at Calicut Airport. Construction of embankment with slope protection, drainage system and associated works for additional RESA on either end on Runway 10-28",0.903,1,14.0,HIGH
400010,"Construction of Terminal Building & Associated works at Leh Airport, Ladakh",0.983,1,54.9,HIGH
706718,C/o NITB Imphal Airport,0.924,1,23.6,HIGH
611570,"SITC of ATM Automation System and ASMGCS [Including SMR & MLAT] for Mumbai, Navi Mumbai, Jewar [earlier MOPA, without ASMGCS], HIAL & BIAL",0.938,1,11.0,HIGH
618977,"Development of New Greenfield Airport at Bundi, Kota Rajasthan.",0.244,0,-8.4,LOW
701127,Construction of New Passenger Terminal Building for Domestic Operations at Jodhpur Airport.,0.953,1,9.3,HIGH
701128,Construction of New Integrated Passenger Terminal Building at Udaipur Airport,0.885,1,4.7,HIGH
612793,"Widening of basic strip at Western Side of Runway Chainage 80m to 920m i/c slope stabilization Measures [Balance work] of uphill and Improvement of Storm Water Drainage System at Pakyong Airport, Sikkim on design & build basis [EPC] with integrated 10 years maintenance.",0.656,1,9.5,MEDIUM
611602,"Modernization of Chennai Airport, Phase II, Part 2",0.971,1,49.3,HIGH
701113,"Development of Lal Bahadur Shastri International airport, Varanasi including C/o New Terminal Building, Apron Extension, Runway Extension, PTT and allied works.",0.269,0,-10.4,LOW
701122,Development of New Integrated Civil Enclave at Agra Airport,0.49,0,-5.4,MEDIUM
611495,Development of New Civil Enclave at Bagdogra Airport,0.496,0,3.9,MEDIUM
612791,"Re-Construction of Rigid portions of Secondary Runway, K and A Taxiway and Strengthening of C Taxiway at NSCBI Airport Kolkata.",0.923,1,16.6,HIGH
615820,TIKAK EXTENSION OCP,0.163,0,0.4,LOW
615821,TIRAP OCP,0.011,0,0.0,LOW
400144,PORDA CHIMTAPANI OCP [10 MTY],0.029,0,4.4,LOW
400149,BAROUD OC EXPANSION [3.0-10.0M,0.147,0,7.1,LOW
400354,DIPKA EXPANSION OCP [40 MTY],0.195,0,9.6,LOW
400424,GEVRA OC [70 MTY],0.909,1,47.3,HIGH
613798,AMERA OC RCE [1.0 MTY],0.219,0,24.0,LOW
613799,AMGAON OC RCE [1.0 MTY],0.535,1,26.2,MEDIUM
613800,JAGANNATHPUR OC RCE PROJECT,0.778,1,32.7,HIGH
613801,MAHAMAYA OCP [1.50 MTY],0.342,0,23.8,LOW
615191,KATKONA RO UG MINE,0.024,0,0.9,LOW
616234,PELMA OC MDO,0.009,0,-20.2,LOW
617287,KUSMUNDA OC EXPANSION PROJECT,0.032,0,-3.1,LOW
617288,MANIKPUR OC EXPANSION PROJECT,0.054,0,1.4,LOW
619171,RPR FOR DURGAPUR OCP 10 MTY,0.006,0,-16.4,LOW
619172,MADANNAGAR OCP 12 MTY - MDO,0.004,0,-22.1,LOW
400018,HURA C OCP,0.09,0,-2.7,LOW
400073,KONAR EXPANSION OCP,0.035,0,-10.3,LOW
400074,KARO EXPANSION OCP,0.044,0,6.9,LOW
400136,SANGHMITRA OC,0.01,0,-10.5,LOW
400138,CHANDRAGUPT OCP,0.014,0,-9.9,LOW
400139,KOTRE BASANTPUR PACHMO OCP,0.008,0,-16.9,LOW
400142,Pachwara South Coal Block,0.286,0,1.6,LOW
400150,RPR MAGADH EXP OCP,0.067,0,11.8,LOW
400151,NORTH URIMARI EXPANSION OCP,0.07,0,2.6,LOW
400153,EPR ROHINI - KARKETTA OCP,0.018,0,5.0,LOW
400154,EPR PUNDI OCP,0.017,0,10.7,LOW
400155,EPR ASHOK OC,0.006,0,-10.7,LOW
400156,EPR AMRAPALI OCP,0.112,0,16.5,LOW
400160,RAJRAPPA RCE OCP,0.981,1,94.7,HIGH
400172,CHITRA EAST OC,0.326,0,9.1,LOW
400352,JHARKHAND-LAIYO OCP,0.007,0,-12.9,LOW
400425,MOONIDIH XV SEAM UG,0.938,1,78.8,HIGH
611864,AMALAGAMATED NTST KUJAMA OCP 8.5MTY,0.01,0,0.0,LOW
613808,MURAIDIH UG PROJECT,0.985,1,105.5,HIGH
615349,TAPIN SOUTH EXPN,0.064,0,13.2,LOW
615822,SIRKA OC,0.192,0,15.7,LOW
615843,TETARIAKHAR OC,0.231,0,32.5,LOW
616225,CHUPERBHITA SIMLONG OCP MDO 6,0.001,0,-63.8,LOW
616236,JARANGDIH EXPN. OCP 1.5 MTY,0.058,0,8.0,LOW
616253,BLOCK E OCP,0.031,0,11.3,LOW
617416,"Revised Jharia Master Plan for Dealing with Fire, Subsidence & Rehabilitation of affected families in Jharia Coalfield- Reg.",0.045,0,0.0,LOW
617764,North Dhadu Western Part OCP,0.072,0,-12.8,LOW
400148,AMADAND OCP[4.0MTY],0.872,1,54.6,HIGH
400162,BLOCK B EXPANSION [3.5 TO 8.0,0.715,1,48.8,HIGH
400321,NIGAHI EXPANSION [15 TO 25 MTP,0.573,1,39.1,MEDIUM
613802,KANCHAN OC EXP,0.299,0,24.0,LOW
613803,JHIRIA WEST OCP [1.5 MTY],0.084,0,0.9,LOW
613804,RPR TAWA-III UG 0.84 MTY,0.099,0,4.9,LOW
615185,AMALGAMATED DHANKASA & JAMUNIA,0.42,0,7.2,MEDIUM
615187,RPR OF VISHNUPURI UG TO OC,0.037,0,-8.1,LOW
615194,URDHAN EXPANSION OC COST PLUS,0.014,0,-17.0,LOW
615195,SHARDA UG MINE,0.082,0,5.3,LOW
615206,GANDHIGRAM UG MINE,0.389,0,13.5,LOW
619032,JAYANT EXPN. [20 TO 38 MTPA],0.004,0,-11.0,LOW
619053,RPR FOR RAMPUR BATURA OCP,0.014,0,-4.7,LOW
400033,BHATADI EXPANSION OC,0.243,0,15.7,LOW
400177,AMALGAMATED YEKONA I & YEKONA,0.69,1,25.1,MEDIUM
400178,DINESH[MAKARDHOKRA-III] OC,0.215,0,9.9,LOW
400353,DHUPTALA OC [SASTI UG TO OC ],0.173,0,18.1,LOW
615184,SAONER UG MINE -1 EXPANSION 1.,0.351,0,4.0,LOW
615186,SASTI EXPANSION OPENCAST,0.226,0,14.7,LOW
615188,NEW MAJRI UG TO OC 3 MTY COST,0.344,0,28.4,LOW
615189,MAKARDHOKRA EXPN OC 4.9 MTY,0.128,0,12.7,LOW
615190,SINGHORI DEEP OC MIN 2.0 MTY,0.035,0,-6.0,LOW
615192,GOKUL EXTENSION OC MINE,0.107,0,12.8,LOW
615199,KOLGAON EXPANSION DEEP OC MINE,0.087,0,9.8,LOW
615330,BALLARPUR NORTH WEST OC MINE,0.031,0,-6.6,LOW
615331,GADEGAON OC 3 MTY,0.019,0,-12.9,LOW
615914,GHONSA EXPANSION DEEP OC MINE,0.039,0,-5.0,LOW
615916,AMLG GAURI PAUNI EXPANSION OC,0.021,0,-10.3,LOW
615917,GAURIDEEP/GAURI CENTRAL OCP 7.,0.025,0,-8.3,LOW
615918,RPR OF BHANEGAON OC,0.37,0,36.3,LOW
615919,N. EXTN. MUNGOLI NIRGUDA D OCP,0.077,0,-2.9,LOW
615982,NILJAI EXPANSION DEEP OCP,0.887,1,42.9,HIGH
616044,UKNI DEEP OC MINE -COST PLUS,0.962,1,50.2,HIGH
616050,AMALGAMATED INDER-KAMPTEE DEEP,0.882,1,30.6,HIGH
616223,ADASA UG TO OC MINE,0.828,1,30.3,HIGH
616229,AMAL GONDEGAON GHATROHANA EXPN,0.029,0,-7.6,LOW
617233,WAGHODA UG MINE [1.02 MTY],0.026,0,-7.3,LOW
617278,KOLARPIMPRI EXPANSION OC [2.5,0.023,0,-9.6,LOW
619055,SAONER-III EXPN UG MINE 1.54,0.008,0,-26.3,LOW
400369,BINA KAKRI AMALGAMATION EXPANS,0.91,1,39.5,HIGH
615183,KHADIA EXPANSION [10 TO 16 MTP,0.64,1,31.0,MEDIUM
400165,SUBHADRA OCP,0.021,0,-9.4,LOW
400166,SIARMAL OCP,0.172,0,2.0,LOW
400183,BALARAM EXPANSION OCP,0.063,0,-2.0,LOW
400185,GOPALJI KANIHA OCP [10 TO 30 M,0.052,0,3.6,LOW
400187,INTEGRATED LAKHANPUR-BELPAHAR-,0.391,0,24.2,LOW
400392,BHARATPUR RE-ORGANIZATION OCP,0.079,0,9.9,LOW
615857,Naini Coal Mine,0.312,0,5.4,LOW
616226,INTEGRATED KULDA GARJANBAHAL O,0.003,0,-19.0,LOW
616231,BHUBANESWARI EXPN OCP 50 MTY,0.017,0,-14.7,LOW
616232,HINGULA II OC EXPN PH III 15 M,0.043,0,7.3,LOW
616233,BALABHADRA OCP,0.017,0,-2.0,LOW
618982,Talabira II & III OCP - FMC,0.661,1,9.7,MEDIUM
615818,Jawahar Khani Open Cast Mine,0.126,0,0.2,LOW
615858,Kalyanikhani Opencast Project,0.517,1,7.1,MEDIUM
615860,Godavarikhani Coal Mine - 5,0.249,0,9.2,LOW
615861,Indaram Opencast Project,0.924,1,38.8,HIGH
615862,Goleti Opencast Mine,0.137,0,-4.3,LOW
615863,Venkatesh Khani Coal Mine,0.385,0,4.2,LOW
615865,Kakatiyakhani OC - 2 Project,0.397,0,5.0,LOW
400173,MOHANPUR EXPANSION OC -PHASE I,0.187,0,26.0,LOW
400180,BONJEMEHARI EXPANSION OCP,0.125,0,25.2,LOW
400181,NAKRAKONDA KUMARDIH- B OCP,0.113,0,0.7,LOW
400186,TILABONI UG,0.075,0,-1.9,LOW
400312,JHANJRA EXPANSION UG,0.135,0,12.5,LOW
400315,SONEPUR BAZARI EXPANSION OCP [,0.08,0,12.8,LOW
612816,ITAPARA OCP,0.02,0,-0.7,LOW
613793,SHYAMSUNDARPUR UG INCLUDING SA,0.241,0,18.0,LOW
613794,PARASEA-BELBAID UG PROJECT,0.163,0,5.3,LOW
616230,PARASCOLE JAMBAD OCP,0.002,0,-49.2,LOW
617299,50 MW Wind Power Project,0.772,1,-5.0,HIGH
617730,600 MW Khavda Solar Power Project,0.831,1,8.4,HIGH
618991,200 MW SPP part of 510 MW CPSU scheme,0.103,0,10.8,LOW
618992,100 MW SPP part of SECI 150 MW Hybrid,0.107,0,8.3,LOW
400231,NLC Talabira Thermal Power Project,0.241,0,-1.6,LOW
618981,810 MW Solar Power Project - Rajasthan,0.189,0,-4.1,LOW
400203,Dharamjaigarh-Korba,0.07,0,-4.0,LOW
400416,Shivpur-Kathautia New Rail [BG] Line [49 km] [Package II of Tori-Shivpur-Kathautia line],0.834,1,45.1,HIGH
400192,Tubed Coal Mine,0.05,0,5.9,LOW
603293,Badam Coal Mining project of NTPC,0.0,0,-146.3,LOW
602182,Dibang Multipurpose Project,0.012,0,-13.5,LOW
611698,240MW Heo HE Project,0.054,0,0.0,LOW
611699,186 MW Tato-I H E Project,0.052,0,-0.0,LOW
611716,700 MW Tato-II HE Project,0.031,0,-13.6,LOW
619311,Kalai-II Hydro Electric Project [1200 MW],0.003,0,0.0,LOW
602579,Buxar Thermal Power Project [1320 MW],0.998,1,36.6,HIGH
619051,"Nabinagar Super Thermal Power Project, Stage-II [3x800 MW]",0.193,0,12.5,LOW
611930,Lara Super Thermal Power Project Stage-II [2 x 800 MW],0.617,1,27.7,MEDIUM
617188,"Sipat Super Thermal Power Project, Stage-III [1x800 MW]",0.423,0,21.1,MEDIUM
709747,Bagodara Solar Power Project,0.86,1,15.6,HIGH
602582,Dhaulasidh Hydro Electric Project [66 MW],0.879,1,24.5,HIGH
602593,Luhri Stage-I Hydro Electric Project [210 MW],0.644,1,19.7,MEDIUM
611586,Sunni Dam Hydro Electric Project [382 MW],0.244,0,2.8,LOW
602525,"Pakal Dul [Drangdhuran] Hydroelectric Project, 1000 MW",1.0,1,95.8,HIGH
602532,Kiru HE Project,0.993,1,55.9,HIGH
602535,"Ratle HE Project - 850 MW, Ratle Hydroelectric Power Corporation Limited.",0.93,1,41.0,HIGH
605155,Kwar HE Project,0.806,1,29.8,HIGH
400261,Patratu Thermal Power Station Expansion Project Phase-I [3x800 MW],0.997,1,57.8,HIGH
611509,"Koderma Thermal Power Station Phase II [2X800 MW] At Koderma, Jharkhand",0.138,0,-18.5,LOW
618976,"Gadarwara Super Thermal Power Project, Stage-II [2x800 MW]",0.151,0,16.3,LOW
602096,Subansiri Lower HE Project [2000 MW],1.0,1,156.4,HIGH
602961,Talcher Thermal Power Station Stage III [2 x 660 MW] Expansion,0.943,1,35.9,HIGH
619056,"Darlipali Super Thermal Power Project, Stage-II [1x800 MW]",0.231,0,9.7,LOW
602181,"TEESTA-VI HE PROJECT, SIKKIM [500 MW], executed by LANCO TEESTA HYDRO POWER LIMITED [A wholly owned Subsidiary of NHPC LTD. acquired through NCLT]",0.991,1,59.9,HIGH
605156,Rangit-IV HE Project [120 MW] executed by Jal Power Corporation Ltd. [JPCL] - A wholly owned subsidiary of NHPC Ltd. acquired through NCLT,0.989,1,52.4,HIGH
619341,"Telangana Super Thermal Power Project , Stage-II [3 x 800 MW]",0.034,0,-1.4,LOW
298178,"Meja Thermal Power Project, Stage-II ,",0.002,0,-55.4,LOW
612142,"Singrauli Super Thermal Power Project, Stage-III [2x800 MW]",0.307,0,12.1,LOW
602185,Tapovan-Vishnugad HEP [4x130 MW],1.0,1,137.4,HIGH
602195,Vishnugad Pipalkoti Hydro Electric Project [444 MW],0.971,1,104.4,HIGH
400062,"Raghunathpur Thermal Power Station Phase II [2X660 MW] at Raghunathpur, Purulia, West Bengal",0.252,0,-5.1,LOW
602184,Rammam-III HEPP [3x40 MW],0.996,1,94.9,HIGH
602538,Installation of FGD for 4x210 & 2x250 MW MTPS U 1-6,0.951,1,37.1,HIGH
617183,Transmission system strengthening at Kurnool- III PS for integration of additional RE generation projects [POWERGRID Kurnool III PS RE Transmission Limited],0.565,1,1.9,MEDIUM
617375,North Eastern Region Expansion Scheme-XXIII [NERES-XXIII],0.135,0,-1.1,LOW
615336,Transmission system for evacuation of Power from REZ in Rajasthan [20 GW] under phase-III Part-D Phase-II,0.771,1,16.6,HIGH
612139,Transmission system for Evacuation of Additional 7 GW RE power from Khavda RE park under Phase-III Part B [Vataman Transmission Limited],0.905,1,11.9,HIGH
612855,Transmission System for Evacuation of Power from Potential Energy Renewable Zone in Khavda Area of Gujarat under Ph-IV [7GW] Part E2,0.919,1,8.2,HIGH
615342,Augmentation of Transformation Capacity at jam Khambhaliya PS [GIS] [SPV Name POWERGRID Jam Khambhaliya Transmission Limited],0.615,1,3.7,MEDIUM
615343,Provision of Dynamic Reactive Compensation at Khavda pooling Station 1 [KPS1] and Khavda Pooling station 3 [KPS3],0.352,0,0.1,LOW
615345,Transmission System for Evacuation of Power from Potential Renewable Energy Zone in Khavda area of Gujarat under Phase-IV [7GW] Part B [SPV Name POWERGRID South Olpad Transmission Limited],0.624,1,4.4,MEDIUM
617069,Augmentation of Transformation Capacity at KPS1 [GIS] and KPS2 [GIS] [Phase-V Part B1 and Part B2 Scheme] [SPV Name- POWERGRID KPS1 and 2 Augmentation Transmission Limited],0.597,1,0.3,MEDIUM
617182,Augmentation of Banaskantha [Raghanesda] PS [GIS] [POWERGRID Banaskantha Transco Limited],0.638,1,0.2,MEDIUM
617391,Augmentation of Transformation Capacity at Bhuj-II PS [GIS],0.342,0,-0.1,LOW
617405,Jamnagar Transmission Limited,0.178,0,9.5,LOW
617801,Provision of ICT Augmentation & Bus Reactor at Bhuj-II PS,0.333,0,-0.6,LOW
619026,KPSIII HVDC Transmission Limited,0.018,0,-11.4,LOW
619029,Transmission System for Reliable Power Supply to Dholera,0.666,1,5.8,MEDIUM
619049,Khavda IVA Power Transmission Limited,0.872,1,10.0,HIGH
617179,Transmission Scheme for evacuation of Power from Ratle HEP [850 MW] & kiru [624 MW] Part B,0.613,1,11.4,MEDIUM
617326,Implementation of Transmission Systems in the State of Jharkhand consisting of 400/220/132/33 kV transmission lines and substations under Jharkhand Consultancy Project,0.903,1,14.8,HIGH
612140,Transmission Scheme for Integration of Renewable Energy Zone [Phase II] in Koppal II [Phase A&B] and gadag II[Phase A] in Karnataka [POWERGRID KOPPAL GADAG TRANSMISSION LIMITED],0.974,1,15.1,HIGH
616672,System Strengthening at Koppal-II and GadagII for integration of RE generation projects [SPV Name POWERGRID Koppal Gadag Augmentation Transmission Limited],0.667,1,3.1,MEDIUM
617068,"Augmentation of Transformation Capacity by 3x500 MVA, 400/220 KV ICTS [6th-8th] and 1x1500 MVA, 765/400 KV ICT [4th] at Bidar PS [SPV Name- POWERGRID Bidar Augmentation Transmission Limited]",0.485,0,-0.9,MEDIUM
617184,Transmission Scheme for integration of Davanagere/ Chitradurga and Bellary REZ in Karnataka [POWERGRID Chitradurga Bellary REZ Transmission Limited],0.469,0,0.1,MEDIUM
617803,Transmission System Strengthening at Davanagere for Integration of RE Generation [SPV Name - POWERGRID Davanagere Power Transmission Limited],0.319,0,-3.4,LOW
619228,Transmission System Strengthening for integration of additional RE Potential at Davanagere [0.25 GW] and Bellary [2.75 GW],0.279,0,-3.3,LOW
619028,Augmentation of 1x500 MVA 400/220kV ICT [3rd] at Thrissur VSC HVDC Station in Kerala,0.365,0,2.4,LOW
615344,Transmission System for Evacuation of Power from Rajasthan REZ Ph-IV [Part-2 5.5GW] [Jaisalmer/Barmer Complex] Part H1 [POWERGRID KURAWAR TRANSMISSION LIMITED],0.592,1,6.8,MEDIUM
615346,Transmission System for Evacuation of Power from Rajasthan REZ Ph-IV [Part-2 5.5 GW] [Jaisalmer/Barmer Complex] Part C [SPV Name POWERGRID Mandsaur Transmission Limited],0.807,1,9.5,HIGH
617272,Implementation of LILO of both circuits of 400KV vindhyachal PS-Sasan D/C Line at Hindalco Switchyard,0.643,1,4.1,MEDIUM
617279,Transmission System for evacuation of power from Mahan Energen Limited Generating Station in Madhya Pradesh [SPV Name - POWERGRID MEL Power Transmission Limited],0.236,0,-4.2,LOW
617802,Augmentation of Transformation Capacity and Implementation of Line Bays at Mandsaur S/S for RE Interconnection [SPV Name- POWERGRID Mandsaur I RE Transmission Limited],0.142,0,-6.9,LOW
619024,Mahan Transmission Limited,0.122,0,8.4,LOW
619027,WRNES Talegaon Power Transmission Limited,0.155,0,1.4,LOW
619227,Network Expansion Scheme in Maharashtra for removal of Transmission constraints in Pune Region-I [765/400kV AIS Pune East],0.143,0,-2.7,LOW
617185,Transmission System for Integration of Kurnool-IV REZ Phase-I [for 4.5 GW] [POWERGRID Kurnool-IV Transmission Limited],0.72,1,21.6,HIGH
617806,Transmission System for Integration of Ananthapur 2 REZ Phase 1 for 4.5 GW. SPV Name Anantapuram 2 REZ Transmission Ltd,0.73,1,10.4,HIGH
619030,Inter-Regional Strengthening between SR Grid and ER Grid,0.181,0,7.9,LOW
602223,Comprehensive Scheme for Strengthening of Transmission and Distribution [T&D] Systems [CSST&DS] in Arunachal Pradesh and Sikkim,0.997,1,62.5,HIGH
607709,NORTH EASTERN REGION POWER SYSTEM IMPROVEMENT PROJECT [NERPSIP],0.999,1,98.9,HIGH
617271,Eastern Region Expansion Scheme-43 [ERES-43],0.703,1,6.0,HIGH
617807,Inter-regional [NR-WR] Transmission System strengthening to relieve the loading of 765 kV Vindhyachal-Varanasi D/c line,0.291,0,-0.5,LOW
617270,Eastern Region Expansion Scheme-44 [ERES-44],0.247,0,31.2,LOW
612132,Transmission Scheme for Evacuation of power from REZ in Rajasthan [20 GW] under Phase-III Part D Phase I [Sikar Khetri Transmission Ltd],0.965,1,19.0,HIGH
611735,Transmission system for evacuation of power from REZ in Rajasthan 20GW under Phase-III Part J,0.923,1,21.0,HIGH
615347,TRANSMISSION SYSTEM FOR EVACUATION OF POWER FROM POTENTIAL RENEWABLE ENERGY ZONE IN KHAVDA AREA OF GUJARAT UNDER PHASE-V [8 GW] PART A [SPV Name POWERGRID West Central Transmission Limited],0.119,0,-0.3,LOW
615339,Transmission system for evacuation of power from Rajasthan REZ Ph-IV [Part- 3/6GW] [Bikaner complex] Part A [SPV Name POWERGRID Bikaner IV Transmission Limited],0.802,1,5.0,HIGH
615340,TRANSMISSION SYSTEM FOR EVACUATION OF POWER FROM RAJASTHAN REZ PH-IV [PART-3/ 6 GW] [BIKANER COMPLEX] PART B [SPV Name POWERGRID Siwani Transmission Limited],0.829,1,9.4,HIGH
617808,Inter-Regional Strengthening between SR Grid and WR Grid,0.226,0,1.0,LOW
612138,"Transmission Scheme for Solar Energy Zone in Bidar [2500 MW], Karnataka [Bidar Transmission Ltd]",0.964,1,11.4,HIGH
615333,Transmission System for Evacuation of Power from Rajasthan REZ Ph-IV [Part-2 5.5 GW] [Jaisalmer/Barmer Complex] Part D [SPV Name POWERGRID Beawar Mandsaur Transmission Limited],0.837,1,-7.9,HIGH
615334,Transmission System for Evacuation of Power from Rajasthan REZ Ph-IV [Part-2 5.5 GW] [Jaisalmer/Barmer Complex] Part E [SPV Name POWERGRID Mewar Transmission Limited],0.828,1,-8.2,HIGH
617186,Rajasthan REZ Ph-V [Part-1- 4 GW] [Sirohi/Nagaur] Complex [Rajasthan V Power Transmission Limited],0.836,1,-9.4,HIGH
619025,RAJASTHAN PART I POWER TRANSMISSION LIMITED,0.078,0,0.1,LOW
612133,Transmission System for Evacuation of power from Rajasthan REZ Ph-IV [Part-1] [Bikaner Complex] Part D [Neemrana Bareilly Transmission Ltd],0.928,1,11.3,HIGH
616670,Transmission System for evacuation of Power from Rajasthan REZ Ph-IV [Part-4 3.5 GW] Part A [SPV name POWERGRID Ghiror Transmission Limited],0.834,1,6.0,HIGH
611949,Transmission system for evacuation of power from REZ in Rajasthan 20 GW under Phase-III part C1,0.979,1,21.0,HIGH
612134,Transmission System for Evacuation of power from Rajasthan REZ Ph-IV [Part-1] [Bikaner Complex] Part A [Bikaner Neemrana Transmission Ltd],0.941,1,14.1,HIGH
615332,Transmission System for Evacuation of Power from Rajasthan REZ Ph-IV [Part-2 5.5 GW][Jaisalmer/Barmer Complex] Part B [SPV Name POWERGRID Sirohi Transmission Limited],0.826,1,9.0,HIGH
615335,Transmission System Strengthening for Interconnections of Bhadla-III & Bikaner III Complex [SPV Name POWERGRID BHADLA BIKANER TRANSMISSION LIMITED],0.834,1,9.5,HIGH
615337,Additional Transmission System for evacuation of Power from Bhadla-III PS as part of Rajasthan REZ Phase III Scheme [20 GW] [SPV Name POWERGRID Bhadla-III Power Transmission Limited],0.949,1,11.6,HIGH
615338,TRANSMISSION SYSTEM FOR EVACUATION OF POWER FROM RAJASTHAN REZ PH -IV [PART-2 5.5 GW] [JAISALMER/BARMER COMPLEX] PART F [SPV Name POWERGRID BARMER I TRANSMISSION LIMITED],0.747,1,6.9,HIGH
617181,"Augmentation at Fatehgarh-II PS, Fatehgarh-IV PS [Section-II] and Barmer-I PS [POWERGRID Fatehgarh Barmer Augmentation Transmission Limited]",0.477,0,1.9,MEDIUM
616671,Transmission System under ISTS for evacuation of Power from Kudankulam Unit-3&4 [2x1000 MW] [SPV Name POWERGRID Kudankulam Tarnsmission Limited],0.696,1,12.2,MEDIUM
617269,Transmission System for Strengthening to facilitate evacuation of power from Bhadla/Bikaner Complex,0.351,0,1.2,LOW
617412,"Construction of One Tower of Office Complex and another Tower of Residential quarters i/c internal water supply, sanitary installation and all development and bulk services, Horticulture works on EPC Mode-I basis i/c comprehensive operation and maintenance of Civil, E&M services for 7 years after completion of original construction work for Ranga Reddy, Secunderabad, Medchal, AuditI, Audit-II Commissionerates of Central Tax at Khajaguda, Serilingampally, Hyderabad.",0.112,0,-0.0,LOW
707229,"Integrated Command control Center [ICCC] - Construction and Development of Integrated Command Control Center with Security, Surveillance, ITMS, Connecting Port, Ship Service, Smart Solid Waste Management, Smart Public Transport System",0.957,1,-10.1,HIGH
400188,Redevelopment of Seven General Pool Residential Accommodation [GPRA] Colonies in Delhi,0.305,0,12.6,LOW
701719,Rehablitation in Junavadaj Area Smart City Project,0.959,1,30.1,HIGH
701766,Green Building Development Project,0.473,0,20.1,MEDIUM
702627,Patna Metro Rail Project,0.686,1,14.7,MEDIUM
617207,Delhi Metro Rail Phase-IV [2 Corridors],0.025,0,-1.0,LOW
619031,Delhi Metro Rail Phase V A,0.024,0,-1.1,LOW
702632,DMRTS Phase - IV [3 Priority Corridors],0.826,1,22.0,HIGH
702630,Surat Metro Rail Project,0.888,1,36.0,HIGH
619022,"Metro connectivity from Millennium City Centre to Cyber City with Spur to Dwarka Expressway, Gurugram.",0.16,0,0.0,LOW
612878,Bangalore Metro Rail Project - PHASE-3,0.014,0,-2.6,LOW
702635,Construction of Bangalore Metro Rail Project Phase 2.,0.995,1,63.0,HIGH
702665,Construction Bangalore Metro Rail Project Phase-2A & 2B,0.372,0,5.7,LOW
702664,Kochi Metro Rail Phase 2 Development Project,0.278,0,-0.1,LOW
702625,Bhopal Metro Rail Project,0.802,1,67.0,HIGH
702626,Indore Metro Rail Project,0.82,1,66.9,HIGH
617225,PCMC To Nigdi- Extension Of North South Corridor Of Phase-1,0.11,0,10.2,LOW
617226,Pune Metro Phase-1 Extension line towards south from Swargate to Katraj,0.01,0,-3.2,LOW
617327,Thane Integral Ring Metro Rail Project,0.01,0,-4.6,LOW
618971,Pune Metro Rail Project Phase-2 Corridor 2A Vanaz to Chandani Chowk and Corridor 2B Ramwadi to Wagholi/Vitthalwadi,0.007,0,-6.1,LOW
618985,Pune Metro Rail Project Phase-2 Line-4 Kharadi to Khadakwasla with Spur Line 4A Nal Stop - Warje - Manikbaug,0.006,0,-12.4,LOW
701745,New Suburba Station Development Project,0.739,1,32.9,HIGH
701991,Kalyan Station Precinct Imporvement Project,0.93,1,37.0,HIGH
702637,Mumbai Metro Line 3,0.995,1,29.0,HIGH
702658,Nagpur Metro Rail Phase II Development Project,0.119,0,10.0,LOW
617206,Delhi Metro Rail Phase-IV [Rithala - Kundli Corridor],0.049,0,0.0,LOW
245986,Jaipur Metro Rail Project Phase 2,0.008,0,0.0,LOW
612066,Rajasthan Metro Rail Project Phase 1C from Badi Chaupar to Transport Nagar via Galta Gate,0.019,0,-2.6,LOW
612068,Jaipur Metro Phase 1D Project from Mansarovar to Ajmer Road Chauraha,0.044,0,2.6,LOW
702668,Chennai Metro Rail Phase-II Development Project,0.025,0,-0.0,LOW
616221,"Extension of Aqua Line Metro Corridor from Noida Sector-142 station to Botanical Garden, Noida of Noida Metro Rail Corporation",0.008,0,0.0,LOW
619052,LUCKNOW METRO RAIL PROJECT PHASE-1B EAST WEST CORRIDOR,0.017,0,-9.4,LOW
702628,Kanpur Metro Rail Project,0.892,1,36.5,HIGH
702629,Agra Metro Rail Project,0.892,1,43.8,HIGH
702674,"ESR - 8 nos., distribution system - 216 Km, new house service connections - 38760 nos. upgrading of feeder mains, pumping station etc. - Phase II",0.964,1,36.8,HIGH
702699,Muzaffarpur Storm Water Drainage Phase-I Project,0.983,1,38.7,HIGH
702734,Sewerage Management Scheme Part-3 Implementation,0.968,1,27.1,HIGH
702741,Dhanbad Water Supply Infrastructure Project,0.948,1,33.0,HIGH
702742,SAAP-3 Water Supply Infrastructure SAAP-3 Project,0.91,1,29.0,HIGH
702746,Augmentation and Strenghthning of Urban Water Supply Phase 1 - SAAP 3,0.957,1,33.4,HIGH
702760,Belgavi Improvement in Sewerage System Project,0.959,1,29.5,HIGH
702793,Indore Water Supply Infrastructure Project,0.961,1,32.8,HIGH
702808,Satna Sewerage Management and Treatment Infrastructure Project,0.938,1,28.3,HIGH
702810,Singrauli Sewerage Management and Treatment Infrastructure Project,0.957,1,36.2,HIGH
702833,Kalyan-Dombivali Water Supply Infrastructure Project,0.953,1,43.4,HIGH
703021,Jalandhar Water Supply Infrastructure Project,0.987,1,42.2,HIGH
703057,Patiala Water Supply Infrastructure Part-2 Project,0.99,1,41.8,HIGH
702949,Jhansi Water Supply Infrastructure Phase-II Project,0.976,1,35.3,HIGH
702958,Lucknow Sewerage Management Infrastructure Project,0.982,1,40.6,HIGH
617280,"Construction of Basement + Ground Floor+ 10 Storeyed building for State of the Art Director General, GSI Building at plot No.GN-40, Sector-V, Salt Lake, Kolkata",0.458,0,0.0,MEDIUM
400426,Expansion of Malanjkhand Copper Project,0.808,1,63.8,HIGH
400141,Expansion of Alumina Refinery Plant with addition of 5th Stream having capacity enhancement of 1.0 Million Tonee Per Annum,0.969,1,30.2,HIGH
400299,Pottangi Bauxite Mines Project,0.608,1,10.4,MEDIUM
709831,SOURCING OF BAUXITE ARRANGEMENT FOR 5TH STREAM ALUMINA REFINERY FROM SOUTH BLOCK MINING LEASE OF PANCHPATMAILI MINES,0.861,1,28.3,HIGH
709832,25.5 MW WIND POWER PROJECT AT KAYATHAR IN TAMILNADU,0.962,1,18.0,HIGH
613008,Construction of Permanent Campus of Central Tribal University of Andhra Pradesh Phase-1,0.422,0,0.0,MEDIUM
612898,Construction of Permanent Campus of National Institute of Technology Arunachal Pradesh,0.501,1,-24.0,MEDIUM
606112,Tezpur University Projects,0.946,1,25.0,HIGH
606013,Additional Campus of NITPatna,0.917,1,18.0,HIGH
617877,Phase B Construction of Permanent Campus of IIT Bhilai,0.022,0,0.0,LOW
612851,"Phase 1B - Construction of Academic Block, Hostel, Residential Tower, Directors Residence and External Development works at National Institute of Technology, Delhi Campus on Engineering, Procurement and Construction basis",0.998,1,4.0,HIGH
616886,Delhi University Eastern Campus at Surajmal Vihar,0.077,0,-0.0,LOW
612916,"Construction of permanent campus of Central University of Gujarat at Village kundhela, Dist. Vadodara, Gujarat.",0.728,1,8.1,HIGH
602099,Establishment of Permanent campus Phase 1 of IIM Sirmaur,0.952,1,34.0,HIGH
612128,Hostel blocks & dining hall block,0.843,1,6.0,HIGH
612894,"Construction of Permanent Campus of Central University of Himachal Pradesh at Dehra, District - Kangra, [H.P.] on Engineering. Procurement and Construction [EPC Mode 1] Basis.",0.885,1,15.9,HIGH
602098,"Construction of Permanent Campus for IIM Jammu Phase-1 at Jagti, Nagrota, Jammu, J&K",0.98,1,29.0,HIGH
606431,CONSTRUCTION OF PERMANENT CAMPUS FOR IIT PALAKKAD UNDER PHASE 1A,0.976,1,53.5,HIGH
617878,Phase B of Construction of Permanent Campus of IIT Palakkad,0.054,0,-5.5,LOW
611957,"Phase III A works at IIT Indore [03 Hostels, 01 Studio Apartment, 01 Housing, Heavy & Sophisticated lab complex, Academic POD and Infrastructure for center of excellence]",0.238,0,-0.0,LOW
612885,Construction and Developement of National Institute of Technology Meghalaya Permanent Campus at Sohra,0.966,1,55.0,HIGH
612876,"Construction of Permanent Campus for NIT Mizoram at Lengpui, Aizawl",0.059,0,13.6,LOW
613013,Establishment of NIT Nagaland,0.757,1,0.0,HIGH
610315,IISER BERHAMPUR,0.976,1,63.0,HIGH
611961,Construction of IIT Bhubaneswar -Phase III,0.094,0,-0.0,LOW
619033,"1000 seater Boys hostel, 500 seater Girls hostel, 1.5 MLD Sewage Treatment Plant and Faculty Residence - 72 nos. Flats",0.501,1,14.0,MEDIUM
612877,Establishment of NIT Puducherry Permanent Campus [Phase-I and Phase-II],0.944,1,17.0,HIGH
605292,"Construction of Permanent Campus of Indian Institute of Management [IIM] Amritsar, Punjab, Phase-I",0.902,1,41.0,HIGH
617221,"Construction of Girls Hostel 400 seater, Boys Hostel 600 seater, Academic Block, International Hostel 100 seater, VC Residence and Purchase of Equipment",0.304,0,-10.6,LOW
609736,"Construction of Sikkim University Campus Phase-I Package-II at Yangang, South Sikkim",0.938,1,21.0,HIGH
612883,Establishment of Permanent Campus of NIT SIkkim at Khamdong-Gangtok District,0.212,0,-1.2,LOW
609996,Construction of Precast housing and hostels at IIT Hyderabad,0.815,1,12.0,HIGH
606479,Banaras Hindu University [ Kayakalp of Institute of Medical Sciences],0.902,1,58.0,HIGH
611963,"Construction & Development of Infrastructural Facilities in the main campus of NIT Uttarakhand at Sumari, Pauri Garhwal",0.556,1,21.2,MEDIUM
609019,"HEFA projects on development of student hostels, playgrounds, departmental buildings, class room complex and other campus facilities in IIT Kharagpur",0.954,1,45.0,HIGH
400081,"National Sports University [NSU], Imphal [Manipur]",0.964,1,24.0,HIGH
709754,"Construction of LPG Facilities at Kamardanga, Assam",0.449,0,2.5,MEDIUM
709755,"Setting up of new rail fed POL facility at Kamardanga, Assam",0.385,0,-5.3,LOW
617839,Capacity Augmentation of Kandla LPG Import Terminal [KLIT] from 0.6 MMTPA to 2.5 MMTPA,0.521,1,15.7,MEDIUM
604833,"Andheri Residential Towers, Mumbai",0.631,1,30.2,MEDIUM
619313,Setting up of 50 MW [plus/minus 5 percent] Wind Power Plant for Captive Consumption at MR,0.442,0,2.5,MEDIUM
617829,LPG Bottling Plant at Mualkhang,0.1,0,6.2,LOW
709759,"Petrochemical evacuation marketing terminal at Barmer, Rajasthan",0.696,1,11.3,MEDIUM
400043,Laying of POL Pipelines in Common Corridor for proposed grass root terminal at Vallur [Chennai],0.819,1,30.9,HIGH
400301,Multi Product Pipeline from Irugur to Devangonthi,0.996,1,94.0,HIGH
400012,Kandla Gorakhpur LPG Pipeline,0.975,1,48.9,HIGH
604852,"Grass-root Terminal at Mirzapur, Uttar Pradesh",0.464,0,12.0,MEDIUM
701349,Paradip-Numaligarh Crude Oil Pipeline [PNCPL] & Crude Oil Import Terminal [COIT] at Paradip,0.981,1,26.8,HIGH
400120,KG-DWN-98/2 Cluster - II Development Project - NELP Block,0.993,1,46.5,HIGH
619226,Provision of four bitumen tanks with capacity of 5 TMT each at Visakh Refinery,0.06,0,0.8,LOW
709752,HP-COAT [Crude to Olefins and Aromatics Technology] demo unit at Visakh Refinery,0.82,1,30.5,HIGH
604791,Numaligarh Refinery Expansion Project,0.965,1,14.6,HIGH
604863,Development of Surface Facilities for production and evacuation of Crude Oil and Natural Gas from Nadua and East Khagorija,0.972,1,65.1,HIGH
616858,"Construction of Field Gas Gathering Station at Baghjan area for collection, processing & transportation of natural Gas to be produced from Baghjan Field",0.879,1,39.0,HIGH
617827,"Pipeline Rehabilitation Project, Phase-II",0.052,0,-2.3,LOW
617836,Coke Drum Structure Package,0.474,0,-2.0,MEDIUM
619316,"Group Gathering Station, Lakwagaon",0.063,0,9.9,LOW
709776,Augmentation/Revamping of Facilities at existing Guwahati Terminal at Betkuchi,0.635,1,13.1,MEDIUM
709779,Capacity Expansion of Digboi Refinery from 0.65 to 1.0 MMTPA,0.446,0,13.8,MEDIUM
709847,Pipeline Network Project Rudrasagar,0.398,0,5.8,LOW
709850,Borholla GGS Life Extension Project [BLEP],0.475,0,5.7,MEDIUM
709864,DCU Revamp Project,0.684,1,7.9,MEDIUM
709865,Power Recovery Turbine [PRT] in PFCCU unit as an Energy Conservation Scheme,0.94,1,1.3,HIGH
617304,"Setting up of LPG Plant with Rail Unloading Facility at Hathua, Dist. Gopalganj, Bihar",0.167,0,0.9,LOW
701324,Barauni Refinery Capacity Expansion from 6.0 to 9.0 MMTPA,0.98,1,43.3,HIGH
709777,Installation of Bitumen Manufacturing Unit along with allied facilities at Barauni Refinery,0.729,1,26.9,HIGH
709792,"City Gas Distribution Projects at Darbhanga, Madhubani, Supaul, Sitamarhi and Sheohar districts",0.028,0,-9.2,LOW
709793,"City Gas Distribution Projects at Gopalganj, Siwan, West Champaran, East Champaran and Deoria districts",0.022,0,-11.0,LOW
617819,"City Gas Distribution [CGD] Project in Kondagaon, Bastar, Sukma, Narayanpur, Bijapur & Dantewada GA",0.01,0,5.2,LOW
400087,Redevelopment of Sobhasan Complex,0.693,1,7.3,MEDIUM
400167,Redevelopment of Santhal Field [Onshore-Mehsana Asset],0.754,1,17.6,HIGH
400169,Redevelopment of Linch Field,0.822,1,19.2,HIGH
701329,Petrochemical and Lube Integration Project at Gujarat Refinery,0.923,1,29.7,HIGH
709778,Installation of new Biturox Unit along with allied facilities at Gujarat Refinery,0.763,1,23.1,HIGH
709838,Commercial Polymer Flooding Project in Bechraji field,0.498,0,18.0,MEDIUM
709840,"Restoration of Gas Terminal, Phase-I [Part-A], Hazira",0.85,1,19.4,HIGH
709841,Old Pipe Line Replacement [OPRP] Group-A,0.806,1,17.3,HIGH
709842,"Kalol Redevelopment Project, Ahmedabad Asset",0.432,0,7.4,MEDIUM
709845,"Revamping of SV Stations, Gas Terminal & Kribhco Terminal",0.519,1,8.0,MEDIUM
604853,"Indian Oil Technology Development and Deployment Centre at R&D Campus-II, Faridabad",0.864,1,43.2,HIGH
611917,Poly Butadiene Rubber plant at Panipat,0.88,1,30.3,HIGH
701289,Capacity Expansion of Panipat Refinery from 15 to 25 MMTPA,0.957,1,23.6,HIGH
709783,"Installation of Multiple Effect Evaporator [MEE] for ETP-1, 2 & 4 of Panipat Refinery and Petrochemical Complex.",0.935,1,39.3,HIGH
709773,"City Gas Distribution Project at Jammu, Udhampur, Reasi, Samba and Kathua Districts",0.008,0,-28.4,LOW
610984,Development of Jharia CBM Block [Phase-1],0.631,1,22.8,MEDIUM
709785,Laying of Natural Gas Pipeline from Hazaribagh to Ranchi [HRPL],0.385,0,15.5,LOW
612790,Power System Upgradation Project,0.927,1,8.4,HIGH
616879,Demo Bio-ATF Project,0.312,0,1.6,LOW
701338,City Gas Distribution Maharashtra Natural Gas Limited,0.065,0,2.9,LOW
709774,Revamping/ Augmentation of facilities at existing port terminal at Mangalore,0.793,1,23.0,HIGH
617838,Augmentation of CCKPL and IDPL Pipelines capacity along with setting up of Palakkad TOP,0.121,0,5.6,LOW
709799,Setting up Polypropylene Unit at Kochi Refinery,0.119,0,9.6,LOW
617830,C2/C3 Vijaipur Pata Pipeline,0.262,0,20.3,LOW
709798,Ethylene Cracker Project at Bina Refinery including downstream Petrochemical Plants and expansion of Refinery,0.004,0,-7.7,LOW
400168,"500 KTA PDHPP Project, Usar",0.83,1,37.0,HIGH
616933,Lube Modernization & Bottom Upgradation Project at Mumbai Refinery,0.022,0,1.9,LOW
619223,Petro Resid Fluidized Catalytic Cracking [PRFCC] Unit and its associated facilities at Mumbai Refinery,0.006,0,-7.1,LOW
619224,Augmentation of DUPL-DPPL Pipeline,0.019,0,8.3,LOW
619225,Installation of Compression facility at GAIL Usar,0.021,0,13.7,LOW
619328,ONGC-BP Redevelopment Phase-1 Scheme of Mumbai High Field,0.259,0,8.1,LOW
709771,"City Gas Distribution Project at Beed, Jalgaon and Jalna Districts",0.006,0,-16.0,LOW
709780,Construction of Additional Tankages and Allied Facilities at JNPT Terminal,0.432,0,19.9,MEDIUM
709797,POL & LOBS Installations with Receipt Pipelines at Rasayani,0.326,0,17.3,LOW
616254,Visakh Raipur Pipeline Project,0.149,0,-2.0,LOW
619196,Change of service of existing Mundra-Panipat Pipeline [Panipat - Churwa section] from Crude oil to Product,0.219,0,0.0,LOW
709786,"Augmentation/ Revamping of Dimapur Depot, Dimapur",0.087,0,-1.5,LOW
604859,Integrated Para Xylene [PX] and Purified Terephthalic Acid [PTA] Project at Paradip Refinery,0.956,1,36.7,HIGH
617818,"City Gas Distribution [CGD] Project in Gajapati, Kandhamal, Boudh, & Sonepur GA",0.011,0,-5.2,LOW
709800,"CUF POL Depot at Sadashibpur [Meramundali], Odisha",0.482,0,14.6,MEDIUM
400119,Life Extension of 48 well platforms of Mumbai High & Heera Fields,0.987,1,59.5,HIGH
616950,PRP-VIII [Group-A],0.524,1,6.6,MEDIUM
619314,Pipeline Replacement Project- PRP-IX,0.236,0,-0.7,LOW
709839,Daman Upside Development Project,0.86,1,11.7,HIGH
709848,MHN TCPP PGC BGC Project [MTPBP],0.788,1,7.9,HIGH
709849,PRP-VIII Group B [NH & BS Asset],0.852,1,9.4,HIGH
709851,Integrated Development of 4 Contract Areas under DSF-II,0.453,0,2.0,MEDIUM
400171,2G Ethanol Biorefinery at Bathinda,0.895,1,34.6,HIGH
612853,Gurdaspur Jammu Pipeline,0.587,1,18.0,MEDIUM
709770,City Gas Distribution Project at Pathankot District,0.004,0,-34.4,LOW
701330,Mehsana-Bhatinda & Bhatinda-Jammu Natural Gas Pipeline,0.931,1,40.8,HIGH
709794,"City Gas Distribution Projects at Fazilka [except area already authorized], Ganganagar and Hanumangarh districts",0.017,0,-12.2,LOW
604795,CBR 9 MMTPA Project,0.096,0,5.9,LOW
701228,Kochi - Koottanad - Bangalore - Mangalore Pipeline Phase-II,0.999,1,124.8,HIGH
709750,Laying of new 28 inch Desal Water Pipeline and 10 inch Reject Water Pipeline between CPCL Manali Refinery and CPCL Desalination plant at Ennore,0.839,1,9.0,HIGH
709796,City Gas Distribution Projects at the Nilgiris and Erode districts,0.028,0,-1.8,LOW
617822,ATF Pipeline from BPCLs Malkapur POL Installation to Hyderabad International airport,0.054,0,1.1,LOW
701346,North East Gas Grid,0.976,1,48.0,HIGH
709837,"Creation of Gas Dehydration Facilities, Tripura Asset",0.886,1,28.9,HIGH
619191,Kanpur LPG Bottling Plant,0.125,0,0.2,LOW
619312,Bulk Loading Hub- Kanpur,0.123,0,0.0,LOW
709781,Revamping / Augmentation of Facilities at Mathura Bitumen Plant,0.243,0,7.5,LOW
709795,"City Gas Distribution Projects at Lakhimpur Kheri , Sitapur, Bahraich, Shravasti,Balrampur, Siddharth Nagar & Maharajganj districts",0.006,0,-16.1,LOW
617302,Durgapur - Haldia Pipeline [Section-3B of JHBDPL Project],0.969,1,71.4,HIGH
617828,Siliguri-Jhapa Pipeline Project,0.071,0,2.8,LOW
617837,Siliguri Marketing Terminal [SMT] Capacity Augmentation Project,0.748,1,12.2,HIGH
701344,Dhamra Haldia Pipeline Project,0.93,1,57.9,HIGH
709753,Haldia Panagarh Pipeline Project,0.852,1,29.7,HIGH
709772,"City Gas Distribution Project at East Mednipore, West Mednipore & Jhargram Districts",0.018,0,-8.0,LOW
709791,City Gas Distribution Projects at Alipurduar and Cooch Behar,0.05,0,-1.6,LOW
701172,AIIMS Darbhanga,0.037,0,-24.3,LOW
707020,Establishment of new GMC Jamui,0.243,0,12.6,LOW
707044,Establishment of new GMC Korba,0.033,0,-14.2,LOW
707045,Establishment of new GMC Mahasamund,0.096,0,-12.7,LOW
707046,Establishment of new GMC Kanker,0.084,0,8.0,LOW
617882,"Setting up IT Infrastructure including Network Security and Hosting at AIIMS, New Delhi",0.247,0,-9.3,LOW
617883,"Redevelopment of Residential colonies at Ayur Vigyan Nagar and West Ansari Nagar campuses of AIIMS, New Delhi",0.717,1,26.5,HIGH
701170,AIIMS Rajkot,0.771,1,-1.2,HIGH
707049,Establishment of new GMC Panchmahal,0.162,0,-12.8,LOW
707050,Establishment of new GMC Porbandar,0.295,0,2.5,LOW
701173,AIIMS Majra Rewari Haryana,0.367,0,-0.0,LOW
701167,AIIMS Kashmir at Awantipora Jammu & Kashmir,0.887,1,10.2,HIGH
707051,Establishment of new GMc Udhampur,0.349,0,3.7,LOW
707021,Establishment of new GMC Koderma,0.022,0,-18.0,LOW
707022,Establishment of new GMC Chaibasa [Singhbhum],0.219,0,14.8,LOW
707057,Establishment of new GMC Leh,0.096,0,44.5,LOW
707058,Establishment of new GMC Rajgarh,0.229,0,4.3,LOW
707059,Establishment of new GMC Mandla,0.021,0,-15.5,LOW
706988,Establishment of new GMC Gondia,0.107,0,15.6,LOW
707069,Establishment of new GMC Kapurthala,0.041,0,8.8,LOW
707070,Establishment of new GMC Hoshiarpur,0.026,0,-0.5,LOW
707039,Establishment of new GMC Gangtok,0.251,0,1.0,LOW
701168,ALL India Institute of Medical Sciences-AIIMS Madurai,0.885,1,29.8,HIGH
701171,AIIMS Bibinagar,0.925,1,21.1,HIGH
707086,Establishment of new GMC Rudrapur,0.175,0,-2.6,LOW
707087,Establishment of new GMC Pithoragarh,0.115,0,-0.1,LOW
612167,"Construction of 350 beds + 50 Super Specialty beds ESIC Hospital Sheelanagar, Visakhapatnam, Andhra Pradesh",0.923,1,1.2,HIGH
612186,350 Bedded [Upgradable to 500 beds] ESI Hospital at Sanand,0.313,0,-18.4,LOW
612211,"Demolition, Construction and upgradation of ESI Hospital, Kalol, Gujarat from 50 beds to 150 beds.",0.667,1,-12.1,MEDIUM
612745,"Construction of 200 bed ESI Hospital at Bommasandra, Karnataka",0.951,1,36.1,HIGH
612748,"Construction of 100 bed ESI Hospital and Staff Quarters [32 Nos.] at Harohalli, Karnataka",0.764,1,9.1,HIGH
612213,"Construction of 200 Bedded ESIC Hospital at Butibori, Nagpur, Maharashtra.",0.97,1,43.4,HIGH
616691,"Upgradation & Extension of ESIC Hospital and Construction of PG Hostel / Staff Housing for ESIC Hospital at Andheri, Mumbai",0.639,1,-4.5,MEDIUM
612513,"Construction of 100 Bedded ESI Hospital at Duburi, Odisha.",0.965,1,60.2,HIGH
612259,CONSTRUCTION OF 300 BEDDED HOSPITAL AT HARIDWAR,0.894,1,7.9,HIGH
701565,Jal Marg Vikas Project,0.95,1,34.0,HIGH
609424,"Development of Container Terminal at Tuna-Tekra, Deendayal Port on BOT Basis Under PPP Mode",0.721,1,6.0,HIGH
701570,"Replacement and revamping of pipeline projects in oil jetty area, Kandla",0.941,1,18.0,HIGH
617804,Mechanization of Berth No.14 for handling Containers and other cargo on DBFOT basis - Phase II,0.881,1,0.3,HIGH
701574,Deepening and Optimization of Inner Harbour facilities including development of Western Dock on BOT basis to handle Cape size vessels,0.761,1,10.0,HIGH
707215,National Maritime Heritage Complex [NMHC] Phase-I,0.742,1,12.2,HIGH
707410,Integrated Multi Modal Logistics Hub at Nangal Chaudhary in Haryana - Other Trunk Infrastructure Development Phase 1,0.934,1,42.8,HIGH
617727,Orvakal Industrial Area,0.093,0,-1.2,LOW
617729,Kopparthy Industrial Area,0.065,0,-1.7,LOW
701658,Krishnapatnam Node - Phase 1 - Roads and Services Development,0.438,0,20.0,MEDIUM
707420,Gaya Integrated Manufacturing Cluster IMC in Bihar,0.042,0,-2.6,LOW
701657,Tumakuru Node - Phase 1 - Roads and Services Development,0.523,1,13.7,MEDIUM
701668,Development of Palakkad Node under extension of CBIC to Kochi,0.03,0,-2.3,LOW
701662,IMC Rajpura - Patiala Development Project,0.029,0,-6.1,LOW
603210,Development of Jodhpur Pali Marwar Industrial Area JPMIA in Rajasthan,0.038,0,-4.0,LOW
601812,Development of Zaheerabad Node under Hyderabad Nagpur Industrial Corridor,0.025,0,-4.9,LOW
707419,IMC at Prayagraj,0.085,0,1.7,LOW
701661,Development of IMC Khurpia Farms under AKIC Project,0.021,0,4.0,LOW
615202,Capacity expansion of Deposit-14 and 14 NMZ at Kirandul,0.009,0,-47.0,LOW
505491,Installation of 140 TPH Walking Beam type Reheating Furnace in Plate Mill at BSP,0.009,0,-4.7,LOW
617243,Replacement of Hot Leveller No.1 of Plate Mill at Bhilai Steel Plant,0.59,1,4.0,MEDIUM
617255,"Replacement of Converter Vessels, Trunnion Rings, Support System & Installation of Secondary Emission at Bhilai Steel Plant",0.72,1,5.7,HIGH
617256,Rebuilding of Coke Oven Battery No.7 & 8 at Bhilai Steel Plant,0.758,1,9.9,HIGH
706811,NMDC Slurry Pipeline Project Phase-1,0.891,1,17.4,HIGH
709826,SCREENING PLANT-III AT KIRANDUL,0.966,1,51.0,HIGH
944288,Super accelerated cooling system,0.167,0,0.0,LOW
400174,"New Sinter Plant at BSL, SAIL",0.287,0,0.7,LOW
617249,Replacement of existing Grinders in CRM-I & II at Bokaro Steel Plant,0.347,0,-5.7,LOW
617250,Secondary Emission Control in Converters of SMS-II at Bokaro Steel Plant,0.327,0,-4.0,LOW
617254,Replacement of remaining 04 sets of Battery Cyclones with 04 Nos. of ESPs in Sinter Plant-1 at Bokaro Steel Plant,0.326,0,-1.8,LOW
617257,Rebuilding of Coke Oven Battery No.6 at Bokaro Steel Plant,0.409,0,-3.6,MEDIUM
400121,"Construction of Screening Plant-II for Donimalai and Kumaraswamy Iron Ore Mining Complex of NMDC Limited at Ballari Dt, Karnataka.",0.911,1,25.4,HIGH
478482,Stamp Charge Battery No.7 Coke Dry Cooling Plant at RSP,0.014,0,-6.3,LOW
589703,Implementation of Treatment System-2 Under ZLD at RSP,0.477,0,8.4,MEDIUM
635651,"New Product Testing Laboratory for NPM, SPP & NHSM at RSP",0.238,0,1.4,LOW
738679,Stamp Charge Battery No.7 Battery Proper at RSP,0.11,0,-0.1,LOW
834015,Stamp Charge Battery No.12 By-product Plant at RSP,0.037,0,-1.5,LOW
364934,Stamp Charge Battery No.12 By-product Plant at IISCO Steel Plant,0.035,0,1.4,LOW
425828,Stamp Charge Battery No.12 Coke Dry Cooling Plant at IISCO Steel Plant,0.028,0,1.4,LOW
612781,Rebuilding of COB 4 at Durgapur Steel Plant,0.255,0,0.6,LOW
617242,Installation of New Bar Mill at Durgapur Steel Plant,0.576,1,6.8,MEDIUM
617246,Up-gradation of Blast Furnace No. 3 at Durgapur Steel Plant,0.484,0,1.7,MEDIUM
617248,Third Ladle Furnace in Secondary Refinery Unit at IISCO Steel Plant,0.769,1,14.0,HIGH
617251,Revamping of Air Pollution Control Systems of SP-1 at Durgapur Steel Plant,0.417,0,11.4,MEDIUM
617338,Stamp Charge Battery No.12 Battery Proper at IISCO Steel Plant,0.153,0,-2.4,LOW
400298,Nadikude-Srikalahasti 308.7 km,0.14,0,15.4,LOW
611752,Doubling between Gooty-Pendakallu 29.225 km PB73/2023-24/NR,0.092,0,-2.0,LOW
611754,South Central Railway - Rail road over double line between Guntakal West-Mallapa Gate 9.64 km PB34/CR/2023-24,0.097,0,-3.1,LOW
611927,Kurnool - Setting up facilities for coach midlife rehabilitation workshop,0.854,1,33.5,HIGH
612827,Flyover between Pendurthi-Simhachalam North to avoid surface crossing at Simhachalam 7.135 km PB73/2023-24/NR,0.143,0,-5.3,LOW
616697,3rd & 4 th line Vadlapudi-Gate Jn. incl. tie line between Gangavaram Port- Visakhapatnam Steel Plant12.04 km PB73/2023-24/NR,0.862,1,3.1,HIGH
617216,South Central Railway- 3rd line between Gudur-Renigunta stations 83.17 km PB34/CR/2023-24,0.04,0,-17.6,LOW
705253,Kurnool Coach Midlife Rehabilitation Project,0.821,1,72.0,HIGH
616701,Lumding-Furkating section 140 km Umbrella work PB57/2019-20/NR,0.045,0,-0.0,LOW
705572,New Bongaigaon - Goalpara - Guwahati Kamakhya 176 km,0.583,1,-5.9,MEDIUM
400254,Sakri-Hasanpur 79 km,0.564,1,-7.3,MEDIUM
617231,East Central Railway - Construction of Bulb line at Nabinagar Ankorah 17.49Km PB45/ECoR/2024-25.,0.037,0,-28.7,LOW
617239,Narkatiaganj-Raxaul-Sitamarhi-Darbhanga & Sitamarhi-Muzaffarpur Sections doubling 256 km Umbrella work PB57/2019-20/NR,0.078,0,-2.9,LOW
705366,Hajipur-Sagauli via Vaishali 148.3 km,0.983,1,66.7,HIGH
705368,Araria-Supaul 92 km,0.995,1,101.1,HIGH
705373,Fatuah-Islampur incl. material modification for extension of new line from Neora to Daniawan Daniawan to Biharsharif Biharsharif to Barbigha Barbigha to Sheikhpura,0.563,1,-1.8,MEDIUM
705450,Jogbani-Biratnagar New Rail Line project,0.931,1,59.3,HIGH
705526,Samastipur-Darbhanga 38 km,0.945,1,32.3,HIGH
705527,Sagauli - Valmikinagar 109.7 km,0.891,1,20.9,HIGH
705528,Muzaffarpur - Sagauli 100.6 km,0.969,1,36.4,HIGH
706759,Rampur Dumra-Tal-Rajendrapul - Addl bridge and doubling 14 km,0.91,1,12.0,HIGH
706860,Barauni-Bachwara 16 km - 3rd & 4th line incl Barauni yard remodelling 32 km Umbrella work PB57/2019-20/NR,0.779,1,29.2,HIGH
900874,Jhajha - Batia 20 km Umbrella work PB23/2018-19/NR,0.256,0,9.8,LOW
400220,Kharsia-Dharamjaygarh with Spur line [East Corridor-Phase 1],0.938,1,63.4,HIGH
400291,Kirandul-Jagdalpur 150 km,0.913,1,48.0,HIGH
602792,Gauge Conversion of Kendri-Dhamtari including Abhanpur - Rajim Branch line 67.20 Kms - 2nd Material Modification to Raipur Titlagarh doubling.,0.992,1,15.9,HIGH
612815,Nipania-Bhatapra 14.4 km 4th line PB72/NR/2022-23,0.035,0,-8.9,LOW
705433,Dallirajhra- Rowghat New Railway Line - Phase I [95 km],0.564,1,3.0,MEDIUM
705444,Gevra Road-Pendra Road New Railway Line [135 km],0.85,1,54.7,HIGH
706854,Boridand-Ambikapur 118.81 km Umbrella work PB57/2019-20/NR,0.062,0,-14.5,LOW
709818,4th line - Rajnandgaon-Dongarhgarh 31.2 km PB72/NR/2022-23,0.084,0,4.0,LOW
709819,3rd & 4th line - Saragbundia & Madwarani 12.2 km PB72/NR/2022-23,0.055,0,-5.2,LOW
705583,Anand Vihar-Tilak Bridge - 3rd & 4th line 9.77 km,0.472,0,41.4,MEDIUM
611918,Kosamba- Umarpada 69.70 Km PB32/WR/2023-24,0.123,0,-4.3,LOW
611943,New BG line between Naliya - Jakhau Port 24.88 Km,0.18,0,3.9,LOW
611945,Petlad-Bhadran 22.5 km,0.064,0,-13.9,LOW
611970,Samlaya-Timba Road 53.53 km,0.055,0,-22.5,LOW
611971,Samni-Jambusar 24.08 km,0.089,0,-12.6,LOW
611974,Western Railway- Samakhiali-Gandhidham Quadrupiling 53 km PB34/CR/2023-24,0.241,0,-1.5,LOW
612072,Barejadi Nandej Geratpur - Sanand - 4th line 38.20 km,0.118,0,-0.6,LOW
616983,Kosamba Umarpada GC PROJECT,0.057,0,-0.0,LOW
705458,Miyagam-Karjan-Dabhoi-Samlaya 96.46 km- Gauge conversion with electrification,0.876,1,57.3,HIGH
706763,Rajkot-Kanalus 111.20 km,0.659,1,7.8,MEDIUM
709812,Nadiad-Petlad 37.26 km,0.057,0,-14.7,LOW
709813,New BG line intersection 5 nos between Geratpur-Sanand & Botad-Ahmedabad 16.51 km PB29/NR/2022-23,0.16,0,5.4,LOW
611884,Doubling between Bhiwani - Dobh Bahali PB73/2023-24/NR,0.657,1,2.6,MEDIUM
617372,Pradhankhunta Jn-Patherdih Bazar-Bhojudih 17.1 km Umbrella work PB57/2019- 20/NR,0.239,0,-18.1,LOW
617832,Koderma-Barkakana Arigada 133 Km,0.006,0,-43.6,LOW
705765,Gomoh - Flyover for down trains 20 km,0.539,1,3.3,MEDIUM
705785,Lodhma-Piska - Link line bypassing Hatia / Ranchi with Y connection 17.2 km,0.501,1,25.9,MEDIUM
706837,Pradhan Kuntha Jn Line Doubling Project,0.2,0,-0.0,LOW
400023,Construction of New BG line between Hassan to Belur [27 Km],0.338,0,23.2,LOW
705490,Gadag - Wadi 252 km,0.525,1,5.9,MEDIUM
705492,Kadur-Chickmagalur-Sakleshpur 93 km,0.992,1,47.5,HIGH
705493,Hubli-Ankola 167 km,1.0,1,271.2,HIGH
705495,Bagalkot-Kudachi 142 km,0.988,1,72.6,HIGH
705496,Tumkur-Chitradurg-Davangere 199.7 km,0.978,1,69.0,HIGH
705663,Bangalore-Whitefield-Bangalore City-Krishnarajapuram 23.08 km - Quadrupling,0.774,1,0.0,HIGH
705761,Shimoga-Shikaripura-Ranebennur 103 km umbrella work PB23/2018-19/NR,0.286,0,-3.3,LOW
705941,Bangalore Suburban Railway Project,0.119,0,-6.6,LOW
705638,Kumbalam-Turavur - Patch doubling 15.59 km,0.28,0,-3.4,LOW
705639,Ernakulam-Kumbalam - Patch doubling 7.71 km,0.176,0,-9.6,LOW
705419,Gwalior-Sheorpurkalan with extension to Kota 284 km,0.981,1,45.9,HIGH
705659,Satna - Rewa 50 km,0.439,0,-0.0,MEDIUM
705661,Katni - Grade separator / bypass 21.50 km,0.778,1,24.0,HIGH
705933,Nimach-Ratlam 133 km,0.536,1,4.4,MEDIUM
611751,Aurangabad-Ankai 98.25 km,0.063,0,6.1,LOW
612845,Pachora-Jamner with extension upto Malkapur-Narrow gauge to broad gauge 84 km,0.184,0,-20.3,LOW
613015,Redevelopment of Chhatrapati Shivaji Maharaj Terminus [CSMT] and construction of associated infrastructure,0.063,0,0.0,LOW
617215,Doubling between Parbhani-Parli Vaijnath stations 64.71 km PB34/CR/2023-24,0.03,0,-6.1,LOW
617364,Central Railway - Double chord line between Nilaje and Kopar 4.495 km PB34/CR/2023-24,0.048,0,-38.0,LOW
705356,Ahmednagar - Beed - Parli - Vaijnath New Broad Gauge Line Railway Project [261.3 km],0.998,1,80.6,HIGH
705357,Baramati - Lonand 54 km,0.68,1,23.7,MEDIUM
705479,Wadsa-Gadchiroli 49.5 km,0.813,1,38.4,HIGH
705497,Wardha - Yavatmal Nanded Railway Line Project,0.387,0,0.0,LOW
705498,Kalyan-Kasara - 3rd line 67.62 km,0.319,0,-25.3,LOW
705500,Wardha Sevagram-Nagpur - 3rd line 76.3 km,0.564,1,-17.8,MEDIUM
705502,Wardha-Balharshah - 3rd line 132 km,0.585,1,-15.2,MEDIUM
705504,Daund - Manmad 247.50 km,0.773,1,-9.8,HIGH
705505,Wardha-Nagpur - 4th line 78.70 km,0.599,1,-17.5,MEDIUM
705506,3rd Line Manmad - Jalgaon [160 Kilometres],0.803,1,20.6,HIGH
705735,Solapur-Osmanabad - New line via Tuljapur 84.44 km umbrella work PB23/2018- 19/NR,0.447,0,4.2,MEDIUM
705391,Jiribam-Imphal 110 km,0.967,1,35.9,HIGH
705491,Marikuppam-Kuppam 23.7 km,0.285,0,17.9,LOW
705494,Rayadurg-Tumkur via Kalyandurg 213 km,0.995,1,92.2,HIGH
705512,Kottavalasa-Koraput 189.278 km,0.817,1,47.4,HIGH
400275,Tindivanam-Nagari 179.2 km,0.895,1,102.5,HIGH
617210,Tirupati-Pakala-Katpadi Doubling 104.39 Km Item83/NR/2024-25,0.03,0,-16.8,LOW
705610,"Renigunta 9.60 km, Wadi 7.60 km & Gooty 3.8 km - Bypass",0.43,0,11.2,MEDIUM
616857,Doubling between Motumari Vishnupuram 88.81 km and Rail over Rail RoR at Motumari 10.877 Km,0.105,0,-20.5,LOW
617214,"South Central Railway- Rail connectivity to Amaravati, Capital of Andhra Pradesh Errupalem- Amaravati- Namburu New line 57 km PB7/WR/2023-24",0.111,0,-8.8,LOW
705632,Vijayawada19.50 km & Kazipet10.65 km -Byepass line,0.97,1,34.0,HIGH
705401,Murkongselek-Pasighat 26.15 km,0.987,1,45.8,HIGH
705394,Teteliya-Byrnihat 21.5 km,1.0,1,187.0,HIGH
705392,Dimapur-Kohima 88 km,0.98,1,57.0,HIGH
705375,Koderma-Tilaiya 68 km,0.976,1,53.9,HIGH
705385,Pirpainti - Jasidih 97 km,0.787,1,50.5,HIGH
616699,Multi tracking of Son Nagar-Andal 374.53 rkm & 814.38 tkm PB34/ECOR/2023-24,0.041,0,0.0,LOW
611669,NER Provision of Automatic Block Signalling on Gorakhpur Cantt[Excl] Chhapra Gramin & Burhwal Jn [Excl] Sitapur Jn section of high density routes,0.287,0,12.0,LOW
617224,Gorakhpur-Valmikinagar Doubling project,0.14,0,-0.0,LOW
617333,Construction of surface traingle between Bhadaura and new crossing station Karma Dildarnagar-Taraghat line 11.1 km PB72/NR/2022-23,0.046,0,-18.5,LOW
705562,Chhapra-Ballia - Patch doubling 65 km,0.907,1,22.5,HIGH
617245,Katihar-Kumedpur & Katihar-Mukuria 64.5 km Umbrella work PB57/2019-20/NR,0.272,0,-30.7,LOW
705617,Rajnandgaon-Nagpur - 3rd line 228 km,0.89,1,22.4,HIGH
709815,4th line - Bhatapara-Hathband 8.8 km PB72/NR/2022-23,0.117,0,1.7,LOW
709816,4th line - Bhilai-Bhilai nagar 8.8 km PB72/NR/2022-23,0.114,0,1.3,LOW
709817,4th line - Dadhapara-Belha 9.2 km PB72/NR/2022-23,0.16,0,3.6,LOW
705511,Jagdalpur-Koraput 110.22 km,0.977,1,48.8,HIGH
705616,Jharsuguda - Bilaspur - 4th line 206 km,0.746,1,3.2,HIGH
705728,Mumbai-Ahmedabad High Speed Rail Project- 508 km,0.765,1,28.0,HIGH
705793,Raising of speed to 160 kmph/200 kmph on existing New Delhi-Mumbai route incl. Vadodara-Ahmedabad,0.909,1,24.0,HIGH
705237,Western Dedicated Freight Corridor,1.0,1,45.0,HIGH
705453,"Dahod-Indore via Sardarpur, Jhabua & Dhar 200.97 km incl. material modification for change in alignment via Amjhera 4.82 km",0.115,0,-11.4,LOW
705454,Chhota Udepur-Dhar 157 km,0.289,0,11.4,LOW
400022,Taranga Hill-Abu Road via Ambaji 116.65 km,0.163,0,-2.4,LOW
616842,LUNI- SAMDARI- BHILDI DOUBLING,0.055,0,2.4,LOW
705424,Chandigarh-Baddi 33.23 km,0.592,1,0.0,MEDIUM
705410,Nangal Dam-Talwara 83.74 km - New broad gauge line & taking over siding Mukerian- Talwara 29.16 km,0.465,0,18.9,MEDIUM
705628,Bondamunda - Ranchi 158.50 km,0.908,1,24.3,HIGH
616588,Buramara - Chakulia 59.96 km PB9/SECR/2023-24,0.035,0,-17.0,LOW
616227,3rd line between Chandil - Anara- Damodar section 121.26 km,0.023,0,-11.2,LOW
705668,Kharagpur-Adityapur - 3rd line 132 km,0.795,1,18.1,HIGH
703586,Baiyyappanahalli-Hosur 48 km,0.873,1,13.0,HIGH
705635,Trivandrum- Kanyakumari,0.758,1,39.0,HIGH
705457,Ratlam-Mhow-Khandwa-Akola 472.64 km including material modification for Fatehabad-Chandrawati Ganj-Ujjain 22.96 km and Rau-DADN doubling 9.40 km,0.806,1,21.7,HIGH
705507,Itarsi-Nagpur bal. 280 km,0.377,0,-37.4,LOW
705481,Ramganj Mandi-Bhopal 262 km,0.801,1,24.0,HIGH
705764,Nimach-Badi Sadri NL Project 48 km,0.87,1,15.0,HIGH
705667,Mathura-Jhansi - 3rd line 273.80 km,0.962,1,35.9,HIGH
705480,"Lalitpur-Satna, Rewa-Singrauli & Mahoba-Khajuraho 541 km",0.014,0,-59.6,LOW
705598,Jhansi-Bina - 3rd line 152.57 km,0.981,1,28.1,HIGH
705608,Jhansi-Khairar-Manikpur & Khirar-Bhimsen,0.371,0,0.0,LOW
616586,Bangriposi - Gorumahisani 85.60 km PB9/SECR/2023-24,0.036,0,-12.4,LOW
705629,Narayangarh - Bhadrak - 3rd line 155 km,0.88,1,25.4,HIGH
400223,Tiruchchirappalli-Nagore-Karaikal with extension of Nagapattinam-Velankani- Tiruthiraipundi incl. new material modification of Karaikal - Peralam 23 km new line,1.0,1,88.4,HIGH
705432,Sivok-Rangpo New Rail Line,0.998,1,151.0,HIGH
602797,"Sainthia, Sitarampur, Mughalsarai, Allahabad & Etawah - Bypass 35 km",0.403,0,-0.0,MEDIUM
400006,Jharsuguda-Barpali-Sardega Ph II Works- Rail Connectivity for Coal Loading Bulb at Barpali.,0.456,0,14.0,MEDIUM
400045,Proposed 6 nos Road Over Bridge [ROB] at different locations under MCL Talcher Under Deposit Scheme.,0.714,1,17.2,HIGH
400047,Doubling of Lingaraj SILO connectivity of NTPC line and augmentation of NTPC exchange yard and NTPC Block Cabin.,0.471,0,16.5,MEDIUM
400048,Doubling of lines connecting the loading spurs in Talcher Yard.,0.768,1,18.3,HIGH
400232,Brundamal - Jharsuguda - Fly-over connection for joining down line 6.6 km,0.948,1,60.0,HIGH
612834,3rd & 4th line between Sarla - Sason 8 km PB73/2023-24/NR,0.745,1,8.1,HIGH
615915,Rourkela-Bondamunda A-Cabin 5th line 10 km Umbrella work PB57/2019-20/NR,0.777,1,22.3,HIGH
616694,Flyover between Siju & Paradeep coaching yard 7 km PB73/2023-24/NR,0.031,0,-13.8,LOW
616695,Construction of Paradeep- Badabandha 3rd & 4th line 18.51 km PB34/ECOR/2023-24,0.069,0,-5.5,LOW
616839,Gunupur - Therubali new line 73.62 km,0.03,0,-13.1,LOW
705358,Khurda Road-Bolangir 301 km,0.944,1,49.4,HIGH
705359,Talcher-Bimlagarh 154 km,0.741,1,43.5,HIGH
705510,Bhadrak-Nergundi - 3rd line 80 km,0.94,1,45.3,HIGH
705513,Koraput-Singapur Road 164.56 km,0.248,0,-8.4,LOW
705514,Jarapaada-Budhapank with flyover at Talcher Road - 3rd & 4th line 47 44 km,0.851,1,48.8,HIGH
705515,Budhapank-Salegaon via Rajatgarh - 3rd & 4th line 85 85 km,0.675,1,11.9,MEDIUM
705741,Jeypore - Navarangpur 38 km,0.147,0,16.2,LOW
705742,Jeypore - Malkangiri 130 km,0.088,0,7.1,LOW
705298,North Region Video Surveillance Project,0.423,0,0.0,MEDIUM
705783,Ludhiana-Kila Raipur 19 km with freight line at Gill station,0.894,1,33.7,HIGH
611855,Nathdwara Mavli - Devgarh Madariya 82.542 km,0.544,1,-0.1,MEDIUM
611929,Maintenance cum workshop depot for Vande Bharat Sleeper Trains as per conditions under WTA 527,0.144,0,0.0,LOW
616841,Pushkar - Merta Katyasani 51.346 km,0.143,0,4.2,LOW
616843,Ajmer-Chanderiya section 178.28 km Umbrella work PB57/2019-20/NR,0.21,0,5.3,LOW
617403,SADULPUR - CHURU DOUBLING PROJECT,0.563,1,-2.4,MEDIUM
617404,North Western Railway - New line between Ramdevra and Pokhran via Bhairav Gufa - Kailash Tekri 13.38 Km PB30/NR/2025-26,0.092,0,-4.0,LOW
705752,Gudha-Thathana Mithri - Construction of dedicated test track for testing and trial of rolling stocks and infrastructure components umbrella work PB23/2018-19/NR,0.791,1,10.9,HIGH
705919,Agra Fort-Bandikui Doubling Line Project,0.167,0,0.0,LOW
706836,Dedicatedtest track for RDSO Phase-2 34 km Umbrella work PB22/2019-20/NR,0.812,1,8.5,HIGH
706866,Sawaimadhopur - Bypass line 6.98 km Umbrella work PB57/2019-20/NR,0.787,1,18.0,HIGH
400280,Phase II extension of MRTS from Velachery to St Thomas Mount,0.844,1,17.6,HIGH
613002,Redevelopment of Chennai Egmore Station,0.126,0,-0.0,LOW
705244,Coach Production Factory Upgradation Project,0.405,0,-0.0,MEDIUM
705489,Madurai-Tuticorin via Aruppukkottai 143.5 km,0.929,1,97.0,HIGH
617409,Railway Manufacturing Unit,0.884,1,-9.0,HIGH
400204,"Bahraich - Khalilabad via Bhinga, Shravasti, Balrampur, Utraula, Domriyaganj, Mehdawal, Bansi 240.26 km",0.072,0,-6.4,LOW
400205,Sahjanwa - Dohrighat 81.17 km,0.123,0,6.6,LOW
617213,"Varanasi- Pt. Deen Dayal Upadhyaya - Multitracking 15 km, including construction of a new Rail- cum- Road Bridge across Ganga River",0.021,0,-22.0,LOW
617252,Anand Nagar - Ghughuli via Maharajganj 53.37 km,0.089,0,-10.3,LOW
617370,Doubling between Jaunpur Jn - Zaffarabad 6.28 km PB73/2023-24/NR,0.221,0,10.0,LOW
705567,Burhwal - Gonda - 3rd line 61.72 km,0.88,1,16.6,HIGH
705588,Janghai - Pratapgarh - Amethi 87 km,0.78,1,19.4,HIGH
705766,Lalitpur - Birari with flyover at Lalitpur 15.80 km,0.964,1,25.9,HIGH
705772,Mughalsarai - Allahabad - 3rd line 150 km,0.58,1,-14.3,MEDIUM
705774,Aligarh-Daud Khan - 3rd line 6.9 km & construction of flyover at Daud Khan,0.83,1,-1.9,HIGH
705777,Bhandai - Flyover for Etawah bound down trains 10 km,0.596,1,18.2,MEDIUM
705780,Bhatni - Aunrihar with electrification 125 km excl Indara - Mau 116.95 km,0.912,1,24.0,HIGH
705782,Barabanki-Malhaur - 3rd & 4th Line 32.84 km,0.886,1,31.6,HIGH
400247,"Kalinarayanpur-Krishnanagar with Krishnanagar-Shantipur-Nabadwipghat - GC, Krishnanagar-Chartala, MM for Krishnanagar-Chapra-NL, Naihati-Ranaghat-3rd line, Nabadwipghat-Nabadwipdham upto BB loop 9.58 km, Ranaghat-Lalgola- strengthening bridge No.2",0.006,0,-46.6,LOW
400273,"Tarakeswar-Bishnupur with extension upto Dhaniakhali, Arambagh-Irphala, Irphala- Ghatal 11.2 km, Arambagh-Champadanga 23.3 km & Bishnupur-Uparsol 31.8 km and new material modification for Mynapur-Kamarpukur via Birsha 19 km",0.988,1,92.2,HIGH
612096,Construction of Balurghat-Hilli new BG Line,0.072,0,-0.0,LOW
619184,"Rehabilitation and up-gradation and completion of balance works of the section from Km 107.760 km to 129.445 km After Middle strait to Humphrey, Km 130.600 to 138.300 After Humphrey to Kadamtala of NH-4 Intermediate/2-Lane with hard shoulder in the Union Territory of Andaman & Nicobar Islands on EPC basis Package- IIIA",0.975,1,8.4,HIGH
619185,Rehabilitation and up-gradation and completion of balance work of section from Km 155.00 to Km 181.00 End of Jarwa to Rangat of NH -4 Total length 26 Km to Intermediate Lane/2-lane with hard shoulders in the UT of A&N Islands on EPC basis - Package-III.B Balance work,0.934,1,9.6,HIGH
619186,Construction of Balance works of Major Bridge over Middle Strait Creek between Km.106.590 to km108.553 of NH-04 connecting South Andaman & Baratang Island in the Union Territory of Andaman & Nicobar Islands on EPC basis,0.898,1,23.9,HIGH
617984,"Gudivada Town 2 RoB, and Road improvement NH-165",0.836,1,15.7,HIGH
617985,Widening to two lane with paved shoulders from Km 0/0 to 64/020 Pamarru to Akiveedu,0.881,1,32.7,HIGH
617986,Kurnool/Kadapa Border-Jammalamadugu section of NH-167K i.e. Design Ch. Km 248010 to km 269900 to 2,0.832,1,13.2,HIGH
617987,Nandyala-Kurnool/Kadapa Border section of NH-167K i.e. Km 186/000 to Km 250/000Design Ch.186000 to 248010 to 2LPS,0.323,0,0.9,LOW
617988,Sangameswaram - Atmakuru section from Km 96 to Km 124 & Velegodu- Nandyal section including Nandyal Bypass from Km 143/6 to 185/9 NH-167K,0.262,0,0.5,LOW
617991,"Rehabilitation and up-gradation of NH-167 from Km 14/900 to Km70/000 Design Ch. 14/900 to 69/700 Chintakunta to Adoni section to two lane with paved shoulders in the State of Andhra Pradesh under Corridor Approach through Engineering, Procurement",0.981,1,55.2,HIGH
618013,4-laning of Puttaparthi-Koduru Section of NH-342,0.837,1,19.2,HIGH
618037,Rehabilitation and Up-gradation of existin of road from 2-lane to 2-lane with paved shoulders from km. 0.00 to km 53.590 total length-53.590 km of Raychoti to Vempalli section of NH-440 in the State of Andhra Pradesh on EPC mode.,0.906,1,17.9,HIGH
618052,Gorantla - Hindupur section from Km 120/300 to 165/000 of NH716G in the State of Andhra Pradesh,0.232,0,0.3,LOW
618053,Muddanur to B. Kothapalli section of NH-716G from Km. 0/000 to Km. 56/500 56.500 Km in the State of Andhra Pradesh on EPC mode Job no. 741,0.218,0,3.2,LOW
618101,Kondamodu to Perecherla Section Design Ch. Km 000 to Km 49917 of NH-167AG to to 4LPS,0.233,0,0.3,LOW
618103,Rehabilitation and upgradation from Km 22300 to 58635 of MudireddyPalle to Kadapa/Nellore Border via porumamilla Section of NH 167 Two Lane with paved Shoulder in,0.888,1,23.9,HIGH
618125,Rehabilitation and upgradation of NH 326A from km 0/0 to 41/979 excluding km 2/255 to 3/372 and km 36/820 to 38/275 Odisha border to Narasamapeta to two lane with paved Shoulders in the State of Andhra Pradesh under NHO on EPC Mode,0.98,1,49.4,HIGH
618193,Widening of Existing Road to Two Lane with Paved Shoulder Configuration from Km 0.00 to 26.000 & Km 45.200 To 59.622 Of NH 365BB in the State of Andhra Pradesh Under Annual Plan 2023-24 through EPC Mode,0.483,0,3.9,MEDIUM
618194,Rehabilitation and upgradation of New NH 544DD from design Chainage Km. 56/000 to 102/20 of Kalyandrg - Molakalmuru Section,0.981,1,51.2,HIGH
618236,Rehabilitation and Up-gradation of Dhindi - Digamarru section from Km 126/510 to Km 135/740 of NH -214 New NH -216 and digamarru -Losari section from Km 0/000 tp Km 34/230 of NH-214 A New Nh-216 to two lane with paved shoulder in the state of AP-NH,0.989,1,60.9,HIGH
618238,Rehabilitation and Up-gradation of Thimmapuram to Gurajanapalli section from Km 26/150 to Km 41/161 of NH - 214 New NH - 216 to two lane with paved shoulder in the state of Andhra Pradesh under NHDP-IV,0.989,1,60.6,HIGH
618239,"Rehabilitation & Upgradation of NH214 New NH-216 from Km 34/230 to Km 84/550 Losari to Machavaram Section to two lane with paved shoulder in the state of Andhrapradesh under NHDP-IV through Engineering, Procurement& Construction EPC mode.",0.989,1,61.2,HIGH
618254,Construction of Paderu bypass Km 0000 to Km 13000 of 2- lane with paved shoulder on NH-516E,0.225,0,13.0,LOW
618255,Two laning with paved shoulders of Lambasingi to Paderusection of NH 516E,0.787,1,31.3,HIGH
618256,"Rehabilitation and Upgradation to 2-lane with paved should ders Sir, configuration of Chaprathipalem to Lambasingi section Km 165500 to Km 205000 of NH-516E in the State of Andhra Pradesh under Green National Highways Corridor Project GNHCP with the loan assistance of World Bank on EPC mode",0.929,1,31.3,HIGH
618257,Rehabilitation and Upgradation to 2-lane with paved shoulders configuration of Koyyuru to Chaprathipalem section Km 120000 to Km 165500 of NH-516E in the State of Andhra Pradesh under Green National Highways Corridor Project GNHCP with the loan assistance of World Bank on EPC mode,0.941,1,31.7,HIGH
618412,Construction of i Connecting Road from Z-Morh Tunnel to Zojila Tunnel Road Length 18.475km and ii 14.150 Km long 2-L Bi-directional single tube Zoji-la Tunnel across Zojila Pass on Sonamarg - Kargil section from Km 82 to Km 118 of NH-01 under PMDP,0.885,1,22.6,HIGH
618475,Bangalore Chennai Expressway Phase-II Pkg-II from km.96.000 to Km 127.000 Baireddypalle to Bangarupalem section,0.973,1,32.3,HIGH
618476,Bangalore Chennai Expressway Phase-II Pkg-III from km.127.000 to Km 156.000 Bangarupalem to Gudipala section,0.981,1,34.8,HIGH
618524,Construction of 6 lane elevated corridor including its approaches from Km. 629880 to Km. 634470 Design Chainage of NH-16 in Ranasthalam Town portion in the state of Andhra Pradesh on EPC Mode under NHO.,0.545,1,4.9,MEDIUM
618525,Construction of flyover at Gammon Junction at Km.903.265 on NH16 including vent at Diwancheruvu junction at Km.902.308 Blackspot ID No.AP03299 in Andhra Pradesh on EPC mode under NHO,0.303,0,-0.5,LOW
618526,6L of Gundugolanu Design km 1023.280 to Kalaparru Design km 1050.680 of NH-5 New NH-16,0.992,1,49.2,HIGH
618579,6L of Anandapuram Pendurthi Anakapalli Section from km. 681.000 to km. 731.780 of NH-16,0.993,1,50.3,HIGH
618629,Nandigama Bypass and Kanchikacherla bypass,0.995,1,56.8,HIGH
618633,4L of Kadapa China Orampadu section of NH-716 Package I of Kadapa-Renigunta section,0.371,0,16.1,LOW
618682,6L Korlam-Kantakapalle Section of NH-130CD Road from Km 421.100 to Km 445.100 Pkg-3,0.979,1,33.6,HIGH
618700,Renigunta - Poyya - Naidupeta km 124.60 to km 183.4 of NH 71,0.985,1,39.5,HIGH
618712,6L Access Controlled Greenfield Highway from Kodur Ch. 0000 to Vanavolu Ch. 24300 of [NH-544G] Package-1,0.927,1,16.8,HIGH
618713,6L Access Controlled Greenfield Highway from Yerragudipadu Ch. 129000 to Audireddipalle Ch. 160000 of [NH 544G] Package-6,0.741,1,17.3,HIGH
618714,6L Access Controlled Greenfield Highway from Nallacheruvu palli Ch. 96300 to Yerragudipadu Ch. 129000 of [NH-544G] Package-5,0.898,1,24.8,HIGH
618715,6L Access Controlled Greenfield Highway from Odulapalle Ch. 72000 to Nallacheruvu- palli Ch. 96300 of [NH-544G]Package-4,0.902,1,19.5,HIGH
618716,6L Access Controlled Greenfield Highway from Vankarakunta Ch. 45700 to Odulapalle Ch. 72000 of [NH-544G]Package-3,0.898,1,16.8,HIGH
618717,6L Access Controlled Greenfield Highway from Vanavolu Ch. 24300 to Vankarakunta Ch. 45700 of [NH-544G] Package-2,0.926,1,16.8,HIGH
618718,6L Access Controlled Greenfield Highway from Kavulakuntla Ch. 196000 to Narayanmpet Ch. 203500Package-09,0.79,1,17.6,HIGH
618719,6L Access Controlled Greenfield Highway from Mallapalle Ch. 176000 to Kavulakuntla Ch. 196000 Package-08,0.844,1,15.2,HIGH
618720,6L Access Controlled Greenfield Highway from Audireddipalle Ch. 160000 to Mallapalle Ch. 176000Package-07,0.879,1,15.6,HIGH
618721,6L Access Controlled Greenfield Highway from Chandrasekharapuram Ch. 228000 to Polavaram Ch. 260000of [NH-544G] Package-11,0.843,1,18.1,HIGH
618759,4L PS Mydukur - Badvel from Km 585.820 to Km 630.960 of NH-67,0.953,1,24.7,HIGH
618777,4L of Pileru to Kalur Section from Km 55.900 to Km 92.800 & Km 94.500 to Km 95.717 of NH-71Package-II,0.961,1,24.5,HIGH
618778,4L of Madanapalle to Pileru Section from Km 0.000 to Km 55.900 of NH-71Package-I,0.963,1,26.3,HIGH
618803,Development of 4L Road from Samarlakota to Achampeta Junction as part of Kakinada Port Connectivity to NH-16 Rajanagaram Junction in East Godavari District,0.952,1,20.7,HIGH
618804,Dedicated Port road to Krishnapatnam Port Package-I from Km. 0.000 to Km. 18.000,0.985,1,49.2,HIGH
618805,6L Connectivity to Port Road from Sabbavaram Sheelanagar-NH516C,0.229,0,0.5,LOW
618806,Improvement of 4L road to 6L road and 4L dedicated Port Roads for the Port connectivity road from Convent junction to Sheelanagar Junction,0.908,1,17.3,HIGH
618807,"4L Greenfield Road connecting North and South industrial cluster of Khandaleru Creek near Krishnapatnam port at Thamminapatnam to Mollur from Km 0.0 to Km 16.046, Part I & 6L extension of dedicated port road of NH-67 Km 18.0 to Km 19.3, Part II",0.935,1,20.7,HIGH
618826,4 Laning of NH-544D from Km 0.000 to km 37.000 of Anantapur- Muchukota section Pkg-1,0.944,1,18.9,HIGH
618827,4 Laning of NH-544D from Km 37.000 to km 69.000 of Muchukota- Bugga section Pkg-2,0.932,1,21.5,HIGH
618920,Access Controlled Highway of 4 Lane with Paved Shoulders from TN/AP Border Design Chainage Km 6151 to Puttur Design Chainage Km 81540 of NH-716 & 6 Lane with Paved Shoulders from Mallavaram to Renigunta,0.607,1,9.9,MEDIUM
619076,Six Laning of Vijayawada Bypass from Chinna Avutapalli to Gollapudi in Vijayawada - Gundugolanu Section from km. 0.00 to km. 30.00 Pkg-III,0.985,1,40.2,HIGH
619102,4 L of China Orampadu-Renigunta section of NH-716 Package-II of Kadapa- Renigunta section,0.352,0,16.1,LOW
619111,6L Jakkuva Korlam Section of NH-130CD Road from km 396.800 to km 421.100 Pkg 2,0.978,1,30.4,HIGH
619112,6L Kantakapalle Sabbavaram Section of NH-130CD Road from Km 445.100 to Km 464.662 Pkg-4,0.964,1,32.9,HIGH
619123,6L Access Controlled Greenfield Highway from Narayanmpet Ch. 203500 to Chandrasekharpuram Ch. 228000Package-10,0.845,1,15.2,HIGH
619124,6L Access Controlled Greenfield Highway from Polavaram Ch. 260000 to Marripudi Ch. 285500 of [NH-544G]Package-12,0.865,1,15.5,HIGH
619125,6L Access Controlled Greenfield Highway from Somavarappadu Ch.314.600 to Muppavaram Ch.343240 of [NH-544G] Package-14,0.723,1,17.2,HIGH
619126,6L Access Controlled Greenfield Highway from Marripudi Ch. 285500 to Somavarappadu Ch. 314600 of [NH-544G] Package-13,0.876,1,15.6,HIGH
619140,6L of Naidupeta Junction - Turpukanupur Section from km 57.046 to km 91.927,0.814,1,20.9,HIGH
619141,Construction of four lane access controlled highway from Chillakuru cross road to Turpu KanupurPart 1 of Package - II km 0.000 131.500 of NH - 16 to km 23.770 on New NH-516W including six lane flyover and approaches on NH-16 length km 1.050 and six lane access controlled from Turpu Kanupur to Port South Gate Part 2 of Package - II km 23.770 to km 35.015 on New NH-516W in the state of Andhra Pradesh on HAM Mode under Bharatmala Pariyojana Phase I,0.82,1,18.3,HIGH
619160,Balance works in AP Portion and punch list items in TN & AP portion of NH-205,0.966,1,22.7,HIGH
617892,Construction of 2-lane road of Potin to Pangin section of NH-13 from Km 163.59 to Km 206.66 Package-5 on EPC Mode in the State of Arunachal Pradesh under Arunachal Pradesh Package of Roads and Highways of SARDP-NE [Job No SARDP-NE/P- P/Pkg-A/NH-13/Ar.Pr./PWD/2018-19/116],0.929,1,33.3,HIGH
618401,"Construction of Intermediate Lane with Hard Shoulder of Hunli to Hayuliang Package- III from design Km 60.000 to Km 121.500 Design Length 61.500 km, Greenfield Section of Frontier Highway NH-913 in the State of Arunachal Pradesh on EPC Mode Pkg-3",0.045,0,-2.2,LOW
618402,"Construction of Intermediate Lane with Hard Shoulder of Hunli to Hayuliang from Design Km 0.000 to Km 53.000 Design Length 53.000 km, Greenfield Section of Frontier Highway NH-913 in the State of Arunachal Pradesh on EPC Mode Package-I",0.089,0,-0.6,LOW
618403,Construction of Intermediate Lane Road with hard shoulder from design Km 0.000 to Km 17.387 Total length 17.387 km of Hunli to Ithun Bridge section on NH-913 Frontier Highway in State of Arunachal Pradesh on EPC mode under NHO-NE,0.37,0,4.6,LOW
618404,Construction of lntermediate Lane Road with hard shoulder from design chainage Km 0.000 to Km 53.040 Existing Length68.500 Km & Total Design length 53.04 km of Tato to Monigong section of NH-913 Frontier Highway on Nafra Bomdila to Vijaynagar along China border in state of Arunachal pradesh on EPC mode,0.124,0,0.7,LOW
618405,"Construction of Intermediate Lane of Pango to Jorging Road from 0000 to Design Km Design Km 40000 Design Length 40.00 Km, Pkg-l, Greenfield Alignment in the State of Arunachal Pradesh on EPC mode Pkg-1",0.199,0,0.5,LOW
618433,Construction of Balance work of 2-Lane with PS of Joram Koloriang Road from existing Km122.600 to km138.00 [Design Km108.724 to Km123.714] in Arunachal Pradesh on EPC Mode under SARDP-NE Pkg-7,0.982,1,55.5,HIGH
618434,Roing-Hunli Road Greenfield Alignment Project,0.91,1,41.6,HIGH
618445,Construction of 2-Laning with hard shoulders of Demwe-Brahmakund section of NH- 13 from Ch.0.00 km to 18.464 km on EPC under SARDP-NE NHO-NE -Balance Work,0.3,0,21.5,LOW
619014,"lmprovement and Widening to 2 lane with paved Shoulder of NH-15 old NH-52 from Existing Km 770.600 Design Km 24.819 to Existing km 805.750 Design Km 59.885 Kamlang T-Junction to Chowkham, Existing Length 35.150 Km, Design Length-35.066 Km in the state of Arunachal Pradesh on EPC mode Pkg-2",0.113,0,2.9,LOW
619248,"lmprovement and Widening to 2-lane with Paved Shoulder of NH-13 & 15 Old NH-52 from Existing Km 745.60 Design Km 0.000 to Existing km 770.600 Design Km 24.819 Brahmakund T-junction to Kamlang T-Junction, Existing Length 25.00 Km, Design Length 24.819 Km in the state of Arunachal Pradesh on EPC mode Pkg-1",0.11,0,2.7,LOW
617895,Construction of Mangaldoi Bypass NH-15 starting at Ch 26400 and terminating at Ch 41505 under Rangia NH Division L 15.105 Km in the State of Assam. Job No. 15/AS/2021-22/234,0.774,1,12.1,HIGH
617896,"Construction of 4 lane Gauripur Bypass Starting bfrom Km 852.56 of NH- 31Dumardoha Pt-II and Terminating at Km 862.17 Baladmara via. Khudimari Pt.- II, Fulkumari, Charaldanga, Sajuakuti,Geramari Pt.-III and finally meeting at km 862.17 of NH-17New/ NH-31Old in the State of Assam under EPC Mode Job no. 31/AS/ 2023- 24/265",0.282,0,-0.5,LOW
618034,Construction of 2 lane Barpeta Bypass from Km 77900Baradi to Km 86150 Deurikuchi Length8.25Km on NH-427 in the state of Assam under EPC ModeJob No.427/AS/2022-23/245,0.26,0,5.7,LOW
618159,"Construction of new 2 Lane with paved shoulders of NH Standards from km 0.080 to km 11.690 L11.610 km in Majuli and from km 19.715 to km 27.484 L 7.769 km in Jorhat on the newly declared NH 715K and construction of 1.10 km flyover on NH-715 with its approaches and service roads L1.10 km, Total Length 20.479 km in the State of Assam Job No. 715K/AS/2023-24/256",0.174,0,-5.1,LOW
618160,"Construction of 2 lane Major Bridge including approaches over Brahmaputra between Majuli on North Bank and Jorhat on South Bank from km. 11.690 to km. 19.715 length of bridge 6,812.5m Package - II on NH-715K in the state of Assam Job no. 715/AS/2020-21/213",0.067,0,-8.3,LOW
618282,4-L Bilasipara-Guwahati Package-10,0.619,1,0.1,MEDIUM
618283,4-L Bilasipara-Guwahati Package-9,0.579,1,-0.0,MEDIUM
618284,Widening/Improvement to 4-Lane with paved shoulder from Km 99930 to Km 143680 Design Chainage 96000 to 139750 of Paikan to Dhupdhara Sahar of Bilasipura- Guwahati Road on NH-17 in the state of Assam on EPC mode under Bharatmala Pariyojana in Economic Corridors Project Length 43.750km under NHO-NE Package- 8,0.75,1,-1.8,HIGH
618286,Construction of New 2-Lane Bridge with its approaches from km 0000 to Km 4385 across River Brahmaputra on NH-17 at Jogighopa in Assam on EPC mode,0.802,1,4.6,HIGH
618287,"Widening/Improvement to 4-Lane with paved Shoulder from Ch. 25.633 Km to Ch. 52.470 Km Design Ch. 21.850 Km to Ch.48.670 Km for Package-2 of Bilasipura- Guwahati road NH-17 Section Near Mowatari, before Chapar Bypass to Tulungia junction with NH-17 in the state of Assam on HAM mode under NHO-NE Package-2",0.144,0,-7.2,LOW
618288,"Widening/lmprovement to 4-Lane with Paved Shoulder from Ch.5.580 Km to Ch.25.633 Km Design Ch.0.000 Km to Ch.17.737km Km 901.100 to Km 921.145 of old NH-31 of Bilasipara- Guwahati road NH-17 Section Near Chirakuta to near Mowatari, before Chapar Bypass in the state ol Assam on HAM mode Package-1",0.264,0,-7.8,LOW
618289,Construction and up gradation to 4-Lane of existing two lane with paved shoulder from Hapachara to Tulungia road of NH-117 of existing Km 0.00 to km 14.050 and Design Km 0.000 to km 14.660 under BMP on EPC mode,0.946,1,19.1,HIGH
618308,Construction of 4-Lane Panchgram Bypass from Design Chainage km 15500 on NH- 37 Old NH-53 at Kalinagar Pt.-I Village to Design Chainage km 27300 at crossing with NH-6 Old NH-44 Near Siddeswar Pt.-I Village on Silchar - Churaibari stretch in the State of Assam on EPC Mode under Bharatmala Pariyojana in Economic Corridors Silchar- Churaibari Package-2,0.536,1,-3.2,MEDIUM
618309,Widening/lmprovement to 4-Laning and Greenfield alignment with Paved shoulder of Silchar-Badarpur Churaibari section of NH-37 & NH-8 from Design chainage 38.600 End point of proposed Badarpur Bypass to Km. 62.800 Start point of proposed Nilambazar/Cheragi Bypass in the state of Assam on HAM Mode Package-4,0.219,0,-5.3,LOW
618310,Widening/lmprovement to 4-L of Karimgani - sutarkandi section of NH 37 from design Ch 0020 Start of proposed Karimganj Bypass from NH -8 to design Chainage Km 14380 near Sutarkandi Spur Connectivity to Indo/Bangladesh Border on Silchar- Churaibari in the State of Assam on HAM Mode Package-7,0.349,0,-7.5,LOW
618311,Widening/lmprovement to 4-Lane with Paved shoulder for existing as well as Greenfield alignment of Badarpur Churaibari section of NH-8 from Design chainage 87.700 Chandkhira to Km. 106.500 Churaibari section Assam-Tripura border in the state of Assam on HAM Mode Package-6,0.334,0,-8.0,LOW
618312,Widening/lmprovement to 4-Lane with Paved Shoulder from existing road and Greenfield alignment form Design Ch. 62.800 start of proposed Nilambazar/Cheragi Bypass to Design Ch. 87.700 near Chandkhira Village of NH-8 on Silchar-Churaibari in the state of Assam on HAM Mode Package-5,0.14,0,-8.7,LOW
618313,Widening/lmprovement of Existing 2 lane to 4-Laning of Karimganj-Silchar section of NH-37 from Design Ch 0.000 near Silchar ISBT to Design Ch 15.970 near Kalinagar Pt I on NH-37 in Assam on HAM Mode Pkg-1,0.35,0,-5.0,LOW
618314,4-Laning of Dhanehari Lailapur / Vairengte section from Existing Chainage km 12920 to km 43000 of NH 306 Design Chainage km 20000 to km 49360 on Silchar - Vairengte Sairang road in the State of Assam under Bharatmala Pariyojna on EPC mode. Project Length 29.360 km under NHO-NE Package-2,0.757,1,0.9,HIGH
618315,4-Laning of Silchar - Dhanehari section from Existing Chainage km 263800 of NH 37 to km 12920 of NH 306 Design Chainage km 0000 to km 20000 on Silchar - Vairengte - Sairang road in the State of Assam under Bharatmala Pariyojna on EPC mode Package-1,0.583,1,0.4,MEDIUM
618326,Widening/Improvement to 4-Lane with Paved Shoulder from KM 38500 to Km 51246 Design Chainage 38500 to 50959 with proposed Daboka Bypass of Daboka- Parokhaowa of NH 29 on EPC under NHO-NE Package-1,0.883,1,3.1,HIGH
618331,lmprovement to 4-Lane with Paved Shoulder from existing km 260000 Design Ch.4560 km to existing km Ch.233000 D. Ch.24560 of Silchar near Nutan Dayapur village - Budha Nagar Section Length-20.00 Km of NH-37 under Package Silchar- Jiribam Pkg-1 in the state of Assam on HAM Mode,0.307,0,-12.8,LOW
618340,Widening/Improvement to 4-Lane with Paved Shoulder from km 626030 Nalani hulla Gaon to km 650450 Chotahapjan on existing Tinsukhia -Makum Bypass of NH-15 OLD NH-37 and Strengthening of existing NH-315 OLD NH-38 from Km 0000 Chotahapjan to Km 16900 Bogapani section 2-Lane PS in Assam on EPCMode under NHO-NE Package-3,0.834,1,2.5,HIGH
618351,Widening & Upgradation to 2 lanes with paved shoulders road from Tamenglong to Mahur NH-137 in the State of Assam starting from km 156.489 near P. Leikul to km 176.410 near Borowapu on EPC mode under NHO-NE Assam portion Package-10,0.835,1,1.6,HIGH
618352,Widening & Upgradation to 2 lanes with paved shoulders road from Tamenglong to Mahur NH-137 in the State of Assam starting from km 136.500 near Hejaichak to km 156.489 near P. Leikul Package-9 on EPC mode under NHO-NE Package-9,0.818,1,1.4,HIGH
618353,Widening & Upgradation to 2-lanes with paved shoulders road from Tamenglong to Mahur NH-137 in the State of Assam starting from km 116.480 near Hangrum to km 136.500 near Hejaichak Package-8 on EPC mode under NHO-NE Package 8,0.804,1,1.2,HIGH
618354,Wideinig & Upgradation to 2-lanes with paved shoulders road from Tamenglong to Mahur NH-137 in the State of Assam starting from km 96.870 near Jiri River to km 116.550 near Hangrum Package-7 on EPC mode Package7,0.788,1,-3.5,HIGH
618371,"Widening/Improvement to 4-Lane with Paved Shoulder configuration of existing single lane road from Srirampur near Bhairiguri Village to Kachukhana Harichara Paglagaunj Package-I of Srirampur - Dhubri Section of NH-127B from existing Km 0.000 to Km 28.050 Design Km 0.000 to Km 27.650, Design Length27.650 Km under JICA ODA Loan assistance Phase-V -Balance work",0.876,1,8.0,HIGH
618373,"Construction of 4-Lane Bridge including approaches over River Brahmaputra between Dhubri on North Bank,Assam and Phulbari on south Bank,Meghalaya on NH-127B under JICA ODA Loan assistance Phase-III",0.53,1,-7.9,MEDIUM
618436,4-Laning of Jamugurihat to end of Biswanath Chariali By-Pass from Km 182.000 to Km 208.000 of NH-52 on EPC mode in state of Assam under SARDP-NE,0.992,1,51.1,HIGH
618437,"Construction of Balance Work of 4-Laning of NH-37 Section between End of Moran Bypass to Bogibeel junction near Lapetketa Km. 561.700-Km. 580.875 under SARDP- NE, Phase 'A' in the State of Assam on EPC mode Pkg-I Road works & Toll Plaza",0.995,1,57.4,HIGH
618438,"4-Laning of NH-37 Section between Demow to End of Moran Bypass From Km. 534.800 to Km. 561.700 including Emergency Landing Facility ELF under SARDP-NE, Phase 'A' in the State of Assam on EPC mode",0.994,1,54.2,HIGH
618440,"Construction of Balance Work of 4-Laning of the Section from Jhanji to Demow of NH- 37 Old from Km 490.800 to Km 534.800, under SARDP- NE on EPC Mode in the state of Assam Pkg- IV Structures & Toll Plaza",0.971,1,51.8,HIGH
618441,"Construction of Balance Work of 4-Laning of the Section from Jhanji to Demow of NH- 37 Old from Km 490.800 to Km 501.800 11.000 Km, under SARDP- NE under EPC Mode in the state of Assam Pkg-I Road Works",0.99,1,53.7,HIGH
618442,"Construction of Balance Work of the 4-Laning of the Section from Jorhat to Jhanji of NH-37 Old from Km 477.000 to Km 490800 13.800 Km, under SARDP- NE under EPC Mode in the state of Assam Pkg-III Road Works",0.904,1,5.1,HIGH
618454,"Earthwork in Formation, Road Work, Construction of Bridges, Blanketing, P. Way Linking works including Supply of P. Way Fittings and Track Ballast in connection with Construction of Railway Siding from Jogighopa Railway Station to MMLP at Jogighopa from Ch. 00 to 3760 on Item Rate basis Package -3, Railway Siding from Jogighopa Railway Station to MMLP",0.924,1,23.9,HIGH
618455,Development of External Trunk Connectivity and Internal Infrastructure Works at Multi Model Logistics ParkMMLP at Jogighopa in the State of Assam on EPC Mode Package-I Road and Utility Works,0.964,1,24.1,HIGH
618934,Guwahati Ring Road in the State of Assam,0.17,0,-11.6,LOW
618958,2L with ES of Yagyi - Kalewa section from Milepost 40/0 to Milepost 115/5 in Myanmar,0.852,1,24.1,HIGH
619013,"Construction of Balance Work of 4-Laning of the Section from Jhanji to Demow of NH- 37 Old from Km 501.800 to Km 514.800 13.000 Km, under SARDP- NE under EPC Mode in the state of Assam Pkg-II Road Works",0.988,1,59.2,HIGH
619057,Construction of 4-Lane Badarpur Bypass from Design Chainage km 27300 at crossing with NH-6 Old NH-44 Near Siddeswar Pt.-I Village to Design Chainage km 38600 on NH-37 Old NH-44 at Kandigram Chaita Village on Silchar - Churaibari stretch in the State of Assam on EPC Mode under Bharatmala Pariyojana in Economic Corridors Silchar- Churaibari Pkg-3,0.67,1,-1.9,MEDIUM
619060,"Construction of Balance Work of 4-Laning of the Section from Jhanji to Demow of NH- 37 Old from Km 514.800 to Km 534.800 20.000 Km, under SARDP- NE under EPC Mode in the state of Assam Pkg-III Road Works",0.989,1,61.1,HIGH
619089,Balance work of 4L of NarimbangloJatinga Junction- Harangajoroad section from Km 0.000 to Km 49.230 of NH-27,0.947,1,12.4,HIGH
617897,Construction of proposed 4Lane Revelgunj bypass NH-19 in the State of Bihar on EPC mode connecting NH 19 to 85 origin,0.905,1,19.1,HIGH
617958,Widening & Strenthening from km132.895 to km 190.15 NH-80,0.891,1,25.6,HIGH
617961,Gaya-Hisua-Rajgir-Nalanda-Biharsharif section km0.00 to 92.935 NH-82,0.995,1,68.8,HIGH
617966,Rehabilitation and Upgrading to 2 lanes/2-lane with paved shoulders configuration and strengthening of of Birpur and Bihpur Section from km 0.0 to Km 106 of NH 106 under phase I of National Highways Interconnectivity Improvement Projects NHIIP ICB No. NHIIP-BR-106-7 [NHIIP-BR-106-7],0.995,1,65.9,HIGH
617969,Construction of 4 Lane ROB and its approaches at the level crossing LC No 29 B of Km 29 Ekangarsarai at NH 110 New NH 33 & Railway Km 32.63 at Fatwa FUT Islampur IPR section in the state of Bihar on EPC mode.,0.674,1,7.4,MEDIUM
618004,Construction of Bhabhua Bypass from Ch. 10800Design Ch. 10800 to Ch. 19860 Design Ch. 18150 and Chand Bypass from Ch. 38060 Design Ch. 36250 to Ch. 40460 Design Ch. 38650 and widening of existing road to 2 - lane with Paved shoulder from Ch. 40460 Design Ch. 38650 to Ch. 46860 Design Ch. 45050 of NH-219 Total length- 16.150 Kmunder EPC mode in the state of Bihar,0.406,0,14.5,MEDIUM
618073,Improvement to Two lane with Paved Shoulder from Junction of NH22 near Hajipur to Junction of NH -122 at Bachhwara via Mahnar and Mohiuddin Nagar from Km 0.00 to Km 29.730 of NH 122 B in the State of Bihar.,0.668,1,8.2,MEDIUM
618074,Pre construction activity of NH 122B from km 0 to 72.348 and Improvement to two lane with paved shoulders of NH 122B from km 29.730 to km 72.348 in state of Bihar under EPC mode,0.883,1,12.3,HIGH
618080,Improvement to two lane with paved shoulders of BH WB Border Amdabad Manihari section from design Km 0.000 to Km 23.945 of NH 131 A Total length 23.945 Km under EPC mode in the state of Bihar,0.377,0,19.4,LOW
618120,construction of Four-Lane of chausa-Buxar Bypass from Km 45.000 to Km 65.915 Package - 2 in the State of Bihar on EPC Mode.,0.256,0,14.9,LOW
618121,Improvement to two lane with paved shoulders of NH-319A from km 0 to km 45 in state of Bihar under EPC mode,0.937,1,23.5,HIGH
618126,"Pre-Construction activities from Km 134.000 to Km 190.233 of NH-333A and Construction of 4 no. of Bypasses at Katoria, Lakhpura, Banka & Panjwara total length-14.359 Km to two lane with paved shoulders standard in State of Bihar.",0.707,1,13.4,HIGH
618146,Estimate for Improvement to two lane with paved shoulder from Ramnagar to Roseda from km 3.500 to 43.000 of NH 527 E on EPC mode in State of Bihar,0.658,1,20.7,MEDIUM
618228,construction of a new 4 lane Parallel to existing MG Setu with its approaces from km 0.00 to km 14.500 across river Ganga on NH-19 at Patna in the state of Bihar.,0.902,1,31.7,HIGH
618234,Construction of a new 4-lane major bridge across river Kosi at Phulaut including Rehabilitation and upgradation of existing Birpur and Bihpur section of NH-106 from km 106.000 to km 136.000 to 2-lane with paved shoulders in the State of Bihar on EPC mode,0.975,1,39.8,HIGH
618246,Construction of New 4-Lane Bridge Parallel to existing Vikramashila Setufrom km 8920 to Km 13375including approach road 35m Naugachhia side &53 m Bhagalpur sideacross River Ganga on newly declared NH-131B at Bhagalpur in the State of Bihar,0.759,1,15.5,HIGH
618250,Construction of 6-Lane Elevated / Extra Dose Cable Bridge on River Ganga parallel to & Western side of Digha-Sonepur Rail cum-Road Bridge of NH 139W in the State of Bihar,0.121,0,-6.7,LOW
618251,"Improvement and Up gradation to four lane with Paved shoulder configuration from Existing Km 0000 to Km 39500 design km 0500 to Km 40342, Design length km of NH 227A near Mehrauna GhatUP Bihar Border to Siwan on the state of Bihar on Hybrid Annuity Model HAM basis",0.209,0,8.7,LOW
618571,Permanent rectification of 3 nos. of black spots in project Highway NH-27 of U.P border - Dewapur - Kotwa section from Km.360.915 to km.440.000 Total Length of 79.085 Km of NH-27& Permanent rectification of 5 nos. of black spots of project Highway NH-27 of Kotwa - Mehsi - Muzaffarpur Section from km.440.000 to km.520.000 Total length 80.00Km,0.964,1,22.5,HIGH
618725,6L Greenfield Varanasi-Ranchi-Kolkata Highway from Pachmon village to Anarbansalea village From KM. 116000 to KM. 151200 Package-6,0.66,1,15.0,MEDIUM
618726,6L Greenfield Varanasi-Ranchi-Kolkata Highway from junction with Chandauli- Chainpur Road near Khainti village to junction with Bhabhua-Adhaura road near Palka village from Km. 27.000 to Km. 54.000 Pkg-2,0.684,1,15.2,MEDIUM
618727,6L Greenfield Varanasi-Ranchi-Kolkata Highway from junction with Bhabhua-Adhaura road in Bhairopur village to Konki village From KM. 54.000 to KM. 90.000Pkg-3,0.676,1,15.1,MEDIUM
618738,6L Bridge and its approaches across River Ganga as Part of Patna Ring Road NH- 131G starting from Km 8.480 near Sherpur to Km 23.000 near Dighwara,0.633,1,8.6,MEDIUM
618739,4L Greenfield Alignment of Amas to Shivrampur from 0.000 Km. to 55.002 Km. of NH 119 D Pkg-I,0.907,1,23.9,HIGH
618740,4L Greenfield Alignment of Shivrampur to Ramnagar from Km. 55.002 to Km. 109.300 of NH 119 D Pkg-II,0.893,1,23.7,HIGH
618741,4L Greenfield Alignment from Kalyanapur to Tal Dashraha of NH-119D Pkg-III,0.826,1,22.5,HIGH
618742,"Construction of 6-lane Greenfield corridor from Ramnagar to Kacchi Dargah NH-119D from Km 109700 to Km 122300, including widening of the existing NH-31 from Km 196700 to Km 198600, as part of the Amas-Darbhanga.",0.285,0,1.8,LOW
618775,Ara Bypass,0.536,1,2.1,MEDIUM
618790,Construction of four laning of Bakarpur- Manikpur road section starting from village Chitarsenpur km 0000 and terminating at SH-74 near Manikpur 38814 at NH-139W under Bharatmalapariyona,0.808,1,13.6,HIGH
618791,4L PS under NH configuration of Manikpur-Sahebganj of NH-139W,0.566,1,5.8,MEDIUM
618840,Simaria Km. 206.050 to Khagaria Km. 266.282,0.998,1,61.4,HIGH
618841,4L Elevated Section and at-grade improvements at Begusarai town Simaria - Khagaria section from Km. 221.047 to Km. 225.302 of NH-31,0.976,1,22.4,HIGH
618861,Bakhtiyarpur-Rajauli Pkg-II from km. 54.405 to km.101.630,0.987,1,31.6,HIGH
618862,Bakhtiyarpur-Rajauli Pkg-III from km. 101.630 to km.152.520,0.987,1,32.3,HIGH
618902,Maheshkunt-Saharsa-Purnea Pkg I km 0.00 to km. 90.00 of NH-107,0.996,1,57.6,HIGH
618903,Maheshkunt -Saharsa-Purnea Pkg II,0.997,1,58.6,HIGH
618905,Widening with additional 3L abetting Chhapra Bypass Section of NH-19 from Km. 143.200 to Km. 159.255 Pkg-1,0.911,1,9.4,HIGH
618914,"4L Elevated Corridor and at-grade improvements from Design Ch0000 to Design Ch 19870 of Danapur Bihta Section, Design Ch0000 to Design Ch0231 connecting the existing RoB near Danapur station ,1.35 Km ramps and at-grade improvements to 4- lane section on Danapur side and Upgradation of existing Two lane carriageway to Four Lane carriageway from Design Ch19870 to Design Ch23500 of Bihta - Koilwar section",0.878,1,15.6,HIGH
618917,4L Greenfield starting from NH-30 near Saristabad Patna to Nathupur Project end point of Patna-Gaya-Dobhi Section of NH-83,0.958,1,16.3,HIGH
618926,4L of Siwan- Masrakh section of Ram Janki Marg from Km 230.385 to Km 281.391 of NH-227A,0.607,1,18.6,MEDIUM
618953,Umagaon-Saharsa Package-IV Koshi Bridge & approach Road - Bheja-Bakaur,0.987,1,37.1,HIGH
618954,Umagaon - Saharsa Package - I Combined Umagaon-Kaluahi0.000KM to 21.609Km of NH227LSaharghat-Rahika0.000 Km to 26.130KM of NH227JRahika-Rampatti 0.00 KM to 15.00KM of NH527ABideshwarsthan-Bheja0.000KM to 25.915KM of NH527A.,0.672,1,16.3,MEDIUM
618955,2L PS of Majhauli to Charout section from km. 0.00 to km. 63.655,0.996,1,52.1,HIGH
618956,Construction of Major Bridge over Baghmati and Lakhandei River along with Approaches from Design km.16.500 to km.21.500,0.54,1,3.1,MEDIUM
619127,4L of Greenfield Alignment from Km. 47.000 to Km. 89.210 of Balbhadarpur to Bela Nawda Section of NH-119D,0.782,1,21.9,HIGH
619136,Rehabilitation and Upgradation of Chorma - Bairgania Section of National Highway No 227F to 2 lane with paved shoulders from Design Ch.0.000 to Ch. 34.566,0.978,1,21.5,HIGH
619152,Bakhtiyarpur Km 153.300 to Mokama Km 197.900,0.998,1,63.5,HIGH
619166,Umagaon-Saharsa Package-V Bakaur-Parsarma-Bangaon-Bariyahi & Spur to Mahishi,0.975,1,19.0,HIGH
619289,4L of Munger Mirzachauki section from Munger to Kharia village junction from Km 69520 to Km 95580 Pkg-1,0.976,1,31.9,HIGH
619301,Construction of Approach Road to Rail-cum- Road Bridge across river Ganga at Munger Ghat NH-333 B,0.999,1,77.8,HIGH
619305,4L of Munger Mirzachauki section from start of existing Bhagalpur bypass to Rasulpur from Km 125000 to Km 157350 Pkg-3,0.97,1,31.6,HIGH
619306,4L of Munger Mirzachauki section from Km 95580 to Km 125000 Pkg-2,0.986,1,32.6,HIGH
619317,4L of Hajipur-Muzaffarpur Section of the existing NH-77 from Km. 0000 Ramashish Chowk to Km. 46300 and new bypass starting at Km. 46300 and connecting NH-28 of E-W Corridor at Km. 515045,1.0,1,97.4,HIGH
617908,Bemetara Bypass NH 30,0.257,0,4.1,LOW
617919,Construction of 4 Nos Grade separtor between km. 281.000 to km. 307.600 km. 286.400 kumhari km. 299.000 Transport Nagar km. 302.000 Power House km. 304.000 Chandra Moura Chowk to km. 305.000 supeia of NH-53 old NH-06 Raipur - Durg 4 Lane on EPC mode in the state of chhattisgarh job NO. NH-53old NH-06 CG- 2017-18-56,0.992,1,43.2,HIGH
617971,Up-gradation to Two/Four lane with paved shoulder Configuration of Kondagaon- Narayanpur from design ch. 0.00 - 48.693 Design Length 47.493 Km. 1.20 Km. retained on NH-130D under EPC mode in the State Chhattisgarh.,0.592,1,12.3,MEDIUM
617972,Upgradation to Two lane with Paved Shoulder Configuration of Narayanpur Kasturmeta pkg-II from design ch. 48.693 to 70.453 design length21.760 Km. on NH-130D under EPC mode in the state of Chhattisgarh.,0.12,0,12.4,LOW
618014,"Upgradation of Ambikapur-Ramanujganj-Garwa road of NH-343, Package-III, Badki mahri village to Ramanujganj section from existing km 80.600 to km 110.330 Design Ch. 85.370 to Ch. 114.800 of total length 29.430 km to two lane with paved shoulders udner corridor scheme under EPC Mode in the of Chhattisgarh",0.532,1,15.8,MEDIUM
618015,"Upgradation of Keonchi - Ratanpur Road of NH 45 Package-I, from design chainage km 237.860 to km 273.200 of length 35.340 km to two lane with paved shoulders under Corridor scheme on EPC mode in the state of Chhattisgarh.",0.711,1,16.4,HIGH
618016,"Upgradation of Ambikapur Ramanujganj - Garhwa Road NH 343 of Package-I, Rajpuri Khurd Village to Padih Village section from existing km 7.830 to km 57.650 Design Ch. 13.700 to Ch. 62.700 of total length 49.00 km to two lane with paved shoulders under EPC mode in the state of Chhattisgarh",0.371,0,11.6,LOW
618017,"Upgradation of Keonchi - Ratanpur Road of NH 45 Package-II, from design chainage km 278.75 to km 321.348 of length 42.598 km to two lane with paved shoulders under Corridor scheme on EPC mode in the state of Chhattisgarh.",0.709,1,16.3,HIGH
618018,Upgradation of Bilaspur-Takhatpur-Mungeli-Pandariya-Pondi Road on N.H.-130A Package IIIA Takhatpur By-pass from existing Ch. 26.542 to 32.093 [Design Ch. 18.700 to 25.900] & Mungeli By-pass from existing Ch. 45.786 to 56.275 [Design Ch. 29.600 to 51.600] and Package IIIB Pandariya By-Pass from existing Ch. 82.582 to 87.133 [Design Ch. 77.900 to 81.1000 & Pondi By-pass from existing Ch. 103.166 to 104.756 [Design Ch. 97.000 to 103.395] to two lane with paved shoulder configuration in the,0.275,0,13.6,LOW
618589,Durg-Raipur Bypass Section Package - 1 from km. 0.00 to km. 44.50 near Tendesara to near Khatti Village,0.885,1,21.9,HIGH
618590,Durg-Raipur-Arang Package - 2 from km. 44.50 to km. 92.23 near Khatti Village to near Aurang,0.881,1,22.1,HIGH
618639,4L of Bilaspur to Urga km 0.00 to 70.2 of NH-130A,0.975,1,37.1,HIGH
618640,4L of Urga - Pathalgaon from Km. 70.200 to km. 157.745 of NH-130A,0.893,1,20.4,HIGH
618646,4L of Pathalgaon-Kunkuri-CG/JH Border section of NH-43 from Km. 00.000 to Km.104.250,0.094,0,-3.0,LOW
618673,Development of 6L of Jhanki Sargi Section Road from km 0.000 to km 42.800 of NH- 130CD Pkg-CG-1,0.959,1,26.7,HIGH
618674,Development of 6L Sargi Basanwahi Section from km 42.800 to km 99.500 of NH- 130CD Pkg-CG-2,0.958,1,26.1,HIGH
618675,Development of 6L of Basanwahi Marangpuri Section from km 99.500 to km 124.661 of NH-130-CD,0.874,1,23.1,HIGH
618957,4 laning of Champa - Korba from km 0.00 to km 38.2,0.971,1,32.6,HIGH
619039,"Balance Works of Rehabilitation and Up gradation of NH-43 New NH-30 from Krn 162120 to Krn 173500 Length 11.380 Km. Keshkal Bypass 4-Lane with Paved shoulder in the State Of Chhattisgarh under NHDP-IV through Engineering, Procurement & Construction EPC Basis",0.04,0,-6.9,LOW
619103,4/6 Laning of Raipur-Simga Pkg-I from km. 0.00 to km. 48.58,0.996,1,67.0,HIGH
619167,4 Laning with PS of Pathrapalli-Katghora km 53.3 to km 92.6 Pkg-II of Bilaspur Kathghora,0.975,1,36.9,HIGH
619347,Balance Work Estimate of Rehabilitation and Up-gradation of NH- 43 from Km. 468.600 to Km. 531.250 Pathalgaon to kunkuri Section to two-lane with paved shoulder in the State of Chhattisgarh on SBD mode under NHO under Annual plan 2025-26,0.031,0,-11.7,LOW
619183,Widening of Existing Road from Intermediate Lane 2-lane to 4-lane Between Km 19.994 to Km 35.180 of NH-848A Rakholi-Khadoli-Velugam Section in U.T. of Dadra and Nagar Haveli and Daman and Diu,0.837,1,2.0,HIGH
618509,Development of 6L UER II [Package - I] NH-1 Near Bakoli till Karala Kanjhawala Road from km. 0.70 to km.15.00,0.979,1,36.9,HIGH
619090,8L of Dwarka Expressway Pkg-II RuB near Dwarka Sector 21-DL/HR Border from 5.300 Km.to 9.500 Km. of NH-248BB,0.993,1,53.6,HIGH
619202,Dwarka Expressway from Km -0.600 to Km 5.300 - Pkg-I Shivmurti Chowk-RuB near Dwarka Sector 21,0.993,1,53.4,HIGH
617941,4-Laning from End of Zuari approaches to Start of Margao Bypass section of NH-66 from Km 536.800 to Km 543.450,0.099,0,0.1,LOW
617942,Construction of Six lane Elevated Corridor from Km. 508.000 to Km. 513.150 including approaches on NH-66,0.867,1,12.3,HIGH
617943,4-laning of Navelim to Cuncolim Section of NH-66 from Km 554.245 to Km 561.480 on HAM Mode,0.066,0,-5.8,LOW
618609,Construction of 4L Flyover from MES College Junction to Bogmalo Junction on NH- 566 from Km. 7.106 to Km. 10.460 and 4L VUP at Queeny Nagar Junction from Km. 3.330 to Km. 4.550,0.798,1,9.4,HIGH
617906,Up-gradation of Dhoraji-Jamkandorna-Kalavad Section of NH-927D from Design Chainage km 0/00 to km 58/115 to Two lane with PS configuration in the State of Gujarat on EPC,0.379,0,9.3,LOW
617916,Work of 6 laning/Construction of elevated corridor from km 0/0 to 10/170 Narol Junction to Sarkhej junction including 4 lane Shastri Bridge on Sabarmati river on NH 47 in the State of Gujarat on HAM mode,0.224,0,-0.1,LOW
617926,Construction of new 4 lane major bridge with approaches on Sabarmati River near Dharoi at Km. 82/00 to 86/00 Design length 3.300 km on NH-58 in the State of Gujarat on Hybrid Annuity Mode HAM,0.407,0,0.8,MEDIUM
617927,Widening to 2LPS between Km 0/0 to 56/0 Khokhara Gujarat Border Vijayanagar Antrasuba Mathasur road of NH 58 in the State of Gujarat,0.334,0,-4.2,LOW
617928,"Widening 2 lane to 4-lane from KM 92/320 to Km 115/320 Vav Chokdi-Satlasana to to Vrundavan Chokdi, Kheralu on NH-58 in the State of Gujarat.",0.888,1,15.7,HIGH
617976,Work of development and construction of elevated corridorfrom km 38/660 to km 42/690 Iscon junction to start point of approach of sanand flyover of NH-147 in the sate of Gujarat,0.799,1,9.0,HIGH
618022,Upgradation to two lane with paved Shoulder Configuaration from Km. 0/00 to 47/000 of NH 351 Mahuva to Badhada section in the State of Gujarat,0.774,1,13.3,HIGH
618107,Upgradation of Mehsana-Visnagar-vadnagar-Kheralu-Idar section from km 0/00 to 81/300 of NH 168G Mehsana to Idar in the State of GujaratTotal Length 81.300 Km on Hybrid Annuity Mode HAM,0.173,0,0.7,LOW
618108,Up-gradation and strengthening to 2lanePS from Km 95/500 to km 129/775 of Nh 168G Idar-Bhiloda-Samlaji in the state of Gujarat Length 34.275 km,0.658,1,11.4,MEDIUM
618459,Delhi-Vadodara Greenfield Alignment NH-148N Pkg-26 Ch.696890 to Ch.726390,0.975,1,33.6,HIGH
618462,Delhi-Vadodara Greenfield Alignment NH-148N Pkg-31 Ch.824920 to Ch.844382 [Junction near Pratap nagar Village - Junction near Dodka Village],0.987,1,37.5,HIGH
618463,Vadodara Mumbai Expressway Kim to Ankleshwar Phase IA - Pkg V,0.992,1,49.9,HIGH
618467,Vadodara Mumbai Expressway Karvad - Jujuwa from Km. 128.000 to Km. 154.600 Phase-I Package-IX,0.506,1,11.8,MEDIUM
618503,Ahmedabad - Dholera Pkg III from km. 48.52 to km. 71.06 [Vejallka Village - Start of DSIR zone],0.986,1,35.2,HIGH
618504,Ahmedabad - Dholera Pkg IV from km. 71.06 to km. 109.019 [Start of DSIR zone - Adhelai Village],0.985,1,34.9,HIGH
618507,"Balance work of Six Laning of Shamlaji-Motachiloda from Km. 401.200 to Km.494.410 section Design Chainage Km.447.385 to Km 540.595, Length- 93.210 Km of old NH-8 NH-48 in the state of Gujarat on single Percentage Item Rate Contract",0.943,1,12.9,HIGH
618508,Construction of Additional Structures including Approaches in Vadodara Surat Section of NH48 between existing Km. 108.000 to Km. 250.000,0.659,1,3.6,MEDIUM
618564,6L with PS of Samakhiyali to Santalpur section from km. 339.700 to Km. 430.100 of NH-27,0.837,1,13.9,HIGH
618615,Sanchore - Santalpur from km 99.000 - km 130.073 of NH-754K AJ-RGBS-Package-4,0.985,1,33.5,HIGH
618616,4L of Dhrol bypass section of NH-151A Approx. length 5.7 Km & widening upto 4 laning of missing link of Amran section of NH-151A Approx. length 6.55 Km from existing Ch. 42000 to 48500 of ongoing Dhrol-Bhadra-Pipaliya section of NH-151A,0.538,1,2.8,MEDIUM
618787,"Upgradation to 4L PS from Bhimasar, Junction of NH-41 to Anjar- Bhuj upto Airport Junction from Km 0.000 to Km 65.478 of NH-341",0.957,1,19.4,HIGH
618901,4L PS Divided Carriageway from Patan Near Rajpur to Gojariya From Km 52.000 to Km 128.940 of NH-68,0.957,1,23.6,HIGH
618930,4L PS from Ch. 94.030 in Jabugam Village to Ch. 132.320 in Dhamasiya Village of NH-56 Pkg-III,0.551,1,11.7,MEDIUM
618931,4L PS from Ch. 179.780 in Bitada/Movi Village to Ch. 208.900 in Nasarpore Village of NH-56 Pkg-V,0.391,0,7.9,LOW
619061,Construction of 4 lane with PS Idar-Badoli bypass section from design km 81/300 to km 95/500 of NH 168G in the State of Gujarat,0.077,0,-7.7,LOW
619087,Widening to 6L of Existing 4L Jetpur - Gondal - Rajkot Section from Km. 117.600 to Km. 185.00 on NH-27,0.926,1,20.7,HIGH
619145,Four Laning of Una to Kodinar from km. 180.478 to km. 221.610 Package-V,0.996,1,56.7,HIGH
619197,Delhi-Vadodara Greenfield Alignment NH-148N Pkg-27 Ch.729.700 to Ch.756.052,0.982,1,32.4,HIGH
619297,Upgradation of Existing Two Lane Carriageway to Two Lane Carriageway with Paved Shoulder from Ch. 665686 Existing Km. 665.686 in Khanpur Village in Vansda Taluka to Ch. 710470 Existing Km. 710.483 in Karvad Village in Vapi Taluka Length 44.784 Km Section of NH-56 in the State of Gujarat on EPC Mode,0.126,0,-11.7,LOW
618482,Delhi-Amritsar-Katra Expressway Phase-I Pkg-I from Jussur Kheri on NH-KMP Expressway to Junction with Rohtak-Panipat road NH-709 near Rukhi Paani village Km 0000 to Km 34000,0.987,1,31.7,HIGH
618483,Delhi-Amritsar-Katra Expressway Phase-I Pkg-II from Junction with Rohtak-Panipat road NH-709 near Rukhi Paani village to Junction with Jind-Panipat road NH-352A near Gangana village Km 34000 to Km 60800,0.987,1,31.6,HIGH
618506,"Construction of Additional Structures, Improvement of Service Road & Maintenance of Six Lane Gurgaon-Jaipur Section of NH-48 old NH-8 between km 42700 to km 107100 in the State of Haryana",0.81,1,4.2,HIGH
618580,Gohana - Sonipat PKG-2,0.993,1,44.5,HIGH
618788,4L Greenfield Jalbhera Shahbad section from km. 0.000 to km. 22.850 of NH-152G,0.964,1,20.2,HIGH
618792,4L Bhiwani-Hansi road section of NH-148B,0.97,1,18.4,HIGH
618936,Jagadhari - Tajewala from Km -0.175 to 32.337 km of NH-344,0.932,1,21.9,HIGH
619080,4L PS of Ambala Ring Road of New NH-44,0.96,1,17.0,HIGH
619092,4L of Jind-Gohana road Package-1 from km. 0.00 to km. 40.601 of NH-352 A under NHO,0.993,1,41.8,HIGH
619132,4/6L of Gurgaon - Pataudi - Rewari from km. 0.00 to km.43.87 of NH-352W,0.976,1,34.2,HIGH
619201,Karnal ring road Lot-4/Pkg-1,0.967,1,18.4,HIGH
618215,"Improvement/construction of existing CL-5 Road to NH Intermediate lane specification with hard shoulder from Km 166.000 to 203.77 net Length 37.770 kms of NH-505 Sumdo-Kaza-Gramphoo road in the state of Himachal Pradesh on EPC mode under project Deepak, BRO",0.423,0,7.0,MEDIUM
618216,"Improvement/construction of existing CL-5 Road to NH Intermediate lane specification with hard shoulder from Km 133.000 to 166.000 net Length 33.000 kms of NH-505 Sumdo-Kaza-Gramphoo road in the state of Himachal Pradesh on EPC mode under project Deepak, BRO",0.47,0,9.5,MEDIUM
618217,Improvement/construction of existing Class-5 Road to NH Intermediate lane specification with hard shoulder from existing Km 76/340 to 134/940 Design chainage from Km 76/300 to 133/000 net Length 56.700 kms of NH-505 Sumdo-Kaza- Gramphoo road in the state of Himachal Pradesh Package I,0.787,1,11.0,HIGH
618230,Rehabilitation and Upgradation to 2-lane configuration of Kalwahn-Mandi Section km 208.950 to 250.592 of NH-70 in the State of Himachal Pradesh under Green National Highways Corridor Project GNHCP with the loan assistance of World Bank on EPC mode.Package-3,0.84,1,21.7,HIGH
618231,Rehabilitation and Upgradation to 2-lane configuration of Hamirpur-Karnohal Section km 141.00 to 181.00 of NH-70 in the State of Himachal Pradesh under Green National Highways Corridor Project GNHCP with the loan assistance of World Bank on EPC mode.Package-1,0.93,1,23.9,HIGH
618232,Rehabilitation and Upgradation to 2-lane configuration of Karnohal- Kalwahn Section km 181.00 to 208.950 of NH-70 in the State of Himachal Pradesh under Green National Highways Corridor Project GNHCP with the loan assistance of World Bank on EPC mode.Package-2,0.776,1,21.9,HIGH
618253,Construction of missing link from Birhu to Lathiani from Km 35/550 Design chainage Km 0.000 to Km 42/800 Design Chainage Km 8.153on NH-503A including Lathiani Bridge on back water of Govindsagar and its approaches in Himachal Pradesh.,0.092,0,-2.8,LOW
618850,Nerchowk km 190.000 to Pandoh including Pandoh bypass km221.305,0.997,1,58.9,HIGH
618851,Pandoh bypass 221.305 to Takoli 242.000 of NH-21 in the state of Himachal Pradesh,0.991,1,43.1,HIGH
618852,4L Sundar Nagar Bypass from Km.173.900 to Km.179.600 of NH-21,0.975,1,20.7,HIGH
618878,Rehabilitation and Upgradation to 4L configuration & Strengthening of Sihuni to Rajol from Km 51.000 to Km 72.000 of NH-154 Package-IIA,0.973,1,19.4,HIGH
618879,Rehabilitation and Upgradation to 2L PS configuration & Strengthening of Padhar to Bijni section from Km 180.000 to Km 202.815 of NH-154 Pkg-VA,0.971,1,17.8,HIGH
618880,Rehabilitation and Up-gradation to 4L configuration & Strengthening of Thanpuri to Paror section from Km 85.135 to Km 100.840 of NH-154 Pkg-IIC,0.877,1,16.7,HIGH
618881,4L PS bijni to mandi section from Km 202.815 to Km 208.000 of NH-20 New NH-154 of Pathankot-Mandi Package-VB,0.665,1,10.2,MEDIUM
618888,Rehabilitation and Up-gradation of existing road to 2L PS from End of Hamirpur Bypass near Chilbahal to Bhangbar section from Km. 138.295 to Km.175.270 of NH- 88 Pkg-IV,0.974,1,22.6,HIGH
618889,"4L of Bhangbar Near Ranital to Kangra Bypass Section of Old NH-88 New NH- 303,503 up to Intersection with NH-154 from Km 175.270 to Km 193.400 Pkg-VB",0.982,1,29.0,HIGH
618890,2L PS of Hamirpur Bypass from Km 121.175 to Km.138.295 of NH-103&3,0.961,1,16.0,HIGH
618891,4L PS from Kalar Bala Village to Nauni Chowk of NH 205 from Km 41.000 to Km 58.450,0.58,1,6.4,MEDIUM
618892,"4 Lane with Paved Shoulder from Dareota Village to Kalar Bala NH 205, Design Chainage -Km 33185 to Km 41000, Design Length-7.815 Km Package-IIB",0.19,0,-7.4,LOW
618921,4L of Kathlighat to Shakral Village from Km 128.835 to Km 146.300 of NH- 5 Shimla Bypass - Pkg I,0.873,1,14.6,HIGH
618922,4L of Shakral Village to Dhalli Section from Km 146.300 to Km 156.560 Shimla Bypass - Pkg II and Shimla connectivity from Km 0.000 to Km 0.725 of NH-5,0.853,1,13.9,HIGH
619003,Solan - Kaithlighat Section of NH-22 Now NH-5 from Km. 106.139 to Km.129.05,0.991,1,43.6,HIGH
619153,4L of HP/Punjab Border - Mo from km. 11.00 to km. 42.00 of Old NH-20 New NH-154 Package-IA,0.95,1,27.9,HIGH
618038,Construction of Shopian Bypass on NH-444 taking off from existing chainage Km 36500 and re-joining at km 47588 of existing Chainage New Design Ch. From km 28000 to km 36925 as 2- lane with paved shoulder in the UT of Jammu & Kashmir on EPC mode.,0.263,0,8.2,LOW
618201,"Widening and strengthening to 2 lane with paved shoulder from existing Ch. Km 56720 to Km 100820 and Design Ch. From Km 62600 to Km 106360 Total Length43.760 Km on SRINAGAR -BARAMULA URINH-01 in the UT of Jammu & Kashmir under project BEACON, Border Roads Organization BRO on EPC mode.",0.775,1,9.1,HIGH
618202,Construction of 2 lane with paved shoulders Baramulla Bypass Greenfield bypass from existing Ch. Km 47020 to Km 56720 and Design Ch. From 48500 to 62600 Total length 14.100 km on road Srinagar Baramulla Uri NH-01 in the UT of Jammu & Kashmir under Project.Package-III,0.781,1,12.3,HIGH
618203,"Construction of 4 lane with paved shoulder Pattan bypass Greenfield bypass from existing Ch. Km 24320 to Km 33760 and Design Ch. from Km 24400 to Km 35300, total length 10.900 km on road SrinagarBaramulla Uri NH-01 in the UT of Jammu & Kashmir under Project BEACON, Border Roads Organization BRO on EPC mode. Package-II",0.844,1,13.3,HIGH
618204,Construction of realignment between Pandrass- Pashkyun Total length 27.10 km on road Zozila-Kargil -Leh NH-1 to 2 lane specifications i.e. Drass alignment 9.30 km Kharboo realignment 6.30 km & Kargil alignment 11.50 km under project Vijayak BRO in the UT of Ladakh on EPC Mode,0.895,1,21.8,HIGH
618205,"Construction of 4 lane with paved shoulder from Existing Ch. 14200 to 24320 Design Ch. 14200 to 24400, Ch. 33760 to 42780 Design Ch. 35300 to 44294 & Ch. 43440 to 47020 Design Ch. 44958 to 48500 Delina Flyover including construction of flyover length 1.704 km of total length 22.736 kms in AOR of 760 BRTF on road SRINAGAR BARAMULA URI NH-01 in the UT of Jammu & Kashmir under project BEACON, Border Roads Organization BRO Package-IJob No NH-1-J&K-2022-23-110",0.955,1,19.4,HIGH
618206,Widening and Strengthening of Rafiabad-Kupwara-Chowkibal-Tangdhar-Chamkot NH- 701 road from design Ch. From 0000 to 51000 to two lanes with paved shoulders under Project Beacon in the UT of Jammu & Kashmir on EPC mode Package-I.,0.634,1,5.6,MEDIUM
618221,Rehabilitation and upgradation to 2 lane with paved shoulder from existing chainage Km 166.100 to Km 192.98 design chainage Km 146.700 to Km 162.800 including construction of Bhimber Gali Tunnel Total Length of Tunnel 1.100 Km under 31 BRTF on Akhnoor-Poonch Roads on EPC mode NH-144A Package-VII,0.911,1,22.4,HIGH
618222,Widening and Strengthening up gradation to 2 lane with paved shoulder from existing chainage Km 192.98 to Km 229.820 design chainage Km 162.800 to Km 198.18 under 31 BRTF on Akhnoor-Poonch Road NH-144A in the UT of Jammu and Kashmir under Project Sampark Border Roads Organisation BRO on EPC Mode Package-VIII Job No NH-144A-J&K-2022-2023-111,0.916,1,16.5,HIGH
618223,Rehabilitation and up-gradation to 2 lane with paved shoulder from existing chainage km 64535 to km 85385 Design chainage km 55800 to km 74350 under 13 TF on Akhnoor-Poonch road NH-144A under Project Sampark BRO in the UT of Jammu & Kashmir on EPC mode Package-III Job no NH-144A-J&K-2019-20-79,0.984,1,34.7,HIGH
618224,Rehabilitation and up-gradation to 2 lane with paved shoulder from existing chainage km 49150 to km 64535 Design chainage km 46.450 to km 55.800 including construction of Sungal Tunnel Total length of Tunnel 2.79 km under 13 TF on Akhnoor-Poonch road NH-144A under Project Sampark BRO in the UT of Jammu & Kashmir on EPC mode Package-II Job no NH-144A-J&K-2019-20-78,0.977,1,28.5,HIGH
618225,Rehabilitation and up-gradation to 2 lane with paved shoulder from existing chainage km 134950 to km 166100 Design chainage km 116980 to km 146700 under 31 TF on Akhnoor-Poonch road NH-144A in the UT of Jammu & Kashmir under Project Sampark BRO on EPC mode Package-VI Job no NH-144A-J&K-2021-22-106,0.972,1,25.7,HIGH
618226,Rehabilitation and upgradation to 2 lane with paved shoulder from existing chainage Km 30.053 to Km 49.150 design chainage Km 30.000 to Km 46.450 including Kandi Tunnel under 31 BRTF on Akhnoor-Poonch Road NH-144A Under Project Sampark in the UT of Jammu & Kashmir EPC modePackage-I Job no NH-144A-J&K-2020-21-83.,0.985,1,32.9,HIGH
618394,Up-gradation to 2-lane with Paved Shoulder from Km 12.850 to Km20.300 of 7.450Km length on Goha-Khellani section and a link road to Goha village of 2.016 km on NH- 244 in UT of Jammu and Kashmir on EPC Mode Pkg-1,0.986,1,35.6,HIGH
618395,"Construction & Upgradation to 2-lane with paved shoulder from Design Ch. Km 51700 at Premnagar km 66315 to Km 66535 New Thatri at Start of Km 83rd, Tunnel Km 82665 of 14.835 Km design length on Chenani-Sudhmahadev-Goha Khellani- Kishtwar-Vailoo Donipawa-Ashajipora section of NH-244 in the UT of J&K on EPC Mode under NHO-Gen Pkg - 2",0.918,1,28.3,HIGH
618397,Widening and Up-gradation to 2-Lane with Paved Shoulder of configuration and geometric improvement from Km 0.000 to Km 16.990 on Chenani Sudhmahadev section of NH-244 in UT of Jammu and Kashmir to be executed on EPC basis,0.993,1,47.9,HIGH
618398,Up-gradation to 2-lane with Paved Shoulder from Km 20.300 to Km 29.030 of 8.730 Km length on Goha-Khellani section on NH-244 in UT of Jammu and Kashmir on EPC Mode Package II,0.988,1,35.9,HIGH
618399,Construction of Kishtwar bypass with 2 lane with paved shoulder from Design Km. 80.675 Dulhasti to km 95.550 Bandarkoot of 14.88 km & a link road to Kishtwar town from 0000 to 1.871 of length1.871 Km on Khellani - Kishtwar - Chattroo section in UT of Jammu and Kashmir on EPC Mode Pkg-4,0.891,1,25.3,HIGH
618400,Construction & Upgradation to 2-lane with paved shoulder from Design Km 67.805 at the end of Km 83rd Tunnel near Dhrabshalla Ex. Km 83905 to Km 80.675 start of Kishtwar Bypass - Dulhasti Ex. Km 970751 of 12.870 Km length on chenani- Sudhmahadev-Goha Khellani-Kishtwar-vailoo-Donipawa-Ashajipora seition of NH-244 in the UT of J&K on EPC Mode under NHO-Gen Pkg-3,0.984,1,30.8,HIGH
618406,Up-gradation to 4-lane with Paved Shoulder of Jammu-Akhnoor road section of NH- 144A from Ganesh Vihar Km 6.000 to Khati Chowk Km 26.350 in UT of Jammu and Kashmir on EPC basis Pkg-3A,0.993,1,48.5,HIGH
618407,Jammu-Akhnoor Road Pkg-I,0.985,1,46.1,HIGH
618494,Delhi-Amritsar-Katra Expressway Phase-II Pkg-XV [Junction with Hiranagar Road near village Gurha Baildaran to Junction with Jammu Ring Road NH-244A near Jakh village from Km 468100 to Km 503250],0.988,1,33.4,HIGH
618495,4/6L Access Control Expressway from Design Chainage Km 515.000 to 528.300 Kunjwani to Sidhra Section of NH-44 and from Design Chainage Km 550.900 to Km 566.520 Domel to Katra Section Phase II-Package XVII,0.959,1,27.5,HIGH
618496,Delhi-Amritsar-Katra Expressway Phase-II Pkg-XVI Existing Jakh Vijaypur-Kunjwani section of NH-44 including spur Connectivity to Jammu Airport NH-144A [Km 503500 to km 514500],0.99,1,34.5,HIGH
618497,Delhi Amritsar Katra Expressway Phase-II Pkg XVIII Development and Upgradation of Four lane Access Control Expressway from Design Chainage KM 530.00 to KM 545.300 Sidhra to Domel Section of NH-44,0.962,1,25.6,HIGH
618541,4L Ring road/bypass around Srinagar city from km 0.000 to km 42.100 Phase-I,0.987,1,33.9,HIGH
618542,4L of existing Wayul Ganderbal Pandach Soura section of old NH-1 as a part of Srinagar Ring Road Phase IIA,0.434,0,5.9,MEDIUM
618543,4L of twin tube tunnel configuration including approaches from Marog to Digdol from Km.154.210 to Km.158.650 North Bound and from Km.155.940 to Km.160.260 South Bound of Ramban to Banihal Pkg-I of Old NH-1A New NH-44,0.85,1,25.8,HIGH
618544,"4L twin tube tunnel including approaches from Digdol to Khuni Nallah North Bound connecting with existing major bridge on NB and South Bound connecting with Tunnel T4 ,Single tube tunnel of Ramban to Banihal Pkg-II of Old NH-1A New NH-44",0.986,1,33.6,HIGH
618545,"4L of Km.165.092 to Km.171.855 North Bound and from Km.166.895 to Km.173.638 South Bound, excl. certain reaches of North Bound and South Bound of Ramban to Banihal Pkg-III of Old NH-1A New NH-44",0.92,1,27.3,HIGH
618547,2L NH-1 from km 8.660 to km 33.775 Sumbal to Wayul to 4L dual carriageway NH standard as part of Srinagar Ring Road PhaseII [Design Ch. 41.907 to Ch. 66.609],0.915,1,19.0,HIGH
618549,Construction of twin tube tunnels on Jammu Kashmir Ring Road NH-244A Between Design Ch. 50600 to 51700 and design Ch. 53535 to 55700 on EPC mode under residual NHDP component of Bharatmala Pariyojna,0.982,1,28.7,HIGH
618550,Corridor Efficiency Improvement including removal of black spots in Lakhanpur - Samba section of NH-44 from Chainage Km. 16.300 to Km. 74.100,0.974,1,28.2,HIGH
618967,Upgradation and Strengthening of Chenani to Nashri Section via Patnitop of NH244 from Km 0.000 to Km 39.100,0.923,1,14.3,HIGH
619038,Construction/upgradation to 2-lane with paved shoulder from Design Km 95.55 Bandarkoot to Km. 111.06 Chattroo of 15.52 Km length on Khellani-Kishtwar-Chattroo section on NH-244 in UT of Jammu and Kashmir on EPC Mode Pkg-5,0.985,1,30.8,HIGH
618060,Widening and Strengthening of existing paveemnt to two lane with paved shoulders from km 116.00 to km 176.355 of NH-75E in the State of Jharkhand on EPC mode.,0.849,1,18.4,HIGH
618083,Construction of byepass around Lohardaga town of NH-143A in the Sate of Jharkhand under EPC mode.,0.152,0,10.1,LOW
618084,Widening to 2-lane with paved shoulder from km 0.00 to 44.00 Kuru-Ghaghra section of NH-143A including re-construction of culverts and bridges.,0.923,1,28.4,HIGH
618127,Construction of 2- Lane with paved shoulder from km 56.45 Dharampur More to 93.050 Pakur of NH-333A in the State of Jharkhand on EPC mode,0.18,0,6.8,LOW
618242,Widening and Reconstruction to 4-lane/4-lane with service road including structures from Pokharia More at Km 47.600 Ex. Km 50.230 to Govindpur at km 62.949 Ex. Km 65.325 of Nh-419 in the State of Jharkhand on EPC mode.,0.604,1,7.1,MEDIUM
618534,Construction of Six lane elevated flyover including reconstruction/rehabilitation of existing pavement from Km 426230 to Km 430500 Length 4.27 Km at Nirsa in the Barwa Adda Panagarh section of NH-19 from Km.398.240 to Km.521.120 including Panagarh Bypass in the State of Jharkhand on EPC Mode.,0.112,0,-9.8,LOW
618535,Construction of Six lane elevated flyover including reconstruction/rehabilitation of existing pavement from Km 406100 to Km 411150 Length 5.05 Km at Gobindpur area in the Barwa Adda Panagarh section of NH-19 from Km.398.240 to Km.521.120 including Panagarh Bypass in the State of Jharkhand on EPC Mode.,0.209,0,-8.8,LOW
618641,4 Lane of CG/JH Border-Gumla from km 0.000 to km 32.370 of NH-43 in the State of Jhrkhand,0.22,0,-0.3,LOW
618642,4L of Palma to Gumla from km. 26.00 to km. 89.170 of NH-23,0.98,1,33.5,HIGH
618644,4L of Ormanjhi-Gola section from Km 81.450 to Km 53.600 of NH- 320BPKG-II,0.935,1,20.4,HIGH
618645,4L of Gola-BokaroJaina More section from Km 53.600 to Km 21.110 of NH-320PKG-1,0.91,1,19.7,HIGH
618729,6 Lane Greenfield Varanasi- Ranchi- Kolkata Highway from Donoreshan village to junction with NH-20 in Bongabar village from km 288.600 to km 325.500 Pkg -11,0.241,0,8.2,LOW
618730,6 Lane Greenfield Varanasi- Ranchi- Kolkata Highway from Deoria village to Donoreshan village from km 253.000 to km 288.600 Pkg -10,0.285,0,8.5,LOW
618731,6 Lane Greenfield Varanasi- Ranchi- Kolkata Highway from Chatra to junction with NH- 100 in Deoria village from km 222.000 to km 253.000 Pkg -9,0.245,0,8.2,LOW
618733,6L Greenfield Varanasi- Ranchi- Kolkata Highway from junction with NH-20 in Bongabar village to junction with NH-30 in Lepo village from km 325.500 to km 358.500 Pkg -12,0.246,0,8.3,LOW
618736,4L Elevated corridor of Kalimandir-Dimna Chowk-Baliguma Jamshedpur Section of NH-33 New NH-18 from km 241940 to km 251961 Length 10.021 km,0.529,1,-1.7,MEDIUM
618737,Grade separated Interchanges at Km. 113.730 junction with Ranchi Hazaribagh Road & Km. 139.225 junction with Ranchi Jamshedpur road on 4L Ranchi Bypass of NH-33,0.137,0,-6.7,LOW
618830,4L from Km 147.450 Bhogu to Km 196.870 Sankha on NH-75 Sec-III,0.885,1,15.4,HIGH
618831,4L from Km 95.400 Udaipura to Km 147.450 Bhogu on NH-75 Sec-II,0.501,1,9.9,MEDIUM
618832,4L from Km 55.00 Kuru to Km 95.400 Udaipura on NH-75 Sec-I,0.263,0,3.0,LOW
618863,Barhi-Koderma Section of NH31 km 0.00 - km 27.5,0.979,1,34.5,HIGH
618947,4L of NH-80 from km 215.00 to km 260.00 Mirza Chauki to Farkka Pkg-I,0.989,1,48.3,HIGH
618949,4L of Basukinath- Deoghar Section of NH-114A,0.926,1,16.1,HIGH
618950,Construction of Bypass to NH-114A Connecting NH-333 and NH-133 Deoghar Bypass from design km 0.000 to design Km 49.000,0.209,0,-2.2,LOW
619005,Construction of bypass around Chatra Town on NH-22 old NH-99 in the state of Jharkhand under EPC Mode,0.141,0,3.5,LOW
617935,"Construction of Elevated corridor from Km. 135.650 to 136.300 on 63, from Km. 249 to Km. 250.050 on old NH-4 and from Km. 192.910 to Km. 193.350 on NH-218 from decongestion of traffic in Ranichennamma circle in Hubli city in the state of Karnataka on EPC basis",0.818,1,22.2,HIGH
617950,Construction of Srinivasapura Bypass from existing Km 453.890 Design Ch. 0000 to existing Km 461.450 Design Ch 10080 on NH-69 in the State of Karnataka Under NH O in EPC mode under Annual Plan 2022-23 NH-69-KNT-2022-23-966 dated 22.11.2022,0.401,0,13.4,MEDIUM
617951,Construction of Chintamani Bypass from Design Ch.0000 Existing Ch.428880 to Design Ch.15400 Existing Ch.444010 on NH-69 in the State of Karnataka in EPC Mode under NHO Annual Plan 2022-23. NH-69-KNT-2022-23-989 dated 24.03.2023,0.304,0,10.9,LOW
617955,Widening to two lane with paved Shoulders from Km 40.00 to Km 75.00 Existing chainages of Mangalore - Tumkur section of NH-73 in the State of Karnataka on EPC Mode under Annual Plan 2021-22 Job No NH-73-KNT-2021-22-945,0.881,1,18.0,HIGH
617989,Construction of Major Bridge at Km.180.865 across river Krishna on NH 167 Hagari Jadcherla section,0.916,1,34.4,HIGH
617997,Widening of existing 2 lane to 4 lane with paved shoulder from Designed km 25.15 to km 56.70 Except Km 52.70 to 53.50 of NH-169 Nellisara Camp to Thirthahalli of NH- 169 on Shimoga-Mangalore section in the state of Karnataka on EPC mode under Annual plan 2022-23 NH-169-KNT-2022-23-978 dated 08.03.2023,0.205,0,7.4,LOW
617998,Widening to existing 2 lane with paved Shoulder to 4 Lane with paved shoulder from design Km 153.00 to 168.27 Mala Gate to Karkala of NH -169 on Shimoga - Mangalore section in the state of Karnataka on EPC mode under Annula Plan 2021-22 Job No. NH-169-KNT-2021-22-949,0.879,1,18.6,HIGH
617999,Widening to 2LPS from Km 67 to Km 115 on Kadur-Hosadurga section NH 173 in the state of Karnataka NH-173-KNT-2022-23-980 dated 13.03.2023,0.769,1,13.0,HIGH
618000,Widening to 2-Lane with Paved Shoulders from Km 116.800 to 149.070Design Changes on Hosadurga - Holalkere Section of NH-173 in the State of Karnataka on EPC mode under Annual Plan 2021-22 Job no. NH-173-KNT-2021-22-946,0.947,1,23.4,HIGH
618027,Widening to 2LPS from Km 71.00 to 104.00 Existing chainages Sarjapur to Pattadkallu on Bhanapur to Gaddanakeri section NH-367 in the State of Karnataka under NHO on EPC mode under Annual Plan 2022-23 NH-367-KNT-2022-23-972 dated 08.02.2023,0.864,1,12.4,HIGH
618028,"Construction of Bypass at Kuknoor, Yelburga, Gajendragada of Bhanapur Gaddanakeri section of NH-367 in the State of Karnataka under NHO on EPC mode under Annual Plan 2022-23. NH-367-KNT-2022-23-973 dated 08.02.2023",0.456,0,9.6,MEDIUM
618029,Widening to 4 lane from Km. 133.00 to 158.04 design Chainage Km. 130.88 to 155.145 Shirur Cross to Gaddankeri of NH-367 in the State of Karnataka on EPC mode. Job No. NH-367-KNT-2021-22-930,0.885,1,19.4,HIGH
618031,Balance work of Construction of Two/Four lane with paved shoulder from Km 422.000 to 523.600 Chitradurga to Shivamogga of NH-13 in the state of Kanataka on EPC mode.,0.886,1,13.5,HIGH
618086,"Widening to Two Lane with Paved Shoulders from KB Cross to Chunchanahalli ie., Design Ch. 485240 Km Existing Km 494.000 to Design Ch. 523393 Km Existing km 533.152 & From Design Ch. 530393 Existing Km 540.175 to Design Ch. 534476 Existing Km 544.200 at Nelligere of NH-150A on EPC mode under Annual Plan 2022-23 NH-150A-KNT-2022-23-977 dated 08.03.2023",0.603,1,12.2,MEDIUM
618087,Widening to intermediate/two lane to 2 lane with paved shoulder from Existing chanages Km 112.750 to 142.00 Liingasur to Mudabal cross & from Km. 147.070 to Km. 149.070 Maski city limit of Jewargi Chamrajnagar setion of NH-150A in the state of Karnataka on EPC mode. Job No. NH-150A-KNT-2021-22-951,0.936,1,22.4,HIGH
618095,Widening to Two Lane with Paved Shoulders from Km 0.00 Design Chainage 0.00 to Km 23.338 Design Chainage 23310 of NH-166E MH/KNT Border- Kanamadi- Bijjargi- Tikota section in the state of Karnataka in EPC Mode under Annual plan 2022-23 NH- 166E-KNT-2022-23-974,0.819,1,14.8,HIGH
618109,Widening to 4 lane from Km 51.60 to 76.20 Hebri to Parkala and from Km 85.20 to 88.90 Karavali junction to Malpe of Thirthahalli-Udupi-Malpe Section of NH-169A in the State of Karnataka on EPC Mode under Annual plan 2021-22 Job No. NH-169A- KNT-2021-22-927,0.903,1,19.7,HIGH
618147,Widening to 2 Lane with Paved Shoulders from design Km 103.200 Existing Km 103.200 to design Km 116.700 Existing Km 118.470 on AP/KNT Border to Sira Section of NH-544E in the State of Karnatakaon EPC mode under Annual plan 2022- 23,0.761,1,14.6,HIGH
618148,Widening to 4LPS of NH-548B from Km 80.000 Near Murgundi to Km 140.200 Near Chikkodi excluding length from Km 118.450 to Km 128.450 in the State of Karnataka under NH O on EPC Mode under Annual Plan 2022-23 - Package 1 NH-548B-KNT- 2022-23-979 dated 09.03.2023,0.167,0,7.0,LOW
618149,Widening to two lane with paved shoulders from Km 0.00 to 102.310 Design Chainage of NH-548B Murrum-Maharashtra Border in the State of Karnataka,0.668,1,10.6,MEDIUM
618151,Widening to 4LPS of NH-548B from Km 118.450 Near Shirguppi to Km 128.450 Near Ankali in the State of Karnataka under NH O on EPC Mode Under Annual Plan 2022- 23 NH-548B-KNT-2022-23-982,0.123,0,4.0,LOW
618184,Construction of 2 Lane with paved shoulder from km 55.6 to km 90.7 existing chainages of NH-766C complete Realignment of 13.76 km with 2 major Bridges across Sharavathi Backwaters on EPC mode under Annual Plan 2022-23 in the state of Karnataka NH-766C-KNT-2022-23 dated 14.10.2022,0.726,1,12.1,HIGH
618185,Widening to 2LPS from Km 0.000 to 37.850 Except Ex. Km 24.45 to 27.20 of NH-766c Byndoor-Ranebennur Section in the state of Karnataka on EPC Mode under Annual Plan 2022-23 NH-766C-KNT-2022-23-969 dated 30.12.2022,0.263,0,9.3,LOW
618189,Widening to two lane with paved shoulder of NH-73New spur road Ujire - Dharmasthala - Periyashanthi in the State of Karnataka under NHO on HAM Mode Job No. NH-73Spur-KNT-2023-24-996,0.351,0,-1.3,LOW
618517,4/6L of Bangalore - Pune Section of bypass connecting Dharwad - Hubli from km. 403.80 to km. 433.20,0.956,1,22.2,HIGH
618518,Davanagere - Haveri of NH-48 Old NH-4 from km. 260.00 to km. 338.923,0.996,1,55.1,HIGH
618520,4L of km 0.00 to km 42.00 of Dobbaspet to Doddaballapura Bypass section of NH-648 old NH-207] [Bangalore Ring Road Pkg 1],0.989,1,35.0,HIGH
618630,6L of MH/KN Border Nimbal Village to KN/TS Border Singnodi Village from Km. 26.000 to Km. 97.000 in Gulbarga of NH-150C Pkg-II,0.946,1,20.1,HIGH
618649,4 Lane with PS from Des. Ch 228.500 to Des. Ch. 273.400 of Belgaum-Hungund- Raichur Section of NH 748 A Package-6,0.841,1,15.2,HIGH
618650,4 Lane with PS from Des. Ch 89.900 to Des. Ch. 136.100 of Belgaum-Hungund- Raichur Section of NH-748A Package-3,0.558,1,8.3,MEDIUM
618651,4 Lane with PS from Des. Ch 43.800 to Des. Ch. 89.900 of Belgaum-Hungund- Raichur Section of NH-748A Package-2,0.824,1,10.1,HIGH
618697,4LPS Access Controlled Highway of Bellary Bypass Balance work from Ch. 254750 to Ch. 266837 and construction of 4LPS from Ch. 277.690 to Ch. 278.690 at D. Hirehal Village Balance work of NH 150A of Bellary Byrapura Section,0.673,1,5.9,MEDIUM
618702,4L of Addahole Near Gundya to Bantwal Cross section Pkg-02 from Design Km 270.270 to Design km 318.55 including flyover at Kalladka Town including approaches from Km. 311.57 to Km. 313.67 of NH-75 Old NH-48,0.984,1,32.5,HIGH
618706,Bangalore-Nidagatta Pkg. I,0.995,1,47.7,HIGH
618707,Additional works under BM1 to ensure road safety under 6L of Bengaluru Mysuru Access control with close toll from Km.17.300 to Km.136.300 of NH-275,0.353,0,-0.9,LOW
618709,4L of Left-Over Works of Hospet-Bellary -Karnataka/AP border from Km.280.080 Dec.Ch. to Km.375450Des.Ch. of NH-63 New-67,0.96,1,17.6,HIGH
618799,Belakeri Port to Kumta - Sirsi road from km 0.00 - km 4.265 of Belekeri Port Road Link Rd. and km 4.965 - km 60.00 of SH-69,0.994,1,48.2,HIGH
618870,4L PS from near Hemmige Village Periyapatna - Hassan Road Jn. to near Hunsur - KR Nagar Jn section from Km. 144.900 to Km. 169.000 of NH-275 Pkg. III,0.668,1,12.0,MEDIUM
618871,4L PS from Near Guddehosur to Start of Kushalnagara Bypass to near Hemmige Village Periyapatna - Hassan Road Jn from Km. 122.200 to Km. 144.900 of NH-275 Pkg. II,0.544,1,11.1,MEDIUM
618872,4L PS from near Hunsur - KR Nagar Junction to near Yalachahalli village KR Nagara - Yelawala Road Junction fcrom Km 169.000 to Km 195.550 of NH-275 Pkg-IV,0.604,1,14.2,MEDIUM
618873,4L PS from near Yalachahalli village KR Nagara - Yelawala Road junction to Srirangapatna Bypass Near Paschima Vahini from km 195.550 to Km 214.535 of NH- 275 Pkg-V,0.595,1,14.8,MEDIUM
618887,4L of Bettadahalli- Shivamogga section from Km.170.415 to km. 226.750 of NH-206 Tumkur- Shivamogga Pkg-IV,0.989,1,44.1,HIGH
618896,4L of Sannur to Bikarnakatte section from Km 691.350 to Km 736.362 of NH-169 Karkala - Mangalore Package-III,0.967,1,30.3,HIGH
619065,4L Expressway from Km 26.400 to km 53.500 of Malur to Bangarpet section of Bangalore-Chennai Expressway Phase-I Package-II,0.986,1,32.2,HIGH
619071,Tumkur - Nelamangala 6L,0.909,1,22.5,HIGH
619072,Bangalore/TN border to Hoskote,0.977,1,25.3,HIGH
619073,4L of 42.000 to km 80.00 of Dodaballapur Bypass to Hoskote section of NH-648 Old NH-207 [Bangalore Ring Road Pkg 2],0.991,1,38.6,HIGH
619096,Goa / Karnataka Km.93.700 to Kundapur Km.283.30,0.999,1,85.2,HIGH
619106,4 Lane with PS from Des. Ch 182.300 to Des. Ch. 228.500 of Belgaum-Hungund- Raichur Section of NH 748 A Package-5,0.761,1,14.5,HIGH
619107,4 Lane with PS from Des. Ch 136.100 to Des. Ch. 182.300 of Belgaum-Hungund- Raichur Section of NH-748A Package-4,0.46,0,7.3,MEDIUM
619108,4 Lane with PS from Des. Ch 0.000 to Des. Ch. 43.800 of Belgaum-Hungund-Raichur Section of NH-748A Package-1,0.691,1,8.6,MEDIUM
619117,Hassan km 184.912 to Maranahally km 230.060 of NH - 75 in Karnataka,0.998,1,65.7,HIGH
619120,Nidagatta-Mysore Pkg II,0.995,1,48.1,HIGH
619138,Yekkambi-Haveri,0.753,1,20.9,HIGH
619150,BRT Tiger Reserve Boundary Km.287.500 to Bangalore Section Km.458.420 of NH- 209 in Karnataka,0.998,1,63.2,HIGH
619164,Belgaum-Khanapur Pkg I Km 0.000-Km 30.800 of NH-4A,0.986,1,46.4,HIGH
619211,6L of MH/KN Border Nimbal Village to KN/TS Border Singnodi Village from Km. 97.000 to Km. 162.500 in Yadgir of NH-150C Pkg-III,0.929,1,19.5,HIGH
619214,4L of Channarayapatna Bypass and Hassan Bypass with structures in Devihalli - Hassan section,0.979,1,33.6,HIGH
619218,4L Tumkur-Shimoga Pkg-I from Mallasandra to Karadi village of NH-206 from Km. 12.300 to Km. 65.195,0.996,1,51.4,HIGH
619219,4L of Tumkur-Shimoga Pkg-II from Km 65.195 Karadi to Km 121.900 Banawara of NH-206,0.996,1,51.1,HIGH
619220,Tumkur-Shimoga Pkg-III from Km 121.900 Banawara to Km 170.415 Bettadahalli of Old NH-206,0.995,1,50.5,HIGH
618070,Widening to 2 Lanes with paved shoulders from Km.87/000 to 133/720 Nattukal to Thanau Jn. in Palakkad of NH-966 Old NH-213 on EPC mode Basis under NHO Annual Plan 2016-17 in the state of Kerala,0.99,1,56.1,HIGH
618595,6L of Chengala - Neeleshwaram from km. 56.200 to km. 93.468,0.985,1,37.8,HIGH
618596,6L of Taliparamba to Muzhappilangad from Km 134.650 to Km 170.6 of NH-66,0.978,1,35.8,HIGH
618597,6L of Azhiyur-Vengalam from km. 189.200 to km. 230.400 of NH-66,0.941,1,32.0,HIGH
618598,6L Minor Bridge Paloli Palam at km. 203.160 & Major Bridge Morad at km. 204.895 and allied works,0.993,1,43.6,HIGH
618599,6L of Ramanatukkara Junction to start of Valanchery bypass section of NH-66,0.986,1,32.9,HIGH
618600,6L of Valanchery bypass to Kappirikkad of NH 66 from km. 298500 to km 335850,0.985,1,32.6,HIGH
618601,6L of Kappirikkad to Thalikulam section from km 335.85 to km 369.015 of NH - 66 old NH-17,0.982,1,31.4,HIGH
618602,6L of Thalikulam to Kodugallur section from km 369.015 to km 397.850 of NH - 66 old NH-17,0.981,1,30.8,HIGH
618603,6L of Kodugallur to Edapppally section from km 397.750 to km 423.780 of NH - 66 old NH-17,0.944,1,26.7,HIGH
618604,Aroor-Thuravoor Thekku,0.96,1,20.7,HIGH
618605,Thuravoor Thekku-Paravoor,0.967,1,28.8,HIGH
618606,Paravoor-Kottankulangara,0.948,1,26.6,HIGH
618607,Kottankulangara- Start of Kollam Bypass,0.96,1,30.1,HIGH
618708,Widening/Development of Existing NH-85 from Km 0.000 to Km 124.636 section to 2L/LPS section in the state of Kerala on EPC Mode under Bharatmala Pariyojana,0.96,1,25.7,HIGH
619098,Kozhikode Bypass Calicut Bypass Vengalam Jn. to Ramanattukara Jn.,0.996,1,56.3,HIGH
619206,6L of Perole Nileshwar town to Taliparamba from Km 94.248 to Km 134.650 of NH-66,0.984,1,38.6,HIGH
619207,Start of Kollam Bypass - Kadambattukonam,0.97,1,30.9,HIGH
619208,Kadambattukonam-Kazhakuttom,0.854,1,24.8,HIGH
618408,Kargil Zanskar Road,0.959,1,44.9,HIGH
618409,Widening & Up-gradation to 2 lane with Paved shoulder of NH-301 Kargil- Zanskar Road from Design km 57.000 Ex. Km. 57.905 to Km 87.000 Ex. Km. 88.2491 of 30.000 Km length Pkg-lll,0.949,1,44.6,HIGH
618410,Widening & Up-gradation to 2 lane with paved shoulder of NH-301 Kargil- Zanskar Road from Design Km .30.040 Ex. Km. 30.000 to Design Km 57.000 Ex. Km. 57.905 of 26.960 Km length Pkg-II,0.938,1,44.5,HIGH
617909,Construction of Rewa Bypass to 4-lane with paved shoulder along with service road from Ratahara Chowk to Chorhata Chowk Road section of NH-30 from km 00.000 to 19.200 in the State of Madhya Pradesh on Hybrid Annuity Mode HAM.,0.332,0,-2.1,LOW
617911,Rehabilitation and upgradation Umaria to Shahdol section of NH-78 from Existing Km. 68/4 to Km. 142/2 to 2LPS including construction of Birshinghpur and Shahdol Bypass on EPC mode under NHDP-IVA,0.983,1,63.0,HIGH
617914,Upgradation and reconstruction of Shahpura-Dindori Section of NH 45 from Km 103.700 Design to Km 164.580 Design including 3 bypasses Total length 60.88km to Two lane with paved shoulder configuration along with One time improvement in 03 nos of bypassed built-up areas in a total length of 12.341 km in the State of Madhya Pradesh on EPC mode,0.375,0,15.8,LOW
618019,Upgradation & widening of Jharkheda- Berasia - Dholkhedi from design km 0000 to km 87900 Design length 87.90km of NH-346 including 3 nos. bypasses of 13.10 Km in the State of Madhya Pradesh under EPC mode.,0.792,1,18.1,HIGH
618020,"Rehabilitation & Upgradation of KurwaiMungaoliChanderi Road section of NH-346, from Design Chainge 0.000 to 81.300 Km Total length 83.1 km to Two lane with paved shoulder configuration along with One time improvement in 07 nos of bypassed built- up areas in a total length of 22.615 km in the state of Madhya Pradesh on EPC mode.",0.688,1,12.7,MEDIUM
618021,Up-gradation of Pichhore- Dinara section of NH-346 from Km 292.750 to 334.550 to two lane with paved shoulders in the state of Madhya Pradesh on EPC mode,0.219,0,5.2,LOW
618035,Rehabilitation & Upgradation of existing intermediate lane to two Lane with paved shoulder from km. 0.600 Gulganj bypass on NH-34 to km. 43.00 Barna River length 42.400 km. on Gulganj-Amanganj-Pawai-Katni NH43 Extn. in the state of Madhya Pradesh on EPCmode.,0.489,0,12.3,MEDIUM
618036,Upgradation and reconstruction of existing intermediate lane to two Lane with paved shoulder configuration from km. 43.00 Barna River to km. 77.00 ken river length 34.00 km. on Gulganj-Amanganj-Pawai-Katni NH43 Extn. along with One time improvement in 01 no. of bypassed built-up area in a total length of 1.585 km in the state of Madhya Pradesh on EPCmode.,0.29,0,8.4,LOW
618043,Upgradation and reconstruction of Dindori - Mandla Section of NH 543 from Km 77100 Design to Km 170580 Design Total length 93.48km to Two lane with paved shoulder configuration along with One time improvement in 04 nos of bypassed built-up areas in a total length of 7.23 km in the state of Madhya Pradesh on EPC mode,0.716,1,13.7,HIGH
618044,Upgradation of Shahdol- Sagartola Section of NH 543 from km 0000 to km 69400 to 2 lane with paved shoulders under Hybrid Annuity Mode HAM in the State of Madhya Pradesh,0.053,0,0.5,LOW
618068,"Construction of Kaithi-Padaria Kala bypass, Patna-Tamoli bypass, Jaso bypass and Nagod bypass total length 15.44 Km to 2-lane with paved shoulders flexible pavement on NH-943 in the State of Madhya Pradesh on EPC Mode.",0.564,1,16.3,MEDIUM
618085,Upgradation of Nasrullagani-Rehti-Budhni Scction to 2-lane with paved shoulder from Km 0150 to Km 50500 of NH-146B in the state of Madhya Pradesh on EPC mode.,0.834,1,21.6,HIGH
618129,"Construction of Kasrawad bypass, Selani bypass, Khargone bypass & Bistan bypass Total length. 31.950 km Section of NH-347 C to Two lane with paved shoulder configuration in the State of Madhya Pradesh on EPC mode.",0.773,1,11.5,HIGH
618156,"Construction of Morena bypass, Ambah bypass & Porsa bypass Totat length 27.16 km Section of NH-552 Ext. to TWo lane with paved shoulder configuration in the state of Madhya Pradesh on EPC mode",0.562,1,10.2,MEDIUM
618157,Construction of Ater realignment & Bhind bypass Total length. 21.50 km Section of NH-552Extn. to Two lane with paved shoulder configuration in the State of Madhya Pradesh on EPC mode.,0.664,1,13.5,MEDIUM
618158,"Upgradation of Goras to Shyampur Road section of NH-552 Ext., from Design Chainge 48.400 to 111.800 Km Total length 63.40 km to two lane with paved shoulder configuration along with One time improvement of 8.91 km in the state of Madhya Pradesh on EPC mode",0.176,0,3.1,LOW
618170,Construction of Two lane with paved shoulder configuration of Shujalpur Bypass section of NH-752C from km 33100 Design to km. 42570 Design total design length 10.470 km in the State of Madhya Pradesh on EPC mode.,0.371,0,12.0,LOW
618171,"Work of Upgradation of Jirapur-Pachore Road including Pachore, Jirapur, Chhapiheda & Khujner Bypasses from 0000 to 58790 Design Length 58.79 Km section of NH-752C to 2LPS in the State of Madhya Pradesh under EPC mode",0.596,1,11.9,MEDIUM
618619,Bypass on Western side of Gwalior City,0.108,0,-3.9,LOW
618620,"Additional works 2VUPs, MR-10 junction flyover and underpass in Six lane Indore- Dewas section of NH-52 in the state of Madhya Pradesh on EPC Mode",0.896,1,20.7,HIGH
618621,Indore - Edlabad Pkg-II [Tejajinagar to Balwara],0.921,1,23.4,HIGH
618622,4L of Indore - Boregaon Pkg-III [Balwara to Dhangaon] from km. 42.260 to km. 82.660 of NH347BG & 753L,0.957,1,31.5,HIGH
618623,4L Boregaon Buzurg to Shahpur Pkg I of Boregaon Buzurg to Muktainagar of NH 753L,0.904,1,18.9,HIGH
618654,4L Greenfield Rudhi to Deshgaon Pkg V of Betul-Khandwa/Deshgaon,0.768,1,14.5,HIGH
618655,2L PS of Roshni to Ashapur Section of NH-347B from Design KM Ch. 89.900 to 114.000 KM Package III of Betul Khandwa,0.885,1,8.0,HIGH
618661,4L from km 0.000 to 42.040 Bhopal Ratnaigiri Tiraha to Vidisha Morikodi,0.246,0,2.8,LOW
618662,4L Vidisha Gyaraspur section of NH-146 from Design Chainage km 59475 existing chainage km 81240 to Design Chainage km 88361 existing chainage km 110.315,0.18,0,-0.9,LOW
618663,i 4L Vidisha to Hinotiya from km 0.000 to Km 27.000 Vidisha Mehulwa-Talbehat Pkg- I Section of NH- 346 and ii 4L Vidisha to Morikori from Km 39.000 to 59.476 section of NH-146,0.909,1,19.8,HIGH
618664,Berkhedi to Godpehra on NH-44 Sagar link road,0.932,1,21.3,HIGH
618666,4- Laning of Mohari to Satai Ghat section NH-934 from Km 50300 to Km 89875 Total length 39.575 km Package-2 in the State of Madhya Pradesh on EPC Mode,0.935,1,18.3,HIGH
618667,4L of near Satai Ghat to Chowka section of NH-34 from D. Ch. 89.875 to D. Ch. 145.000 Package-3,0.39,0,3.6,LOW
618671,4-lanning of Rahatgarh to Berkhedi section of NH-146 from Design Ch 124470 to Ch. 134.549,0.173,0,-3.4,LOW
618672,4-lanning of Gyaraspur to Rahatgarh section of NH-146 from Design Ch. 88361 to Ch 124470 in the state of MP on HAM mode,0.345,0,0.3,LOW
618684,Outer Ring Road of Jabalpur Town from Manegaon to NH-45 Pkg-2,0.854,1,15.4,HIGH
618685,Outer Ring Road of Jabalpur Town from NH45 to Kushner Pkg-3,0.868,1,16.6,HIGH
618686,Outer Ring Road of Jabalpur Town from Kushner to Amjhar Road including Airport Connectivity Pkg-IV,0.871,1,17.2,HIGH
618687,Outer Ring Road of Jabalpur Town from Barela to Manegaon Pkg-1,0.907,1,17.4,HIGH
618688,Outer Ring Road of Jabalpur Town from Amjhar Road including Airport Connectivity to barela Pkg-V,0.32,0,0.1,LOW
618694,Indore - Harda Pkg-I [Indore to Raghav Garh from km. 0.25 to km. 26.903],0.946,1,25.4,HIGH
618735,4L of Chandesara to Khedakhajuriya from Km. 0.000 to - 750 & Km 0.000 to km 41.400 of NH-148NG Pkg-I,0.954,1,24.4,HIGH
618751,2L PS of Hinotiya-Mehulwa section of NH-346 from Km. 27.000 to Km 75.700 Vidisha Mehulwa-Talbehat Pkg-II Section of NH- 346,0.808,1,15.4,HIGH
618762,Itarsi Km. 63.000 to Betul Km. 137.000 of NH-69 in Madhya Pradesh,0.99,1,50.6,HIGH
618784,Balance works of 4 lane divided carriageway of Missing Link section of NH-39 Rewa Bypass from junction with NH 30 near Bela to Junction with MPRDC ring road near Silpara on SH 9 design length 13.100 km on EPC Mode under Bharatmala Pariyojana in the State of Madhya Pradesh,0.85,1,11.3,HIGH
618932,Construction of 6 lane Indore western bypass from km 0000 to Km 34000 Pkg -l in the State of Madhya Pradesh on Hybrid Annuity Mode under NHO,0.371,0,8.3,LOW
618933,Construction of 6 lane Indore western bypass from km 34000 to Km 64000 Pkg-II in the state of Madhya Pradesh on Hybrid Annuity Mode under NHO,0.278,0,6.9,LOW
618962,4L of Budhni to Shahganj Bypass End Package-III of NH-146B from Km. 73.750 to Km. 102.000,0.353,0,6.9,LOW
618963,Construction work of 4-laning of Shahganj bypass end to Badi Package-IV of NH-146B from design km 102.000 to design km 142.357 Design length 40.357 km,0.571,1,5.8,MEDIUM
618964,4 Laning of Sandalpur to Nasrullaganj Pkg-1 section of NH-146B Length 43.2 Km.,0.163,0,-0.5,LOW
618966,Six laning with both sides Service Road of Ayodhya Bypass from Design Km 0000 near Ashram Tiraha on NH-46 to Km 16439 end at Ratnagiri Tiraha on Nh-146,0.304,0,7.1,LOW
619007,Upgradation of Sarvardewla to Pal MP/MH Border Road section of NH-347 C from Design Chainge km 81.600 to 137.400 Total length 55.80 km to two lane with paved shoulder configuration along with One time improvement of 1 .95 km in the State of Madhya Pradesh on EPC mode.,0.104,0,2.4,LOW
619100,Dhangaon - Borgaon section km 81.000 to km 139.000 [Indore - Edlabad Pkg IV],0.975,1,35.3,HIGH
619114,Indore - Harda Pkg-II [Raghavgarh to Nanasa from km. 29.30 to km. 92.30],0.578,1,15.3,MEDIUM
617912,Construction of 6 lane flyover from Khapari ROB to Mihan Interchange design chainage km 8760 to 11450 L- 2.69 km and upgradation of existing 4L PS road to 6LPS with service road by flexible pavement design chainage km 11450 to 14500 L- 3.05 [total project length 5.74 km] in section of Nagpur - Hyderabad NH-44 Old NH-7 in Nagpur district in the state of Maharashtra on HAM mode.,0.098,0,-2.1,LOW
617932,Construction of New Four Lane Bypass to Parbhani City Parwa to Asola Km 463/265 to Km 481/180 Design Ch. 19220 to Ch. 34434 Length-15.214 Km section of NH-61 on EPC mode in the State of Maharashtra.,0.706,1,23.2,HIGH
617934,Nasratpur to Barasgaon section of NH-61 2L / 4L PS from Km.514/00 to 558/200,0.968,1,51.9,HIGH
617937,Udgir Raavi Degloor Aadampur phata to Sagroli fata,0.063,0,-2.2,LOW
617938,Rehabilitation And Upgradation to four lane with paved shoulder configuration from km 24350 to km 61875 Jawale - Borgaon Kale of NH-63 in the State of Maharashtra on EPC mode under Annual Plan 2024-25 Total length - 37.525 Km.,0.1,0,0.8,LOW
617945,Balance work of NH-66 from design Km 84/00 to Km 87/100 Indapur Bypass and Km 91/600 to Km 99/100 Mangaon Bypass to four lane with paved shoulder in State of Maharashtra under NHO on EPC Mode.,0.371,0,1.2,LOW
617946,Kashedi to Parshuram Ghat section of NH-66 from Km 161/600 - Km 205/400 - 4L PS,0.98,1,61.5,HIGH
617947,Arawali Kante section of NH-17New NH-66 4L PS from Km.241/300 to 281/300,0.96,1,60.0,HIGH
617948,Kante - Wakad section of NH-66 4L PS from Km.281/300 to 332/200,0.974,1,61.1,HIGH
617965,Kopargaon to Savali Vihir section,0.828,1,21.4,HIGH
617978,"Rehabilitation, upgradation & widening of existing highway to 2L/4LPS Rigid Pavement of NH 160 section- Phaltan to Mhaishal near Karnataka Border including Tasgaon Bypass, from existing chainage Km 301/430 to Km 458/415 in the State of Maharashtra- Package-II & Package III combined- starting from existing chainage Km 341/300 to Km 394/130 and design chainage Km 340/250 at Dahiwadi Village to Km 392/950 ending at Vita Village in the State of Maharashtra on EPC Mode.",0.583,1,6.0,MEDIUM
617979,"Rehabilitation, upgradation & widening of existing highway to 2L/4LPS Rigid Pavement of NH 160 section- Phaltan to Mhaisal near Karnataka Border including Tasgaon Bypass, from existing chainage Km 301/430 to Km 458/415 in the State of Maharashtra. Package-I starting from existing chainage Km 301/430 at Phaltan Village Junction of Phaltan Baramati Road Design Chainage -301/430km & ending at existing chainage Km 341/300 Dahiwadi Village Bus Stop Design chainage Km 340466km in the S",0.557,1,0.6,MEDIUM
618042,"Rehabilitation/ Upgradation of existing Highway to four lane standards in Kurkheda town from km.413257 to km 410775, Two lane in Shankarpur Gurnuli km 42400 to km 43100 section and Reconstruction of Major Bridge at Ch. 448558 Bhuti Nallah and Ch. 411695 Sati River bridge, Minor Bridge at Ch. 411477 and Ch. 405800 Lendhari Bridge of NH 543 Bhamhapuri-wadsa-kurkheda-korchi-Deori-Amgaon road on EPC mode in the State of Maharashtra",0.594,1,16.5,MEDIUM
618047,"Widening, Reconstruction & Up-gradation to 2 lane with Paved Shoulder/Four Lane configuration for the work of Ahmednagar to Sabalkhed & Ashti to Chinchpur Section of NH-561 from Design km 2915 to km 37728 & Design km 55100 to km 70000 in the State of Maharashtra on EPC mode. Length 49.713 km",0.6,1,5.4,MEDIUM
618049,Up-gradation to 2/4 lane with paved shoulder configuration of NH-652 from Tuljapur Naldurg-Akkalkot road Chainage from Km. 00.000 to km 30.982 in the State of Maharashtra on EPC mode.,0.801,1,5.6,HIGH
618059,Construction of four-lane Concrete Road from Police Headquarter Gondia City to Rawanwadi Village Birsi Airport Junction from design km 0.000 to km 15.781 existing km 39/720 of NH-753 to existing Km 8/400 of NH 543 on sections from Kohmara- Goregaon- Police HeadquarterKaranja - Collector Office Square - Balaghat T Point- Rawanwadi- Rajegaon of NH-753 and NH-543 in Gondia District in the state of Maharashtra. Total Length of the project 15.781 Km.,0.361,0,9.8,LOW
618061,"Strengthening, Widening & Up-gradation of newly declared NH-761 from NH- 61Junction-BelheAlkutiDevibhoyareNighojShirur, from Design chainage Km 0.000 to Km 37.970 from Single/Intermediate/2L to 2LPS in the State of Maharashtra on EPC Mode Length 37.970 Km",0.424,0,7.8,MEDIUM
618065,"Rehabilitation/Upgradation of existing Highway to 2LPS/4 lane of Dhawali to Rajoli from Design Km.149476 to 163476 existing Km.150000 to 164000, Pandhasala to Mohadongri from design Km.170476 to 181476 existing Km.171000 to 182000, Ambeshivni Fata to Bodli from design Km.183476 to 185476 existing Km.184000 to 186000 and Made Tukum to Gadchiroli from design Km.188476 to 189476 existing Km.188000 to 18900 having length 28 km of NH-930 of Dhawali to Gadchroli road in the",0.466,0,15.5,MEDIUM
618088,Nandurshingote to Kolhar,0.221,0,3.6,LOW
618089,Rehabilitation & Up-gradation of Mudkhed to Nanded section from Km. 372000 to Km 388400 of NH 161A i.e. Nanded-Bhokar-Himayatnagar-Kinwat-Mahur-Arani Road Design chainage from Km 372000 Mudkhed to Km 387650 Nanded of NH 161A Length 15.65 Km to 2/4Lane with paved shoulders configuration in the State of Maharashtra on EPC mode.,0.673,1,14.1,MEDIUM
618094,Pen to Khopoli 2LPS,0.951,1,49.4,HIGH
618096,Rehabilitation and Up-gradation to 2 lane road with paved shoulders configuration for the balance work of 13 km length on Helwak-Patan-Karad section Km. 85000 to 133 417 of NH-166E in the state of Maharashtra on EPC mode.,0.734,1,5.6,HIGH
618097,Guhagar - Rampur - 2L-PS - km 0/00 Guhagar to 26/230 Rampur and 40/00 Mirjoli to 53/600 Sati on NH-166E,0.963,1,52.1,HIGH
618098,"Upgradation of exhisting 2 lane flexible pavement to 2 lane paved shoulders rigid pavement from design chainage Km 66.00 to Design Km 82.440 Start of Kolhapur Municipal corporation near Phulewadi to kale, design length 16.440 Km section on Talere Gaganbawada-Kolhapur road NH 166G in the state of Maharashtra on EPC mode",0.911,1,24.1,HIGH
618133,Strengthening and Widening of road Sakoli- Wadsa-Armori-Gadchiroli-Ashti- Allapalli - Sironcha National highway NH 353C in Km 262/00 to 321/00 including 16 minor Bridges and 2 Major Bridge Total length 59 Km section from repanpalli to sironcha in Gadchiroli Dist in the State of Maharashtra.,0.775,1,21.5,HIGH
618134,Rehabilitation /Upgradation from Lagam to Alapalli section Desing Km. 199/400 to km 227/400 Length 28.0 Km to 2 lane with Paved Shoulders/ 4 lane configuration section of NH-353 C Sakoli-Wadsa-Armori-Gadchiroli-Ashti-Alapalli Sironcha in Gadchiroli District on EPC mode in the state of Maharashtra.,0.648,1,12.8,MEDIUM
618137,Rehabilitation and Up-gradation of Jarud - Sirsala section of NH-361F km 59500 to km11500 to Two lane with paved shoulder/ Four Lane in the state of Maharashtra on EPC mode Length 55.5 Km.,0.428,0,5.2,MEDIUM
618138,"Widening, Reconstruction & Up-gradation to 2 lane with Paved Shoulder/Four Lane configuration for the work of Sautada to Shirapur Section of NH-561 from Design km 86300 to km 125589 in the state of Maharashtra on EPC mode. Design length 39.289 km",0.346,0,7.1,LOW
618139,Rehabilitation and Up-gradation of Gangakhed Loha section of NH-361F from Km 169/00 to 210/00 to two lane with paved shoulder/ four lane configuration in the state of Maharashtra on EPC mode Length - 41.00 Km.,0.27,0,7.2,LOW
618150,Rehabilitation and Up-gradation of i. Deogaon phata to Digras phata Ch. 0/000 to 15/000 & Selu to Borgavhan Ch 20/900 to 35/800 [Length 29.9km] ii. Injegaon Dhamoni to Pohner Phata Ch.58/200 to Ch. 83/700 [Length25.5 km] and iii. Pohner phata to Pathri Design Ch. 42/700 to 58/200 [Length 15.5 km] sections of NH-548B to Two lane with paved shoulder configuartion in the state of Maharashtra on EPC mode Total project length 70.9 Km.,0.089,0,2.3,LOW
618152,Mhaswad to Tembhurni section of NH-548C - 2L PS,0.969,1,52.8,HIGH
618153,Satara to Mhaswad,0.97,1,52.3,HIGH
618154,"Rehabilitation & upgradation of Jamkhed to Sautada Section of NH548 D from km 195.375 to km 208.774, Length 13.399 Km to 2L PS /4L configuration with rigid pavement in the state of Maharashtra on EPC mode.",0.666,1,20.8,MEDIUM
618155,Development/Widening of Talegaon Chakan Shikrapur Nhavara Section of NH-548D from existing chainage km. 54/000 to 82/300 and Design chainage Km. 54/000 to 82/120 Shikrapur to Nhavara Section to 2LPS/4L Configuration on EPC Mode in the State of Maharashtra.,0.555,1,8.6,MEDIUM
618172,Paithan - Shirur section 2LPS Km 0.0 to 55.00,0.949,1,52.0,HIGH
618173,Shirur-Kharda section from 55937 km to 114486 km to 2LPS/4L,0.95,1,51.2,HIGH
618174,Rehabilitation and Upgradation to two lane with paved shoulder configuration of NH- 752G from Sakri to Pimpalner Section Design Ch km 0000 to Ch km 21411 in the state of Maharashtra on EPC Mode. Length 21.411 km.,0.746,1,9.1,HIGH
618176,Rehabilitation and upgradation from ch km 50/200 to 56/800 and km 62/600 to 100/403 of Kolde to Visarwadi Near Junction with NH-6 section of NH 752G total length 44.40 to two-lane with paved shoulder / four lanes in the State of Maharashtra on EPC mode.,0.13,0,-3.0,LOW
618177,Pal Phata Phulambri - Khultabad 2LPS,0.96,1,47.9,HIGH
618178,Widening and strengthening of Gangakhed to Kingaon section of NH-752K in Km 38/750 to 72/304 Flexible Pavement Length33.554 km to 2-lane configuration on EPC mode in the State of Maharashtra.,0.519,1,8.4,MEDIUM
618180,Pune raigarh District Border To Mangaon Ch 69000 to 103775 NH-753F,0.95,1,47.6,HIGH
618188,Rehabilitation and Up-gradation to 2 lane with paved shoulder configuration of Mahud Sangola road NH 965 G 159400 to 161900and 162400 to 183960 Design Chainage from km. 32/300 to km. 34/800 and km. 35/800 to km. 56/860 Rigid Pavement on EPC mode in the State of Maharashtra.,0.867,1,12.7,HIGH
618198,Balance work of Rehabilitation and Up-gradation to 2-lane road with paved shoulders configuration for NH- 965DD from Pacharal-Mandangad-Mhapral-Rajewadi Upto Junction of NH-66 Ch-22700 to 75100 Km and Ambadave connector Birth place of Dr. Babasaheb Ambedkar Ch-0000 to 7325 Km length Km 59.725 in the state of Maharashtra on EPC mode. Balance Work,0.964,1,41.4,HIGH
618199,"Rehabilitation, Upgradation & Widening of existing Highway to Rigid Pavement 2 Lane with Paved Shoulder of NH 965DD from Lonand Shirval-Bhor Mandangad-Pchral Section ShindewadiPhata to Varandah Ghat Dist Border from Km 33/550 to 92/550 in the state of Maharashtra on EPC mode.",0.39,0,11.4,LOW
618469,Vadodara Mumbai Expressway Phase II - Pkg XIII [Km. 26.582 to Km. 50.700] Shirsad - Masvan,0.969,1,35.7,HIGH
618470,Vadodara Mumbai Expressway Phase II - Pkg XIV [Km. 3.000 to Km. 20.200 of Spur] Shirsad - Akloli,0.963,1,32.9,HIGH
618471,Vadodara Mumbai Expressway Phase II - Pkg XV [Km. 20.200 to Km. 43.000 of Spur] Akloli - Amne,0.956,1,32.5,HIGH
618472,Vadodara Mumbai Expressway Phase II - Pkg XVI [Km. 43.000 to Km. 69.800 of Spur] Amne - Bhoj,0.944,1,28.9,HIGH
618473,Vadodara Mumbai Expressway Phase II - Pkg XVII [Km. 69.800 to Km. 79.783 of Spur] Bhoj - Morbe,0.922,1,24.4,HIGH
618511,Upgradation & rehabilitation of Service Roads on both sides in urban areas of Pune City on PuneSatara section of NH48,0.245,0,-0.2,LOW
618512,Tunnel at Khambataki Ghat Section and its approaches from existing Km. 771.730 to existing Km. 782.000,0.976,1,44.2,HIGH
618513,6L of Kagal-Satara section from Km 592.500 to Km 658.000 of NH-48 Pkg-I,0.747,1,24.0,HIGH
618514,6L of Kagal-Satara section from Km 658.000 to Km 725.000 of NH-48 Pkg-II,0.92,1,25.2,HIGH
618557,4L of Indora Chowk to Pachpaoli and Agrasen Chowk - Ashoka Chowk,0.829,1,12.8,HIGH
618585,6L of Gonde Km. 439.038 to Pimpri Sado Km. 459.905 section of NH-848 Old NH-3,0.405,0,3.5,MEDIUM
618586,Improvement and strengthening of existing 2 lane stretch to 2-Lane with PS 1.5m on both sides on Ghoti-Sinnar section of NH-160A using Thin White Topping 200mm thick in the State Of Maharashtra on EPC Mode,0.781,1,8.0,HIGH
618588,4L Mitigation Measure structures on CH/MH Border to Wainganga Bridge Section of NH-6 New NH-53,0.964,1,30.0,HIGH
618594,Balance work of 4L Panvel to Indapur section of NH-66 Old NH- 17 from km 0.000 Panvel to km 42.300 Kasu,0.936,1,20.1,HIGH
618626,Four laning from Dive Ghat Km. 220.900 to Hadapsar Km. 234.150 of Mohol Alandi section Pkg VI of NH-965,0.728,1,8.8,HIGH
618627,Construction of 7 Nos of Standalone safety structures/works at different locations on various NHs,0.37,0,3.5,LOW
618628,Strengthening of Existing Alignment of Pandharpur Town Part Bypassed Section of NH 965 from KM 36.230 to KM 44.230 from Chh. Shivaji Maharaj Chowk to Wakhari,0.83,1,18.9,HIGH
618653,Loha-Waranga Section of NH-361 from km 187.800 to km 244.369,0.988,1,52.4,HIGH
618693,Bodhre - Dhule,0.954,1,29.2,HIGH
618754,Upgradation of 2L/4L with Paved Shoulder of Shirwal-Lonand Section from KM 159900 To KM 188025 of NH-965DD Section I and 2L With Paved Shoulder of Lonand-Satara Section from KM 51500 To KM 96246 Of NH-965D Section II in Satara District in the State of Maharashtra on EPC Mode under NHO-,0.395,0,-0.0,LOW
618766,Up-gradation to Four Lane with Paved Shoulder configuration of the highway starting from existing km 88.400 Savali Vihir to km 163.400 start of Ahmednagar bypass Design Length 75.000 km section of NH-160 in the State of Maharashtra under Bharatmala Pariyojana on EPC Mode,0.476,0,2.9,MEDIUM
618836,4L of Ratnagiri - Kolhapur section from km 67.140 to km 112.340 of NH-166 Pkg II,0.905,1,24.8,HIGH
618837,4L of Ratnagiri - Kolhapur section from km 112.340 to km 145.300 of NH-166 PkgIII,0.854,1,24.2,HIGH
618937,4L of Nagpur-Katol Section from Km. 13.00 to Km. 62.900 of NH-353J,0.939,1,32.5,HIGH
618939,Construction of Standalone Flyover cum ROB from Design Ch.66.600 to Design Ch.68.800 in Gadchandur Town on NH-353B,0.372,0,0.2,LOW
619008,Rehabilitation and Up gradation of Charthana Jintur Section of NH 752 I Km 25100 to 47100 to 2 Lane with Paved Shoulder configuration Flexible Pavement in the state of Maharashtra on EPC mode. Reg- Resubmission of Annual Plan Estimate.,0.248,0,0.6,LOW
619042,"Construction of six lane Flyover at Katraj junction at Km, 3/880 of NH 548-DD Vadgaon - Katraj - Kondhwa - Mantarwadi Chowk - Loni Kalbhor - Theur Phata - Lonikand Road in Pune Dist of the State of Maharashtra. On Engineering Procurement and construction EPC Basis mode L.1.326 Km,",0.731,1,10.4,HIGH
619043,Capacity Augmentation in the stretch of DhulePimpalgaon section of NH60 Km. 261.720 to Km. 380.000 by Construction of Slip/Service Road on either side at various locations total length 30.30 Km LHSRHS and Flyover 2 x 30m at Sawadgaon Phata Km. 310.415,0.178,0,2.1,LOW
619069,Satara Km 725.000 to Pune Km 865.350 of NH - 4 New NH - 48 in Maharashtra,0.972,1,45.9,HIGH
619095,Balance works of 4L Panvel Indapur section of NH66 old NH17 from km 42.300 kasu to km 84.600 Indapur,0.946,1,24.2,HIGH
619149,4L of Ratnagiri - Kolhapur section of NH-166 from km 0.000 to km 19.769 and km 31.000 to km 67.140 Pkg I,0.948,1,26.0,HIGH
619163,4L of Baramati to Indapur Pkg-II from km. 41.400 to km. 84.550 of NH-965G Saint Tukaram Marg,0.947,1,32.5,HIGH
619198,Vadodara Mumbai Expressway Phase II - Pkg XII [Km. 50.700 to Km. 77.000] Masvan - Ganjad,0.97,1,35.4,HIGH
619203,Vadape to Thane from km 539.202 to km 563.000 section of NH-3 new NH-848,0.976,1,47.3,HIGH
619204,"Capacity Augmentation in the stretch of Pimpri Sado Vadape section of NH848 Km. 460900 to Km. 537000 by Construction of Slip/Service Road on either side at various locations total length 25.140 Km LHSRHS, Flyover 2 x 25m at Borivali Junction Km. 528550 & LVUP 1 x 15m at Sherekarpada Km. 528800",0.108,0,-4.2,LOW
619210,Dharampuri-Lonand from km. 117.00 to 166.40 Pkg-IV on Mohol-Alandi Section,0.967,1,33.6,HIGH
619298,Construction of 6 Lane Elevated corridor from KM 612582 to KM 617540 including construction of Service Roads in Kolhapur City on NH -48 in the State of Maharashtra on EPC mode under NHO,0.056,0,-11.6,LOW
619299,Construction of a 6-Lane Elevated Corridor from Km 593766 to Km 596620 Including Construction of Service Roads in Kagal City on NH-48 in the State of Maharashtra on EPC Mode.,0.079,0,-8.9,LOW
619300,Construction of Four Lane Nagpur-Katol section of NH-353J including Mitigation Structures from Design Ch. 37000 to Ch. 45990 Tiger Corridor-I Mitigation Structures from Design Ch. 37000 to Ch. 45990 Tiger Corridor-I in the State of Maharashtra on EPC Mode,0.102,0,-4.8,LOW
618298,Widening/Improvement of existing 2-Lane road to 4-Lane Divided Highway from Sekmai to Nilakuthi section of Imphal-Kohima Road Design Chainage from Km 297700 to Km 308729 of NH-39 New NH-02 in state of Manipur on EPC mode Pkg-5B,0.978,1,33.0,HIGH
618299,Improvement/Up-gradation of existing 2-Lane Road to 4-Lane Divided Highway from Daili to Kuraopokpi section of Imphal-Kohima road NH-02 Design Chainage from Km 274610 to Km 287000 in the state of Manipur on EPC mode Pkg-4B,0.963,1,34.3,HIGH
618300,Improvement/Up-gradation of existing 2-Lane Road to 4-Lane Divided Highway from Taphukuki to Daili section of Imphal-Kohima road NH-02 Design Chainage from Km 262175 to Km 274610 in the state of Manipur on EPC mode Pkg-4A,0.978,1,35.0,HIGH
618301,Widening/Improvement of existing 2-lane to 4-Lane Divided Highway from Kuraopokpi to Sekmai section of Imphal-Kohima Road Design Ch. km 287.00 to 297.700 of NH-39 New NH-02 in state of Manipur on EPC mode Pkg-5A,0.9,1,32.9,HIGH
618302,Widening/Improvement to 2-lane with earthen shoulder of Yaingangpokpi - Finch corner road section of NH-202 from Km 16.900 to Km 30.970 of NH-202 in the state of Manipur on EPC mode Package-2,0.983,1,35.9,HIGH
618303,Widening/Improvement to 2-lane with earthen shoulder of Yaingangpokpi - Finch corner road section of NH-202 from Km 0.000 to Km 16.900 of NH-202 in the state of Manipur on EPC mode Package-1,0.976,1,35.3,HIGH
618304,"Widening/Improvement to 2 Lane with earthen shoulder of Jessami to Laynen bridge Nagaland border section of NH-29 of Imphal -Ukhrul - Jessami Economic Corridor from km 0.000 to km 11.009 in the State of Manipur on EPC mode under Bharatmala Pariyojana, under NHO-NE Package-7",0.628,1,16.2,MEDIUM
618305,Widening/Improvement to 2 lane with earthen shoulder of Marrem Khullen to Jessami section of NH-202 of Imphal - Ukhrul - Jessami Economic Corridor from Design Chainage km 95.700 to km 140.180 in the State of Manipur on EPC mode under Bharatmala Pariyojana under NHO-NE Package-6,0.544,1,12.1,MEDIUM
618306,"Widening/Improvement to 2 lane with earthen shoulder of Choithar to Marrem Khullen section of NH-202 of Imphal Ukhrul Jessami Economic Corridor from Design Chainage km 53.110 to km 95.700 in the State of Manipur on EPC mode under Bharatmala Pariyojana, under NHO-NE Package-5",0.449,0,12.4,MEDIUM
618333,Widening to 2 lane with Paved shoulder of lmphal to Jiribam section of NH-37 from Design Ch. from km 169570 Near Nungkao vlllage under Tamenglong District to km 205974 near Jiribam Bridge under Jiribam district under NHO-NE PKG-7,0.938,1,16.1,HIGH
618334,Widening to 2 Lane with Paved shoulder of lmphal to Jiribam section of NH-37 from Design Ch. from km 131.280 to km 169.570 on EPC mode in Manipur under NHO- TSP PKG-6,0.962,1,23.6,HIGH
618335,Widening to 2 Lane with Paved shoulder of lmphal to Jiribam section of NH-37 from Design Ch. from Km 101280 Near Khongsang Village to Km 131280 near Puilon Kambiron Village on EPC Mode in Manipur PKG-5,0.966,1,27.1,HIGH
618336,Widening to 2 -Lane with Paved shoulder of Imphal to Jiribam section of NH-37 from Design Chainage 66.110 km to 101.280 Km Existing Chainage km 67.496 to km 103.557 on EPC Mode in Manipur PKG-4,0.961,1,28.0,HIGH
618337,Widening to 2 -Lane with Paved shoulder of Imphal to Jiribam section of NH-37 from Design Chainage 33.000 km to 66.390 Km Existing Chainage from km 33.395 to km 67.496 on EPC Mode in Manipur PKG-3,0.971,1,32.6,HIGH
618338,Widening to 2-Lane with Paved shoulder of Imphal to Jiribam section of NH-37 from Design Chainage 15.940 km to 33.120 Km Existing Chainage Km 15.946 to Km 33.395 Total length17.180 Km in the State of Manipur on EPC mode PKG-2 - Balance Works & Rectification works,0.98,1,35.0,HIGH
618344,Widening to 2-lane with Hard shoulder of Churachandpur to Tuivai Section of NH- 102B from Design Chainage 69.875 Km to 121.769 Km in the State of Manipur on EPC mode Package-3,0.961,1,28.4,HIGH
618345,Widening to 2-lane with Hard shoulder of Churachandpur to Tuivai Section from Km 48.587 to Km 69.875 in the State of Manipur on EPC mode under NHO Package-2B,0.972,1,32.8,HIGH
618346,Widening to 2-lane with Hard shoulder of Churachandpur to Tuivai Section of NH- 102B from km 32.835 to km 48.587 in the State of Manipur on EPC mode under NHO Package-2A,0.984,1,35.3,HIGH
618347,Widening to 2-lane with Hard shoulder of Churachandpur to Tuivai Section of NH- 102B from km 13.747 to km 32.835 in the State of Manipur on EPC mode under NHO Package-1B,0.984,1,35.3,HIGH
618348,Balance work of Widening to 2 Two lane with hard shoulder of Churachandpur to Tuivai section of NH-102B from km 130.000 to km 141.029 Package-4B in the State of Manipur on EPC Mode,0.74,1,35.7,HIGH
618349,Balance work of Widening to 2 Two lane with hard shoulder of Churachandpur to Tuivai section of NH-102B from Design Chainage km 118850 to km 130000 Package- 4A in the State of Manipur on EPC Mode,0.849,1,37.5,HIGH
618355,"Construction of of 2 -Lane with paved shoulders road from Tamenglong-Tousem- Lisang-Mahur Road NH-137 starting near Dialong Village from km 10.000 at Dialong to km 31.430 near Old Tamenglong , near Barak River on EPC Mode Package-2",0.974,1,29.7,HIGH
618356,Construction of 2 -Lane with paved shoulders road from Tamenglong to Mahur in the state of Manipur from km 31.430 at Old Tamenglong to km 43.480 ending near Phelong on EPC Mode Package-3,0.98,1,32.2,HIGH
618357,Construction of 2 -Lane with paved shoulders road from Tamenglong to Mahur NH- 137 in Manipur starting from km 54.180 near Azuram to km 80.630 near Mandeu on EPC Mode Package 5,0.96,1,28.0,HIGH
618358,Construction of 2 -Lane with paved shoulders road from Tamenglong to Mahur NH- 137 starting from km 80.630 near Mandeu to km 96.870 near Jiri River on EPC Mode Package-6,0.963,1,28.2,HIGH
618387,Construction of 2-laning with Hard shoulder of Ukhrul Tolloi - Tadubi section of NH- 102A from Design Chainage km 9450 to km 50850 in the State of Manipur on EPC mode under NHO-NE Package-2,0.898,1,14.5,HIGH
618388,Construction of 2-laning with Hard shoulder road of Ukhrul - Tolloi - Tadubi section of NH-102A from Design Chainage 50.850 km to 81.870 km in the State of Manipur on EPC mode under NHO-TSP Package -3,0.972,1,28.6,HIGH
618389,Construction of 2-laning with Hard shoulder road of Ukhrul - Tolloi - Tadubi section of NH-102A from Design Chainage 81.870 km to 105.825 km in the State of Manipur on EPC mode under NHO-TSP Package -4,0.975,1,29.0,HIGH
618415,"Improvement of existing road to 2 laning with Hard Shoulders of Maram-Peren section Package-1B, length- 17.660 km from Design Chainage 22.340 km to 40.000 km on NH-129A in the State of Manipur on EPC mode",0.98,1,30.9,HIGH
618416,"Improvement of existing road to 2 laning with Hard Shoulders of Maram -Peren section Package-1A, length- 22.340Km from Design Chainage 0.000 km to 22.340 km on NH-129A in the State of Manipur on EPC mode",0.955,1,31.7,HIGH
617885,Rehabilitation and Up-gradation of Nongstoin Wahkaji section of Project Road Km 0000 to Km 43060 to Intermediate Lane with earthern shoulder under SARDP-NE Phase-A in the State of Meghalaya on EPC mode. Job No- SARDP-NE ong-Don- Maw/MG/2020-21/294,0.92,1,22.8,HIGH
618076,Improvement and Widening two lannig with paved Shoulder of NH 127B from km 31.500 Goeragre to km 63.224 Package-II in state of Meghalaya,0.047,0,-3.1,LOW
618294,Improvement and Widening of National Highway No. 127B Darugiri - Songsak - Williamnagar Junction Section to two lane with paved shoulder from design Km 0000 to Km 36635 Design length 36.635 Km existing Km 112000 to Km 151060 of NH-1278 under Bharatmala Pariyojana Lot-1 Pkg-1B Meghalaya portion,0.157,0,-2.0,LOW
618295,Improvement/Widening of New NH-217 Dainadubi-Darugiri section to Two lane with paved shoulder in Meghalaya from design Km 0000 to Km 40840 existing Km 8600 to Km 53000 of Old NH-62 under BMP Lot-1 Pkg-1B Meghalaya portion,0.272,0,-1.6,LOW
618374,Improvement/Widening to 2-L with Paved Shoulder/ 4-Laning of NH-40 section from Km 151330 to Km 163400 design Km 63.530 to Km 71.520 including Dawki Bridge of length 368 m between Shillong-Dawki under JICA ODA Loan assistance Phase-II Pkg- 5 -Balance work,0.45,0,13.9,MEDIUM
618375,Improvement/Widening to 2-Lane with Paved Shoulder from design Km 45.760 to Km 63.530 between Shillong-Dawki under JICA ODA Loan assistance Phase-II -Balance work Pkg-4,0.58,1,16.2,MEDIUM
618376,Improvement/Widening to 2-Lane with Paved Shoulder between Shillong-Dawki road up to Bangladesh Border from design Km 10.670 to Km 37.550 under JICA ODA Loan assistance Phase-II -Balance Work-Pkg-2,0.52,1,13.0,MEDIUM
618377,Improvement/Widening to 2-L with Paved Shoulder/4-L from Km 81740 to Km 93490 design Km 0000 to Km 10670 of NH-40 New NH-106 & 206 section & 4-L from design Km 0.00 to Km 0.930 of NH-44 section between Shillong-Dawki under JICA ODA Loan assistance Phase-II -Balance Work Pkg-1,0.895,1,19.6,HIGH
618418,Rehabilitation and up gradation of Nongstoin-Rambrai-Kyrshai road up to Meghalaya- Assam border from Km 0.335 to km 34.039 to 2-Lane under NHO - NE in the State of Meghalaya Package-1,0.749,1,11.6,HIGH
618419,"Construction of 2-Lane with paved shoulders of Shillong Western Bypass starting from NH-06 near Ladumsaw existing Km 60.900 of old NH40 to NH106 old NH 44E Package-III, from km 24700 to km 38256 under SARDP-NE PHASE A in the state of Meghalaya on EPC Mode Greenfield alignment",0.342,0,0.0,LOW
618420,"Construction of 2 lane with paved shoulder of Shillong Western Bypass starting from NH-06 near Ladumsaw existing km 60.900 of old NH-40 to NH-106 old NH-44E, Package-II km 12800 to km 24700 under SARDP-NE Phase A in the State of Meghalaya on EPC Mode",0.323,0,-0.3,LOW
618421,"Construction of 2-Lane with paved shoulder of Shillong Western Bypass starting from NH-06 near Ladumsaw Existing km 60.900 of old NH-40 to NH106 old NH-44E, km 0000 to km 12800 Package-I under SARDP-NE PHASE A in the State of Meghalaya on EPC Mode Greenfield alignment",0.542,1,0.8,MEDIUM
618316,4-Laning of Vairengte - Chhimluang section Package-3 of NH-306 from Existing Chainage km 43000 to Km 59700 Design Chainage km 46000 to km 60850 on Silchar - Vairengte- Sairang road in the State of Mizoram under Bharatmala Pariyojna under NHO-NE. Package-1&2 in Assam state,0.397,0,19.7,LOW
618317,4-Laning of chhimluang-Kolasib from section pkg-4 of NH-306 & NH-6 existing chainage km 59700 to km 86000 design chainage km 61000 to km 77500 on Silchar- vairengte-sairang road in the state of Mizoram under Bharatmala Pariyojna on EPC mode Vairengte - Sairang Pkg-4,0.386,0,19.5,LOW
618318,4-Laning of Kolasib - Sethawn section Package-5 of NH-6 from Existing Chainage km 86000 to km 107850 Design Chainage km 77500 to km 95500 on silchar - vairengte - sairang road under Bharatmala Pariyojna on EPC mode under NHO-NE Vairengte - Sairang Pkg-5,0.299,0,16.6,LOW
618319,"4-Laning of Sethawn - N. Kawnpui section Package-6 of NH-6 from Existing Chainage km 107850 to km 126315 Design Chainage km 95500 to km 111850 on Silchar- Vairengte- Sairang road, Vairengte - Sairang Pkg-6",0.296,0,18.8,LOW
618320,Construction of 4-Laning of N. Kawnpui N. Mualvum Mualkhang via Khamrang Village section Package-7 of NH-6 from Existing Chainage km 127200 to km 142000 Design Chainage km 111850 to km 123400 on Silchar - Vairengte - Sairang road in the State of Mizoram on EPC mode,0.13,0,-4.2,LOW
618321,Construction of 4-Laning of West Serawlg-Sairang section of NH-6 from Existing Chainage km 142000 to km 158900 Design Chainage km 123400 to km 136260 on Silchar - Vairengte - Sairang road in the State of Mizoram under Bharatmala Pariyojna on EPC mode under NHO-NE Package-8,0.112,0,-4.2,LOW
618323,Construction of Twin Tube Uni-directional Aizawl Bypass Tunnel of 2.5 km and its approaches of 2.1 km from km 10.600 to km 15.200 on Sarrang - Phaibawk section of NH-6 in the State of Mizoram on EPC Mode under NHO-NE Package-2,0.071,0,-1.9,LOW
618324,Construction of 2-lane Aizawl Bypass from km 15.200 to km 34.500 Package-3 on Sairang - Phaibawk section of NH-6 in the State of Mizoram under Bharatmala Pariyojna on EPC Mode under NHO-NE,0.154,0,1.5,LOW
618362,Construction of 2-laning with hard shoulder of Lunglei to Chhumkhum from Design Chainage Km 0.000 to Km 37.420 of NH-302 [Lunglei-Tlabung] Package-A,0.839,1,27.2,HIGH
618363,Construction of 2-laning with hard shoulder configuration of Chhumkhum to Tlabung from Design Chainage Km 37.420 to Km 74.950 of NH-302 in Mizoram under Bharatmala Pariyojana on EPC mode [Pkg-B],0.803,1,25.1,HIGH
618379,Widening and Up-gradation to 2- Lane with Paved Shoulder Configuration and geometric improvement from Km. 208. 000 to Km 250.000 Package-5 on Aizawl Tuipang Section of NH-54 in the State of Mizoram Package-5,0.916,1,24.6,HIGH
618380,Widening and Up-gradation to 2- Lane with Paved Shoulder Configuration and geometric improvement from Km. 125. 000 to Km 166 Package-3 on Aizawl Tuipang Section of NH-54 in the State of Mizoram Package-3,0.927,1,25.6,HIGH
618383,Widening and up-gradation to 2-lane with paved shoulder configuration and geometric improvements from km 339.00 to km 380.00 Siaha on Aizawl-Tuipang section under JICA ODA Loan assistance Phase-I Package-8,0.936,1,26.3,HIGH
618452,"2-laning of Zorinpui - Longmasu section of NH-502A from km 0.000 to km 28.244 in the State of Mizoram on EPC mode under NHO-NE, stretch of IMBR",0.161,0,7.5,LOW
619010,Up-gradation to 2 lane with paved shoutders of Pawlrang - Rulchawm section- of NH- 102B of Aizawl - Imphal Economic Corridor from Existing Chainage km 72.030 to km 104.129 including 2.459 km re-alignment section from Tuivai River to Rulchawm connecting km 48.150 of NH-6 [Design Chainage km 68.170 to km 98.579] in the State of Mizoram under Bharatmala Pariyojna on EPC mode under NHO-NE Package-3 Keifang- Tuivai Pkg-3,0.935,1,24.1,HIGH
619321,Balance work of widening to two laning/re-alignment and geometric improvement from Km. 11000 to Km. 114618 with rectification of damaged stretches and provision of protection works in vulnerable location of NH-44 in the State of Mizoram.,0.051,0,-4.8,LOW
619199,Bangalore Chennai Expressway Phase-II Pkg-I from km.71.000 to Km 96.000 Bethamangala in the state of Karnataka to Byreddypalli,0.981,1,46.4,HIGH
618681,6L Aluru - Jakkuva Section of NH-130CD Road from km 365.033 to km 396.800 Pkg. 1,0.98,1,45.7,HIGH
618477,Bangalore Chennai Expressway Phase-III Package I Gudipala to Walajajhpet from Km 156.000 to Km 180.000,0.986,1,42.1,HIGH
618634,6L of Veera Kaveri Raja Puram to Pondavakkam from km 61.380 to km 96.040 of NH 716B Pkg-III,0.984,1,39.5,HIGH
618769,Walajahpet/Ranipet to TN/AP Border Section of from Km.106.800 to Km.133.36 NH-4,0.386,0,11.0,LOW
618772,6L of Kumarajapet to Veera Kaveri Raja Puram from km 43.800 to km 61.380 of NH- 716B Pkg-II,0.984,1,37.2,HIGH
619077,6 laning of Balance Work of Chennai - Tada from km. 21.40 to km. 54.40,0.995,1,58.5,HIGH
618747,Khammam-Devarapalle Pkg III [4L Access Controlled Greenfield from Chintagudem village to Recherla village Design Chainage 63117 to 105236],0.985,1,27.4,HIGH
618818,4L Access Controlled Greenfield Highway section on NH-163G Khammam Vijayawada from Remidicherla village at Design Ch. 280.200 Km to Jakkampudi village on NH-16 at Design Ch. 309.909 Km Package-III,0.519,1,13.8,MEDIUM
619143,4L Access Controlled Greenfield Highway section on NH-163G Khammam Vijayawada from BrahmanapalliK village at Design Ch. 250.400 Km to Remidicherla village at Design Ch. 280.200 KmPackage-II,0.64,1,9.1,MEDIUM
619212,6L Access Controlled Greenfield Highway of Julekal village to Dinnedevarapadu village from Km 242.200 to Km 280.400 Pkg-2,0.942,1,22.0,HIGH
618359,Widening/Improvement to 4-Lane with Paved Shoulder from km 55000 Nagabang Gamsuk to km 82514 Oyan in the State of Assam and Arunachal Pradesh on EPC mode under Bharatmala Pariyojna of Length 27.514 Km Package-3,0.735,1,16.8,HIGH
618531,6L of Aurangabad to Bihar-Jharkhand border Chordaha section from km. 180.000 to km. 209.827 of NH-2 PKG-01,0.535,1,7.3,MEDIUM
618724,6L Greenfield Varanasi-Ranchi-Kolkata Highway from Anarbansalea village to Sagrampur village From KM. 151200 to KM. 184700Package-7,0.266,0,-6.2,LOW
618732,6L Greenfield Varanasi- Ranchi- Kolkata Highway from Sonepurbigha village to junction with NH- 22 Chatra Bypass near Chatra from km 184.700 to km 222.000Pkg - 8,0.122,0,-7.9,LOW
618951,Hariharganj to Parwa Mode section from km 23.284 to km 57.049 of NH-98,0.919,1,13.9,HIGH
618952,4L of Sahibganj - Manihari Ganga Bridge including Manihari Bypass,0.952,1,27.1,HIGH
619078,Six Laning of Bihar - Jharkhand Border Chordaha - Gorhar section of NH-2 from km 249.525 to km 320.810,0.94,1,27.8,HIGH
619307,4L of Munger Mirzachauki section from Km 157350 to Km 193931 Pkg-4,0.905,1,10.5,HIGH
618530,Six Laning of Varanasi to Aurangabad from km. 786.00 to km. 978.40 of Old NH-2,1.0,1,106.4,HIGH
618728,6L Greenfield Varanasi-Ranchi-Kolkata Highway from junction with NH-19 & Varanasi Ring Road near Rewasa village to junction with Chandauli-Chainpur road near Khainti village from Km. 0.000 to Km. 27.000 - Pkg-1,0.778,1,15.8,HIGH
618882,Construction of additional 3-Lane Bridge over River Ganga for connection between Buxar and Bharauli on NH-922 in the State of Uttar Pradesh and Bihar on Hybrid Annuity Mode,0.408,0,1.6,MEDIUM
619154,Construction of Four Lane Highway from Ghazipur- Ballia-UP/Bihar State Border Greenfield section of NH-31 Package III [from Pindari km 78.150 to Rawalganj Bypass Km 117.120] on EPC Mode in the state of Uttar Pradesh.,0.949,1,20.6,HIGH
618584,4L of Kishanganj - Bahadurganj section from Km. 0.000 to Km. 23.649 & interchange at Start Point Length - 1.200 Km of NH-27,0.228,0,24.8,LOW
619064,Vadodara Mumbai Expressway Talsari to Karvad Phase IB - Pkg X [Km 103.400 to Km 128.000],0.866,1,60.6,HIGH
618942,Balance work of 2L PS from Km 30.800 to Km 70.800 and 2L with Rigid Carriageway from Km 70.800 to km 84.120 of Khanapur- KA/GOA Border section of NH-4A,0.959,1,34.0,HIGH
618637,Bal. Works of Fagne Km. 510.000 to Maharashtra/Gujarat Border Km. 650.794,0.986,1,51.3,HIGH
618486,Delhi-Amritsar-Katra Expressway Phase-I Pkg-V from Junction with Ambala-Kaithal- Hissar road NH-152 near Kharak Pandwa village to Junction with Patiala-Samana- Patran road SH-10 near Ghagga village Km 120250 to Km 157920,0.983,1,26.0,HIGH
619093,4L Ismailabad to Ambala Section of NH-152 Lot-4/Package-1,0.909,1,8.1,HIGH
619134,6L of Ambala-Chandigarh greenfield section from Km. 0.000 to Km. 25.000 with 4L spur to Lalru from Km. 0.000 to Km. 5.828 & spur to PR-7 road from Km. 0.000 to Km. 11.157,0.964,1,18.0,HIGH
619216,6L access Controlled Greenfield Highway from Adhoya Musalmana to Sadopur section of Shamli -Ambala Package-III Design Ch. Form km 84.400 to km 121.786,0.945,1,16.1,HIGH
618505,Additional Structures on 6LGurgaon-Jaipur Section of NH-48 between KM 42.700 to KM 273.00,0.963,1,20.6,HIGH
618691,4 laning of Aligarh-Palwal Section from Km. 46.390 Design Chainage to Km. 69.110 Terminating at junction EPE Package-II from Kurana- Eastern Peripheral Expressway of NH-334D,0.327,0,2.8,LOW
618723,6L access Controlled Greenfield Highway from Ranipur Barsi to Adhoya Musalmana section of Shamli -Ambala Package-II Design Ch. Form km 45.500 to km 84.400,0.924,1,20.4,HIGH
619068,Construction of Greenfield Connectivity to Jewar International Airport from DND- Faridabad-Ballabhgarh Bypass KMP Link - Spur to Delhi Mumbai Expressway,0.901,1,19.2,HIGH
618907,2L/4L of Hoshiarpur to Una section including Hoshiarpur Bypass of NH 503A,0.564,1,5.0,MEDIUM
619066,Delhi-Amritsar-Katra Expressway Phase-II Pkg-XIV from Junction with Pathankot- Gurdaspur road NH-54 near Balsua to Junction with Hiranagar Road near village Gurha Baildaran km 423500 to km 468100,0.959,1,25.0,HIGH
618533,Barwa Adda Km. 398.240 to Panagarh Km. 521.120,0.999,1,102.8,HIGH
618734,6L Greenfield Varanasi- Ranchi- Kolkata Highway from junction with NH-320 in Lepo village to Kamlapur villageJH/WB border from km 358.500 to km 387.200 Pkg -13,0.454,0,19.1,MEDIUM
618909,2L PS of JH / WB Border km. 70.524 - Purulia km.84.400 & Purulia km. 94.30 - Chandil Junction with NH-33 km. 153.705 of Old NH-32,0.986,1,51.8,HIGH
618948,4L of NH-80 section of Mirza Chauki to Farakka section from existing km 190.00 to design km 200.75 junction at km 3.100 of NH 133 B and from existing km 260.00 to existing km 283.00 design km 274.133 in the state of Jharkhand package - II,0.176,0,3.4,LOW
619205,Six Laning of KT/KL Border Thalapaddy -Chengala from Km. 17.200 to Km. 57.20,0.983,1,27.0,HIGH
618516,6L from Sankeshwar Bypass to MH-KNT Border from Km. 555.017 to Km. 592.853 of NH-48 Pkg-II,0.936,1,24.0,HIGH
618636,Akkalkot MH/KN border New Greenfield corridor from Km 512.000 to Km 548.400 of NH-150C part of Akkalkot KN/TS Border section Package XIV,0.782,1,17.1,HIGH
618519,Bangalore Ring Road STRR-NH-948A- Package-I of Phase-III from Belagondapalli TN to TN/KNT border from km 144.480 to 179.969,0.968,1,21.9,HIGH
618581,Hosur to Dhamrapuri Pkg-1 [Neraluru - Thorapalli Agraharam],0.957,1,24.1,HIGH
618631,6L of MH/KN Border Nimbal Village to KN/TS Border Singnodi Village from Km. 162.5 to Km. 203.100 in Raichur of NH-150C Pkg-IV,0.965,1,16.9,HIGH
618632,6L Access Controlled Greenfield Highway of Nandinne village to Julekal village from Km 202.900 to Km 242.200 Pkg-1,0.962,1,17.1,HIGH
619097,Thalassery Mahe Bypass Km 170.600 to Km 189.200 of NH-17New NH-66 in Kerala,0.994,1,75.0,HIGH
619101,4L Shahpur to Muktainagar from Km. 186.000 to km 216.278 of NH 753L Pkg II of Boregaon Buzurg to Muktainagar,0.887,1,3.4,HIGH
618556,"Construction of 26 VUPs, Major Bridge, Service Road etc. on Lalitpur-Sagar- Lakhnadon section of NH-44 NS",0.929,1,9.5,HIGH
618668,4L of Chowka to Kaimaha near MP/UP Border section NH-34 from D. Ch. 145.000 to D. Ch. 197.266 excluding existing Chhatarpur bypass from D. Ch. 160.307 to D. Ch. 168.630 Package-4,0.511,1,-4.6,MEDIUM
618941,4L of Bamni - Rajura - Warur - Devada upto M.S. Border of NH - 930D from km 19.000 to km 51.985,0.937,1,9.0,HIGH
618844,Viluppuram Km.0.000 to Puducherry Km.29.000,0.993,1,-18.4,HIGH
618845,Puducherry Km.29.000 to Poondiyankuppam Km.67.000,0.992,1,-18.6,HIGH
618847,Sattanathapuram to Nagapattinam from Km 123.800 to Km 179.555,0.988,1,-19.2,HIGH
618711,6L with access control provision Saharanpur bypass to Ganeshpur section from 13.89 Km to 41.820 Km of Delhi- Dehradun Economic Corridor package-2,0.966,1,20.5,HIGH
618783,4-laning of Pilibhit - Sitarganj from Km. 32.500 to Km. 70.800 Pkg-2 of NH-30,0.736,1,15.6,HIGH
618886,Road Safety Improvement of Critical Junctions on MuzaffarnagarHaridwar Section of NH-334 from Km 143000 to Km 196000,0.337,0,-3.0,LOW
618928,"Improvement & Up-gradation of NH-734 Section of Moradabad-Thakurdwara Kashipur including Moradabad & Kashipur Bypasse Package-III Kashipur Bypass Length 14.490 Km., Starts from Ch. 38770 and ends at Ch. 53260 existing Ch. 05560",0.819,1,15.7,HIGH
618969,4/6L of Spur to Haridwar Greenfield from Km. 0.000 to Km. 50.70,0.966,1,25.7,HIGH
619217,4L of Haridwar-Nagina section from km. 0.00 to km. 71.614 of NH-74,0.997,1,62.0,HIGH
617886,Widening of existing Single lane / Intermediate lane road to 2 lane from Km 101 to Km 125 of NH 61,0.543,1,13.4,MEDIUM
618072,Widening to Existing single lane /intermediate lane to 2 lane from Km185.00 to Km 220.00 of NH-61 New NH-02 in the state of Nagaland.,0.842,1,16.2,HIGH
618290,"Construction of 2-lane with Paved shoulder of Kohima- Bypass Road Connecting NH- 39New NH-02, NH-150New NH-02, NH-61New NH-29, NH-39New NH-02 from Design Km 32.00 to Design Km 43.454Design Length-11.454 Km in the State of Nagaland under SARDP-NE on EPC Mode Package-IV",0.592,1,16.3,MEDIUM
618291,"Construction of 2-lane with Paved shoulder of Kohima-Bypass Road connecting NH- 39 New NH-02, NH150New NH-02, NH7-61 New NH-29 and NH-39 New NH-02 from Design km 21.000 to km 32.268 [Design length11.268 km] in the state of Nagaland Under SARDP-NE on EPC Mode Package- 3",0.482,0,13.6,MEDIUM
618292,Construction of 2-Lane with paved shoulder of Kohima-Bypass Road connecting New NH-02 and New NH-29 from Design Km 10.500 to design Km 21.000 [Design Length- 10.500 km] including TUNNEL of 500m at Ch. 11.000 in the state of Nagaland Under SARDP-NE on EPC Mode Package-2,0.738,1,14.7,HIGH
618293,"Construction of 2-Lane with paved shoulder of Kohima-Bypass Road connecting NH- 39New NH-02, NH-150New NH-02, NH-61New NH-29 and NH-39New NH-02 from design Km 0.00 to Km 10.500 in the State of Nagaland under SARDP-NE on EPC Mode Package-1 -Balance work",0.271,0,6.3,LOW
618296,Balance work of Construction of 2-lane with hard shoulder of Kohima - Jessami road on NH-29 old NH-150 from existing km 98.380 near Chizami vill. to km120.367 Nagaland/Manipur Border [Design km 95.700 to design km 117.200] [Design Length 21.500 km] in the state of Nagaland Under Bharatmala Pariyojna on EPC Mode Package-V under NHO,0.903,1,18.2,HIGH
618297,Construction of 2-lane with hard shoulder of Kohima - Jessami road on NH-29 Old NH- 150 from existing Km 30.474 Near Kidwema road Chakahabama to existing Km 53.220 Near Kikruma Village Design Km 29.60 to Km 51.50 Design length-21.90 Km in the state of Nagaland Under Bharatmala Pariyojna on EPC Mode under NHO Package-II -Balance work,0.517,1,14.1,MEDIUM
618328,4-Laning of Balance work of Dimapur-Kohima Road from design km 152.490 to km 166.700 Existing km 156.000 to km 172.900 Excluding Dimapur & Kohima Bypass under SARDP-NE Package-III,0.963,1,43.8,HIGH
618364,"Widening to 2 Lane with Hard shoulder of Akegwo-Avangkhu section of NH-202K for Package-I Design Chainage 0000 Km to 34795 Km, in the State of Nagaland on EPC mode under NH O-NE",0.606,1,-5.1,MEDIUM
618365,Widening to 2 Lane with Hard shoulder of Akegwo-Avangkhu section of NH-202K for Package-III Design Chainage 69875 Km to 106816 Km in the State of Nagaland on EPC mode under NHO-NE,0.593,1,-5.1,MEDIUM
618366,Widening to 2 Lane with Hard shoulder of Akegwo-Avangkhu section of NH-202K for Package-II Design Chainage 34795 Km to 69875 Km in the State of Nagaland on EPC mode under NHO-NE,0.348,0,-6.3,LOW
618413,Construction of 2 laning with Hard shoulder of Peren-Dimapur section on NH 129A from Design Km 146.208 to Km 163.592 Length- 17.384 km in the state of Nagaland on EPC mode under NHO-TSP Package-III,0.853,1,11.8,HIGH
618414,Construction of Balance work for 2-lane with hard shoulder of Peren- Dimapur section on NH-129A from Design Km 126.775 to Km 146.208 Length 19.433 Km in the state of Nagaland on EPC mode under NHO-TSP Package-II,0.859,1,12.1,HIGH
618422,"Construction of 2-lane with hard shoulders of Merangkong-Tamlu-Mon road Wakching Twon portion on EPC basis from existing Chainage Km 59000 to Km 73640 [Design Km. 59000 to Km, 72450] Design length - 13.450 Km under SARDP-NE package-V Balance work",0.868,1,11.4,HIGH
618423,Construction of 2-Lane with hard shoulders of Merangkong-Tamlu-Mon MTM Road from existing Km 20.456 to Km 41.065 Design Km. 20 to Km. 40.0 Design Length- 20.000 Km in the State of Nagaland under SARDP-NE Phase-A Pkg-2 Balance work,0.955,1,31.3,HIGH
619059,Construction of 2-Lane with hard shoulders of Merangkong-Tamlu-Mon Road on EPC Basis from existing road Km. 76.640 to Km 98.065 Design chainage Km. 63.800 to Km. 86.835 Design Length-23.035 Km in the state of Nagaland under SARDP-NE PKG-IV Balance work,0.902,1,29.6,HIGH
617898,New construction of Major Bridge with Approaches from Km 0.000 to 1.200 Madhopur -Badabanta section of NH-20 under NHO in Annual Plan 2022-23 in the State of Odisha,0.129,0,3.1,LOW
617899,Widening and Strengthening to 4LPS/2LPS from km 0.000 to 35.800 Kuakhia - Mangalpur section of NH 20 in the state of Odisha on Annual Plan 2021-22,0.69,1,15.9,MEDIUM
617902,construction or By-pass road on NH-26 for Nabrangpur Town,0.515,1,3.7,MEDIUM
617904,Construction of Bypass road to Balangir town from km 72/400 Desing km 0/0 to km 79/800 Design km 11/670 of NH-26 in the State of Odisha.,0.706,1,8.2,HIGH
617905,Construction of 4 lane ROB with approaches in lieu of LC No. RV-172 at km 176.00 of NH-201 present NH-26 at Kesinga including land acquisition in the state of Odisha on EPC mode under Annual Plan 2021-22,0.844,1,18.1,HIGH
617918,"Widening and Strengthening of existing S/L, I/L, & D/L to 2 Lane with PS from Km 256/455 to 256/503, 256/820 to 256/960, 265/760 to 266/010, 266/010 to 266/800, 270/975 to 271/055, 276/460 to 276/560, 276/560 to 276/700, 276/700 to 277/480, 285/780 to 288/290, 288/290 to 291/050 and construction of 3 Nos. of Bypass from Km 266/800 to 267/300, 270/025 to 270/975, & 284/700 to 285/780 on NH-53 under NHO in Annual Plan 2022-23 for the State of Odisha.",0.185,0,9.3,LOW
617920,Widening and Strengthening to 2LPS including LA from km 318.970 to 353.450 Balikuda-Mulkani Section of NH-55 under NHO in Annual Plan 2022-23 in the State of Odisha. Job No. NH-55-OD-2022-23-656,0.237,0,13.8,LOW
617921,Widening and strengthening to 2LPS including LA of Kandarpur-Balikuda from km 277/500 to 318/970 of NH-55 in the State of Odisha under Annual Plan 2021-22.,0.758,1,15.9,HIGH
617922,Construction of Jharsuguda Bypass including Land acqusition on NH-49 from km 258.636 to km 283.300 design chainage 258.636 to km 289.876 under NHO in Annual Plan 2022-23 for the state of Odisha Job No.NH-49-OD-2022-23-655,0.393,0,14.0,LOW
617923,Construction of Daspalla Bypass from km 195.250 To 200.635 of NH-57 including land acquisition in the state of Odisha on EPC mode under Annual Plan 2022-23.,0.332,0,8.5,LOW
617925,Construction of Bypass to Khordha town from Km 294/000 to 300/300 on NH-57 including LA in the State of Odisha on EPC mode.,0.913,1,20.5,HIGH
617930,Construction of Bypass on NH-59 from Km 336/350 to 349/910 13.56 km near Berhampur town including 4-lane RoB in the state of Odisha.,0.72,1,12.0,HIGH
618003,Construction of four lane ROB and its approaches in lieu of existing Level Crossing No. RV-71 at km 435 on NH-217 New NH-353 at Khariar including land acquisition under NHO in Annual Plan 2021-22 for the state of Odisha for F.Y. 2021-22 to F.Y 2033-34,0.915,1,22.0,HIGH
618012,"Widening & strengthenlng to 2LPS from km 0,000 to 40.000 Dhaugaon- Podamari section of NH 326 in the State of Odisha under Annual Plan 2021.22.",0.718,1,15.7,HIGH
618079,Construction of Dharmagarh Bypass on NH-130C including land acquisition in the state of Odisha on EPC Mode under Annual plan 2022-23.,0.283,0,9.9,LOW
618122,Widening to 2 lane with paved shoulded of Jareikela Jharkhand/Odisha Border - Dhabaleswar section from 0/0 to 36/0 of NH-320D in the State of Odisha under Annual Plan 2021-22.,0.487,0,14.2,MEDIUM
618523,Bhadrak KM 136.500 to Baleshwar KM 199.141,0.997,1,65.0,HIGH
618591,"Construction of 6-lane flyover at Ainthapali junction and a 2-lane ROB LHS on NH-53 Earlier NH-6 in Sambalpur, on EPC mode in Odisha under NHO",0.71,1,1.7,HIGH
618592,"Balance work of 8 nos. of Elephant Underpasses EUPs, 1 no. of Vehicular Underpass VUP, 1 nos. of Light Vehicular Underpass LVUP, 1 nos. of Pedestrian Underpass PUP, 1 nos. of Foot Over Bridge FOB and A2 side approach of Jharpokharia Flyover at Km.215.270 in Baharagora-Singhara section of NH-49",0.603,1,9.7,MEDIUM
618593,Balance work of Rehabilitation and Upgradation to four laning of Baharagora Singhara section of NH-49 from Km.229.727 to Km.238.990 Length 9.263 Km. including construction of five nos. of Elephant Underpasses EUP and fourteen nos. of Animal Underpasses AUP inside the buffer zone of Similipal Tiger Reserve Area in Bangriposi Ghat section in the State of Odisha on EPC Mode,0.241,0,-7.1,LOW
618677,6L Greenfield Kaliagura Baunsaguar Section of NH-130-CD Road from km 249000 to km 293000 Package OD-5,0.978,1,26.4,HIGH
618678,6L Greenfield Baunsaguar - Baraja Section of NH-130-CD Road from km 293000 to km 338500 Package OD-6,0.981,1,27.9,HIGH
618680,6L Greenfield Kandili - Aluru Section of NH-130-CD Road from km 342500 to km 365033 Package-OD-8,0.978,1,25.0,HIGH
618704,6L Flyover including RE Wall approaches with Flexible Pavement in the Elephant Corridor of Angul Sambalpur Section of NH-42 New NH-55 Km.202.533,0.943,1,7.4,HIGH
618705,"4L Godibandha to Ballhar Chhak, Ballhar Chhak to Banarpal & Banarpal to Start of Angul bypass at Km.314.130 to Km.321.035 of NH53, at Km.75.200 to Km.84.000 of NH149 & at Km.84.000 to Km.86.100 of NH55",0.264,0,-2.4,LOW
618820,Rehabilitation and Up gradation from 4 to 8 laning of Chandikhole Paradip Section of NH-53 Old NH 5A from Km.39.000 to Km.60.00 Package-3,0.948,1,13.1,HIGH
618821,Rehabilitation and Up gradation from 4 to 8 laning of Chandikhole Paradip Section of NH-53 Old NH 5A from Km 18.00 to Km 39.00 in the State of Odisha on HAM mode Package-2,0.958,1,13.3,HIGH
618822,Rehabilitation and Up gradation from 4 to 8 laning of Chandikhole Paradip Section of NH-53 Old NH 5A from Km.0.00 to Km.18.00Package-1,0.955,1,13.2,HIGH
618908,3L Major Bridge over River Brahmani at Km. 401.250 Duburi - Chandikhole Section of NH-200 New NH -53,0.749,1,14.5,HIGH
619109,6L of Badakumari - Karki Section from Km 179.000 to km 226.500 of NH-130-CD Package OD-3,0.983,1,29.8,HIGH
619118,Four Laning of Angul to Sambalpur from Km.112.000 to Km.265.000,0.997,1,56.5,HIGH
619119,Cuttack-Angul Section of NH-42 New NH-55 from km 0.400 to km 60.200 Pkg-I in the State of Odisha,0.994,1,46.8,HIGH
619157,4 Laning of Talcher to end of Kamakhyanagar Bypass km 8.844 - km 15.725 of NH- 149 and km 301.875 - km 335.946 of NH-53 Pkg-I,0.993,1,44.8,HIGH
619158,4 Laning of Duburi Chandikhole from km 388.376 to km 428.074 Pkg-III,0.989,1,44.3,HIGH
619181,Rehabilitation and Up gradation from 4 to 8 laning of Chandikhole Paradip Section of NH-53 Old NH 5A from Km.60.000 to Km.76.646 Package-4,0.692,1,10.8,MEDIUM
619213,6L of Hatibena - Badakumari Section from Km 146.50 to km 179.00 of NH-130-CD Package OD-2,0.983,1,27.9,HIGH
619215,Cuttack-Angul Section of NH-42 New NH-55 from Km.60.200 to Km. 112.000 Pkg-II in the State of Odisha,0.994,1,46.7,HIGH
618010,Development to 4-lane with paved shoulder for the road section Talwandi Sabo- Raman road to refinery Road junction with Bathinda Dabwali Road of NH-254 from existing Km 131.600 to Km 155.650 Design Km 131600 to km 155600 in the State of Punjab. Job No NH-254-PB-2022-23-565,0.555,1,2.8,MEDIUM
618024,Up-gradation to two lane with paved shoulder configuration of NH-354 Section Arifkes- Ferozepur-Muktsar-Malaut from Km 201.500 to Km 212.500 & Km 229.690 to Km 269.960 and strengthening of existing pavement from Km 212.500 to Km 229.690 excluding Km 218.500 to 223.690 of NH-354 on EPC Mode in the State of Punjab. Job No. NH-354-PB-2020-21-532,0.888,1,21.7,HIGH
618489,Delhi-Amritsar-Katra Expressway Phase-I Pkg-IX from Junction with Ludhiana-Moga road NH-5 near Mullanpur Dakha to Junction with Jalandhar - Moga road NH-703 near Kang Sahibu village Km 260860 to km 303900,0.953,1,26.8,HIGH
618492,Delhi-Amritsar-Katra Expressway Phase-I Pkg-XII from Junction with Amritsar-Mehta- SriHargobindpur-Tanda road NH-503A near SriHargobindpur to Junction with Pathankot-Gurdaspur road NH-54 near Gurdaspur Km 362420 to km 397700,0.741,1,22.2,HIGH
618493,Delhi-Amritsar-Katra Expressway Phase-I Spur-I from Jn. with Kapurthala - Sultanpur Lodhi Road NH-703A near Isharwal village to Jn. with Kapurthala - Tarn Taran road NH-703AA near Goinwal Sahib [Km 24000 to Km 41000 of Amritsar connectivity],0.63,1,11.0,MEDIUM
618551,Greenfield connectivity from Govindsar village on Delhi Amritsar Katra Expressway to Talwara village on NH-44 Pathankot by-pass,0.411,0,-4.6,MEDIUM
618552,Development of 6L Greenfield Jalandhar Bypass starting from Kahlwan NH-03 ending at Kang Sahbu NH-703 via Sarmastpur NH-44 - Madara NH-03 - Khajurla NH-44,0.9,1,23.9,HIGH
618610,6L of Jodhpur Romana Bathinda - Mandi Dabwali Punjab Haryana Border section of NH-54 from km. 0.000 to km. 27.400 of NH-54,0.983,1,28.7,HIGH
618617,6L Amritsar-Bathinda Greenfield section from village Tiba on NE-5A to Jn. with Moga Jalandhar road NH-703 near Dharamkot from km 0.000 to km 39.000 of NH-754A Pkg-1,0.943,1,25.0,HIGH
618618,6L Amritsar-Bathinda Greenfield section from Jn. with Bhagta Bhai Ka-Bhadaur Road near Dyalpura Bhai Ka to Jn. with Mandi Dabwali Bathinda Road on NH-54 near Sangat Kalan from km 93.000 to km 154.866 of NH-754A Pkg-3,0.945,1,24.5,HIGH
618647,6L Access Controlled Ludhiana-Bathinda Greenfield highway from Jn. with Amritsar- Bathanda Greenfield Road NH-754A near Rampura Phul to Jn. with Moga-Barnala Road NH-703 near village Tallewal from Km 0.0 to Km 30.3 of NH-754AD Pkg-1,0.95,1,20.6,HIGH
618648,"Development of 6-lane Greenfield Southern Ludhiana Bypass from intersection with NH-44 near Village Rajgarh to intersection with Delhi Katra Expressway NE-5 near Village Ballowal, km 0000 to km 25240",0.227,0,-3.1,LOW
618764,Moga - Bagha Purana - Bajakhana from km. 0.00 to km. 43.32,0.963,1,30.5,HIGH
618776,4L of Greenfield section from Sirhind to Mohali,0.97,1,20.2,HIGH
618785,4/6L Greenfield LudhianaRupnagar highway from Jn. with NE-5 village near to ManewalLudhiana to Jn. with NH-205 near Bheora Village Rupnagar from Km 66.0 to Km 91.0 i/c spur to Kharar from Km 0.0 to Km 19.5 with Ludhiana bypass of NH-205K Pkg-3,0.951,1,23.0,HIGH
618786,4L of Phagwara - Hoshiarpur,0.54,1,11.3,MEDIUM
618793,4L of Fazilka to Abohar section of NH-07 including construction of Greenfield Abohar & Fazilka Bypasses,0.86,1,11.4,HIGH
618794,Amritsarairport Junction - Ramdas from km. 100.835 to km. 139.813 Pkg - IV,0.98,1,27.6,HIGH
618795,Amritsar Bypass Pkg III from km. 71.496 to km. 105.158,0.962,1,25.9,HIGH
618809,4L of Beas-Mehta-Batala-Dera Baba Nanak from intersection with Jalandhar-Amritsar Highway NH-3 near Beas till start of Batala Bypass near Village Acchhal from Km. 0.000 to Km. 31.300 Pkg-1,0.918,1,19.1,HIGH
618810,4L of existing Beas Baba Bakala - Dera Baba Nanak Section from start of Batala Bypass till intersection with Ajnala Gurdaspur Highway NH 354 near Dera Baba Nanak from Km. 31.300 to Km. 69.100 with Additional batala Bypass Pkg-II,0.948,1,21.6,HIGH
618906,4L of Amritsar-Ghoman - Tanda - Una Section from Km 8.270 to Km 54.000 of NH- 503A Package-I,0.937,1,23.6,HIGH
619099,6L Amritsar-Bathinda Greenfield section from Jn. with Moga Jalandhar road NH-703 near Dharamkot to Jn. with Bhagta Bhai Ka-Bhadaur Road near Dyalpura Bhai Ka from km 39.000 to km 93.000 of NH-754A Pkg-2,0.928,1,24.3,HIGH
619105,6L Access Controlled Ludhiana-Bathinda Greenfield highway from Jn. with Moga- Barnala Road NH-703 near village Tallewal to Jn. with Delhi-Katra Expressway NE-5 near Ludhiana village Ballowal from Km 30.300 to Km 75.543 of NH-754AD Pkg-2,0.702,1,20.0,HIGH
619200,Delhi-Amritsar-Katra Expressway Phase-I Spur-III from Junction with Amritsar- Jalandhar road NH-3 near Bhishambarpura to Junction with Amritsar-Anjala road NH- 354 near Amritsar Airport [Km 71000 to Km 99000 of Amritsar connectivity],0.806,1,23.7,HIGH
619318,4/6L Greenfield Ludhiana Rupnagar highway from Jn. with NE-5 village near to ManewalLudhiana to Jn. with NH-205 near Bheora Village Rupnagar from Km. 0.00 to Km. 37.7 including spur to Kharar with Ludhiana bypass of NH-205K Pkg-1,0.629,1,20.6,MEDIUM
617901,Widening of Pachpadra-Bagundi Section to 4 Lane from Km 73/60 to 95/70 of NH-25 on EPC mode in the state of Rajasthan.,0.916,1,19.4,HIGH
618011,Construction of 2 lane with paved shoulder for the work of Development of remaining sections of NH-325 Balotra to sanderao via Jalore to 2 lane with paved shoulder configuration by Construction of Byasses for town portions1 Asotra- Brahmdham bypass 2Siwana Bypass 3 Mokalsar Bypass 4 Major realignment at Kathadi 5 Major realignment at Bishangarh 6 Jalore Bypass 7 Ahore Town portion 8 Dujana Bypass in the state of Rajasthan on EPC Mode,0.955,1,20.5,HIGH
618069,Upgradation to Two-lane with paved shoulder of Hanumangarh to Kenchiyan section from Km 0.000existing chainage-Km 23.200 to Km 49.605existing chainage-Km 74.645 of NH-54 in the State of Rajasthan on EPC mode.,0.786,1,16.6,HIGH
618092,Up-gradation to 2 lane with paved shoulder from Neechli Oden Nathdwara at Design Km 88.800 existing km 55.95 to Bhatewar at Design Km 142.028 existing km 0.00 of NH-162E in the State of Rajasthan on EPC mode.,0.668,1,11.2,MEDIUM
618117,Upgradation to 2-Lane with Paved Shoulder from Design Km 36300 to Design Chainage 47918 and from Design Ch 69900 to Design Ch 83940 of NH-248A Natni Ka Bara in the State of Rajasthan on EPC Mode.,0.269,0,5.4,LOW
618200,Construction of 2 lane with Paved Shoulder for Northern Bypass Phase-II of Kota city in the State of Rajasthan.,0.671,1,18.8,MEDIUM
618235,Balance work of Rehabilitation and Up-gradation to 4-Lane configuration of Ras- Beawar Section Km 00.000 to km 30.050 of NH-158 in the State of Rajasthan under Green National Highway Corridor Project GNHCP.,0.476,0,1.3,MEDIUM
618457,Delhi-Vadodara Greenfield Alignment NH-148N Pkg-10 Ch. 292.950 to Ch. 319.400 [End of Interchange on NH-166 near village Mui to Hardeoganj village near Indergarh],0.988,1,39.7,HIGH
618458,Delhi-Vadodara Greenfield Alignment NH-148N Pkg-15 Ch. 419.000 to Ch.427.300 [Junction with NH-12 near village Ummedpura to Major bridge over Takli river near Nayagaon Jageer village],0.983,1,32.0,HIGH
618611,Sangariya near Chautala-Rasisar near Bikaner section of NH-754K Phase-I AJ/SR- Package-7,0.992,1,41.8,HIGH
618612,Deogarh near Dhandhaniya-Rajasthan/Gujarat Border Phase-I AJ/DRGB-Package-6,0.989,1,37.3,HIGH
618613,Deogarh near Dhandhaniya-Rajasthan/Gujarat Border Phase-I AJ/DRGB-Package-7,0.989,1,37.4,HIGH
618757,6L access controlled Highway from Km 40080 to Km 86513 Mator to Barodameo Section,0.738,1,17.5,HIGH
618758,6L accesscontrolled highway from km 0000 to km 40080 Paniyala to Mator Section of Paniyala-Barodameo ICR,0.776,1,17.7,HIGH
618796,Tanot -Ramgarh-Bhadasar-Jaisalmer NH-68 and BhadasarMokal-Sarkaritala up to Pakisthan Border NH-968 Pkg-BM/5,0.994,1,48.2,HIGH
618797,"Widening Strengthening of 2-Lane with Paved Shoulder from MyajlarJaisalmer from Design Chainage 0000 to 98350 Section of NH-11 & SundraMyajlarAmbasingh ki Dhani Road from Design Chainage 46000 to 81601, part of MunabaoTanot Road Section of NH-70 along with Strengthening/Widening of Existing Connection of NH-70 & NH-11 of length 0.914 km in the State of Rajasthan under NHO on Hybrid Annuity Mode",0.37,0,0.3,LOW
618838,4L of Karwar Km. 281.980 of NH-62 Nagaur road to Dangiyavas of Jodhpur Ring Road Pkg-II,0.976,1,23.4,HIGH
618853,Construction of Four lane Elevated Structure at Raniwada Circle in Sanchore City on NH-68,0.923,1,8.8,HIGH
619251,Construction of two lane with paved shoulder of Ghatol Bypass from km 133.250 to km 140.950 of NH-56 old NH No. 113 on EPC mode in the State of Rajasthan.,0.161,0,-2.1,LOW
619270,"Upgradation of 6 laned Jaipur- Kishangarh section of NH-48 from km 274100 to 363885 involving construction of flyovers and Service road in Rajasthan On Engineering, Procurement & Construction EPC Mode",0.124,0,-12.9,LOW
619271,Construction of Elevated Corridor at Kherwara Town on Udaipur Ratanpur Shamlaji Section of NH-48 in Udaipur District in the State of Rajasthan on EPC mode,0.125,0,-13.3,LOW
618071,Construction of two lane with paved shoulder Gangtok Bypass Road from Ranipool to Burtuk Ch 0.00 Km to 23.316 L23.316 Km in the State of Sikkim,0.956,1,28.1,HIGH
618426,Construction/Up gradation of Existing road to 2 Lane with Paved Shoulder including Geometric Improvement from Ranipool to Pakyong Balance work from Km 2.000 to 16.167 of NH-717-A on EPC basis under SARDP-NE Phase A in the State of Sikkim,0.987,1,53.3,HIGH
618428,Realignment of NH-717A from Design Ch.0.00 Km 77.800 of NH-10 to Design Ch.2.00 Km 3.100 of NH-717A with two lane paved shoulder including Major Bridge of 680 m in the State of Sikkim on EPC Mode-COS work,0.97,1,31.9,HIGH
618446,Construction & Upgradation of existing road to 2-lane with paved shoulder from New Rolep Bridge at km 37.600 to Chochenpheri at km 52.00 in the section of Rongli to Chochenpheri of NH 717B Pkg-II C,0.921,1,27.6,HIGH
618447,Construction of 2-Laning with Paved Shoulder of New Greenfield Alignment From Helipad near Menla at Km 82000 to Menla at Km 94030 of Rhenock-Menla Spur NH- 717B Package-IIIB on EPC Basis under SARDP-NE Phase 'A' in the State of Sikkim.,0.921,1,25.7,HIGH
618448,Construction of 2-Laning with Paved Shoulder of New Greenfield Alignment From Chochenpheri at Km 52000 to Helipad near Menla at Km 82000 of Rhenock-Menla Spur NH-717B Package-IIIA on EPC Basis under SARDP-NE Phase 'A' in the State of Sikkim.,0.865,1,26.4,HIGH
618449,Construction & Upgradation of existing road to 2-lane with paved shoulder from km27.200 End of Rongli bypass to km37.600New Rolep Bridge of Rhenok-Menla spur NH-717B on EPC Mode under SARDP-NE Phase-A in Sikkim Pkg-II B,0.955,1,33.3,HIGH
618450,Rehabilitation & Upgradation of existing road to 2-lane with paved shoulder including geometric improvement of section from start of Rabangla km33.600 to km58.840 under SARDP-NE Phase A Pkg- IV,0.933,1,37.6,HIGH
617962,"Construction of Bypass to Madurai Achambathu Viratipathu in between km 6/850 10/382 of NH 49 Extn New NH 85 including Land Acquisition on Engineering, Procurement & Construction EPC basis Contract under NH O Annual Plan 2021-22 in the state of Tamil Nadu job No.NH-49 Extn New NH 85 - TN-2021-22-997",0.947,1,28.5,HIGH
618478,Bangalore Chennai Expressway Phase-III Package II Walajahpet to Arakkonam from Km 180.000 to Km 204.500,0.989,1,40.6,HIGH
618479,Bangalore Chennai Expressway Phase-III Package III Arakkonam to Kancheepuram from Km 204.500 to Km 230.000,0.951,1,39.2,HIGH
618480,Construction of Trumpet Interchange Connecting Bangalore Chennai Expressway km.261705 to km. 262800 with Maduravoyal to Walajapet Section of NH 48 near Sriperumbudur Toll Plaza at km. 35700,0.844,1,23.0,HIGH
618481,4L Bangalore-Chennai Expressway from Km. 230.000 to Km. 261.705 of Kanchepuram to Sriperumbudur Section Phase-III/Package-IV,0.984,1,38.5,HIGH
618521,Karaipettai to Walajapet from Km 71.015 to 107.091,0.995,1,53.8,HIGH
618522,Balance Works for six laning of Sriperumbudur to karaipettai section of NH-4 New NH- 48 from 37000 Existing Km 37000 to Km 71015 Existing Km 71000 in Tamilnadu on EPC mode underNHDP Phase-V,0.759,1,14.3,HIGH
618561,Improving the Alignment of Thoppur Ghat Section from Km 158.500 to Km 165.100 in Dharmapuri - Salem Section of NH-44,0.735,1,8.3,HIGH
618563,4L of Madurai Ring Road Phase 1 [Vadipatti-Thamrapatti] from km 0.00 - km 29.960,0.996,1,52.3,HIGH
618608,4L of left-over works including additional structures from Kerala/Tamil Nadu border to Kanyakumari Section from Km 43.0 to Km 96.174 of NH66,0.966,1,28.2,HIGH
618635,6L of Pondavakkam to Kannigaipair from km 96.040 to km 116.100 of NH 716B Pkg- IV,0.928,1,37.4,HIGH
618744,4L of Thirumangalam to Vadugapatti section from km 0.000 to km 36.000 of NH-744,0.984,1,33.4,HIGH
618756,Melur - Pilayarpatti - Karaikudi from km 99.920 of NH 38 to km 12.9 of NH 383 Ext.,0.996,1,55.0,HIGH
618800,Construction of New Double Tier 4L Elevated Corridor from Chennai Port to Maduravoyal in Chennai District from km -0.342 to Km 20.593 and Package II from Km 4.604 to Km 9.700,0.631,1,19.4,MEDIUM
618801,Construction of New Double Tier 4-lane Elevated Corridor from Chennai Port to Maduravoyal in Chennai District from Km -0342 to Km 20223 Package 1 from Km - 0342 to Km 4604,0.676,1,19.8,MEDIUM
618846,Poondiyankuppam Km.67.000 to Sattanathapuram Km.123.800,0.997,1,58.6,HIGH
618894,4L of Madathukulam - Pollachi from km. 74.38 to km. 116.95 of old NH-209 New NH- 83,0.995,1,53.6,HIGH
618895,Kamalapuram to Oddanchatram from km. 0.00 to km. 35.822,0.995,1,53.4,HIGH
618898,Balance Works for Four laning of Vikravandi to Sethiyathope section from Km 0.0 to Km 65.96 of NH-45C in Tamil Nadu under NHDP Phase-IV on EPC mode,0.694,1,11.6,MEDIUM
618899,Kallagam km.38.700 to Meensurutti Km.98.433 of NH-227 in Tamil Nadu,0.997,1,60.1,HIGH
619045,Construction of New Double Tier 4L Elevated Corridor from Chennai Port to Maduravoyal in Chennai District from km -0.342 to Km 20.593 and Package IV from Km 14.185 to Km 20.593,0.548,1,19.0,MEDIUM
619074,6-laning of Krishnagiri Km.0.000 to Walajahpet Km.148.300 section on NH-46 under NHDP-V,1.0,1,109.3,HIGH
619086,Chengapalli km 102.035 to Neelambur Km144.680 and Madukkarai Km 170.880 to Walayar K183.010 Package No. NS-2/BOT/TN-08,1.0,1,109.7,HIGH
619094,Thorapalli - Agraharam - Jittandahalli Section from km 23.350 to km 60.100 [Hosur to Dhamrapuri Pkg-2],0.99,1,52.6,HIGH
619129,Mahabalipuram - Pondicherry Pkg-I [Mamallapuram to Mugaiyur],0.981,1,51.7,HIGH
619130,Mahabalipuram - Pondicherry Pkg-II [Mugaiyur to Marakkanam],0.977,1,51.7,HIGH
619131,Four Laning of Chettikulam to Natham section of NH-785,0.997,1,56.7,HIGH
619139,Construction of New Double Tier 4L Elevated Corridor from Chennai Port to Maduravoyal in Chennai District from km -0.342 to Km 20.593 and Package III from Km 9.700 to Km 14.185,0.628,1,19.5,MEDIUM
619156,4 Laning of Paramakudi to Ramanathapuram Section of NH-87 Old NH-49,0.301,0,6.3,LOW
619161,Access Controlled Highway of 4 Lane with Paved Shoulders from Tiruvallur Design Chainage Km 1756 to TN/AP Broder Design Chainage Km 6151 of NH-716 Chennai- Tirupati Package-1,0.806,1,17.2,HIGH
619222,"Balance works of four lane from km 43.950 Thiruvallur Bypass to km 61.470 Veppampattu Bypass passing through Thannerkulam, Thozur and Sevapet Bypass 17.520 kms of Tirupathi- Tiruttani- Chennai section of NH 205",0.986,1,32.0,HIGH
617913,6-laning of km 9.900 to km 19/948 Aramgarh to Shamshabad Section of Hyderabad- Bangalore section of NH-44 Under NHO EPC basis in the state of Telangana,0.976,1,47.7,HIGH
617936,Widening to two/four lane with paved shoulder from Km.180.600 to Km.223.000 of NH-63 on Nizamabad-Jagadalpur road on EPC mode under NHO in the state of Telangana.,0.99,1,48.1,HIGH
617939,6-Laning of Pune-Hyderabad Section of NH-65 from Km 493/0 to Km 524/0 from Sangareddy X Roads to Madinaguda in the State of Telangana,0.537,1,7.1,MEDIUM
617940,"Rehabilitation and Upgradation of LB-Nagar to Malkapur section to 6-Lane main carriageway with service roads, drains cum footpath, including VUPs and widening of Minor bridge & road safety provisions from Km. 15/00 to Km 40/00 of NH-65 Old NH-9 under NH O for the year 2020-21 in the state of Telangana on EPC Mode.",0.914,1,19.9,HIGH
617980,Construction of six lane elevated corridor from km 7.950 Uppal to km 14.200 of NH- 163 to De-Congest the urban limits of Hyderabad-Bhoopalapatnam section on EPC mode in the state of Telangana,0.879,1,41.2,HIGH
617983,Widening & Strengthening of Existing 2LPS to 4 lane PS from Km 150000 to Km 159000 and Km 165400 to Km 186000 of NH-163 old NH-202 under NH O for the year 2020-21 on EPC Mode in the state of Telangana.,0.91,1,24.6,HIGH
617994,Rehabilitation and upgradation of NH-167 from design km 113.900 to 154.479 Mallepally Haliya section to two lane with paved shoulders on EPC mode in the stte of Telangana,0.975,1,48.6,HIGH
617995,Widening to Two Lane with Paved Shoulders from Km 67.000 to Km 114.425 of Kalwakurthy- Mallapally Section of NH 167 Erstwhile section of SH 18 in the State of Telangana on EPC mode under NH O Annual Plan 2016-17,0.985,1,52.0,HIGH
618001,"Construction of 4-lane flyover at Amberpet-X road, Hyderabad on NH-202 in the State of Telangana",0.978,1,39.3,HIGH
618025,Rehabiitation and upgradation from km 121/000 to 154/000 Nakrekal to Mallampally section of NH-365 to 2 lane with paved shoulders in the state of Telangana in the EPC mode,0.98,1,47.7,HIGH
618091,Widening to two lane with paved shoulders from Km 0/000 to Km 45/946 of Nizampet- Narayankhed-bidar section of NH-161B in the state of Telangana under Annual Plan 2021-22 on EPC mode under NHO,0.554,1,15.5,MEDIUM
618104,Widening to two lane with paved shoulders from Km 0/000 to Km 79/300 of Kalwakurthy - Kollapur section of NH-167K in the state of Telangana under annual plan 2021-22 on EPC mode under NHO.,0.871,1,18.1,HIGH
618105,Widening and strengthening to 4 lane / 2-lane with paved shoulders of Mahabubnagar - Chincholi section from km 60/255 to Km 102/834 of NH-167N in the State of Telangana on EPC mode.,0.554,1,15.3,MEDIUM
618106,Widening and Strengthening to 2/4 lane with paved shoulders of Mahabubnagar Chincholi section from Km 0/0 to Km 60/255 of NH-167N in the state of Telangana under Annual plan 2021-22 on EPC modepackage-I under NHO Job No.167N-TS- 2021-22-75,0.896,1,21.7,HIGH
618130,Widening to 2 lane with paved shoulders from 0.00 to 32.970 ofAdilabadto Bela section of NH 353B in the State of Telangana,0.772,1,13.1,HIGH
618140,Widening to two/four lane with paved shoulders from Km.34.250 to Km.71.830 of NH- 365A on Kodad-Khammam-Kurvi road.,0.295,0,6.1,LOW
618141,Widening and Improvement of existing carriage way to 2 lane with paved shoulders from Km. 86/160 to 131/730 of Jangaon-Duddeda section of NH-365B in the State of Telangana on EPC Mode,0.815,1,18.2,HIGH
618182,Widening to Two lane with paved shoulders from 106/830 to 158/496 of Yellareddy- Rudrur Section of NH-765D in the state of Telangana on EPC mode under NHO under Annual plan 2022-23,0.703,1,12.9,HIGH
618183,Widening to 2 lane with paved shoulders from Km 62/920 to km 106/830 of Medak - Yellareddy section in the State of Telangana under Annual Plan 2022-23 on EPC mode under NHO,0.715,1,12.9,HIGH
618186,"Rehabilitation and Up-gradation of Valigonda to Thorrur Section to Two Lane with Paved Shoulders from Km 39.180 to Km 108.300 of NH-930P in the State of Telangana on Engineering, Procurement and Construction EPC Basis",0.894,1,19.2,HIGH
618190,Widening to two lane with paved shoulders of 'Bodhan Basar Bhainsa ' section from Km 38/900 to 95/300 of NH-161BB in the state of Telangana under Annual Plan 2021- 22 on EPC Mode under NH O.,0.901,1,18.4,HIGH
618196,Widening to 2 lane with Paved Shoulders of Siddipet-Elkathurthy section from Km 69/978 to km 133/619 of NH-765DG in the State of Telangana under Annual plan 2021-22 on EPC mode,0.855,1,19.0,HIGH
618197,Widening to 2 lane with Paved Shoulders of Medak - Siddipet section from Km 0/0 to km 69/978 of NH-765DG in the State of Telangana under Annual plan 2021-22 on EPC mode,0.79,1,17.9,HIGH
618746,Khammam-Devarapalle Pkg I [4L Access Controlled Greenfield from Thallampadu village to Somavaram village Design Chainage 0000 to 33604],0.978,1,28.6,HIGH
618765,4L of Karimnagar-Warangal section from km 49.500 to km 117.820 of NH-563,0.96,1,22.9,HIGH
618811,4L Access Controlled Greenfield Highway Section Mancherial Warangal from Pangidipalle village at Design Ch. 72.350 Km to Oorugonda village at Design Ch. 112.240 KmPackage-III,0.382,0,12.3,LOW
618812,4L Access Controlled Greenfield Section Mancherial Warangal from Puttapaka village at Design Ch. 35.300 Km to Pangidipalle village at Design Ch. 72.350 KmPackage-II,0.429,0,13.5,MEDIUM
618813,4L Access Controlled Greenfield Section Mancherial Warangal from Narva village at Design Ch. 3.834 Km to Puttapaka village at Design Ch. 35.300 Km Package-I,0.432,0,12.5,MEDIUM
618814,4L Access Controlled Greenfield Highway section on NH163G Warangal-Khammam from Oorugonda village in Hanamkonda District at Design Ch. 112.240 Km to Venkatpur village in Warangal District at Design Ch. 150.240 KmPackage-I,0.337,0,12.0,LOW
618815,4L Access Controlled Greenfield Highway section on NH-163G Warangal-Khammam from Venkatpur village in Warangal District at Design Ch. 150.240 Km to Thallasenkesa village in Mahabubabed District at Design Ch. 189.650 kmPackage-II,0.903,1,15.7,HIGH
618816,4L Access Controlled Greenfield Highway section on NH-163G Warangal-Khammam from Thallasenkesa village at Design Ch. 189.650 km to V.Vekatayapalem village in Khammam District at Design Ch. 220.480 KmPackage-III,0.422,0,12.4,MEDIUM
618817,4L Access Controlled Greenfield Highway section on NH-163G Khammam Vijayawada from V. Venkatayapalem village at Design Ch. 220.480 Km to BrahmanapalliK village at Design Ch. 250.400 Km Package-I.,0.723,1,11.1,HIGH
618944,Hyderabad - Maneguda,0.674,1,19.7,MEDIUM
618945,4L of Kodad Design Km 0.00/Existing Km 185.00 of NH-65 to Khammam Design Km 31.800/Existing Km 29.400 of NH-365A,0.979,1,29.5,HIGH
619009,Upgradation to Two Lane with Paved Shoulders from Km 0.000 to Km 41.920 Green Field Alignment of Gowrelly to Valigonda Section of NH-930P in the State of Telangana on EPC Mode under Annual Plan 2022-23,0.146,0,9.0,LOW
619128,Khammam-Devarapalle Pkg II [4L Access Controlled Greenfield from Somavaram village to Chintagudem village Design Chainage 33604 to 63117],0.979,1,28.7,HIGH
619165,Thanamcherla-Jamandlapally 2LPS,0.973,1,31.2,HIGH
619193,Rehabilitation and upgradation of NH-221 from km 121/0 to 165/0 Rudrampur to Bhadrachalam section to two lane with paved shoulder under NHDPIV in the state of Telangana through EPC mode,0.988,1,65.8,HIGH
619253,Construction of 4 lane Bypass to Nalgonda Town lrorn Km 000 Existing Ch. 181590 to Km 14.00 Existing Ch. 28/685 ol Nakrekal to Nagarjunsagar Section of NH -565 in the State of Telangara on EPC under Annual Plan 2024 -25,0.388,0,-1.5,LOW
619265,Rehabilitation & Upgradation of Thorrur to Nehru Nagar section to Two Lane with Paved shoulders from Km 109/420 to Km 178/500 of NH 930P in the state of Telangana on EPC mode under Annual Plan 2022-2023,0.068,0,-5.6,LOW
618307,Rehabilitation and up-gradation of road from km 16.077 to km 43.935 total length 27.858 km of Lalchara-Kanchanpur section via Shivbari on NH-44A to 2 lane with paved shoulder in the state of Tripura on EPC Mode Pkg-2 under BharatMala Pariyojana Manu-Simlung -2,0.855,1,17.2,HIGH
618350,Improvement & widening of existing NH-08 to 4-lane with Paved Shoulder from Champak Nagar to Khayerpur section design Km 242500 to Km 261610 in the state of Tripura on EPC basis under NHO-NE,0.697,1,4.9,MEDIUM
618367,Improvement and Widening to 2-lane with paved shoulder of road from design Km 72.000 Pati Chhari to design Km 107.654 Harina Total length 35.654 Km on Teliamura to Harina section of NH 208 in the state of Tripura on EPC mode under JICA ODA Loan Phase VI Package-4,0.335,0,2.2,LOW
618368,Improvement and Widening to 2-lane with paved shoulder of road from design Km 36.000 Rangamati to design Km 72.000 Pati Chhari Total length 36.000 Km on Teliamura to Harina section of NH 208 in the state of Tripura on EPC mode under JICA ODA Loan Phase VI Package-3,0.386,0,2.7,LOW
618369,Improvement and Widening to 2-lane with paved shoulder of road from existing Km 438.170 Khowai Chowmuhani to existing Km 439.410 South Pulinpur of NH-08 and from design Km 0.000 South Pulinpur to design Km 36.00 near Rangamati of NH 208 on Khowai Teliamura- Harina section Total length 37.24 in the state of Tripura on EPC mode under JICA ODA Loan Phase VI Package-2,0.781,1,5.0,HIGH
618370,Improvement and Widening to 2-lane with paved shoulder of road from Km 101.300 to km 127.319 Total Length 26.019 Km i.e. the Khowai Teliamura-Amarpur-Harina- Sabroom section of NH 208 in the state of Tripura on EPC under JICA ODA Loan Phase VI Package-1,0.801,1,5.6,HIGH
618385,Rehabilitation and up-gradation of road from design km 25.250 to km 36.460 Total lengh 11.210 km of Kailashahar-Kurti Bridge section on NH-208A to 2-lane with paved shoulder on EPC basis under NHO Package-III- Balance Work,0.937,1,33.2,HIGH
618411,Melaghar-Srimantapur section on NH-08 Spur from Km 23 to Km 34.500 11.5 Km and overlay from Km 20.30 to Km 22.00 1.7 Km Total Length 13.2 Km,0.91,1,15.3,HIGH
618417,"Construction of 4-Lane with paved shoulder Agartala bypass Western side, length 25.402 km connecting NH-8 near Amtali to NH-108B near Lembuchhera in the state of Tripura on EPC basis under NHO-NE",0.315,0,4.4,LOW
617963,Rehabilitation and upgradation to four lane road from km 70.500 to km 78.600 of NH- 92 under EPC mode in the State of Uttar Pradesh,0.493,0,8.9,MEDIUM
617964,"Widening to Four Lane rigid pavement configuration from Km 90.00 to Km 100.800 on NH-96 Km 42.0 to Km 53.300 as per new NH-330,design length of 11.300 km under EPC mode in the state of Uttar Pradesh.",0.264,0,6.6,LOW
618009,Balance work of Construction of Ring Road for Raebareli City on eastern side of NH- 24B Phase-1 on EPC mode.,0.953,1,27.3,HIGH
618054,Construction of Balrampur bypass with 2L flexible pavement configuration from km.223.000 of NH-330 to km.328.300 of NH-730 under EPC mode,0.527,1,10.9,MEDIUM
618055,Construction of Pratapgarh Bypass Extension connecting NH-31 to NH-330 on EPC mode in the State of Uttar Pradesh.,0.74,1,13.6,HIGH
618056,Improvement and Up-gradation to two Lane with Paved Shoulder Configuration from existing km. 420.00 Shohrathgarh to km. 454.00 Uska Bazar of NH-730 in the state of Uttar Pradesh EPC basis,0.663,1,17.0,MEDIUM
618057,Construction of Shohratgarh Bypass on NH-730 under EPC mode in the State of Uttar Pradesh,0.527,1,11.8,MEDIUM
618063,Widening & Strenghteningof section from Bharthana chowk to Kodarkoot km.0.00 to km.40.00 of NH-91-A on EPC mode,0.931,1,30.8,HIGH
618066,Construction of Amethi bypass Part-II at km.30.050 of NH-931 under EPC mode in the state of Uttar Pradesh,0.401,0,7.3,MEDIUM
618067,"Rehabilitation & Up-gradation from design Km. 0.000 to Km. 69.280 of NH-931 Pratapgarh - Amethi - Gauriganj -Musafirkhana to two lane with paved shoulder on Engineering, Procurement & Construction EpC mode in the State of Uttar Pradesh",0.121,0,5.7,LOW
618075,Construction of two lane with paved shoulder from existing Km.0.000 to Km.55.610 design km. 0.000 to km. 54.048 of NH-124D,0.738,1,15.1,HIGH
618081,Construction of Mariahu Bypass with four lane paved shoulder configuration Km. 53.540 to Km.59.200 of NH-135A on EPC mode in the state of Uttar Pradesh,0.441,0,6.1,MEDIUM
618082,Widening & Upgradation to four lane configuration from Km.34.900 Bhadohi to km.73.134 Jaunpur of NH-135A on EPC mode,0.899,1,23.4,HIGH
618111,Improvement and upgradation to two lane with paved shoulder configuration from existing km 90.00 to 130.00 Design length 39.15 of NH-227A near Sikriganj to Barhalganj in the State of UP on EPC Mode.,0.893,1,21.5,HIGH
618112,"Improvement and up-gradation of NH-227B 84 Kosi Parikrama Marg Package I, from km 228.920 Jagarnathpur to Km 235.960/0.000 MakhaudaDham to Km 29.000 Sarpur in the State of Uttar Pradesh on EPC basis",0.189,0,13.1,LOW
618113,"Improvement and up-gradation of NH-227B 84 Kosi Parikrama Marg Package III, from Km.47.800 Gosaiganj to Km.73.300 Bikapur in the State of Uttar Pradesh on EPC basis.",0.544,1,15.3,MEDIUM
618114,"Improvement and up-gradation of NH-227B 84 Kosi Parikrama Marg PackageV, from Design Km.140.960 Patranga to Km.160.200 Bahuvan Madar Majha on EPC mode in the State of Uttar Pradesh",0.088,0,3.4,LOW
618116,lmprovement and Up-gradation from Km. 73.300 Bikapur to Km.140.960 Patranga of NH-227B 84 Kosi Parikrama Marg to 2LPS along with Parikrama Path,0.339,0,10.2,LOW
618124,Rehabilitation and upgradation from km 51.600 to km 75.700 of NH-321G Nuhkhas to Etah section to two lane with paved shoulder configuration under EPC mode in the State of Uttar Pradesh,0.75,1,17.6,HIGH
618162,"Improvement and up-gradation to 2LPS of NH-227B 84-Kosi Parikrama Marg PackageVI, Design Km 160200 Bahuvan Madar Majha to Km 224040 Jagarnathpur under HAM",0.159,0,5.8,LOW
618163,"Rehabilitation and Up-gradation from km. 0000 to km.40390 of NH-730S MaharajganjNichloulThuthibari to two lane with paved shoulders in the State of U.P. on Engineering, Procurement & Construction EPC Basis.",0.53,1,9.3,MEDIUM
618164,Construction of four lane highway with paved shoulder from Km.74.700 to Km.112.950 of NH-731A i/c Yamuna Bridge on HAM in the state of Uttar Pradesh.,0.859,1,17.0,HIGH
618166,Construction of 4-lane green field highway from Km. 35.000 to Km. 49.155 of NH- 731A with paved shoulders on Hybrid Annuity Mode in the state of Uttar Pradesh,0.86,1,15.0,HIGH
618168,Widening to four lane with paved shoulder from Design Km.49.200 to Km.89.285 of NH-731B on EPC mode in the state of Uttar Pradesh,0.535,1,12.4,MEDIUM
618169,Construction of Two Lane with paved shoulder highway from Design Ch.0.000 to Ch.49.2OO of NH-731B on EPC Mode,0.853,1,14.8,HIGH
618187,"Rehabilitation and upgradation of Salon - Jais - Jagdishpur Road section of NH-931A, from design Chainage km 0.000 to km 5.740 to four lane divided carriageway and from design Chainage km 5.740 to km 53.500 to two lane with paved Total length km 53.500 along with One time improvement in 04 no's of realigned/bypassed built-up areas in a total length of 9.732 km in the state of Uttar Pradesh on EPC mode",0.151,0,-1.6,LOW
618233,Construction of 6-lane bridge on Ganga on NH-96 and its approaches in Phaphamau Allahabad on EPC mode,0.915,1,34.1,HIGH
618240,Rehabilitation and upgradation to 2-lane with paved sholuders configuration of Bewar- naer Karri village section Km0.00 to Km30.00 Pakage-I of NH-92 in state of Uttar Pradesh undergreen national Highway Corridor Project GNHCP with the loan assistance of world Bank on EPC mode.,0.939,1,29.6,HIGH
618243,Construction of Basti Ring Road Phase-I with 4L configuration for Basti City in the state of Uttar Pradesh on HAM mode,0.383,0,5.2,LOW
618244,Construction of Raebareli Ring Road Phase-2 with four Lane configuration for Raebareli City in the state of Uttar Pradesh on Hybrid Annuity Model HAM basis,0.616,1,10.9,MEDIUM
618247,Construction of 4 lane Mirzapur bypass including bridge over river Ganga from km 0.000 to km 15.000 of NH 135A in the State of Uttar Pradesh on HAM Mode.,0.054,0,-6.2,LOW
618248,Widening to 4 lane from km. 139.00 to km 179.20 of NH-135A Pkg-III Jaunpur Akbarpur section and Akbarpur bypass on Hybrid Annuity Mode in the state of Uttar Pradesh.,0.173,0,6.0,LOW
618249,Widening to 4 lane from km. 108.50 to km 139.00 of NH-135A Pkg-II Jaunpur Akbarpur section on Hybrid Annuity Mode in the state of Uttar Pradesh,0.305,0,7.9,LOW
618252,"Improvement and Up-gradation to two Lane with Paved Shoulder/Four Lane configuration from existing Km 130.000 to Km 191.000 design km 131.500 to Km 188.735, Design length 57.235 Km of NH-227A near Barhalganj to Mehrauna Ghat in the state of Uttar Pradesh on Hybrid Annuity Model HAM basis",0.508,1,10.1,MEDIUM
618260,"Construction of Salempur bypass to 4LPS from km 64.000 of NH-727A Km 171.00 of Sonauli Balia Marg, old SH-01, near Mahadahan Chauraha to km 61.500 of NH-727B Km 178.500 of Sonauli Balia Marg, old SH-01, near near Ahirauli Village under Hybrid Annuity Mode HAM in the State of Uttar Pradesh",0.351,0,14.2,LOW
618262,Construction of Deoria Bypass from existing Km. 27.140 to existing Km. 46.780 Design Km. 49.109 on NH727A Design length 21.969 Km. to four lane with paved shoulder configuration under Hybrid Annuity Mode HAM in the State of Uttar Pradesh,0.128,0,7.1,LOW
618263,"Rehabilitation and Up-gradation to 2LPS from Km. 0.000 to Km. 7.800 and Km. 35.400 to Km. 52.345 Design length 24.745 Km., except Bihar portion of NH-727B Tamkuhiraj to Bihar Border and Bihar Border to Majhauli on EPC mode in the State of Uttar Pradesh",0.86,1,11.3,HIGH
618264,"Widening and Strengthening to two Lane with Paved Shoulder/Four Lane with paved shoulder configuration from km. 61.500 of NH-727B near Nawalpur km 178.500 of Sonauli Balia Marg, Old SH-01 i.e. end point of Salempur Bypass to km. 106.495 of NH-727B near Sikanderpur under EPC mode",0.262,0,4.4,LOW
618265,Rehabilitation and upgradation to 2-lane with paved sholuders configuration of Miranpur Katra to radhaita section of NH-730CKm.114.000 to Km 137.250pakage-III in state of Uttar Pradesh undergreen national Highway Corridor ProjectGNHCP with the loan assistance of world Bank on EPC mode.,0.903,1,26.2,HIGH
618266,Rehabilitation and upgradation to 2-lane with paved sholuders configuration of Bewar- Allahaganj- section of NH-730C Km.0.000 to Km 52.770 pakage-I in state of Uttar Pradesh undergreen national Highway Corridor Project GNHCP with the loan assistance of world Bank on EPC mode.,0.922,1,26.4,HIGH
618267,Widening/Upgradation to four lane configuration of Shahjahanpur-Bisalpur section from km 0.00 to km 47.026 of NH-731K on Hybrid Annuity Mode in the state of Uttar Pradesh.,0.09,0,6.2,LOW
618499,6L Elevated Kanpur - Lucknow Exeressway Pkg-1 from Km. 10980 to Km. 28500,0.949,1,18.9,HIGH
618500,Construction of 4L Connector from Delhi Meerut Expressway Km 50.000 of Pkg IV to Km 8.520 of NH-235 Pkg-5,0.919,1,22.4,HIGH
618529,Varanasi Ring Road Pkg-II connecting Sandaha Village km 11.70 / NH-29 with Revasa Village km 818.80 / NH-2,0.986,1,42.0,HIGH
618536,Construction of Ring Road around Kanpur from Ch.68.650 to Ch.93.209 Jarkala to Pakari Package-IV in State of Uttar Pradesh.,0.539,1,7.9,MEDIUM
618537,Construction of Ring Road around Kanpur from Km.000 to Km. 23.325 Chachendi Sachendi I to Maharajpur Package-I,0.742,1,9.5,HIGH
618538,Construction of Ring Road around kanpur from Ch.51.200 to Ch. 68.650 Badarka to Harbanch-Uchti Pkg-III,0.44,0,3.9,MEDIUM
618539,Construction of Ring Road Kanpur from Ch. 32.090 to Ch.51.200 Transganaga to Sathara Package-II B,0.249,0,-2.8,LOW
618540,Construction of Ring Road around Kanpur from Ch.23.325 to Ch.32.090 Chaudhariya to Transganga Package-IIA,0.569,1,2.5,MEDIUM
618554,Construction of left out portion of Agra Inner Ring Road connecting village Deori to NH-44 village Bad from Km. 0.000 to Km. 7.772,0.948,1,18.3,HIGH
618566,4L Green Field Northern East side Gorakhpur Bypass 26.616 Kms starting from NH- 29E Chainage 83.308 and end at NH-28 Chainage 285.100,0.849,1,12.9,HIGH
618567,4/6L of Northern Ayodhya Bypass starting Km. 112.540 and ending Km. 139.928 north of existing NH-27 part-1 and part-2 south of NH-27 from km 0.000 to km 5.000.,0.335,0,-2.4,LOW
618568,4/6L Southern Ayodhya Bypass from Km 5.000 to Km 37.172 starting near Km. 112.540 and ending at Km. 153.281 of NH-27,0.382,0,-2.2,LOW
618669,4 -Laning of MP/UP Border to Kabarai section of NH-34&35 from km 197.000 to km 242.991 Length 45.991 Km Sagar-Kabrai Package-5 under Bharat Mala Pariyojana EC in MP & UP on HAM,0.799,1,14.4,HIGH
618690,"4 lanning of Aligarh Palwal section from km 0.00 to km 46.39 package -1 from khereshwar junction-kurana of NH33D , including khair & jattari bypass in the state of UP on HAM mode",0.341,0,3.5,LOW
618710,DL/UP Border - EPE Crossing Pkg-02,0.971,1,27.3,HIGH
618722,6L access Controlled Greenfield Highway from Gogwan Jalalpur Shamli to Ranipur Barsi Saharanpur of Shamli -Ambala section Package-I Design Ch. Form km 00.600 to km 45.500,0.852,1,16.9,HIGH
618761,4L Spur of Meerut-Garh-Mukteshwar section connecting NH-119 and NH-58 bypassing Meerut Town of NH 709 A,0.957,1,20.5,HIGH
618768,Four laning of Agra-Aligarh Section from Km. 0.000 Junction of NH-34 Aligarh Km 144.60 to Km. 28.000 near Asroi village in Hathras of NH-509 Package-I,0.197,0,1.0,LOW
618782,4L of Bareilly-Pilibhit-Sitarganj from Km. 0.000 to Km. 32.500 of NH-30 Pkg-1,0.798,1,12.6,HIGH
618798,4L of Sonauli - Gorakhpur,0.938,1,20.9,HIGH
618842,"2L PS Greenfield bypass lalganj ajhara, mohanganj and Raniganj on Raebareli - Jaunpur Section Design km 0.00 to Km 53177 of NH-31",0.147,0,-2.5,LOW
618843,Construction of two lane with paved shoulders bypass to Mungrabadshapur town starting from near Kodahu at Km 47/225 of NH-319D and ending near Nauwadandi at Km 219/720 of NH-31 under NHO in the state of Uttar Pradesh on EPC mode,0.318,0,-2.1,LOW
618848,Construction of Underpass beneath airport runway on NH-31 old NH-56 for proposed expansion of runway of Babatpur Airport Varanasi,0.253,0,-6.0,LOW
618856,"Improvement and Up-Gradation of Existing Road to 4L PS from Km 123.650 to 175.080, from Start of Shahabad Bypass to End of Hardoi bypass of NH 731 Pkg-2B",0.848,1,15.7,HIGH
618858,"Improvement and Up-Gradation of Existing Road to 4L PS from Km 88.750 to 123.650, from Start of Shahjahanpur Bypass to start of Shahabad bypass of NH 731Pkg.-2A",0.844,1,12.5,HIGH
618859,"Improvement and Up-Gradation of Existing Road to 4L PS from Km 229.070 to 260.800, End of Hardoi District to Lucknow Ring road of NH 731 Pkg-4",0.961,1,20.9,HIGH
618866,"Four Lane Highway from Chandan Nagar Existing Km. 59.025 of NH 530B/Design Km. 179.5000 to Bareilly BypassStartExisting Km. 59.025 of NH 530B/Design Km. 218.000 Section of NH 530B, in the State of Uttar Pradesh on HAM Mode under NH0",0.375,0,-1.2,LOW
618867,4L Kasganj-Badaun Section from Km. 123.100 to Km. 179.500 Pkg-III of NH530B,0.594,1,10.6,MEDIUM
618868,4L from Devinagar Bypass End Existing Km. 208.000 of NH 530B/Design Km. 66.000 to Kasganj Bypass End Existing Km.150.100 of NH 530B/ Design Km. 123.100 of NH 530B,0.856,1,12.3,HIGH
618869,"Construction of 4/6 lane Highway of Southern Bareilly Bypass, starting at Ch. 237000 of NH 530 near Jhumka chauraha, Dhantiya village and ending at Ch. 267000 of NH 30 near Invertis University including Trumpet Interchange",0.22,0,-4.0,LOW
618883,Construction of Four Lane Highway form Ghazipur- Ballia-UP/Bihar State Border Greenfield section of NH-31 Package I [from Hridaipur km 0.000 to Shahapur km 42.500] on EPC Mode in the state of Uttar Pradesh.,0.949,1,17.0,HIGH
618884,Construction of Four Lane Highway from Ghazipur- Ballia-UP/Bihar State Border Greenfield section of NH-31 Package II [from Shahapur km 42.500 to Pindari km 78.150] on EPC Mode in the state of Uttar Pradesh.,0.942,1,16.3,HIGH
618885,Construction of Four Lane Highway from Ghazipur- Ballia-UP/Bihar State Border Greenfield section of NH-31 Package IV [from Buxur Spur of length km 17.270 on EPC Mode in the state of Uttar Pradesh.,0.919,1,13.0,HIGH
618893,Varanasi Gorakhpur Section Packege IV from km. 149.540 to km. 215.160 Mau- Gorakhpur,0.996,1,62.5,HIGH
618911,4L Greenfield Western Side spur of Rampur-Rudrapur Section from Km 0.000 to Km 13.700 connecting NH-24 to NH-87 bypassing rampur town,0.878,1,20.6,HIGH
618923,4L Behsuma at Km 39.250 Ex. Km 39240 To Bijnor at Km 78.810 Ex. Km 86590 Design Length 39.560 Km of NH-119 Pkg-II,0.829,1,12.3,HIGH
618924,2L PS of Najibabad Kotdwar section from 112.575 to Km. 138.635 of NH 119,0.848,1,20.8,HIGH
618925,Bijnor-Kotawali,0.975,1,28.6,HIGH
618927,4L of Moradabad-Thakurdwara-Kashipur Section from Km. 0.000 to Km. 38.77 of NH- 734 Pkg-II,0.757,1,14.3,HIGH
618929,4L of Moradabad western side spur connecting NH-734 & NH-24 from Km. 0.000 to Km. 33.200 Pkg-I,0.9,1,15.2,HIGH
618960,4 Lane Inner Ring Road around Allahabad City Pkg-2 Prayagraj Southern Bypass 43.200 - 50.860,0.555,1,5.3,MEDIUM
618961,4 Lane Inner Ring Road around Allahabad City Pkg-1 Prayagraj Southern Bypass 34.400 43.200,0.273,0,-5.7,LOW
618968,6L access control Greenfield highway of Vill-Khyawari to Vill-Latifpur at Saharanpur Bypass from Km. 82.000 to Km. 119.790 Pkg-4,0.972,1,27.6,HIGH
618970,6L access control Greenfield highway of Vill-Lohadda to Vill-Karaunda Mahajan from Km. 27.000 to Km. 56.500 Pkg-2,0.97,1,27.5,HIGH
619162,4L of Najibabad Bypass from Km. 105.423 to Km. 118.373 excluding 2.45 Km. of NH- 74 Bypass of NH-119,0.965,1,22.0,HIGH
619168,6L access controlled Greenfield highway of Junction of EPE Vill.-Mavikalan to Vill.- Lohadda from Km. 0.000 to Km. 27.000 Pkg-1,0.971,1,27.3,HIGH
619194,"Construction of Four Lane Gola Flyover at Km 99.850 of NH 730 Major Junction with State Highways -93 of Engineering, Procurement and Construction EPC mode in the State of Uttar Pradesh.",0.087,0,-5.5,LOW
619308,6L access-controlled highway from Ganeshpur tonear Mohand of Ganeshpur Dehradun section from Km.0 to Km.8.3 of NH-72A Package-1,0.972,1,26.8,HIGH
617888,Landslide treatment work on NH 58 from Kodiyala Km. 266.130 to Devprayag Km. 296.925 10 location under EPC mode in the State of Uttarakhand on EPC Mode,0.864,1,23.5,HIGH
617889,Treatment of landslide zone from location no. 01 to 28 km 62.860 to 152.750 on NH- 12509 in the State of Uttarakhand under EPC mode in NHO Annual Plan 2022-23,0.869,1,24.6,HIGH
617890,Construction of Champawat Bypass with two lane with paved shoulder configuration starting from existing chainage 121.700 to existing chainage 129.450 Design Length 9.847 of NH-125 in District-Champawat in the state of Uttrakhand on EPC mode.,0.064,0,0.6,LOW
617929,Construction of 2 lane with paved shoulder of Kund Bypass from Design Km 35.130 to Km 47.700 existing Km 33.130 to Km 41.260 of NH-109 in the State of Uttarakhand,0.917,1,49.2,HIGH
617967,Construction of Rudraprayag tunnel of length 900.30 MTR including approaches and one major bridge on river Alaknanda connecting NH-107/old-109 to NH-07old-58 on EPC mode in the state of Uttarakhand.,0.88,1,27.7,HIGH
617968,Construction & Widening Including Augustmuni Bypass Ch-16.545 to Ch - 19.890 to 2L/PS from Km 16.545-Km 33.130 & 45.980 -57.975 Augustmuni to Kund & Guptkashi to Sitapur on NH 109 in UK,0.974,1,57.3,HIGH
617974,Rehabilitation and upgradation of 2 lane with paved shoulder from existing km. 195.175 to km. 220.000 Design Chainage km71.300 to Km. 95.947 Excluding existing chainage Km 200.300 to Km 202.400 Design chainage Km 76.400 to Km 78.400 on Dharasu to Yamunotri Road of NH- 134 Old NH-94,0.265,0,-6.9,LOW
618039,Widening to 2 Lane from Existing Chainage Km 74.700 Km 100.660 Design Chainage Km 53.365 to Km 78.785 on NH- 507 in the State of Uttarakhand.,0.158,0,5.0,LOW
618040,Rehabilitation and Upgradation to Two lanes with Paved Shoulders configuration and Strengthening from Km 175.00 to Km 196.00 Gumkhal to Satpuli of NH-119 New NH- 534 in the State of Uttarakhand under NHO Annual Plan 2021-22 under EPC mode,0.404,0,20.4,MEDIUM
618041,Rehabilitation and upgrading to two lanes with paved shoulders and Strengthening of Kotdwar-Pauri-Srinagar road section from Km 232.00 to 274.470 on NH-119 New 534 Paidul to Srinagar in the State of Uttarakhand on EPC Mode under NHO Annual Plan 2021-22.,0.184,0,15.0,LOW
618119,Rehabilitation and up-gradation to 2-lane configuration of Bageshwar to Kangarchina road from km 129.600 to Km 161.600 Existing Chainage 136.00 to Km 169.00 of NH- 309Ain the State of Uttarakhand Package-IV under NHO Annual Plan 2021-22,0.66,1,14.1,MEDIUM
618207,Widening to 2-lane with Hard Shoulder configuration of Mana Ch. 0.00 to Mana Pass Ch. 50.987 road on NH-07 under Bharatmala Pariyojna in the state of Uttarakhand under Annual Plan 2022-23 length 50.987,0.129,0,-0.8,LOW
618209,Construction & up gradation of existing road to 2-Lane with paved shoulder from existing chainage km 468000 to km 489350 Design Chainage km 465150 to km 471500 of NH-07 Old NH-58 including Joshimath bypass on EPC mode in the state of Uttarakhand Length 6.35 km,0.347,0,9.9,LOW
618210,Rehabilitation and upgradation of Askot-Lipulekh on EPC Basis for Phase-I Existing Km 72.00 to 107.620 Design Chainage Km 21330 to Km 56935 under Project Hirak of BRO in the state of Uttarakhand under Bharatmala Pariyojna Phase-I on EPC Mode Length-35.605 Km CA No EPC/MORT&H/HRK/01/2021-22,0.834,1,31.7,HIGH
618211,Improvement/construction of 2-lane with paved shoulder of Askote Llipulekh road from Tawaghat village to Budhi village design km. 56935 to km 95748 and from end of Tunnel portal to Kali Mandir design km 113828 to km. 133078 [total design length 58.063 km] under project Hirak of BRO in the state of Uttarakhand under Bharatmala Pariyojna on EPC Mode,0.424,0,14.8,MEDIUM
618212,"STABILIZATION OF LAND SLIDE AND SLOPE PROTECTION AT KM 11.00 TO KM 11.08, 29,730 KM TO 30,060 KM, 30,400 KM TO 31,060 KM, 34,750 KM TO 35,300 KM, 38,950 KM TO 39,030 KM & 39,460 KM TO 39,540 KM TWO LOC CLUBBED, KM 40,400 TO KM 40,650, KM 43,500 KM 43,680, 52,460 RISHIKESH - DHARASU ROAD NH-94 ON EPC MODE IN THE STATE OF UTTARAKHAND. NOSE OF LAND SLIDE - 12 NOS",0.223,0,6.5,LOW
618213,Rehabilitation and Upgradation of road Rishikesh Dharasu Old NH-94 with 2-lane with paved shoulder from km 76.000 to km 110.000 Design Chainage from km 74.733 to km 107.347 32.614 km including construction of Kamand re-alignment from existing Chainage Km 105.200 to Km 108.600 design chainage Km 103.436 to Km 105.949 - total length 2513 mtrs and land slide treatment work between design chainage Km 73.800 to Km 74.00 200m on EPC mode under improvement to NH connectivity to Chardham in,0.971,1,44.4,HIGH
618214,Rehabilitation and upgradation to 2 lane / 2 lane with paved shoulder configuration for design chainage km 107.347 to km 129.208 & km 133.878 to km 138.570 existing chainage km 110.000 to km 133.020 & km 137.330 to km 142.028 and land slide treatment at existing km 138.500 Design chainage km 134.970 of NH -94 on EPC mode under improvement to NH connectivity to Chardham in the state of Uttarakhand.,0.956,1,45.7,HIGH
618218,Rehabilitation & upgradation of existing road to 2-lane with hard shoulder from Joshimath km 0.00 to Saraithota km 29.725 road on NH-107B under Bharatmala Pariyojna on EPC mode in the state of Uttarakhand,0.759,1,14.0,HIGH
618219,Upgradation to 2-lane with Hard shoulder configuration of Suraithota Ch. 29.725 km to Malari Ch. 60.550 km road on NH- 107B under in the state of Uttarakhand.,0.736,1,13.9,HIGH
618390,"Construction, Operation & Maintenance of 2-L Bi-directional Silkyara Bend- Barkot Tunnel with escape passage including approaches Tunnel-4.531 & Approach road- 0.328 on Dharasu-Yamunotri section b/w Chainage 25.400km and 51.00km falling along NH-134 Old NH-94 on EPC mode",0.87,1,34.6,HIGH
618391,"Construction for Mitigation Measures of 5 Nos. Landslides, 05 No. Sinking Zones and 01 No. Bridge from Ch. 450.00 to Ch. 468.00 18 Km. Length on NH-07 Package-III",0.757,1,9.9,HIGH
618392,"Construction for Mitigation Measures of 5 Nos. Landslides, 5 Nos. Sinking Zones in between Ch. 433.00 to 450.00 BANERPANI VILLAGE on NH-07 on EPC mode in the state of Uttarakhand Package-2",0.588,1,8.2,MEDIUM
618393,"Construction for Mitigation Measures of 10 Nos. Landslides, 01 No. Sinking Zones and 1 No. of Minor Bridge in between at Ch. Km 368.00 to Km 433.00 on NH-07 on EPC Mode in Uttarakhand Package-1",0.832,1,10.7,HIGH
618875,4L of Haridwar Nagina section Design Ch. LME from km 13.829 to km 17.110 & km 26.077 to km 27.508 and Design Ch. RME from km 13.839 to km 17.120 & km 26.078 to km 27.509 of EUP mitigation measures on NH74,0.905,1,30.5,HIGH
619142,Construction of 4-lane connectivity to Banbasa ICP at India Nepal border from NH-09 old NH-125 Sitarganj-Tanakpur at Km 40.00 near Jagbuda bridge under Bharatmala Priyojana of NH-109D on EPC mode in the State of Uttarakhand,0.905,1,27.7,HIGH
619155,Upgradation and 4L of Haridwar Bypass from Km 0.000 Km 188.100 of NH-58 to Km. 15.100 Km 5.100 of NH 74 PKg-1,0.919,1,30.2,HIGH
619221,Realignment of Rudrapur-Kathgodam Section of NH-87 New NH-109 From Design Chainage 000 Existing Chainage Km.54050 To Design Chainage 7875 Existing Chainage Km.61550 Due To Proposed Expansion Of Pantnagar Airport in the state of Uttarakhand.,0.147,0,3.3,LOW
619292,4L Medinipur to Ballupur from Km. 458.65 to Km. 487.65 of NH-07Pkg-2,0.946,1,29.2,HIGH
619293,Construction of 4 Lane Access Controlled Bypass for Dehradun on NH307 from Design Chainage km 0050 Jhajra on NH-07 to Design Chainage km 12220 Asharori on EPC Mode in the State of Uttarakhand under NHO,0.71,1,12.6,HIGH
619294,Road Safety Improvement of existing four lane section of Dehradun-Lal Tappar-Nepali Farm Section of NH-7 and Nepali Farm-Motichur NH-34 on EPC Mode in Uttarakhand under NHO.,0.116,0,-2.6,LOW
619295,Four/Six laning of Bhaniyawala-Jollygrant-Rishikesh spur section of NH-07 from Km. 0.000 to Km 19.780,0.245,0,15.3,LOW
617893,Construction of additional major Bridge with 4- lane configuration of length 1.48 km on NH-60 NH-14 over River Kangshabati from Km. 117.770 to Km 119.250 and additional major Bridge with 4- lane configuration of length 0.900 km on NH-60 NH- 14 over River Shilabati from Km. 173.220 to Km 174.120 in the district of Paschim Medinipur of West Bengal under Annual Plan for FY 2023-24 on EPC mode. Job No 014-W8-2023-24/527 .,0.134,0,7.3,LOW
617894,"Construction or 4 lane Raniganj Bypass of length 5.261 km on NH-60 new NH-14 from km 273.00 of NH to km 478.18 of NH-2 New NH 16 in paschim Bardhaman, West Bengal in EPC Mode- reg. Job No. 014-WB-2022-23/514",0.76,1,18.5,HIGH
617931,Construction of ROB and its approaches in lieu of LC No. 10/B/T at Km 307.050 of NH-60.,0.872,1,61.2,HIGH
617960,Construction of new road at the missing link portion of NH-81 along approved alignment between Harishchandrapur and Eastern approach of Kalindri Bridge from Km 46.550 to Km 59.697 in the district of Malda. Job No-081-WB-2015-16/400,0.991,1,58.6,HIGH
618227,Development to 4/6-lanning of NH-31 New NH-10 with both side service roads from km 569.258 to km 581.030 end of AH-02 project on NH- 31 near Shivmandir to Sevoke Army Cantonment in districts of Darjeeling and Jalpaiguri in the state of West Bengal on EPC Mode Job No. 010/WB/2021-22/490,0.876,1,18.1,HIGH
618427,Construction & upgradation of existing road to 2-lane with paved shoulder including geometric improvement of Kafer- Lava More section from km 40.00 to km 61.100 of NH717-A on EPC under SARDP-NE A in state of West Bengal Pkg-VA,0.965,1,30.4,HIGH
618429,Construction & upgradation of existing road to 2-lane with paved shoulder including geometric improvement of sect. from Pedong bypass to Reshi Border km 79.700 to km 96.254 of NH-717A under SARDP-NE-A on EPC as part of Alternate connectivity to Gangtok Lava More-Reshi Border Pkg-VB,0.979,1,37.3,HIGH
618430,Construction of alternative highway to Gangtok in Sikkim via Bagrakot -Chuikhim- Nimbong -Kafer-Bakhim-Algarah-Rhenock in the State of West Bengal and from Rhenok-Rorathang-Pakyong along with spur from Aritar-Rolep-Menla in the State of Sikkim from Km 0.00 to Km 13.00 of Bagrakot -Kafer section of NH 717A on EPC Mode under Phase-A of SARDP-NE in the State of West Bengal PKG- IVA,0.986,1,44.6,HIGH
618431,Construction of alternative highway to Gangtok in Sikkim via Bagrakot -Chuikhim- Nimbong -Kafer-Bakhim-Algarah-Rhenock in the State of West Bengal and from Rhenok-Rorathang-Pakyong along with spur from Aritar-Rolep-Menla in the State of Sikkim from Km 13.00 to Km 25.60 of Bagrakot -Kafer section of NH 717A on EPC Mode under Phase-A of SARDP-NE in the State of West Bengal PKG- IVB,0.986,1,45.1,HIGH
618572,Binnaguri Bypass-Descoped portion of Ghoshpukur-Dhupguri Section of NH-31Dpkg-1,0.296,0,4.2,LOW
618574,Balance Works of 4L of NH-31D from Km. 113.200 to Km. 154.854 Package-II A Ghoshpukur-Salsalabari Section,0.83,1,15.4,HIGH
618808,6L Elevated Kona Expressway from Km. 0.145 to Km. 7.337 of NH-117,0.754,1,19.3,HIGH
618823,4 laning of Barasat - Barajaguli Section of NH-12 from Km. 31.000 to Km. 48.679 in the district of North 24 - Parganas,0.78,1,16.5,HIGH
618824,"Development to 4-laning of the de-scoped stretches from Km 115.342 to Km 191.700 of NH-34 in Nadia District 3.962 & Murshidabad District 5.538 pertaining to Krishnagar to Berhampore section of NH-34 New NH-12 , in the state of West Bengal under NHO.",0.841,1,16.6,HIGH
618825,Bridge over Ganga River at d/s of Farraka Barrage including Approaches connecting Farakka-Raiganj,0.992,1,46.8,HIGH
619004,"Construction of Dubrajpur Bypass with 4-lane configuration of length 5.676 km on NH- 60 new NH-14 from design chainage 0.00 existing km 316.135 on NH-60 to design chainage 5.676 existing km 320.980 on NH-60 in the district of Birbhum, West Bengal under Annual Plan 2022-23 in EPC Mode- reg. Job. No. 014-WB-2022- 23/518 .",0.246,0,15.0,LOW
619187,"Slope protection and landslide mitigation at 4 vulnerable locations km 1.950 to Km 2.100, km 11.100 to 11.450, km 22.435 to km 22.485 and km 22.610 to km 22.680 within Sevoke-Rangpo section of NH-10 old NH-31A in Darjeeling & Kalimpong district in the State of West Bengal on EPC mode",0.441,0,5.5,MEDIUM
709859,SETTING UP OF PHYSICAL INFRASTRUCTURE FOR THE NATIONAL INSTITUTE OF COMMUNICATION FINANCE [NICF] AT GHITORNI,0.989,1,66.7,HIGH
701598,Provision of 4G based Mobile Services in Uncovered Villages and National Highways of Meghalaya,0.807,1,51.0,HIGH
617413,Mobile connectivity in Left Wing Extremism [LWE] affected areas-Phase 1 Upgradation,0.947,1,20.4,HIGH
701599,Mobile connectivity in Left Wing Extremism [LWE] affected areas-Phase2,0.979,1,42.7,HIGH
701602,"Provision of 4G based mobile services in 7,287 uncovered villages of 44 Aspirational District across 5 states of Andhra Pradesh, Chhattisgarh, Jharkhand, Maharashtra & Odisha",0.894,1,38.0,HIGH
701597,Provision of 4G Mobile Services in Uncovered Villages of Arunachal Pradesh and 2 Districts of Assam,0.783,1,64.0,HIGH
704495,"502 Aspirational District Scheme in Four states - Bihar, Madhya Pradesh, Rajastha and Uttar Pradesh",0.977,1,51.0,HIGH
108841,"Amended BharatNet Program - KTK, GOA, PY",0.015,0,-1.4,LOW
124199,Amended BharatNet Program - HR,0.013,0,-4.0,LOW
171218,Amended BharatNet Program - PB,0.034,0,-0.1,LOW
175860,"Amended BharatNet Program - MP, DD and DNH",0.015,0,-0.6,LOW
210914,Amended BharatNet Program - WB & ANI,0.023,0,-0.4,LOW
240484,Amended BharatNet Program - AS,0.013,0,-4.0,LOW
317725,Amended BharatNet Program - OD,0.013,0,-1.3,LOW
400013,Saturation 4G mobile coverage of Uncovered Villages through USOF,0.678,1,15.3,MEDIUM
437130,"Amended BharatNet Program - J&K, LAD",0.018,0,-0.7,LOW
462136,"Amended BharatNet Program - MGH, MZM, TRP",0.008,0,-10.3,LOW
476006,Amended BharatNet Program - HP,0.031,0,0.0,LOW
547243,BharatNet Phase-II,0.851,1,23.7,HIGH
660056,Amended BharatNet Program - KL,0.013,0,-3.9,LOW
665021,Amended BharatNet Program - UKD,0.027,0,-0.3,LOW
701593,4G Services by BSNL,0.74,1,17.2,HIGH
706775,BharatNet,0.489,0,-28.5,MEDIUM
709856,MPLS-IP BASED ACCESS AND AGGREGATION NETWORK [MAAN] IN BSNL ALONG WITH TEST AND MEASURING EQUIPMENT,0.787,1,22.3,HIGH
709857,"Planning, Engineering, Supply, Installation, Testing, Commissioning, Integration & Annual Maintenance of 4G mobile network at 1 Lakh sites on PAN India basis including Mumbai & Delhi LSA on turnkey basis under Phase IX.2 Project.",0.76,1,16.7,HIGH
914467,Amended BharatNet Program - BR,0.025,0,-0.2,LOW
938832,Amended BharatNet Program - RJ,0.012,0,-1.5,LOW
946208,Amended BharatNet Program - SKM,0.013,0,-4.1,LOW
976009,"Amended BharatNet Program - ARP, NGL, MNP",0.014,0,-0.9,LOW
222253,Amended BharatNet Program - UP,0.095,0,0.0,LOW
708687,Amended BharatNet Program - UP,0.047,0,-0.0,LOW
616600,Interception and Diversion and STP works in Bhagalpur under Hybrid annuity based PPP mode-Namami Gange Programme,0.983,1,23.4,HIGH
616611,Sewage Treatment Plant 100MLD and Sewerage Network 288 km in Digha-Patna under Hybrid annuity based PPP mode-Namami Gange Programme,0.774,1,1.7,HIGH
616612,Sewage Treatment Plant 50MLD and Sewerage Network 150 km in Kankarbagh Patna under Hybrid annuity based PPP mode Namami Gange Programme,0.636,1,16.6,MEDIUM
616615,"Sewer Network, SPS and STP at Begusarai",0.995,1,49.0,HIGH
616616,"Sewer Networks, SPS and STP at Hajipur",0.994,1,47.9,HIGH
616594,Interception & Diversion with Rehabilitation of sewerage scheme at Agra under Hybrid annuity based PPP model-Namami Gange Programme,0.889,1,6.3,HIGH
616605,Pollution Abatement Works for River Kali Meerut under Meerut Municipality Interception & Diversion with STP,0.866,1,16.6,HIGH
616604,Pollution Abatement works for River Ganga at Hooghly Chinsurah- Municipal Town Interception & Diversion with STP,0.975,1,24.6,HIGH
400100,Sardar Gouthu Latchanna Thotapalli Barrage Project,0.98,1,77.9,HIGH
400101,Gundlakamma project,0.972,1,71.3,HIGH
701415,Polavaram Irrigation Project,0.997,1,62.7,HIGH
701370,Borolia Irrigation Project,0.655,1,40.0,MEDIUM
400111,Kelo Irrigation Project,0.914,1,78.0,HIGH
701399,Kudali Irrigation Project,0.705,1,25.4,HIGH
701372,Sardar Sarovar Project,0.995,1,102.6,HIGH
701376,"Subernarekha Multipurpose Project, Jharkhand",0.953,1,104.0,HIGH
701377,Upper Tunga Irrigation Project,0.988,1,75.0,HIGH
400115,Bargi Diversion Project Phase - IV [km. 154 to km 197],0.926,1,83.5,HIGH
400116,Bargi Diversion Project Phase - III [km. 104 to km 154],0.936,1,84.0,HIGH
617422,Bodwad Parisar Sinchan Yojna,0.947,1,-0.0,HIGH
701383,Waghur Project,0.926,1,80.8,HIGH
701386,Gosikhurd Project,0.986,1,77.1,HIGH
701391,Aruna Medium Irrigation Project,0.99,1,93.7,HIGH
701396,Lower Pedhi Project,0.969,1,96.2,HIGH
701398,Nardave Medium Irrigation Project,0.942,1,78.8,HIGH
701400,Thoubal Multipurpose Project,0.984,1,84.0,HIGH
701412,North Koel Reservoir Project,0.878,1,47.5,HIGH
603945,Integrated Anandpur Barrage Project,0.952,1,78.0,HIGH
701402,"Subernarekha Project, Odisha",0.995,1,80.1,HIGH
701404,Kanupur Irrigation Project,0.973,1,77.5,HIGH
701410,Relining of Rajasthan feeder and Sirhind Feeder canal,0.986,1,60.0,HIGH
701411,Shahpur Kandi Dam Project,0.997,1,90.7,HIGH
400102,Sri Ram Sagar Project Stage - II,0.998,1,72.3,HIGH
400103,Indiramma Flood Flow Canal Project,0.999,1,83.7,HIGH
701405,J. Chokka Rao Devadula Lift Irrigation Scheme,0.981,1,72.5,HIGH
701408,Madhya Ganga canal Phase-II,0.969,1,72.0,HIGH
613787,Jamrani Dam Multipurpose Project,0.034,0,-0.0,LOW
