project_code,report_date,original_duration_months,target_duration_months,project_age_months,predicted_duration_months,time_overrun_months,time_overrun_percent
108841,2026-06-01,36.00525624178712,36.00525624178712,11.990801576872537,36.005256241787166,4.263256414560601e-14,1.1840650114892764e-13
108841,2026-07-01,36.00525624178712,36.00525624178712,12.976346911957949,36.005256241787166,4.263256414560601e-14,1.1840650114892764e-13
124199,2026-07-01,36.00525624178712,36.00525624178712,4.007884362680684,36.005256241787166,4.263256414560601e-14,1.1840650114892764e-13
171218,2026-07-01,35.972404730617605,35.972404730617605,16.918528252299605,35.973061760841034,0.0006570302234294445,0.0018264840183737252
175860,2026-07-01,36.00525624178712,36.00525624178712,13.994743758212875,36.00492772667547,0.0,0.0
210914,2026-07-01,35.972404730617605,35.972404730617605,16.918528252299605,35.97371879106443,0.0013140604468233619,0.003652968036648689
222253,2026-06-01,35.972404730617605,35.972404730617605,15.932982917214192,35.98094612352172,0.00854139290411382,0.023744292237554768
222253,2026-07-01,35.972404730617605,35.972404730617605,16.918528252299605,35.973061760841034,0.0006570302234294445,0.0018264840183737252
240484,2026-07-01,36.00525624178712,36.00525624178712,4.007884362680684,36.005256241787166,4.263256414560601e-14,1.1840650114892764e-13
245986,2026-07-01,65.99868593955321,65.99868593955321,2.9894875164257555,65.95105124835735,0.0,0.0
298178,2026-07-01,78.02233902759527,78.02233902759527,0.985545335085414,78.01971090670159,0.0,0.0
317725,2026-07-01,36.00525624178712,36.00525624178712,0.0,36.005256241787166,4.263256414560601e-14,1.1840650114892764e-13
364934,2026-07-01,40.93298291721419,40.93298291721419,16.918528252299605,40.91458607095934,0.0,0.0
400005,2026-04-01,11.00525624178712,45.99211563731932,45.006570302233904,45.66195795006569,34.656701708278575,314.91044776119406
400006,2026-04-01,47.99605781865966,61.990801576872535,53.975032851511166,62.29730617608404,14.301248357424384,29.796714579055323
400006,2026-05-01,47.99605781865966,61.990801576872535,54.96057818659658,61.81208935611032,13.816031537450662,28.785763175906787
400006,2026-06-01,47.99605781865966,61.990801576872535,55.97897503285151,63.16557161629431,15.16951379763465,31.60574948665289
400006,2026-07-01,47.99605781865966,61.990801576872535,56.96452036793692,64.12286465177395,16.126806833114294,33.600273785078656
400010,2026-04-01,36.00525624178712,93.95532194480946,90.9658344283837,94.28810775295668,58.282851511169554,161.87317518248184
400010,2026-05-01,36.00525624178712,93.95532194480946,91.95137976346912,95.4333114323259,59.42805519053877,165.05383211678836
400010,2026-06-01,36.00525624178712,93.95532194480946,92.96977660972404,94.58081471747715,58.57555847569003,162.68613138686172
400010,2026-07-01,36.00525624178712,93.95532194480946,93.95532194480946,95.16721419185296,59.16195795006584,164.31478102189817
400012,2026-04-01,36.00525624178712,89.98028909329828,87.97634691195795,89.83705650459908,53.83180026281195,149.5109489051091
400012,2026-05-01,36.00525624178712,89.98028909329828,88.96189224704337,90.79434954007877,54.78909329829165,152.16970802919687
400012,2026-06-01,36.00525624178712,89.98028909329828,89.98028909329828,90.95499342969768,54.94973718791056,152.6158759124085
400012,2026-07-01,36.00525624178712,93.98817345597897,90.9658344283837,92.8965177398159,56.89126149802878,158.00821167883177
400013,2026-04-01,23.02890932982917,43.98817345597897,45.006570302233904,46.47076215505912,23.44185282522995,101.793152639087
400013,2026-05-01,23.02890932982917,55.97897503285151,45.99211563731932,53.9313403416557,30.90243101182653,134.1897289586305
400013,2026-06-01,23.02890932982917,55.97897503285151,47.010512483574246,54.442509855453345,31.413600525624176,136.40941512125536
400013,2026-07-01,23.02890932982917,55.97897503285151,47.99605781865966,54.70433639947437,31.675427069645202,137.54636233951499
400018,2026-04-01,78.97503285151117,78.97503285151117,43.98817345597897,78.98521681997363,0.010183968462456505,0.012895174708701164
400018,2026-05-01,78.97503285151117,78.97503285151117,44.97371879106439,78.95499342969768,0.0,0.0
400018,2026-06-01,78.97503285151117,78.97503285151117,45.99211563731932,78.9057161629434,0.0,0.0
400018,2026-07-01,78.97503285151117,78.97503285151117,46.97766097240473,79.0758869908015,0.10085413929031972,0.1277038269549639
400019,2026-04-01,44.021024967148485,53.02233902759527,36.00525624178712,51.47634691195787,7.455321944809384,16.935820895522212
400019,2026-05-01,44.021024967148485,53.02233902759527,36.990801576872535,51.98521681997363,7.964191852825145,18.091791044775928
400019,2026-06-01,44.021024967148485,53.02233902759527,38.009198423127465,52.23258869908009,8.211563731931605,18.65373134328344
400022,2026-04-01,95.99211563731932,95.99211563731932,45.006570302233904,95.95203679369239,0.0,0.0
400022,2026-05-01,95.99211563731932,95.99211563731932,45.99211563731932,95.97207621550578,0.0,0.0
400022,2026-06-01,95.99211563731932,95.99211563731932,47.010512483574246,95.97207621550581,0.0,0.0
400022,2026-07-01,86.00525624178712,86.00525624178712,38.009198423127465,86.08311432325885,0.07785808147173157,0.09052711993886588
400023,2026-04-01,27.989487516425758,15.965834428383705,3.975032851511169,46.61202365308807,18.622536136662315,66.53403755868554
400023,2026-05-01,27.989487516425758,50.9526938239159,4.960578186596584,50.264783180026335,22.275295663600577,79.58450704225369
400023,2026-06-01,27.989487516425758,50.9526938239159,5.978975032851511,50.264783180026335,22.275295663600577,79.58450704225369
400023,2026-07-01,27.989487516425758,50.9526938239159,6.964520367936925,50.23521681997377,22.245729303548014,79.4788732394368
400033,2026-04-01,70.0065703022339,70.0065703022339,47.010512483574246,70.52562417871212,0.5190538764782247,0.7414359455653289
400033,2026-05-01,70.0065703022339,70.0065703022339,47.99605781865966,70.48488830486194,0.47831800262804336,0.6832473017361633
400033,2026-06-01,70.0065703022339,70.0065703022339,49.01445466491458,70.3860052562417,0.3794349540078059,0.5419990614733746
400033,2026-07-01,70.0065703022339,70.0065703022339,50.0,70.61235216819966,0.605781865965767,0.8653214453307344
400035,2026-04-01,39.02759526938239,47.99605781865966,45.99211563731932,47.91195795006567,8.884362680683282,22.76430976430969
400035,2026-05-01,39.02759526938239,47.99605781865966,46.97766097240473,48.10085413929038,9.073258869907988,23.24831649831643
400043,2026-04-01,51.93823915900131,51.93823915900131,50.9526938239159,52.09691195795005,0.15867279894873576,0.3055028462997797
400043,2026-05-01,51.93823915900131,61.92509855453351,51.93823915900131,59.46681997371874,7.528580814717429,14.49525616698283
400043,2026-06-01,51.93823915900131,61.92509855453351,52.95663600525624,61.15998685939546,9.221747700394147,17.75521821631865
400043,2026-07-01,51.93823915900131,61.92509855453351,53.942181340341655,61.984559789750264,10.046320630748951,19.34282099936737
400045,2026-04-01,31.99737187910644,30.05913272010512,45.006570302233904,45.006570302233904,13.009198423127465,40.65708418891171
400045,2026-05-01,31.99737187910644,30.05913272010512,45.99211563731932,45.99211563731932,13.994743758212884,43.737166324435336
400045,2026-06-01,31.99737187910644,30.05913272010512,47.010512483574246,47.010512483574246,15.013140604467807,46.91991786447639
400045,2026-07-01,31.99737187910644,30.05913272010512,47.99605781865966,50.353153745072284,18.355781865965845,57.366529774127336
400047,2026-04-01,30.02628120893561,54.00788436268069,45.99211563731932,54.054204993429686,24.027923784494075,80.02297592997807
400047,2026-05-01,30.02628120893561,54.00788436268069,46.97766097240473,54.513797634691194,24.487516425755583,81.55361050328227
400047,2026-06-01,30.02628120893561,54.00788436268069,47.99605781865966,55.462549277266746,25.436268068331135,84.71334792122536
400047,2026-07-01,30.02628120893561,54.00788436268069,48.98160315374507,55.681011826544015,25.654730617608404,85.44091903719911
400048,2026-04-01,30.02628120893561,59.98685939553219,45.99211563731932,53.071287779237885,23.045006570302274,76.74945295404827
400048,2026-05-01,30.02628120893561,59.98685939553219,46.97766097240473,55.386990801576914,25.360709592641303,84.46170678336993
400048,2026-06-01,30.02628120893561,59.98685939553219,47.99605781865966,57.04172141918532,27.01544021024971,89.97264770240714
400048,2026-07-01,30.02628120893561,59.98685939553219,48.98160315374507,58.41688567674119,28.390604467805577,94.55251641137875
400062,2026-04-01,51.93823915900131,51.93823915900131,13.92904073587385,51.94973718791064,0.011498028909329605,0.022137887413029297
400062,2026-05-01,51.93823915900131,51.93823915900131,14.914586070959263,51.94382391590013,0.005584756898819876,0.010752688172047883
400062,2026-06-01,51.93823915900131,51.93823915900131,15.932982917214192,51.942509855453345,0.004270696452032041,0.008222643896259036
400062,2026-07-01,53.942181340341655,53.942181340341655,16.918528252299605,53.942181340341534,0.0,0.0
400073,2026-04-01,121.9448094612352,121.9448094612352,50.9526938239159,122.05847568988152,0.11366622864632348,0.09321120689639244
400073,2026-05-01,121.9448094612352,121.9448094612352,51.93823915900131,122.05847568988155,0.1136662286463519,0.09321120689641574
400073,2026-06-01,121.9448094612352,121.9448094612352,52.95663600525624,121.95959264126128,0.014783180026086029,0.012122844827426153
400073,2026-07-01,121.9448094612352,121.9448094612352,53.942181340341655,121.8781208935609,0.0,0.0
400074,2026-04-01,85.93955321944809,85.93955321944809,50.9526938239159,85.92017082785827,0.0,0.0
400074,2026-05-01,85.93955321944809,85.93955321944809,51.93823915900131,85.94021024967168,0.0006570302235928693,0.0007645259941195315
400074,2026-06-01,85.93955321944809,85.93955321944809,52.95663600525624,85.8699080157689,0.0,0.0
400074,2026-07-01,85.93955321944809,85.93955321944809,53.942181340341655,85.93955321944829,1.9895196601282805e-13,2.3150221121676175e-13
400078,2026-04-01,36.00525624178712,53.975032851511166,51.97109067017082,55.81931668856766,19.814060446780537,55.03102189781017
400078,2026-05-01,36.00525624178712,53.975032851511166,52.95663600525624,56.3071616294349,20.30190538764778,56.38594890510934
400078,2026-06-01,36.00525624178712,53.975032851511166,53.975032851511166,54.78416557161624,18.77890932982912,52.15602189781007
400081,2026-04-01,30.97897503285151,54.96057818659658,50.9526938239159,54.18068331143234,23.20170827858083,74.89501590668087
400081,2026-05-01,30.97897503285151,54.96057818659658,51.93823915900131,54.60216819973723,23.62319316688572,76.25556733828222
400081,2026-06-01,30.97897503285151,54.96057818659658,52.95663600525624,54.03088042049934,23.051905387647828,74.41145281018026
400081,2026-07-01,30.97897503285151,54.96057818659658,53.942181340341655,54.84067017082787,23.861695137976362,77.02545068928956
400087,2026-04-01,66.95137976346912,66.95137976346912,55.97897503285151,67.20959264126147,0.2582128777923458,0.3856722276741416
400087,2026-05-01,66.95137976346912,66.95137976346912,56.96452036793692,67.24047306176082,0.2890932982917036,0.431795878312044
400087,2026-06-01,66.95137976346912,66.95137976346912,57.98291721419185,66.86038107752955,0.0,0.0
400087,2026-07-01,66.95137976346912,66.95137976346912,58.96846254927726,66.79632063074901,0.0,0.0
400093,2026-04-01,31.99737187910644,106.96452036793691,107.98291721419184,107.98291721419184,75.9855453350854,237.4743326488706
400095,2026-04-01,31.99737187910644,109.9868593955322,107.98291721419184,114.09165571616305,82.09428383705661,256.56570841889146
400096,2026-04-01,31.99737187910644,121.97766097240472,107.98291721419184,116.69940867279907,84.70203679369263,264.715605749487
400097,2026-04-01,31.99737187910644,106.96452036793691,107.98291721419184,107.98291721419184,75.9855453350854,237.4743326488706
400100,2026-04-01,166.9513797634691,244.9408672798949,242.93692509855447,243.03909329829207,76.08771353482297,45.574773711137574
400100,2026-05-01,166.9513797634691,244.9408672798949,243.92247043363997,244.43528252299632,77.48390275952721,46.41105863833153
400100,2026-06-01,166.9513797634691,244.9408672798949,244.9408672798949,246.72700394218154,79.77562417871243,47.78374655647396
400100,2026-07-01,166.9513797634691,244.9408672798949,245.92641261498028,246.95663600525648,80.00525624178738,47.9212908303819
400101,2026-04-01,175.98554533508542,262.94349540078844,251.9710906701708,260.4835742444152,84.49802890932978,48.014187044987835
400101,2026-05-01,175.98554533508542,262.94349540078844,252.95663600525623,259.82457293035475,83.83902759526933,47.63972372596599
400101,2026-06-01,175.98554533508542,262.94349540078844,253.97503285151117,259.3324572930354,83.34691195795,47.36008960238936
400101,2026-07-01,175.98554533508542,262.94349540078844,254.96057818659656,259.29237844940855,83.30683311432313,47.3373156617509
400102,2026-04-01,175.98554533508542,247.99605781865964,251.9710906701708,251.9710906701708,75.98554533508539,43.17715139070374
400102,2026-05-01,175.98554533508542,247.99605781865964,252.95663600525623,252.95663600525623,76.97109067017081,43.73716632443531
400102,2026-06-01,175.98554533508542,247.99605781865964,253.97503285151117,253.97503285151117,77.98948751642575,44.3158484226246
400102,2026-07-01,175.98554533508542,247.99605781865964,254.96057818659656,254.96057818659656,78.97503285151114,44.875863356356156
400103,2026-04-01,166.9513797634691,250.9526938239159,242.93692509855447,244.0630749014454,77.11169513797628,46.18811491538761
400103,2026-05-01,166.9513797634691,250.9526938239159,243.92247043363997,245.75919842312732,78.80781865965821,47.20405352223526
400103,2026-06-01,166.9513797634691,250.9526938239159,244.9408672798949,248.95959264126108,82.00821287779198,49.12101534828784
400103,2026-07-01,166.9513797634691,250.9526938239159,245.92641261498028,249.169842312746,82.2184625492769,49.24695001967707
400105,2026-04-01,50.0,104.00788436268068,95.99211563731932,102.20039421813412,52.20039421813412,104.40078843626823
400107,2026-04-01,51.93823915900131,99.93429697766096,85.93955321944809,95.48193166885665,43.54369250985533,83.83744465528123
400109,2026-04-01,26.018396846254927,97.99605781865964,95.99211563731932,100.31603153745067,74.29763469119574,285.5580808080806
400111,2026-04-01,139.9802890932983,217.96977660972405,215.9658344283837,218.06011826543985,78.07982917214156,55.77915982163786
400111,2026-05-01,139.9802890932983,217.96977660972405,216.9513797634691,218.06011826543985,78.07982917214156,55.77915982163786
400111,2026-06-01,139.9802890932983,217.96977660972405,217.96977660972405,219.6103810775292,79.63009198423092,56.88664632715299
400111,2026-07-01,139.9802890932983,217.96977660972405,218.95532194480944,219.85085413929002,79.87056504599173,57.058436986622574
400112,2026-04-01,122.01051248357425,122.01051248357425,95.99211563731932,123.99113009198418,1.9806176084099292,1.623317178244433
400115,2026-04-01,130.94612352168198,205.9132720105125,206.9316688567674,206.9316688567674,75.98554533508542,58.02809834420473
400115,2026-05-01,130.94612352168198,205.9132720105125,207.9172141918528,207.9172141918528,76.97109067017081,58.780732563973906
400115,2026-06-01,130.94612352168198,205.9132720105125,208.9356110381077,208.9356110381077,77.98948751642573,59.558454591068724
400115,2026-07-01,130.94612352168198,205.9132720105125,209.9211563731932,209.9211563731932,78.97503285151123,60.31108881083799
400116,2026-04-01,152.00394218134034,236.00525624178712,227.98948751642573,235.672798948752,83.66885676741165,55.043872919818696
400116,2026-05-01,152.00394218134034,236.00525624178712,228.9750328515112,235.82358738502003,83.8196452036797,55.14307326561509
400116,2026-06-01,152.00394218134034,236.00525624178712,229.9934296977661,236.55354796320663,84.54960578186629,55.62329803328312
400116,2026-07-01,152.00394218134034,236.00525624178712,230.9789750328515,237.5420499342973,85.53810775295696,56.27361141128182
400119,2026-04-01,27.989487516425758,127.98948751642575,123.98160315374508,128.41984231274654,100.43035479632078,358.8145539906109
400119,2026-05-01,27.989487516425758,129.9934296977661,124.96714848883047,129.602496714849,101.61300919842324,363.0399061032868
400119,2026-06-01,27.989487516425758,129.9934296977661,125.9855453350854,130.28285151116964,102.29336399474388,365.4706572769957
400119,2026-07-01,27.989487516425758,129.9934296977661,126.97109067017082,129.95367936925112,101.96419185282537,364.2946009389676
400120,2026-04-01,51.01839684625492,126.01839684625492,120.99211563731932,122.58245729303562,71.5640604467807,140.27108821635574
400120,2026-05-01,51.01839684625492,126.01839684625492,121.97766097240472,121.97766097240472,70.9592641261498,139.08564069542822
400120,2026-06-01,51.01839684625492,122.99605781865964,122.99605781865964,122.99605781865964,71.97766097240472,141.08177720540888
400120,2026-07-01,51.01839684625492,126.01839684625492,123.98160315374508,123.98160315374508,72.96320630749017,143.01352221506767
400121,2026-04-01,25.98554533508541,25.98554533508541,21.97766097240473,26.37319316688568,0.3876478318002725,1.491782553729494
400121,2026-05-01,25.98554533508541,25.98554533508541,22.963206307490143,26.484888304862032,0.49934296977662385,1.9216182048041004
400121,2026-06-01,25.98554533508541,25.98554533508541,23.98160315374507,26.98488830486204,0.999342969776631,3.8457648546144947
400121,2026-07-01,25.98554533508541,25.98554533508541,24.967148488830485,27.352496714848893,1.366951379763485,5.260429835651136
400136,2026-04-01,95.99211563731932,95.99211563731932,25.0,95.99211563731919,0.0,0.0
400136,2026-05-01,95.99211563731932,95.99211563731932,25.98554533508541,95.99211563731919,0.0,0.0
400136,2026-06-01,95.99211563731932,95.99211563731932,27.003942181340346,95.99211563731919,0.0,0.0
400136,2026-07-01,95.99211563731932,95.99211563731932,27.989487516425758,95.99211563731919,0.0,0.0
400138,2026-04-01,138.96189224704335,138.96189224704335,67.96977660972405,138.58212877792394,0.0,0.0
400138,2026-05-01,138.96189224704335,138.96189224704335,68.95532194480946,138.76215505913288,0.0,0.0
400138,2026-06-01,138.96189224704335,138.96189224704335,69.97371879106439,138.482917214192,0.0,0.0
400138,2026-07-01,138.96189224704335,138.96189224704335,70.9592641261498,138.482917214192,0.0,0.0
400139,2026-04-01,138.96189224704335,138.96189224704335,67.96977660972405,138.38239159001333,0.0,0.0
400139,2026-05-01,138.96189224704335,138.96189224704335,68.95532194480946,138.56241787122227,0.0,0.0
400139,2026-06-01,138.96189224704335,138.96189224704335,69.97371879106439,138.68265440210268,0.0,0.0
400139,2026-07-01,138.96189224704335,138.96189224704335,70.9592641261498,138.532522996058,0.0,0.0
400141,2026-04-01,68.00262812089356,109.9868593955322,107.98291721419184,109.95762155059147,41.95499342969791,61.69613526570069
400141,2026-05-01,68.00262812089356,109.9868593955322,108.96846254927726,110.37943495400805,42.376806833114486,62.31642512077319
400141,2026-06-01,68.00262812089356,109.9868593955322,109.9868593955322,110.2881077529568,42.28547963206324,62.18212560386498
400141,2026-07-01,68.00262812089356,109.9868593955322,110.9724047306176,110.9724047306176,42.969776609724036,63.18840579710143
400142,2026-04-01,106.01182654402102,106.01182654402102,76.97109067017082,106.36235216819998,0.3505256241789567,0.3306476603658954
400142,2026-05-01,106.01182654402102,106.01182654402102,77.95663600525624,106.41721419185305,0.4053876478320291,0.3823985125505722
400142,2026-06-01,106.01182654402102,106.01182654402102,78.97503285151117,106.18298291721436,0.17115637319334098,0.1614502634027053
400142,2026-07-01,106.01182654402102,106.01182654402102,79.96057818659658,106.18298291721436,0.17115637319334098,0.1614502634027053
400144,2026-04-01,98.94875164257556,98.94875164257556,63.96189224704336,98.92838370565043,0.0,0.0
400144,2026-05-01,98.94875164257556,98.94875164257556,64.94743758212877,98.94875164257553,0.0,0.0
400144,2026-06-01,98.94875164257556,98.94875164257556,65.9658344283837,98.94875164257553,0.0,0.0
400144,2026-07-01,98.94875164257556,98.94875164257556,66.95137976346912,99.20959264126148,0.2608409986859215,0.26361221779546645
400148,2026-04-01,59.98685939553219,131.96452036793693,120.99211563731932,131.1074244415244,71.1205650459922,118.56024096385556
400148,2026-05-01,59.98685939553219,131.96452036793693,121.97766097240472,131.71484888304872,71.72798948751652,119.57283680175263
400148,2026-06-01,59.98685939553219,131.96452036793693,122.99605781865964,132.84559789750338,72.85873850197119,121.45783132530137
400148,2026-07-01,59.98685939553219,131.96452036793693,123.98160315374508,133.14586070959274,73.15900131406055,121.95837897042733
400149,2026-04-01,102.95663600525624,102.95663600525624,67.96977660972405,102.60742444152419,0.0,0.0
400149,2026-05-01,102.95663600525624,102.95663600525624,68.95532194480946,102.48784494086718,0.0,0.0
400149,2026-06-01,102.95663600525624,102.95663600525624,69.97371879106439,102.64816031537441,0.0,0.0
400149,2026-07-01,102.95663600525624,102.95663600525624,70.9592641261498,102.71944809461228,0.0,0.0
400150,2026-04-01,90.9658344283837,90.9658344283837,67.96977660972405,91.0683311432325,0.10249671484879741,0.11267605633793402
400150,2026-05-01,90.9658344283837,90.9658344283837,68.95532194480946,90.99638633377128,0.03055190538758268,0.03358613217760985
400150,2026-06-01,90.9658344283837,90.9658344283837,69.97371879106439,91.01642575558468,0.050591327200976366,0.05561574575650852
400150,2026-07-01,90.9658344283837,90.9658344283837,70.9592641261498,91.01642575558468,0.050591327200976366,0.05561574575650852
400151,2026-04-01,91.98423127463865,91.98423127463865,56.99737187910644,91.96419185282524,0.0,0.0
400151,2026-05-01,91.98423127463865,91.98423127463865,57.98291721419185,92.04467805519054,0.06044678055189934,0.06571428571427913
400151,2026-06-01,91.98423127463865,91.98423127463865,59.00131406044678,91.64323258869908,0.0,0.0
400151,2026-07-01,91.98423127463865,91.98423127463865,59.98685939553219,91.63304862023654,0.0,0.0
400153,2026-04-01,85.93955321944809,85.93955321944809,62.94349540078844,85.6987516425757,0.0,0.0
400153,2026-05-01,85.93955321944809,85.93955321944809,63.92904073587385,85.79927726675442,0.0,0.0
400153,2026-06-01,85.93955321944809,85.93955321944809,64.94743758212877,85.9701051248359,0.030551905387810052,0.0355504587157851
400153,2026-07-01,85.93955321944809,85.93955321944809,65.93298291721419,86.08015768725377,0.14060446780568725,0.16360856269132723
400154,2026-04-01,75.91984231274638,75.91984231274638,64.94743758212877,76.82128777923784,0.9014454664914524,1.1873647771527396
400154,2026-05-01,75.91984231274638,75.91984231274638,65.93298291721419,76.33081471747698,0.41097240473060026,0.5413241021202714
400154,2026-06-01,75.91984231274638,75.91984231274638,66.95137976346912,77.22306176084098,1.3032194480945947,1.716572912159215
400154,2026-07-01,75.91984231274638,75.91984231274638,67.93692509855452,79.81931668856765,3.8994743758212707,5.136304630030267
400155,2026-04-01,117.96977660972404,117.96977660972404,59.00131406044678,118.17739816031525,0.20762155059121312,0.17599554441650037
400155,2026-05-01,117.96977660972404,117.96977660972404,59.98685939553219,117.98784494086718,0.01806833114314088,0.01531606794756916
400155,2026-06-01,117.96977660972404,117.96977660972404,61.00525624178712,118.24704336399464,0.2772667542705989,0.23503202450562605
400155,2026-07-01,117.96977660972404,117.96977660972404,61.990801576872535,118.2276609724046,0.2578843626805707,0.21860206070722843
400156,2026-04-01,96.9448094612352,96.9448094612352,73.94875164257556,96.83541392904068,0.0,0.0
400156,2026-05-01,96.9448094612352,96.9448094612352,74.93429697766096,97.01609724047299,0.07128777923779239,0.07353439512024401
400156,2026-06-01,96.9448094612352,96.9448094612352,75.9526938239159,96.94612352168193,0.0013140604467309913,0.0013554727210603654
400156,2026-07-01,96.9448094612352,96.9448094612352,76.93823915900131,96.94612352168193,0.0013140604467309913,0.0013554727210603654
400160,2026-04-01,74.96714848883049,206.9316688567674,195.9592641261498,206.55946123521665,131.59231274638614,175.53330411919345
400160,2026-05-01,74.96714848883049,206.9316688567674,196.9448094612352,206.35643889618908,131.3892904073586,175.26248904469745
400160,2026-06-01,74.96714848883049,206.9316688567674,197.9632063074901,206.8689224704335,131.90177398160301,175.9460999123574
400160,2026-07-01,74.96714848883049,206.9316688567674,198.9487516425756,206.85775295663586,131.89060446780536,175.93120070113912
400162,2026-04-01,43.98817345597897,91.98423127463865,81.01182654402102,83.32818659658348,39.340013140604505,89.43315907393587
400162,2026-05-01,43.98817345597897,91.98423127463865,81.99737187910644,87.58180026281211,43.593626806833136,99.10306198655718
400162,2026-06-01,43.98817345597897,91.98423127463865,83.01576872536137,91.84921156373196,47.86103810775298,108.80433159073941
400162,2026-07-01,43.98817345597897,91.98423127463865,84.00131406044677,92.5745729303548,48.58639947437583,110.4533233756535
400165,2026-04-01,131.01182654402103,131.01182654402103,59.00131406044678,129.6714848883051,0.0,0.0
400165,2026-05-01,131.01182654402103,131.01182654402103,59.98685939553219,130.07490144546674,0.0,0.0
400165,2026-06-01,131.01182654402103,131.01182654402103,61.00525624178712,130.27726675427098,0.0,0.0
400165,2026-07-01,131.01182654402103,131.01182654402103,61.990801576872535,130.61596583442866,0.0,0.0
400166,2026-04-01,96.9119579500657,96.9119579500657,61.92509855453351,96.8367279894875,0.0,0.0
400166,2026-05-01,96.9119579500657,96.9119579500657,62.91064388961892,96.83541392904073,0.0,0.0
400166,2026-06-01,96.9119579500657,96.9119579500657,63.92904073587385,96.865308804205,0.0,0.0
400166,2026-07-01,96.9119579500657,96.9119579500657,64.91458607095926,96.8850197109067,0.0,0.0
400167,2026-04-01,108.90275952693824,117.93692509855452,109.92115637319316,116.0367936925099,7.134034165571663,6.550829562594311
400167,2026-05-01,108.90275952693824,117.93692509855452,110.90670170827858,116.55650459921164,7.653745072273395,7.028054298642599
400167,2026-06-01,108.90275952693824,117.93692509855452,111.9250985545335,117.38469119579507,8.48193166885683,7.788536953242893
400167,2026-07-01,108.90275952693824,117.93692509855452,112.91064388961892,117.31044678055197,8.40768725361373,7.720361990950285
400168,2026-04-01,47.99605781865966,71.97766097240472,59.98685939553219,70.68988173455985,22.69382391590019,47.28268309377151
400168,2026-05-01,47.99605781865966,73.98160315374507,60.972404730617605,72.11826544021022,24.122207621550565,50.25872689938393
400168,2026-06-01,47.99605781865966,73.98160315374507,61.990801576872535,72.20762155059127,24.211563731931612,50.44490075290885
400168,2026-07-01,47.99605781865966,73.98160315374507,62.97634691195795,66.86268068331145,18.866622864651795,39.308692676249194
400169,2026-04-01,46.97766097240473,62.97634691195795,59.98685939553219,62.74934296977663,15.7716819973719,33.57272727272732
400169,2026-05-01,46.97766097240473,62.97634691195795,60.972404730617605,63.11202365308808,16.134362680683353,34.34475524475534
400169,2026-06-01,46.97766097240473,62.97634691195795,61.990801576872535,63.23784494086729,16.260183968462563,34.612587412587445
400169,2026-07-01,46.97766097240473,65.99868593955321,62.97634691195795,63.85939553219448,16.881734559789756,35.93566433566435
400171,2026-04-01,33.04862023653088,79.00788436268068,70.99211563731932,73.50755584756897,40.458935611038086,122.42246520874744
400171,2026-05-01,33.04862023653088,79.00788436268068,71.97766097240472,76.90045992115635,43.851839684625475,132.6888667992047
400171,2026-06-01,33.04862023653088,79.00788436268068,72.99605781865965,78.62319316688566,45.574572930354776,137.90159045725642
400171,2026-07-01,33.04862023653088,79.00788436268068,73.98160315374507,78.65867279894873,45.61005256241785,138.00894632206752
400172,2026-04-01,90.9658344283837,114.98028909329828,91.98423127463865,112.23193166885675,21.266097240473044,23.378114842903557
400172,2026-05-01,90.9658344283837,114.98028909329828,92.96977660972404,113.33311432325887,22.367279894875168,24.58866016612496
400172,2026-06-01,90.9658344283837,114.98028909329828,93.98817345597897,111.1754270696452,20.209592641261494,22.216684723726974
400172,2026-07-01,90.9658344283837,114.98028909329828,94.9737187910644,111.4247700394218,20.4589356110381,22.490790899241595
400173,2026-04-01,63.92904073587385,111.9250985545335,64.94743758212877,95.69448094612346,31.765440210249615,49.68859198355592
400173,2026-05-01,63.92904073587385,111.9250985545335,65.93298291721419,95.24310118265434,31.314060446780495,48.98252826310372
400173,2026-06-01,63.92904073587385,111.9250985545335,66.95137976346912,101.61662286465166,37.68758212877781,58.952209660842584
400173,2026-07-01,63.92904073587385,111.9250985545335,67.93692509855452,96.58869908015762,32.65965834428378,51.0873586844809
400174,2026-04-01,24.014454664914584,139.9802890932983,125.9855453350854,141.1888961892248,117.17444152431023,487.9329685362522
400174,2026-05-01,24.014454664914584,139.9802890932983,126.97109067017082,141.22043363994754,117.20597897503296,488.06429548563665
400174,2026-06-01,143.98817345597897,139.9802890932983,127.98948751642575,140.94973718791067,0.0,0.0
400174,2026-07-01,143.98817345597897,139.9802890932983,128.97503285151117,140.58114323258874,0.0,0.0
400177,2026-04-01,114.98028909329828,126.97109067017082,127.98948751642575,129.99178712220782,15.011498028909543,13.055714285714473
400177,2026-05-01,114.98028909329828,126.97109067017082,128.97503285151117,130.88633377135366,15.90604467805538,13.833714285714452
400177,2026-06-01,114.98028909329828,138.96189224704335,129.9934296977661,136.1665571616296,21.18626806833133,18.426000000000165
400177,2026-07-01,114.98028909329828,138.96189224704335,130.9789750328515,137.22568988173472,22.24540078843644,19.34714285714301
400178,2026-04-01,84.92115637319316,84.92115637319316,73.94875164257556,84.63666228646524,0.0,0.0
400178,2026-05-01,84.92115637319316,84.92115637319316,74.93429697766096,84.46550591327208,0.0,0.0
400178,2026-06-01,84.92115637319316,84.92115637319316,75.9526938239159,85.07785808147182,0.1567017082786606,0.1845261121857806
400178,2026-07-01,84.92115637319316,84.92115637319316,76.93823915900131,85.25985545335092,0.33869908015776673,0.3988394584140202
400180,2026-04-01,54.96057818659658,102.95663600525624,55.97897503285151,90.59165571616285,35.63107752956627,64.83024506873863
400180,2026-05-01,54.96057818659658,102.95663600525624,56.96452036793692,90.7424441524309,35.78186596583433,65.10460251046007
400180,2026-06-01,54.96057818659658,102.95663600525624,57.98291721419185,92.58245729303535,37.62187910643877,68.45248057381926
400180,2026-07-01,54.96057818659658,102.95663600525624,58.96846254927726,96.20203679369237,41.241458607095794,75.03825463239666
400181,2026-04-01,126.97109067017082,126.97109067017082,91.98423127463865,126.77792378449425,0.0,0.0
400181,2026-05-01,126.97109067017082,126.97109067017082,92.96977660972404,126.83837056504618,0.0,0.0
400181,2026-06-01,126.97109067017082,126.97109067017082,93.98817345597897,126.8081471747702,0.0,0.0
400181,2026-07-01,126.97109067017082,126.97109067017082,94.9737187910644,126.95926412614999,0.0,0.0
400182,2026-04-01,105.97897503285152,141.98423127463863,95.0065703022339,106.57063074901453,0.5916557161630038,0.5582765034098522
400183,2026-04-01,102.95663600525624,102.95663600525624,67.96977660972405,103.20795006570283,0.2513140604465889,0.24409700063797593
400183,2026-05-01,102.95663600525624,102.95663600525624,68.95532194480946,103.19776609724028,0.2411300919840329,0.2342054881938086
400183,2026-06-01,102.95663600525624,102.95663600525624,69.97371879106439,103.47963206307472,0.5229960578184745,0.5079770261644659
400183,2026-07-01,102.95663600525624,102.95663600525624,70.9592641261498,103.25886990801557,0.30223390275932616,0.2935545628587712
400185,2026-04-01,94.9737187910644,94.9737187910644,47.99605781865966,95.48423127463865,0.5105124835742458,0.5375302663438271
400185,2026-05-01,94.9737187910644,94.9737187910644,48.98160315374507,95.88304862023651,0.9093298291721084,0.9574541681078858
400185,2026-06-01,94.9737187910644,94.9737187910644,50.0,95.70367936925099,0.7299605781865921,0.7685921826357613
400185,2026-07-01,94.9737187910644,94.9737187910644,50.98554533508541,95.70335085413927,0.7296320630748738,0.7682462815634437
400186,2026-04-01,73.94875164257556,73.94875164257556,38.96189224704336,73.95893561103797,0.010183968462413873,0.013771657041131865
400186,2026-05-01,73.94875164257556,73.94875164257556,39.94743758212878,73.95893561103797,0.010183968462413873,0.013771657041131865
400186,2026-06-01,73.94875164257556,73.94875164257556,40.9658344283837,73.97897503285138,0.03022339027582177,0.04087072412243513
400186,2026-07-01,73.94875164257556,73.94875164257556,41.95137976346912,73.97897503285138,0.03022339027582177,0.04087072412243513
400187,2026-04-01,105.97897503285152,105.97897503285152,95.0065703022339,105.6606438896189,0.0,0.0
400187,2026-05-01,105.97897503285152,105.97897503285152,95.99211563731932,105.27299605781863,0.0,0.0
400187,2026-06-01,105.97897503285152,105.97897503285152,97.01051248357425,105.55059132720106,0.0,0.0
400187,2026-07-01,105.97897503285152,105.97897503285152,97.99605781865964,105.94908015768723,0.0,0.0
400188,2026-04-01,91.03153745072272,91.03153745072272,95.0065703022339,95.0065703022339,3.9750328515111732,4.366654637315053
400188,2026-05-01,91.03153745072272,91.03153745072272,95.99211563731932,95.99211563731932,4.960578186596592,5.44929628293036
400188,2026-06-01,91.03153745072272,91.03153745072272,97.01051248357425,97.01051248357425,5.9789750328515225,6.568025983399509
400188,2026-07-01,91.03153745072272,91.03153745072272,97.99605781865964,97.99605781865964,6.964520367936913,7.650667629014783
400192,2026-04-01,114.94743758212876,114.94743758212876,113.96189224704337,115.91984231274633,0.9724047306175692,0.8459559874249446
400192,2026-05-01,114.94743758212876,114.94743758212876,114.94743758212876,115.8685939553219,0.921156373193142,0.8013718205201272
400192,2026-06-01,114.94743758212876,114.94743758212876,115.9658344283837,116.83212877792377,1.884691195795014,1.6396113175192981
400192,2026-07-01,114.94743758212876,121.97766097240472,116.95137976346912,119.80453350854147,4.857095926412711,4.225492997999513
400203,2026-04-01,117.01708278580814,113.00919842312746,109.00131406044676,115.96911957950073,0.0,0.0
400203,2026-05-01,117.01708278580814,113.00919842312746,109.9868593955322,114.33245729303557,0.0,0.0
400203,2026-06-01,117.01708278580814,113.00919842312746,111.00525624178712,114.21583442838379,0.0,0.0
400203,2026-07-01,117.01708278580814,113.00919842312746,111.99080157687251,114.79237844940872,0.0,0.0
400204,2026-04-01,163.00919842312746,163.00919842312746,109.00131406044676,157.90275952693827,0.0,0.0
400204,2026-05-01,163.00919842312746,163.00919842312746,109.9868593955322,160.10578186596587,0.0,0.0
400204,2026-06-01,163.00919842312746,163.00919842312746,111.00525624178712,160.2749671484889,0.0,0.0
400204,2026-07-01,80.97897503285151,80.97897503285151,29.96057818659658,80.46452036793687,0.0,0.0
400205,2026-04-01,143.98817345597897,143.98817345597897,109.00131406044676,145.27858081471723,1.290407358738264,0.896189824321076
400205,2026-05-01,143.98817345597897,143.98817345597897,109.9868593955322,145.16918528252273,1.1810118265437666,0.8202144649781486
400205,2026-06-01,143.98817345597897,143.98817345597897,111.00525624178712,144.57621550591304,0.5880420499340744,0.40839607574705056
400205,2026-07-01,46.97766097240473,46.97766097240473,14.98028909329829,46.95795006570311,0.0,0.0
400220,2026-04-01,55.97897503285151,154.96057818659656,146.94480946123522,150.52036793692497,94.54139290407346,168.88732394366176
400220,2026-05-01,55.97897503285151,154.96057818659656,147.9303547963206,153.70893561103782,97.72996057818631,174.58333333333283
400220,2026-06-01,55.97897503285151,154.96057818659656,148.94875164257556,155.05289093298256,99.07391590013106,176.98415492957685
400220,2026-07-01,55.97897503285151,154.96057818659656,149.93429697766098,156.01248357424404,100.03350854139254,178.6983568075111
400223,2026-04-01,97.93035479632064,109.95400788436268,86.95795006570302,108.20335085413925,10.272996057818602,10.49010399194895
400223,2026-05-01,97.93035479632064,109.95400788436268,87.94349540078844,107.9553219448094,10.024967148488756,10.236833277423605
400223,2026-06-01,97.93035479632064,109.95400788436268,88.96189224704337,108.07490144546644,10.144546649145795,10.358939953035826
400223,2026-07-01,132.91721419185282,168.92247043363994,148.91590013140603,164.16064388961868,31.243429697765862,23.50593178447832
400231,2026-04-01,73.94875164257556,73.94875164257556,26.971090670170828,74.13272010512472,0.18396846254916,0.2487783207461764
400231,2026-05-01,73.94875164257556,73.94875164257556,27.95663600525624,74.27102496714836,0.3222733245728051,0.43580630830724953
400231,2026-06-01,73.94875164257556,73.94875164257556,28.97503285151117,74.08935611038095,0.14060446780538882,0.19013771657023704
400231,2026-07-01,73.94875164257556,73.94875164257556,29.96057818659658,74.08935611038095,0.14060446780538882,0.19013771657023704
400232,2026-04-01,154.96057818659656,154.96057818659656,146.94480946123522,156.0522339027592,1.0916557161626486,0.7044731821070813
400232,2026-05-01,154.96057818659656,154.96057818659656,147.9303547963206,156.2608409986856,1.300262812089045,0.8390926436292248
400232,2026-06-01,154.96057818659656,154.96057818659656,148.94875164257556,155.66688567674092,0.7063074901443542,0.4557981768071687
400232,2026-07-01,33.96846254927726,33.96846254927726,28.94218134034165,34.641261498028925,0.6727989487516624,1.9806576402321667
400247,2026-04-01,254.9934296977661,267.9369250985545,244.9408672798949,268.180026281209,13.186596583442906,5.171347590827134
400247,2026-05-01,254.9934296977661,267.9369250985545,245.92641261498028,268.61103810775296,13.617608409986872,5.340376191703174
400247,2026-06-01,254.9934296977661,267.9369250985545,246.9448094612352,268.54040735873855,13.546977660972459,5.312677145065726
400247,2026-07-01,254.00788436268067,266.9513797634691,246.9448094612352,268.0532194480945,14.045335085413853,5.529487842731476
400253,2026-04-01,108.96846254927726,120.9592641261498,112.94349540078844,120.29730617608406,11.328843626806801,10.396442568586043
400253,2026-05-01,108.96846254927726,120.9592641261498,113.92904073587384,120.49802890932978,11.529566360052513,10.580645161290278
400253,2026-06-01,108.96846254927726,120.9592641261498,114.94743758212876,119.57654402102492,10.608081471747653,9.735001507386148
400254,2026-04-01,327.9894875164257,354.92772667542704,343.95532194480944,354.1511169513805,26.16162943495482,7.976362179487428
400254,2026-05-01,327.9894875164257,354.92772667542704,344.94086727989486,354.4198423127473,26.43035479632158,8.058293269231061
400254,2026-06-01,327.9894875164257,354.92772667542704,345.9592641261498,354.4198423127473,26.43035479632158,8.058293269231061
400254,2026-07-01,68.03547963206307,94.9737187910644,86.99080157687253,93.03580814717476,25.00032851511169,36.74601641718976
400259,2026-04-01,51.01839684625492,114.94743758212876,115.9658344283837,116.70532194480955,65.68692509855464,128.75144880875746
400261,2026-04-01,63.92904073587385,111.00525624178712,100.9526938239159,107.41360052562412,43.48455978975027,68.02004110996907
400261,2026-05-01,63.92904073587385,112.94349540078844,101.93823915900133,108.14388961892239,44.21484888304854,69.1623843782116
400261,2026-06-01,63.92904073587385,112.94349540078844,102.95663600525624,107.72010512483564,43.79106438896179,68.49948612538526
400261,2026-07-01,63.92904073587385,112.94349540078844,103.94218134034163,107.1787122207621,43.249671484888246,67.65262076053435
400271,2026-04-01,202.95663600525623,223.98160315374503,215.9658344283837,222.40932982917195,19.452693823915723,9.584655228229114
400271,2026-05-01,202.95663600525623,223.98160315374503,216.9513797634691,222.03022339027578,19.07358738501955,9.39786338620905
400271,2026-06-01,202.95663600525623,223.98160315374503,217.96977660972405,221.54007884362665,18.583442838370416,9.156361281968202
400273,2026-04-01,132.91721419185282,215.9986859395532,217.93692509855447,217.93692509855447,85.01971090670165,63.96440929312897
400273,2026-05-01,132.91721419185282,215.9986859395532,218.92247043363997,218.92247043363997,86.00525624178715,64.7058823529412
400273,2026-06-01,132.91721419185282,215.9986859395532,219.9408672798949,219.9408672798949,87.02365308804207,65.47207118141375
400273,2026-07-01,167.96977660972405,251.05124835742444,255.9789750328515,255.9789750328515,88.00919842312746,52.395853706238995
400275,2026-04-01,202.98948751642573,232.95006570302232,209.95400788436268,229.36957950065684,26.380091984231115,12.995792199384937
400275,2026-05-01,202.98948751642573,232.95006570302232,210.93955321944807,228.32818659658327,25.33869908015754,12.482764201327004
400275,2026-06-01,202.98948751642573,232.95006570302232,211.95795006570305,226.979303547963,23.989816031537288,11.818255381129553
400275,2026-07-01,88.04204993429697,225.9855453350854,205.9789750328515,219.98521681997374,131.94316688567676,149.8638059701493
400277,2026-04-01,170.00657030223388,193.98817345597897,173.98160315374506,187.37056504599192,17.36399474375804,10.213719806763185
400277,2026-05-01,170.00657030223388,193.98817345597897,174.96714848883047,191.87516425755558,21.8685939553217,12.863381642511934
400277,2026-06-01,170.00657030223388,193.98817345597897,175.98554533508542,192.83705650459896,22.83048620236508,13.42917874396122
400280,2026-04-01,199.93429697766095,201.9710906701708,208.9356110381077,208.9356110381077,9.00131406044676,4.502136049950697
400280,2026-05-01,199.93429697766095,201.9710906701708,209.9211563731932,209.9211563731932,9.986859395532264,4.995070653959943
400280,2026-06-01,199.93429697766095,201.9710906701708,210.93955321944807,210.93955321944807,11.005256241787123,5.5044364114360835
400280,2026-07-01,199.93429697766095,201.9710906701708,211.9250985545335,211.9250985545335,11.990801576872542,5.997371015445288
400291,2026-04-01,84.00131406044677,168.98817345597897,156.99737187910642,168.18791064388932,84.18659658344255,100.22057098161876
400291,2026-05-01,84.00131406044677,168.98817345597897,157.98291721419184,168.36826544020994,84.36695137976317,100.43527571372668
400291,2026-06-01,84.00131406044677,168.98817345597897,159.0013140604468,168.48685939553187,84.48554533508509,100.5764567852949
400291,2026-07-01,82.98291721419184,167.96977660972405,158.96846254927726,166.93495400788407,83.95203679369223,101.16785431512241
400298,2026-04-01,124.93429697766096,134.95400788436268,111.95795006570302,133.36070959264123,8.426412614980265,6.744675256376525
400298,2026-05-01,124.93429697766096,134.95400788436268,112.94349540078844,133.3203022339027,8.386005256241745,6.7123323691821914
400298,2026-06-01,124.93429697766096,134.95400788436268,113.96189224704337,134.31307490144536,9.378777923784398,7.506968183013334
400298,2026-07-01,140.9658344283837,150.98554533508542,130.9789750328515,146.2041524310116,5.238318002627921,3.716019575856302
400299,2026-04-01,81.99737187910644,95.99211563731932,95.0065703022339,103.22141918528257,21.224047306176132,25.883814102564163
400299,2026-05-01,81.99737187910644,102.03679369250985,95.99211563731932,102.58377135348229,20.586399474375852,25.106169871794908
400299,2026-06-01,81.99737187910644,102.03679369250985,97.01051248357425,103.13074901445471,21.13337713534827,25.77323717948723
400299,2026-07-01,81.99737187910644,102.03679369250985,97.99605781865964,103.06340341655715,21.066031537450712,25.691105769230756
400301,2026-04-01,51.01839684625492,165.9658344283837,160.9395532194481,166.0574901445465,115.03909329829159,225.4855119124273
400301,2026-05-01,51.01839684625492,165.9658344283837,161.9250985545335,166.04664914586053,115.02825229960561,225.464262717321
400301,2026-06-01,51.01839684625492,165.9658344283837,162.94349540078844,166.26675427069628,115.24835742444137,225.89568576947815
400301,2026-07-01,51.01839684625492,165.9658344283837,163.92904073587383,166.96780551905374,115.94940867279882,227.26980038634878
400312,2026-04-01,106.96452036793691,106.96452036793691,71.97766097240472,106.89356110381075,0.0,0.0
400312,2026-05-01,106.96452036793691,106.96452036793691,72.96320630749014,106.89388961892242,0.0,0.0
400312,2026-06-01,106.96452036793691,106.96452036793691,73.98160315374507,107.00361366622862,0.039093298291703604,0.0365479115478949
400312,2026-07-01,106.96452036793691,106.96452036793691,74.96714848883049,107.00427069645201,0.03975032851509752,0.03716216216214891
400315,2026-04-01,91.98423127463865,91.98423127463865,56.99737187910644,91.94382391590013,0.0,0.0
400315,2026-05-01,91.98423127463865,91.98423127463865,57.98291721419185,92.00427069645202,0.020039421813379477,0.021785714285688255
400315,2026-06-01,91.98423127463865,91.98423127463865,59.00131406044678,91.69382391590014,0.0,0.0
400315,2026-07-01,91.98423127463865,91.98423127463865,59.98685939553219,91.70367936925099,0.0,0.0
400321,2026-04-01,51.93823915900131,87.94349540078844,64.94743758212877,85.97339027595267,34.035151116951354,65.53004427577478
400321,2026-05-01,51.93823915900131,87.94349540078844,65.93298291721419,85.63403416557159,33.69579500657028,64.87666034155593
400321,2026-06-01,51.93823915900131,87.94349540078844,66.95137976346912,84.36465177398159,32.42641261498028,62.43263757115748
400321,2026-07-01,51.93823915900131,87.94349540078844,67.93692509855452,85.5252956636005,33.58705650459919,64.66729917773557
400352,2026-04-01,126.93823915900133,126.93823915900133,67.96977660972405,126.67838370565029,0.0,0.0
400352,2026-05-01,126.93823915900133,126.93823915900133,68.95532194480946,126.84888304862007,0.0,0.0
400352,2026-06-01,126.93823915900133,126.93823915900133,69.97371879106439,126.67936925098536,0.0,0.0
400352,2026-07-01,126.93823915900133,126.93823915900133,70.9592641261498,127.05880420499325,0.12056504599192408,0.09497929606610167
400353,2026-04-01,76.97109067017082,76.97109067017082,53.975032851511166,77.07030223390285,0.09921156373202678,0.12889457959892853
400353,2026-05-01,76.97109067017082,76.97109067017082,54.96057818659658,76.67969776609735,0.0,0.0
400353,2026-06-01,76.97109067017082,76.97109067017082,55.97897503285151,76.30946123521693,0.0,0.0
400353,2026-07-01,76.97109067017082,76.97109067017082,56.96452036793692,76.30946123521693,0.0,0.0
400354,2026-04-01,98.94875164257556,98.94875164257556,63.96189224704336,99.24934296977658,0.300591327201019,0.3037848605577363
400354,2026-05-01,98.94875164257556,98.94875164257556,64.94743758212877,99.50262812089352,0.5538764783179602,0.5597609561752559
400354,2026-06-01,98.94875164257556,98.94875164257556,65.9658344283837,98.92838370565043,0.0,0.0
400354,2026-07-01,98.94875164257556,98.94875164257556,66.95137976346912,99.1892247043364,0.24047306176083794,0.24302788844621204
400369,2026-04-01,42.96977660972404,78.94218134034165,67.96977660972405,75.9356110381077,32.96583442838365,76.71865443425064
400369,2026-05-01,42.96977660972404,78.94218134034165,68.95532194480946,77.59067017082775,34.620893561103706,80.57033639143707
400369,2026-06-01,42.96977660972404,78.94218134034165,69.97371879106439,78.14914586070945,35.17936925098541,81.87003058103944
400369,2026-07-01,42.96977660972404,78.94218134034165,70.9592641261498,77.9099868593954,34.94021024967136,81.31345565749207
400382,2026-04-01,37.94349540078844,37.94349540078844,74.96714848883049,74.96714848883049,37.023653088042046,97.57575757575755
400382,2026-05-01,37.94349540078844,37.94349540078844,75.9526938239159,75.9526938239159,38.00919842312745,100.17316017316011
400382,2026-06-01,37.94349540078844,37.94349540078844,76.97109067017082,76.97109067017082,39.02759526938238,102.8571428571428
400392,2026-04-01,123.94875164257556,123.94875164257556,88.96189224704337,123.56865965834434,0.0,0.0
400392,2026-05-01,123.94875164257556,123.94875164257556,89.94743758212877,123.69842312746393,0.0,0.0
400392,2026-06-01,123.94875164257556,123.94875164257556,90.9658344283837,124.13009198423134,0.18134034165578328,0.14630267691497595
400392,2026-07-01,123.94875164257556,123.94875164257556,91.95137976346912,124.23160315374513,0.28285151116956797,0.2282003710575576
400416,2026-04-01,37.023653088042046,49.01445466491458,47.010512483574246,51.16721419185277,14.143561103810725,38.20141969831398
400416,2026-05-01,37.023653088042046,61.00525624178712,47.99605781865966,56.332457293035425,19.30880420499338,52.1526175687665
400416,2026-06-01,37.023653088042046,61.00525624178712,49.01445466491458,59.27463863337709,22.25098554533504,60.09937888198746
400416,2026-07-01,37.023653088042046,61.00525624178712,50.0,59.075229960578135,22.05157687253609,59.56078083407264
400424,2026-04-01,83.96846254927726,131.96452036793693,120.99211563731932,131.2355453350855,47.26708278580824,56.29147104851342
400424,2026-05-01,83.96846254927726,131.96452036793693,121.97766097240472,131.50492772667553,47.53646517739827,56.612284820031434
400424,2026-06-01,83.96846254927726,131.96452036793693,122.99605781865964,131.59526938239168,47.626806833114415,56.71987480438195
400424,2026-07-01,83.96846254927726,131.96452036793693,123.98160315374508,131.59526938239168,47.626806833114415,56.71987480438195
400425,2026-04-01,90.9658344283837,179.9934296977661,175.98554533508542,180.31504599211567,89.34921156373197,98.22282412423262
400425,2026-05-01,90.9658344283837,179.9934296977661,176.9710906701708,176.9710906701708,86.00525624178711,94.5467677862044
400425,2026-06-01,90.9658344283837,181.011826544021,177.98948751642575,180.8350854139293,89.8692509855456,98.7945106536659
400425,2026-07-01,90.9658344283837,181.011826544021,178.97503285151117,181.10413929040757,90.13830486202387,99.09028530155315
400426,2026-04-01,60.0197109067017,166.98423127463863,131.99737187910642,156.4901445466492,96.47043363994749,160.7312534209087
400426,2026-05-01,60.0197109067017,166.98423127463863,132.98291721419184,164.47273324572933,104.45302233902763,174.03119868637117
400426,2026-06-01,60.0197109067017,166.98423127463863,134.0013140604468,165.41294349540078,105.39323258869908,175.59770114942532
400426,2026-07-01,60.0197109067017,166.98423127463863,134.98685939553218,165.97404730617606,105.95433639947436,176.53256704980845
425828,2026-07-01,40.93298291721419,40.93298291721419,16.918528252299605,40.895532194481014,0.0,0.0
437130,2026-07-01,36.00525624178712,36.00525624178712,12.976346911957949,36.005256241787166,4.263256414560601e-14,1.1840650114892764e-13
462136,2026-07-01,47.99605781865966,47.99605781865966,14.98028909329829,47.996057818659594,0.0,0.0
476006,2026-07-01,35.972404730617605,35.972404730617605,16.918528252299605,35.973061760841034,0.0006570302234294445,0.0018264840183737252
478482,2026-07-01,29.96057818659658,29.96057818659658,4.92772667542707,29.960578186596617,3.552713678800501e-14,1.1857961006873603e-13
505491,2026-07-01,24.014454664914584,24.014454664914584,4.007884362680684,24.01445466491459,7.105427357601002e-15,2.9588127054086796e-14
547243,2026-07-01,65.93298291721419,65.93298291721419,103.94218134034163,103.94218134034163,38.009198423127444,57.64823119083206
589703,2026-07-01,18.035479632063076,18.035479632063076,15.99868593955322,18.724704336399462,0.6892247043363859,3.821493624772238
601812,2026-04-01,34.98685939553219,34.98685939553219,1.938239159001314,35.01708278580812,0.030223390275928352,0.08638497652575203
601812,2026-05-01,36.00525624178712,36.00525624178712,2.923784494086728,35.9756898817346,0.0,0.0
601812,2026-06-01,36.00525624178712,36.00525624178712,3.942181340341656,36.005256241787166,4.263256414560601e-14,1.1840650114892764e-13
601812,2026-07-01,36.00525624178712,36.00525624178712,4.92772667542707,36.005256241787166,4.263256414560601e-14,1.1840650114892764e-13
602096,2026-04-01,67.96977660972405,255.9132720105125,254.92772667542707,255.80847568988128,187.83869908015723,276.3562107298205
602096,2026-05-01,67.96977660972405,255.9132720105125,255.9132720105125,256.1567017082781,188.18692509855404,276.8685355244072
602096,2026-06-01,67.96977660972405,255.9132720105125,256.9316688567674,257.3344283837052,189.36465177398114,278.6012566457219
602096,2026-07-01,67.96977660972405,265.9001314060447,257.9172141918528,263.0213534822598,195.05157687253578,286.9681005316572
602098,2026-04-01,31.964520367936924,61.00525624178712,65.9658344283837,65.9658344283837,34.001314060446774,106.37204522096606
602098,2026-05-01,31.964520367936924,61.00525624178712,66.95137976346912,66.95137976346912,34.98685939553219,109.45529290853031
602098,2026-06-01,31.964520367936924,61.00525624178712,67.96977660972405,67.96977660972405,36.00525624178712,112.64131551901338
602098,2026-07-01,31.964520367936924,61.00525624178712,68.95532194480946,68.95532194480946,36.99080157687253,115.72456320657759
602099,2026-04-01,37.97634691195795,68.95532194480946,67.96977660972405,69.10972404730623,31.133377135348283,81.98096885813165
602099,2026-05-01,37.97634691195795,69.97371879106439,68.95532194480946,71.39159001314064,33.415243101182696,87.98961937716274
602099,2026-06-01,37.97634691195795,69.97371879106439,69.97371879106439,70.48390275952694,32.507555847568995,85.59948096885816
602099,2026-07-01,37.97634691195795,71.97766097240472,70.9592641261498,71.68692509855462,33.71057818659668,88.76730103806254
602181,2026-04-01,47.99605781865966,93.00262812089356,72.99605781865965,86.47601839684627,38.47996057818661,80.17316906228615
602181,2026-05-01,47.99605781865966,93.00262812089356,73.98160315374507,90.02332457293042,42.02726675427076,87.56399726214936
602181,2026-06-01,47.99605781865966,93.00262812089356,75.0,90.80584756898824,42.809789750328584,89.19438740588652
602181,2026-07-01,47.99605781865966,114.0275952693824,75.9855453350854,90.55519053876486,42.559132720105204,88.6721423682411
602182,2026-04-01,107.98291721419184,107.98291721419184,37.94349540078844,107.94283837056517,0.0,0.0
602182,2026-05-01,107.98291721419184,107.98291721419184,38.92904073587385,107.94283837056517,0.0,0.0
602182,2026-06-01,107.98291721419184,107.98291721419184,39.94743758212878,107.94283837056517,0.0,0.0
602182,2026-07-01,107.98291721419184,107.98291721419184,40.93298291721419,107.91261498028922,0.0,0.0
602184,2026-04-01,59.98685939553219,173.94875164257556,138.96189224704335,173.2352168199739,113.24835742444172,188.78860898138038
602184,2026-05-01,59.98685939553219,173.94875164257556,139.94743758212877,173.52233902759545,113.53547963206326,189.267250821468
602184,2026-06-01,59.98685939553219,173.94875164257556,140.9658344283837,175.0318659658346,115.04500657030242,191.78368017524676
602184,2026-07-01,59.98685939553219,179.9934296977661,141.9513797634691,176.40111695137992,116.41425755584773,194.06626506024122
602185,2026-04-01,75.9526938239159,268.95532194480944,232.95006570302232,265.31077529566386,189.35808147174797,249.31055363321835
602185,2026-05-01,75.9526938239159,271.9448094612352,233.9356110381077,265.570302233903,189.61760840998713,249.65224913494848
602185,2026-06-01,75.9526938239159,268.95532194480944,234.95400788436268,265.6300919842315,189.67739816031562,249.73096885813183
602185,2026-07-01,75.9526938239159,271.9448094612352,235.93955321944807,265.95959264126174,190.00689881734584,250.1647923875436
602195,2026-04-01,106.96452036793691,163.96189224704335,146.94480946123522,162.6665571616294,55.7020367936925,52.075245700245695
602195,2026-05-01,106.96452036793691,172.96320630749014,147.9303547963206,167.6865965834427,60.722076215505794,56.76842751842741
602195,2026-06-01,106.96452036793691,172.96320630749014,148.94875164257556,171.1750985545333,64.21057818659638,60.02979115479097
602195,2026-07-01,106.96452036793691,172.96320630749014,149.93429697766098,171.67411300919824,64.70959264126132,60.49631449631434
602223,2026-04-01,50.0,148.94875164257556,137.97634691195793,147.51018396846266,97.51018396846266,195.0203679369253
602223,2026-05-01,50.0,148.94875164257556,138.96189224704335,147.59034165571632,97.59034165571632,195.18068331143263
602223,2026-06-01,50.0,148.94875164257556,139.9802890932983,149.0305519053878,99.0305519053878,198.0611038107756
602223,2026-07-01,50.0,148.94875164257556,140.9658344283837,149.01478318002643,99.01478318002643,198.02956636005285
602525,2026-04-01,25.952693823915897,105.946123521682,97.93035479632064,103.32161629434958,77.36892247043369,298.11518987341793
602525,2026-05-01,25.952693823915897,105.946123521682,98.91590013140603,100.34067017082789,74.387976346912,286.62911392405084
602525,2026-06-01,25.952693823915897,105.946123521682,99.93429697766096,104.61169513797643,78.65900131406053,303.08607594936745
602525,2026-07-01,25.952693823915897,105.946123521682,100.91984231274638,104.95203679369259,78.99934296977669,304.3974683544307
602532,2026-04-01,42.96977660972404,81.96452036793693,73.94875164257556,81.75657030223377,38.786793692509725,90.26529051987738
602532,2026-05-01,42.96977660972404,81.96452036793693,74.93429697766096,82.16327201051236,39.193495400788315,91.21177370030553
602532,2026-06-01,42.96977660972404,81.96452036793693,75.9526938239159,81.89553219448081,38.925755584756764,90.58868501529021
602532,2026-07-01,42.96977660972404,81.96452036793693,76.93823915900131,82.41622864651762,39.44645203679358,91.80045871559608
602535,2026-04-01,49.01445466491458,81.99737187910644,50.9526938239159,76.8396846254927,27.825229960578113,56.76943699731889
602535,2026-05-01,49.01445466491458,81.99737187910644,51.93823915900131,76.5091984231274,27.49474375821282,56.095174262734474
602535,2026-06-01,49.01445466491458,81.99737187910644,52.95663600525624,79.46222076215497,30.44776609724039,62.11997319034837
602535,2026-07-01,49.01445466491458,81.99737187910644,53.942181340341655,79.41195795006558,30.397503285151004,62.01742627345822
602538,2026-04-01,34.95400788436268,62.91064388961892,61.92509855453351,64.37089356110376,29.416885676741074,84.158834586466
602538,2026-05-01,34.95400788436268,62.91064388961892,62.91064388961892,65.53252299605775,30.57851511169507,87.48214285714265
602538,2026-06-01,34.95400788436268,62.91064388961892,63.92904073587385,65.02201051248349,30.06800262812081,86.02161654135314
602538,2026-07-01,34.95400788436268,66.95137976346912,64.91458607095926,66.65604467805514,31.702036793692457,90.69642857142843
602579,2026-04-01,55.02628120893561,82.98291721419184,81.99737187910644,85.5436925098554,30.517411300919797,55.45970149253724
602579,2026-05-01,55.02628120893561,82.98291721419184,82.98291721419184,84.09526938239152,29.068988173455914,52.82746268656705
602579,2026-06-01,55.02628120893561,82.98291721419184,84.00131406044677,84.29434954007877,29.268068331143162,53.18925373134316
602579,2026-07-01,55.02628120893561,82.98291721419184,84.98685939553219,84.98685939553219,29.960578186596585,54.44776119402985
602582,2026-04-01,54.0407358738502,69.97371879106439,59.00131406044678,67.94710906701704,13.906373193166836,25.733130699088054
602582,2026-05-01,54.0407358738502,69.97371879106439,59.98685939553219,69.33804204993426,15.297306176084057,28.306990881458884
602582,2026-06-01,54.0407358738502,69.97371879106439,61.00525624178712,69.11859395532191,15.07785808147171,27.90091185410327
602582,2026-07-01,54.0407358738502,69.97371879106439,61.990801576872535,71.1258212877792,17.085085413929,31.615197568388982
602593,2026-04-01,61.990801576872535,111.00525624178712,64.94743758212877,106.18626806833117,44.19546649145864,71.29358770535246
602593,2026-05-01,61.990801576872535,111.00525624178712,65.93298291721419,107.25525624178715,45.264454664914616,73.01801801801807
602593,2026-06-01,61.990801576872535,111.00525624178712,66.95137976346912,110.14421813403416,48.15341655716163,77.67832538420774
602593,2026-07-01,61.990801576872535,113.92904073587384,67.93692509855452,110.43035479632053,48.439553219447994,78.13990461049268
602792,2026-04-01,45.072273324572926,61.00525624178712,59.00131406044678,60.298620236530866,15.22634691195794,33.78206997084546
602792,2026-05-01,45.072273324572926,61.00525624178712,59.98685939553219,60.9293692509855,15.857095926412576,35.18148688046639
602792,2026-06-01,45.072273324572926,61.00525624178712,61.00525624178712,61.00525624178712,15.932982917214197,35.34985422740527
602792,2026-07-01,45.072273324572926,61.00525624178712,61.990801576872535,61.990801576872535,16.91852825229961,37.53644314868806
602797,2026-04-01,110.93955321944809,110.93955321944809,99.96714848883047,110.78153745072295,0.0,0.0
602797,2026-05-01,110.93955321944809,110.93955321944809,100.9526938239159,111.07194480946141,0.13239159001332723,0.11933668936943088
602797,2026-06-01,110.93955321944809,110.93955321944809,101.97109067017082,111.0417214191855,0.1021681997374202,0.09209357417847412
602797,2026-07-01,32.95006570302234,32.95006570302234,24.967148488830485,33.92641261498026,0.9763469119579185,2.963110667995916
602961,2026-04-01,55.946123521682,65.9658344283837,42.96977660972404,66.37779237844943,10.43166885676743,18.64591896652969
602961,2026-05-01,55.946123521682,67.96977660972405,43.95532194480946,67.23915900131415,11.293035479632152,20.185554903112315
602961,2026-06-01,55.946123521682,67.96977660972405,44.97371879106439,67.68035479632074,11.734231274638745,20.974163241339014
602961,2026-07-01,55.946123521682,67.96977660972405,45.959264126149804,67.49047306176097,11.544349540078969,20.63476218438073
603210,2026-05-01,29.96057818659658,29.96057818659658,3.942181340341656,29.741458607095957,0.0,0.0
603210,2026-06-01,29.96057818659658,29.96057818659658,4.960578186596584,29.960578186596617,3.552713678800501e-14,1.1857961006873603e-13
603210,2026-07-01,29.96057818659658,29.96057818659658,5.946123521681997,29.960578186596617,3.552713678800501e-14,1.1857961006873603e-13
603293,2026-04-01,446.9776609724047,90.9658344283837,78.97503285151117,96.4668199737187,0.0,0.0
603293,2026-05-01,446.9776609724047,90.9658344283837,79.96057818659658,96.4668199737187,0.0,0.0
603293,2026-06-01,446.9776609724047,90.9658344283837,80.97897503285151,96.4063731931668,0.0,0.0
603293,2026-07-01,446.9776609724047,90.9658344283837,81.96452036793693,96.4063731931668,0.0,0.0
603945,2026-04-01,262.94349540078844,340.9329829172142,338.92904073587385,340.7309461235213,77.78745072273284,29.58333333333318
603945,2026-05-01,262.94349540078844,340.9329829172142,339.9145860709593,340.8012483574241,77.85775295663564,29.61006996501735
603945,2026-06-01,262.94349540078844,340.9329829172142,340.9329829172142,340.9329829172142,77.98948751642575,29.660169915042477
603945,2026-07-01,262.94349540078844,340.9329829172142,341.9185282522996,341.9185282522996,78.97503285151117,30.034982508745628
604791,2026-04-01,47.99605781865966,79.96057818659658,68.98817345597897,78.97273324572934,30.976675427069686,64.54004106776189
604791,2026-05-01,47.99605781865966,79.96057818659658,69.97371879106439,78.63304862023658,30.63699080157692,63.83230663928826
604791,2026-06-01,47.99605781865966,79.96057818659658,70.99211563731932,77.38436268068334,29.38830486202368,61.23066392881594
604791,2026-07-01,47.99605781865966,79.96057818659658,71.97766097240472,78.46419185282527,30.468134034165608,63.480492813141765
604795,2026-04-01,44.97371879106439,84.98685939553219,54.96057818659658,76.96780551905397,31.994086727989576,71.13951789627484
604795,2026-05-01,44.97371879106439,84.98685939553219,55.946123521682,78.61990801576883,33.646189224704436,74.81300219138079
604795,2026-06-01,44.97371879106439,84.98685939553219,56.96452036793692,76.95367936925108,31.979960578186684,71.1081081081083
604795,2026-07-01,44.97371879106439,44.97371879106439,57.95006570302234,57.95006570302234,12.976346911957947,28.853177501826146
604833,2026-04-01,94.9737187910644,107.98291721419184,105.97897503285152,107.89060446780559,12.916885676741188,13.60048426150127
604833,2026-05-01,94.9737187910644,107.98291721419184,106.96452036793691,107.79172141918538,12.81800262812098,13.496368038741007
604833,2026-06-01,94.9737187910644,107.98291721419184,107.98291721419184,108.81504599211574,13.841327201051342,14.573849878934722
604833,2026-07-01,94.9737187910644,119.9737187910644,108.96846254927726,109.16590013140615,14.192181340341747,14.943272224143989
604852,2026-04-01,50.0,50.0,42.96977660972404,48.62056504599211,0.0,0.0
604852,2026-05-01,50.0,50.0,43.95532194480946,50.26708278580814,0.2670827858081424,0.5341655716162848
604852,2026-06-01,50.0,50.0,44.97371879106439,50.51708278580815,0.5170827858081495,1.034165571616299
604852,2026-07-01,50.0,50.0,45.959264126149804,50.07884362680682,0.07884362680682244,0.15768725361364488
604853,2026-04-01,42.01708278580814,88.00919842312746,81.99737187910644,87.51938239159009,45.50229960578194,108.29476153244741
604853,2026-05-01,42.01708278580814,96.97766097240472,82.98291721419184,95.5627463863339,53.54566360052576,127.43784206411293
604853,2026-06-01,42.01708278580814,96.97766097240472,84.00131406044677,95.90308804205006,53.886005256241916,128.2478498827212
604853,2026-07-01,42.01708278580814,96.97766097240472,84.98685939553219,96.16031537450733,54.14323258869919,128.86004691165002
604859,2026-04-01,42.01708278580814,72.99605781865965,68.98817345597897,73.44743758212863,31.430354796320486,74.80375293197777
604859,2026-05-01,42.01708278580814,72.99605781865965,69.97371879106439,73.03055190538748,31.01346911957934,73.81157154026546
604859,2026-06-01,42.01708278580814,72.99605781865965,70.99211563731932,73.20466491458588,31.187582128777734,74.2259577795148
604859,2026-07-01,42.01708278580814,72.99605781865965,71.97766097240472,74.67148488830472,32.654402102496576,77.71696637998404
604863,2026-04-01,25.0,100.9526938239159,98.94875164257556,100.74113009198427,75.74113009198427,302.9645203679371
604863,2026-05-01,25.0,100.9526938239159,99.93429697766096,101.27792378449412,76.27792378449412,305.1116951379765
604863,2026-06-01,25.0,100.9526938239159,100.9526938239159,101.55650459921162,76.55650459921162,306.2260183968465
604863,2026-07-01,25.0,106.96452036793691,101.93823915900133,103.49507227332451,78.49507227332451,313.98028909329804
605155,2026-04-01,47.99605781865966,63.96189224704336,40.9658344283837,60.7283180026282,12.732260183968542,26.52772073921988
605155,2026-05-01,47.99605781865966,63.96189224704336,41.95137976346912,61.67805519053886,13.681997371879206,28.50650239561965
605155,2026-06-01,47.99605781865966,63.96189224704336,42.96977660972404,60.7086070959265,12.712549277266845,26.486652977412923
605155,2026-07-01,47.99605781865966,63.96189224704336,43.95532194480946,59.16984231274643,11.173784494086775,23.28062970568114
605156,2026-04-01,32.98291721419185,52.00394218134034,55.97897503285151,55.97897503285151,22.996057818659658,69.7211155378486
605156,2026-05-01,32.98291721419185,63.00919842312746,56.96452036793692,61.22536136662293,28.242444152431077,85.62749003984084
605156,2026-06-01,32.98291721419185,63.00919842312746,57.98291721419185,62.56767411300927,29.584756898817417,89.69721115537871
605156,2026-07-01,32.98291721419185,63.00919842312746,58.96846254927726,62.716162943495476,29.733245729303626,90.14741035856598
605292,2026-04-01,34.98685939553219,74.01445466491458,68.98817345597897,73.37253613666236,38.38567674113017,109.71455399061057
605292,2026-05-01,34.98685939553219,76.01839684625493,69.97371879106439,73.90571616294356,38.91885676741137,111.23849765258235
605292,2026-06-01,34.98685939553219,76.01839684625493,70.99211563731932,74.90571616294355,39.918856767411356,114.09671361502363
605292,2026-07-01,34.98685939553219,76.01839684625493,71.97766097240472,76.00032851511178,41.01346911957958,117.2253521126763
606013,2026-04-01,22.996057818659654,41.03153745072273,43.98817345597897,45.11498028909334,22.118922470433684,96.1857142857145
606013,2026-05-01,22.996057818659654,41.03153745072273,44.97371879106439,46.215177398160314,23.21911957950066,100.97000000000003
606013,2026-06-01,22.996057818659654,41.03153745072273,45.99211563731932,47.72404730617608,24.727989487516428,107.5314285714286
606013,2026-07-01,22.996057818659654,41.03153745072273,46.97766097240473,47.626149802890914,24.63009198423126,107.10571428571424
606112,2026-04-01,29.00788436268068,54.00788436268069,57.98291721419185,57.98291721419185,28.97503285151117,99.8867497168743
606112,2026-05-01,29.00788436268068,54.00788436268069,58.96846254927726,58.96846254927726,29.96057818659658,103.28425821064553
606112,2026-06-01,29.00788436268068,54.00788436268069,59.98685939553219,59.98685939553219,30.978975032851512,106.79501698754248
606112,2026-07-01,29.00788436268068,54.00788436268069,60.972404730617605,60.972404730617605,31.964520367936924,110.19252548131371
606431,2026-04-01,27.003942181340346,75.0,72.99605781865965,75.17641261498028,48.17247043363993,178.39051094890502
606431,2026-05-01,27.003942181340346,75.0,73.98160315374507,75.24967148488831,48.24572930354796,178.66180048661798
606431,2026-06-01,27.003942181340346,75.0,75.0,75.22897503285151,48.22503285151116,178.58515815085153
606431,2026-07-01,27.003942181340346,75.0,75.9855453350854,75.9855453350854,48.981603153745056,181.3868613138685
606479,2026-04-01,27.003942181340346,68.95532194480946,69.97371879106439,69.97371879106439,42.969776609724036,159.12408759124082
606479,2026-05-01,27.003942181340346,68.95532194480946,70.9592641261498,70.9592641261498,43.955321944809455,162.7737226277372
606479,2026-06-01,27.003942181340346,68.95532194480946,71.97766097240472,75.71944809461246,48.71550591327211,180.40145985401494
606479,2026-07-01,27.003942181340346,84.95400788436268,72.96320630749014,80.16721419185292,53.16327201051257,196.87226277372292
607653,2026-04-01,20.006570302233904,20.006570302233904,41.98423127463863,41.98423127463863,21.977660972404728,109.85221674876846
607653,2026-05-01,20.006570302233904,52.03679369250985,42.96977660972404,50.052562417871215,30.04599211563731,150.1806239737274
607653,2026-06-01,20.006570302233904,52.03679369250985,43.98817345597897,51.04894875164256,31.04237844940866,155.16091954022983
607653,2026-07-01,20.006570302233904,52.03679369250985,44.97371879106439,51.632720105124825,31.62614980289092,158.0788177339901
607701,2026-04-01,29.00788436268068,59.98685939553219,59.00131406044678,60.686268068331195,31.678383705650514,109.20611551528899
607709,2026-04-01,33.01576872536137,131.96452036793693,120.99211563731932,130.06241787122212,97.04664914586075,293.9402985074628
607709,2026-05-01,33.01576872536137,131.96452036793693,121.97766097240472,130.67838370565053,97.66261498028916,295.80597014925394
607709,2026-06-01,33.01576872536137,131.96452036793693,122.99605781865964,131.47568988173464,98.45992115637327,298.2208955223883
607709,2026-07-01,33.01576872536137,131.96452036793693,123.98160315374508,131.14651773981612,98.13074901445475,297.2238805970151
609019,2026-04-01,46.97766097240473,82.98291721419184,84.00131406044677,84.16721419185276,37.18955321944804,79.16433566433555
609019,2026-05-01,46.97766097240473,82.98291721419184,84.98685939553219,84.98685939553219,38.009198423127465,80.90909090909092
609019,2026-06-01,46.97766097240473,82.98291721419184,86.00525624178712,86.00525624178712,39.027595269382395,83.0769230769231
609019,2026-07-01,46.97766097240473,92.01708278580814,86.99080157687253,89.82588699080158,42.84822601839685,91.20979020979021
609424,2026-04-01,35.972404730617605,42.01708278580814,25.0,40.050919842312766,4.078515111695161,11.337899543379061
609424,2026-05-01,35.972404730617605,42.01708278580814,25.98554533508541,41.250985545335105,5.2785808147175,14.673972602739793
609424,2026-06-01,35.972404730617605,42.01708278580814,27.003942181340346,41.30223390275955,5.329829172141949,14.816438356164468
609424,2026-07-01,35.972404730617605,42.01708278580814,27.989487516425758,41.232917214191886,5.260512483574281,14.623744292237548
609736,2026-04-01,36.00525624178712,49.93429697766097,50.9526938239159,50.9526938239159,14.947437582128778,41.51459854014598
609736,2026-05-01,36.00525624178712,49.93429697766097,51.93823915900131,51.93823915900131,15.93298291721419,44.25182481751824
609736,2026-06-01,36.00525624178712,49.93429697766097,52.95663600525624,52.95663600525624,16.95137976346912,47.08029197080292
609736,2026-07-01,36.00525624178712,56.96452036793692,53.942181340341655,55.54993429697759,19.544678055190467,54.28284671532827
609996,2026-04-01,22.996057818659654,38.009198423127465,40.9658344283837,40.9658344283837,17.969776609724047,78.14285714285715
609996,2026-05-01,22.996057818659654,38.009198423127465,41.95137976346912,41.95137976346912,18.955321944809466,82.42857142857146
609996,2026-06-01,22.996057818659654,38.009198423127465,42.96977660972404,42.96977660972404,19.97371879106439,86.85714285714288
609996,2026-07-01,22.996057818659654,38.009198423127465,43.95532194480946,43.95532194480946,20.959264126149808,91.14285714285718
610315,2026-04-01,17.969776609724047,80.97897503285151,78.97503285151117,81.01314060446792,63.04336399474387,350.829981718465
610315,2026-05-01,17.969776609724047,84.00131406044677,79.96057818659658,83.07490144546658,65.10512483574253,362.3034734917738
610315,2026-06-01,17.969776609724047,80.97897503285151,80.97897503285151,81.36235216819982,63.39257555847577,352.7733089579529
610315,2026-07-01,17.969776609724047,80.97897503285151,81.96452036793693,81.96452036793693,63.99474375821288,356.12431444241315
610984,2026-04-01,50.0,77.95663600525624,76.97109067017082,80.9254270696452,30.925427069645195,61.85085413929039
610984,2026-05-01,50.0,79.96057818659658,77.95663600525624,80.79270696452039,30.79270696452039,61.585413929040776
610984,2026-06-01,50.0,79.96057818659658,78.97503285151117,80.45860709592644,30.45860709592644,60.91721419185288
610984,2026-07-01,50.0,81.99737187910644,79.96057818659658,81.4474375821287,31.4474375821287,62.8948751642574
611016,2026-04-01,18.068331143232587,86.00525624178712,85.0197109067017,85.48127463863334,67.41294349540075,373.09999999999985
611017,2026-04-01,23.98160315374507,127.98948751642575,119.9737187910644,127.26971090670179,103.28810775295672,430.69726027397303
611047,2026-04-01,29.993429697766096,35.019710906701704,27.989487516425758,35.80847568988172,5.815045992115621,19.38773274917848
611047,2026-05-01,29.993429697766096,35.019710906701704,28.97503285151117,35.483245729303526,5.48981603153743,18.30339539978087
611047,2026-06-01,29.993429697766096,35.019710906701704,29.993429697766096,35.40440210249669,5.410972404730593,18.040525739320838
611047,2026-07-01,29.993429697766096,35.019710906701704,30.97897503285151,36.01642575558475,6.022996057818652,20.081051478641815
611452,2026-04-01,33.04862023653088,45.039421813403415,37.023653088042046,43.01576872536132,9.96714848883044,30.15904572564598
611452,2026-05-01,33.04862023653088,45.039421813403415,38.009198423127465,43.667542706964504,10.618922470433624,32.131212723658
611452,2026-06-01,33.04862023653088,45.039421813403415,39.02759526938239,43.40111695137975,10.352496714848868,31.32504970178922
611495,2026-04-01,29.927726675427067,27.989487516425758,18.95532194480946,28.70729303547965,0.0,0.0
611495,2026-05-01,29.927726675427067,29.927726675427067,19.940867279894874,29.559789750328505,0.0,0.0
611495,2026-06-01,29.927726675427067,29.927726675427067,20.9592641261498,30.361695137976323,0.4339684625492559,1.4500548847419705
611495,2026-07-01,29.927726675427067,29.927726675427067,21.944809461235216,31.222733245729287,1.2950065703022204,4.327113062568562
611509,2026-04-01,51.93823915900131,51.93823915900131,16.95137976346912,51.939881734559776,0.0016425755584634771,0.0031625553446950182
611509,2026-05-01,51.93823915900131,51.93823915900131,17.936925098554532,51.939881734559776,0.0016425755584634771,0.0031625553446950182
611509,2026-06-01,51.93823915900131,51.93823915900131,18.95532194480946,51.98160315374506,0.043363994743749856,0.08349146110055317
611509,2026-07-01,55.946123521682,55.946123521682,19.940867279894874,57.16918528252299,1.2230617608409915,2.186142102172624
611570,2026-04-01,35.019710906701704,45.99211563731932,41.98423127463863,45.96254927726675,10.942838370565049,31.247654784240165
611570,2026-05-01,35.019710906701704,45.99211563731932,42.96977660972404,45.95072273324574,10.931011826544037,31.21388367729836
611570,2026-06-01,35.019710906701704,45.99211563731932,43.98817345597897,46.37286465177398,11.353153745072277,32.419324577861175
611570,2026-07-01,35.019710906701704,45.99211563731932,44.97371879106439,46.89454664914586,11.874835742444155,33.90900562851783
611586,2026-04-01,62.97634691195795,82.98291721419184,38.96189224704336,82.11399474375813,19.13764783180018,30.388628064684276
611586,2026-05-01,62.97634691195795,82.98291721419184,39.94743758212878,82.15275952693815,19.176412614980208,30.450182576943014
611586,2026-06-01,62.97634691195795,82.98291721419184,40.9658344283837,81.78285151116943,18.80650459921148,29.86280646844014
611586,2026-07-01,62.97634691195795,82.98291721419184,41.95137976346912,81.57227332457283,18.595926412614887,29.528429838288844
611602,2026-04-01,25.0,42.01708278580814,34.00131406044678,42.96879106438901,17.96879106438901,71.87516425755604
611602,2026-05-01,25.0,42.01708278580814,34.98685939553219,42.76149802890937,17.761498028909372,71.04599211563749
611602,2026-06-01,25.0,42.01708278580814,36.00525624178712,43.4214848883049,18.421484888304903,73.68593955321961
611602,2026-07-01,25.0,42.01708278580814,36.990801576872535,44.91655716162947,19.91655716162947,79.66622864651788
611669,2026-04-01,44.97371879106439,56.99737187910644,34.00131406044678,49.86498028909328,4.891261498028889,10.875821767713614
611669,2026-05-01,44.97371879106439,56.99737187910644,34.98685939553219,53.324901445466466,8.351182654402074,18.569028487947342
611669,2026-06-01,44.97371879106439,56.99737187910644,36.00525624178712,55.54533508541391,10.571616294349518,23.506208911614266
611669,2026-07-01,44.97371879106439,56.99737187910644,36.990801576872535,55.456636005256215,10.482917214191822,23.30898466033594
611698,2026-04-01,50.0,50.0,11.00525624178712,50.0003285151117,0.0003285151116969587,0.0006570302233939174
611698,2026-05-01,50.0,50.0,11.990801576872537,50.0003285151117,0.0003285151116969587,0.0006570302233939174
611698,2026-06-01,50.0,50.0,13.009198423127463,49.999342969776606,0.0,0.0
611698,2026-07-01,50.0,50.0,13.994743758212875,49.999342969776606,0.0,0.0
611699,2026-04-01,50.0,50.0,11.00525624178712,50.0003285151117,0.0003285151116969587,0.0006570302233939174
611699,2026-05-01,50.0,50.0,11.990801576872537,50.0003285151117,0.0003285151116969587,0.0006570302233939174
611699,2026-06-01,50.0,50.0,13.009198423127463,50.001971090670175,0.0019710906701746467,0.003942181340349293
611699,2026-07-01,50.0,50.0,13.994743758212875,49.999342969776606,0.0,0.0
611716,2026-04-01,71.97766097240472,71.97766097240472,6.964520367936925,72.05847568988185,0.08081471747712499,0.1122774988591367
611716,2026-05-01,71.97766097240472,71.97766097240472,7.950065703022338,72.0279237844942,0.050262812089485465,0.06983112733929428
611716,2026-06-01,71.97766097240472,71.97766097240472,8.968462549277266,72.0279237844942,0.050262812089485465,0.06983112733929428
611716,2026-07-01,71.97766097240472,71.97766097240472,9.95400788436268,72.01773981603165,0.04007884362692948,0.05568233683266698
611735,2026-04-01,26.971090670170828,47.99605781865966,39.98028909329829,48.00295663600522,21.031865965834395,77.97929354445786
611735,2026-05-01,26.971090670170828,47.99605781865966,40.9658344283837,48.46780551905386,21.496714848883034,79.7028014616321
611735,2026-06-01,26.971090670170828,47.99605781865966,41.98423127463863,48.26412614980284,21.293035479632014,78.94762484774647
611735,2026-07-01,26.971090670170828,47.99605781865966,42.96977660972404,48.45499342969772,21.483902759526895,79.655298416565
611751,2026-04-01,45.99211563731932,45.99211563731932,35.019710906701704,46.081800262812095,0.08968462549277234,0.19499999999999926
611751,2026-05-01,45.99211563731932,45.99211563731932,36.00525624178712,46.191852825229965,0.19973718791064243,0.4342857142857111
611751,2026-06-01,45.99211563731932,45.99211563731932,37.023653088042046,46.35578186596583,0.3636662286465082,0.7907142857142649
611751,2026-07-01,18.00262812089356,18.00262812089356,24.967148488830485,24.967148488830485,6.964520367936924,38.686131386861305
611752,2026-04-01,44.97371879106439,44.97371879106439,34.00131406044678,44.83607095926417,0.0,0.0
611752,2026-05-01,44.97371879106439,44.97371879106439,34.98685939553219,45.07884362680687,0.10512483574247966,0.23374726077436672
611752,2026-07-01,27.92378449408673,27.92378449408673,19.940867279894874,28.026609724047283,0.10282522996055476,0.36823529411756317
611754,2026-04-01,36.00525624178712,36.00525624178712,33.01576872536137,35.80420499342973,0.0,0.0
611754,2026-05-01,36.00525624178712,36.00525624178712,34.00131406044678,35.84559789750331,0.0,0.0
611754,2026-06-01,36.00525624178712,36.00525624178712,35.019710906701704,37.46353482260187,1.4582785808147491,4.0501824817519125
611754,2026-07-01,17.936925098554532,17.936925098554532,17.936925098554532,19.690210249671516,1.7532851511169838,9.774725274725455
611855,2026-04-01,47.99605781865966,47.99605781865966,38.96189224704336,49.74310118265432,1.7470433639946634,3.639972621491961
611855,2026-05-01,47.99605781865966,47.99605781865966,39.94743758212878,48.215505913271954,0.21944809461229653,0.457221081450945
611855,2026-06-01,47.99605781865966,47.99605781865966,40.9658344283837,48.61366622864646,0.6176084099868007,1.2867898699519653
611855,2026-07-01,58.01576872536136,58.01576872536136,34.98685939553219,58.88961892247043,0.8738501971090713,1.5062287655719213
611861,2026-04-01,53.975032851511166,53.975032851511166,39.98028909329829,53.57752956635998,0.0,0.0
611861,2026-05-01,53.975032851511166,53.975032851511166,40.9658344283837,53.63961892247036,0.0,0.0
611861,2026-06-01,53.975032851511166,53.975032851511166,41.98423127463863,53.45565045992108,0.0,0.0
611864,2026-04-01,85.93955321944809,85.93955321944809,38.96189224704336,85.93199737187929,0.0,0.0
611864,2026-05-01,85.93955321944809,85.93955321944809,39.94743758212878,85.93955321944829,1.9895196601282805e-13,2.3150221121676175e-13
611864,2026-06-01,85.93955321944809,85.93955321944809,40.9658344283837,85.93955321944829,1.9895196601282805e-13,2.3150221121676175e-13
611864,2026-07-01,85.93955321944809,85.93955321944809,41.95137976346912,85.93955321944829,1.9895196601282805e-13,2.3150221121676175e-13
611884,2026-04-01,59.98685939553219,59.98685939553219,37.94349540078844,59.94710906701715,0.0,0.0
611884,2026-05-01,59.98685939553219,59.98685939553219,38.92904073587385,59.986859395532264,7.105427357601002e-14,1.1844973097775164e-13
611884,2026-06-01,59.98685939553219,59.98685939553219,39.94743758212878,59.986859395532264,7.105427357601002e-14,1.1844973097775164e-13
611884,2026-07-01,50.0,58.04862023653088,38.99474375821288,55.25558475689884,5.255584756898841,10.511169513797682
611917,2026-04-01,36.00525624178712,57.03022339027595,49.01445466491458,55.8383705650459,19.833114323258776,55.08394160583916
611917,2026-05-01,36.00525624178712,57.03022339027595,50.0,55.88961892247035,19.884362680683225,55.22627737226253
611917,2026-06-01,36.00525624178712,57.03022339027595,51.01839684625492,55.8180026281208,19.81274638633368,55.02737226277347
611917,2026-07-01,36.00525624178712,57.03022339027595,52.00394218134034,56.167214191852715,20.16195795006559,55.997262773722326
611918,2026-04-01,55.97897503285151,55.97897503285151,45.006570302233904,56.768068331143276,0.7890932982917676,1.4096244131456224
611918,2026-05-01,55.97897503285151,55.97897503285151,45.99211563731932,56.45893561103816,0.47996057818664895,0.8573943661972767
611918,2026-06-01,55.97897503285151,55.97897503285151,47.010512483574246,56.33837056504604,0.359395532194533,0.642018779342816
611918,2026-07-01,37.94349540078844,37.94349540078844,29.96057818659658,40.413272010512465,2.469776609724022,6.50909090909084
611927,2026-04-01,73.98160315374507,73.98160315374507,101.97109067017082,101.97109067017082,27.989487516425754,37.83303730017762
611927,2026-05-01,73.98160315374507,73.98160315374507,102.95663600525624,102.95663600525624,28.975032851511173,39.165186500888105
611927,2026-06-01,73.98160315374507,73.98160315374507,103.97503285151116,103.97503285151116,29.99342969776609,40.541740674955584
611927,2026-07-01,73.98160315374507,73.98160315374507,104.96057818659658,104.96057818659658,30.97897503285151,41.87388987566607
611929,2026-04-01,18.035479632063076,18.035479632063076,34.00131406044678,34.00131406044678,15.965834428383705,88.52459016393442
611929,2026-05-01,18.035479632063076,18.035479632063076,34.98685939553219,34.98685939553219,16.951379763469117,93.98907103825135
611929,2026-06-01,18.035479632063076,18.035479632063076,36.00525624178712,36.00525624178712,17.969776609724047,99.63570127504553
611929,2026-07-01,18.035479632063076,18.035479632063076,36.990801576872535,36.990801576872535,18.95532194480946,105.10018214936245
611930,2026-04-01,58.01576872536136,61.03810775295664,31.99737187910644,61.75854139290399,3.7427726675426314,6.451302378255816
611930,2026-05-01,58.01576872536136,63.042049934296976,32.98291721419185,62.689881734559776,4.674113009198415,8.05662514156284
611930,2026-06-01,58.01576872536136,63.042049934296976,34.00131406044678,63.01149802890934,4.995729303547975,8.610985277463215
611930,2026-07-01,58.01576872536136,63.042049934296976,34.98685939553219,62.91984231274639,4.904073587385028,8.453001132502846
611943,2026-04-01,58.96846254927726,59.98685939553219,37.94349540078844,59.79664914586078,0.8281865965835209,1.4044568245126672
611943,2026-05-01,58.96846254927726,59.98685939553219,38.92904073587385,59.816360052562494,0.8478975032852318,1.437883008356683
611943,2026-06-01,58.96846254927726,59.98685939553219,39.94743758212878,59.856110381077606,0.8876478318003436,1.5052924791087723
611943,2026-07-01,25.98554533508541,27.003942181340346,7.950065703022338,21.815045992115646,0.0,0.0
611945,2026-04-01,95.99211563731932,95.99211563731932,47.010512483574246,95.99211563731919,0.0,0.0
611945,2026-05-01,95.99211563731932,95.99211563731932,47.99605781865966,95.93166885676729,0.0,0.0
611945,2026-06-01,95.99211563731932,95.99211563731932,49.01445466491458,96.27036793692496,0.27825229960564,0.28986995208746347
611945,2026-07-01,71.97766097240472,71.97766097240472,25.98554533508541,72.0795006570303,0.10183968462557402,0.14148790506629275
611947,2026-04-01,18.988173455978973,30.97897503285151,28.97503285151117,29.98897503285148,11.000801576872508,57.93501730103792
611948,2026-04-01,18.00262812089356,31.99737187910644,29.993429697766096,31.631077529566383,13.628449408672822,75.70255474452567
611948,2026-05-01,18.00262812089356,31.99737187910644,30.97897503285151,31.189881734559744,13.187253613666183,73.251824817518
611949,2026-04-01,18.00262812089356,30.97897503285151,29.993429697766096,30.99080157687248,12.98817345597892,72.14598540145954
611949,2026-05-01,18.00262812089356,30.97897503285151,30.97897503285151,31.169842312746326,13.167214191852764,73.14051094890476
611949,2026-06-01,18.00262812089356,30.97897503285151,31.99737187910644,31.99737187910644,13.994743758212877,77.73722627737226
611949,2026-07-01,18.00262812089356,34.00131406044678,32.98291721419185,33.07818659658347,15.07555847568991,83.74087591240891
611957,2026-04-01,34.03416557161629,34.03416557161629,23.98160315374507,33.96386333771349,0.0,0.0
611957,2026-05-01,34.03416557161629,34.03416557161629,24.967148488830485,34.1438896189224,0.10972404730610918,0.32239382239362585
611957,2026-06-01,34.03416557161629,34.03416557161629,25.98554533508541,34.168856767411235,0.13469119579494304,0.39575289575270917
611957,2026-07-01,34.03416557161629,34.03416557161629,26.971090670170828,34.37122207621544,0.33705650459914693,0.9903474903473005
611961,2026-04-01,30.02628120893561,30.02628120893561,22.996057818659654,30.430026281208896,0.40374507227328493,1.3446389496716404
611961,2026-05-01,30.02628120893561,30.02628120893561,23.98160315374507,30.138961892247007,0.11268068331139602,0.37527352297580907
611961,2026-06-01,30.02628120893561,30.02628120893561,25.0,30.846254927726637,0.8199737187910259,2.7308533916847733
611961,2026-07-01,30.02628120893561,30.02628120893561,25.98554533508541,30.4090013140604,0.3827201051247897,1.274617067833545
611963,2026-04-01,40.99868593955322,40.99868593955322,23.98160315374507,40.99868593955316,0.0,0.0
611963,2026-05-01,40.99868593955322,40.99868593955322,24.967148488830485,40.99868593955316,0.0,0.0
611963,2026-06-01,40.99868593955322,40.99868593955322,25.98554533508541,41.107752956635956,0.10906701708273658,0.26602564102552095
611963,2026-07-01,40.99868593955322,40.99868593955322,26.971090670170828,40.998028909329776,0.0,0.0
611966,2026-04-01,19.97371879106439,28.97503285151117,28.97503285151117,29.930026281208907,9.956307490144518,49.84703947368406
611966,2026-05-01,19.97371879106439,29.96057818659658,29.96057818659658,30.236859395532214,10.263140604467825,51.38322368421062
611966,2026-06-01,19.97371879106439,29.96057818659658,30.97897503285151,30.97897503285151,11.00525624178712,55.09868421052631
611967,2026-04-01,24.014454664914584,31.964520367936924,30.97897503285151,32.18429697766098,8.169842312746393,34.02051983584135
611967,2026-05-01,24.014454664914584,31.964520367936924,31.964520367936924,32.41294349540081,8.398488830486226,34.97264021887835
611970,2026-04-01,84.92115637319316,84.92115637319316,37.94349540078844,84.86399474375828,0.0,0.0
611970,2026-05-01,84.92115637319316,84.92115637319316,38.92904073587385,84.88534822601846,0.0,0.0
611970,2026-06-01,84.92115637319316,84.92115637319316,39.94743758212878,84.89553219448102,0.0,0.0
611970,2026-07-01,69.97371879106439,69.97371879106439,25.98554533508541,71.26314060446774,1.2894218134033508,1.8427230046947418
611971,2026-04-01,93.98817345597897,93.98817345597897,47.010512483574246,94.16721419185265,0.1790407358736843,0.1904928346730147
611971,2026-05-01,93.98817345597897,93.98817345597897,47.99605781865966,94.08771353482238,0.0995400788434182,0.10590702551533206
611971,2026-06-01,93.98817345597897,93.98817345597897,49.01445466491458,94.06767411300898,0.0795006570300103,0.08458580915741047
611971,2026-07-01,70.9592641261498,70.9592641261498,26.971090670170828,70.97207621550585,0.012812089356046386,0.01805555555546537
611974,2026-04-01,40.01314060446781,52.00394218134034,31.99737187910644,49.12319316688571,9.110052562417906,22.76765188834163
611974,2026-05-01,40.01314060446781,52.00394218134034,32.98291721419185,49.209264126149854,9.196123521682047,22.98275862068978
611974,2026-06-01,40.01314060446781,52.00394218134034,34.00131406044678,47.397831800262836,7.384691195795028,18.455665024630598
611974,2026-07-01,31.99737187910644,43.98817345597897,26.971090670170828,33.00689881734561,1.0095269382391692,3.1550308008213874
611977,2026-04-01,24.014454664914584,24.014454664914584,37.94349540078844,37.94349540078844,13.929040735873858,58.002735978112206
611977,2026-05-01,24.014454664914584,24.014454664914584,38.92904073587385,38.92904073587385,14.914586070959263,62.106703146374834
611977,2026-06-01,24.014454664914584,24.014454664914584,39.94743758212878,39.94743758212878,15.932982917214193,66.34746922024625
611978,2026-04-01,24.014454664914584,24.014454664914584,37.023653088042046,37.023653088042046,13.009198423127462,54.17236662106703
611978,2026-05-01,24.014454664914584,24.014454664914584,38.009198423127465,38.009198423127465,13.99474375821288,58.276333789329705
611978,2026-06-01,24.014454664914584,24.014454664914584,39.02759526938239,39.02759526938239,15.013140604467804,62.51709986320109
611979,2026-04-01,26.018396846254927,36.990801576872535,36.00525624178712,37.379434954007856,11.361038107752929,43.665404040403935
611979,2026-05-01,26.018396846254927,36.990801576872535,36.990801576872535,38.63140604467806,12.613009198423132,48.47727272727275
611979,2026-06-01,26.018396846254927,36.990801576872535,38.009198423127465,42.05617608409987,16.03777923784494,61.64015151515152
612066,2026-05-01,42.96977660972404,42.96977660972404,31.964520367936924,43.199737187910735,0.22996057818669158,0.5351681957188756
612066,2026-06-01,42.96977660972404,42.96977660972404,32.98291721419185,42.930026281209024,0.0,0.0
612066,2026-07-01,42.96977660972404,42.96977660972404,33.96846254927726,42.992115637319394,0.022339027595350558,0.051987767584286776
612068,2026-05-01,26.971090670170828,26.971090670170828,28.97503285151117,33.49737187910641,6.526281208935583,24.197320341047398
612068,2026-06-01,26.971090670170828,26.971090670170828,29.993429697766096,32.18758212877788,5.216491458607056,19.34104750304492
612068,2026-07-01,26.971090670170828,26.971090670170828,30.97897503285151,30.97897503285151,4.007884362680681,14.859926918392198
612072,2026-04-01,48.91590013140604,64.94743758212877,37.94349540078844,62.2703679369252,13.354467805519157,27.300873069174152
612072,2026-05-01,48.91590013140604,64.94743758212877,38.92904073587385,61.62910643889628,12.713206307490239,25.989926124916245
612072,2026-06-01,48.91590013140604,64.94743758212877,39.94743758212878,55.65308804204993,6.73718791064389,13.773002014775019
612072,2026-07-01,35.972404730617605,52.00394218134034,27.989487516425758,46.62943495400791,10.657030223390308,29.6255707762558
612096,2026-04-01,194.9408672798949,194.9408672798949,183.9684625492773,195.76872536136662,0.8278580814717316,0.42467138523760545
612096,2026-05-01,194.9408672798949,194.9408672798949,184.95400788436268,195.4602496714849,0.5193823915899998,0.26643073811930557
612096,2026-06-01,194.9408672798949,194.9408672798949,185.9724047306176,195.369579500657,0.42871222076212234,0.21991911021231889
612096,2026-07-01,194.9408672798949,194.9408672798949,186.95795006570305,195.89553219448095,0.9546649145860613,0.4897202561509893
612128,2026-04-01,23.98160315374507,27.989487516425758,25.0,28.120565045992134,4.138961892247064,17.25890410958913
612128,2026-05-01,23.98160315374507,27.989487516425758,25.98554533508541,28.76182654402105,4.780223390275982,19.93287671232889
612128,2026-06-01,23.98160315374507,27.989487516425758,27.003942181340346,28.94349540078847,4.9618922470434015,20.690410958904266
612128,2026-07-01,23.98160315374507,30.02628120893561,27.989487516425758,30.218791064388956,6.237187910643886,26.008219178082182
612132,2026-04-01,17.969776609724047,30.97897503285151,25.952693823915897,30.31208935611033,12.342312746386284,68.68372943327212
612132,2026-05-01,17.969776609724047,30.97897503285151,26.938239159001316,30.124835742444123,12.155059132720076,67.64168190127955
612132,2026-06-01,17.969776609724047,30.97897503285151,27.95663600525624,30.42132063074899,12.451544021024944,69.29159049360133
612132,2026-07-01,17.969776609724047,36.92509855453351,28.94218134034165,34.25772010512485,16.2879434954008,90.64076782449733
612133,2026-04-01,24.014454664914584,36.00525624178712,27.989487516425758,35.91360052562422,11.899145860709634,49.54993160054737
612133,2026-05-01,24.014454664914584,36.00525624178712,28.97503285151117,35.94349540078848,11.929040735873894,49.67441860465135
612133,2026-06-01,24.014454664914584,36.00525624178712,29.993429697766096,36.21287779237849,12.198423127463908,50.79616963064314
612133,2026-07-01,24.014454664914584,39.98028909329829,30.97897503285151,38.826215505913304,14.81176084099872,61.67852257181957
612134,2026-04-01,24.014454664914584,36.00525624178712,27.989487516425758,35.823915900131446,11.809461235216862,49.176470588235475
612134,2026-05-01,24.014454664914584,36.00525624178712,28.97503285151117,35.31143232588701,11.296977660972427,47.04240766073881
612134,2026-06-01,24.014454664914584,36.00525624178712,29.993429697766096,35.721747700394246,11.707293035479662,48.75102599179219
612134,2026-07-01,24.014454664914584,39.98028909329829,30.97897503285151,34.8449408672799,10.830486202365318,45.09986320109443
612138,2026-04-01,24.014454664914584,27.95663600525624,25.952693823915897,28.299605781866,4.285151116951415,17.84404924760617
612138,2026-05-01,24.014454664914584,29.96057818659658,26.938239159001316,29.953679369251013,5.939224704336429,24.731874145006962
612138,2026-06-01,24.014454664914584,29.96057818659658,27.95663600525624,29.52102496714852,5.506570302233936,22.930232558139675
612138,2026-07-01,24.014454664914584,29.96057818659658,28.94218134034165,30.56898817345601,6.554533508541425,27.294117647058957
612139,2026-04-01,24.014454664914584,36.00525624178712,27.989487516425758,36.284165571616334,12.26971090670175,51.09302325581413
612139,2026-05-01,24.014454664914584,36.00525624178712,28.97503285151117,36.25065703022344,12.236202365308852,50.953488372093226
612139,2026-06-01,24.014454664914584,36.00525624178712,29.993429697766096,36.32095926412619,12.306504599211603,51.246238030095924
612139,2026-07-01,24.014454664914584,36.00525624178712,30.97897503285151,36.901445466491495,12.88699080157691,53.66347469220263
612140,2026-04-01,24.014454664914584,33.01576872536137,27.989487516425758,32.33377135348224,8.319316688567657,34.64295485636108
612140,2026-05-01,24.014454664914584,33.01576872536137,28.97503285151117,32.89698861147612,8.882533946561534,36.988280893752815
612140,2026-06-01,24.014454664914584,33.01576872536137,29.993429697766096,32.97109067017082,8.956636005256232,37.29685362517096
612140,2026-07-01,24.014454664914584,33.01576872536137,30.97897503285151,32.64356110381076,8.629106438896176,35.93296853625166
612142,2026-04-01,71.05781865965834,71.05781865965834,25.0,72.58935611038095,1.5315374507226096,2.155339805825069
612142,2026-05-01,71.05781865965834,72.99605781865965,25.98554533508541,72.66031537450708,1.6024967148487406,2.255201109569841
612142,2026-06-01,71.05781865965834,72.99605781865965,27.003942181340346,72.65078843626792,1.5929697766095785,2.241793804900396
612142,2026-07-01,71.05781865965834,72.99605781865965,27.989487516425758,72.60906701708265,1.5512483574243134,2.1830790568652847
612167,2026-04-01,30.02628120893561,34.98685939553219,36.00525624178712,36.00525624178712,5.978975032851512,19.91247264770241
612167,2026-05-01,30.02628120893561,38.009198423127465,36.990801576872535,37.81964520367939,7.793363994743782,25.955142231947566
612167,2026-06-01,30.02628120893561,38.009198423127465,38.009198423127465,38.796649145860755,8.770367936925144,29.208971553610652
612167,2026-07-01,30.02628120893561,40.01314060446781,38.99474375821288,40.81636005256245,10.79007884362684,35.93544857768064
612183,2026-04-01,22.963206307490143,22.963206307490143,11.990801576872537,23.6054533508541,0.6422470433639553,2.7968526466378827
612183,2026-05-01,22.963206307490143,22.963206307490143,12.976346911957949,23.604796320630708,0.641590013140565,2.793991416308841
612183,2026-06-01,22.963206307490143,22.963206307490143,13.994743758212875,23.927069645203638,0.9638633377134944,4.197424892703687
612183,2026-07-01,22.963206307490143,22.963206307490143,14.98028909329829,24.135348226018355,1.1721419185282116,5.104434907009837
612186,2026-04-01,34.98685939553219,48.98160315374507,36.00525624178712,46.76051248357427,11.773653088042074,33.651643192488336
612186,2026-05-01,34.98685939553219,48.98160315374507,36.990801576872535,46.936596583442864,11.94973718791067,34.15492957746486
612186,2026-06-01,34.98685939553219,48.98160315374507,38.009198423127465,45.379106438896216,10.392247043364023,29.703286384976607
612186,2026-07-01,34.98685939553219,48.98160315374507,38.99474375821288,49.34296977660974,14.35611038107755,41.03286384976531
612188,2026-04-01,30.05913272010512,41.03153745072273,37.023653088042046,42.00591327201048,11.946780551905363,39.744262295081896
612194,2026-04-01,23.98160315374507,28.02233902759527,20.99211563731932,27.60282522996056,3.6212220762154885,15.09999999999993
612194,2026-05-01,23.98160315374507,28.02233902759527,21.97766097240473,28.09494086727987,4.113337713534801,17.152054794520456
612194,2026-06-01,23.98160315374507,28.02233902759527,22.996057818659654,28.477989487516403,4.4963863337713335,18.74931506849307
612194,2026-07-01,23.98160315374507,28.02233902759527,23.98160315374507,28.766425755584724,4.784822601839654,19.95205479452042
612201,2026-04-01,41.98423127463863,55.97897503285151,53.975032851511166,55.40440210249674,13.420170827858108,31.96478873239443
612211,2026-04-01,24.014454664914584,37.023653088042046,29.993429697766096,36.83738501971088,12.822930354796295,53.39671682626529
612211,2026-05-01,24.014454664914584,37.023653088042046,30.97897503285151,37.32588699080156,13.311432325886972,55.43091655266751
612211,2026-06-01,24.014454664914584,37.023653088042046,31.99737187910644,37.5992115637319,13.584756898817314,56.56908344733229
612211,2026-07-01,24.014454664914584,37.023653088042046,32.98291721419185,39.06833114323257,15.053876478317985,62.68673050615588
612213,2026-04-01,36.00525624178712,49.01445466491458,43.98817345597897,49.909986859395474,13.904730617608351,38.618613138685966
612213,2026-05-01,36.00525624178712,49.01445466491458,44.97371879106439,49.368922470433574,13.363666228646451,37.115875912408576
612213,2026-06-01,36.00525624178712,49.01445466491458,45.99211563731932,49.45105124835735,13.44579500657023,37.34397810218958
612213,2026-07-01,36.00525624178712,49.01445466491458,46.97766097240473,49.949080157687185,13.943823915900062,38.72718978102171
612259,2026-04-01,34.00131406044678,50.9526938239159,51.97109067017082,52.76971090670176,18.76839684625498,55.19903381642527
612259,2026-05-01,34.00131406044678,54.96057818659658,52.95663600525624,54.982917214191886,20.981603153745105,61.70821256038656
612259,2026-06-01,34.00131406044678,54.96057818659658,53.975032851511166,55.69185282522999,21.690538764783206,63.79323671497592
612259,2026-07-01,34.00131406044678,54.96057818659658,54.96057818659658,55.801905387647864,21.800591327201083,64.11690821256047
612513,2026-04-01,27.92378449408673,27.92378449408673,13.92904073587385,28.01938239158999,0.09559789750326075,0.3423529411763832
612513,2026-05-01,27.92378449408673,27.92378449408673,14.914586070959263,27.95400788436266,0.030223390275931905,0.10823529411757261
612513,2026-06-01,27.92378449408673,27.92378449408673,15.932982917214192,27.95400788436266,0.030223390275931905,0.10823529411757261
612513,2026-07-01,27.92378449408673,27.92378449408673,16.918528252299605,27.95400788436266,0.030223390275931905,0.10823529411757261
612745,2026-04-01,27.003942181340346,30.946123521682,17.969776609724047,30.226675427069594,3.2227332457292484,11.934306569342858
612745,2026-05-01,27.003942181340346,30.946123521682,18.95532194480946,30.429697766097178,3.425755584756832,12.686131386861064
612745,2026-06-01,27.003942181340346,30.946123521682,19.97371879106439,30.748357424441465,3.7444152431011197,13.866180048661567
612745,2026-07-01,27.003942181340346,30.946123521682,20.9592641261498,30.60019710906697,3.5962549277266227,13.317518248174986
612748,2026-04-01,23.061760840998684,23.061760840998684,13.009198423127463,29.330814717477015,6.269053876478331,27.183760683760745
612748,2026-05-01,23.061760840998684,23.061760840998684,13.994743758212875,24.880749014454672,1.8189881734559883,7.887464387464428
612748,2026-06-01,23.061760840998684,23.061760840998684,15.013140604467806,23.894218134034173,0.832457293035489,3.6096866096866504
612748,2026-07-01,23.061760840998684,23.061760840998684,15.99868593955322,24.107752956636013,1.045992115637329,4.535612535612579
612781,2026-04-01,38.99474375821288,47.99605781865966,30.97897503285151,46.35545335085411,7.360709592641236,18.876158382476767
612781,2026-05-01,38.99474375821288,47.99605781865966,31.964520367936924,46.00558475689879,7.010840998685914,17.978938500421165
612781,2026-06-01,38.99474375821288,47.99605781865966,32.98291721419185,46.93561103810771,7.940867279894832,20.363942712721034
612781,2026-07-01,47.99605781865966,47.99605781865966,33.96846254927726,57.97930354796322,9.983245729303562,20.800136892539385
612786,2026-04-01,24.014454664914584,29.96057818659658,26.971090670170828,31.257227332457322,7.242772667542738,30.160054719562375
612786,2026-05-01,24.014454664914584,29.96057818659658,27.95663600525624,31.582457293035503,7.568002628120919,31.514363885089026
612786,2026-06-01,24.014454664914584,29.96057818659658,28.97503285151117,34.54336399474378,10.528909329829194,43.844049247606115
612786,2026-07-01,24.014454664914584,31.99737187910644,29.96057818659658,32.136005256241795,8.12155059132721,33.81942544459648
612787,2026-04-01,24.014454664914584,28.97503285151117,26.971090670170828,30.605453350854095,6.59099868593951,27.445964432284363
612787,2026-05-01,24.014454664914584,28.97503285151117,27.95663600525624,29.401335961454183,5.386881296539599,22.431828545371463
612787,2026-06-01,24.014454664914584,28.97503285151117,28.97503285151117,32.45252956636005,8.438074901445464,35.13748290013679
612787,2026-07-01,24.014454664914584,31.99737187910644,29.96057818659658,32.32698751642578,8.312532851511197,34.61470588235306
612788,2026-04-01,24.014454664914584,27.95663600525624,25.952693823915897,28.27003942181343,4.255584756898845,17.720930232558256
612788,2026-05-01,24.014454664914584,27.95663600525624,26.938239159001316,28.483574244415266,4.469119579500681,18.61012311901515
612788,2026-06-01,24.014454664914584,27.95663600525624,27.95663600525624,28.19021024967151,4.175755584756924,17.38850889192897
612788,2026-07-01,24.014454664914584,29.96057818659658,28.94218134034165,30.36498028909333,6.350525624178747,26.4445964432286
612789,2026-04-01,18.988173455978973,33.96846254927726,25.952693823915897,33.698094612352186,14.709921156373213,77.46885813148799
612789,2026-05-01,18.988173455978973,33.96846254927726,26.938239159001316,33.82490144546652,14.83672798948755,78.13667820069222
612789,2026-06-01,18.988173455978973,33.96846254927726,27.95663600525624,33.801905387647864,14.81373193166889,78.01557093425625
612789,2026-07-01,18.988173455978973,33.96846254927726,28.94218134034165,33.844612352168234,14.85643889618926,78.24048442906594
612790,2026-04-01,25.03285151116951,35.019710906701704,29.993429697766096,32.816688567674106,7.783837056504595,31.094488188976367
612790,2026-05-01,25.03285151116951,35.019710906701704,30.97897503285151,34.201708278580796,9.168856767411285,36.62729658792645
612790,2026-06-01,25.03285151116951,35.019710906701704,31.99737187910644,34.68363994743757,9.650788436268058,38.55249343832018
612790,2026-07-01,25.03285151116951,35.019710906701704,32.98291721419185,35.29500657030223,10.262155059132716,40.994750656167966
612791,2026-04-01,22.01051248357424,31.99737187910644,27.989487516425758,33.92706964520371,11.91655716162947,54.14029850746286
612791,2026-05-01,22.01051248357424,31.99737187910644,28.97503285151117,32.95367936925102,10.943166885676781,49.71791044776139
612791,2026-06-01,22.01051248357424,31.99737187910644,29.993429697766096,34.17049934296979,12.159986859395552,55.24626865671652
612791,2026-07-01,22.01051248357424,31.99737187910644,30.97897503285151,33.1028252299606,11.092312746386362,50.395522388059845
612793,2026-04-01,29.993429697766096,41.98423127463863,27.989487516425758,41.183968462549295,11.190538764783199,37.3099671412925
612793,2026-05-01,29.993429697766096,41.98423127463863,28.97503285151117,41.323915900131425,11.330486202365329,37.776560788609046
612793,2026-06-01,29.993429697766096,41.98423127463863,29.993429697766096,41.55519053876481,11.561760840998716,38.54764512595848
612793,2026-07-01,29.993429697766096,41.98423127463863,30.97897503285151,41.46616294349542,11.472733245729323,38.25082146768901
612815,2026-04-01,33.96846254927726,33.96846254927726,22.996057818659654,34.06077529566364,0.09231274638637643,0.2717601547390038
612815,2026-05-01,33.96846254927726,33.96846254927726,23.98160315374507,34.18331143232592,0.2148488830486599,0.632495164410175
612815,2026-06-01,33.96846254927726,33.96846254927726,25.0,34.38666228646522,0.41819973718795467,1.2311411992264354
612815,2026-07-01,47.99605781865966,47.99605781865966,40.01314060446781,49.30420499342963,1.3081471747699709,2.725530458589864
612816,2026-04-01,74.96714848883049,74.96714848883049,27.989487516425758,74.97010512483567,0.0029566360051802576,0.003943908851782955
612816,2026-05-01,74.96714848883049,74.96714848883049,28.97503285151117,74.96846254927719,0.0013140604467025696,0.0017528483785112278
612816,2026-06-01,74.96714848883049,74.96714848883049,29.993429697766096,74.96747700394211,0.000328515111618799,0.0004382120945519825
612816,2026-07-01,74.96714848883049,74.96714848883049,30.97897503285151,74.96747700394211,0.000328515111618799,0.0004382120945519825
612819,2026-04-01,18.068331143232587,33.04862023653088,37.023653088042046,37.023653088042046,18.95532194480946,104.9090909090909
612827,2026-04-01,34.98685939553219,34.98685939553219,22.996057818659654,34.985545335085384,0.0,0.0
612827,2026-05-01,34.98685939553219,34.98685939553219,23.98160315374507,34.98620236530877,0.0,0.0
612827,2026-06-01,34.98685939553219,34.98685939553219,25.0,35.146517739816005,0.15965834428381243,0.4563380281689437
612827,2026-07-01,33.96846254927726,33.96846254927726,24.967148488830485,34.07358738501974,0.10512483574247966,0.3094777562863715
612834,2026-04-01,32.03022339027595,32.03022339027595,36.00525624178712,36.00525624178712,3.9750328515111732,12.410256410256423
612834,2026-05-01,32.03022339027595,32.03022339027595,36.990801576872535,36.990801576872535,4.960578186596585,15.487179487179494
612834,2026-06-01,32.03022339027595,32.03022339027595,38.009198423127465,40.61103810775296,8.580814717477011,26.789743589743615
612834,2026-07-01,22.996057818659654,22.996057818659654,29.96057818659658,29.96057818659658,6.964520367936927,30.2857142857143
612845,2026-04-01,29.96057818659658,29.96057818659658,2.9566360052562417,30.17575558475693,0.21517739816034975,0.7182017543860797
612845,2026-05-01,29.96057818659658,29.96057818659658,3.942181340341656,30.664257555847602,0.7036793692510201,2.3486842105264314
612845,2026-06-01,29.96057818659658,29.96057818659658,4.960578186596584,31.064717477003974,1.1041392904073923,3.685307017543972
612845,2026-07-01,18.95532194480946,18.95532194480946,5.946123521681997,18.805847568988145,0.0,0.0
612851,2026-04-01,34.00131406044678,38.009198423127465,40.9658344283837,40.9658344283837,6.96452036793692,20.4830917874396
612851,2026-05-01,34.00131406044678,38.009198423127465,41.95137976346912,41.95137976346912,7.950065703022339,23.381642512077295
612851,2026-06-01,34.00131406044678,38.009198423127465,42.96977660972404,42.96977660972404,8.968462549277262,26.376811594202888
612851,2026-07-01,34.00131406044678,38.009198423127465,43.95532194480946,43.95532194480946,9.954007884362682,29.275362318840582
612853,2026-04-01,36.00525624178712,36.00525624178712,33.01576872536137,39.01576872536138,3.01051248357426,8.361313868613182
612853,2026-05-01,36.00525624178712,36.00525624178712,34.00131406044678,36.035808147174805,0.030551905387682154,0.08485401459863547
612853,2026-06-01,36.00525624178712,36.00525624178712,35.019710906701704,36.52660972404735,0.5213534822602242,1.4479927007300386
612853,2026-07-01,36.00525624178712,36.00525624178712,36.00525624178712,36.585085413929065,0.5798291721419417,1.610401459854079
612855,2026-04-01,23.98160315374507,25.0,22.996057818659654,29.724375821287786,5.742772667542717,23.946575342465795
612855,2026-05-01,23.98160315374507,25.0,23.98160315374507,26.944809461235216,2.9632063074901467,12.356164383561655
612855,2026-06-01,23.98160315374507,25.0,25.0,26.13764783180026,2.1560446780551885,8.990410958904102
612855,2026-07-01,23.98160315374507,28.02233902759527,25.98554533508541,29.295663600525597,5.314060446780527,22.15890410958894
612876,2026-04-01,186.00525624178712,92.96977660972404,141.98423127463863,141.98423127463863,0.0,0.0
612876,2026-05-01,186.00525624178712,92.96977660972404,142.96977660972405,142.96977660972405,0.0,0.0
612876,2026-06-01,186.00525624178712,92.96977660972404,143.98817345597897,143.98817345597897,0.0,0.0
612876,2026-07-01,186.00525624178712,92.96977660972404,144.9737187910644,144.9737187910644,0.0,0.0
612877,2026-04-01,137.02365308804204,153.97503285151117,152.98948751642575,154.79566360052556,17.77201051248352,12.970031167585672
612877,2026-05-01,137.02365308804204,153.97503285151117,153.97503285151117,155.4940867279894,18.470433639947373,13.479741069287895
612877,2026-06-01,137.02365308804204,153.97503285151117,154.9934296977661,156.04434954007877,19.02069645203673,13.881323423639369
612877,2026-07-01,137.02365308804204,153.97503285151117,155.9789750328515,156.8045335085413,19.780880420499273,14.436106449292685
612878,2026-04-01,58.96846254927726,58.96846254927726,0.0,59.168856767411356,0.2003942181340932,0.33983286908088006
612878,2026-05-01,58.96846254927726,58.96846254927726,0.0,59.168856767411356,0.2003942181340932,0.33983286908088006
612878,2026-06-01,58.96846254927726,58.96846254927726,0.0,59.16819973718796,0.19973718791069928,0.33871866295274017
612878,2026-07-01,58.96846254927726,58.96846254927726,0.985545335085414,59.25689881734566,0.28843626806839495,0.48913649025080463
612883,2026-04-01,47.04336399474376,33.01576872536137,25.0,33.96353482260182,0.0,0.0
612883,2026-05-01,47.04336399474376,33.01576872536137,25.98554533508541,33.98324572930353,0.0,0.0
612883,2026-06-01,47.04336399474376,33.01576872536137,27.003942181340346,33.77431011826542,0.0,0.0
612883,2026-07-01,47.04336399474376,33.01576872536137,27.989487516425758,34.324244415243086,0.0,0.0
612885,2026-04-01,89.94743758212877,144.9737187910644,138.96189224704335,143.64651773981623,53.69908015768746,59.700511322133174
612885,2026-05-01,89.94743758212877,144.9737187910644,139.94743758212877,144.8754927726678,54.92805519053903,61.06683710737795
612885,2026-06-01,89.94743758212877,144.9737187910644,140.9658344283837,145.33639947437604,55.388961892247266,61.57925493060653
612885,2026-07-01,89.94743758212877,144.9737187910644,141.9513797634691,145.3541392904076,55.40670170827883,61.5989773557344
612894,2026-04-01,27.036793692509853,42.96977660972404,43.98817345597897,44.452365308804275,17.41557161629442,64.41433778857865
612894,2026-05-01,27.036793692509853,42.96977660972404,44.97371879106439,44.97371879106439,17.93692509855454,66.34264884568654
612894,2026-06-01,27.036793692509853,42.96977660972404,45.99211563731932,45.99211563731932,18.95532194480947,70.10935601458084
612894,2026-07-01,27.036793692509853,42.96977660972404,46.97766097240473,46.97766097240473,19.940867279894874,73.75455650060753
612898,2026-04-01,161.00525624178712,137.02365308804204,156.99737187910642,156.99737187910642,0.0,0.0
612898,2026-05-01,161.00525624178712,137.02365308804204,157.98291721419184,157.98291721419184,0.0,0.0
612898,2026-06-01,161.00525624178712,137.02365308804204,159.0013140604468,159.0013140604468,0.0,0.0
612898,2026-07-01,161.00525624178712,137.02365308804204,159.98685939553218,159.98685939553218,0.0,0.0
612916,2026-04-01,48.91590013140604,60.906701708278575,61.92509855453351,61.92509855453351,13.009198423127472,26.595030221625272
612916,2026-05-01,48.91590013140604,60.906701708278575,62.91064388961892,62.91064388961892,13.994743758212877,28.609805238415042
612916,2026-06-01,48.91590013140604,60.906701708278575,63.92904073587385,63.92904073587385,15.013140604467807,30.69173942243117
612916,2026-07-01,48.91590013140604,60.906701708278575,64.91458607095926,64.91458607095926,15.99868593955322,32.70651443922096
613002,2026-04-01,40.9658344283837,40.9658344283837,41.98423127463863,41.98423127463863,1.0183968462549302,2.4859663191660046
613002,2026-05-01,40.9658344283837,40.9658344283837,42.96977660972404,42.96977660972404,2.003942181340342,4.8917401764234185
613002,2026-06-01,40.9658344283837,40.9658344283837,43.98817345597897,43.98817345597897,3.0223390275952724,7.377706495589423
613002,2026-07-01,40.9658344283837,40.9658344283837,44.97371879106439,44.97371879106439,4.0078843626806915,9.783480352846853
613008,2026-04-01,41.98423127463863,41.98423127463863,27.989487516425758,42.15341655716165,0.16918528252301712,0.4029733959311926
613008,2026-05-01,41.98423127463863,41.98423127463863,28.97503285151117,42.053876478318024,0.06964520367939286,0.16588419405326438
613008,2026-06-01,41.98423127463863,41.98423127463863,29.993429697766096,41.98357424441526,0.0,0.0
613008,2026-07-01,41.98423127463863,41.98423127463863,30.97897503285151,41.98291721419187,0.0,0.0
613013,2026-04-01,131.99737187910642,131.99737187910642,135.9724047306176,135.9724047306176,3.9750328515111732,3.01144848183176
613013,2026-05-01,131.99737187910642,131.99737187910642,136.95795006570302,136.95795006570302,4.960578186596592,3.7580886012941837
613013,2026-06-01,131.99737187910642,131.99737187910642,137.97634691195793,137.97634691195793,5.978975032851508,4.529616724738674
613013,2026-07-01,131.99737187910642,131.99737187910642,138.96189224704335,138.96189224704335,6.964520367936927,5.2762568442010975
613015,2026-04-01,43.98817345597897,43.98817345597897,33.01576872536137,44.29796320630748,0.3097897503285054,0.7042569081403813
613015,2026-05-01,43.98817345597897,43.98817345597897,34.00131406044678,44.42871222076214,0.4405387647831631,1.0014936519790505
613015,2026-06-01,43.98817345597897,43.98817345597897,35.019710906701704,44.987516425755565,0.9993429697765919,2.2718446601941342
613015,2026-07-01,43.98817345597897,43.98817345597897,36.00525624178712,45.70959264126147,1.7214191852824996,3.913368185212792
613785,2026-04-01,54.00788436268069,54.00788436268069,21.97766097240473,54.003285151116934,0.0,0.0
613785,2026-05-01,54.00788436268069,54.00788436268069,22.963206307490143,54.00525624178711,0.0,0.0
613785,2026-06-01,54.00788436268069,54.00788436268069,23.98160315374507,54.00525624178711,0.0,0.0
613786,2026-04-01,51.97109067017082,51.97109067017082,28.97503285151117,51.97010512483576,0.0,0.0
613786,2026-05-01,51.97109067017082,51.97109067017082,29.96057818659658,51.97010512483576,0.0,0.0
613786,2026-06-01,51.97109067017082,51.97109067017082,30.97897503285151,52.000985545335105,0.029894875164288237,0.05752212389386436
613787,2026-04-01,66.98423127463863,66.98423127463863,28.97503285151117,67.04402102496717,0.05978975032853384,0.08925944090243111
613787,2026-05-01,66.98423127463863,66.98423127463863,29.96057818659658,67.00394218134036,0.019710906701732256,0.029426189308520347
613787,2026-06-01,66.98423127463863,66.98423127463863,30.97897503285151,67.01412614980292,0.029894875164288237,0.04462972045124738
613787,2026-07-01,66.98423127463863,66.98423127463863,31.964520367936924,67.11465177398162,0.13042049934298916,0.19470328592450173
613793,2026-04-01,70.9592641261498,94.9737187910644,71.97766097240472,93.1205650459921,22.16130091984229,31.23101851851849
613793,2026-05-01,70.9592641261498,94.9737187910644,72.96320630749014,93.65078843626804,22.69152431011824,31.978240740740706
613793,2026-06-01,70.9592641261498,94.9737187910644,73.98160315374507,94.49802890932985,23.538764783180042,33.17222222222224
613793,2026-07-01,70.9592641261498,94.9737187910644,74.96714848883049,94.65834428383707,23.699080157687263,33.39814814814816
613794,2026-04-01,61.95795006570302,61.95795006570302,38.96189224704336,69.559132720105,7.601182654401981,12.268292682926635
613794,2026-05-01,61.95795006570302,61.95795006570302,39.94743758212878,69.93856767411287,7.980617608409858,12.880699893955255
613794,2026-06-01,61.95795006570302,61.95795006570302,40.9658344283837,63.779237844940724,1.8212877792377071,2.9395546129372114
613794,2026-07-01,61.95795006570302,61.95795006570302,41.95137976346912,63.75952693823902,1.8015768725360033,2.9077412513253416
613798,2026-04-01,132.91721419185282,132.91721419185282,133.93561103810774,135.1550591327202,2.237844940867376,1.6836381611468838
613798,2026-05-01,132.91721419185282,132.91721419185282,134.92115637319316,134.92115637319316,2.003942181340335,1.5076618882847206
613798,2026-06-01,132.91721419185282,132.91721419185282,135.9395532194481,136.417214191853,3.5000000000001705,2.6332179930797133
613798,2026-07-01,132.91721419185282,132.91721419185282,136.9250985545335,136.9250985545335,4.00788436268067,3.015323776569441
613799,2026-04-01,127.98948751642575,127.98948751642575,129.00788436268067,129.00788436268067,1.018396846254916,0.7956878850102578
613799,2026-05-01,127.98948751642575,127.98948751642575,129.9934296977661,129.9934296977661,2.003942181340335,1.5657084188911652
613799,2026-06-01,127.98948751642575,127.98948751642575,131.01182654402103,131.01182654402103,3.0223390275952795,2.3613963039014454
613799,2026-07-01,127.98948751642575,127.98948751642575,131.99737187910642,132.31997371879118,4.330486202365421,3.383470225872778
613800,2026-04-01,103.97503285151116,127.95663600525624,116.98423127463865,123.36727989487494,19.39224704336378,18.650868878356828
613800,2026-05-01,103.97503285151116,127.95663600525624,117.96977660972404,126.2670827858079,22.29204993429674,21.43981042654006
613800,2026-06-01,103.97503285151116,127.95663600525624,118.98817345597897,126.73883048620213,22.763797634690974,21.893522906792835
613800,2026-07-01,103.97503285151116,127.95663600525624,119.9737187910644,126.71911957950041,22.744086727989256,21.874565560821264
613801,2026-04-01,93.98817345597897,118.00262812089356,95.0065703022339,116.45039421813419,22.462220762155226,23.898986368402834
613801,2026-05-01,93.98817345597897,118.00262812089356,95.99211563731932,116.19119579500672,22.203022339027754,23.62320866829797
613801,2026-06-01,93.98817345597897,118.00262812089356,97.01051248357425,116.12122207621566,22.133048620236693,23.54875917511377
613801,2026-07-01,93.98817345597897,118.00262812089356,97.99605781865964,116.56143232588717,22.5732588699082,24.01712687871394
613802,2026-04-01,134.95400788436268,158.96846254927726,135.9724047306176,156.6297634691196,21.675755584756928,16.061587147030206
613802,2026-05-01,134.95400788436268,158.96846254927726,136.95795006570302,157.10939553219453,22.155387647831844,16.416991236611523
613802,2026-06-01,134.95400788436268,158.96846254927726,137.97634691195793,158.20137976346913,23.247371879106453,17.22614410905551
613802,2026-07-01,134.95400788436268,158.96846254927726,138.96189224704335,158.76248357424438,23.808475689881703,17.64191820837388
613803,2026-04-01,61.95795006570302,61.95795006570302,26.971090670170828,62.0180683311431,0.060118265440081586,0.09703075291601716
613803,2026-05-01,61.95795006570302,61.95795006570302,27.95663600525624,61.95860709592626,0.0006570302232447034,0.0010604453868276124
613803,2026-06-01,61.95795006570302,61.95795006570302,28.97503285151117,61.958278580814564,0.0003285151115477447,0.0005302226932933908
613803,2026-07-01,61.95795006570302,61.95795006570302,29.96057818659658,61.958278580814564,0.0003285151115477447,0.0005302226932933908
613804,2026-04-01,62.94349540078844,62.94349540078844,51.97109067017082,62.99507227332453,0.05157687253608856,0.08194154488510101
613804,2026-05-01,62.94349540078844,62.94349540078844,52.95663600525624,62.98488830486198,0.04139290407353968,0.06576200417528956
613804,2026-06-01,62.94349540078844,62.94349540078844,53.975032851511166,62.944480946123484,0.000985545335041138,0.001565762004105023
613804,2026-07-01,62.94349540078844,62.94349540078844,54.96057818659658,62.465834428383666,0.0,0.0
613808,2026-04-01,37.94349540078844,189.9474375821288,181.9316688567674,186.98160315374514,149.0381077529567,392.7896103896105
613808,2026-05-01,37.94349540078844,189.9474375821288,182.9172141918528,189.28120893561106,151.33771353482263,398.8502164502164
613808,2026-06-01,37.94349540078844,189.9474375821288,183.9356110381077,189.77365308804204,151.8301576872536,400.14805194805183
613808,2026-07-01,37.94349540078844,189.9474375821288,184.9211563731932,190.87582128777925,152.9323258869908,403.05281385281376
615183,2026-04-01,44.97371879106439,68.95532194480946,57.98291721419185,67.1727989487517,22.199080157687312,49.36011687363052
615183,2026-05-01,44.97371879106439,68.95532194480946,58.96846254927726,67.26741130091989,22.293692509855497,49.57048940832734
615183,2026-06-01,44.97371879106439,68.95532194480946,59.98685939553219,67.68265440210253,22.708935611038136,50.49379108838574
615183,2026-07-01,44.97371879106439,68.95532194480946,60.972404730617605,67.95926412614985,22.985545335085455,51.10883856829811
615184,2026-04-01,73.94875164257556,73.94875164257556,50.9526938239159,73.49342969776599,0.0,0.0
615184,2026-05-01,73.94875164257556,73.94875164257556,51.93823915900131,73.61169513797623,0.0,0.0
615184,2026-06-01,73.94875164257556,73.94875164257556,52.95663600525624,73.5325229960577,0.0,0.0
615184,2026-07-01,73.94875164257556,73.94875164257556,53.942181340341655,73.37352168199726,0.0,0.0
615185,2026-04-01,53.942181340341655,53.942181340341655,42.96977660972404,53.52233902759518,0.0,0.0
615185,2026-05-01,53.942181340341655,53.942181340341655,43.95532194480946,53.327529566359935,0.0,0.0
615185,2026-06-01,53.942181340341655,53.942181340341655,44.97371879106439,52.715505913271926,0.0,0.0
615185,2026-07-01,53.942181340341655,53.942181340341655,45.959264126149804,53.301905387647736,0.0,0.0
615186,2026-04-01,66.95137976346912,66.95137976346912,67.96977660972405,70.75065703022335,3.799277266754231,5.674681059862551
615186,2026-05-01,66.95137976346912,66.95137976346912,68.95532194480946,70.64159001314056,3.6902102496714377,5.511776251226622
615186,2026-06-01,66.95137976346912,78.94218134034165,69.97371879106439,76.89684625492764,9.945466491458518,14.854759568203987
615186,2026-07-01,66.95137976346912,78.94218134034165,70.9592641261498,78.33639947437572,11.385019710906604,17.00490677134431
615187,2026-04-01,75.9526938239159,75.9526938239159,40.9658344283837,75.9635348226019,0.010840998686006742,0.014273356401472544
615187,2026-05-01,75.9526938239159,75.9526938239159,41.95137976346912,75.9635348226019,0.010840998686006742,0.014273356401472544
615187,2026-06-01,75.9526938239159,75.9526938239159,42.96977660972404,75.9635348226019,0.010840998686006742,0.014273356401472544
615187,2026-07-01,75.9526938239159,75.9526938239159,43.95532194480946,75.97306176084106,0.020367936925168806,0.02681660899663229
615188,2026-04-01,53.942181340341655,53.942181340341655,42.96977660972404,54.406044678055096,0.4638633377134411,0.859926918392031
615188,2026-05-01,53.942181340341655,53.942181340341655,43.95532194480946,53.58639947437571,0.0,0.0
615188,2026-06-01,53.942181340341655,53.942181340341655,44.97371879106439,54.93396846254922,0.9917871222075618,1.8386114494517773
615188,2026-07-01,53.942181340341655,53.942181340341655,45.959264126149804,56.28876478317997,2.346583442838316,4.350182704019388
615189,2026-04-01,44.97371879106439,44.97371879106439,45.99211563731932,48.59362680683313,3.619908015768736,8.04894083272464
615189,2026-05-01,44.97371879106439,44.97371879106439,46.97766097240473,50.30617608409986,5.332457293035468,11.85682980277572
615189,2026-06-01,44.97371879106439,56.96452036793692,47.99605781865966,54.30978975032846,9.33607095926407,20.75894813732639
615189,2026-07-01,44.97371879106439,56.96452036793692,48.98160315374507,54.21156373193162,9.237844940867227,20.54054054054042
615190,2026-04-01,81.99737187910644,81.99737187910644,47.010512483574246,81.9530223390275,0.0,0.0
615190,2026-05-01,81.99737187910644,81.99737187910644,47.99605781865966,81.85413929040726,0.0,0.0
615190,2026-06-01,81.99737187910644,81.99737187910644,49.01445466491458,81.86399474375814,0.0,0.0
615190,2026-07-01,81.99737187910644,81.99737187910644,50.0,82.15308804204986,0.1557161629434205,0.1899038461537548
615191,2026-04-01,73.94875164257556,73.94875164257556,38.96189224704336,73.95893561103797,0.010183968462413873,0.013771657041131865
615191,2026-05-01,73.94875164257556,73.94875164257556,39.94743758212878,73.95893561103797,0.010183968462413873,0.013771657041131865
615191,2026-06-01,73.94875164257556,73.94875164257556,40.9658344283837,73.95893561103797,0.010183968462413873,0.013771657041131865
615191,2026-07-01,73.94875164257556,73.94875164257556,41.95137976346912,73.95893561103797,0.010183968462413873,0.013771657041131865
615192,2026-04-01,58.96846254927726,58.96846254927726,59.98685939553219,59.98685939553219,1.0183968462549302,1.7270194986072467
615192,2026-05-01,58.96846254927726,58.96846254927726,60.972404730617605,60.972404730617605,2.003942181340342,3.3983286908078005
615192,2026-06-01,58.96846254927726,70.9592641261498,61.990801576872535,62.80256241787124,3.834099868593981,6.501949860724278
615192,2026-07-01,58.96846254927726,70.9592641261498,62.97634691195795,65.89109724047306,6.922634691195796,11.739554317548748
615193,2026-04-01,57.98291721419185,177.98948751642575,143.00262812089355,165.80584756898836,107.82293035479651,185.9563739376774
615194,2026-04-01,97.93035479632064,97.93035479632064,38.96189224704336,97.74901445466496,0.0,0.0
615194,2026-05-01,97.93035479632064,97.93035479632064,39.94743758212878,97.7999342969777,0.0,0.0
615194,2026-06-01,97.93035479632064,97.93035479632064,40.9658344283837,97.86235216819973,0.0,0.0
615194,2026-07-01,97.93035479632064,97.93035479632064,41.95137976346912,97.84296977660972,0.0,0.0
615195,2026-04-01,53.975032851511166,53.975032851511166,30.97897503285151,53.85446780551898,0.0,0.0
615195,2026-05-01,53.975032851511166,53.975032851511166,31.964520367936924,54.094612352168134,0.11957950065696821,0.22154595252575243
615195,2026-06-01,53.975032851511166,53.975032851511166,32.98291721419185,53.99540078843619,0.020367936925026697,0.03773584905647065
615195,2026-07-01,53.975032851511166,53.975032851511166,33.96846254927726,53.98587385019703,0.010840998685864633,0.020085209981601914
615199,2026-04-01,41.95137976346912,41.95137976346912,30.97897503285151,42.15505913272007,0.2036793692509491,0.48551292090829207
615199,2026-05-01,41.95137976346912,41.95137976346912,31.964520367936924,42.16491458607093,0.21353482260180812,0.5090054815974189
615199,2026-06-01,41.95137976346912,41.95137976346912,32.98291721419185,42.882063074901424,0.9306833114323041,2.2184808144087187
615199,2026-07-01,41.95137976346912,41.95137976346912,33.96846254927726,44.192509855453324,2.2411300919842034,5.34220830070471
615202,2026-04-01,77.03679369250985,68.00262812089356,45.006570302233904,68.91787122207629,0.0,0.0
615202,2026-05-01,77.03679369250985,68.00262812089356,45.99211563731932,68.51018396846263,0.0,0.0
615202,2026-06-01,77.03679369250985,68.00262812089356,47.010512483574246,68.38107752956644,0.0,0.0
615202,2026-07-01,77.03679369250985,68.00262812089356,47.99605781865966,68.21189224704345,0.0,0.0
615206,2026-04-01,78.97503285151117,78.97503285151117,79.99342969776609,79.99342969776609,1.018396846254916,1.2895174708818486
615206,2026-05-01,78.97503285151117,78.97503285151117,80.97897503285151,80.97897503285151,2.003942181340335,2.537437603993336
615206,2026-06-01,78.97503285151117,90.9658344283837,81.99737187910644,87.65078843626799,8.675755584756814,10.985440931780259
615206,2026-07-01,78.97503285151117,90.9658344283837,82.98291721419184,87.71747700394211,8.742444152430934,11.069883527454143
615327,2026-04-01,12.943495400788436,21.97766097240473,25.952693823915897,25.952693823915897,13.009198423127462,100.50761421319795
615330,2026-04-01,74.96714848883049,74.96714848883049,39.98028909329829,74.97700394218127,0.009855453350780863,0.01314636283951663
615330,2026-05-01,74.96714848883049,74.96714848883049,40.9658344283837,74.97700394218127,0.009855453350780863,0.01314636283951663
615330,2026-06-01,74.96714848883049,74.96714848883049,41.98423127463863,74.98718791064381,0.020039421813322633,0.0267309377737748
615330,2026-07-01,74.96714848883049,74.96714848883049,42.96977660972404,74.99704336399466,0.02989487516417455,0.03987730061338621
615331,2026-04-01,76.97109067017082,76.97109067017082,29.993429697766096,76.82095926412627,0.0,0.0
615331,2026-05-01,76.97109067017082,76.97109067017082,30.97897503285151,76.84099868593968,0.0,0.0
615331,2026-06-01,76.97109067017082,76.97109067017082,31.99737187910644,76.87155059132732,0.0,0.0
615331,2026-07-01,76.97109067017082,76.97109067017082,32.98291721419185,76.87155059132732,0.0,0.0
615332,2026-04-01,23.98160315374507,30.946123521682,19.97371879106439,30.98718791064383,7.0055847568987595,29.212328767123047
615332,2026-05-01,23.98160315374507,30.946123521682,20.9592641261498,30.193495400788382,6.211892247043313,25.902739726027185
615332,2026-06-01,23.98160315374507,30.946123521682,21.97766097240473,29.948423127463812,5.966819973718742,24.880821917808017
615332,2026-07-01,23.98160315374507,30.946123521682,22.963206307490143,30.662286465177345,6.680683311432276,27.85753424657514
615333,2026-04-01,23.98160315374507,27.989487516425758,19.97371879106439,29.040078843626834,5.058475689881764,21.09315068493163
615333,2026-05-01,23.98160315374507,27.989487516425758,20.9592641261498,28.853482260183977,4.871879106438907,20.315068493150733
615333,2026-06-01,23.98160315374507,27.989487516425758,21.97766097240473,28.992115637319344,5.010512483574274,20.893150684931634
615333,2026-07-01,23.98160315374507,27.989487516425758,22.963206307490143,28.88337713534826,4.9017739816031884,20.439726027397406
615334,2026-04-01,23.98160315374507,31.964520367936924,19.97371879106439,30.949080157687284,6.967477003942214,29.05342465753439
615334,2026-05-01,23.98160315374507,31.964520367936924,20.9592641261498,29.30551905387649,5.323915900131421,22.200000000000067
615334,2026-06-01,23.98160315374507,31.964520367936924,21.97766097240473,29.61103810775298,5.629434954007909,23.47397260273983
615334,2026-07-01,23.98160315374507,31.964520367936924,22.963206307490143,30.833114323258897,6.851511169513827,28.569863013698754
615335,2026-04-01,23.98160315374507,30.946123521682,19.97371879106439,30.670827858081417,6.689224704336347,27.89315068493129
615335,2026-05-01,23.98160315374507,30.946123521682,20.9592641261498,30.134691195794957,6.1530880420498875,25.657534246575146
615335,2026-06-01,23.98160315374507,30.946123521682,21.97766097240473,30.067674113009176,6.086070959264106,25.378082191780738
615335,2026-07-01,23.98160315374507,30.946123521682,22.963206307490143,30.30420499342965,6.32260183968458,26.36438356164365
615336,2026-04-01,16.031537450722734,25.98554533508541,17.969776609724047,25.30190538764782,9.270367936925087,57.825819672131075
615336,2026-05-01,16.031537450722734,25.98554533508541,18.95532194480946,25.74277266754271,9.711235216819976,60.57581967213116
615336,2026-06-01,16.031537450722734,25.98554533508541,19.97371879106439,26.19119579500657,10.159658344283837,63.37295081967213
615336,2026-07-01,16.031537450722734,25.98554533508541,20.9592641261498,26.339027595269386,10.307490144546652,64.29508196721314
615337,2026-04-01,18.035479632063076,25.0,19.97371879106439,24.954007884362678,6.918528252299602,38.360655737704896
615337,2026-05-01,18.035479632063076,25.0,20.9592641261498,25.406373193166882,7.370893561103806,40.86885245901637
615337,2026-06-01,18.035479632063076,25.0,21.97766097240473,25.228975032851505,7.193495400788429,39.8852459016393
615337,2026-07-01,18.035479632063076,25.0,22.963206307490143,25.717477003942182,7.681997371879106,42.59380692167577
615338,2026-04-01,23.98160315374507,30.946123521682,16.95137976346912,30.181340341655673,6.199737187910603,25.85205479452038
615338,2026-05-01,23.98160315374507,30.946123521682,17.936925098554532,29.435282522996037,5.453679369250967,22.741095890410882
615338,2026-06-01,23.98160315374507,30.946123521682,18.95532194480946,30.659986859395488,6.678383705650418,27.84794520547928
615338,2026-07-01,23.98160315374507,30.946123521682,19.940867279894874,30.708935611038065,6.727332457292995,28.05205479452038
615339,2026-04-01,23.98160315374507,28.94218134034165,16.95137976346912,29.21681997371876,5.23521681997369,21.83013698630125
615339,2026-05-01,23.98160315374507,28.94218134034165,17.936925098554532,29.045663600525586,5.064060446780516,21.116438356164235
615339,2026-06-01,23.98160315374507,28.94218134034165,18.95532194480946,29.364323258869867,5.382720105124797,22.445205479451893
615339,2026-07-01,23.98160315374507,28.94218134034165,19.940867279894874,29.09395532194477,5.112352168199699,21.317808219177927
615340,2026-04-01,23.98160315374507,30.946123521682,16.95137976346912,30.483574244415212,6.501971090670143,27.112328767123174
615340,2026-05-01,23.98160315374507,30.946123521682,17.936925098554532,30.488173455978924,6.506570302233854,27.131506849314867
615340,2026-06-01,23.98160315374507,30.946123521682,18.95532194480946,30.65703022339023,6.67542706964516,27.835616438355988
615340,2026-07-01,23.98160315374507,27.92378449408673,19.940867279894874,29.157030223390258,5.175427069645188,21.58082191780816
615342,2026-04-01,20.9592641261498,29.96057818659658,17.969776609724047,29.333442838370594,8.374178712220793,39.9545454545456
615342,2026-05-01,20.9592641261498,29.96057818659658,18.95532194480946,30.541392904073618,9.582128777923817,45.717868338558155
615342,2026-06-01,20.9592641261498,29.96057818659658,19.97371879106439,30.257555847569005,9.298291721419204,44.36363636363646
615342,2026-07-01,20.9592641261498,29.96057818659658,20.9592641261498,30.957293035479665,9.998028909329864,47.70219435736694
615343,2026-04-01,23.98160315374507,23.98160315374507,16.95137976346912,25.558147174770053,1.5765440210249828,6.573972602739792
615343,2026-05-01,23.98160315374507,23.98160315374507,17.936925098554532,25.23061760840999,1.2490144546649198,5.2082191780822145
615343,2026-06-01,23.98160315374507,23.98160315374507,18.95532194480946,25.710578186596596,1.728975032851526,7.209589041095954
615343,2026-07-01,23.98160315374507,23.98160315374507,19.940867279894874,28.301905387647842,4.320302233902773,18.01506849315074
615344,2026-04-01,23.98160315374507,31.964520367936924,17.969776609724047,31.472076215505936,7.490473061760866,31.234246575342574
615344,2026-05-01,23.98160315374507,31.964520367936924,18.95532194480946,31.693166885676757,7.711563731931687,32.156164383561716
615344,2026-06-01,23.98160315374507,31.964520367936924,19.97371879106439,31.67575558475692,7.694152431011851,32.08356164383572
615344,2026-07-01,23.98160315374507,31.964520367936924,20.9592641261498,31.326872536136666,7.345269382391596,30.628767123287698
615345,2026-04-01,23.98160315374507,35.972404730617605,17.969776609724047,34.28022339027598,10.298620236530908,42.94383561643848
615345,2026-05-01,23.98160315374507,35.972404730617605,18.95532194480946,34.5693166885677,10.587713534822633,44.14931506849328
615345,2026-06-01,23.98160315374507,35.972404730617605,19.97371879106439,32.86925098554536,8.887647831800287,37.06027397260284
615345,2026-07-01,23.98160315374507,35.972404730617605,20.9592641261498,34.443166885676774,10.461563731931705,43.62328767123303
615346,2026-04-01,23.98160315374507,30.02628120893561,19.97371879106439,29.248357424441497,5.266754270696428,21.96164383561634
615346,2026-05-01,23.98160315374507,30.02628120893561,20.9592641261498,29.503613666228617,5.522010512483547,23.02602739726016
615346,2026-06-01,23.98160315374507,30.02628120893561,21.97766097240473,28.579172141918498,4.597568988173428,19.171232876712217
615346,2026-07-01,23.98160315374507,30.02628120893561,22.963206307490143,29.872536136662248,5.890932982917178,24.564383561643687
615347,2026-04-01,53.942181340341655,53.942181340341655,16.95137976346912,53.92312746386322,0.0,0.0
615347,2026-05-01,53.942181340341655,53.942181340341655,17.936925098554532,53.92312746386322,0.0,0.0
615347,2026-06-01,53.942181340341655,53.942181340341655,18.95532194480946,53.942181340341534,0.0,0.0
615347,2026-07-01,53.942181340341655,53.942181340341655,19.940867279894874,53.942181340341534,0.0,0.0
615349,2026-04-01,87.94349540078844,87.94349540078844,64.94743758212877,87.66327201051249,0.0,0.0
615349,2026-05-01,87.94349540078844,87.94349540078844,65.93298291721419,87.70335085413927,0.0,0.0
615349,2026-06-01,87.94349540078844,87.94349540078844,66.95137976346912,87.90473061760841,0.0,0.0
615349,2026-07-01,87.94349540078844,87.94349540078844,67.93692509855452,88.59559789750327,0.6521024967148321,0.7415016809861595
615818,2026-04-01,38.96189224704336,62.94349540078844,51.97109067017082,56.12746386333769,17.16557161629433,44.05733558178748
615818,2026-05-01,38.96189224704336,62.94349540078844,52.95663600525624,60.527266754270656,21.565374507227297,55.349915682967875
615818,2026-06-01,38.96189224704336,62.94349540078844,53.975032851511166,63.646189224704294,24.684296977660935,63.354974704890296
615818,2026-07-01,38.96189224704336,62.94349540078844,54.96057818659658,63.70630749014451,24.74441524310115,63.509274873524376
615820,2026-04-01,107.98291721419184,107.98291721419184,45.006570302233904,107.91261498028922,0.0,0.0
615820,2026-05-01,107.98291721419184,107.98291721419184,45.99211563731932,108.01314060446794,0.030223390276091777,0.027989047764047273
615820,2026-06-01,107.98291721419184,107.98291721419184,47.010512483574246,108.13403416557173,0.15111695137989045,0.13994523881970994
615820,2026-07-01,107.98291721419184,107.98291721419184,47.99605781865966,108.20367936925109,0.2207621550592478,0.2044417401887284
615821,2026-04-01,95.99211563731932,95.99211563731932,40.9658344283837,95.99211563731919,0.0,0.0
615821,2026-05-01,95.99211563731932,95.99211563731932,41.95137976346912,95.99211563731919,0.0,0.0
615821,2026-06-01,95.99211563731932,95.99211563731932,42.96977660972404,96.21156373193155,0.21944809461223258,0.22861054072540588
615821,2026-07-01,95.99211563731932,95.99211563731932,43.95532194480946,96.21156373193155,0.21944809461223258,0.22861054072540588
615822,2026-04-01,93.98817345597897,93.98817345597897,70.99211563731932,93.8249014454663,0.0,0.0
615822,2026-05-01,93.98817345597897,93.98817345597897,71.97766097240472,94.04303547963185,0.054862023652887615,0.058371198881296715
615822,2026-06-01,93.98817345597897,93.98817345597897,72.99605781865965,94.02431011826522,0.03613666228625334,0.038448095071427886
615822,2026-07-01,93.98817345597897,93.98817345597897,73.98160315374507,94.33311432325866,0.3449408672796892,0.36700454386556236
615843,2026-04-01,63.96189224704336,87.94349540078844,76.97109067017082,87.2141918528252,23.252299605781836,36.353364149974276
615843,2026-05-01,63.96189224704336,87.94349540078844,77.95663600525624,87.3958607095926,23.433968462549238,36.637390857729784
615843,2026-06-01,63.96189224704336,87.94349540078844,78.97503285151117,87.97601839684621,24.014126149802856,37.54442732408829
615843,2026-07-01,63.96189224704336,87.94349540078844,79.96057818659658,87.8488830486202,23.886990801576836,37.34565998972773
615857,2026-04-01,71.97766097240472,71.97766097240472,72.99605781865965,72.99605781865965,1.0183968462549302,1.4148790506618019
615857,2026-05-01,71.97766097240472,71.97766097240472,73.98160315374507,73.98160315374507,2.0039421813403493,2.78411684162484
615857,2026-06-01,71.97766097240472,71.97766097240472,75.0,75.0,3.0223390275952795,4.198995892286642
615857,2026-07-01,71.97766097240472,71.97766097240472,75.9855453350854,75.9855453350854,4.007884362680684,5.56823368324966
615858,2026-04-01,105.97897503285152,105.97897503285152,106.99737187910644,106.99737187910644,1.018396846254916,0.9609423434593813
615858,2026-05-01,105.97897503285152,105.97897503285152,107.98291721419184,107.98291721419184,2.003942181340321,1.8908865468071716
615858,2026-06-01,105.97897503285152,105.97897503285152,109.00131406044676,109.00131406044676,3.022339027595237,2.851828890266553
615858,2026-07-01,105.97897503285152,105.97897503285152,109.9868593955322,109.9868593955322,4.007884362680684,3.7817730936143836
615860,2026-04-01,70.0065703022339,81.99737187910644,83.01576872536137,83.01576872536137,13.009198423127472,18.58282496480527
615860,2026-05-01,70.0065703022339,81.99737187910644,84.00131406044677,84.00131406044677,13.994743758212877,19.99061473486626
615860,2026-06-01,70.0065703022339,81.99737187910644,85.0197109067017,85.0197109067017,15.013140604467807,21.445330830595967
615860,2026-07-01,70.0065703022339,81.99737187910644,86.00525624178712,86.00525624178712,15.998685939553226,22.853120600656982
615861,2026-04-01,26.971090670170828,38.96189224704336,39.98028909329829,39.98028909329829,13.009198423127462,48.23386114494518
615861,2026-05-01,26.971090670170828,38.96189224704336,40.9658344283837,40.9658344283837,13.994743758212874,51.88794153471375
615861,2026-06-01,26.971090670170828,38.96189224704336,41.98423127463863,41.98423127463863,15.013140604467804,55.66382460414129
615861,2026-07-01,26.971090670170828,38.96189224704336,42.96977660972404,42.96977660972404,15.998685939553216,59.317904993909856
615862,2026-04-01,54.96057818659658,54.96057818659658,55.97897503285151,57.30124835742448,2.3406701708278987,4.2588164973102955
615862,2026-05-01,54.96057818659658,54.96057818659658,56.96452036793692,56.96452036793692,2.003942181340342,3.646144650328752
615862,2026-06-01,54.96057818659658,54.96057818659658,57.98291721419185,57.98291721419185,3.0223390275952724,5.499103407053204
615862,2026-07-01,54.96057818659658,54.96057818659658,58.96846254927726,60.5272667542707,5.56668856767412,10.128511655708323
615863,2026-04-01,68.95532194480946,68.95532194480946,69.97371879106439,69.97371879106439,1.0183968462549302,1.4768937589328288
615863,2026-05-01,68.95532194480946,68.95532194480946,70.9592641261498,70.9592641261498,2.0039421813403493,2.9061457837065383
615863,2026-06-01,68.95532194480946,68.95532194480946,71.97766097240472,71.97766097240472,3.0223390275952653,4.383039542639346
615863,2026-07-01,68.95532194480946,68.95532194480946,72.96320630749014,72.96320630749014,4.007884362680684,5.812291567413056
615865,2026-04-01,89.94743758212877,101.93823915900133,102.95663600525624,102.95663600525624,13.009198423127472,14.463111760409067
615865,2026-05-01,89.94743758212877,101.93823915900133,103.94218134034163,103.94218134034163,13.994743758212863,15.558802045288516
615865,2026-06-01,89.94743758212877,101.93823915900133,104.96057818659658,104.96057818659658,15.013140604467807,16.69101533966399
615865,2026-07-01,89.94743758212877,101.93823915900133,105.946123521682,105.946123521682,15.998685939553226,17.786705624543472
615914,2026-04-01,95.99211563731932,95.99211563731932,61.00525624178712,96.2145203679368,0.2224047306174839,0.23169062286092437
615914,2026-05-01,95.99211563731932,95.99211563731932,61.990801576872535,96.01544021024955,0.023324572930235377,0.024298425735672993
615914,2026-06-01,94.9737187910644,94.9737187910644,61.990801576872535,94.97568988173454,0.0019710906701391195,0.002075406433726558
615914,2026-07-01,94.9737187910644,94.9737187910644,62.97634691195795,94.98423127463862,0.010512483574217413,0.01106883431335794
615915,2026-04-01,26.971090670170828,26.971090670170828,27.989487516425758,36.23357424441523,9.262483574244403,34.34226552984161
615915,2026-05-01,26.971090670170828,35.019710906701704,28.97503285151117,35.08804204993428,8.116951379763453,30.095006090133925
615915,2026-06-01,26.971090670170828,35.019710906701704,29.993429697766096,35.31997371879105,8.34888304862022,30.954933008526126
615915,2026-07-01,9.034165571616294,35.019710906701704,30.97897503285151,33.1399474375821,24.10578186596581,266.8290909090906
615916,2026-04-01,70.9592641261498,70.9592641261498,23.98160315374507,70.95006570302228,0.0,0.0
615916,2026-05-01,70.9592641261498,70.9592641261498,24.967148488830485,70.95926412614973,0.0,0.0
615916,2026-06-01,70.9592641261498,70.9592641261498,25.98554533508541,70.99934296977655,0.04007884362674474,0.05648148148139398
615916,2026-07-01,70.9592641261498,70.9592641261498,26.971090670170828,71.00952693823909,0.05026281208928651,0.07083333333323526
615917,2026-04-01,68.95532194480946,68.95532194480946,21.97766097240473,68.9802890932984,0.024967148488940438,0.03620771796109323
615917,2026-05-01,68.95532194480946,68.95532194480946,22.963206307490143,68.99737187910654,0.042049934297082814,0.06098141972383044
615917,2026-06-01,68.95532194480946,68.95532194480946,23.98160315374507,68.99868593955331,0.04336399474385644,0.06288708909018532
615917,2026-07-01,68.95532194480946,68.95532194480946,24.967148488830485,68.99868593955331,0.04336399474385644,0.06288708909018532
615918,2026-04-01,65.9658344283837,65.9658344283837,42.96977660972404,67.42444152431008,1.4586070959263822,2.2111553784860094
615918,2026-05-01,65.9658344283837,65.9658344283837,43.95532194480946,67.38009198423124,1.4142575558475414,2.143924302788803
615918,2026-06-01,65.9658344283837,65.9658344283837,44.97371879106439,67.34001314060444,1.3741787122207398,2.083167330677257
615918,2026-07-01,65.9658344283837,65.9658344283837,45.959264126149804,67.15045992115634,1.1846254927726392,1.7958167330676862
615919,2026-04-01,56.96452036793692,56.96452036793692,21.97766097240473,57.499014454664845,0.5344940867279249,0.938292964244408
615919,2026-05-01,56.96452036793692,56.96452036793692,22.963206307490143,57.45893561103805,0.4944152431011304,0.867935409457809
615919,2026-06-01,56.96452036793692,56.96452036793692,23.98160315374507,57.39816031537446,0.4336399474375412,0.7612456747404126
615919,2026-07-01,56.96452036793692,56.96452036793692,24.967148488830485,57.39816031537446,0.4336399474375412,0.7612456747404126
615982,2026-04-01,66.95137976346912,114.94743758212876,115.9658344283837,117.06406044678053,50.11268068331141,74.84936211972519
615982,2026-05-01,66.95137976346912,114.94743758212876,116.95137976346912,117.00131406044675,50.049934296977625,74.75564278704607
615982,2026-06-01,66.95137976346912,126.93823915900133,117.96977660972404,125.20433639947423,58.25295663600511,87.00785083415091
615982,2026-07-01,66.95137976346912,126.93823915900133,118.95532194480946,126.16261498028891,59.21123521681979,88.43915603532847
616044,2026-04-01,25.952693823915897,85.93955321944809,86.95795006570302,86.95795006570302,61.00525624178712,235.0632911392405
616044,2026-05-01,25.952693823915897,85.93955321944809,87.94349540078844,87.94349540078844,61.99080157687254,238.8607594936709
616044,2026-06-01,25.952693823915897,97.93035479632064,88.96189224704337,96.88731931668866,70.93462549277277,273.322784810127
616044,2026-07-01,25.952693823915897,97.93035479632064,89.94743758212877,97.26872536136672,71.31603153745083,274.79240506329154
616050,2026-04-01,65.9658344283837,89.94743758212877,90.9658344283837,90.9658344283837,25.0,37.898406374501995
616050,2026-05-01,65.9658344283837,89.94743758212877,91.95137976346912,91.95137976346912,25.98554533508542,39.39243027888447
616050,2026-06-01,65.9658344283837,101.93823915900133,92.96977660972404,99.72371879106433,33.75788436268063,51.17480079681267
616050,2026-07-01,65.9658344283837,101.93823915900133,93.95532194480946,101.2325886990801,35.266754270696396,53.46215139442223
616221,2026-05-01,47.99605781865966,47.99605781865966,2.0039421813403417,47.996057818659594,0.0,0.0
616221,2026-06-01,47.99605781865966,47.99605781865966,3.0223390275952693,47.996057818659594,0.0,0.0
616221,2026-07-01,47.99605781865966,47.99605781865966,4.007884362680684,47.996057818659594,0.0,0.0
616223,2026-04-01,63.96189224704336,87.94349540078844,88.96189224704337,88.96189224704337,25.000000000000007,39.08577298407808
616223,2026-05-01,63.96189224704336,87.94349540078844,89.94743758212877,89.94743758212877,25.985545335085412,40.62660503338469
616223,2026-06-01,63.96189224704336,99.93429697766096,90.9658344283837,97.36136662286455,33.39947437582119,52.217770929635186
616223,2026-07-01,63.96189224704336,99.93429697766096,91.95137976346912,97.77431011826535,33.81241787122199,52.863379558294675
616225,2026-04-01,158.96846254927726,158.96846254927726,27.989487516425758,158.21681997371883,0.0,0.0
616225,2026-05-01,158.96846254927726,158.96846254927726,28.97503285151117,158.21681997371883,0.0,0.0
616225,2026-06-01,158.96846254927726,158.96846254927726,29.993429697766096,158.437582128778,0.0,0.0
616225,2026-07-01,158.96846254927726,158.96846254927726,30.97897503285151,158.437582128778,0.0,0.0
616226,2026-04-01,118.98817345597897,118.98817345597897,36.00525624178712,118.93593955321921,0.0,0.0
616226,2026-05-01,118.98817345597897,118.98817345597897,36.990801576872535,118.90637319316664,0.0,0.0
616226,2026-06-01,118.98817345597897,118.98817345597897,38.009198423127465,119.02595269382367,0.03777923784470261,0.03175041413563632
616226,2026-07-01,118.98817345597897,118.98817345597897,38.99474375821288,119.05551905387624,0.06734559789727257,0.05659856432890605
616227,2026-04-01,50.03285151116951,50.03285151116951,9.00131406044678,50.05946123521689,0.026609724047375494,0.05318450426803087
616227,2026-05-01,50.03285151116951,50.03285151116951,9.986859395532194,50.03022339027602,0.0,0.0
616227,2026-06-01,50.03285151116951,50.03285151116951,11.00525624178712,50.02759526938245,0.0,0.0
616227,2026-07-01,59.98685939553219,59.98685939553219,21.944809461235216,59.986859395532264,7.105427357601002e-14,1.1844973097775164e-13
616229,2026-04-01,53.942181340341655,53.942181340341655,18.95532194480946,53.942181340341534,0.0,0.0
616229,2026-05-01,53.942181340341655,53.942181340341655,19.940867279894874,53.942181340341534,0.0,0.0
616229,2026-06-01,53.942181340341655,53.942181340341655,20.9592641261498,53.942181340341534,0.0,0.0
616229,2026-07-01,53.942181340341655,53.942181340341655,21.944809461235216,53.94283837056492,0.0006570302232660197,0.001218026796359174
616230,2026-04-01,147.9303547963206,147.9303547963206,16.95137976346912,148.15111695137992,0.22076215505933305,0.14923384410406618
616230,2026-05-01,147.9303547963206,147.9303547963206,17.936925098554532,148.15111695137992,0.22076215505933305,0.14923384410406618
616230,2026-06-01,147.9303547963206,147.9303547963206,18.95532194480946,148.5243101182656,0.5939553219450033,0.4015101043749924
616230,2026-07-01,147.9303547963206,147.9303547963206,19.940867279894874,148.5243101182656,0.5939553219450033,0.4015101043749924
616231,2026-04-01,107.98291721419184,107.98291721419184,25.0,108.05289093298303,0.0699737187911893,0.06480073014918779
616231,2026-05-01,107.98291721419184,107.98291721419184,25.98554533508541,108.05289093298303,0.0699737187911893,0.06480073014918779
616231,2026-06-01,107.98291721419184,107.98291721419184,27.003942181340346,108.05289093298303,0.0699737187911893,0.06480073014918779
616231,2026-07-01,107.98291721419184,107.98291721419184,27.989487516425758,108.08311432325898,0.10019710906713897,0.09278977791310346
616232,2026-04-01,75.9526938239159,75.9526938239159,40.9658344283837,75.91294349540084,0.0,0.0
616232,2026-05-01,75.9526938239159,75.9526938239159,41.95137976346912,75.91294349540084,0.0,0.0
616232,2026-06-01,75.9526938239159,75.9526938239159,42.96977660972404,75.93298291721425,0.0,0.0
616232,2026-07-01,75.9526938239159,75.9526938239159,43.95532194480946,75.93298291721425,0.0,0.0
616233,2026-04-01,82.98291721419184,82.98291721419184,36.00525624178712,83.00131406044672,0.018396846254873367,0.02216943784633196
616233,2026-05-01,82.98291721419184,82.98291721419184,36.990801576872535,82.95302233902753,0.0,0.0
616233,2026-06-01,82.98291721419184,82.98291721419184,38.009198423127465,82.98258869908008,0.0,0.0
616233,2026-07-01,82.98291721419184,82.98291721419184,38.99474375821288,82.9336399474375,0.0,0.0
616234,2026-04-01,124.96714848883047,124.96714848883047,41.98423127463863,124.25657030223407,0.0,0.0
616234,2026-05-01,124.96714848883047,124.96714848883047,42.96977660972404,124.41688567674132,0.0,0.0
616234,2026-06-01,124.96714848883047,124.96714848883047,43.98817345597897,124.64717477003961,0.0,0.0
616234,2026-07-01,124.96714848883047,124.96714848883047,44.97371879106439,124.41754270696472,0.0,0.0
616236,2026-04-01,108.93561103810777,108.93561103810777,73.94875164257556,108.77792378449425,0.0,0.0
616236,2026-05-01,108.93561103810777,108.93561103810777,74.93429697766096,108.81734559789767,0.0,0.0
616236,2026-06-01,108.93561103810777,108.93561103810777,75.9526938239159,108.88666228646537,0.0,0.0
616236,2026-07-01,108.93561103810777,108.93561103810777,76.93823915900131,108.88666228646537,0.0,0.0
616253,2026-04-01,59.98685939553219,59.98685939553219,25.0,59.986859395532264,7.105427357601002e-14,1.1844973097775164e-13
616253,2026-05-01,59.98685939553219,59.98685939553219,25.98554533508541,59.986859395532264,7.105427357601002e-14,1.1844973097775164e-13
616253,2026-06-01,59.98685939553219,59.98685939553219,27.003942181340346,59.986859395532264,7.105427357601002e-14,1.1844973097775164e-13
616253,2026-07-01,59.98685939553219,59.98685939553219,27.989487516425758,59.986859395532264,7.105427357601002e-14,1.1844973097775164e-13
616254,2026-04-01,35.972404730617605,35.972404730617605,18.95532194480946,35.972733245729344,0.00032851511173959125,0.0009132420092559963
616254,2026-05-01,35.972404730617605,35.972404730617605,19.940867279894874,35.972733245729344,0.00032851511173959125,0.0009132420092559963
616254,2026-06-01,35.972404730617605,35.972404730617605,20.9592641261498,35.972733245729344,0.00032851511173959125,0.0009132420092559963
616254,2026-07-01,35.972404730617605,35.972404730617605,21.944809461235216,35.9618922470434,0.0,0.0
616586,2026-04-01,50.98554533508541,50.98554533508541,6.964520367936925,50.9855453350855,8.526512829121202e-14,1.6723392430312462e-13
616586,2026-05-01,50.98554533508541,50.98554533508541,7.950065703022338,50.9855453350855,8.526512829121202e-14,1.6723392430312462e-13
616586,2026-06-01,50.98554533508541,50.98554533508541,8.968462549277266,50.9855453350855,8.526512829121202e-14,1.6723392430312462e-13
616586,2026-07-01,63.99474375821288,63.99474375821288,22.963206307490143,64.1126806833115,0.11793692509861842,0.1842915811089294
616587,2026-04-01,50.98554533508541,50.98554533508541,6.964520367936925,50.9855453350855,8.526512829121202e-14,1.6723392430312462e-13
616587,2026-05-01,50.98554533508541,50.98554533508541,7.950065703022338,50.9855453350855,8.526512829121202e-14,1.6723392430312462e-13
616587,2026-06-01,50.98554533508541,50.98554533508541,8.968462549277266,50.9855453350855,8.526512829121202e-14,1.6723392430312462e-13
616588,2026-04-01,59.98685939553219,59.98685939553219,15.965834428383705,59.99605781865973,0.00919842312753616,0.01533406352695513
616588,2026-05-01,59.98685939553219,59.98685939553219,16.95137976346912,59.986859395532264,7.105427357601002e-14,1.1844973097775164e-13
616588,2026-06-01,59.98685939553219,59.98685939553219,17.969776609724047,59.986859395532264,7.105427357601002e-14,1.1844973097775164e-13
616588,2026-07-01,63.99474375821288,63.99474375821288,22.963206307490143,64.0729303547964,0.0781865965835209,0.122176591375892
616594,2026-04-01,24.014454664914584,44.021024967148485,36.00525624178712,44.344283837056516,20.32982917214193,84.65663474692208
616594,2026-05-01,24.014454664914584,44.021024967148485,36.990801576872535,42.59954007884363,18.585085413929047,77.39124487004108
616594,2026-06-01,24.014454664914584,44.021024967148485,38.009198423127465,41.450065703022354,17.43561103810777,72.60465116279077
616594,2026-07-01,24.014454664914584,44.021024967148485,38.99474375821288,42.26741130091986,18.252956636005276,76.00820793433661
616600,2026-04-01,35.08541392904073,57.03022339027595,49.01445466491458,56.525952693823804,21.44053876478307,61.10955056179744
616600,2026-05-01,35.08541392904073,57.03022339027595,50.0,56.48587385019699,21.400459921156255,60.99531835205959
616600,2026-06-01,35.08541392904073,57.03022339027595,51.01839684625492,56.61202365308794,21.526609724047205,61.354868913857395
616600,2026-07-01,35.08541392904073,57.03022339027595,52.00394218134034,56.59231274638623,21.506898817345494,61.29868913857649
616604,2026-04-01,38.96189224704336,55.97897503285151,51.97109067017082,55.71616294349538,16.754270696452018,43.00168634064077
616604,2026-05-01,38.96189224704336,55.97897503285151,52.95663600525624,55.68134034165573,16.719448094612375,42.91231028667797
616604,2026-06-01,38.96189224704336,55.97897503285151,53.975032851511166,55.946452036793715,16.984559789750357,43.5927487352446
616604,2026-07-01,38.96189224704336,55.97897503285151,54.96057818659658,56.288436268068374,17.326544021025015,44.47048903878596
616605,2026-04-01,1.0,29.927726675427067,16.95137976346912,28.263469119579483,27.263469119579483,2726.346911957948
616605,2026-05-01,1.0,27.92378449408673,17.936925098554532,27.182325886990785,26.182325886990785,2618.2325886990784
616605,2026-06-01,1.0,27.92378449408673,18.95532194480946,26.068331143232573,25.068331143232573,2506.833114323257
616605,2026-07-01,1.0,27.92378449408673,19.940867279894874,26.746386333771337,25.746386333771337,2574.638633377134
616611,2026-04-01,77.03679369250985,86.03810775295663,81.01182654402102,81.01182654402102,3.9750328515111732,5.159914712153524
616611,2026-05-01,77.03679369250985,86.03810775295663,81.99737187910644,83.97043363994732,6.93363994743747,9.000426439232264
616611,2026-06-01,77.03679369250985,86.03810775295663,83.01576872536137,84.75131406044667,7.714520367936828,10.014072494669385
616611,2026-07-01,77.03679369250985,86.03810775295663,84.00131406044677,86.52069645203666,9.483902759526813,12.310874200426278
616612,2026-04-01,77.03679369250985,77.03679369250985,81.01182654402102,81.01182654402102,3.9750328515111732,5.159914712153524
616612,2026-05-01,77.03679369250985,77.03679369250985,81.99737187910644,81.99737187910644,4.960578186596592,6.439232409381676
616612,2026-06-01,77.03679369250985,77.03679369250985,83.01576872536137,83.01576872536137,5.9789750328515225,7.7611940298507625
616612,2026-07-01,77.03679369250985,77.03679369250985,84.00131406044677,84.00131406044677,6.964520367936927,9.040511727078895
616615,2026-04-01,85.0197109067017,93.03547963206309,97.01051248357425,97.01051248357425,11.990801576872542,14.10355486862443
616615,2026-05-01,85.0197109067017,105.0262812089356,97.99605781865964,104.09526938239152,19.075558475689817,22.436630602781996
616615,2026-06-01,85.0197109067017,105.0262812089356,99.01445466491458,104.65505913272004,19.635348226018337,23.095054095826825
616615,2026-07-01,85.0197109067017,105.0262812089356,100.0,104.87253613666222,19.852825229960516,23.35085007727968
616616,2026-04-01,87.02365308804205,93.03547963206309,97.01051248357425,97.01051248357425,9.986859395532193,11.476028690071722
616616,2026-05-01,87.02365308804205,105.0262812089356,97.99605781865964,103.24375821287775,16.220105124835698,18.63873159682894
616616,2026-06-01,87.02365308804205,105.0262812089356,99.01445466491458,104.71386333771346,17.69021024967141,20.32804832012071
616616,2026-07-01,87.02365308804205,105.0262812089356,100.0,104.91294349540073,17.889290407358672,20.556813892034654
616670,2026-04-01,23.98160315374507,29.96057818659658,15.965834428383705,28.45236530880423,4.470762155059159,18.64246575342477
616670,2026-05-01,23.98160315374507,29.96057818659658,16.95137976346912,29.471747700394236,5.490144546649166,22.893150684931594
616670,2026-06-01,23.98160315374507,29.96057818659658,17.969776609724047,30.008212877792406,6.026609724047336,25.130136986301498
616670,2026-07-01,23.98160315374507,29.96057818659658,18.95532194480946,30.218134034165605,6.236530880420535,26.005479452054946
616671,2026-04-01,22.963206307490143,25.919842312746383,14.947437582128778,25.754599211563722,2.7913929040735788,12.155937052932725
616671,2026-05-01,22.963206307490143,25.919842312746383,15.932982917214192,25.97798948751641,3.014783180026267,13.128755364806807
616671,2026-06-01,22.963206307490143,25.919842312746383,16.95137976346912,26.998685939553216,4.035479632063073,17.57367668097281
616671,2026-07-01,22.963206307490143,25.919842312746383,17.936925098554532,27.11070959264125,4.147503285151107,18.061516452074347
616672,2026-04-01,28.94218134034165,28.94218134034165,14.947437582128778,29.024310118265394,0.08212877792374229,0.2837684449487759
616672,2026-05-01,28.94218134034165,28.94218134034165,15.932982917214192,29.227332457292988,0.28515111695133655,0.9852440408625068
616672,2026-06-01,28.94218134034165,28.94218134034165,16.95137976346912,29.35808147174765,0.4159001314059978,1.4370034052211778
616672,2026-07-01,28.94218134034165,28.94218134034165,17.936925098554532,29.427069645203634,0.48488830486198253,1.6753688989782918
616691,2026-04-01,193.98817345597897,206.9973718791064,201.9710906701708,206.5045992115639,12.516425755584947,6.4521591871296495
616691,2026-05-01,193.98817345597897,206.9973718791064,202.95663600525623,206.76511169513816,12.776938239159193,6.586452159187228
616691,2026-06-01,193.98817345597897,206.9973718791064,203.9750328515112,206.76544021024984,12.777266754270869,6.586621507197379
616691,2026-07-01,193.98817345597897,206.9973718791064,204.96057818659656,206.88436268068344,12.896189224704472,6.647925486875598
616694,2026-04-01,32.98291721419185,32.98291721419185,5.978975032851511,32.98357424441522,0.0006570302233726011,0.0019920318724563723
616694,2026-05-01,32.98291721419185,32.98291721419185,6.964520367936925,32.982917214191836,0.0,0.0
616694,2026-06-01,32.98291721419185,32.98291721419185,7.982917214191852,32.982917214191836,0.0,0.0
616694,2026-07-01,56.99737187910644,56.99737187910644,32.98291721419185,61.351839684625496,4.354467805519057,7.639769452449574
616695,2026-04-01,43.03547963206307,43.03547963206307,11.990801576872537,42.9914586070959,0.0,0.0
616695,2026-05-01,43.03547963206307,43.03547963206307,12.976346911957949,43.033837056504574,0.0,0.0
616695,2026-06-01,43.03547963206307,43.03547963206307,13.994743758212875,43.033837056504574,0.0,0.0
616695,2026-07-01,36.00525624178712,36.00525624178712,7.950065703022338,36.005256241787166,4.263256414560601e-14,1.1840650114892764e-13
616697,2026-04-01,27.003942181340346,27.003942181340346,25.0,29.316360052562423,2.3124178712220775,8.563260340632608
616697,2026-05-01,27.003942181340346,27.003942181340346,25.98554533508541,27.877792378449406,0.8738501971090606,3.236009732360073
616697,2026-06-01,27.003942181340346,27.003942181340346,27.003942181340346,28.57457293035479,1.5706307490144447,5.81630170316298
616697,2026-07-01,27.003942181340346,27.003942181340346,27.989487516425758,29.04147503285151,2.0375328515111626,7.545316301703137
616699,2026-04-01,54.993429697766096,54.993429697766096,31.99737187910644,55.06241787122216,0.0689881734560629,0.12544802867398774
616699,2026-05-01,54.993429697766096,54.993429697766096,32.98291721419185,55.072601839684715,0.07917214191861888,0.14396654719251845
616699,2026-06-01,54.993429697766096,54.993429697766096,34.00131406044678,55.322273324573025,0.328843626806929,0.5979689366787886
616699,2026-07-01,29.96057818659658,29.96057818659658,9.95400788436268,28.519710906701736,0.0,0.0
616701,2026-04-01,36.990801576872535,36.990801576872535,14.947437582128778,37.00098554533504,0.010183968462506243,0.027531083481233575
616701,2026-05-01,36.990801576872535,36.990801576872535,15.932982917214192,37.0111695137976,0.020367936925062224,0.05506216696260161
616701,2026-06-01,36.990801576872535,36.990801576872535,16.95137976346912,37.020367936925055,0.029566360052520224,0.07992895204251471
616701,2026-07-01,34.03416557161629,34.03416557161629,14.98028909329829,34.057818659658324,0.02365308804203181,0.06949806949801625
616839,2026-04-01,44.021024967148485,44.021024967148485,0.0,44.000657030223394,0.0,0.0
616839,2026-05-01,44.021024967148485,44.021024967148485,0.985545335085414,44.000657030223394,0.0,0.0
616839,2026-06-01,44.021024967148485,44.021024967148485,2.0039421813403417,43.99080157687254,0.0,0.0
616839,2026-07-01,43.03547963206307,43.03547963206307,2.0039421813403417,43.100854139290384,0.06537450722731108,0.15190839694651523
616841,2026-04-01,33.96846254927726,33.96846254927726,25.952693823915897,35.771681997371914,1.8032194480946515,5.308510638297989
616841,2026-05-01,33.96846254927726,57.98291721419185,26.938239159001316,39.265111695138,5.296649145860741,15.592843326885975
616841,2026-06-01,33.96846254927726,57.98291721419185,27.95663600525624,49.58015768725359,15.611695137976326,45.95938104448737
616841,2026-07-01,27.989487516425758,52.00394218134034,22.963206307490143,42.27660972404731,14.287122207621554,51.04460093896714
616842,2026-04-01,40.93298291721419,40.93298291721419,25.952693823915897,41.09428383705658,0.1613009198423896,0.3940609951847784
616842,2026-05-01,40.93298291721419,40.93298291721419,26.938239159001316,41.47634691195802,0.543363994743828,1.3274478330659811
616842,2026-06-01,40.93298291721419,40.93298291721419,27.95663600525624,42.00624178712227,1.0732588699080807,2.6219903691815394
616842,2026-07-01,40.93298291721419,40.93298291721419,28.94218134034165,41.376806833114394,0.44382391590020376,1.0842696629215252
616843,2026-04-01,39.94743758212878,39.94743758212878,25.952693823915897,42.24770039421812,2.3002628120893434,5.758223684210495
616843,2026-05-01,39.94743758212878,48.94875164257556,26.938239159001316,47.35052562417874,7.4030880420499585,18.53207236842111
616843,2026-06-01,39.94743758212878,48.94875164257556,27.95663600525624,47.65998685939553,7.712549277266753,19.306743421052627
616843,2026-07-01,32.95006570302234,41.95137976346912,21.944809461235216,39.342312746386284,6.392247043363945,19.399800598205232
616856,2026-04-01,47.99605781865966,47.99605781865966,11.990801576872537,47.996057818659594,0.0,0.0
616856,2026-05-01,47.99605781865966,47.99605781865966,12.976346911957949,47.996057818659594,0.0,0.0
616856,2026-06-01,47.99605781865966,47.99605781865966,13.994743758212875,47.996057818659594,0.0,0.0
616857,2026-04-01,47.99605781865966,47.99605781865966,13.009198423127463,47.996057818659594,0.0,0.0
616857,2026-05-01,47.99605781865966,47.99605781865966,13.994743758212875,47.996057818659594,0.0,0.0
616857,2026-06-01,47.99605781865966,47.99605781865966,15.013140604467806,47.996057818659594,0.0,0.0
616857,2026-07-01,43.98817345597897,43.98817345597897,11.990801576872537,44.77233902759528,0.7841655716163061,1.7826736370425957
616858,2026-04-01,38.96189224704336,65.9658344283837,63.96189224704336,63.96189224704336,25.0,64.16526138279933
616858,2026-05-01,38.96189224704336,65.9658344283837,64.94743758212877,64.94743758212877,25.985545335085412,66.6947723440135
616858,2026-06-01,38.96189224704336,65.9658344283837,65.9658344283837,65.9658344283837,27.003942181340342,69.30860033726813
616858,2026-07-01,38.96189224704336,70.99211563731932,66.95137976346912,66.95137976346912,27.98948751642576,71.83811129848232
616879,2026-04-01,34.03416557161629,34.03416557161629,25.0,35.036136662286424,1.001971090670132,2.94401544401533
616879,2026-05-01,34.03416557161629,34.03416557161629,25.98554533508541,35.48521681997367,1.4510512483573805,4.263513513513384
616879,2026-06-01,34.03416557161629,34.03416557161629,27.003942181340346,35.159658344283784,1.1254927726674921,3.3069498069496586
616879,2026-07-01,34.03416557161629,34.03416557161629,27.989487516425758,35.27168199737182,1.2375164257555298,3.636100386100225
616886,2026-04-01,19.021024967148488,19.021024967148488,13.009198423127463,19.15998685939548,0.13896189224699285,0.730569948186263
616886,2026-05-01,19.021024967148488,19.021024967148488,13.994743758212875,19.477332457292984,0.45630749014449634,2.3989637305696836
616886,2026-06-01,19.021024967148488,19.021024967148488,15.013140604467806,19.485545335085366,0.4645203679368777,2.4421416234885243
616886,2026-07-01,19.021024967148488,19.021024967148488,15.99868593955322,19.60643889618918,0.5854139290406906,3.0777202072536483
616933,2026-04-01,38.96189224704336,38.96189224704336,15.965834428383705,40.17279894875173,1.2109067017083746,3.107925801012051
616933,2026-05-01,38.96189224704336,38.96189224704336,16.95137976346912,40.29303547963215,1.3311432325887935,3.416526138280175
616933,2026-06-01,38.96189224704336,38.96189224704336,17.969776609724047,40.23357424441534,1.271681997371978,3.2639123102869325
616933,2026-07-01,38.96189224704336,55.97897503285151,18.95532194480946,40.60840998685946,1.6465177398161046,4.225969645868653
616950,2026-04-01,17.017082785808146,26.971090670170828,18.95532194480946,26.431340341655673,9.414257555847527,55.32239382239358
616950,2026-05-01,17.017082785808146,26.971090670170828,19.940867279894874,26.792049934296923,9.774967148488777,57.442084942084634
616950,2026-06-01,17.017082785808146,26.971090670170828,20.9592641261498,26.505584756898774,9.488501971090628,55.75868725868701
616950,2026-07-01,17.017082785808146,17.017082785808146,21.944809461235216,21.944809461235216,4.9277266754270705,28.957528957528964
616983,2026-04-01,47.010512483574246,47.010512483574246,33.01576872536137,46.91622864651774,0.0,0.0
616983,2026-05-01,47.010512483574246,47.010512483574246,34.00131406044678,46.74671484888304,0.0,0.0
616983,2026-06-01,47.010512483574246,47.010512483574246,35.019710906701704,46.84526938239159,0.0,0.0
616983,2026-07-01,47.010512483574246,47.010512483574246,36.00525624178712,46.655059132720105,0.0,0.0
617068,2026-04-01,27.92378449408673,27.92378449408673,13.92904073587385,27.937910643889598,0.014126149802869747,0.05058823529404178
617068,2026-05-01,27.92378449408673,27.92378449408673,14.914586070959263,28.004599211563715,0.08081471747698643,0.28941176470581964
617068,2026-06-01,27.92378449408673,27.92378449408673,15.932982917214192,28.08837056504597,0.16458607095924194,0.5894117647058028
617068,2026-07-01,27.92378449408673,27.92378449408673,16.918528252299605,27.974375821287758,0.05059132720102966,0.18117647058815797
617069,2026-04-01,23.98160315374507,23.98160315374507,13.92904073587385,24.51314060446781,0.5315374507227411,2.2164383561644163
617069,2026-05-01,23.98160315374507,23.98160315374507,14.914586070959263,24.634034165571617,0.6524310118265468,2.7205479452054915
617069,2026-06-01,23.98160315374507,23.98160315374507,15.932982917214192,25.3915900131406,1.4099868593955307,5.879452054794515
617069,2026-07-01,23.98160315374507,23.98160315374507,16.918528252299605,24.820302233902765,0.8386990801576957,3.497260273972638
617179,2026-04-01,23.98160315374507,34.98685939553219,20.99211563731932,32.47766097240471,8.496057818659644,35.427397260273914
617179,2026-05-01,23.98160315374507,34.98685939553219,21.97766097240473,33.12976346911956,9.14816031537449,38.14657534246568
617179,2026-06-01,23.98160315374507,34.98685939553219,22.996057818659654,33.66655716162941,9.684954007884343,40.384931506849234
617179,2026-07-01,23.98160315374507,34.98685939553219,23.98160315374507,33.29664914586068,9.315045992115607,38.842465753424534
617181,2026-04-01,21.02496714848883,27.003942181340346,13.009198423127463,27.15703022339027,6.132063074901438,29.165624999999967
617181,2026-05-01,21.02496714848883,27.003942181340346,13.994743758212875,27.067017082785807,6.042049934296976,28.737499999999994
617181,2026-06-01,21.02496714848883,27.003942181340346,15.013140604467806,27.046977660972402,6.022010512483572,28.642187499999988
617181,2026-07-01,21.02496714848883,27.003942181340346,15.99868593955322,27.003285151116952,5.9783180026281215,28.434375
617182,2026-04-01,23.98160315374507,23.98160315374507,13.009198423127463,24.549277266754274,0.567674113009204,2.3671232876712565
617182,2026-05-01,23.98160315374507,23.98160315374507,13.994743758212875,24.370893561103813,0.3892904073587431,1.623287671232896
617182,2026-06-01,23.98160315374507,23.98160315374507,15.013140604467806,25.15341655716163,1.1718134034165608,4.8863013698630295
617182,2026-07-01,23.98160315374507,23.98160315374507,15.99868593955322,24.69973718791065,0.7181340341655797,2.99452054794524
617183,2026-04-01,33.01576872536137,33.01576872536137,13.009198423127463,33.01642575558474,0.0006570302233726011,0.001990049751190246
617183,2026-05-01,33.01576872536137,33.01576872536137,13.994743758212875,33.016425755584734,0.0006570302233654957,0.0019900497511687247
617183,2026-06-01,33.01576872536137,33.01576872536137,15.013140604467806,33.005913272010496,0.0,0.0
617183,2026-07-01,33.01576872536137,33.01576872536137,15.99868593955322,33.01675427069643,0.0009855453350624543,0.0029850746267961305
617184,2026-04-01,30.02628120893561,30.02628120893561,13.009198423127463,30.026281208935565,0.0,0.0
617184,2026-05-01,30.02628120893561,30.02628120893561,13.994743758212875,30.03547963206303,0.00919842312741892,0.03063457330400787
617184,2026-06-01,30.02628120893561,30.02628120893561,15.013140604467806,30.03547963206303,0.00919842312741892,0.03063457330400787
617184,2026-07-01,30.02628120893561,30.02628120893561,15.99868593955322,30.03547963206303,0.00919842312741892,0.03063457330400787
617185,2026-04-01,23.98160315374507,30.02628120893561,13.009198423127463,28.735873850197073,4.754270696452004,19.82465753424644
617185,2026-05-01,23.98160315374507,30.02628120893561,13.994743758212875,29.39159001314056,5.409986859395492,22.558904109588873
617185,2026-06-01,23.98160315374507,30.02628120893561,15.013140604467806,29.197766097240446,5.216162943495377,21.75068493150675
617185,2026-07-01,23.98160315374507,30.02628120893561,15.99868593955322,28.484231274638624,4.502628120893554,18.775342465753397
617186,2026-04-01,23.98160315374507,27.003942181340346,13.009198423127463,25.782522996057825,1.800919842312755,7.509589041095928
617186,2026-05-01,23.98160315374507,27.003942181340346,13.994743758212875,26.388633377135356,2.4070302233902865,10.036986301369907
617186,2026-06-01,23.98160315374507,27.003942181340346,15.013140604467806,27.049605781865957,3.0680026281208868,12.79315068493148
617186,2026-07-01,23.98160315374507,27.003942181340346,15.99868593955322,26.948423127463865,2.9668199737187955,12.371232876712348
617188,2026-04-01,59.98685939553219,59.98685939553219,18.95532194480946,61.97273324572922,1.9858738501970308,3.3105147864182705
617188,2026-05-01,59.98685939553219,61.990801576872535,19.940867279894874,61.96320630749006,1.9763469119578687,3.294633077765472
617188,2026-06-01,59.98685939553219,61.990801576872535,20.9592641261498,62.025295663600446,2.038436268068253,3.398138006571611
617188,2026-07-01,59.98685939553219,61.990801576872535,21.944809461235216,61.97273324572922,1.9858738501970308,3.3105147864182705
617200,2026-04-01,70.9592641261498,70.9592641261498,11.990801576872537,71.03022339027589,0.07095926412608833,0.09999999999991338
617200,2026-05-01,70.9592641261498,70.9592641261498,12.976346911957949,71.03022339027589,0.07095926412608833,0.09999999999991338
617200,2026-06-01,70.9592641261498,70.9592641261498,13.994743758212875,71.03022339027589,0.07095926412608833,0.09999999999991338
617201,2026-04-01,70.9592641261498,70.9592641261498,11.990801576872537,71.0292378449408,0.06997371879099035,0.09861111111100676
617201,2026-05-01,70.9592641261498,70.9592641261498,12.976346911957949,70.95006570302228,0.0,0.0
617201,2026-06-01,70.9592641261498,70.9592641261498,13.994743758212875,70.95926412614973,0.0,0.0
617206,2026-04-01,47.99605781865966,47.99605781865966,14.947437582128778,47.996057818659594,0.0,0.0
617206,2026-05-01,47.99605781865966,47.99605781865966,15.932982917214192,47.996057818659594,0.0,0.0
617206,2026-06-01,47.99605781865966,47.99605781865966,16.95137976346912,47.996057818659594,0.0,0.0
617206,2026-07-01,47.99605781865966,47.99605781865966,17.936925098554532,47.996057818659594,0.0,0.0
617207,2026-04-01,59.98685939553219,59.98685939553219,25.0,59.986859395532264,7.105427357601002e-14,1.1844973097775164e-13
617207,2026-05-01,59.98685939553219,59.98685939553219,25.98554533508541,59.986859395532264,7.105427357601002e-14,1.1844973097775164e-13
617207,2026-06-01,59.98685939553219,59.98685939553219,27.003942181340346,59.986859395532264,7.105427357601002e-14,1.1844973097775164e-13
617207,2026-07-01,59.98685939553219,59.98685939553219,27.989487516425758,59.986859395532264,7.105427357601002e-14,1.1844973097775164e-13
617210,2026-04-01,46.97766097240473,46.97766097240473,11.990801576872537,46.96813403416566,0.0,0.0
617210,2026-05-01,46.97766097240473,46.97766097240473,12.976346911957949,46.988173455979066,0.010512483574338205,0.022377622377822027
617210,2026-06-01,46.97766097240473,46.97766097240473,13.994743758212875,46.95795006570311,0.0,0.0
617210,2026-07-01,47.99605781865966,47.99605781865966,14.98028909329829,47.996057818659594,0.0,0.0
617211,2026-04-01,66.98423127463863,66.98423127463863,31.99737187910644,67.13403416557163,0.14980289093300314,0.2236390387445128
617211,2026-05-01,66.98423127463863,66.98423127463863,32.98291721419185,67.23455978975035,0.2503285151117183,0.37371260421778835
617211,2026-06-01,66.98423127463863,66.98423127463863,34.00131406044678,67.51642575558479,0.5321944809461598,0.7945071113291371
617212,2026-04-01,66.98423127463863,66.98423127463863,31.99737187910644,68.39980289093302,1.415571616294386,2.1132908288377203
617212,2026-05-01,66.98423127463863,72.01051248357425,32.98291721419185,70.49211563731939,3.5078843626807554,5.236880823933408
617212,2026-06-01,66.98423127463863,72.01051248357425,34.00131406044678,70.2007227332458,3.216491458607166,4.801863658656309
617213,2026-04-01,47.99605781865966,47.99605781865966,5.978975032851511,47.996057818659594,0.0,0.0
617213,2026-05-01,47.99605781865966,47.99605781865966,6.964520367936925,47.996057818659594,0.0,0.0
617213,2026-06-01,47.99605781865966,47.99605781865966,7.982917214191852,47.996057818659594,0.0,0.0
617213,2026-07-01,50.0,50.0,10.972404730617608,50.00328515111696,0.0032851511169624814,0.006570302233924962
617214,2026-04-01,27.92378449408673,27.92378449408673,16.95137976346912,27.845269382391567,0.0,0.0
617214,2026-05-01,27.92378449408673,27.92378449408673,17.936925098554532,27.933968462549256,0.01018396846252756,0.036470588235216345
617214,2026-06-01,27.92378449408673,27.92378449408673,18.95532194480946,28.014783180026257,0.0909986859395282,0.32588235294108686
617214,2026-07-01,8.968462549277266,8.968462549277266,0.985545335085414,12.956307490144543,3.9878449408672765,44.46520146520143
617215,2026-04-01,50.98554533508541,50.98554533508541,27.989487516425758,50.92575558475697,0.0,0.0
617215,2026-05-01,50.98554533508541,50.98554533508541,28.97503285151117,50.79599211563739,0.0,0.0
617215,2026-06-01,50.98554533508541,50.98554533508541,29.993429697766096,50.806833114323325,0.0,0.0
617215,2026-07-01,34.00131406044678,34.00131406044678,13.994743758212875,34.01938239159004,0.018068331143261673,0.053140096618443024
617216,2026-04-01,28.94218134034165,28.94218134034165,17.969776609724047,28.93199737187906,0.0,0.0
617216,2026-05-01,28.94218134034165,28.94218134034165,18.95532194480946,28.93199737187906,0.0,0.0
617216,2026-06-01,28.94218134034165,28.94218134034165,19.97371879106439,29.00295663600521,0.060775295663557216,0.20998864926205243
617216,2026-07-01,28.94218134034165,28.94218134034165,20.9592641261498,28.97273324572926,0.030551905387607547,0.10556186152085968
617221,2026-04-01,29.993429697766096,29.993429697766096,11.990801576872537,29.993429697766132,3.552713678800501e-14,1.1844973097775164e-13
617221,2026-05-01,29.993429697766096,29.993429697766096,12.976346911957949,29.993429697766132,3.552713678800501e-14,1.1844973097775164e-13
617221,2026-06-01,29.993429697766096,29.993429697766096,13.994743758212875,29.993429697766132,3.552713678800501e-14,1.1844973097775164e-13
617221,2026-07-01,29.993429697766096,29.993429697766096,14.98028909329829,29.993758212877825,0.0003285151117289331,0.0010952902520294332
617224,2026-04-01,45.006570302233904,45.006570302233904,25.0,44.97667542706959,0.0,0.0
617224,2026-05-01,45.006570302233904,45.006570302233904,25.98554533508541,45.20565045992109,0.19908015768718457,0.44233576642320427
617224,2026-06-01,45.006570302233904,45.006570302233904,27.003942181340346,46.00229960578181,0.995729303547904,2.212408759123956
617224,2026-07-01,45.006570302233904,45.006570302233904,27.989487516425758,45.59329829172135,0.5867279894874429,1.303649635036333
617225,2026-04-01,39.02759526938239,39.02759526938239,29.993429697766096,39.666228646517716,0.6386333771353279,1.6363636363635845
617225,2026-05-01,39.02759526938239,39.02759526938239,30.97897503285151,41.06537450722732,2.03777923784493,5.221380471380444
617225,2026-06-01,39.02759526938239,39.02759526938239,31.99737187910644,40.23324572930352,1.2056504599211308,3.0892255892255243
617225,2026-07-01,39.02759526938239,39.02759526938239,32.98291721419185,40.841327201051215,1.8137319316688263,4.64730639730632
617226,2026-04-01,53.942181340341655,53.942181340341655,18.95532194480946,53.942181340341534,0.0,0.0
617226,2026-05-01,53.942181340341655,53.942181340341655,19.940867279894874,53.942181340341534,0.0,0.0
617226,2026-06-01,53.942181340341655,53.942181340341655,20.9592641261498,53.942181340341534,0.0,0.0
617226,2026-07-01,53.942181340341655,53.942181340341655,21.944809461235216,53.94283837056492,0.0006570302232660197,0.001218026796359174
617231,2026-04-01,47.99605781865966,47.99605781865966,21.97766097240473,48.1846254927726,0.18856767411293873,0.3928815879533097
617231,2026-05-01,47.99605781865966,47.99605781865966,22.963206307490143,48.1846254927726,0.18856767411293873,0.3928815879533097
617231,2026-06-01,47.99605781865966,47.99605781865966,23.98160315374507,48.21452036793685,0.21846254927719144,0.4551676933605549
617231,2026-07-01,23.02890932982917,23.02890932982917,0.0,22.61136662286469,0.0,0.0
617233,2026-04-01,61.92509855453351,61.92509855453351,14.947437582128778,61.82522996057812,0.0,0.0
617233,2026-05-01,61.92509855453351,61.92509855453351,15.932982917214192,61.84559789750321,0.0,0.0
617233,2026-06-01,61.92509855453351,61.92509855453351,16.95137976346912,61.9060446780551,0.0,0.0
617233,2026-07-01,61.92509855453351,61.92509855453351,17.936925098554532,61.9060446780551,0.0,0.0
617239,2026-04-01,47.99605781865966,47.99605781865966,4.960578186596584,48.390275952693756,0.394218134034098,0.8213552361394896
617239,2026-05-01,47.99605781865966,47.99605781865966,5.946123521681997,48.390275952693756,0.394218134034098,0.8213552361394896
617239,2026-06-01,47.99605781865966,51.93823915900131,6.964520367936925,50.5584756898817,2.5624178712220456,5.338809034907534
617239,2026-07-01,42.04993429697766,45.99211563731932,2.0039421813403417,45.62910643889619,3.5791721419185265,8.511718749999995
617242,2026-04-01,33.96846254927726,33.96846254927726,19.97371879106439,33.95006570302238,0.0,0.0
617242,2026-05-01,33.96846254927726,33.96846254927726,20.9592641261498,33.95006570302238,0.0,0.0
617242,2026-06-01,33.96846254927726,33.96846254927726,21.97766097240473,33.96846254927731,4.973799150320701e-14,1.4642402914483769e-13
617242,2026-07-01,33.96846254927726,33.96846254927726,22.963206307490143,34.06011826544025,0.09165571616298962,0.2698259187622248
617243,2026-04-01,22.963206307490143,22.963206307490143,19.97371879106439,23.176084099868557,0.2128777923784142,0.9270386266092887
617243,2026-05-01,22.963206307490143,22.963206307490143,20.9592641261498,23.11695137976343,0.15374507227328849,0.669527896995551
617243,2026-06-01,22.963206307490143,22.963206307490143,21.97766097240473,23.49802890932979,0.5348226018396467,2.329041487839606
617243,2026-07-01,22.963206307490143,22.963206307490143,22.963206307490143,26.071287779237824,3.1080814717476812,13.535050071530675
617245,2026-04-01,47.99605781865966,54.0407358738502,43.98817345597897,52.39093298291725,4.394875164257591,9.156741957563387
617245,2026-05-01,47.99605781865966,54.0407358738502,44.97371879106439,52.799605781865985,4.803547963206327,10.008213552361438
617245,2026-06-01,47.99605781865966,54.0407358738502,45.99211563731932,51.89421813403413,3.8981603153744757,8.121834360027314
617245,2026-07-01,45.99211563731932,40.04599211563732,32.98291721419185,42.01576872536131,0.0,0.0
617246,2026-04-01,19.97371879106439,35.972404730617605,17.969776609724047,29.209592641261512,9.235873850197123,46.24013157894744
617246,2026-05-01,19.97371879106439,35.972404730617605,18.95532194480946,29.248357424441522,9.274638633377133,46.43421052631578
617246,2026-06-01,19.97371879106439,35.972404730617605,19.97371879106439,31.905387647831823,11.931668856767434,59.73684210526328
617246,2026-07-01,35.972404730617605,35.972404730617605,20.9592641261498,37.95236530880422,1.9799605781866134,5.504109589041143
617248,2026-04-01,18.95532194480946,18.95532194480946,15.965834428383705,19.597897503285125,0.6425755584756665,3.3899480069322863
617248,2026-05-01,18.95532194480946,22.996057818659654,16.95137976346912,22.940210249671487,3.9848883048620287,21.022530329289456
617248,2026-06-01,18.95532194480946,22.996057818659654,17.969776609724047,22.972733245729305,4.017411300919846,21.194107452339715
617248,2026-07-01,18.95532194480946,22.996057818659654,18.95532194480946,23.292378449408673,4.337056504599214,22.880415944540747
617249,2026-04-01,22.963206307490143,22.963206307490143,13.92904073587385,23.385676741130055,0.4224704336399121,1.839771101573523
617249,2026-05-01,22.963206307490143,22.963206307490143,14.914586070959263,23.13567674113005,0.17247043363990855,0.7510729613732212
617249,2026-06-01,22.963206307490143,22.963206307490143,15.932982917214192,23.07457293035476,0.1113666228646153,0.4849785407723734
617249,2026-07-01,22.963206307490143,22.963206307490143,16.918528252299605,23.63304862023649,0.6698423127463471,2.9170243204576263
617250,2026-04-01,19.940867279894874,19.940867279894874,13.92904073587385,21.757884362680702,1.8170170827858279,9.112026359143426
617250,2026-05-01,19.940867279894874,25.919842312746383,14.914586070959263,24.28318002628121,4.342312746386337,21.77594728171336
617250,2026-06-01,19.940867279894874,25.919842312746383,15.932982917214192,25.0466491458607,5.105781865965827,25.604612850082336
617250,2026-07-01,19.940867279894874,25.919842312746383,16.918528252299605,25.346911957950056,5.406044678055181,27.110378912685295
617251,2026-04-01,16.95137976346912,16.95137976346912,15.965834428383705,17.474375821287758,0.5229960578186379,3.085271317829329
617251,2026-05-01,16.95137976346912,16.95137976346912,16.95137976346912,20.482588699080143,3.531208935611023,20.831395348837116
617251,2026-06-01,16.95137976346912,19.97371879106439,17.969776609724047,21.222404730617594,4.271024967148474,25.19573643410844
617251,2026-07-01,16.95137976346912,23.98160315374507,18.95532194480946,26.27266754270696,9.321287779237839,54.988372093023216
617252,2026-04-01,51.97109067017082,51.97109067017082,28.97503285151117,51.97897503285152,0.007884362680705692,0.015170670037969743
617252,2026-05-01,51.97109067017082,51.97109067017082,29.96057818659658,52.159658344283834,0.1885676741130169,0.36283185840709453
617252,2026-06-01,51.97109067017082,51.97109067017082,30.97897503285151,52.199408672798945,0.22831800262812862,0.43931731984830824
617252,2026-07-01,25.952693823915897,25.952693823915897,5.946123521681997,25.24967148488832,0.0,0.0
617253,2026-04-01,20.99211563731932,30.97897503285151,29.993429697766096,30.92049934296975,9.928383705650432,47.29577464788719
617253,2026-05-01,20.99211563731932,30.97897503285151,30.97897503285151,31.35348226018396,10.36136662286464,49.35837245696394
617254,2026-04-01,25.98554533508541,35.972404730617605,23.98160315374507,34.16458607095928,8.179040735873873,31.47534766118846
617254,2026-05-01,25.98554533508541,35.972404730617605,24.967148488830485,34.44513797634693,8.45959264126152,32.55499367888757
617254,2026-06-01,25.98554533508541,35.972404730617605,25.98554533508541,35.20203679369254,9.216491458607134,35.46776232616956
617254,2026-07-01,25.98554533508541,35.972404730617605,26.971090670170828,33.375821287779246,7.3902759526938375,28.439949431099933
617255,2026-04-01,29.993429697766096,29.993429697766096,27.989487516425758,36.572273324572926,6.5788436268068295,21.934282584884983
617255,2026-05-01,29.993429697766096,33.01576872536137,28.97503285151117,36.40407358738501,6.41064388961891,21.373493975903575
617255,2026-06-01,29.993429697766096,33.01576872536137,29.993429697766096,34.93988173455977,4.946452036793673,16.49178532311056
617255,2026-07-01,29.993429697766096,33.01576872536137,30.97897503285151,33.97043363994742,3.9770039421813266,13.259583789704227
617256,2026-04-01,20.99211563731932,25.952693823915897,26.971090670170828,27.796977660972434,6.804862023653115,32.416275430360066
617256,2026-05-01,20.99211563731932,31.99737187910644,27.95663600525624,31.20565045992117,10.21353482260185,48.654147104851376
617256,2026-06-01,20.99211563731932,31.99737187910644,28.97503285151117,31.824901445466526,10.832785808147207,51.604068857590136
617256,2026-07-01,20.99211563731932,31.99737187910644,29.96057818659658,31.854139290407396,10.862023653088077,51.74334898278576
617257,2026-04-01,35.019710906701704,35.019710906701704,27.989487516425758,35.68593955321942,0.6662286465177161,1.9024390243901763
617257,2026-05-01,35.019710906701704,35.019710906701704,28.97503285151117,35.92608409986857,0.9063731931668642,2.5881801125702952
617257,2026-06-01,35.019710906701704,47.010512483574246,29.993429697766096,39.18134034165568,4.161629434953973,11.883677298311346
617257,2026-07-01,35.019710906701704,47.010512483574246,30.97897503285151,42.63009198423124,7.610381077529539,21.731707317073095
617269,2026-04-01,17.969776609724047,19.97371879106439,15.965834428383705,20.598554533508526,2.6287779237844795,14.628884826325331
617269,2026-05-01,17.969776609724047,23.98160315374507,16.95137976346912,23.805847568988174,5.836070959264127,32.47714808043876
617269,2026-06-01,17.969776609724047,23.98160315374507,17.969776609724047,25.184296977660964,7.214520367936917,40.148080438756814
617269,2026-07-01,17.969776609724047,23.98160315374507,18.95532194480946,25.815045992115614,7.845269382391567,43.65813528336368
617270,2026-04-01,17.936925098554532,30.946123521682,16.95137976346912,27.981274638633366,10.044349540078834,55.99816849816845
617270,2026-05-01,17.936925098554532,30.946123521682,17.936925098554532,26.085742444152437,8.148817345597905,45.43040293040298
617270,2026-06-01,17.936925098554532,30.946123521682,18.95532194480946,26.270367936925112,8.33344283837058,46.45970695970705
617270,2026-07-01,17.936925098554532,33.96846254927726,19.940867279894874,29.806176084099892,11.86925098554536,66.17216117216131
617271,2026-04-01,17.936925098554532,23.98160315374507,18.95532194480946,24.689881734559787,6.752956636005255,37.64835164835164
617271,2026-05-01,17.936925098554532,23.98160315374507,19.940867279894874,24.211563731931665,6.274638633377133,34.98168498168497
617271,2026-06-01,17.936925098554532,23.98160315374507,20.9592641261498,24.166228646517737,6.229303547963205,34.72893772893772
617271,2026-07-01,17.936925098554532,23.98160315374507,21.944809461235216,24.407358738501976,6.470433639947444,36.07326007326011
617272,2026-04-01,29.993429697766096,29.993429697766096,21.97766097240473,30.61268068331146,0.6192509855453636,2.064622124863184
617272,2026-05-01,29.993429697766096,29.993429697766096,22.963206307490143,30.492444152431013,0.49901445466491623,1.6637458926615607
617272,2026-06-01,29.993429697766096,29.993429697766096,23.98160315374507,29.99277266754274,0.0,0.0
617272,2026-07-01,29.993429697766096,29.993429697766096,24.967148488830485,30.409986859395563,0.4165571616294663,1.3888280394305537
617278,2026-04-01,60.906701708278575,60.906701708278575,13.92904073587385,60.78745072273331,0.0,0.0
617278,2026-05-01,60.906701708278575,60.906701708278575,14.914586070959263,60.882063074901495,0.0,0.0
617278,2026-06-01,60.906701708278575,60.906701708278575,15.932982917214192,60.82982917214197,0.0,0.0
617278,2026-07-01,60.906701708278575,60.906701708278575,16.918528252299605,60.77890932982923,0.0,0.0
617279,2026-04-01,29.993429697766096,29.993429697766096,9.986859395532194,29.993429697766132,3.552713678800501e-14,1.1844973097775164e-13
617279,2026-05-01,29.993429697766096,29.993429697766096,10.972404730617608,29.993429697766132,3.552713678800501e-14,1.1844973097775164e-13
617279,2026-06-01,29.993429697766096,29.993429697766096,11.990801576872537,29.993429697766132,3.552713678800501e-14,1.1844973097775164e-13
617279,2026-07-01,29.993429697766096,29.993429697766096,12.976346911957949,29.993429697766132,3.552713678800501e-14,1.1844973097775164e-13
617280,2026-04-01,77.95663600525624,77.95663600525624,73.94875164257556,78.29106438896176,0.3344283837055144,0.4289928360723076
617280,2026-05-01,77.95663600525624,77.95663600525624,74.93429697766096,78.0988830486201,0.1422470433638523,0.18246944795599088
617280,2026-06-01,77.95663600525624,77.95663600525624,75.9526938239159,78.27825229960564,0.321616294349397,0.4125579435312113
617280,2026-07-01,77.95663600525624,77.95663600525624,76.93823915900131,78.15834428383691,0.20170827858066787,0.2587442056466721
617284,2026-04-01,37.94349540078844,37.94349540078844,14.947437582128778,37.809789750328484,0.0,0.0
617284,2026-05-01,37.94349540078844,37.94349540078844,15.932982917214192,37.81931668856764,0.0,0.0
617284,2026-06-01,37.94349540078844,37.94349540078844,16.95137976346912,37.828515111695104,0.0,0.0
617287,2026-04-01,63.92904073587385,63.92904073587385,16.95137976346912,63.98258869908022,0.053547963206369786,0.08376156217892582
617287,2026-05-01,63.92904073587385,63.92904073587385,17.936925098554532,63.921484888304924,0.0,0.0
617287,2026-06-01,63.92904073587385,63.92904073587385,18.95532194480946,63.971747700394275,0.04270696452042699,0.06680369989731746
617287,2026-07-01,63.92904073587385,63.92904073587385,19.940867279894874,63.971747700394275,0.04270696452042699,0.06680369989731746
617288,2026-04-01,49.93429697766097,49.93429697766097,14.947437582128778,49.941524310118176,0.007227332457205193,0.014473684210350399
617288,2026-05-01,49.93429697766097,49.93429697766097,15.932982917214192,49.94021024967139,0.005913272010417359,0.011842105262967395
617288,2026-06-01,49.93429697766097,49.93429697766097,16.95137976346912,49.88042049934288,0.0,0.0
617288,2026-07-01,49.93429697766097,49.93429697766097,17.936925098554532,49.861038107752876,0.0,0.0
617299,2026-04-01,16.98423127463863,24.014454664914584,26.971090670170828,29.61793692509855,12.63370565045992,74.38491295938104
617299,2026-05-01,16.98423127463863,24.014454664914584,27.95663600525624,28.292049934296973,11.307818659658341,66.57833655705996
617299,2026-06-01,16.98423127463863,34.98685939553219,28.97503285151117,34.79664914586069,17.81241787122206,104.87620889748541
617299,2026-07-01,16.98423127463863,34.98685939553219,29.96057818659658,35.16787122207619,18.183639947437555,107.06189555125711
617302,2026-04-01,45.039421813403415,114.0275952693824,109.00131406044676,112.18626806833136,67.14684625492794,149.08460977388816
617302,2026-05-01,45.039421813403415,114.0275952693824,109.9868593955322,113.64126149802912,68.6018396846257,152.3150984682718
617302,2026-06-01,45.039421813403415,114.0275952693824,111.00525624178712,113.63633377135368,68.59691195795025,152.30415754923456
617302,2026-07-01,45.039421813403415,114.0275952693824,111.99080157687251,114.547634691196,69.50821287779257,154.32749817651393
617304,2026-04-01,40.9658344283837,40.9658344283837,29.993429697766096,41.10643889618932,0.1406044678056162,0.34322373696896213
617304,2026-05-01,40.9658344283837,40.9658344283837,30.97897503285151,41.22733245729312,0.261498028909422,0.6383319967925265
617304,2026-06-01,40.9658344283837,40.9658344283837,31.99737187910644,42.161300919842375,1.1954664914586743,2.918203688853412
617304,2026-07-01,40.9658344283837,40.9658344283837,32.98291721419185,42.4214848883049,1.455650459921202,3.5533279871693177
617326,2026-04-01,168.92247043363994,173.94875164257556,169.94086727989486,174.7003942181342,5.777923784494249,3.4204589653832156
617326,2026-05-01,168.92247043363994,173.94875164257556,170.92641261498028,175.7989487516428,6.876478318002853,4.070789576040585
617326,2026-06-01,168.92247043363994,173.94875164257556,171.94480946123522,176.38731931668877,7.46484888304883,4.419097627382466
617326,2026-07-01,168.92247043363994,183.9356110381077,172.9303547963206,180.06340341655743,11.14093298291749,6.595293660054617
617327,2026-04-01,59.98685939553219,59.98685939553219,18.95532194480946,59.986859395532264,7.105427357601002e-14,1.1844973097775164e-13
617327,2026-05-01,59.98685939553219,59.98685939553219,19.940867279894874,59.986859395532264,7.105427357601002e-14,1.1844973097775164e-13
617327,2026-06-01,59.98685939553219,59.98685939553219,20.9592641261498,59.986859395532264,7.105427357601002e-14,1.1844973097775164e-13
617327,2026-07-01,59.98685939553219,59.98685939553219,21.944809461235216,59.986859395532264,7.105427357601002e-14,1.1844973097775164e-13
617333,2026-04-01,33.04862023653088,33.04862023653088,22.996057818659654,33.00525624178713,0.0,0.0
617333,2026-05-01,33.04862023653088,33.04862023653088,23.98160315374507,32.99540078843628,0.0,0.0
617333,2026-06-01,33.04862023653088,33.04862023653088,25.0,32.93035479632064,0.0,0.0
617333,2026-07-01,32.03022339027595,32.03022339027595,24.967148488830485,31.79467805519049,0.0,0.0
617338,2026-04-01,40.93298291721419,40.93298291721419,13.92904073587385,41.00394218134042,0.07095926412623044,0.17335473515268496
617338,2026-05-01,40.93298291721419,40.93298291721419,14.914586070959263,41.00361366622873,0.07063074901454058,0.17255216693439931
617338,2026-06-01,40.93298291721419,40.93298291721419,15.932982917214192,41.00361366622873,0.07063074901454058,0.17255216693439931
617338,2026-07-01,40.93298291721419,40.93298291721419,16.918528252299605,41.00427069645211,0.07128777923792029,0.1741573033709706
617345,2026-04-01,21.97766097240473,21.97766097240473,15.965834428383705,23.01478318002627,1.0371222076215396,4.71898355754853
617345,2026-05-01,21.97766097240473,21.97766097240473,16.95137976346912,22.58607095926412,0.6084099868593889,2.7683109118086393
617345,2026-06-01,21.97766097240473,21.97766097240473,17.969776609724047,22.84526938239159,0.8676084099868575,3.947683109118078
617361,2026-04-01,40.9658344283837,40.9658344283837,17.969776609724047,40.97568988173465,0.009855453350951393,0.02405773857281158
617361,2026-05-01,40.9658344283837,40.9658344283837,18.95532194480946,40.97568988173465,0.009855453350951393,0.02405773857281158
617361,2026-06-01,40.9658344283837,40.9658344283837,19.97371879106439,40.97568988173465,0.009855453350951393,0.02405773857281158
617364,2026-04-01,41.95137976346912,41.95137976346912,14.947437582128778,41.9431668856767,0.0,0.0
617364,2026-05-01,41.95137976346912,41.95137976346912,15.932982917214192,41.94218134034161,0.0,0.0
617364,2026-06-01,41.95137976346912,41.95137976346912,16.95137976346912,42.82457293035477,0.873193166885649,2.081440877055533
617364,2026-07-01,42.96977660972404,42.96977660972404,18.95532194480946,43.17049934296976,0.2007227332457191,0.4671253822629733
617370,2026-04-01,22.963206307490143,22.963206307490143,13.92904073587385,23.4638633377135,0.5006570302233584,2.1802575107294753
617370,2026-05-01,22.963206307490143,22.963206307490143,14.914586070959263,24.667871222076187,1.7046649145860435,7.423462088698021
617370,2026-06-01,22.963206307490143,22.963206307490143,15.932982917214192,23.886990801576843,0.9237844940866999,4.02288984263221
617370,2026-07-01,21.02496714848883,21.02496714848883,14.98028909329829,22.361366622864683,1.3363994743758525,6.356250000000148
617372,2026-04-01,36.990801576872535,39.94743758212878,40.9658344283837,42.04960578186594,5.058804204993407,13.675843694493722
617372,2026-05-01,36.990801576872535,39.94743758212878,41.95137976346912,41.95137976346912,4.960578186596585,13.410301953818832
617372,2026-07-01,25.98554533508541,5.946123521681997,9.95400788436268,15.85249671484889,0.0,0.0
617374,2026-04-01,183.9356110381077,195.00657030223388,196.9448094612352,196.9448094612352,13.009198423127486,7.0726915520628815
617374,2026-05-01,183.9356110381077,195.00657030223388,197.9303547963206,197.9303547963206,13.994743758212877,7.6085015181282385
617374,2026-06-01,183.9356110381077,195.00657030223388,198.9487516425756,198.9487516425756,15.013140604467878,8.162171816395826
617375,2026-04-01,30.02628120893561,30.02628120893561,7.982917214191852,30.02660972404726,0.0003285151116472207,0.0010940919035603278
617375,2026-05-01,30.02628120893561,30.02628120893561,8.968462549277266,30.02660972404726,0.0003285151116472207,0.0010940919035603278
617375,2026-06-01,30.02628120893561,30.02628120893561,9.986859395532194,30.02660972404726,0.0003285151116472207,0.0010940919035603278
617375,2026-07-01,30.02628120893561,30.02628120893561,10.972404730617608,30.02628120893556,0.0,0.0
617379,2026-04-01,84.00131406044677,165.0131406044678,156.99737187910642,165.44678055190516,81.44546649145839,96.95737192021876
617379,2026-05-01,84.00131406044677,165.0131406044678,157.98291721419184,165.54270696452014,81.54139290407336,97.07156824403572
617379,2026-06-01,84.00131406044677,165.0131406044678,159.0013140604468,165.74047306176064,81.73915900131387,97.30700039108308
617390,2026-04-01,41.95137976346912,41.95137976346912,18.95532194480946,41.95400788436264,0.002628120893518826,0.006264682850329919
617390,2026-05-01,41.95137976346912,41.95137976346912,19.940867279894874,41.96484888304858,0.01346911957946162,0.032106499608364265
617390,2026-06-01,41.95137976346912,41.95137976346912,20.9592641261498,41.95630749014451,0.004927726675390431,0.011746280344470221
617391,2026-04-01,20.9592641261498,27.92378449408673,13.92904073587385,27.335413929040715,6.3761498028909145,30.4216300940438
617391,2026-05-01,20.9592641261498,27.92378449408673,14.914586070959263,27.662614980289078,6.703350854139277,31.982758620689594
617391,2026-06-01,20.9592641261498,27.92378449408673,15.932982917214192,27.78515111695136,6.8258869908015605,32.56739811912218
617391,2026-07-01,20.9592641261498,27.92378449408673,16.918528252299605,27.74540078843625,6.786136662286449,32.37774294670839
617403,2026-04-01,28.97503285151117,28.97503285151117,26.971090670170828,28.97470433639942,0.0,0.0
617403,2026-05-01,28.97503285151117,28.97503285151117,27.95663600525624,28.963534822601797,0.0,0.0
617403,2026-06-01,28.97503285151117,28.97503285151117,28.97503285151117,29.366622864651717,0.3915900131405472,1.3514739229022967
617403,2026-07-01,28.97503285151117,28.97503285151117,29.96057818659658,29.96057818659658,0.985545335085412,3.4013605442176806
617404,2026-04-01,34.98685939553219,34.98685939553219,11.990801576872537,35.02562417871219,0.03876478317999954,0.11079812206565126
617404,2026-05-01,34.98685939553219,34.98685939553219,12.976346911957949,35.02595269382389,0.0390932982916965,0.11173708920180672
617404,2026-06-01,34.98685939553219,34.98685939553219,13.994743758212875,35.02562417871219,0.03876478317999954,0.11079812206565126
617404,2026-07-01,22.01051248357424,22.01051248357424,2.0039421813403417,22.52398160315373,0.51346911957949,2.3328358208954745
617405,2026-04-01,23.98160315374507,23.98160315374507,17.969776609724047,25.67706964520369,1.695466491458621,7.069863013698689
617405,2026-05-01,23.98160315374507,23.98160315374507,18.95532194480946,25.28975032851513,1.3081471747700597,5.454794520548031
617405,2026-06-01,23.98160315374507,23.98160315374507,19.97371879106439,26.056504599211575,2.074901445466505,8.652054794520605
617405,2026-07-01,23.98160315374507,34.98685939553219,20.9592641261498,32.80223390275951,8.820630749014441,36.78082191780817
617406,2026-04-01,58.01576872536136,58.01576872536136,35.019710906701704,59.08278580814718,1.0670170827858172,1.839184597961511
617406,2026-05-01,58.01576872536136,58.01576872536136,36.00525624178712,59.13173455978976,1.1159658344284011,1.9235560588901772
617406,2026-06-01,58.01576872536136,58.01576872536136,37.023653088042046,59.676084099868625,1.6603153745072632,2.8618346545866986
617408,2026-04-01,34.95400788436268,34.95400788436268,23.98160315374507,35.44940867279898,0.4954007884362994,1.4172932330827965
617408,2026-05-01,34.95400788436268,34.95400788436268,24.967148488830485,35.45762155059139,0.5036136662287092,1.4407894736843898
617408,2026-06-01,34.95400788436268,34.95400788436268,25.98554533508541,36.55880420499349,1.6047963206308111,4.5911654135340125
617409,2026-04-01,45.959264126149804,36.92509855453351,37.94349540078844,37.94349540078844,0.0,0.0
617409,2026-05-01,45.959264126149804,36.92509855453351,38.92904073587385,38.92904073587385,0.0,0.0
617409,2026-06-01,45.959264126149804,36.92509855453351,39.94743758212878,39.94743758212878,0.0,0.0
617409,2026-07-01,45.959264126149804,36.92509855453351,40.93298291721419,40.93298291721419,0.0,0.0
617412,2026-04-01,33.96846254927726,33.96846254927726,16.95137976346912,33.95926412614985,0.0,0.0
617412,2026-05-01,33.96846254927726,33.96846254927726,17.936925098554532,33.95926412614985,0.0,0.0
617412,2026-06-01,33.96846254927726,33.96846254927726,18.95532194480946,33.95926412614985,0.0,0.0
617412,2026-07-01,33.96846254927726,33.96846254927726,19.940867279894874,33.95926412614985,0.0,0.0
617413,2026-04-01,11.990801576872537,21.97766097240473,22.996057818659654,22.996057818659654,11.005256241787118,91.78082191780817
617413,2026-05-01,11.990801576872537,21.97766097240473,23.98160315374507,23.98160315374507,11.990801576872533,99.99999999999997
617413,2026-06-01,11.990801576872537,31.011826544021023,25.0,29.14403416557161,17.153232588699076,143.05326027397257
617413,2026-07-01,11.990801576872537,31.011826544021023,25.98554533508541,28.912614980289085,16.92181340341655,141.12328767123282
617416,2026-04-01,41.03153745072273,41.03153745072273,9.00131406044678,41.0308804204993,0.0,0.0
617416,2026-05-01,41.03153745072273,41.03153745072273,9.986859395532194,41.03055190538761,0.0,0.0
617416,2026-06-01,41.03153745072273,41.03153745072273,11.00525624178712,41.0308804204993,0.0,0.0
617416,2026-07-01,41.03153745072273,41.03153745072273,11.990801576872537,41.0308804204993,0.0,0.0
617422,2026-04-01,125.91984231274638,125.91984231274638,110.93955321944809,126.89388961892277,0.9740473061763879,0.7735455256981281
617422,2026-05-01,125.91984231274638,125.91984231274638,111.9250985545335,126.40177398160347,0.4819316688570865,0.3827289329509448
617422,2026-06-01,125.91984231274638,125.91984231274638,112.94349540078844,126.37187910643921,0.4520367936928267,0.35898773806443113
617422,2026-07-01,125.91984231274638,125.91984231274638,113.92904073587384,126.42181340341685,0.501971090670466,0.39864336029243375
617727,2026-04-01,36.00525624178712,36.00525624178712,5.978975032851511,36.005256241787166,4.263256414560601e-14,1.1840650114892764e-13
617727,2026-05-01,36.00525624178712,36.00525624178712,6.964520367936925,36.005256241787166,4.263256414560601e-14,1.1840650114892764e-13
617727,2026-06-01,36.00525624178712,36.00525624178712,7.982917214191852,36.005256241787166,4.263256414560601e-14,1.1840650114892764e-13
617727,2026-07-01,36.00525624178712,36.00525624178712,8.968462549277266,36.005256241787166,4.263256414560601e-14,1.1840650114892764e-13
617729,2026-04-01,36.00525624178712,36.00525624178712,5.978975032851511,36.005256241787166,4.263256414560601e-14,1.1840650114892764e-13
617729,2026-05-01,36.00525624178712,36.00525624178712,6.964520367936925,36.005256241787166,4.263256414560601e-14,1.1840650114892764e-13
617729,2026-06-01,36.00525624178712,36.00525624178712,7.982917214191852,36.005256241787166,4.263256414560601e-14,1.1840650114892764e-13
617729,2026-07-01,36.00525624178712,36.00525624178712,8.968462549277266,36.005256241787166,4.263256414560601e-14,1.1840650114892764e-13
617730,2026-04-01,23.98160315374507,23.98160315374507,21.97766097240473,29.342641261498038,5.361038107752968,22.354794520547998
617730,2026-05-01,23.98160315374507,23.98160315374507,22.963206307490143,25.753285151116955,1.7716819973718856,7.38767123287674
617730,2026-06-01,23.98160315374507,29.993429697766096,23.98160315374507,29.284165571616317,5.302562417871247,22.110958904109694
617730,2026-07-01,23.98160315374507,29.993429697766096,24.967148488830485,30.42772667542709,6.4461235216820185,26.879452054794612
617764,2026-04-01,62.97634691195795,62.97634691195795,27.989487516425758,64.00886990801581,1.032522996057864,1.6395409494001763
617764,2026-05-01,62.97634691195795,62.97634691195795,28.97503285151117,63.85840998685942,0.882063074901474,1.4006259780908121
617764,2026-06-01,62.97634691195795,62.97634691195795,29.993429697766096,63.85840998685942,0.882063074901474,1.4006259780908121
617764,2026-07-01,62.97634691195795,62.97634691195795,30.97897503285151,64.0289093298292,1.0525624178712576,1.6713615023474744
617801,2026-04-01,21.02496714848883,27.003942181340346,13.009198423127463,26.994086727989483,5.969119579500653,28.39062499999998
617801,2026-05-01,21.02496714848883,27.003942181340346,13.994743758212875,26.97404730617608,5.9490801576872485,28.295312499999977
617801,2026-06-01,21.02496714848883,27.003942181340346,15.013140604467806,27.03810775295663,6.0131406044678,28.599999999999977
617801,2026-07-01,21.02496714848883,27.003942181340346,15.99868593955322,26.97733245729303,5.9523653088042,28.310937499999977
617802,2026-04-01,28.97503285151117,28.97503285151117,5.978975032851511,28.974704336399405,0.0,0.0
617802,2026-05-01,28.97503285151117,28.97503285151117,6.964520367936925,28.974704336399405,0.0,0.0
617802,2026-06-01,28.97503285151117,28.97503285151117,7.982917214191852,28.974704336399405,0.0,0.0
617802,2026-07-01,28.97503285151117,28.97503285151117,8.968462549277266,29.014126149802824,0.039093298291653866,0.1349206349204018
617803,2026-04-01,23.98160315374507,23.98160315374507,6.964520367936925,24.160972404730625,0.17936925098555534,0.7479452054794938
617803,2026-05-01,23.98160315374507,23.98160315374507,7.950065703022338,24.101182654402105,0.11957950065703571,0.4986301369863243
617803,2026-06-01,23.98160315374507,23.98160315374507,8.968462549277266,24.101182654402105,0.11957950065703571,0.4986301369863243
617803,2026-07-01,23.98160315374507,23.98160315374507,9.95400788436268,24.101182654402105,0.11957950065703571,0.4986301369863243
617804,2026-04-01,32.95006570302234,32.95006570302234,21.97766097240473,33.00854139290399,0.058475689881653636,0.17746759720812927
617804,2026-05-01,32.95006570302234,32.95006570302234,22.963206307490143,32.8797634691195,0.0,0.0
617804,2026-06-01,32.95006570302234,32.95006570302234,23.98160315374507,31.95729303547957,0.0,0.0
617804,2026-07-01,32.95006570302234,32.95006570302234,24.967148488830485,31.486202365308763,0.0,0.0
617806,2026-04-01,23.98160315374507,23.98160315374507,13.009198423127463,25.45105124835742,1.4694480946123498,6.1273972602739635
617806,2026-05-01,23.98160315374507,23.98160315374507,13.994743758212875,24.87614980289092,0.8945466491458518,3.730136986301333
617806,2026-06-01,23.98160315374507,23.98160315374507,15.013140604467806,24.49507227332457,0.5134691195795007,2.141095890410959
617806,2026-07-01,23.98160315374507,23.98160315374507,15.99868593955322,24.624835742444148,0.6432325886990782,2.68219178082191
617807,2026-04-01,23.98160315374507,23.98160315374507,5.978975032851511,23.981603153745088,1.7763568394002505e-14,7.407164683745702e-14
617807,2026-05-01,23.98160315374507,23.98160315374507,6.964520367936925,24.041721419185297,0.06011826544022725,0.2506849315069202
617807,2026-06-01,23.98160315374507,23.98160315374507,7.982917214191852,23.981603153745088,1.7763568394002505e-14,7.407164683745702e-14
617807,2026-07-01,23.98160315374507,23.98160315374507,8.968462549277266,24.011826544021037,0.030223390275967432,0.12602739726033546
617808,2026-04-01,23.98160315374507,23.98160315374507,5.978975032851511,23.981603153745088,1.7763568394002505e-14,7.407164683745702e-14
617808,2026-05-01,23.98160315374507,23.98160315374507,6.964520367936925,23.981603153745088,1.7763568394002505e-14,7.407164683745702e-14
617808,2026-06-01,23.98160315374507,23.98160315374507,7.982917214191852,23.981603153745088,1.7763568394002505e-14,7.407164683745702e-14
617808,2026-07-01,23.98160315374507,23.98160315374507,8.968462549277266,23.981603153745088,1.7763568394002505e-14,7.407164683745702e-14
617818,2026-04-01,95.99211563731932,117.93692509855452,49.93429697766097,111.29204993429697,15.299934296977654,15.938740588637913
617818,2026-05-01,117.93692509855452,117.93692509855452,50.91984231274638,118.78055190538765,0.8436268068331287,0.7153203342618507
617818,2026-06-01,117.93692509855452,117.93692509855452,51.93823915900131,118.73948751642575,0.8025624178712292,0.6805013927576663
617818,2026-07-01,117.93692509855452,117.93692509855452,52.923784494086725,118.6235216819974,0.6865965834428778,0.5821727019498942
617819,2026-04-01,95.99211563731932,95.99211563731932,45.99211563731932,96.23094612352158,0.23883048620226077,0.2488021902805208
617819,2026-05-01,95.99211563731932,95.99211563731932,46.97766097240473,96.23094612352158,0.23883048620226077,0.2488021902805208
617819,2026-06-01,95.99211563731932,95.99211563731932,47.99605781865966,96.42017082785796,0.42805519053864316,0.4459274469540143
617819,2026-07-01,95.99211563731932,95.99211563731932,48.98160315374507,96.18002628120881,0.18791064388949508,0.19575633127981623
617822,2026-04-01,30.02628120893561,30.02628120893561,13.009198423127463,30.026281208935565,0.0,0.0
617822,2026-05-01,30.02628120893561,30.02628120893561,13.994743758212875,30.026281208935565,0.0,0.0
617822,2026-06-01,30.02628120893561,30.02628120893561,15.013140604467806,30.026281208935565,0.0,0.0
617822,2026-07-01,30.02628120893561,30.02628120893561,15.99868593955322,30.026281208935565,0.0,0.0
617827,2026-04-01,59.98685939553219,59.98685939553219,15.965834428383705,60.01609724047314,0.029237844940944058,0.04874041621042372
617827,2026-05-01,59.98685939553219,59.98685939553219,16.95137976346912,59.986859395532264,7.105427357601002e-14,1.1844973097775164e-13
617827,2026-06-01,59.98685939553219,59.98685939553219,17.969776609724047,59.98817345597905,0.001314060446858889,0.0021905805039641063
617827,2026-07-01,59.98685939553219,59.98685939553219,18.95532194480946,59.986859395532264,7.105427357601002e-14,1.1844973097775164e-13
617828,2026-04-01,53.942181340341655,58.96846254927726,18.95532194480946,53.942181340341534,0.0,0.0
617828,2026-05-01,53.942181340341655,53.942181340341655,19.940867279894874,53.942181340341534,0.0,0.0
617828,2026-06-01,53.942181340341655,53.942181340341655,20.9592641261498,53.942181340341534,0.0,0.0
617828,2026-07-01,58.96846254927726,58.96846254927726,21.944809461235216,61.468791064389016,2.500328515111754,4.240111420612913
617829,2026-04-01,51.01839684625492,40.01314060446781,20.99211563731932,41.77431011826547,0.0,0.0
617829,2026-05-01,51.01839684625492,43.98817345597897,21.97766097240473,43.56307490144547,0.0,0.0
617829,2026-06-01,51.01839684625492,43.98817345597897,22.996057818659654,44.16984231274639,0.0,0.0
617829,2026-07-01,51.01839684625492,43.98817345597897,23.98160315374507,44.25919842312746,0.0,0.0
617830,2026-04-01,32.03022339027595,32.03022339027595,22.996057818659654,32.44776609724041,0.4175427069644613,1.3035897435895591
617830,2026-05-01,32.03022339027595,32.03022339027595,23.98160315374507,32.1780551905387,0.14783180026275033,0.4615384615382688
617830,2026-06-01,32.03022339027595,32.03022339027595,25.0,33.02168199737182,0.991458607095872,3.0953846153844458
617830,2026-07-01,32.03022339027595,32.03022339027595,25.98554533508541,32.83015768725356,0.7999342969776109,2.497435897435741
617832,2026-04-01,54.00788436268069,54.00788436268069,9.986859395532194,53.901116951379755,0.0,0.0
617832,2026-05-01,54.00788436268069,54.00788436268069,10.972404730617608,53.901116951379755,0.0,0.0
617832,2026-06-01,54.00788436268069,54.00788436268069,11.990801576872537,53.901116951379755,0.0,0.0
617832,2026-07-01,41.03153745072273,41.03153745072273,0.0,40.97503285151113,0.0,0.0
617836,2026-04-01,36.00525624178712,45.006570302233904,39.98028909329829,46.1925098554533,10.18725361366618,28.293795620437816
617836,2026-05-01,36.00525624178712,45.006570302233904,40.9658344283837,45.589356110381026,9.584099868593903,26.618613138685987
617836,2026-06-01,36.00525624178712,45.006570302233904,41.98423127463863,45.361695137976284,9.356438896189161,25.98631386861296
617836,2026-07-01,36.00525624178712,36.00525624178712,42.96977660972404,42.96977660972404,6.96452036793692,19.343065693430646
617837,2026-04-01,48.98160315374507,57.98291721419185,52.95663600525624,58.60216819973717,9.620565045992102,19.641180415828273
617837,2026-05-01,48.98160315374507,58.96846254927726,53.942181340341655,59.05716162943499,10.075558475689917,20.570087189805573
617837,2026-06-01,48.98160315374507,58.96846254927726,54.96057818659658,58.936268068331174,9.954664914586104,20.323272971160364
617837,2026-07-01,48.98160315374507,58.96846254927726,55.946123521682,59.34888304862025,10.367279894875182,21.165660630449402
617838,2026-04-01,46.97766097240473,46.97766097240473,18.95532194480946,46.818659658344366,0.0,0.0
617838,2026-05-01,46.97766097240473,46.97766097240473,19.940867279894874,46.930026281209024,0.0,0.0
617838,2026-06-01,46.97766097240473,46.97766097240473,20.9592641261498,46.818659658344366,0.0,0.0
617838,2026-07-01,46.97766097240473,46.97766097240473,21.944809461235216,46.72963206307499,0.0,0.0
617839,2026-04-01,38.009198423127465,38.009198423127465,35.019710906701704,44.88699080157689,6.877792378449428,18.095073465860033
617839,2026-05-01,38.009198423127465,38.009198423127465,36.00525624178712,43.551905387647864,5.542706964520399,14.582541054451248
617839,2026-06-01,38.009198423127465,38.009198423127465,37.023653088042046,41.18265440210253,3.1734559789750634,8.349178910976745
617839,2026-07-01,38.009198423127465,38.009198423127465,38.009198423127465,44.6501314060447,6.640932982917235,17.471910112359605
617877,2026-04-01,32.98291721419185,32.98291721419185,2.9566360052562417,32.97339027595268,0.0,0.0
617877,2026-05-01,32.98291721419185,32.98291721419185,3.942181340341656,32.982917214191836,0.0,0.0
617877,2026-06-01,32.98291721419185,32.98291721419185,4.960578186596584,33.083114323258854,0.10019710906700396,0.30378486055772913
617877,2026-07-01,32.98291721419185,32.98291721419185,5.946123521681997,33.083114323258854,0.10019710906700396,0.30378486055772913
617878,2026-04-01,32.98291721419185,32.98291721419185,2.9566360052562417,32.97339027595268,0.0,0.0
617878,2026-05-01,32.98291721419185,32.98291721419185,3.942181340341656,32.982917214191836,0.0,0.0
617878,2026-06-01,32.98291721419185,32.98291721419185,4.960578186596584,32.982917214191836,0.0,0.0
617878,2026-07-01,32.98291721419185,32.98291721419185,5.946123521681997,32.982917214191836,0.0,0.0
617880,2026-04-01,36.00525624178712,36.00525624178712,6.964520367936925,36.005256241787166,4.263256414560601e-14,1.1840650114892764e-13
617880,2026-05-01,36.00525624178712,36.00525624178712,7.950065703022338,36.005256241787166,4.263256414560601e-14,1.1840650114892764e-13
617880,2026-06-01,36.00525624178712,36.00525624178712,8.968462549277266,35.915243101182696,0.0,0.0
617882,2026-04-01,11.990801576872537,11.990801576872537,6.964520367936925,12.300919842312746,0.3101182654402095,2.586301369863007
617882,2026-05-01,11.990801576872537,11.990801576872537,7.950065703022338,12.020696452036793,0.029894875164256263,0.2493150684931399
617882,2026-06-01,11.990801576872537,11.990801576872537,8.968462549277266,12.120893561103813,0.13009198423127621,1.0849315068493282
617882,2026-07-01,11.990801576872537,11.990801576872537,9.95400788436268,12.29106438896189,0.300262812089354,2.5041095890410783
617883,2026-04-01,59.98685939553219,59.98685939553219,45.99211563731932,59.83705650459929,0.0,0.0
617883,2026-05-01,59.98685939553219,59.98685939553219,46.97766097240473,59.99671484888312,0.009855453350930077,0.01642935377887796
617883,2026-06-01,59.98685939553219,59.98685939553219,47.99605781865966,59.87713534822609,0.0,0.0
617883,2026-07-01,59.98685939553219,59.98685939553219,48.98160315374507,59.75689881734566,0.0,0.0
617885,2026-04-01,17.936925098554532,50.91984231274638,49.93429697766097,50.17115637319316,32.23423127463863,179.7087912087912
617885,2026-05-01,17.936925098554532,51.93823915900131,50.91984231274638,51.18166885676743,33.2447437582129,185.34249084249097
617885,2026-06-01,17.936925098554532,52.923784494086725,51.93823915900131,52.474375821287815,34.53745072273328,192.54945054945077
617885,2026-07-01,17.936925098554532,53.942181340341655,52.923784494086725,52.923784494086725,34.98685939553219,195.05494505494505
617886,2026-04-01,23.98160315374507,29.993429697766096,21.97766097240473,28.72700394218136,4.745400788436289,19.7876712328768
617886,2026-05-01,23.98160315374507,29.993429697766096,22.963206307490143,31.292378449408645,7.310775295663575,30.48493150684921
617886,2026-06-01,23.98160315374507,32.95006570302234,23.98160315374507,32.42641261498023,8.44480946123516,35.213698630136754
617886,2026-06-01,23.98160315374507,32.95006570302234,23.98160315374507,32.42641261498023,8.44480946123516,35.213698630136754
617886,2026-07-01,23.98160315374507,33.96846254927726,24.967148488830485,33.40932982917215,9.427726675427081,39.31232876712334
617887,2026-04-01,23.98160315374507,50.0,53.975032851511166,53.975032851511166,29.993429697766096,125.06849315068493
617887,2026-05-01,23.98160315374507,50.0,54.96057818659658,54.96057818659658,30.97897503285151,129.17808219178082
617887,2026-06-01,23.98160315374507,56.96452036793692,55.97897503285151,55.97897503285151,31.99737187910644,133.4246575342466
617888,2026-04-01,12.02365308804205,27.95663600525624,25.952693823915897,26.497332457293066,14.473679369251016,120.37672131147568
617888,2026-05-01,12.02365308804205,27.95663600525624,26.938239159001316,27.40637319316691,15.38272010512486,127.93715846994557
617888,2026-06-01,12.02365308804205,28.94218134034165,27.95663600525624,28.590013140604448,16.5663600525624,137.78142076502718
617888,2026-07-01,12.02365308804205,28.94218134034165,28.94218134034165,28.94218134034165,16.918528252299602,140.71038251366116
617889,2026-04-01,12.02365308804205,34.98685939553219,34.00131406044678,34.019198423127456,21.995545335085406,182.9356284153005
617889,2026-05-01,12.02365308804205,36.00525624178712,34.98685939553219,35.652431011826565,23.628777923784515,196.51912568306028
617889,2026-06-01,12.02365308804205,36.990801576872535,36.00525624178712,36.433311432325844,24.409658344283795,203.01366120218543
617889,2026-07-01,12.02365308804205,36.990801576872535,36.990801576872535,36.990801576872535,24.967148488830485,207.65027322404373
617890,2026-04-01,22.963206307490143,22.963206307490143,2.9566360052562417,22.963534822601797,0.0003285151116543261,0.001430615164343017
617890,2026-05-01,22.963206307490143,22.963206307490143,3.942181340341656,22.963534822601797,0.0003285151116543261,0.001430615164343017
617890,2026-06-01,22.963206307490143,22.963206307490143,4.960578186596584,22.953679369250946,0.0,0.0
617890,2026-07-01,22.963206307490143,22.963206307490143,5.946123521681997,23.023324572930314,0.060118265440170404,0.2618025751071226
617891,2026-04-01,17.969776609724047,29.96057818659658,37.94349540078844,37.94349540078844,19.973718791064396,111.1517367458867
617891,2026-05-01,17.969776609724047,29.96057818659658,38.92904073587385,38.92904073587385,20.9592641261498,116.636197440585
617892,2026-04-01,35.972404730617605,65.93298291721419,64.94743758212877,65.67871222076215,29.706307490144546,82.58082191780822
617892,2026-05-01,35.972404730617605,67.93692509855452,65.93298291721419,66.73028909329834,30.757884362680734,85.50410958904125
617892,2026-06-01,35.972404730617605,67.93692509855452,66.95137976346912,67.02135348226025,31.048948751642648,86.31324200913262
617892,2026-07-01,35.972404730617605,70.9592641261498,67.93692509855452,67.93692509855452,31.96452036793692,88.85844748858447
617893,2026-04-01,29.96057818659658,29.96057818659658,4.960578186596584,29.94086727989491,0.0,0.0
617893,2026-05-01,29.96057818659658,29.96057818659658,5.946123521681997,29.94086727989491,0.0,0.0
617893,2026-06-01,29.96057818659658,29.96057818659658,6.964520367936925,29.94086727989491,0.0,0.0
617893,2026-07-01,29.96057818659658,29.96057818659658,7.950065703022338,29.94086727989491,0.0,0.0
617894,2026-04-01,23.98160315374507,33.01576872536137,25.0,32.30519053876477,8.3235873850197,34.70821917808215
617894,2026-05-01,23.98160315374507,35.972404730617605,25.98554533508541,35.099540078843646,11.117936925098576,46.36027397260283
617894,2026-06-01,23.98160315374507,37.97634691195795,27.003942181340346,36.7989487516426,12.817345597897528,53.44657534246586
617894,2026-07-01,23.98160315374507,37.97634691195795,27.989487516425758,37.34822601839688,13.36662286465181,55.73698630137002
617895,2026-04-01,24.014454664914584,44.021024967148485,36.00525624178712,42.052233902759546,18.037779237844962,75.11217510259928
617895,2026-05-01,24.014454664914584,44.021024967148485,36.990801576872535,43.84658344283838,19.832128777923796,82.58413132694943
617895,2026-06-01,24.014454664914584,44.021024967148485,38.009198423127465,43.72339027595271,19.708935611038125,82.07113543091663
617895,2026-07-01,24.014454664914584,44.021024967148485,38.99474375821288,43.202693823915915,19.18823915900133,79.90287277701785
617896,2026-04-01,18.00262812089356,18.00262812089356,11.990801576872537,18.0624178712221,0.059789750328537394,0.33211678832129166
617896,2026-05-01,18.00262812089356,18.00262812089356,12.976346911957949,18.0624178712221,0.059789750328537394,0.33211678832129166
617896,2026-06-01,18.00262812089356,18.00262812089356,13.994743758212875,18.117936925098576,0.11530880420501433,0.6405109489052255
617896,2026-07-01,18.00262812089356,18.00262812089356,14.98028909329829,17.886005256241805,0.0,0.0
617897,2026-04-01,24.014454664914584,35.019710906701704,33.01576872536137,36.24638633377134,12.231931668856756,50.93570451436384
617897,2026-05-01,24.014454664914584,39.02759526938239,34.00131406044678,38.612023653088016,14.597568988173432,60.78659370725025
617897,2026-06-01,24.014454664914584,39.02759526938239,35.019710906701704,38.80354796320628,14.789093298291693,61.58413132694926
617897,2026-07-01,24.014454664914584,41.03153745072273,36.00525624178712,39.64684625492769,15.632391590013103,65.09575923392597
617898,2026-04-01,29.993429697766096,29.993429697766096,11.990801576872537,29.993101182654442,0.0,0.0
617898,2026-05-01,29.993429697766096,29.993429697766096,12.976346911957949,29.993429697766132,3.552713678800501e-14,1.1844973097775164e-13
617898,2026-06-01,29.993429697766096,29.993429697766096,13.994743758212875,29.993429697766132,3.552713678800501e-14,1.1844973097775164e-13
617898,2026-07-01,29.993429697766096,29.993429697766096,14.98028909329829,29.993429697766132,3.552713678800501e-14,1.1844973097775164e-13
617899,2026-04-01,24.014454664914584,32.98291721419185,25.952693823915897,31.567345597897514,7.55289093298293,31.451436388508945
617899,2026-05-01,24.014454664914584,32.98291721419185,26.938239159001316,31.928383705650454,7.913929040735869,32.95485636114909
617899,2026-06-01,24.014454664914584,32.98291721419185,27.95663600525624,33.190538764783184,9.1760840998686,38.21067031463751
617899,2026-07-01,24.014454664914584,32.98291721419185,28.94218134034165,33.580814717477,9.566360052562413,39.835841313269476
617900,2026-04-01,24.014454664914584,36.00525624178712,42.96977660972404,42.96977660972404,18.95532194480946,78.9329685362517
617900,2026-05-01,24.014454664914584,36.00525624178712,43.95532194480946,43.95532194480946,19.940867279894878,83.03693570451438
617901,2026-04-01,24.014454664914584,38.96189224704336,39.98028909329829,39.98028909329829,15.965834428383705,66.484268125855
617901,2026-05-01,24.014454664914584,38.96189224704336,40.9658344283837,40.9658344283837,16.951379763469117,70.58823529411764
617901,2026-06-01,24.014454664914584,42.96977660972404,41.98423127463863,42.26379763469127,18.249342969776688,75.9931600547199
617901,2026-07-01,24.014454664914584,42.96977660972404,42.96977660972404,42.96977660972404,18.95532194480946,78.9329685362517
617902,2026-04-01,23.98160315374507,23.98160315374507,15.965834428383705,24.051248357424438,0.069645203679368,0.2904109589041044
617902,2026-05-01,23.98160315374507,23.98160315374507,16.95137976346912,25.920827858081473,1.9392247043364037,8.086301369863031
617902,2026-06-01,23.98160315374507,23.98160315374507,17.969776609724047,24.36826544021026,0.38666228646518874,1.612328767123335
617902,2026-07-01,23.98160315374507,23.98160315374507,18.95532194480946,24.130091984231274,0.14848883048620465,0.6191780821917905
617904,2026-04-01,30.02628120893561,38.99474375821288,36.00525624178712,39.73685939553214,9.710578186596532,32.340262582056724
617904,2026-05-01,30.02628120893561,38.99474375821288,36.990801576872535,39.737844940867234,9.711563731931623,32.343544857767895
617904,2026-06-01,30.02628120893561,38.99474375821288,38.009198423127465,40.58869908015765,10.562417871222042,35.17724288840251
617904,2026-07-01,30.02628120893561,44.021024967148485,38.99474375821288,43.35972404730619,13.333442838370576,44.40590809628013
617905,2026-04-01,24.014454664914584,41.03153745072273,35.019710906701704,41.248357424441494,17.23390275952691,71.76470588235283
617905,2026-05-01,24.014454664914584,41.03153745072273,36.00525624178712,41.28843626806829,17.273981603153704,71.93160054719544
617905,2026-06-01,24.014454664914584,41.03153745072273,37.023653088042046,41.65998685939551,17.645532194480925,73.47879616963056
617905,2026-07-01,24.014454664914584,47.99605781865966,38.009198423127465,46.31931668856766,22.304862023653076,92.88098495212034
617906,2026-04-01,23.98160315374507,23.98160315374507,14.947437582128778,24.913929040735876,0.9323258869908067,3.887671232876734
617906,2026-05-01,23.98160315374507,23.98160315374507,15.932982917214192,24.95433639947438,0.9727332457293087,4.056164383561666
617906,2026-06-01,23.98160315374507,23.98160315374507,16.95137976346912,24.278909329829176,0.29730617608410626,1.239726027397287
617906,2026-07-01,23.98160315374507,23.98160315374507,17.936925098554532,24.219448094612353,0.23784494086728358,0.9917808219178237
617907,2026-04-01,24.014454664914584,42.96977660972404,42.96977660972404,42.96977660972404,18.95532194480946,78.9329685362517
617907,2026-05-01,24.014454664914584,42.96977660972404,43.95532194480946,43.95532194480946,19.940867279894878,83.03693570451438
617908,2026-04-01,23.98160315374507,23.98160315374507,11.990801576872537,23.94185282522996,0.0,0.0
617908,2026-05-01,23.98160315374507,23.98160315374507,12.976346911957949,24.111366622864647,0.12976346911957748,0.5410958904109505
617908,2026-06-01,23.98160315374507,23.98160315374507,13.994743758212875,24.0811432325887,0.09954007884363136,0.415068493150704
617908,2026-07-01,23.98160315374507,23.98160315374507,14.98028909329829,23.981603153745073,3.552713678800501e-15,1.4814329367491404e-14
617909,2026-04-01,23.98160315374507,23.98160315374507,13.92904073587385,23.88074901445467,0.0,0.0
617909,2026-05-01,23.98160315374507,23.98160315374507,14.914586070959263,23.97141918528252,0.0,0.0
617909,2026-06-01,23.98160315374507,23.98160315374507,15.932982917214192,24.04106438896189,0.05946123521681912,0.24794520547944848
617909,2026-07-01,23.98160315374507,23.98160315374507,16.918528252299605,24.021024967148488,0.039421813403418327,0.16438356164384302
617911,2026-04-01,22.996057818659654,129.9934296977661,127.98948751642575,130.46090670170838,107.46484888304873,467.31857142857194
617911,2026-05-01,22.996057818659654,129.9934296977661,128.97503285151117,130.7536136662287,107.75755584756904,468.5914285714289
617911,2026-06-01,22.996057818659654,131.99737187910642,129.9934296977661,132.24474375821273,109.24868593955308,475.0757142857138
617911,2026-07-01,22.996057818659654,131.99737187910642,130.9789750328515,132.794021024967,109.79796320630736,477.4642857142852
617912,2026-04-01,23.98160315374507,23.98160315374507,5.978975032851511,23.981603153745088,1.7763568394002505e-14,7.407164683745702e-14
617912,2026-05-01,23.98160315374507,23.98160315374507,6.964520367936925,23.981603153745088,1.7763568394002505e-14,7.407164683745702e-14
617912,2026-06-01,23.98160315374507,23.98160315374507,7.982917214191852,23.981603153745088,1.7763568394002505e-14,7.407164683745702e-14
617912,2026-07-01,23.98160315374507,23.98160315374507,8.968462549277266,23.981603153745088,1.7763568394002505e-14,7.407164683745702e-14
617913,2026-04-01,24.014454664914584,97.01051248357425,95.0065703022339,96.06504599211563,72.05059132720105,300.0300957592339
617913,2026-05-01,24.014454664914584,97.01051248357425,95.99211563731932,97.40965834428381,73.39520367936923,305.6292749658002
617913,2026-06-01,24.014454664914584,97.01051248357425,97.01051248357425,97.16852825229958,73.154073587385,304.6251709986319
617913,2026-07-01,24.014454664914584,97.01051248357425,97.99605781865964,97.99605781865964,73.98160315374506,308.0711354309165
617914,2026-04-01,22.996057818659654,40.9658344283837,26.971090670170828,39.5926412614981,16.596583442838448,72.17142857142892
617914,2026-05-01,22.996057818659654,40.9658344283837,27.95663600525624,40.03318002628127,17.037122207621618,74.08714285714316
617914,2026-06-01,22.996057818659654,40.9658344283837,28.97503285151117,40.25164257555855,17.255584756898894,75.03714285714321
617914,2026-07-01,22.996057818659654,40.9658344283837,29.96057818659658,40.27332457293043,17.277266754270773,75.13142857142891
617915,2026-04-01,24.014454664914584,31.964520367936924,30.97897503285151,32.10019710906703,8.085742444152448,33.670314637482974
617915,2026-05-01,24.014454664914584,31.964520367936924,31.964520367936924,32.44185282522999,8.427398160315402,35.093023255814074
617915,2026-06-01,24.014454664914584,33.96846254927726,32.98291721419185,33.75591327201053,9.741458607095947,40.56497948016424
617916,2026-04-01,30.02628120893561,30.02628120893561,7.982917214191852,30.026281208935565,0.0,0.0
617916,2026-05-01,30.02628120893561,30.02628120893561,8.968462549277266,30.026281208935565,0.0,0.0
617916,2026-06-01,30.02628120893561,30.02628120893561,9.986859395532194,30.026281208935565,0.0,0.0
617916,2026-07-01,30.02628120893561,30.02628120893561,10.972404730617608,30.026281208935565,0.0,0.0
617917,2026-04-01,24.014454664914584,37.023653088042046,49.01445466491458,49.01445466491458,24.999999999999996,104.10396716826264
617917,2026-05-01,24.014454664914584,37.023653088042046,50.0,50.0,25.985545335085416,108.20793433652531
617918,2026-07-01,18.00262812089356,18.00262812089356,0.985545335085414,18.001642575558495,0.0,0.0
617919,2026-04-01,24.014454664914584,78.97503285151117,86.95795006570302,86.95795006570302,62.943495400788436,262.10670314637485
617919,2026-05-01,24.014454664914584,78.97503285151117,87.94349540078844,87.94349540078844,63.929040735873855,266.2106703146375
617919,2026-06-01,24.014454664914584,78.97503285151117,88.96189224704337,88.96189224704337,64.94743758212879,270.4514363885089
617919,2026-07-01,24.014454664914584,78.97503285151117,89.94743758212877,89.94743758212877,65.93298291721419,274.5554035567716
617920,2026-04-01,23.98160315374507,23.98160315374507,9.986859395532194,23.981603153745088,1.7763568394002505e-14,7.407164683745702e-14
617920,2026-05-01,23.98160315374507,23.98160315374507,10.972404730617608,23.971747700394236,0.0,0.0
617920,2026-06-01,23.98160315374507,23.98160315374507,11.990801576872537,23.882391590013142,0.0,0.0
617920,2026-07-01,23.98160315374507,23.98160315374507,12.976346911957949,23.981603153745073,3.552713678800501e-15,1.4814329367491404e-14
617921,2026-04-01,24.014454664914584,34.98685939553219,34.00131406044678,37.14257555847568,13.128120893561093,54.66757865937068
617921,2026-05-01,24.014454664914584,41.03153745072273,34.98685939553219,40.66327201051246,16.648817345597873,69.32831737346092
617921,2026-06-01,24.014454664914584,41.03153745072273,36.00525624178712,40.99408672798944,16.979632063074856,70.70588235294099
617921,2026-07-01,24.014454664914584,41.03153745072273,36.990801576872535,41.38534822601836,17.370893561103774,72.33515731874131
617922,2026-04-01,29.927726675427067,29.927726675427067,14.947437582128778,29.92805519053874,0.0003285151116720897,0.001097694840757235
617922,2026-05-01,29.927726675427067,29.927726675427067,15.932982917214192,29.927726675427042,0.0,0.0
617922,2026-06-01,29.927726675427067,29.927726675427067,16.95137976346912,29.927726675427042,0.0,0.0
617922,2026-07-01,29.927726675427067,29.927726675427067,17.936925098554532,29.927726675427042,0.0,0.0
617923,2026-04-01,23.98160315374507,23.98160315374507,11.00525624178712,23.981603153745077,7.105427357601002e-15,2.962865873498281e-14
617923,2026-05-01,23.98160315374507,23.98160315374507,11.990801576872537,24.131734559789756,0.1501314060446859,0.6260273972603067
617923,2026-06-01,23.98160315374507,23.98160315374507,13.009198423127463,23.981603153745073,3.552713678800501e-15,1.4814329367491404e-14
617923,2026-07-01,23.98160315374507,23.98160315374507,13.994743758212875,24.021024967148488,0.039421813403418327,0.16438356164384302
617924,2026-04-01,23.02890932982917,34.00131406044678,35.019710906701704,35.019710906701704,11.990801576872535,52.06847360912982
617924,2026-05-01,23.02890932982917,34.00131406044678,36.00525624178712,36.00525624178712,12.976346911957954,56.34807417974324
617925,2026-04-01,18.068331143232587,37.023653088042046,35.019710906701704,38.757555847568966,20.68922470433638,114.50545454545444
617925,2026-05-01,18.068331143232587,37.023653088042046,36.00525624178712,39.691195795006564,21.622864651773977,119.67272727272726
617925,2026-06-01,18.068331143232587,38.009198423127465,37.023653088042046,38.580814717477026,20.51248357424444,113.52727272727286
617925,2026-07-01,18.068331143232587,39.02759526938239,38.009198423127465,39.368265440210216,21.29993429697763,117.88545454545438
617926,2026-04-01,23.98160315374507,23.98160315374507,7.982917214191852,23.981603153745088,1.7763568394002505e-14,7.407164683745702e-14
617926,2026-05-01,23.98160315374507,23.98160315374507,8.968462549277266,23.80223390275954,0.0,0.0
617926,2026-06-01,23.98160315374507,23.98160315374507,9.986859395532194,24.031537450722745,0.04993429697767482,0.20821917808224955
617926,2026-07-01,23.98160315374507,23.98160315374507,10.972404730617608,23.98160315374508,1.0658141036401503e-14,4.444298810247422e-14
617927,2026-04-01,23.98160315374507,23.98160315374507,6.964520367936925,23.981603153745088,1.7763568394002505e-14,7.407164683745702e-14
617927,2026-05-01,23.98160315374507,23.98160315374507,7.950065703022338,23.80223390275954,0.0,0.0
617927,2026-06-01,23.98160315374507,23.98160315374507,8.968462549277266,23.981603153745088,1.7763568394002505e-14,7.407164683745702e-14
617927,2026-07-01,23.98160315374507,23.98160315374507,9.95400788436268,23.981603153745088,1.7763568394002505e-14,7.407164683745702e-14
617928,2026-04-01,23.98160315374507,27.003942181340346,25.0,26.916228646517737,2.9346254927726676,12.236986301369864
617928,2026-05-01,23.98160315374507,27.003942181340346,25.98554533508541,27.577201051248352,3.595597897503282,14.993150684931495
617928,2026-06-01,23.98160315374507,27.989487516425758,27.003942181340346,28.03745072273327,4.055847568988199,16.912328767123395
617928,2026-07-01,23.98160315374507,29.00788436268068,27.989487516425758,28.874835742444137,4.8932325886990675,20.404109589041045
617929,2026-04-01,24.014454664914584,103.02233902759528,95.0065703022339,102.2877792378448,78.27332457293022,325.9425444596438
617929,2026-05-01,24.014454664914584,103.02233902759528,95.99211563731932,102.18922470433625,78.17477003942167,325.53214774281753
617929,2026-06-01,24.014454664914584,103.02233902759528,97.01051248357425,102.46846254927713,78.45400788436255,326.69493844049197
617929,2026-07-01,24.014454664914584,103.02233902759528,97.99605781865964,101.5657030223389,77.55124835742431,322.93570451436335
617930,2026-04-01,45.039421813403415,51.01839684625492,49.01445466491458,50.00262812089355,4.9632063074901325,11.019693654266932
617930,2026-05-01,45.039421813403415,51.01839684625492,50.0,52.32030223390275,7.2808804204993365,16.165572574762933
617930,2026-06-01,45.039421813403415,57.03022339027595,51.01839684625492,54.4096583442838,9.370236530880383,20.804522246535296
617930,2026-07-01,45.039421813403415,57.03022339027595,52.00394218134034,56.27529566360045,11.235873850197038,24.94675419401881
617931,2026-04-01,24.014454664914584,42.96977660972404,31.99737187910644,41.91524310118273,17.900788436268147,74.541723666211
617931,2026-05-01,24.014454664914584,42.96977660972404,32.98291721419185,42.26314060446789,18.248685939553308,75.99042407660777
617931,2026-06-01,24.014454664914584,42.96977660972404,34.00131406044678,42.00689881734567,17.992444152431087,74.92339261285942
617931,2026-07-01,24.014454664914584,50.0,34.98685939553219,39.696123521682026,15.681668856767441,65.30095759233939
617932,2026-04-01,15.045992115637318,35.019710906701704,33.01576872536137,33.243101182654385,18.197109067017067,120.94323144104793
617932,2026-05-01,15.045992115637318,35.019710906701704,34.00131406044678,34.00131406044678,18.955321944809462,125.98253275109172
617932,2026-06-01,15.045992115637318,39.02759526938239,35.019710906701704,37.803219448094595,22.757227332457276,151.25109170305666
617932,2026-07-01,15.045992115637318,39.02759526938239,36.00525624178712,38.243101182654385,23.197109067017067,154.17467248908287
617933,2026-04-01,29.00788436268068,29.00788436268068,25.0,28.337056504599204,0.0,0.0
617933,2026-05-01,29.00788436268068,29.00788436268068,25.98554533508541,28.657358738501966,0.0,0.0
617934,2026-04-01,23.98160315374507,104.96057818659658,102.95663600525624,102.95663600525624,78.97503285151117,329.3150684931507
617934,2026-05-01,23.98160315374507,104.96057818659658,103.94218134034163,103.94218134034163,79.96057818659656,333.42465753424653
617934,2026-06-01,23.98160315374507,106.96452036793691,104.96057818659658,105.00821287779232,81.02660972404725,337.8698630136984
617934,2026-07-01,23.98160315374507,106.96452036793691,105.946123521682,106.80978975032855,82.82818659658348,345.3821917808221
617935,2026-04-01,36.00525624178712,65.01314060446781,57.98291721419185,65.29697766097236,29.291721419185237,81.35401459854002
617935,2026-05-01,36.00525624178712,65.01314060446781,58.96846254927726,64.75657030223383,28.751314060446703,79.8531021897808
617935,2026-06-01,36.00525624178712,65.01314060446781,59.98685939553219,64.98160315374498,28.97634691195786,80.47810218978077
617935,2026-07-01,36.00525624178712,65.01314060446781,60.972404730617605,65.91064388961884,29.905387647831716,83.0583941605837
617936,2026-04-01,23.98160315374507,23.98160315374507,109.00131406044676,109.00131406044676,85.01971090670169,354.5205479452054
617936,2026-05-01,23.98160315374507,23.98160315374507,109.9868593955322,109.9868593955322,86.00525624178714,358.63013698630147
617936,2026-06-01,23.98160315374507,23.98160315374507,111.00525624178712,111.00525624178712,87.02365308804205,362.8767123287672
617936,2026-07-01,23.98160315374507,23.98160315374507,111.99080157687251,111.99080157687251,88.00919842312744,366.986301369863
617937,2026-04-01,24.014454664914584,24.014454664914584,0.0,24.01445466491459,7.105427357601002e-15,2.9588127054086796e-14
617937,2026-05-01,24.014454664914584,24.014454664914584,0.985545335085414,24.01445466491459,7.105427357601002e-15,2.9588127054086796e-14
617937,2026-06-01,24.014454664914584,24.014454664914584,2.0039421813403417,24.103810775295663,0.08935611038107893,0.37209302325581983
617937,2026-07-01,24.014454664914584,24.014454664914584,2.9894875164257555,24.043363994743764,0.028909329829179597,0.12038303693573556
617938,2026-04-01,17.936925098554532,17.936925098554532,6.964520367936925,17.937253613666268,0.00032851511173603853,0.0018315018317298561
617938,2026-05-01,17.936925098554532,17.936925098554532,7.950065703022338,17.936925098554575,4.263256414560601e-14,2.3768044919271924e-13
617938,2026-06-01,17.936925098554532,17.936925098554532,8.968462549277266,17.928055190538807,0.0,0.0
617938,2026-07-01,17.936925098554532,17.936925098554532,9.95400788436268,17.93791064388966,0.0009855453351264032,0.0054945054947340135
617939,2026-04-01,23.98160315374507,23.98160315374507,20.99211563731932,24.241130091984232,0.25952693823916206,1.0821917808219306
617939,2026-05-01,23.98160315374507,23.98160315374507,21.97766097240473,24.601839684625503,0.6202365308804332,2.5863013698630666
617939,2026-06-01,23.98160315374507,25.0,22.996057818659654,26.293035479632067,2.3114323258869973,9.63835616438359
617939,2026-07-01,23.98160315374507,25.0,23.98160315374507,27.093955321944804,3.1123521681997346,12.978082191780812
617940,2026-04-01,24.014454664914584,47.010512483574246,45.006570302233904,46.98915900131406,22.974704336399473,95.6703146374829
617940,2026-05-01,24.014454664914584,47.99605781865966,45.99211563731932,48.18889618922465,24.174441524310065,100.66621067031443
617940,2026-06-01,24.014454664914584,47.99605781865966,47.010512483574246,48.311760840998616,24.29730617608403,101.1778385772911
617940,2026-07-01,24.014454664914584,53.02233902759527,47.99605781865966,51.418528252299524,27.40407358738494,114.11491108071104
617941,2026-04-01,23.98160315374507,23.98160315374507,1.938239159001314,23.981603153745088,1.7763568394002505e-14,7.407164683745702e-14
617941,2026-05-01,23.98160315374507,23.98160315374507,2.923784494086728,23.981603153745088,1.7763568394002505e-14,7.407164683745702e-14
617941,2026-06-01,23.98160315374507,23.98160315374507,3.942181340341656,23.981603153745088,1.7763568394002505e-14,7.407164683745702e-14
617941,2026-07-01,23.98160315374507,23.98160315374507,4.92772667542707,23.981603153745088,1.7763568394002505e-14,7.407164683745702e-14
617942,2026-04-01,23.98160315374507,29.993429697766096,23.98160315374507,28.73915900131408,4.757555847569009,19.83835616438365
617942,2026-05-01,23.98160315374507,29.993429697766096,24.967148488830485,28.48258869908019,4.500985545335119,18.768493150685075
617942,2026-06-01,23.98160315374507,29.993429697766096,25.98554533508541,29.142575558475713,5.160972404730643,21.520547945205585
617942,2026-07-01,23.98160315374507,29.993429697766096,26.971090670170828,29.118922470433674,5.137319316688604,21.42191780821933
617943,2026-05-01,30.02628120893561,30.02628120893561,0.985545335085414,30.026938239158948,0.000657030223337074,0.00218818380726264
617943,2026-06-01,30.02628120893561,30.02628120893561,2.0039421813403417,30.023653088042007,0.0,0.0
617943,2026-07-01,30.02628120893561,30.02628120893561,2.9894875164257555,29.78416557161625,0.0,0.0
617944,2026-04-01,29.993429697766096,29.993429697766096,89.98028909329828,89.98028909329828,59.986859395532186,199.99999999999997
617944,2026-05-01,29.993429697766096,29.993429697766096,90.9658344283837,90.9658344283837,60.972404730617605,203.2858707557503
617945,2026-04-01,17.969776609724047,17.969776609724047,5.978975032851511,17.128120893561086,0.0,0.0
617945,2026-05-01,17.969776609724047,17.969776609724047,6.964520367936925,17.609067017082765,0.0,0.0
617945,2026-06-01,17.969776609724047,17.969776609724047,7.982917214191852,17.849211563731913,0.0,0.0
617945,2026-07-01,17.969776609724047,17.969776609724047,8.968462549277266,17.96977660972403,0.0,0.0
617946,2026-04-01,23.98160315374507,93.95532194480946,97.93035479632064,97.93035479632064,73.94875164257557,308.35616438356175
617946,2026-05-01,23.98160315374507,93.95532194480946,98.91590013140603,98.91590013140603,74.93429697766096,312.4657534246575
617946,2026-06-01,23.98160315374507,93.95532194480946,99.93429697766096,99.93429697766096,75.9526938239159,316.71232876712327
617946,2026-07-01,23.98160315374507,93.95532194480946,100.91984231274638,100.91984231274638,76.93823915900131,320.8219178082192
617947,2026-04-01,23.98160315374507,99.93429697766096,100.9526938239159,100.9526938239159,76.97109067017082,320.95890410958907
617947,2026-05-01,23.98160315374507,99.93429697766096,101.93823915900133,101.93823915900133,77.95663600525626,325.0684931506851
617947,2026-06-01,23.98160315374507,99.93429697766096,102.95663600525624,102.95663600525624,78.97503285151117,329.3150684931507
617947,2026-07-01,23.98160315374507,99.93429697766096,103.94218134034163,103.94218134034163,79.96057818659656,333.42465753424653
617948,2026-04-01,23.98160315374507,95.99211563731932,100.9526938239159,100.9526938239159,76.97109067017082,320.95890410958907
617948,2026-05-01,23.98160315374507,95.99211563731932,101.93823915900133,101.93823915900133,77.95663600525626,325.0684931506851
617948,2026-06-01,23.98160315374507,95.99211563731932,102.95663600525624,102.95663600525624,78.97503285151117,329.3150684931507
617948,2026-07-01,23.98160315374507,95.99211563731932,103.94218134034163,103.94218134034163,79.96057818659656,333.42465753424653
617949,2026-04-01,23.98160315374507,23.98160315374507,25.0,25.0,1.0183968462549302,4.246575342465764
617949,2026-05-01,23.98160315374507,23.98160315374507,25.98554533508541,25.98554533508541,2.0039421813403386,8.356164383561632
617949,2026-06-01,23.98160315374507,23.98160315374507,27.003942181340346,27.003942181340346,3.022339027595276,12.602739726027426
617950,2026-04-01,18.035479632063076,18.035479632063076,9.00131406044678,18.035479632063062,0.0,0.0
617950,2026-05-01,18.035479632063076,18.035479632063076,9.986859395532194,18.035479632063062,0.0,0.0
617950,2026-06-01,18.035479632063076,18.035479632063076,11.00525624178712,17.793692509855443,0.0,0.0
617950,2026-07-01,18.035479632063076,18.035479632063076,11.990801576872537,18.035479632063062,0.0,0.0
617951,2026-04-01,17.936925098554532,17.936925098554532,2.9566360052562417,16.851511169513827,0.0,0.0
617951,2026-05-01,17.936925098554532,17.936925098554532,3.942181340341656,17.579829172141952,0.0,0.0
617951,2026-06-01,17.936925098554532,17.936925098554532,4.960578186596584,17.937253613666268,0.00032851511173603853,0.0018315018317298561
617951,2026-07-01,17.936925098554532,17.936925098554532,5.946123521681997,17.936925098554575,4.263256414560601e-14,2.3768044919271924e-13
617954,2026-04-01,24.014454664914584,37.94349540078844,37.94349540078844,41.61629434954005,17.601839684625464,73.29685362517088
617954,2026-05-01,24.014454664914584,37.94349540078844,38.92904073587385,39.451051248357395,15.43659658344281,64.28043775649783
617955,2026-04-01,24.014454664914584,45.039421813403415,37.023653088042046,44.221419185282485,20.2069645203679,84.14500683994514
617955,2026-05-01,24.014454664914584,45.039421813403415,38.009198423127465,44.796977660972395,20.78252299605781,86.54172366621064
617955,2026-06-01,24.014454664914584,45.039421813403415,39.02759526938239,44.957293035479594,20.94283837056501,87.20930232558125
617955,2026-07-01,24.014454664914584,45.039421813403415,40.01314060446781,44.84592641261495,20.831471747700366,86.74555403556761
617957,2026-04-01,18.035479632063076,18.035479632063076,25.0,25.0,6.964520367936924,38.61566484517303
617957,2026-05-01,18.035479632063076,18.035479632063076,25.98554533508541,25.98554533508541,7.950065703022332,44.08014571948994
617958,2026-04-01,24.014454664914584,43.95532194480946,40.9658344283837,42.9106438896189,18.89618922470432,78.68673050615588
617958,2026-05-01,24.014454664914584,43.95532194480946,41.95137976346912,43.76182654402101,19.747371879106428,82.23119015047877
617958,2026-06-01,24.014454664914584,44.97371879106439,42.96977660972404,45.068331143232626,21.053876478318042,87.67168262653917
617958,2026-07-01,24.014454664914584,47.99605781865966,43.95532194480946,48.70105124835738,24.686596583442796,102.79890560875495
617959,2026-04-01,22.996057818659654,22.996057818659654,37.94349540078844,37.94349540078844,14.947437582128789,65.00000000000006
617959,2026-05-01,22.996057818659654,22.996057818659654,38.92904073587385,38.92904073587385,15.932982917214193,69.2857142857143
617960,2026-04-01,23.98160315374507,114.94743758212876,112.94349540078844,115.81931668856768,91.83771353482261,382.95068493150694
617960,2026-05-01,23.98160315374507,116.95137976346912,113.92904073587384,116.64224704336411,92.66064388961904,386.38219178082244
617960,2026-06-01,23.98160315374507,118.95532194480946,114.94743758212876,117.5739159001316,93.59231274638653,390.26712328767206
617960,2026-07-01,23.98160315374507,118.95532194480946,115.9329829172142,117.12450722733257,93.1429040735875,388.39315068493204
617961,2026-04-01,35.972404730617605,115.9329829172142,112.94349540078844,115.87713534822609,79.9047306176085,222.1278538812788
617961,2026-05-01,35.972404730617605,115.9329829172142,113.92904073587384,116.40900131406053,80.43659658344293,223.60639269406423
617961,2026-06-01,35.972404730617605,118.95532194480946,114.94743758212876,118.49408672798971,82.5216819973721,229.40273972602805
617961,2026-07-01,35.972404730617605,118.95532194480946,115.9329829172142,118.60446780551929,82.63206307490168,229.70958904109656
617962,2026-04-01,22.963206307490143,22.963206307490143,18.95532194480946,22.965177398160275,0.001971090670132014,0.008583690986955439
617962,2026-05-01,22.963206307490143,22.963206307490143,19.940867279894874,23.065045992115596,0.10183968462545323,0.4434907010012585
617962,2026-06-01,22.963206307490143,22.963206307490143,20.9592641261498,22.994743758212838,0.03153745072269487,0.1373390557938243
617962,2026-07-01,22.963206307490143,22.963206307490143,21.944809461235216,23.184296977660935,0.22109067017079198,0.9628040057223045
617963,2026-04-01,23.98160315374507,29.927726675427067,14.947437582128778,27.858081471747692,3.876478318002622,16.16438356164381
617963,2026-05-01,23.98160315374507,29.927726675427067,15.932982917214192,28.67904073587384,4.697437582128771,19.587671232876687
617963,2026-06-01,23.98160315374507,29.927726675427067,16.95137976346912,28.441195795006557,4.459592641261487,18.595890410958862
617963,2026-07-01,23.98160315374507,23.98160315374507,17.936925098554532,25.042049934296983,1.0604467805519135,4.421917808219213
617964,2026-04-01,23.98160315374507,23.98160315374507,16.95137976346912,24.685282522996058,0.7036793692509882,2.9342465753424767
617964,2026-05-01,23.98160315374507,23.98160315374507,17.936925098554532,24.219448094612353,0.23784494086728358,0.9917808219178237
617964,2026-06-01,23.98160315374507,23.98160315374507,18.95532194480946,24.49671484888305,0.5151116951379819,2.1479452054794756
617964,2026-07-01,23.98160315374507,23.98160315374507,19.940867279894874,25.133048620236533,1.151445466491463,4.801369863013718
617965,2026-04-01,17.969776609724047,40.9658344283837,38.96189224704336,42.045663600525685,24.07588699080164,133.97989031078646
617965,2026-05-01,17.969776609724047,40.9658344283837,39.94743758212878,41.2286465177399,23.25886990801585,129.4332723948816
617965,2026-06-01,17.969776609724047,42.96977660972404,40.9658344283837,42.838042049934366,24.86826544021032,138.389396709324
617965,2026-07-01,17.969776609724047,42.96977660972404,41.95137976346912,42.47568988173462,24.50591327201057,136.37294332723982
617966,2026-04-01,35.972404730617605,114.94743758212876,113.96189224704337,115.02660972404733,79.05420499342972,219.76347031963482
617966,2026-05-01,35.972404730617605,116.95137976346912,114.94743758212876,116.93298291721436,80.96057818659676,225.06301369863064
617966,2026-06-01,35.972404730617605,116.95137976346912,115.9658344283837,117.13600525624196,81.16360052562436,225.6273972602745
617966,2026-07-01,35.972404730617605,119.9737187910644,116.95137976346912,118.19579500657045,82.22339027595285,228.5735159817356
617967,2026-04-01,29.96057818659658,39.94743758212878,38.96189224704336,39.699737187910635,9.739159001314054,32.5065789473684
617967,2026-05-01,29.96057818659658,39.94743758212878,39.94743758212878,40.377463863337695,10.416885676741114,34.76864035087714
617967,2026-06-01,29.96057818659658,41.95137976346912,40.9658344283837,41.70532194480943,11.744743758212845,39.200657894736736
617967,2026-07-01,29.96057818659658,41.95137976346912,41.95137976346912,42.1468462549277,12.18626806833112,40.67434210526309
617968,2026-04-01,23.98160315374507,72.93035479632063,97.93035479632064,97.93035479632064,73.94875164257557,308.35616438356175
617968,2026-05-01,23.98160315374507,72.93035479632063,98.91590013140603,98.91590013140603,74.93429697766096,312.4657534246575
617968,2026-06-01,23.98160315374507,72.93035479632063,99.93429697766096,99.93429697766096,75.9526938239159,316.71232876712327
617968,2026-07-01,23.98160315374507,72.93035479632063,100.91984231274638,100.91984231274638,76.93823915900131,320.8219178082192
617969,2026-04-01,23.98160315374507,23.98160315374507,20.99211563731932,24.65210249671486,0.6704993429697907,2.7958904109589633
617969,2026-05-01,23.98160315374507,26.018396846254927,21.97766097240473,26.47240473061761,2.4908015768725384,10.386301369863023
617969,2026-06-01,23.98160315374507,29.00788436268068,22.996057818659654,28.561760840998687,4.580157687253617,19.09863013698632
617969,2026-07-01,23.98160315374507,29.00788436268068,23.98160315374507,29.512812089356103,5.531208935611033,23.06438356164382
617970,2026-04-01,23.98160315374507,75.9855453350854,105.97897503285152,105.97897503285152,81.99737187910645,341.9178082191782
617970,2026-05-01,23.98160315374507,75.9855453350854,106.96452036793691,106.96452036793691,82.98291721419184,346.027397260274
617971,2026-04-01,23.98160315374507,23.98160315374507,13.009198423127463,23.932982917214193,0.0,0.0
617971,2026-05-01,23.98160315374507,23.98160315374507,13.994743758212875,23.803219448094605,0.0,0.0
617971,2026-06-01,23.98160315374507,23.98160315374507,15.013140604467806,23.92214191852825,0.0,0.0
617971,2026-07-01,23.98160315374507,23.98160315374507,15.99868593955322,23.85249671484888,0.0,0.0
617972,2026-04-01,17.969776609724047,17.969776609724047,15.965834428383705,19.316360052562406,1.3465834428383587,7.493601462522786
617972,2026-05-01,17.969776609724047,17.969776609724047,16.95137976346912,19.0666885676741,1.0969119579500521,6.104204753199193
617972,2026-06-01,17.969776609724047,17.969776609724047,17.969776609724047,18.651116951379745,0.681340341655698,3.7915904936013614
617972,2026-07-01,17.969776609724047,17.969776609724047,18.95532194480946,18.95532194480946,0.985545335085412,5.484460694698344
617973,2026-04-01,18.068331143232587,81.07752956636006,83.01576872536137,83.01576872536137,64.94743758212879,359.4545454545455
617973,2026-05-01,18.068331143232587,81.07752956636006,84.00131406044677,84.00131406044677,65.93298291721419,364.90909090909093
617974,2026-04-01,29.993429697766096,29.993429697766096,5.978975032851511,29.993429697766132,3.552713678800501e-14,1.1844973097775164e-13
617974,2026-05-01,29.993429697766096,29.993429697766096,6.964520367936925,29.993429697766132,3.552713678800501e-14,1.1844973097775164e-13
617974,2026-06-01,29.993429697766096,29.993429697766096,7.982917214191852,29.97273324572934,0.0,0.0
617974,2026-07-01,29.993429697766096,29.993429697766096,8.968462549277266,29.993429697766132,3.552713678800501e-14,1.1844973097775164e-13
617975,2026-04-01,23.98160315374507,79.96057818659658,100.9526938239159,100.9526938239159,76.97109067017082,320.95890410958907
617975,2026-05-01,23.98160315374507,79.96057818659658,101.93823915900133,101.93823915900133,77.95663600525626,325.0684931506851
617976,2026-04-01,23.98160315374507,23.98160315374507,21.97766097240473,24.22141918528252,0.23981603153745112,1.0000000000000018
617976,2026-05-01,23.98160315374507,23.98160315374507,22.963206307490143,24.871222076215496,0.8896189224704258,3.7095890410958585
617976,2026-06-01,23.98160315374507,25.98554533508541,23.98160315374507,26.3173455978975,2.33574244415243,9.739726027397259
617976,2026-07-01,23.98160315374507,27.003942181340346,24.967148488830485,27.317674113009197,3.336070959264127,13.910958904109593
617977,2026-04-01,24.014454664914584,43.95532194480946,88.96189224704337,88.96189224704337,64.94743758212879,270.4514363885089
617977,2026-05-01,24.014454664914584,43.95532194480946,89.94743758212877,89.94743758212877,65.93298291721419,274.5554035567716
617978,2026-04-01,23.98160315374507,23.98160315374507,11.00525624178712,22.970762155059123,0.0,0.0
617978,2026-05-01,23.98160315374507,23.98160315374507,11.990801576872537,23.505913272010506,0.0,0.0
617978,2026-06-01,23.98160315374507,23.98160315374507,13.009198423127463,22.77299605781864,0.0,0.0
617978,2026-07-01,23.98160315374507,23.98160315374507,13.994743758212875,23.505913272010506,0.0,0.0
617979,2026-04-01,23.98160315374507,18.035479632063076,11.00525624178712,19.88896189224703,0.0,0.0
617979,2026-05-01,23.98160315374507,18.035479632063076,11.990801576872537,19.759855453350838,0.0,0.0
617979,2026-06-01,23.98160315374507,18.035479632063076,13.009198423127463,20.2555847568988,0.0,0.0
617979,2026-07-01,23.98160315374507,18.035479632063076,13.994743758212875,23.505913272010503,0.0,0.0
617980,2026-04-01,24.014454664914584,99.01445466491458,93.00262812089356,98.20565045992116,74.19119579500658,308.9439124487005
617980,2026-05-01,24.014454664914584,99.01445466491458,93.98817345597897,98.12746386333771,74.11300919842313,308.6183310533516
617980,2026-06-01,24.014454664914584,99.01445466491458,95.0065703022339,100.66294349540078,76.6484888304862,319.1764705882353
617980,2026-07-01,24.014454664914584,113.00919842312746,95.99211563731932,107.35808147174777,83.34362680683319,347.0560875512999
617981,2026-04-01,23.98160315374507,107.98291721419184,106.99737187910644,106.99737187910644,83.01576872536137,346.1643835616439
617981,2026-05-01,23.98160315374507,107.98291721419184,107.98291721419184,107.98291721419184,84.00131406044677,350.2739726027397
617982,2026-04-01,17.017082785808146,30.02628120893561,93.98817345597897,93.98817345597897,76.97109067017082,452.31660231660237
617982,2026-05-01,17.017082785808146,30.02628120893561,94.9737187910644,94.9737187910644,77.95663600525626,458.10810810810824
617983,2026-04-01,24.014454664914584,47.010512483574246,45.006570302233904,46.72437582128778,22.709921156373195,94.56771545827635
617983,2026-05-01,24.014454664914584,47.010512483574246,45.99211563731932,47.65801576872533,23.643561103810743,98.45554035567703
617983,2026-06-01,24.014454664914584,47.99605781865966,47.010512483574246,48.568659658344195,24.55420499342961,102.24760601915148
617983,2026-07-01,24.014454664914584,49.01445466491458,47.99605781865966,50.435282522995976,26.420827858081392,110.02051983584099
617984,2026-04-01,24.014454664914584,42.04993429697766,35.019710906701704,42.13107752956645,18.116622864651863,75.44049247606056
617984,2026-05-01,24.014454664914584,42.04993429697766,36.00525624178712,42.16918528252307,18.154730617608482,75.59917920656666
617984,2026-06-01,24.014454664914584,45.99211563731932,37.023653088042046,45.147174770039435,21.13272010512485,88.00000000000007
617984,2026-07-01,24.014454664914584,45.99211563731932,38.009198423127465,44.723390275952696,20.70893561103811,86.23529411764707
617985,2026-04-01,23.98160315374507,65.93298291721419,52.95663600525624,63.77628120893554,39.794678055190474,165.9383561643833
617985,2026-05-01,23.98160315374507,65.93298291721419,53.942181340341655,61.95170827858081,37.97010512483574,158.3301369863014
617985,2026-06-01,23.98160315374507,65.93298291721419,54.96057818659658,62.31636005256235,38.33475689881728,159.8506849315066
617985,2026-07-01,23.98160315374507,65.93298291721419,55.946123521682,62.4076872536136,38.42608409986853,160.23150684931483
617986,2026-04-01,23.98160315374507,23.98160315374507,15.965834428383705,24.19119579500657,0.20959264126150146,0.8739726027397403
617986,2026-05-01,23.98160315374507,23.98160315374507,16.95137976346912,24.299934296977657,0.31833114323258727,1.3273972602739668
617986,2026-06-01,23.98160315374507,23.98160315374507,17.969776609724047,23.97141918528252,0.0,0.0
617986,2026-07-01,23.98160315374507,23.98160315374507,18.95532194480946,23.97141918528252,0.0,0.0
617987,2026-04-01,23.98160315374507,23.98160315374507,6.964520367936925,23.981603153745088,1.7763568394002505e-14,7.407164683745702e-14
617987,2026-05-01,23.98160315374507,23.98160315374507,7.950065703022338,23.98160315374508,1.0658141036401503e-14,4.444298810247422e-14
617987,2026-06-01,23.98160315374507,23.98160315374507,8.968462549277266,24.0814717477004,0.09986859395533187,0.416438356164425
617987,2026-07-01,23.98160315374507,23.98160315374507,9.95400788436268,23.98160315374508,1.0658141036401503e-14,4.444298810247422e-14
617988,2026-04-01,23.98160315374507,23.98160315374507,9.00131406044678,23.981603153745088,1.7763568394002505e-14,7.407164683745702e-14
617988,2026-05-01,23.98160315374507,23.98160315374507,9.986859395532194,23.981603153745088,1.7763568394002505e-14,7.407164683745702e-14
617988,2026-06-01,23.98160315374507,23.98160315374507,11.00525624178712,23.971747700394225,0.0,0.0
617988,2026-07-01,23.98160315374507,23.98160315374507,11.990801576872537,23.911957950065702,0.0,0.0
617989,2026-04-01,30.05913272010512,81.99737187910644,83.01576872536137,90.38370565045989,60.32457293035477,200.68633879781416
617989,2026-05-01,30.05913272010512,95.0065703022339,84.00131406044677,90.84362680683306,60.78449408672794,202.21639344262283
617989,2026-06-01,30.05913272010512,95.0065703022339,85.0197109067017,91.6021681997371,61.543035479631975,204.73989071038227
617989,2026-07-01,30.05913272010512,95.0065703022339,86.00525624178712,92.50361366622856,62.44448094612344,207.73879781420743
617990,2026-04-01,20.99211563731932,20.99211563731932,25.952693823915897,25.952693823915897,4.960578186596578,23.630672926447545
617990,2026-05-01,20.99211563731932,20.99211563731932,26.938239159001316,26.938239159001316,5.946123521681997,28.325508607198746
617991,2026-04-01,23.98160315374507,113.00919842312746,106.99737187910644,109.62089356110387,85.6392904073588,357.1041095890414
617991,2026-05-01,23.98160315374507,113.00919842312746,107.98291721419184,112.48554533508552,88.50394218134045,369.0493150684937
617991,2026-06-01,23.98160315374507,115.0131406044678,109.00131406044676,111.1363337713534,87.15473061760834,363.42328767123263
617991,2026-07-01,23.98160315374507,115.0131406044678,109.9868593955322,113.33902759526929,89.35742444152422,372.6082191780818
617992,2026-04-01,24.014454664914584,92.96977660972404,90.9658344283837,90.9658344283837,66.95137976346912,278.79616963064296
617992,2026-05-01,24.014454664914584,92.96977660972404,91.95137976346912,92.07490144546654,68.06044678055196,283.4145006839948
617993,2026-04-01,18.035479632063076,97.01051248357425,95.0065703022339,96.36629434954006,78.33081471747698,434.3151183970854
617993,2026-05-01,18.035479632063076,97.01051248357425,95.99211563731932,97.02923784494082,78.99375821287775,437.9908925318759
617994,2026-04-01,17.017082785808146,90.01314060446781,93.98817345597897,93.98817345597897,76.97109067017082,452.31660231660237
617994,2026-05-01,17.017082785808146,90.01314060446781,94.9737187910644,94.9737187910644,77.95663600525626,458.10810810810824
617994,2026-06-01,17.017082785808146,90.01314060446781,95.99211563731932,95.99211563731932,78.97503285151117,464.09266409266417
617994,2026-07-01,17.017082785808146,90.01314060446781,96.97766097240472,96.97766097240472,79.96057818659658,469.8841698841699
617995,2026-04-01,23.98160315374507,103.02233902759528,106.99737187910644,106.99737187910644,83.01576872536137,346.1643835616439
617995,2026-05-01,23.98160315374507,103.02233902759528,107.98291721419184,107.98291721419184,84.00131406044677,350.2739726027397
617995,2026-06-01,23.98160315374507,115.0131406044678,109.00131406044676,109.00131406044676,85.01971090670169,354.5205479452054
617995,2026-07-01,23.98160315374507,115.0131406044678,109.9868593955322,110.01576872536126,86.03416557161619,358.75068493150644
617996,2026-04-01,23.98160315374507,108.90275952693824,109.92115637319316,109.92115637319316,85.93955321944809,358.35616438356163
617996,2026-05-01,23.98160315374507,108.90275952693824,110.90670170827858,110.90670170827858,86.9250985545335,362.4657534246575
617997,2026-05-01,23.98160315374507,23.98160315374507,2.923784494086728,24.092312746386334,0.11070959264126401,0.4616438356164489
617997,2026-06-01,23.98160315374507,23.98160315374507,3.942181340341656,23.98226018396846,0.0006570302233903647,0.0027397260273976302
617997,2026-07-01,23.98160315374507,23.98160315374507,4.92772667542707,23.981603153745073,3.552713678800501e-15,1.4814329367491404e-14
617998,2026-04-01,24.014454664914584,36.92509855453351,37.94349540078844,40.056176084099896,16.04172141918531,66.80027359781134
617998,2026-05-01,24.014454664914584,44.97371879106439,38.92904073587385,44.922470433639994,20.90801576872541,87.06429548563632
617998,2026-06-01,24.014454664914584,44.97371879106439,39.94743758212878,45.0568331143233,21.042378449408712,87.6238030095761
617998,2026-07-01,24.014454664914584,44.97371879106439,40.93298291721419,45.860052562417906,21.84559789750332,90.96853625171015
617999,2026-04-01,18.95532194480946,24.967148488830485,18.95532194480946,24.19743758212875,5.242115637319291,27.655112651646313
617999,2026-05-01,18.95532194480946,24.967148488830485,19.940867279894874,24.759198423127433,5.803876478317974,30.61871750433261
617999,2026-06-01,18.95532194480946,29.96057818659658,19.97371879106439,25.568331143232573,6.613009198423114,34.887348353552795
617999,2026-07-01,18.95532194480946,29.96057818659658,20.9592641261498,28.5548620236531,9.599540078843642,50.6429809358753
618000,2026-04-01,18.035479632063076,43.98817345597897,43.98817345597897,44.8531537450723,26.81767411300922,148.69398907103837
618000,2026-05-01,18.035479632063076,43.98817345597897,44.97371879106439,44.98784494086727,26.952365308804193,149.44080145719482
618000,2026-06-01,16.031537450722734,43.98817345597897,43.98817345597897,43.98817345597897,27.95663600525624,174.38524590163934
618000,2026-07-01,16.031537450722734,43.98817345597897,44.97371879106439,44.97371879106439,28.94218134034166,180.5327868852459
618001,2026-04-01,23.98160315374507,59.98685939553219,57.98291721419185,59.87680683311438,35.89520367936931,149.6780821917811
618001,2026-05-01,23.98160315374507,59.98685939553219,58.96846254927726,60.22634691195802,36.24474375821295,151.13561643835646
618001,2026-06-01,23.98160315374507,59.98685939553219,59.98685939553219,60.77628120893568,36.79467805519061,153.42876712328797
618001,2026-07-01,23.98160315374507,59.98685939553219,60.972404730617605,62.97273324572936,38.99113009198429,162.58767123287697
618002,2026-04-01,24.014454664914584,24.014454664914584,34.00131406044678,34.00131406044678,9.986859395532196,41.58686730506157
618002,2026-05-01,24.014454664914584,24.014454664914584,34.98685939553219,34.98685939553219,10.972404730617608,45.690834473324216
618003,2026-04-01,18.035479632063076,36.00525624178712,34.00131406044678,34.00131406044678,15.965834428383705,88.52459016393442
618003,2026-05-01,18.035479632063076,36.00525624178712,34.98685939553219,34.98685939553219,16.951379763469117,93.98907103825135
618003,2026-06-01,18.035479632063076,36.990801576872535,36.00525624178712,37.50164257555844,19.466162943495366,107.93260473588322
618003,2026-07-01,18.035479632063076,39.02759526938239,36.990801576872535,38.994415243101145,20.95893561103807,116.2094717668486
618004,2026-04-01,17.936925098554532,26.938239159001316,14.947437582128778,26.09592641261496,8.15900131406043,45.48717948717939
618004,2026-05-01,17.936925098554532,26.938239159001316,15.932982917214192,26.193166885676717,8.256241787122185,46.02930402930391
618004,2026-06-01,18.00262812089356,18.00262812089356,0.0,18.159001314060465,0.15637319316690323,0.8686131386862288
618004,2026-07-01,18.00262812089356,18.00262812089356,0.985545335085414,18.15998685939555,0.157358738501987,0.8740875912409642
618005,2026-04-01,23.98160315374507,120.99211563731932,118.98817345597897,121.0880420499341,97.10643889618903,404.92054794520476
618005,2026-05-01,23.98160315374507,121.97766097240472,119.9737187910644,121.77956636005263,97.79796320630756,407.80410958904145
618005,2026-06-01,23.98160315374507,124.01445466491458,120.99211563731932,124.61005256241799,100.62844940867292,419.60684931506904
618006,2026-04-01,29.993429697766096,119.9737187910644,117.96977660972404,119.8534822601841,89.86005256241799,299.5991237677989
618006,2026-05-01,29.993429697766096,120.9592641261498,118.95532194480946,121.19250985545334,91.19908015768723,304.0635268346111
618007,2026-04-01,30.02628120893561,120.99211563731932,118.98817345597897,121.24737187910628,91.22109067017067,303.80415754923365
618007,2026-05-01,30.02628120893561,121.97766097240472,119.9737187910644,121.87976346911968,91.85348226018407,305.91028446389527
618008,2026-04-01,18.035479632063076,33.04862023653088,49.01445466491458,49.01445466491458,30.978975032851505,171.7668488160291
618008,2026-05-01,18.035479632063076,33.04862023653088,50.0,50.0,31.964520367936924,177.2313296903461
618009,2026-04-01,17.969776609724047,67.96977660972405,65.9658344283837,67.25328515111694,49.28350854139289,274.2577696526507
618009,2026-05-01,17.969776609724047,68.95532194480946,66.95137976346912,69.08081471747708,51.11103810775303,284.4277879341869
618009,2026-06-01,17.969776609724047,70.99211563731932,67.96977660972405,69.36695137976346,51.39717477003941,286.0201096892139
618009,2026-07-01,17.969776609724047,73.98160315374507,68.95532194480946,71.02168199737183,53.05190538764778,295.22851919561214
618010,2026-04-01,18.035479632063076,18.035479632063076,11.00525624178712,18.035479632063062,0.0,0.0
618010,2026-05-01,18.035479632063076,18.035479632063076,11.990801576872537,18.035479632063062,0.0,0.0
618010,2026-06-01,18.035479632063076,18.035479632063076,13.009198423127463,18.035479632063062,0.0,0.0
618010,2026-07-01,18.035479632063076,18.035479632063076,13.994743758212875,18.67805519053876,0.6425755584756843,3.5628415300546132
618011,2026-04-01,24.014454664914584,47.99605781865966,47.010512483574246,48.35052562417864,24.336070959264053,101.33926128590942
618011,2026-05-01,24.014454664914584,50.0,47.99605781865966,50.1074244415243,26.092969776609717,108.65526675786592
618011,2026-06-01,24.014454664914584,53.02233902759527,49.01445466491458,52.917214191852736,28.90275952693815,120.3556771545824
618011,2026-07-01,24.014454664914584,53.02233902759527,50.0,52.828843626806766,28.81438896189218,119.98768809849494
618012,2026-04-01,24.014454664914584,27.95663600525624,25.952693823915897,29.17411300919845,5.159658344283866,21.485636114911202
618012,2026-05-01,24.014454664914584,27.95663600525624,26.938239159001316,29.614980289093324,5.60052562417874,23.321477428180692
618012,2026-06-01,24.014454664914584,33.96846254927726,27.95663600525624,33.730617608410014,9.71616294349543,40.45964432284554
618012,2026-07-01,24.014454664914584,33.96846254927726,28.94218134034165,34.283837056504616,10.269382391590032,42.763337893296935
618013,2026-04-01,24.014454664914584,30.97897503285151,28.97503285151117,31.611366622864608,7.596911957950024,31.634746922024455
618013,2026-05-01,24.014454664914584,30.97897503285151,29.96057818659658,31.81997371879101,7.805519053876427,32.50341997264001
618013,2026-06-01,24.014454664914584,32.98291721419185,30.97897503285151,33.43955321944809,9.425098554533502,39.24760601915182
618013,2026-07-01,24.014454664914584,32.98291721419185,31.964520367936924,35.16809023215068,11.153635567236098,46.44550843593254
618014,2026-04-01,17.017082785808146,17.017082785808146,11.00525624178712,17.01708278580811,0.0,0.0
618014,2026-05-01,17.017082785808146,17.017082785808146,11.990801576872537,17.01708278580811,0.0,0.0
618014,2026-06-01,17.017082785808146,17.017082785808146,13.009198423127463,17.106767411300883,0.08968462549273681,0.5270270270268164
618014,2026-07-01,17.017082785808146,17.017082785808146,13.994743758212875,17.332457293035443,0.3153745072272969,1.8532818532816444
618015,2026-04-01,18.035479632063076,29.00788436268068,20.99211563731932,28.302233902759525,10.266754270696449,56.92531876138431
618015,2026-05-01,18.035479632063076,29.00788436268068,21.97766097240473,28.18988173455979,10.154402102496714,56.30236794171219
618015,2026-06-01,18.035479632063076,29.00788436268068,22.996057818659654,29.246386333771337,11.21090670170826,62.16029143897986
618015,2026-07-01,18.035479632063076,29.00788436268068,23.98160315374507,29.037450722733237,11.00197109067016,61.00182149362471
618016,2026-04-01,23.98160315374507,23.98160315374507,11.00525624178712,23.93199737187911,0.0,0.0
618016,2026-05-01,23.98160315374507,23.98160315374507,11.990801576872537,24.10249671484889,0.12089356110381999,0.5041095890411343
618016,2026-06-01,23.98160315374507,23.98160315374507,13.009198423127463,24.092641261498034,0.11103810775296452,0.4630136986301699
618016,2026-07-01,23.98160315374507,23.98160315374507,13.994743758212875,23.981603153745073,3.552713678800501e-15,1.4814329367491404e-14
618017,2026-04-01,18.035479632063076,29.00788436268068,20.99211563731932,28.562746386333764,10.527266754270688,58.369763205828725
618017,2026-05-01,18.035479632063076,29.00788436268068,21.97766097240473,28.404073587385014,10.368593955321938,57.489981785063705
618017,2026-06-01,18.035479632063076,29.00788436268068,22.996057818659654,29.107752956635995,11.072273324572919,61.391621129325976
618017,2026-07-01,18.035479632063076,29.00788436268068,23.98160315374507,29.037450722733237,11.00197109067016,61.00182149362471
618018,2026-04-01,17.969776609724047,34.98685939553219,26.971090670170828,34.09559789750326,16.125821287779214,89.73857404021925
618018,2026-05-01,17.969776609724047,34.98685939553219,27.95663600525624,34.23488830486201,16.265111695137964,90.51371115173667
618018,2026-06-01,17.969776609724047,34.98685939553219,28.97503285151117,34.04632063074901,16.07654402102496,89.46435100548443
618018,2026-07-01,17.969776609724047,34.98685939553219,29.96057818659658,34.88074901445464,16.910972404730597,94.10786106032896
618019,2026-04-01,24.014454664914584,37.023653088042046,35.019710906701704,37.10808147174769,13.093626806833104,54.523939808481494
618019,2026-05-01,24.014454664914584,37.023653088042046,36.00525624178712,37.30814717477003,13.293692509855443,55.357045143638814
618019,2026-06-01,24.014454664914584,40.04599211563732,37.023653088042046,39.89618922470427,15.881734559789688,66.13406292749633
618019,2026-07-01,24.014454664914584,40.04599211563732,38.009198423127465,40.17936925098553,16.164914586070946,67.31326949384399
618020,2026-04-01,24.014454664914584,39.94743758212878,37.94349540078844,40.3902759526938,16.375821287779214,68.19151846785216
618020,2026-05-01,24.014454664914584,39.94743758212878,38.92904073587385,40.96649145860708,16.952036793692496,70.59097127222978
618020,2026-06-01,24.014454664914584,45.959264126149804,39.94743758212878,46.27365308804202,22.259198423127433,92.69083447332409
618020,2026-07-01,24.014454664914584,45.959264126149804,40.93298291721419,45.61103810775295,21.596583442838362,89.93160054719559
618021,2026-04-01,17.969776609724047,17.969776609724047,3.975032851511169,17.90900131406043,0.0,0.0
618021,2026-05-01,17.969776609724047,17.969776609724047,4.960578186596584,17.668528252299588,0.0,0.0
618021,2026-06-01,17.969776609724047,17.969776609724047,5.978975032851511,18.400459921156354,0.43068331143230765,2.3967093235830794
618021,2026-07-01,17.969776609724047,17.969776609724047,6.964520367936925,18.270367936925076,0.30059132720102966,1.6727605118828779
618022,2026-04-01,17.969776609724047,33.96846254927726,25.952693823915897,32.97404730617611,15.004270696452064,83.4972577696528
618022,2026-05-01,17.969776609724047,33.96846254927726,26.938239159001316,33.35249671484891,15.382720105124864,85.60329067641698
618022,2026-06-01,17.969776609724047,33.96846254927726,27.95663600525624,32.66195795006572,14.692181340341673,81.76051188299826
618022,2026-07-01,17.969776609724047,33.96846254927726,28.94218134034165,33.46419185282526,15.494415243101212,86.2248628884828
618023,2026-04-01,18.00262812089356,28.97503285151117,29.993429697766096,29.993429697766096,11.990801576872535,66.60583941605839
618023,2026-05-01,18.00262812089356,28.97503285151117,30.97897503285151,30.97897503285151,12.976346911957947,72.0802919708029
618023,2026-06-01,18.00262812089356,28.97503285151117,31.99737187910644,31.99737187910644,13.994743758212877,77.73722627737226
618024,2026-04-01,18.00262812089356,31.99737187910644,29.993429697766096,32.0561760840999,14.053547963206341,78.06386861313888
618024,2026-05-01,18.00262812089356,31.99737187910644,30.97897503285151,32.11432325886994,14.111695137976376,78.38686131386878
618024,2026-06-01,18.00262812089356,35.019710906701704,31.99737187910644,31.99737187910644,13.994743758212877,77.73722627737226
618024,2026-07-01,18.00262812089356,35.019710906701704,32.98291721419185,34.049934296977675,16.047306176084113,89.13868613138693
618025,2026-04-01,18.00262812089356,94.9737187910644,93.98817345597897,93.98817345597897,75.9855453350854,422.0802919708029
618025,2026-05-01,18.00262812089356,97.99605781865964,94.9737187910644,96.71977660972397,78.7171484888304,437.253649635036
618025,2026-06-01,18.00262812089356,99.01445466491458,95.99211563731932,97.52201051248358,79.51938239159001,441.7098540145985
618025,2026-07-01,18.00262812089356,99.01445466491458,96.97766097240472,98.92082785808152,80.91819973718796,449.4799270072996
618026,2026-04-01,22.963206307490143,101.93823915900133,100.9526938239159,100.9526938239159,77.98948751642575,339.6280400572246
618026,2026-05-01,22.963206307490143,101.93823915900133,101.93823915900133,101.93823915900133,78.97503285151119,343.91988555078694
618027,2026-04-01,23.98160315374507,23.98160315374507,25.0,27.986202365308817,4.004599211563747,16.698630136986363
618027,2026-05-01,23.98160315374507,33.01576872536137,25.98554533508541,32.2224047306176,8.240801576872528,34.363013698630105
618027,2026-06-01,23.98160315374507,33.01576872536137,27.003942181340346,32.31110381077528,8.32950065703021,34.73287671232871
618027,2026-07-01,23.98160315374507,33.01576872536137,27.989487516425758,32.35306614104248,8.371462987297413,34.907853881278534
618028,2026-04-01,23.98160315374507,23.98160315374507,9.986859395532194,24.161629434954012,0.18002628120894215,0.7506849315068767
618028,2026-05-01,23.98160315374507,23.98160315374507,10.972404730617608,24.07227332457293,0.09067017082785966,0.3780821917808286
618028,2026-06-01,23.98160315374507,23.98160315374507,11.990801576872537,24.974375821287786,0.9927726675427166,4.139726027397301
618028,2026-07-01,23.98160315374507,23.98160315374507,12.976346911957949,25.7237187910644,1.7421156373193298,7.264383561643892
618029,2026-04-01,24.014454664914584,47.99605781865966,38.96189224704336,43.123193166885706,19.10873850197112,79.57181942544473
618029,2026-05-01,24.014454664914584,49.93429697766097,39.94743758212878,45.5,21.485545335085416,89.46922024623805
618029,2026-06-01,24.014454664914584,49.93429697766097,40.9658344283837,48.190538764783135,24.17608409986855,100.6730506155949
618029,2026-07-01,24.014454664914584,49.93429697766097,41.95137976346912,46.41787122207622,22.403416557161638,93.2913816689467
618030,2026-04-01,17.969776609724047,48.98160315374507,40.9658344283837,47.360709592641285,29.39093298291724,163.55758683729448
618030,2026-05-01,17.969776609724047,48.98160315374507,41.95137976346912,47.92148488830489,29.951708278580842,166.67824497257786
618030,2026-06-01,17.969776609724047,48.98160315374507,42.96977660972404,48.371222076215524,30.401445466491477,169.18098720292517
618031,2026-04-01,47.99605781865966,55.97897503285151,51.97109067017082,51.97109067017082,3.975032851511159,8.281998631074584
618031,2026-05-01,47.99605781865966,55.97897503285151,52.95663600525624,53.77036793692511,5.774310118265454,12.030800821355266
618031,2026-06-01,47.99605781865966,55.97897503285151,53.975032851511166,55.54796320630752,7.551905387647864,15.73442847364825
618031,2026-07-01,47.99605781865966,55.97897503285151,54.96057818659658,55.44842312746391,7.452365308804254,15.527036276523031
618033,2026-04-01,36.00525624178712,54.96057818659658,51.97109067017082,56.10183968462554,20.096583442838416,55.815693430657056
618033,2026-05-01,36.00525624178712,54.96057818659658,52.95663600525624,55.94185282523,19.936596583442878,55.37135036496361
618033,2026-06-01,36.00525624178712,54.96057818659658,53.975032851511166,56.1708278580815,20.16557161629438,56.00729927007308
618034,2026-04-01,17.936925098554532,17.936925098554532,13.92904073587385,18.00755584756903,0.07063074901449795,0.3937728937731351
618034,2026-05-01,17.936925098554532,17.936925098554532,14.914586070959263,17.939553219448136,0.002628120893604091,0.014652014652254313
618034,2026-06-01,17.936925098554532,17.936925098554532,15.932982917214192,18.010183968462584,0.0732588699080523,0.40842490842511214
618034,2026-07-01,17.936925098554532,17.936925098554532,16.918528252299605,17.990801576872567,0.05387647831803477,0.3003663003664796
618035,2026-04-01,17.936925098554532,24.967148488830485,16.95137976346912,24.648817345597863,6.71189224704333,37.419413919413735
618035,2026-05-01,17.936925098554532,24.967148488830485,17.936925098554532,24.368265440210212,6.43134034165568,35.85531135531116
618035,2026-06-01,17.936925098554532,24.967148488830485,18.95532194480946,24.759198423127437,6.822273324572905,38.03479853479839
618035,2026-07-01,17.936925098554532,24.967148488830485,19.940867279894874,25.58672798948747,7.649802890932939,42.64835164835141
618036,2026-04-01,23.98160315374507,23.98160315374507,16.95137976346912,24.130091984231274,0.14848883048620465,0.6191780821917905
618036,2026-05-01,23.98160315374507,23.98160315374507,17.936925098554532,24.021024967148488,0.039421813403418327,0.16438356164384302
618036,2026-06-01,23.98160315374507,27.92378449408673,18.95532194480946,27.187582128777912,3.205978975032842,13.368493150684893
618036,2026-07-01,23.98160315374507,27.92378449408673,19.940867279894874,27.07030223390276,3.0886990801576886,12.879452054794527
618037,2026-04-01,24.014454664914584,49.01445466491458,47.010512483574246,48.20992115637311,24.19546649145853,100.7537619699039
618037,2026-05-01,24.014454664914584,49.01445466491458,47.99605781865966,50.247043363994656,26.232588699080072,109.2366621067028
618037,2026-06-01,24.014454664914584,52.03679369250985,49.01445466491458,52.1340341655716,28.119579500657014,117.09439124486998
618037,2026-07-01,24.014454664914584,52.03679369250985,50.0,52.172470433639916,28.15801576872533,117.25444596443218
618038,2026-04-01,23.98160315374507,23.98160315374507,2.9566360052562417,23.981603153745088,1.7763568394002505e-14,7.407164683745702e-14
618038,2026-05-01,23.98160315374507,23.98160315374507,3.942181340341656,23.981603153745088,1.7763568394002505e-14,7.407164683745702e-14
618038,2026-06-01,23.98160315374507,23.98160315374507,4.960578186596584,23.981603153745088,1.7763568394002505e-14,7.407164683745702e-14
618038,2026-07-01,23.98160315374507,23.98160315374507,5.946123521681997,23.981603153745088,1.7763568394002505e-14,7.407164683745702e-14
618039,2026-04-01,29.993429697766096,29.993429697766096,5.978975032851511,29.993429697766132,3.552713678800501e-14,1.1844973097775164e-13
618039,2026-05-01,29.993429697766096,29.993429697766096,6.964520367936925,29.993429697766132,3.552713678800501e-14,1.1844973097775164e-13
618039,2026-06-01,29.993429697766096,29.993429697766096,7.982917214191852,29.993429697766132,3.552713678800501e-14,1.1844973097775164e-13
618039,2026-07-01,29.993429697766096,29.993429697766096,8.968462549277266,29.993429697766132,3.552713678800501e-14,1.1844973097775164e-13
618040,2026-04-01,23.98160315374507,23.98160315374507,14.947437582128778,23.981603153745073,3.552713678800501e-15,1.4814329367491404e-14
618040,2026-05-01,23.98160315374507,23.98160315374507,15.932982917214192,24.10052562417871,0.11892247043364179,0.49589041095891184
618040,2026-06-01,23.98160315374507,23.98160315374507,16.95137976346912,24.299605781865967,0.3180026281208974,1.3260273972602903
618040,2026-07-01,23.98160315374507,23.98160315374507,17.936925098554532,24.240144546649145,0.25854139290407474,1.0780821917808268
618041,2026-04-01,23.98160315374507,23.98160315374507,3.975032851511169,23.981603153745088,1.7763568394002505e-14,7.407164683745702e-14
618041,2026-05-01,23.98160315374507,23.98160315374507,4.960578186596584,23.981603153745088,1.7763568394002505e-14,7.407164683745702e-14
618041,2026-06-01,23.98160315374507,23.98160315374507,5.978975032851511,23.981603153745088,1.7763568394002505e-14,7.407164683745702e-14
618041,2026-07-01,23.98160315374507,23.98160315374507,6.964520367936925,23.971747700394236,0.0,0.0
618042,2026-04-01,17.969776609724047,27.95663600525624,28.97503285151117,30.56701708278583,12.597240473061785,70.10237659963451
618042,2026-05-01,17.969776609724047,36.990801576872535,29.96057818659658,36.09822601839681,18.12844940867276,100.88299817184622
618042,2026-06-01,17.969776609724047,36.990801576872535,30.97897503285151,36.68068331143229,18.710906701708243,104.12431444241297
618042,2026-07-01,17.969776609724047,36.990801576872535,31.964520367936924,37.00788436268065,19.038107752956602,105.94515539305283
618043,2026-04-01,29.96057818659658,29.96057818659658,26.971090670170828,29.89044021024969,0.0,0.0
618043,2026-05-01,29.96057818659658,29.96057818659658,27.95663600525624,30.33672798948754,0.3761498028909571,1.2554824561404314
618043,2026-06-01,29.96057818659658,31.99737187910644,28.97503285151117,32.121550591327235,2.1609724047306536,7.212719298245735
618043,2026-07-01,29.96057818659658,31.99737187910644,29.96057818659658,31.89980289093302,1.9392247043364392,6.472587719298378
618044,2026-04-01,24.014454664914584,24.014454664914584,1.0183968462549278,24.01445466491459,7.105427357601002e-15,2.9588127054086796e-14
618044,2026-05-01,24.014454664914584,24.014454664914584,2.0039421813403417,24.01445466491459,7.105427357601002e-15,2.9588127054086796e-14
618044,2026-06-01,24.014454664914584,24.014454664914584,3.0223390275952693,23.89356110381078,0.0,0.0
618044,2026-07-01,24.014454664914584,24.014454664914584,4.007884362680684,24.03350854139291,0.019053876478324128,0.07934336525310348
618045,2026-04-01,18.035479632063076,18.035479632063076,34.00131406044678,34.00131406044678,15.965834428383705,88.52459016393442
618045,2026-05-01,18.035479632063076,18.035479632063076,34.98685939553219,34.98685939553219,16.951379763469117,93.98907103825135
618046,2026-04-01,17.04993429697766,17.04993429697766,36.00525624178712,36.00525624178712,18.955321944809462,111.17533718689789
618046,2026-05-01,17.04993429697766,17.04993429697766,36.990801576872535,36.990801576872535,19.940867279894874,116.95568400770713
618047,2026-04-01,23.98160315374507,23.98160315374507,11.00525624178712,22.554533508541383,0.0,0.0
618047,2026-05-01,23.98160315374507,23.98160315374507,11.990801576872537,23.62483574244415,0.0,0.0
618047,2026-06-01,23.98160315374507,23.98160315374507,13.009198423127463,23.565374507227325,0.0,0.0
618047,2026-07-01,23.98160315374507,23.98160315374507,13.994743758212875,23.862680683311428,0.0,0.0
618049,2026-04-01,17.936925098554532,17.936925098554532,14.947437582128778,17.82851511169518,0.0,0.0
618049,2026-05-01,17.936925098554532,17.936925098554532,15.932982917214192,17.799277266754306,0.0,0.0
618049,2026-06-01,17.936925098554532,18.95532194480946,16.95137976346912,18.98948751642573,1.0525624178711972,5.86813186813173
618049,2026-07-01,17.936925098554532,18.95532194480946,17.936925098554532,19.359724047306145,1.4227989487516126,7.9322344322342655
618050,2026-04-01,23.98160315374507,38.009198423127465,54.96057818659658,54.96057818659658,30.97897503285151,129.17808219178082
618050,2026-05-01,23.98160315374507,38.009198423127465,55.946123521682,55.946123521682,31.964520367936927,133.28767123287673
618051,2026-06-01,23.98160315374507,57.03022339027595,63.00919842312746,64.10315374507226,40.12155059132719,167.30136986301366
618052,2026-04-01,23.98160315374507,23.98160315374507,7.982917214191852,23.981603153745088,1.7763568394002505e-14,7.407164683745702e-14
618052,2026-05-01,23.98160315374507,23.98160315374507,8.968462549277266,23.981603153745088,1.7763568394002505e-14,7.407164683745702e-14
618052,2026-06-01,23.98160315374507,23.98160315374507,9.986859395532194,23.981603153745088,1.7763568394002505e-14,7.407164683745702e-14
618052,2026-07-01,23.98160315374507,23.98160315374507,10.972404730617608,23.981603153745088,1.7763568394002505e-14,7.407164683745702e-14
618053,2026-04-01,23.98160315374507,23.98160315374507,7.982917214191852,23.981603153745088,1.7763568394002505e-14,7.407164683745702e-14
618053,2026-05-01,23.98160315374507,23.98160315374507,8.968462549277266,23.981603153745088,1.7763568394002505e-14,7.407164683745702e-14
618053,2026-06-01,23.98160315374507,23.98160315374507,9.986859395532194,23.981603153745088,1.7763568394002505e-14,7.407164683745702e-14
618053,2026-07-01,23.98160315374507,23.98160315374507,10.972404730617608,23.981603153745088,1.7763568394002505e-14,7.407164683745702e-14
618054,2026-04-01,18.035479632063076,23.98160315374507,19.97371879106439,24.931997371879106,6.89651773981603,38.23861566484516
618054,2026-05-01,18.035479632063076,23.98160315374507,20.9592641261498,25.032194480946117,6.996714848883041,38.794171220400685
618054,2026-06-01,18.035479632063076,23.98160315374507,21.97766097240473,25.345926412615,7.310446780551924,40.53369763205839
618054,2026-07-01,18.035479632063076,27.989487516425758,22.963206307490143,28.161300919842343,10.125821287779267,56.143897996357175
618055,2026-04-01,16.98423127463863,28.97503285151117,26.971090670170828,31.960578186596564,14.976346911957933,88.1779497098645
618055,2026-05-01,16.98423127463863,31.99737187910644,27.95663600525624,31.406044678055167,14.421813403416536,84.91295938104437
618055,2026-06-01,16.98423127463863,31.99737187910644,28.97503285151117,31.567017082785828,14.582785808147197,85.86073500967132
618055,2026-07-01,16.98423127463863,31.99737187910644,29.96057818659658,31.85545335085417,14.871222076215538,87.55899419729228
618056,2026-04-01,18.035479632063076,33.01576872536137,25.0,32.21977660972403,14.184296977660953,78.64663023679405
618056,2026-05-01,18.035479632063076,33.01576872536137,25.98554533508541,32.76675427069643,14.731274638633355,81.67941712203995
618056,2026-06-01,18.035479632063076,33.01576872536137,27.003942181340346,32.60052562417869,14.56504599211561,80.75774134790514
618056,2026-07-01,18.035479632063076,33.01576872536137,27.989487516425758,32.760840998685914,14.725361366622838,81.64663023679401
618057,2026-04-01,17.969776609724047,36.990801576872535,28.97503285151117,35.89060446780549,17.92082785808144,99.72760511882981
618057,2026-05-01,17.969776609724047,36.990801576872535,29.96057818659658,36.81208935611035,18.842312746386302,104.85557586837277
618057,2026-06-01,17.969776609724047,36.990801576872535,30.97897503285151,36.373850197109036,18.40407358738499,102.4168190127969
618057,2026-07-01,17.969776609724047,36.990801576872535,31.964520367936924,36.16425755584754,18.194480946123495,101.25045703839109
618059,2026-04-01,17.969776609724047,28.94218134034165,25.952693823915897,29.403416557161595,11.433639947437548,63.62705667276033
618059,2026-05-01,17.969776609724047,28.94218134034165,26.938239159001316,29.878120893561064,11.908344283837017,66.26873857404001
618059,2026-06-01,17.969776609724047,31.964520367936924,27.95663600525624,31.560118265440224,13.590341655716177,75.62888482632549
618059,2026-07-01,17.969776609724047,31.964520367936924,28.94218134034165,32.68955321944813,14.719776609724082,81.91407678244992
618060,2026-04-01,17.969776609724047,38.96189224704336,38.96189224704336,41.780880420499344,23.811103810775297,132.50639853747717
618060,2026-05-01,17.969776609724047,41.95137976346912,39.94743758212878,42.242444152431,24.27266754270695,135.0749542961608
618060,2026-06-01,17.969776609724047,41.95137976346912,40.9658344283837,43.31767411300922,25.34789750328517,141.0585009140769
618060,2026-07-01,17.969776609724047,44.97371879106439,41.95137976346912,43.189224704336446,25.2194480946124,140.34369287020135
618061,2026-04-01,18.035479632063076,18.035479632063076,13.009198423127463,18.103482260183956,0.06800262812087965,0.37704918032779167
618061,2026-05-01,18.035479632063076,18.035479632063076,13.994743758212875,18.093626806833107,0.058147174770031285,0.32240437158465435
618061,2026-06-01,18.035479632063076,18.035479632063076,15.013140604467806,18.029894875164256,0.0,0.0
618061,2026-07-01,18.035479632063076,18.035479632063076,15.99868593955322,18.192181340341644,0.15670170827856822,0.8688524590163236
618062,2026-04-01,18.035479632063076,22.04336399474376,25.0,25.0,6.964520367936924,38.61566484517303
618062,2026-05-01,18.035479632063076,22.04336399474376,25.98554533508541,25.98554533508541,7.950065703022332,44.08014571948994
618063,2026-04-01,18.068331143232587,39.02759526938239,37.023653088042046,39.030223390275914,20.961892247043327,116.01454545454526
618063,2026-05-01,18.068331143232587,42.04993429697766,38.009198423127465,39.864651773981585,21.796320630748998,120.63272727272718
618063,2026-06-01,18.068331143232587,42.04993429697766,39.02759526938239,41.271681997371935,23.203350854139348,128.42000000000033
618063,2026-07-01,18.068331143232587,45.039421813403415,40.01314060446781,42.07260183968465,24.004270696452064,132.85272727272744
618064,2026-04-01,24.014454664914584,24.014454664914584,47.010512483574246,47.010512483574246,22.99605781865966,95.7592339261286
618064,2026-05-01,24.014454664914584,24.014454664914584,47.99605781865966,47.99605781865966,23.981603153745073,99.86320109439126
618065,2026-04-01,18.035479632063076,29.00788436268068,25.0,29.57950065703021,11.544021024967133,64.007285974499
618065,2026-05-01,18.035479632063076,29.00788436268068,25.98554533508541,30.205978975032835,12.170499342969759,67.48087431693979
618065,2026-06-01,18.035479632063076,31.011826544021023,27.003942181340346,31.326872536136648,13.291392904073572,73.69581056466293
618065,2026-07-01,18.035479632063076,35.972404730617605,27.989487516425758,33.37943495400791,15.343955321944836,85.07650273224058
618066,2026-04-01,23.98160315374507,23.98160315374507,13.92904073587385,24.14093298291721,0.15932982917214034,0.6643835616438291
618066,2026-05-01,23.98160315374507,23.98160315374507,14.914586070959263,24.269382391590014,0.2877792378449442,1.200000000000014
618066,2026-06-01,23.98160315374507,23.98160315374507,15.932982917214192,24.309789750328513,0.32818659658344274,1.3684931506849312
618066,2026-07-01,23.98160315374507,23.98160315374507,16.918528252299605,25.141590013140608,1.1599868593955378,4.836986301369887
618067,2026-04-01,23.98160315374507,23.98160315374507,4.960578186596584,24.143232588699092,0.1616294349540226,0.6739726027397874
618067,2026-05-01,23.98160315374507,23.98160315374507,5.946123521681997,23.98160315374508,1.0658141036401503e-14,4.444298810247422e-14
618067,2026-06-01,23.98160315374507,23.98160315374507,6.964520367936925,23.98160315374508,1.0658141036401503e-14,4.444298810247422e-14
618067,2026-07-01,23.98160315374507,23.98160315374507,7.950065703022338,23.981931668856777,0.0003285151117076168,0.0013698630137506653
618068,2026-04-01,24.014454664914584,38.009198423127465,29.993429697766096,36.10052562417871,12.086070959264124,50.328317373461005
618068,2026-05-01,24.014454664914584,38.009198423127465,30.97897503285151,38.25098554533512,14.236530880420535,59.28317373461027
618068,2026-06-01,24.014454664914584,38.009198423127465,31.99737187910644,38.627135348226055,14.61268068331147,60.849521203830534
618068,2026-07-01,24.014454664914584,38.009198423127465,32.98291721419185,38.54697766097244,14.532522996057853,60.51573187414515
618069,2026-04-01,23.98160315374507,23.98160315374507,17.969776609724047,24.051248357424438,0.069645203679368,0.2904109589041044
618069,2026-05-01,23.98160315374507,23.98160315374507,18.95532194480946,24.011169513797633,0.029566360052562857,0.12328767123287855
618069,2026-06-01,23.98160315374507,23.98160315374507,19.97371879106439,24.150459921156376,0.16885676741130595,0.7041095890411169
618069,2026-07-01,23.98160315374507,23.98160315374507,20.9592641261498,24.36070959264127,0.3791064388962013,1.58082191780827
618070,2026-04-01,23.98160315374507,103.97503285151116,103.97503285151116,103.97503285151116,79.99342969776609,333.56164383561645
618070,2026-05-01,23.98160315374507,105.97897503285152,104.96057818659658,104.96057818659658,80.97897503285151,337.6712328767124
618070,2026-06-01,23.98160315374507,105.97897503285152,105.97897503285152,105.98850197109071,82.00689881734564,341.95753424657556
618070,2026-07-01,23.98160315374507,105.97897503285152,106.96452036793691,106.96452036793691,82.98291721419184,346.027397260274
618071,2026-04-01,24.014454664914584,49.01445466491458,47.010512483574246,49.13206307490135,25.11760840998677,104.59370725034162
618071,2026-05-01,24.014454664914584,51.01839684625492,47.99605781865966,52.20959264126143,28.195137976346846,117.40902872776991
618071,2026-06-01,24.014454664914584,55.02628120893561,49.01445466491458,54.06307490144542,30.048620236530834,125.12722298221594
618071,2026-06-01,24.014454664914584,55.02628120893561,49.01445466491458,54.06307490144542,30.048620236530834,125.12722298221594
618071,2026-07-01,24.014454664914584,55.02628120893561,50.0,54.07128777923781,30.056833114323222,125.16142270861819
618072,2026-04-01,24.014454664914584,43.98817345597897,45.006570302233904,45.006570302233904,20.99211563731932,87.41450068399455
618072,2026-05-01,24.014454664914584,43.98817345597897,45.99211563731932,45.99211563731932,21.97766097240474,91.51846785225722
618072,2026-06-01,24.014454664914584,43.98817345597897,47.010512483574246,47.010512483574246,22.99605781865966,95.7592339261286
618072,2026-06-01,24.014454664914584,43.98817345597897,47.010512483574246,47.010512483574246,22.99605781865966,95.7592339261286
618072,2026-07-01,24.014454664914584,43.98817345597897,47.99605781865966,47.99605781865966,23.981603153745073,99.86320109439126
618073,2026-04-01,18.035479632063076,27.989487516425758,19.97371879106439,28.03219448094615,9.996714848883073,55.42805100182162
618073,2026-05-01,18.035479632063076,27.989487516425758,20.9592641261498,27.927069645203698,9.891590013140622,54.84517304189445
618073,2026-06-01,18.035479632063076,30.02628120893561,21.97766097240473,28.649145860709588,10.613666228646512,58.848816029143855
618073,2026-07-01,18.035479632063076,30.02628120893561,22.963206307490143,29.36366622864648,11.328186596583404,62.81056466302346
618074,2026-04-01,18.068331143232587,37.023653088042046,35.019710906701704,37.35118265440207,19.282851511169486,106.72181818181802
618074,2026-05-01,18.068331143232587,37.023653088042046,36.00525624178712,37.56208935611035,19.49375821287776,107.88909090909075
618074,2026-06-01,18.068331143232587,39.02759526938239,37.023653088042046,37.023653088042046,18.95532194480946,104.9090909090909
618074,2026-07-01,39.02759526938239,39.02759526938239,38.009198423127465,38.04533508541391,0.0,0.0
618075,2026-04-01,24.014454664914584,27.95663600525624,25.952693823915897,29.924113009198432,5.909658344283848,24.608755129959007
618075,2026-05-01,24.014454664914584,30.97897503285151,26.938239159001316,31.347897503285125,7.333442838370541,30.537619699042306
618075,2026-06-01,24.014454664914584,30.97897503285151,27.95663600525624,31.77069645203674,7.756241787122157,32.29822161422688
618075,2026-07-01,24.014454664914584,36.92509855453351,28.94218134034165,34.436268068331145,10.42181340341656,43.398084815321496
618076,2026-04-01,23.98160315374507,23.98160315374507,11.00525624178712,23.981603153745077,7.105427357601002e-15,2.962865873498281e-14
618076,2026-05-01,23.98160315374507,23.98160315374507,11.990801576872537,23.882391590013142,0.0,0.0
618076,2026-06-01,23.98160315374507,23.98160315374507,13.009198423127463,23.971419185282524,0.0,0.0
618076,2026-06-01,23.98160315374507,23.98160315374507,13.009198423127463,23.971419185282524,0.0,0.0
618076,2026-07-01,23.98160315374507,23.98160315374507,13.994743758212875,24.22207621550592,0.2404730617608486,1.0027397260274291
618078,2026-04-01,18.035479632063076,47.07621550591327,49.01445466491458,49.01445466491458,30.978975032851505,171.7668488160291
618078,2026-05-01,18.035479632063076,47.07621550591327,50.0,50.0,31.964520367936924,177.2313296903461
618079,2026-04-01,18.00262812089356,18.00262812089356,11.990801576872537,18.002628120893583,2.1316282072803006e-14,1.1840650114892764e-13
618079,2026-05-01,18.00262812089356,18.00262812089356,12.976346911957949,18.002628120893583,2.1316282072803006e-14,1.1840650114892764e-13
618079,2026-06-01,18.00262812089356,18.00262812089356,13.994743758212875,18.39191852825232,0.3892904073587573,2.162408759124192
618079,2026-07-01,18.00262812089356,18.00262812089356,14.98028909329829,18.84822601839686,0.8455978975032998,4.6970802919708845
618080,2026-04-01,17.936925098554532,17.936925098554532,18.95532194480946,21.956964520367965,4.020039421813433,22.412087912088076
618080,2026-05-01,17.936925098554532,17.936925098554532,19.940867279894874,25.088370565046006,7.151445466491474,39.86996336996346
618080,2026-06-01,18.035479632063076,25.0,13.009198423127463,23.188567674113003,5.1530880420499265,28.57194899817846
618080,2026-07-01,18.035479632063076,25.0,13.994743758212875,24.43988173455979,6.404402102496714,35.510018214936245
618081,2026-04-01,24.014454664914584,27.95663600525624,25.952693823915897,29.497043363994752,5.482588699080168,22.83036935704519
618081,2026-05-01,24.014454664914584,30.97897503285151,26.938239159001316,31.53252299605778,7.518068331143194,31.306429548563454
618081,2026-06-01,24.014454664914584,30.97897503285151,27.95663600525624,32.33409986859392,8.319645203679332,34.644322845417086
618081,2026-07-01,24.014454664914584,33.96846254927726,28.94218134034165,35.131077529566355,11.11662286465177,46.291381668946634
618082,2026-04-01,17.969776609724047,42.96977660972404,40.9658344283837,42.82851511169522,24.85873850197117,138.33638025594195
618082,2026-05-01,17.969776609724047,45.99211563731932,41.95137976346912,44.19875164257559,26.22897503285154,145.96160877513728
618082,2026-06-01,17.969776609724047,45.99211563731932,42.96977660972404,45.788436268068345,27.8186596583443,154.80804387568566
618082,2026-07-01,17.969776609724047,45.99211563731932,43.95532194480946,45.642247043364016,27.67247043363997,153.99451553930544
618083,2026-04-01,24.014454664914584,31.99737187910644,26.971090670170828,32.04467805519057,8.030223390275989,33.43912448700426
618083,2026-05-01,24.014454664914584,31.99737187910644,27.95663600525624,32.18495400788439,8.170499342969809,34.023255813953625
618083,2026-07-01,24.014454664914584,31.99737187910644,29.96057818659658,32.25558475689883,8.241130091984243,34.317373461012366
618084,2026-04-01,23.98160315374507,54.96057818659658,55.97897503285151,55.97897503285151,31.99737187910644,133.4246575342466
618084,2026-05-01,23.98160315374507,57.98291721419185,56.96452036793692,58.43265440210244,34.45105124835737,143.65616438356145
618084,2026-06-01,23.98160315374507,61.00525624178712,57.98291721419185,60.95959264126145,36.97798948751638,154.19315068493134
618084,2026-07-01,23.98160315374507,61.990801576872535,58.96846254927726,61.58212877792373,37.60052562417866,156.7890410958902
618085,2026-04-01,18.035479632063076,38.009198423127465,36.00525624178712,38.27168199737191,20.23620236530883,112.20218579234987
618085,2026-05-01,18.035479632063076,38.009198423127465,36.990801576872535,37.951379763469156,19.91590013140608,110.42622950819691
618085,2026-06-01,18.035479632063076,40.01314060446781,38.009198423127465,40.183968462549316,22.14848883048624,122.80510018214956
618085,2026-07-01,18.035479632063076,42.01708278580814,38.99474375821288,41.10085413929042,23.065374507227343,127.88888888888894
618086,2026-04-01,18.035479632063076,18.035479632063076,9.00131406044678,18.035479632063062,0.0,0.0
618086,2026-05-01,18.035479632063076,18.035479632063076,9.986859395532194,18.035479632063062,0.0,0.0
618086,2026-06-01,18.035479632063076,18.035479632063076,11.00525624178712,18.035479632063062,0.0,0.0
618086,2026-07-01,18.035479632063076,18.035479632063076,11.990801576872537,18.035479632063062,0.0,0.0
618087,2026-04-01,17.969776609724047,39.94743758212878,38.96189224704336,40.40571616294347,22.435939553219423,124.85374771480791
618087,2026-05-01,17.969776609724047,42.96977660972404,39.94743758212878,42.46024967148496,24.490473061760913,136.2870201096896
618087,2026-06-01,17.969776609724047,42.96977660972404,40.9658344283837,43.00098554533516,25.031208935611115,139.29616087751415
618087,2026-07-01,17.969776609724047,42.96977660972404,41.95137976346912,43.0788436268069,25.109067017082854,139.72943327239526
618088,2026-04-01,18.00262812089356,18.00262812089356,9.986859395532194,18.00295663600528,0.00032851511171827497,0.0018248175183766954
618088,2026-05-01,18.00262812089356,18.00262812089356,10.972404730617608,18.00295663600528,0.00032851511171827497,0.0018248175183766954
618088,2026-06-01,18.00262812089356,18.00262812089356,11.990801576872537,18.003285151116973,0.0006570302234116809,0.00364963503661525
618088,2026-07-01,18.00262812089356,18.00262812089356,12.976346911957949,18.00295663600528,0.00032851511171827497,0.0018248175183766954
618089,2026-04-01,24.014454664914584,38.009198423127465,36.00525624178712,39.34724047306179,15.332785808147204,63.848153214774406
618089,2026-05-01,24.014454664914584,38.009198423127465,36.990801576872535,39.19940867279899,15.184954007884404,63.23255813953506
618089,2026-06-01,24.014454664914584,42.01708278580814,38.009198423127465,41.759855453350895,17.74540078843631,73.89466484268144
618089,2026-07-01,24.014454664914584,42.01708278580814,38.99474375821288,42.937253613666265,18.92279894875168,78.79753761969921
618090,2026-04-01,23.98160315374507,101.01839684625492,105.97897503285152,105.97897503285152,81.99737187910645,341.9178082191782
618090,2026-05-01,23.98160315374507,101.01839684625492,106.96452036793691,106.96452036793691,82.98291721419184,346.027397260274
618091,2026-04-01,24.014454664914584,36.92509855453351,25.952693823915897,35.14520367936925,11.130749014454668,46.35020519835843
618091,2026-05-01,24.014454664914584,36.92509855453351,26.938239159001316,33.82457293035479,9.810118265440206,40.85088919288644
618091,2026-06-01,24.014454664914584,36.92509855453351,27.95663600525624,34.826215505913275,10.81176084099869,45.02188782489742
618091,2026-07-01,24.014454664914584,36.92509855453351,28.94218134034165,35.89717477003943,11.882720105124843,49.481532147742854
618092,2026-04-01,23.98160315374507,23.98160315374507,17.969776609724047,24.280551905387643,0.2989487516425733,1.246575342465744
618092,2026-05-01,23.98160315374507,23.98160315374507,18.95532194480946,24.240801576872535,0.2591984231274651,1.0808219178082243
618092,2026-06-01,23.98160315374507,23.98160315374507,19.97371879106439,24.43002628120894,0.4484231274638688,1.8698630136986532
618092,2026-07-01,23.98160315374507,23.98160315374507,20.9592641261498,24.24244415243101,0.26084099868593924,1.087671232876711
618093,2026-04-01,24.014454664914584,24.014454664914584,30.97897503285151,30.97897503285151,6.964520367936924,29.00136798905608
618093,2026-05-01,24.014454664914584,24.014454664914584,31.964520367936924,31.964520367936924,7.950065703022339,33.10533515731874
618094,2026-04-01,18.00262812089356,90.01314060446781,93.98817345597897,93.98817345597897,75.9855453350854,422.0802919708029
618094,2026-05-01,18.00262812089356,90.01314060446781,94.9737187910644,94.9737187910644,76.97109067017084,427.55474452554745
618094,2026-06-01,18.00262812089356,90.01314060446781,95.99211563731932,95.99211563731932,77.98948751642575,433.2116788321168
618094,2026-07-01,18.00262812089356,90.01314060446781,96.97766097240472,96.97766097240472,78.97503285151116,438.68613138686123
618095,2026-04-01,17.936925098554532,17.936925098554532,18.95532194480946,20.48850197109069,2.5515768725361596,14.225274725274856
618095,2026-05-01,17.936925098554532,29.927726675427067,19.940867279894874,28.124507227332433,10.187582128777901,56.79670329670318
618095,2026-06-01,17.936925098554532,29.927726675427067,20.9592641261498,26.255256241787105,8.318331143232573,46.37545787545779
618095,2026-07-01,17.936925098554532,29.927726675427067,21.944809461235216,27.720433639947416,9.783508541392884,54.54395604395593
618096,2026-04-01,17.969776609724047,20.9592641261498,17.969776609724047,21.18593955321942,3.216162943495373,17.89762340036548
618096,2026-05-01,17.969776609724047,25.98554533508541,18.95532194480946,24.851839684625492,6.8820630749014455,38.29798903107861
618096,2026-06-01,17.969776609724047,25.98554533508541,19.97371879106439,25.544021024967154,7.574244415243108,42.14990859232179
618096,2026-07-01,17.969776609724047,25.98554533508541,20.9592641261498,25.60446780551906,7.634691195795014,42.4862888482633
618097,2026-04-01,23.98160315374507,97.99605781865964,105.97897503285152,105.97897503285152,81.99737187910645,341.9178082191782
618097,2026-05-01,23.98160315374507,97.99605781865964,106.96452036793691,106.96452036793691,82.98291721419184,346.027397260274
618097,2026-06-01,23.98160315374507,97.99605781865964,107.98291721419184,110.21977660972416,86.2381734559791,359.6013698630142
618097,2026-07-01,23.98160315374507,97.99605781865964,108.96846254927726,110.82917214191862,86.84756898817355,362.1424657534251
618098,2026-04-01,17.969776609724047,39.94743758212878,40.9658344283837,41.42772667542708,23.457950065703034,130.5411334552103
618098,2026-05-01,17.969776609724047,39.94743758212878,41.95137976346912,41.95137976346912,23.981603153745073,133.45521023765997
618098,2026-06-01,17.969776609724047,44.97371879106439,42.96977660972404,45.024310118265475,27.05453350854143,150.55575868372964
618098,2026-07-01,17.969776609724047,44.97371879106439,43.95532194480946,45.15440210249676,27.184625492772714,151.27970749542988
618099,2026-04-01,17.969776609724047,17.969776609724047,17.969776609724047,17.969776609724047,0.0,0.0
618099,2026-05-01,17.969776609724047,17.969776609724047,18.95532194480946,19.87592641261496,1.906149802890912,10.607531992687269
618101,2026-04-01,23.98160315374507,23.98160315374507,11.990801576872537,23.94185282522996,0.0,0.0
618101,2026-05-01,23.98160315374507,23.98160315374507,12.976346911957949,23.941852825229958,0.0,0.0
618101,2026-06-01,23.98160315374507,23.98160315374507,13.994743758212875,24.32194480946124,0.3403416557161698,1.4191780821918096
618101,2026-07-01,23.98160315374507,23.98160315374507,14.98028909329829,24.132391590013142,0.1507884362680727,0.6287671232876896
618103,2026-04-01,17.969776609724047,19.97371879106439,17.969776609724047,20.60282522996056,2.6330486202365115,14.652650822668997
618103,2026-05-01,17.969776609724047,19.97371879106439,18.95532194480946,20.473718791064368,2.503942181340321,13.934186471663503
618103,2026-06-01,17.969776609724047,20.9592641261498,19.97371879106439,21.55486202365305,3.5850854139290043,19.95063985374751
618103,2026-07-01,17.969776609724047,20.9592641261498,20.9592641261498,21.815374507227297,3.84559789750325,21.400365630712788
618104,2026-04-01,24.014454664914584,35.019710906701704,33.01576872536137,35.25459921156373,11.240144546649145,46.80574555403557
618104,2026-05-01,24.014454664914584,36.00525624178712,34.00131406044678,36.19579500657033,12.181340341655744,50.72503419972653
618104,2026-06-01,24.014454664914584,36.00525624178712,35.019710906701704,36.81143232588701,12.796977660972427,53.28864569083457
618104,2026-07-01,24.014454664914584,37.023653088042046,36.00525624178712,37.381077529566326,13.366622864651742,55.66073871409015
618105,2026-04-01,24.014454664914584,37.023653088042046,29.993429697766096,37.035808147174755,13.02135348226017,54.22298221614222
618105,2026-05-01,24.014454664914584,37.023653088042046,30.97897503285151,37.159658344283805,13.14520367936922,54.738714090287154
618105,2026-06-01,24.014454664914584,37.023653088042046,31.99737187910644,37.77890932982914,13.764454664914556,57.31737346101219
618105,2026-07-01,24.014454664914584,37.023653088042046,32.98291721419185,38.51412614980288,14.499671484888292,60.378932968536205
618106,2026-04-01,24.014454664914584,39.94743758212878,38.96189224704336,40.20335085413926,16.188896189224675,67.41313269493833
618106,2026-05-01,24.014454664914584,39.94743758212878,39.94743758212878,40.330814717476976,16.31636005256239,67.9439124487003
618106,2026-06-01,24.014454664914584,39.94743758212878,40.9658344283837,41.05157687253612,17.037122207621533,70.94528043775642
618106,2026-07-01,18.035479632063076,1.0,2.0039421813403417,16.321287779237846,0.0,0.0
618107,2026-04-01,29.993429697766096,29.993429697766096,3.975032851511169,29.992444152431048,0.0,0.0
618107,2026-05-01,29.993429697766096,29.993429697766096,4.960578186596584,29.993429697766132,3.552713678800501e-14,1.1844973097775164e-13
618107,2026-06-01,29.993429697766096,29.993429697766096,5.978975032851511,29.993429697766132,3.552713678800501e-14,1.1844973097775164e-13
618107,2026-07-01,29.993429697766096,29.993429697766096,6.964520367936925,29.993429697766132,3.552713678800501e-14,1.1844973097775164e-13
618108,2026-04-01,24.014454664914584,28.97503285151117,27.989487516425758,36.418528252299645,12.40407358738506,51.65253077975394
618108,2026-05-01,24.014454664914584,36.00525624178712,28.97503285151117,36.40735873850201,12.392904073587427,51.60601915184696
618108,2026-06-01,24.014454664914584,36.00525624178712,29.993429697766096,36.68528252299607,12.670827858081484,52.763337893296914
618108,2026-07-01,24.014454664914584,36.00525624178712,30.97897503285151,37.83541392904076,13.820959264126177,57.55266757865949
618109,2026-04-01,24.014454664914584,40.9658344283837,39.98028909329829,42.49145860709599,18.47700394218141,76.94117647058853
618109,2026-05-01,24.014454664914584,47.010512483574246,40.9658344283837,44.3948751642576,20.380420499343014,84.86730506155969
618109,2026-06-01,24.014454664914584,47.010512483574246,41.98423127463863,45.78942181340339,21.77496714848881,90.67441860465108
618109,2026-07-01,24.014454664914584,47.010512483574246,42.96977660972404,46.66885676741128,22.654402102496693,94.33652530779746
618110,2026-04-01,17.969776609724047,31.964520367936924,40.9658344283837,40.9658344283837,22.996057818659654,127.9707495429616
618110,2026-05-01,17.969776609724047,31.964520367936924,41.95137976346912,41.95137976346912,23.981603153745073,133.45521023765997
618111,2026-04-01,18.00262812089356,28.97503285151117,27.989487516425758,28.641918528252255,10.639290407358693,59.09854014598515
618111,2026-05-01,18.00262812089356,29.993429697766096,28.97503285151117,29.81241787122206,11.809789750328498,65.60036496350355
618111,2026-06-01,18.00262812089356,30.97897503285151,29.993429697766096,30.683968462549288,12.681340341655726,70.44160583941611
618111,2026-07-01,18.00262812089356,31.99737187910644,30.97897503285151,30.97897503285151,12.976346911957947,72.0802919708029
618112,2026-04-01,18.035479632063076,18.035479632063076,11.00525624178712,18.042706964520356,0.0072273324572798,0.040072859744917505
618112,2026-05-01,18.035479632063076,18.035479632063076,11.990801576872537,18.084756898817332,0.04927726675425603,0.2732240437157657
618112,2026-06-01,18.035479632063076,18.035479632063076,13.009198423127463,18.767082785808135,0.7316031537450591,4.056466302367869
618112,2026-07-01,18.035479632063076,23.98160315374507,13.994743758212875,21.968462549277252,3.9329829172141757,21.806921675774042
618113,2026-04-01,18.035479632063076,18.035479632063076,11.00525624178712,18.330814717476994,0.2953350854139174,1.6375227686702452
618113,2026-05-01,18.035479632063076,18.035479632063076,11.990801576872537,18.211892247043355,0.17641261498027916,0.978142076502677
618113,2026-06-01,18.035479632063076,18.035479632063076,13.009198423127463,18.39947437582128,0.3639947437582052,2.0182149362476802
618113,2026-07-01,18.035479632063076,23.98160315374507,13.994743758212875,21.743758212877776,3.7082785808146994,20.56102003642977
618114,2026-04-01,29.96057818659658,29.96057818659658,1.938239159001314,29.003942181340367,0.0,0.0
618114,2026-05-01,29.96057818659658,29.96057818659658,2.923784494086728,29.420827858081502,0.0,0.0
618114,2026-06-01,29.96057818659658,29.96057818659658,3.942181340341656,29.960578186596617,3.552713678800501e-14,1.1857961006873603e-13
618114,2026-07-01,29.96057818659658,29.96057818659658,4.92772667542707,29.960578186596617,3.552713678800501e-14,1.1857961006873603e-13
618116,2026-04-01,23.98160315374507,23.98160315374507,2.9566360052562417,24.131406044678066,0.14980289093299604,0.6246575342466301
618116,2026-05-01,23.98160315374507,23.98160315374507,3.942181340341656,24.38107752956637,0.3994743758212991,1.6657534246575816
618116,2026-06-01,23.98160315374507,23.98160315374507,4.960578186596584,23.98160315374508,1.0658141036401503e-14,4.444298810247422e-14
618116,2026-07-01,23.98160315374507,23.98160315374507,5.946123521681997,23.962549277266767,0.0,0.0
618117,2026-04-01,17.936925098554532,17.936925098554532,16.95137976346912,20.159986859395563,2.2230617608410306,12.393772893773072
618117,2026-05-01,17.936925098554532,17.936925098554532,17.936925098554532,20.889947437582123,2.9530223390275907,16.46336996336994
618117,2026-06-01,17.936925098554532,20.9592641261498,18.95532194480946,21.048291721419154,3.1113666228646224,17.346153846153683
618117,2026-07-01,17.936925098554532,20.9592641261498,19.940867279894874,22.70959264126147,4.772667542706937,26.60805860805846
618118,2026-04-01,16.95137976346912,28.94218134034165,37.94349540078844,37.94349540078844,20.992115637319323,123.83720930232562
618118,2026-05-01,16.95137976346912,28.94218134034165,38.92904073587385,38.92904073587385,21.977660972404728,129.65116279069767
618119,2026-04-01,30.02628120893561,30.02628120893561,19.97371879106439,30.13567674113005,0.10939553219444065,0.3643326039385966
618119,2026-05-01,30.02628120893561,30.02628120893561,20.9592641261498,30.035808147174727,0.009526938239115879,0.03172866520773384
618119,2026-06-01,30.02628120893561,30.02628120893561,21.97766097240473,30.013140604467768,0.0,0.0
618119,2026-07-01,30.02628120893561,30.02628120893561,22.963206307490143,30.158672798948704,0.13239159001309275,0.44091903719896536
618120,2026-04-01,23.98160315374507,23.98160315374507,2.9566360052562417,23.981603153745088,1.7763568394002505e-14,7.407164683745702e-14
618120,2026-05-01,23.98160315374507,23.98160315374507,3.942181340341656,23.981603153745088,1.7763568394002505e-14,7.407164683745702e-14
618120,2026-06-01,23.98160315374507,23.98160315374507,4.960578186596584,23.981603153745088,1.7763568394002505e-14,7.407164683745702e-14
618120,2026-07-01,23.98160315374507,23.98160315374507,5.946123521681997,23.981603153745088,1.7763568394002505e-14,7.407164683745702e-14
618121,2026-04-01,18.035479632063076,36.990801576872535,34.00131406044678,36.385019710906676,18.3495400788436,101.74134790528217
618121,2026-05-01,18.035479632063076,36.990801576872535,34.98685939553219,36.32260183968462,18.287122207621547,101.39526411657556
618121,2026-06-01,18.035479632063076,39.02759526938239,36.00525624178712,38.74474375821284,20.709264126149765,114.82513661202165
618121,2026-07-01,18.035479632063076,41.03153745072273,36.990801576872535,39.446780551905356,21.41130091984228,118.7176684881601
618122,2026-04-01,23.98160315374507,23.98160315374507,17.969776609724047,24.031208935611033,0.04960578186596365,0.20684931506848409
618122,2026-05-01,23.98160315374507,23.98160315374507,18.95532194480946,24.80354796320631,0.8219448094612396,3.4273972602739913
618122,2026-06-01,23.98160315374507,23.98160315374507,19.97371879106439,24.16031537450723,0.17871222076216142,0.7452054794520814
618122,2026-07-01,23.98160315374507,23.98160315374507,20.9592641261498,24.379763469119585,0.3981603153745148,1.6602739726027715
618123,2026-04-01,24.014454664914584,24.014454664914584,31.99737187910644,31.99737187910644,7.982917214191854,33.242134062927505
618123,2026-05-01,24.014454664914584,24.014454664914584,32.98291721419185,32.98291721419185,8.968462549277266,37.34610123119015
618123,2026-06-01,24.014454664914584,24.014454664914584,34.00131406044678,34.00131406044678,9.986859395532196,41.58686730506157
618124,2026-04-01,17.969776609724047,27.95663600525624,25.952693823915897,32.03777923784494,14.06800262812089,78.2870201096892
618124,2026-05-01,17.969776609724047,30.97897503285151,26.938239159001316,31.42904073587379,13.459264126149744,74.8994515539302
618124,2026-06-01,17.969776609724047,30.97897503285151,27.95663600525624,31.285151116951333,13.315374507227286,74.09872029250431
618124,2026-07-01,17.969776609724047,32.98291721419185,28.94218134034165,32.975032851511145,15.005256241787098,83.50274223034721
618125,2026-04-01,17.969776609724047,84.98685939553219,90.9658344283837,90.9658344283837,72.99605781865965,406.2157221206581
618125,2026-05-01,17.969776609724047,84.98685939553219,91.95137976346912,91.95137976346912,73.98160315374507,411.70018281535647
618125,2026-06-01,17.969776609724047,84.98685939553219,92.96977660972404,92.96977660972404,74.99999999999999,417.3674588665447
618125,2026-07-01,17.969776609724047,84.98685939553219,93.95532194480946,93.95532194480946,75.9855453350854,422.85191956124316
618126,2026-04-01,23.98160315374507,23.98160315374507,15.965834428383705,24.14980289093299,0.16819973718791914,0.7013698630137342
618126,2026-05-01,23.98160315374507,23.98160315374507,16.95137976346912,25.097240473061774,1.1156373193167042,4.652054794520613
618126,2026-06-01,23.98160315374507,26.938239159001316,17.969776609724047,26.692509855453345,2.710906701708275,11.304109589041083
618126,2026-07-01,23.98160315374507,26.938239159001316,18.95532194480946,27.114651773981592,3.133048620236522,13.0643835616438
618127,2026-04-01,17.936925098554532,17.936925098554532,4.960578186596584,17.897831800262853,0.0,0.0
618127,2026-05-01,17.936925098554532,17.936925098554532,5.946123521681997,17.897503285151156,0.0,0.0
618127,2026-06-01,17.936925098554532,17.936925098554532,6.964520367936925,18.016754270696495,0.07982917214196306,0.44505494505519333
618127,2026-07-01,17.936925098554532,17.936925098554532,7.950065703022338,18.07752956636009,0.14060446780555935,0.7838827838830087
618129,2026-04-01,23.98160315374507,23.98160315374507,15.965834428383705,24.000657030223387,0.019053876478317022,0.07945205479451646
618129,2026-05-01,23.98160315374507,23.98160315374507,16.95137976346912,23.921156373193167,0.0,0.0
618129,2026-06-01,23.98160315374507,23.98160315374507,17.969776609724047,24.00131406044678,0.01971090670171094,0.08219178082192892
618129,2026-07-01,23.98160315374507,23.98160315374507,18.95532194480946,24.539421813403415,0.557818659658345,2.326027397260277
618130,2026-04-01,23.98160315374507,23.98160315374507,22.996057818659654,24.724704336399487,0.7431011826544172,3.0986301369863645
618130,2026-05-01,23.98160315374507,25.0,23.98160315374507,26.38731931668856,2.4057161629434916,10.031506849315054
618130,2026-06-01,23.98160315374507,30.02628120893561,25.0,28.145860709592647,4.164257555847577,17.36438356164387
618130,2026-07-01,23.98160315374507,31.011826544021023,25.98554533508541,31.545663600525614,7.564060446780545,31.54109589041093
618132,2026-04-01,24.014454664914584,24.014454664914584,93.98817345597897,93.98817345597897,69.97371879106439,291.38166894664846
618132,2026-05-01,24.014454664914584,24.014454664914584,94.9737187910644,94.9737187910644,70.95926412614982,295.4856361149112
618133,2026-04-01,22.996057818659654,46.97766097240473,45.99211563731932,48.834756898817396,25.838699080157742,112.36142857142883
618133,2026-05-01,22.996057818659654,56.96452036793692,46.97766097240473,55.053219448094545,32.05716162943489,139.40285714285687
618133,2026-06-01,22.996057818659654,56.96452036793692,47.99605781865966,55.466491458607024,32.47043363994737,141.19999999999976
618133,2026-07-01,22.996057818659654,56.96452036793692,48.98160315374507,56.072273324572855,33.0762155059132,143.83428571428541
618134,2026-04-01,23.98160315374507,23.98160315374507,18.95532194480946,23.89224704336399,0.0,0.0
618134,2026-05-01,23.98160315374507,23.98160315374507,19.940867279894874,24.471747700394218,0.4901445466491481,2.0438356164383658
618134,2026-06-01,23.98160315374507,23.98160315374507,20.9592641261498,24.06176084099868,0.08015768725361028,0.33424657534245167
618134,2026-07-01,23.98160315374507,23.98160315374507,21.944809461235216,24.101839684625496,0.12023653088042607,0.5013698630137219
618136,2026-04-01,18.95532194480946,48.91590013140604,49.93429697766097,49.93429697766097,30.978975032851512,163.43154246100522
618136,2026-05-01,18.95532194480946,48.91590013140604,50.91984231274638,50.91984231274638,31.964520367936924,168.630849220104
618137,2026-04-01,23.98160315374507,23.98160315374507,11.00525624178712,23.922141918528254,0.0,0.0
618137,2026-05-01,23.98160315374507,23.98160315374507,11.990801576872537,23.78318002628121,0.0,0.0
618137,2026-06-01,23.98160315374507,23.98160315374507,13.009198423127463,23.56537450722733,0.0,0.0
618137,2026-07-01,23.98160315374507,23.98160315374507,13.994743758212875,23.624835742444144,0.0,0.0
618138,2026-04-01,18.035479632063076,18.035479632063076,11.00525624178712,18.03515111695137,0.0,0.0
618138,2026-05-01,18.035479632063076,18.035479632063076,11.990801576872537,18.035479632063062,0.0,0.0
618138,2026-06-01,18.035479632063076,18.035479632063076,13.009198423127463,18.103482260183956,0.06800262812087965,0.37704918032779167
618138,2026-07-01,18.035479632063076,18.035479632063076,13.994743758212875,18.163272010512475,0.12779237844939928,0.7085610200363778
618139,2026-04-01,17.017082785808146,17.017082785808146,11.990801576872537,16.905387647831766,0.0,0.0
618139,2026-05-01,17.017082785808146,17.017082785808146,12.976346911957949,16.916228646517705,0.0,0.0
618139,2026-06-01,17.017082785808146,17.017082785808146,13.994743758212875,17.140275952693795,0.12319316688564896,0.7239382239380607
618139,2026-07-01,17.017082785808146,17.017082785808146,14.98028909329829,17.284822601839668,0.2677398160315221,1.573359073358983
618140,2026-04-01,22.963206307490143,22.963206307490143,13.92904073587385,23.356438896189182,0.3932325886990391,1.7124463519311517
618140,2026-05-01,22.963206307490143,22.963206307490143,14.914586070959263,23.709921156373163,0.7467148488830198,3.2517882689555253
618140,2026-06-01,22.963206307490143,22.963206307490143,15.932982917214192,23.605453350854106,0.6422470433639624,2.7968526466379138
618140,2026-07-01,22.963206307490143,22.963206307490143,16.918528252299605,23.205978975032814,0.24277266754267046,1.057224606580671
618141,2026-04-01,24.014454664914584,40.9658344283837,39.98028909329829,41.43725361366631,17.422798948751723,72.55129958960363
618141,2026-05-01,24.014454664914584,41.98423127463863,40.9658344283837,43.18298291721421,19.168528252299627,79.82079343365263
618141,2026-06-01,24.014454664914584,47.99605781865966,41.98423127463863,45.07358738501972,21.059132720105136,87.69357045143644
618141,2026-07-01,24.014454664914584,47.99605781865966,42.96977660972404,45.595597897503296,21.581143232588712,89.86730506155956
618142,2026-04-01,23.98160315374507,28.02233902759527,106.99737187910644,106.99737187910644,83.01576872536137,346.1643835616439
618142,2026-05-01,23.98160315374507,28.02233902759527,107.98291721419184,107.98291721419184,84.00131406044677,350.2739726027397
618143,2026-04-01,22.963206307490143,22.963206307490143,100.9526938239159,100.9526938239159,77.98948751642575,339.6280400572246
618143,2026-05-01,22.963206307490143,22.963206307490143,101.93823915900133,101.93823915900133,78.97503285151119,343.91988555078694
618144,2026-04-01,36.00525624178712,36.00525624178712,75.9855453350854,75.9855453350854,39.98028909329828,111.04014598540144
618144,2026-05-01,36.00525624178712,36.00525624178712,76.97109067017082,76.97109067017082,40.9658344283837,113.77737226277371
618145,2026-04-01,24.014454664914584,38.96189224704336,38.96189224704336,38.96189224704336,14.947437582128774,62.24350205198357
618145,2026-05-01,24.014454664914584,38.96189224704336,39.94743758212878,39.94743758212878,15.932982917214193,66.34746922024625
618146,2026-04-01,17.969776609724047,29.96057818659658,17.969776609724047,27.660315374507245,9.690538764783199,53.926873857404125
618146,2026-05-01,17.969776609724047,29.96057818659658,18.95532194480946,28.18002628120896,10.210249671484913,56.819012797075096
618146,2026-06-01,17.969776609724047,29.96057818659658,19.97371879106439,29.14126149802894,11.171484888304892,62.168190127970924
618146,2026-07-01,17.969776609724047,29.96057818659658,20.9592641261498,29.564717477003974,11.594940867279927,64.52468007312633
618147,2026-04-01,18.035479632063076,29.00788436268068,25.0,30.70006570302233,12.664586070959253,70.22040072859738
618147,2026-05-01,18.035479632063076,29.00788436268068,25.98554533508541,29.924113009198415,11.888633377135339,65.91803278688518
618147,2026-06-01,18.035479632063076,29.00788436268068,27.003942181340346,29.46583442838369,11.430354796320614,63.377049180327774
618147,2026-07-01,18.035479632063076,29.00788436268068,27.989487516425758,29.78482260183968,11.749342969776603,65.14571948998174
618148,2026-05-01,24.014454664914584,24.014454664914584,0.985545335085414,24.0137976346912,0.0,0.0
618148,2026-06-01,24.014454664914584,24.014454664914584,2.0039421813403417,24.01314060446781,0.0,0.0
618148,2026-07-01,24.014454664914584,24.014454664914584,2.9894875164257555,23.89159001314061,0.0,0.0
618149,2026-04-01,23.98160315374507,23.98160315374507,14.947437582128778,25.52496714848884,1.5433639947437712,6.435616438356219
618149,2026-05-01,23.98160315374507,23.98160315374507,15.932982917214192,24.851182654402095,0.869579500657025,3.626027397260253
618149,2026-06-01,23.98160315374507,23.98160315374507,16.95137976346912,24.630749014454665,0.649145860709595,2.7068493150685033
618149,2026-07-01,23.98160315374507,23.98160315374507,17.936925098554532,24.659001314060447,0.6773981603153771,2.8246575342465867
618150,2026-04-01,23.98160315374507,23.98160315374507,11.00525624178712,23.981603153745077,7.105427357601002e-15,2.962865873498281e-14
618150,2026-05-01,23.98160315374507,23.98160315374507,11.990801576872537,23.822930354796323,0.0,0.0
618150,2026-06-01,23.98160315374507,23.98160315374507,13.009198423127463,23.981603153745073,3.552713678800501e-15,1.4814329367491404e-14
618150,2026-07-01,23.98160315374507,23.98160315374507,13.994743758212875,23.981603153745073,3.552713678800501e-15,1.4814329367491404e-14
618151,2026-05-01,36.00525624178712,36.00525624178712,0.0,36.12516425755589,0.11990801576876464,0.3330291970804011
618151,2026-06-01,36.00525624178712,36.00525624178712,1.0183968462549278,36.12516425755589,0.11990801576876464,0.3330291970804011
618151,2026-07-01,36.00525624178712,36.00525624178712,2.0039421813403417,36.12516425755589,0.11990801576876464,0.3330291970804011
618152,2026-04-01,22.963206307490143,100.0,103.97503285151116,103.97503285151116,81.01182654402102,352.7896995708154
618152,2026-05-01,22.963206307490143,100.0,104.96057818659658,104.96057818659658,81.99737187910644,357.0815450643777
618152,2026-06-01,22.963206307490143,107.98291721419184,105.97897503285152,107.10348226018405,84.14027595269391,366.41344778254694
618152,2026-07-01,22.963206307490143,107.98291721419184,106.96452036793691,107.00427069645212,84.04106438896198,365.98140200286167
618153,2026-04-01,23.98160315374507,94.9737187910644,103.97503285151116,103.97503285151116,79.99342969776609,333.56164383561645
618153,2026-05-01,23.98160315374507,94.9737187910644,104.96057818659658,104.96057818659658,80.97897503285151,337.6712328767124
618153,2026-06-01,23.98160315374507,107.98291721419184,105.97897503285152,106.53975032851518,82.55814717477011,344.256164383562
618153,2026-07-01,23.98160315374507,107.98291721419184,106.96452036793691,106.96452036793691,82.98291721419184,346.027397260274
618154,2026-04-01,17.969776609724047,40.9658344283837,38.96189224704336,41.2818659658345,23.31208935611045,129.72943327239528
618154,2026-05-01,17.969776609724047,40.9658344283837,39.94743758212878,41.00722733245739,23.037450722733343,128.20109689213947
618154,2026-06-01,17.969776609724047,40.9658344283837,40.9658344283837,41.49770039421821,23.52792378449416,130.93053016453422
618154,2026-07-01,17.969776609724047,40.9658344283837,41.95137976346912,41.95137976346912,23.981603153745073,133.45521023765997
618155,2026-04-01,17.936925098554532,17.936925098554532,14.947437582128778,17.678712220762193,0.0,0.0
618155,2026-05-01,17.936925098554532,17.936925098554532,15.932982917214192,17.758541392904107,0.0,0.0
618155,2026-06-01,17.936925098554532,19.97371879106439,16.95137976346912,20.270696452036773,2.3337713534822413,13.010989010988908
618155,2026-07-01,17.936925098554532,19.97371879106439,17.936925098554532,20.05157687253611,2.1146517739815778,11.789377289377148
618156,2026-04-01,23.98160315374507,23.98160315374507,17.969776609724047,24.30978975032852,0.32818659658344984,1.368493150684961
618156,2026-05-01,23.98160315374507,23.98160315374507,18.95532194480946,24.09986859395532,0.11826544021025143,0.4931506849315142
618156,2026-06-01,23.98160315374507,23.98160315374507,19.97371879106439,24.08048620236531,0.098883048620241,0.41232876712330635
618156,2026-07-01,23.98160315374507,23.98160315374507,20.9592641261498,24.021024967148488,0.039421813403418327,0.16438356164384302
618157,2026-04-01,17.969776609724047,23.98160315374507,15.965834428383705,21.493429697766075,3.5236530880420283,19.608775137111397
618157,2026-05-01,17.969776609724047,23.98160315374507,16.95137976346912,24.027923784494067,6.058147174770021,33.712979890310685
618157,2026-06-01,17.969776609724047,23.98160315374507,17.969776609724047,23.328515111695125,5.358738501971079,29.820840950639788
618157,2026-07-01,17.969776609724047,23.98160315374507,18.95532194480946,23.881077529566355,5.911300919842308,32.89579524680071
618158,2026-04-01,23.98160315374507,23.98160315374507,15.965834428383705,24.07095926412615,0.08935611038107893,0.3726027397260333
618158,2026-05-01,23.98160315374507,23.98160315374507,16.95137976346912,24.180354796320636,0.19875164257556577,0.8287671232877017
618158,2026-06-01,23.98160315374507,23.98160315374507,17.969776609724047,24.45630749014455,0.47470433639947984,1.9794520547945436
618158,2026-07-01,23.98160315374507,23.98160315374507,18.95532194480946,24.218134034165573,0.23653088042050285,0.9863013698630284
618159,2026-04-01,17.936925098554532,17.936925098554532,6.964520367936925,17.818988173456017,0.0,0.0
618159,2026-05-01,17.936925098554532,17.936925098554532,7.950065703022338,17.997371879106478,0.06044678055194552,0.3369963369965608
618159,2026-06-01,17.936925098554532,17.936925098554532,8.968462549277266,17.936925098554575,4.263256414560601e-14,2.3768044919271924e-13
618159,2026-07-01,17.936925098554532,17.936925098554532,9.95400788436268,17.937582128777965,0.0006570302234329972,0.0036630036632418384
618160,2026-04-01,23.98160315374507,23.98160315374507,3.975032851511169,23.981603153745088,1.7763568394002505e-14,7.407164683745702e-14
618160,2026-05-01,23.98160315374507,23.98160315374507,4.960578186596584,23.981603153745088,1.7763568394002505e-14,7.407164683745702e-14
618160,2026-06-01,23.98160315374507,23.98160315374507,5.978975032851511,23.981603153745088,1.7763568394002505e-14,7.407164683745702e-14
618160,2026-07-01,23.98160315374507,23.98160315374507,6.964520367936925,23.981603153745088,1.7763568394002505e-14,7.407164683745702e-14
618161,2026-04-01,27.003942181340346,30.97897503285151,30.97897503285151,30.97897503285151,3.9750328515111626,14.720194647201918
618161,2026-05-01,27.003942181340346,30.97897503285151,31.964520367936924,31.964520367936924,4.960578186596578,18.369829683698274
618162,2026-04-01,23.98160315374507,23.98160315374507,2.9566360052562417,23.98160315374508,1.0658141036401503e-14,4.444298810247422e-14
618162,2026-05-01,23.98160315374507,23.98160315374507,3.942181340341656,23.75178712220763,0.0,0.0
618162,2026-06-01,23.98160315374507,23.98160315374507,4.960578186596584,23.98160315374508,1.0658141036401503e-14,4.444298810247422e-14
618162,2026-07-01,23.98160315374507,23.98160315374507,5.946123521681997,23.98160315374508,1.0658141036401503e-14,4.444298810247422e-14
618163,2026-04-01,18.00262812089356,29.993429697766096,21.97766097240473,29.352168199737218,11.349540078843656,63.04379562043812
618163,2026-05-01,18.00262812089356,29.993429697766096,22.963206307490143,29.51215505913275,11.509526938239187,63.93248175182498
618163,2026-06-01,18.00262812089356,29.993429697766096,23.98160315374507,29.425755584756917,11.423127463863356,63.45255474452565
618163,2026-07-01,18.00262812089356,29.993429697766096,24.967148488830485,31.735545335085416,13.732917214191854,76.28284671532846
618164,2026-04-01,23.98160315374507,23.98160315374507,21.97766097240473,24.14027595269382,0.15867279894874997,0.6616438356164315
618164,2026-05-01,23.98160315374507,24.967148488830485,22.963206307490143,25.455650459921127,1.4740473061760575,6.146575342465644
618164,2026-06-01,23.98160315374507,24.967148488830485,23.98160315374507,25.99737187910641,2.0157687253613403,8.405479452054685
618164,2026-07-01,23.98160315374507,25.98554533508541,24.967148488830485,25.396622864651775,1.415019710906705,5.900438356164398
618165,2026-04-01,22.996057818659654,27.95663600525624,25.952693823915897,27.60775295663603,4.611695137976376,20.054285714285843
618165,2026-05-01,22.996057818659654,27.95663600525624,26.938239159001316,27.852496714848918,4.856438896189264,21.118571428571602
618165,2026-06-01,22.996057818659654,28.94218134034165,27.95663600525624,28.681340341655673,5.685282522996019,24.722857142856977
618166,2026-04-01,24.014454664914584,31.99737187910644,29.993429697766096,32.032522996057835,8.018068331143251,33.38850889192894
618166,2026-05-01,24.014454664914584,31.99737187910644,30.97897503285151,31.556833114323293,7.542378449408709,31.407660738714245
618166,2026-06-01,24.014454664914584,32.98291721419185,31.99737187910644,32.75722733245728,8.742772667542699,36.40629274965797
618166,2026-07-01,24.014454664914584,32.98291721419185,32.98291721419185,33.40243101182655,9.387976346911966,39.09302325581399
618167,2026-04-01,11.990801576872537,44.97371879106439,43.98817345597897,43.98817345597897,31.99737187910644,266.8493150684931
618167,2026-05-01,11.990801576872537,45.99211563731932,44.97371879106439,45.47930354796322,33.488501971090685,279.28493150684943
618168,2026-04-01,24.014454664914584,36.00525624178712,26.971090670170828,34.32720105124837,10.312746386333789,42.94391244870048
618168,2026-05-01,24.014454664914584,36.00525624178712,27.95663600525624,35.257884362680706,11.243429697766121,46.81942544459655
618168,2026-06-01,24.014454664914584,36.00525624178712,28.97503285151117,35.8741787122208,11.859724047306212,49.385772913816844
618168,2026-07-01,24.014454664914584,36.00525624178712,29.96057818659658,36.158672798948764,12.14421813403418,50.57045143638857
618169,2026-04-01,24.014454664914584,31.964520367936924,28.97503285151117,31.557818659658373,7.543363994743789,31.411764705882483
618169,2026-05-01,24.014454664914584,31.964520367936924,29.96057818659658,31.86925098554535,7.854796320630765,32.708618331053415
618169,2026-06-01,24.014454664914584,31.964520367936924,30.97897503285151,32.19152431011829,8.177069645203705,34.05061559507535
618169,2026-07-01,24.014454664914584,34.00131406044678,31.964520367936924,33.44185282522999,9.427398160315402,39.25718194254458
618170,2026-04-01,18.035479632063076,33.01576872536137,25.0,32.180354796320614,14.144875164257538,78.42805100182139
618170,2026-05-01,18.035479632063076,33.01576872536137,25.98554533508541,33.37976346911956,15.344283837056484,85.07832422586509
618170,2026-06-01,18.035479632063076,33.01576872536137,27.003942181340346,33.5801576872536,15.544678055190527,86.18943533697625
618170,2026-07-01,18.035479632063076,33.01576872536137,27.989487516425758,33.81898817345596,15.783508541392887,87.51366120218569
618171,2026-04-01,24.014454664914584,32.98291721419185,26.971090670170828,32.833114323258854,8.81865965834427,36.722298221614174
618171,2026-05-01,24.014454664914584,32.98291721419185,27.95663600525624,33.15275952693822,9.138304862023634,38.053351573187335
618171,2026-06-01,24.014454664914584,34.98685939553219,28.97503285151117,35.73718791064388,11.722733245729298,48.81532147742816
618171,2026-07-01,24.014454664914584,34.98685939553219,29.96057818659658,35.60775295663597,11.593298291721386,48.27633378932955
618172,2026-04-01,23.98160315374507,106.96452036793691,105.97897503285152,106.44842312746385,82.46681997371878,343.8753424657534
618172,2026-05-01,23.98160315374507,106.96452036793691,106.96452036793691,106.96452036793691,82.98291721419184,346.027397260274
618172,2026-06-01,23.98160315374507,111.99080157687251,107.98291721419184,111.53876478318,87.55716162943493,365.10136986301364
618172,2026-07-01,23.98160315374507,111.99080157687251,108.96846254927726,111.88896189224697,87.9073587385019,366.56164383561617
618173,2026-04-01,23.98160315374507,99.01445466491458,105.97897503285152,106.48915900131405,82.50755584756898,344.0452054794521
618173,2026-05-01,23.98160315374507,99.01445466491458,106.96452036793691,106.96452036793691,82.98291721419184,346.027397260274
618173,2026-06-01,23.98160315374507,109.9868593955322,107.98291721419184,110.31734559789764,86.33574244415257,360.0082191780828
618173,2026-07-01,23.98160315374507,109.9868593955322,108.96846254927726,110.57720105124851,86.59559789750344,361.0917808219185
618174,2026-04-01,18.00262812089356,18.00262812089356,11.990801576872537,18.002956636005276,0.00032851511171472225,0.0018248175183569607
618174,2026-05-01,18.00262812089356,18.00262812089356,12.976346911957949,18.002628120893583,2.1316282072803006e-14,1.1840650114892764e-13
618174,2026-06-01,18.00262812089356,18.00262812089356,13.994743758212875,18.00229960578189,0.0,0.0
618174,2026-07-01,18.00262812089356,18.00262812089356,14.98028909329829,18.001642575558495,0.0,0.0
618175,2026-04-01,24.014454664914584,37.023653088042046,35.019710906701704,37.08935611038106,13.074901445466477,54.44596443228449
618175,2026-05-01,24.014454664914584,37.023653088042046,36.00525624178712,36.66130091984229,12.646846254927706,52.663474692202385
618175,2026-06-01,24.014454664914584,39.02759526938239,37.023653088042046,38.71057818659655,14.696123521681965,61.19699042407648
618176,2026-04-01,23.98160315374507,23.98160315374507,2.9566360052562417,23.981603153745088,1.7763568394002505e-14,7.407164683745702e-14
618176,2026-05-01,23.98160315374507,23.98160315374507,3.942181340341656,23.751787122207634,0.0,0.0
618176,2026-06-01,23.98160315374507,23.98160315374507,4.960578186596584,23.981603153745088,1.7763568394002505e-14,7.407164683745702e-14
618176,2026-07-01,23.98160315374507,23.98160315374507,5.946123521681997,23.981603153745088,1.7763568394002505e-14,7.407164683745702e-14
618177,2026-04-01,18.00262812089356,90.01314060446781,93.98817345597897,93.98817345597897,75.9855453350854,422.0802919708029
618177,2026-05-01,18.00262812089356,90.01314060446781,94.9737187910644,94.9737187910644,76.97109067017084,427.55474452554745
618177,2026-06-01,18.00262812089356,90.01314060446781,95.99211563731932,95.99211563731932,77.98948751642575,433.2116788321168
618177,2026-07-01,18.00262812089356,90.01314060446781,96.97766097240472,96.97766097240472,78.97503285151116,438.68613138686123
618178,2026-04-01,17.969776609724047,16.95137976346912,15.965834428383705,17.53712220762154,0.0,0.0
618178,2026-05-01,17.969776609724047,16.95137976346912,16.95137976346912,18.9917871222076,1.0220105124835541,5.687385740402082
618178,2026-06-01,17.969776609724047,21.97766097240473,17.969776609724047,21.05124835742442,3.0814717477003732,17.14808043875674
618178,2026-07-01,17.969776609724047,21.97766097240473,18.95532194480946,22.46583442838369,4.496057818659644,25.020109689213815
618179,2026-04-01,18.035479632063076,18.035479632063076,19.97371879106439,19.97371879106439,1.9382391590013128,10.746812386156641
618179,2026-05-01,18.035479632063076,18.035479632063076,20.9592641261498,21.871879106438872,3.8363994743757956,21.271402550090933
618179,2026-06-01,18.035479632063076,22.963206307490143,21.97766097240473,22.407030223390247,4.371550591327171,24.238615664845007
618180,2026-04-01,18.00262812089356,72.01051248357425,93.98817345597897,93.98817345597897,75.9855453350854,422.0802919708029
618180,2026-05-01,18.00262812089356,72.01051248357425,94.9737187910644,94.9737187910644,76.97109067017084,427.55474452554745
618180,2026-06-01,18.00262812089356,96.97766097240472,95.99211563731932,95.99211563731932,77.98948751642575,433.2116788321168
618180,2026-07-01,18.00262812089356,96.97766097240472,96.97766097240472,96.97766097240472,78.97503285151116,438.68613138686123
618181,2026-04-01,17.969776609724047,13.961892247043364,26.971090670170828,26.971090670170828,9.00131406044678,50.09140767824497
618181,2026-05-01,17.969776609724047,13.961892247043364,27.95663600525624,27.95663600525624,9.986859395532193,55.57586837294332
618182,2026-04-01,23.98160315374507,23.98160315374507,20.99211563731932,24.333771353482256,0.3521681997371857,1.4684931506849226
618182,2026-05-01,23.98160315374507,23.98160315374507,21.97766097240473,24.311760840998687,0.3301576872536174,1.376712328767139
618182,2026-06-01,23.98160315374507,23.98160315374507,22.996057818659654,25.964520367936935,1.9829172141918647,8.268493150684982
618182,2026-07-01,23.98160315374507,33.96846254927726,23.98160315374507,31.087713534822637,7.106110381077567,29.631506849315226
618183,2026-04-01,23.98160315374507,23.98160315374507,19.97371879106439,24.12023653088042,0.13863337713534918,0.578082191780826
618183,2026-05-01,23.98160315374507,23.98160315374507,20.9592641261498,24.299934296977664,0.31833114323259437,1.3273972602739965
618183,2026-06-01,23.98160315374507,23.98160315374507,21.97766097240473,24.471090670170835,0.4894875164257648,2.0410958904109977
618183,2026-07-01,23.98160315374507,23.98160315374507,22.963206307490143,27.025952693823925,3.044349540078855,12.694520547945254
618184,2026-04-01,24.014454664914584,45.959264126149804,25.952693823915897,39.462877792378414,15.44842312746383,64.32968536251697
618184,2026-05-01,24.014454664914584,45.959264126149804,26.938239159001316,35.723718791064364,11.70926412614978,48.759233926128495
618184,2026-06-01,24.014454664914584,45.959264126149804,27.95663600525624,43.084756898817304,19.07030223390272,79.41176470588219
618184,2026-07-01,24.014454664914584,45.959264126149804,28.94218134034165,43.435611038107716,19.42115637319313,80.87277701778372
618185,2026-04-01,23.98160315374507,23.98160315374507,7.982917214191852,23.981603153745073,3.552713678800501e-15,1.4814329367491404e-14
618185,2026-05-01,23.98160315374507,23.98160315374507,8.968462549277266,23.981603153745073,3.552713678800501e-15,1.4814329367491404e-14
618185,2026-06-01,23.98160315374507,23.98160315374507,9.986859395532194,24.441195795006575,0.459592641261505,1.9164383561644127
618185,2026-07-01,23.98160315374507,23.98160315374507,10.972404730617608,24.331471747700398,0.3498685939553283,1.4589041095890678
618186,2026-04-01,24.014454664914584,40.9658344283837,39.98028909329829,41.37516425755585,17.360709592641268,72.29274965800276
618186,2026-05-01,24.014454664914584,45.006570302233904,40.9658344283837,43.61038107752952,19.595926412614933,81.60054719562224
618186,2026-06-01,24.014454664914584,45.006570302233904,41.98423127463863,45.38961892247037,21.375164257555785,89.00957592339236
618186,2026-07-01,24.014454664914584,45.006570302233904,42.96977660972404,45.50098554533501,21.48653088042043,89.473324213406
618187,2026-04-01,23.98160315374507,23.98160315374507,5.978975032851511,24.143232588699092,0.1616294349540226,0.6739726027397874
618187,2026-05-01,23.98160315374507,23.98160315374507,6.964520367936925,23.98160315374508,1.0658141036401503e-14,4.444298810247422e-14
618187,2026-06-01,23.98160315374507,23.98160315374507,7.982917214191852,23.98160315374508,1.0658141036401503e-14,4.444298810247422e-14
618187,2026-07-01,23.98160315374507,23.98160315374507,8.968462549277266,23.98160315374508,1.0658141036401503e-14,4.444298810247422e-14
618188,2026-04-01,17.969776609724047,30.97897503285151,28.97503285151117,30.13633377135345,12.166557161629402,67.705667276051
618188,2026-05-01,17.969776609724047,30.97897503285151,29.96057818659658,30.754599211563733,12.784822601839686,71.14625228519196
618188,2026-06-01,17.969776609724047,31.964520367936924,30.97897503285151,31.710906701708296,13.74113009198425,76.46800731261436
618188,2026-07-01,17.969776609724047,32.98291721419185,31.964520367936924,31.964520367936924,13.994743758212877,77.87934186471664
618189,2026-04-01,23.98160315374507,23.98160315374507,4.960578186596584,23.981603153745073,3.552713678800501e-15,1.4814329367491404e-14
618189,2026-05-01,23.98160315374507,23.98160315374507,5.946123521681997,23.981603153745073,3.552713678800501e-15,1.4814329367491404e-14
618189,2026-06-01,23.98160315374507,23.98160315374507,6.964520367936925,24.122207621550594,0.14060446780552383,0.5863013698630336
618189,2026-07-01,23.98160315374507,23.98160315374507,7.950065703022338,24.211235216819972,0.22963206307490225,0.9575342465753459
618190,2026-04-01,24.014454664914584,38.009198423127465,37.023653088042046,38.2388304862024,14.224375821287818,59.23255813953505
618190,2026-05-01,24.014454664914584,39.02759526938239,38.009198423127465,39.47043363994742,15.455978975032838,64.36114911080706
618190,2026-06-01,24.014454664914584,40.01314060446781,39.02759526938239,40.410315374507235,16.39586070959265,68.27496580027363
618190,2026-07-01,24.014454664914584,41.03153745072273,40.01314060446781,41.128777923784476,17.11432325886989,71.26675786593701
618191,2026-04-01,24.014454664914584,37.94349540078844,38.96189224704336,38.96189224704336,14.947437582128774,62.24350205198357
618191,2026-05-01,24.014454664914584,37.94349540078844,39.94743758212878,39.94743758212878,15.932982917214193,66.34746922024625
618192,2026-04-01,24.014454664914584,45.006570302233904,45.006570302233904,45.31865965834425,21.304204993429668,88.71409028727759
618192,2026-05-01,24.014454664914584,45.006570302233904,45.99211563731932,46.636005256241766,22.621550591327182,94.19972640218872
618193,2026-04-01,20.006570302233904,20.006570302233904,11.990801576872537,20.521353482260192,0.5147831800262885,2.5730706075534027
618193,2026-05-01,20.006570302233904,20.006570302233904,12.976346911957949,20.549934296977668,0.5433639947437641,2.7159277504105384
618193,2026-06-01,20.006570302233904,20.006570302233904,13.994743758212875,21.32260183968463,1.3160315374507263,6.577996715927768
618193,2026-07-01,20.006570302233904,20.006570302233904,14.98028909329829,21.712220762155056,1.7056504599211522,8.525451559934297
618194,2026-04-01,18.035479632063076,85.0197109067017,91.98423127463865,91.98423127463865,73.94875164257557,410.01821493624783
618194,2026-05-01,18.035479632063076,85.0197109067017,92.96977660972404,92.96977660972404,74.93429697766096,415.4826958105646
618194,2026-06-01,18.035479632063076,85.0197109067017,93.98817345597897,93.98817345597897,75.9526938239159,421.1293260473588
618194,2026-07-01,18.035479632063076,85.0197109067017,94.9737187910644,94.9737187910644,76.93823915900133,426.59380692167576
618196,2026-04-01,24.014454664914584,41.98423127463863,39.98028909329829,41.68232588699082,17.667871222076233,73.57181942544467
618196,2026-05-01,24.014454664914584,41.98423127463863,40.9658344283837,41.96452036793695,17.950065703022364,74.74692202462391
618196,2026-06-01,21.02496714848883,47.99605781865966,41.98423127463863,46.79040735873846,25.765440210249633,122.54687499999982
618196,2026-07-01,21.02496714848883,47.99605781865966,42.96977660972404,46.718791064388924,25.693823915900094,122.20624999999983
618197,2026-04-01,24.014454664914584,40.9658344283837,38.96189224704336,41.44185282523004,17.42739816031546,72.57045143638886
618197,2026-05-01,24.014454664914584,46.97766097240473,39.94743758212878,44.012155059132766,19.99770039421818,83.27359781121771
618197,2026-06-01,24.014454664914584,46.97766097240473,40.9658344283837,45.86892247043371,21.854467805519125,91.00547195622465
618197,2026-07-01,24.014454664914584,46.97766097240473,41.95137976346912,46.44842312746395,22.433968462549362,93.41860465116315
618198,2026-04-01,23.98160315374507,52.95663600525624,50.9526938239159,50.9526938239159,26.97109067017083,112.46575342465756
618198,2026-05-01,23.98160315374507,52.95663600525624,51.93823915900131,51.93823915900131,27.956636005256243,116.57534246575345
618198,2026-06-01,23.98160315374507,54.96057818659658,52.95663600525624,52.95663600525624,28.975032851511173,120.8219178082192
618198,2026-07-01,23.98160315374507,54.96057818659658,53.942181340341655,53.942181340341655,29.960578186596585,124.93150684931508
618199,2026-04-01,23.98160315374507,23.98160315374507,20.99211563731932,25.05847568988174,1.0768725361366691,4.490410958904138
618199,2026-05-01,23.98160315374507,23.98160315374507,21.97766097240473,24.95072273324573,0.96911957950066,4.041095890410971
618199,2026-06-01,23.98160315374507,27.003942181340346,22.996057818659654,27.06011826544021,3.0785151116951397,12.83698630136987
618199,2026-07-01,23.98160315374507,27.003942181340346,23.98160315374507,28.06997371879106,4.088370565045992,17.04794520547945
618200,2026-04-01,18.00262812089356,40.04599211563732,29.993429697766096,38.7805519053876,20.777923784494035,115.41605839416029
618200,2026-05-01,18.00262812089356,40.04599211563732,30.97897503285151,39.25624178712213,21.253613666228567,118.0583941605835
618200,2026-06-01,18.00262812089356,37.023653088042046,31.99737187910644,37.38403416557158,19.381406044678016,107.65875912408738
618200,2026-07-01,18.00262812089356,37.023653088042046,32.98291721419185,36.513797634691166,18.511169513797604,102.82481751824801
618201,2026-04-01,23.98160315374507,23.98160315374507,16.95137976346912,25.832785808147186,1.8511826544021162,7.7191780821918385
618201,2026-05-01,23.98160315374507,30.946123521682,17.936925098554532,29.304533508541372,5.322930354796302,22.195890410958828
618201,2026-06-01,23.98160315374507,30.946123521682,18.95532194480946,28.557161629434923,4.575558475689853,19.0794520547944
618201,2026-07-01,23.98160315374507,30.946123521682,19.940867279894874,27.977332457293006,3.995729303547936,16.661643835616328
618202,2026-04-01,23.98160315374507,23.98160315374507,18.95532194480946,26.250657030223394,2.269053876478324,9.461643835616465
618202,2026-05-01,23.98160315374507,33.93561103810775,19.940867279894874,28.81833114323258,4.83672798948751,20.168493150684906
618202,2026-06-01,23.98160315374507,33.93561103810775,20.9592641261498,32.58377135348224,8.602168199737172,35.86986301369856
618202,2026-07-01,23.98160315374507,33.93561103810775,21.944809461235216,33.14454664914584,9.162943495400768,38.20821917808211
618203,2026-04-01,22.963206307490143,22.963206307490143,19.97371879106439,24.553547963206267,1.5903416557161236,6.9256080114447505
618203,2026-05-01,22.963206307490143,30.02628120893561,20.9592641261498,28.747043363994713,5.78383705650457,25.18741058655209
618203,2026-06-01,22.963206307490143,30.02628120893561,21.97766097240473,29.890604467805478,6.9273981603153345,30.16738197424875
618203,2026-07-01,22.963206307490143,30.02628120893561,22.963206307490143,30.485873850197066,7.522667542706923,32.759656652360334
618204,2026-04-01,24.014454664914584,36.990801576872535,34.00131406044678,38.90834428383706,14.893889618922476,62.020519835841334
618204,2026-05-01,24.014454664914584,48.98160315374507,34.98685939553219,46.611695137976376,22.59724047306179,94.09849521203843
618204,2026-06-01,24.014454664914584,48.98160315374507,36.00525624178712,48.73488830486204,24.720433639947455,102.93980848153224
618204,2026-07-01,24.014454664914584,48.98160315374507,36.990801576872535,48.77562417871224,24.761169513797658,103.10943912448711
618205,2026-04-01,24.014454664914584,36.00525624178712,31.99737187910644,35.54369250985549,11.529237844940905,48.009575923392774
618205,2026-05-01,24.014454664914584,36.00525624178712,32.98291721419185,36.44645203679372,12.431997371879138,51.76880984952133
618205,2026-06-01,24.014454664914584,36.00525624178712,34.00131406044678,36.88863337713538,12.874178712220793,53.610123119015185
618205,2026-07-01,24.014454664914584,40.01314060446781,34.98685939553219,38.26511169513798,14.250657030223397,59.34199726402192
618206,2026-04-01,29.927726675427067,29.927726675427067,16.95137976346912,29.927726675427042,0.0,0.0
618206,2026-05-01,29.927726675427067,29.927726675427067,17.936925098554532,29.927726675427042,0.0,0.0
618206,2026-06-01,29.927726675427067,29.927726675427067,18.95532194480946,29.927726675427042,0.0,0.0
618206,2026-07-01,29.927726675427067,29.927726675427067,19.940867279894874,29.928712220762133,0.000985545335066007,0.003293084522437899
618207,2026-04-01,47.99605781865966,60.0197109067017,29.993429697766096,58.92706964520377,10.931011826544115,22.77481177275858
618207,2026-05-01,47.99605781865966,60.0197109067017,30.97897503285151,59.03810775295672,11.042049934297061,23.006160164271222
618207,2026-06-01,47.99605781865966,60.0197109067017,31.99737187910644,60.48521681997383,12.489159001314171,26.021218343600506
618207,2026-07-01,47.99605781865966,60.0197109067017,32.98291721419185,60.544678055190644,12.548620236530986,26.145106091718223
618208,2026-04-01,22.996057818659654,22.996057818659654,76.97109067017082,76.97109067017082,53.97503285151117,234.71428571428578
618208,2026-05-01,22.996057818659654,22.996057818659654,77.95663600525624,77.95663600525624,54.96057818659659,239.0000000000001
618209,2026-04-01,36.00525624178712,58.96846254927726,42.96977660972404,56.524310118265454,20.51905387647833,56.98905109489054
618209,2026-05-01,36.00525624178712,58.96846254927726,43.95532194480946,56.076215505913275,20.070959264126152,55.74452554744526
618209,2026-06-01,36.00525624178712,58.96846254927726,44.97371879106439,57.924113009198464,21.91885676741134,60.87682481751836
618209,2026-07-01,36.00525624178712,58.96846254927726,45.959264126149804,58.70137976346915,22.696123521682026,63.03558394160592
618210,2026-04-01,23.98160315374507,53.975032851511166,51.97109067017082,54.1438896189224,30.16228646517733,125.77260273972577
618210,2026-05-01,23.98160315374507,53.975032851511166,52.95663600525624,55.10085413929041,31.119250985545342,129.76301369863017
618210,2026-06-01,23.98160315374507,54.96057818659658,53.975032851511166,55.71189224704341,31.73028909329834,132.3109589041098
618210,2026-07-01,23.98160315374507,54.96057818659658,54.96057818659658,56.011498028909365,32.029894875164295,133.56027397260291
618211,2026-04-01,23.98160315374507,23.98160315374507,16.95137976346912,24.04106438896189,0.05946123521681912,0.24794520547944848
618211,2026-05-01,23.98160315374507,23.98160315374507,17.936925098554532,23.981603153745073,3.552713678800501e-15,1.4814329367491404e-14
618211,2026-06-01,23.98160315374507,23.98160315374507,18.95532194480946,24.220105124835744,0.23850197109067395,0.9945205479452213
618211,2026-07-01,23.98160315374507,31.93166885676741,19.940867279894874,28.751971090670164,4.770367936925094,19.89178082191779
618212,2026-04-01,17.969776609724047,17.969776609724047,5.978975032851511,18.039421813403397,0.06964520367935023,0.3875685557585779
618212,2026-05-01,17.969776609724047,17.969776609724047,6.964520367936925,17.969776609724025,0.0,0.0
618212,2026-06-01,17.969776609724047,17.969776609724047,7.982917214191852,17.969776609724025,0.0,0.0
618212,2026-07-01,17.969776609724047,17.969776609724047,8.968462549277266,17.969776609724025,0.0,0.0
618213,2026-04-01,24.014454664914584,84.00131406044677,86.95795006570302,86.95795006570302,62.943495400788436,262.10670314637485
618213,2026-05-01,24.014454664914584,84.00131406044677,87.94349540078844,87.94349540078844,63.929040735873855,266.2106703146375
618213,2026-06-01,24.014454664914584,89.94743758212877,88.96189224704337,88.96189224704337,64.94743758212879,270.4514363885089
618213,2026-07-01,24.014454664914584,89.94743758212877,89.94743758212877,89.94743758212877,65.93298291721419,274.5554035567716
618214,2026-04-01,29.96057818659658,64.98028909329828,86.95795006570302,86.95795006570302,56.99737187910644,190.24122807017545
618214,2026-05-01,29.96057818659658,64.98028909329828,87.94349540078844,87.94349540078844,57.98291721419186,193.530701754386
618214,2026-06-01,29.96057818659658,64.98028909329828,88.96189224704337,88.96189224704337,59.00131406044679,196.92982456140356
618214,2026-07-01,29.96057818659658,64.98028909329828,89.94743758212877,89.94743758212877,59.98685939553219,200.21929824561403
618215,2026-04-01,35.972404730617605,35.972404730617605,21.97766097240473,35.973061760841034,0.0006570302234294445,0.0018264840183737252
618215,2026-05-01,35.972404730617605,35.972404730617605,22.963206307490143,35.972733245729344,0.00032851511173959125,0.0009132420092559963
618215,2026-06-01,35.972404730617605,35.972404730617605,23.98160315374507,36.0630749014455,0.09067017082789874,0.25205479452066104
618215,2026-07-01,35.972404730617605,35.972404730617605,24.967148488830485,36.4346254927727,0.46222076215509844,1.2849315068494245
618216,2026-04-01,35.019710906701704,50.03285151116951,33.01576872536137,48.007884362680734,12.98817345597903,37.08818011257052
618216,2026-05-01,35.019710906701704,50.03285151116951,34.00131406044678,48.079172141918576,13.059461235216872,37.29174484052548
618216,2026-06-01,35.019710906701704,50.03285151116951,35.019710906701704,45.99474375821289,10.975032851511187,31.339587242026322
618216,2026-07-01,35.019710906701704,50.03285151116951,36.00525624178712,46.6698423127464,11.650131406044693,33.26735459662294
618217,2026-04-01,36.00525624178712,51.01839684625492,35.019710906701704,48.93429697766097,12.929040735873848,35.90875912408759
618217,2026-05-01,36.00525624178712,51.01839684625492,36.00525624178712,48.591984231274644,12.586727989487521,34.9580291970803
618217,2026-06-01,36.00525624178712,51.01839684625492,37.023653088042046,49.45597897503287,13.450722733245748,37.35766423357669
618217,2026-07-01,36.00525624178712,51.01839684625492,38.009198423127465,50.3176741130092,14.312417871222074,39.75091240875911
618218,2026-04-01,24.014454664914584,45.99211563731932,35.019710906701704,45.248357424441544,21.23390275952696,88.42134062927506
618218,2026-05-01,24.014454664914584,45.99211563731932,36.00525624178712,45.39717477003943,21.382720105124843,89.04103967168267
618218,2026-06-01,24.014454664914584,45.99211563731932,37.023653088042046,45.71780551905388,21.7033508541393,90.37619699042412
618218,2026-07-01,24.014454664914584,45.99211563731932,38.009198423127465,45.159001314060454,21.14454664914587,88.0492476060192
618219,2026-04-01,23.98160315374507,31.011826544021023,22.996057818659654,30.05650459921155,6.07490144546648,25.331506849315023
618219,2026-05-01,23.98160315374507,31.011826544021023,23.98160315374507,30.639290407358725,6.6576872536136555,27.761643835616397
618219,2026-06-01,23.98160315374507,31.011826544021023,25.0,29.826544021024965,5.844940867279895,24.37260273972603
618219,2026-07-01,23.98160315374507,31.011826544021023,25.98554533508541,31.69776609724045,7.71616294349538,32.175342465753346
618220,2026-04-01,24.014454664914584,43.98817345597897,45.006570302233904,45.006570302233904,20.99211563731932,87.41450068399455
618220,2026-05-01,24.014454664914584,43.98817345597897,45.99211563731932,45.99211563731932,21.97766097240474,91.51846785225722
618221,2026-04-01,23.98160315374507,23.98160315374507,20.99211563731932,30.87647831800263,6.894875164257559,28.750684931506864
618221,2026-05-01,23.98160315374507,35.972404730617605,21.97766097240473,34.64717477003945,10.665571616294379,44.473972602739856
618221,2026-06-01,23.98160315374507,35.972404730617605,22.996057818659654,34.20597897503288,10.224375821287808,42.63424657534259
618221,2026-07-01,23.98160315374507,35.972404730617605,23.98160315374507,30.577858081471728,6.596254927726658,27.505479452054725
618222,2026-04-01,24.014454664914584,31.99737187910644,26.971090670170828,31.90144546649149,7.886990801576907,32.84268125855008
618222,2026-05-01,24.014454664914584,34.98685939553219,27.95663600525624,34.90210249671483,10.887647831800248,45.337893296853565
618222,2026-06-01,24.014454664914584,34.98685939553219,28.97503285151117,35.54730617608409,11.532851511169508,48.024623803009554
618222,2026-07-01,24.014454664914584,37.94349540078844,29.96057818659658,37.19973718791062,13.185282522996037,54.905608755129876
618223,2026-04-01,23.98160315374507,55.946123521682,54.96057818659658,55.47339027595267,31.491787122207597,131.3164383561643
618223,2026-05-01,23.98160315374507,60.972404730617605,55.946123521682,58.86169513797628,34.88009198423121,145.4452054794518
618223,2026-06-01,23.98160315374507,62.97634691195795,56.96452036793692,62.5962549277267,38.61465177398163,161.0178082191782
618223,2026-07-01,23.98160315374507,62.97634691195795,57.95006570302234,62.607752956636034,38.626149802890964,161.0657534246577
618224,2026-04-01,36.00525624178712,56.96452036793692,55.97897503285151,57.031208935611005,21.025952693823882,58.39689781021888
618224,2026-05-01,36.00525624178712,57.98291721419185,56.96452036793692,58.51018396846251,22.50492772667539,62.50456204379552
618224,2026-06-01,36.00525624178712,58.96846254927726,57.98291721419185,59.38501971090673,23.37976346911961,64.93430656934315
618224,2026-07-01,36.00525624178712,59.98685939553219,58.96846254927726,59.784822601839736,23.779566360052613,66.04470802919722
618225,2026-04-01,24.014454664914584,47.010512483574246,45.006570302233904,48.80683311432326,24.792378449408677,103.23939808481535
618225,2026-05-01,24.014454664914584,49.01445466491458,45.99211563731932,49.10085413929032,25.086399474375735,104.46374829001333
618225,2026-06-01,24.014454664914584,53.02233902759527,47.010512483574246,51.69842312746377,27.683968462549185,115.28043775649756
618225,2026-07-01,24.014454664914584,53.02233902759527,47.99605781865966,52.440538764783085,28.4260840998685,118.37072503419934
618226,2026-04-01,24.014454664914584,42.96977660972404,40.9658344283837,43.11892247043371,19.104467805519125,79.55403556771576
618226,2026-05-01,24.014454664914584,45.99211563731932,41.95137976346912,45.65735873850199,21.642904073587406,90.12448700410405
618226,2026-06-01,24.014454664914584,45.99211563731932,42.96977660972404,47.95532194480949,23.940867279894906,99.69357045143651
618226,2026-07-01,24.014454664914584,48.98160315374507,43.95532194480946,48.31471747700394,24.300262812089354,101.19015047879616
618227,2026-04-01,30.05913272010512,47.99605781865966,37.023653088042046,45.70335085413926,15.64421813403414,52.04480874316933
618227,2026-05-01,30.05913272010512,47.99605781865966,38.009198423127465,45.071287779237856,15.012155059132738,49.942076502732306
618227,2026-06-01,30.05913272010512,47.99605781865966,39.02759526938239,46.85348226018393,16.794349540078812,55.87103825136602
618227,2026-07-01,30.05913272010512,47.99605781865966,40.01314060446781,47.082785808147136,17.023653088042018,56.633879781420674
618228,2026-04-01,42.04993429697766,75.0,61.00525624178712,73.25065703022337,31.200722733245705,74.19921874999994
618228,2026-05-01,42.04993429697766,78.02233902759527,61.990801576872535,74.83081471747691,32.78088042049925,77.95703124999979
618228,2026-06-01,42.04993429697766,78.02233902759527,63.00919842312746,72.83081471747693,30.780880420499265,73.2007812499998
618228,2026-07-01,42.04993429697766,81.01182654402102,63.99474375821288,71.2654402102496,29.215505913271933,69.4781249999998
618229,2026-04-01,18.035479632063076,30.05913272010512,43.98817345597897,43.98817345597897,25.952693823915897,143.89799635701272
618229,2026-05-01,18.035479632063076,30.05913272010512,44.97371879106439,44.97371879106439,26.938239159001316,149.3624772313297
618230,2026-04-01,29.993429697766096,50.0,41.98423127463863,49.35775295663601,19.364323258869916,64.56188389923334
618230,2026-05-01,29.993429697766096,50.0,42.96977660972404,49.61596583442838,19.622536136662283,65.42278203723986
618230,2026-06-01,29.993429697766096,50.0,43.98817345597897,50.98620236530879,20.992772667542695,69.99123767798463
618230,2026-07-01,29.993429697766096,50.0,44.97371879106439,51.4727332457293,21.479303547963205,71.61336254107337
618231,2026-04-01,30.02628120893561,46.97766097240473,45.99211563731932,47.071287779237906,17.045006570302295,56.76695842450786
618231,2026-05-01,30.02628120893561,47.99605781865966,46.97766097240473,47.87385019710904,17.847568988173432,59.43982494529533
618231,2026-06-01,30.02628120893561,51.01839684625492,47.99605781865966,50.89454664914583,20.86826544021022,69.4999999999999
618231,2026-07-01,30.02628120893561,51.01839684625492,48.98160315374507,50.342641261497995,20.316360052562384,67.66192560175044
618232,2026-04-01,29.96057818659658,36.990801576872535,28.97503285151117,36.91491458607096,6.954336399474375,23.211622807017545
618232,2026-05-01,29.96057818659658,36.990801576872535,29.96057818659658,37.4645203679369,7.503942181340317,25.04605263157887
618232,2026-06-01,29.96057818659658,36.990801576872535,30.97897503285151,38.16261498028907,8.20203679369249,27.376096491228
618232,2026-07-01,29.96057818659658,36.990801576872535,31.964520367936924,37.72667542706962,7.766097240473041,25.921052631578878
618233,2026-04-01,35.972404730617605,66.95137976346912,61.92509855453351,65.54270696452039,29.570302233902787,82.20273972602749
618233,2026-05-01,35.972404730617605,66.95137976346912,62.91064388961892,67.1337056504599,31.161300919842297,86.62557077625567
618233,2026-06-01,35.972404730617605,66.95137976346912,63.92904073587385,67.37943495400785,31.407030223390244,87.30867579908667
618233,2026-07-01,35.972404730617605,66.95137976346912,64.91458607095926,67.73127463863335,31.758869908015747,88.28675799086753
618234,2026-04-01,36.00525624178712,68.03547963206307,57.98291721419185,65.10709592641271,29.10183968462559,80.82664233576668
618234,2026-05-01,36.00525624178712,68.03547963206307,58.96846254927726,62.700722733245804,26.69546649145868,74.14324817518269
618234,2026-06-01,36.00525624178712,68.03547963206307,59.98685939553219,65.98718791064398,29.98193166885686,83.27098540146011
618234,2026-07-01,36.00525624178712,68.03547963206307,60.972404730617605,60.972404730617605,24.96714848883048,69.34306569343065
618235,2026-04-01,18.00262812089356,18.00262812089356,9.986859395532194,18.002628120893583,2.1316282072803006e-14,1.1840650114892764e-13
618235,2026-05-01,18.00262812089356,18.00262812089356,10.972404730617608,18.002628120893583,2.1316282072803006e-14,1.1840650114892764e-13
618235,2026-06-01,18.00262812089356,18.00262812089356,11.990801576872537,18.003285151116973,0.0006570302234116809,0.00364963503661525
618235,2026-07-01,18.00262812089356,18.00262812089356,12.976346911957949,18.003285151116973,0.0006570302234116809,0.00364963503661525
618236,2026-04-01,23.98160315374507,90.01314060446781,118.98817345597897,118.98817345597897,95.0065703022339,396.16438356164383
618236,2026-05-01,23.98160315374507,90.01314060446781,119.9737187910644,119.9737187910644,95.99211563731933,400.27397260273983
618236,2026-06-01,23.98160315374507,90.01314060446781,120.99211563731932,120.99211563731932,97.01051248357425,404.5205479452055
618236,2026-07-01,23.98160315374507,90.01314060446781,121.97766097240472,121.97766097240472,97.99605781865965,408.63013698630135
618237,2026-04-01,23.98160315374507,95.99211563731932,102.95663600525624,102.95663600525624,78.97503285151117,329.3150684931507
618237,2026-05-01,23.98160315374507,95.99211563731932,103.94218134034163,103.94218134034163,79.96057818659656,333.42465753424653
618238,2026-04-01,17.936925098554532,113.92904073587384,110.93955321944809,112.39520367936917,94.45827858081464,526.6135531135527
618238,2026-05-01,17.936925098554532,113.92904073587384,111.9250985545335,114.03712220762145,96.10019710906693,535.7673992673988
618238,2026-06-01,17.936925098554532,115.9658344283837,112.94349540078844,114.98423127463852,97.04730617608399,541.0476190476185
618238,2026-07-01,17.936925098554532,115.9658344283837,113.92904073587384,114.82457293035469,96.88764783180017,540.1575091575087
618239,2026-04-01,23.98160315374507,105.946123521682,114.94743758212876,114.94743758212876,90.96583442838369,379.31506849315065
618239,2026-05-01,23.98160315374507,105.946123521682,115.9329829172142,115.9329829172142,91.95137976346913,383.4246575342467
618239,2026-06-01,23.98160315374507,105.946123521682,116.95137976346912,116.95137976346912,92.96977660972405,387.6712328767124
618239,2026-07-01,23.98160315374507,105.946123521682,117.93692509855452,117.93692509855452,93.95532194480946,391.7808219178082
618240,2026-04-01,17.969776609724047,44.97371879106439,42.96977660972404,45.01839684625497,27.048620236530926,150.5228519195615
618240,2026-05-01,17.969776609724047,45.959264126149804,43.95532194480946,43.95532194480946,25.985545335085416,144.60694698354664
618240,2026-06-01,17.969776609724047,45.959264126149804,44.97371879106439,44.97371879106439,27.003942181340346,150.27422303473494
618240,2026-07-01,17.969776609724047,46.97766097240473,45.959264126149804,45.959264126149804,27.989487516425758,155.7586837294333
618242,2026-04-01,24.014454664914584,28.97503285151117,26.971090670170828,31.30781865965831,7.293363994743725,30.37072503419959
618242,2026-05-01,24.014454664914584,28.97503285151117,27.95663600525624,30.488830486202318,6.474375821287733,26.96032831737327
618242,2026-06-01,24.014454664914584,36.00525624178712,28.97503285151117,35.251971090670196,11.237516425755611,46.79480164158698
618242,2026-07-01,24.014454664914584,36.00525624178712,29.96057818659658,35.47700394218134,11.462549277266756,47.731874145006856
618243,2026-04-01,23.98160315374507,23.98160315374507,9.986859395532194,23.94119579500658,0.0,0.0
618243,2026-05-01,23.98160315374507,23.98160315374507,10.972404730617608,23.941852825229965,0.0,0.0
618243,2026-06-01,23.98160315374507,23.98160315374507,11.990801576872537,24.875821287779235,0.8942181340341655,3.728767123287671
618243,2026-07-01,23.98160315374507,23.98160315374507,12.976346911957949,24.410643889618918,0.4290407358738477,1.7890410958904006
618244,2026-04-01,23.98160315374507,23.98160315374507,11.00525624178712,24.042706964520367,0.06110381077529681,0.25479452054795
618244,2026-05-01,23.98160315374507,23.98160315374507,11.990801576872537,24.514454664914588,0.5328515111695182,2.221917808219197
618244,2026-06-01,23.98160315374507,23.98160315374507,13.009198423127463,23.961235216819972,0.0,0.0
618244,2026-07-01,23.98160315374507,23.98160315374507,13.994743758212875,23.94086727989487,0.0,0.0
618246,2026-04-01,47.99605781865966,47.99605781865966,35.019710906701704,50.016754270696374,2.0206964520367166,4.2101300479122274
618246,2026-05-01,47.99605781865966,47.99605781865966,36.00525624178712,50.227660972404664,2.231603153745006,4.649555099246952
618246,2026-06-01,47.99605781865966,70.0065703022339,37.023653088042046,63.56471747700384,15.568659658344181,32.43737166324414
618246,2026-07-01,47.99605781865966,70.0065703022339,38.009198423127465,65.17378449408663,17.177726675426975,35.789869952087415
618247,2026-04-01,36.00525624178712,36.00525624178712,2.9566360052562417,36.005256241787166,4.263256414560601e-14,1.1840650114892764e-13
618247,2026-05-01,36.00525624178712,36.00525624178712,3.942181340341656,36.005256241787166,4.263256414560601e-14,1.1840650114892764e-13
618247,2026-06-01,36.00525624178712,36.00525624178712,4.960578186596584,36.005256241787166,4.263256414560601e-14,1.1840650114892764e-13
618247,2026-07-01,36.00525624178712,36.00525624178712,5.946123521681997,36.005256241787166,4.263256414560601e-14,1.1840650114892764e-13
618248,2026-04-01,23.98160315374507,23.98160315374507,2.9566360052562417,23.98160315374508,1.0658141036401503e-14,4.444298810247422e-14
618248,2026-05-01,23.98160315374507,23.98160315374507,3.942181340341656,23.98160315374508,1.0658141036401503e-14,4.444298810247422e-14
618248,2026-06-01,23.98160315374507,23.98160315374507,4.960578186596584,23.98160315374508,1.0658141036401503e-14,4.444298810247422e-14
618248,2026-07-01,23.98160315374507,23.98160315374507,5.946123521681997,23.98160315374508,1.0658141036401503e-14,4.444298810247422e-14
618249,2026-04-01,23.98160315374507,23.98160315374507,13.009198423127463,25.471419185282524,1.4898160315374547,6.212328767123305
618249,2026-05-01,23.98160315374507,23.98160315374507,13.994743758212875,26.245072273324578,2.263469119579508,9.438356164383592
618249,2026-06-01,23.98160315374507,23.98160315374507,15.013140604467806,24.63567674113009,0.654073587385021,2.727397260273978
618249,2026-07-01,23.98160315374507,23.98160315374507,15.99868593955322,24.550919842312748,0.5693166885676781,2.373972602739743
618250,2026-04-01,42.01708278580814,55.02628120893561,22.996057818659654,50.91327201051247,8.89618922470433,21.172791243158702
618250,2026-05-01,42.01708278580814,55.02628120893561,23.98160315374507,52.04500657030222,10.027923784494078,23.86630179827989
618250,2026-06-01,42.01708278580814,55.02628120893561,25.0,51.022667542706955,9.005584756898813,21.433150899139942
618250,2026-07-01,42.01708278580814,55.02628120893561,25.98554533508541,51.022667542706955,9.005584756898813,21.433150899139942
618251,2026-04-01,29.96057818659658,29.96057818659658,6.964520367936925,29.958607095926446,0.0,0.0
618251,2026-05-01,29.96057818659658,29.96057818659658,7.950065703022338,29.958607095926446,0.0,0.0
618251,2026-06-01,29.96057818659658,29.96057818659658,8.968462549277266,30.069973718791097,0.10939553219451525,0.365131578947483
618251,2026-07-01,29.96057818659658,29.96057818659658,9.95400788436268,29.959264126149836,0.0,0.0
618252,2026-04-01,29.927726675427067,29.927726675427067,16.95137976346912,29.927726675427042,0.0,0.0
618252,2026-05-01,29.927726675427067,29.927726675427067,17.936925098554532,29.927726675427042,0.0,0.0
618252,2026-06-01,29.927726675427067,29.927726675427067,18.95532194480946,29.927726675427042,0.0,0.0
618252,2026-07-01,29.927726675427067,29.927726675427067,19.940867279894874,29.927726675427042,0.0,0.0
618253,2026-04-01,36.00525624178712,36.00525624178712,1.0183968462549278,36.005256241787166,4.263256414560601e-14,1.1840650114892764e-13
618253,2026-05-01,36.00525624178712,36.00525624178712,2.0039421813403417,36.005256241787166,4.263256414560601e-14,1.1840650114892764e-13
618253,2026-06-01,36.00525624178712,36.00525624178712,3.0223390275952693,36.005256241787166,4.263256414560601e-14,1.1840650114892764e-13
618253,2026-07-01,36.00525624178712,36.00525624178712,4.007884362680684,36.005256241787166,4.263256414560601e-14,1.1840650114892764e-13
618254,2026-04-01,17.936925098554532,22.963206307490143,14.947437582128778,21.98028909329827,4.043363994743739,22.542124542124437
618254,2026-05-01,17.936925098554532,22.963206307490143,15.932982917214192,21.9507227332457,4.013797634691169,22.37728937728923
618254,2026-06-01,17.936925098554532,22.963206307490143,16.95137976346912,22.58245729303545,4.645532194480918,25.899267399267245
618254,2026-07-01,17.936925098554532,22.963206307490143,17.936925098554532,22.472404730617587,4.535479632063055,25.285714285714178
618255,2026-04-01,24.014454664914584,36.00525624178712,28.97503285151117,36.10315374507231,12.088699080157728,50.339261285909885
618255,2026-05-01,24.014454664914584,36.00525624178712,29.96057818659658,36.87187910643888,12.857424441524298,53.54035567715454
618255,2026-06-01,24.014454664914584,39.94743758212878,30.97897503285151,39.48883048620234,15.474375821287754,64.43775649794792
618255,2026-07-01,24.014454664914584,39.94743758212878,31.964520367936924,40.16360052562415,16.149145860709563,67.24760601915173
618256,2026-04-01,24.014454664914584,42.96977660972404,41.98423127463863,44.03580814717482,20.021353482260235,83.37209302325603
618256,2026-05-01,24.014454664914584,42.96977660972404,42.96977660972404,43.74408672798956,19.729632063074977,82.1573187414504
618256,2026-06-01,24.014454664914584,44.97371879106439,43.98817345597897,45.034822601839736,21.02036793692515,87.53214774281828
618256,2026-07-01,24.014454664914584,44.97371879106439,44.97371879106439,45.219119579500685,21.2046649145861,88.2995896032833
618257,2026-04-01,24.014454664914584,43.98817345597897,45.006570302233904,45.006570302233904,20.99211563731932,87.41450068399455
618257,2026-05-01,24.014454664914584,43.98817345597897,45.99211563731932,45.99211563731932,21.97766097240474,91.51846785225722
618257,2026-06-01,24.014454664914584,47.99605781865966,47.010512483574246,47.010512483574246,22.99605781865966,95.7592339261286
618257,2026-07-01,24.014454664914584,47.99605781865966,47.99605781865966,48.51412614980284,24.499671484888257,102.02051983584113
618258,2026-04-01,23.98160315374507,30.97897503285151,54.96057818659658,54.96057818659658,30.97897503285151,129.17808219178082
618258,2026-05-01,23.98160315374507,30.97897503285151,55.946123521682,55.946123521682,31.964520367936927,133.28767123287673
618259,2026-04-01,23.98160315374507,36.00525624178712,61.00525624178712,61.00525624178712,37.02365308804205,154.38356164383563
618259,2026-05-01,23.98160315374507,36.00525624178712,61.990801576872535,61.990801576872535,38.009198423127465,158.49315068493152
618260,2026-04-01,23.98160315374507,23.98160315374507,4.960578186596584,23.98160315374508,1.0658141036401503e-14,4.444298810247422e-14
618260,2026-05-01,23.98160315374507,23.98160315374507,5.946123521681997,23.98160315374508,1.0658141036401503e-14,4.444298810247422e-14
618260,2026-06-01,23.98160315374507,23.98160315374507,6.964520367936925,23.98160315374508,1.0658141036401503e-14,4.444298810247422e-14
618260,2026-07-01,23.98160315374507,23.98160315374507,7.950065703022338,23.952036793692518,0.0,0.0
618262,2026-04-01,22.963206307490143,22.963206307490143,7.982917214191852,23.325229960578145,0.3620236530880021,1.576537911301686
618262,2026-05-01,22.963206307490143,22.963206307490143,8.968462549277266,23.143561103810736,0.18035479632059292,0.7854077253217238
618262,2026-06-01,22.963206307490143,22.963206307490143,9.986859395532194,23.023653088042007,0.06044678055186381,0.26323319027163583
618262,2026-07-01,22.963206307490143,22.963206307490143,10.972404730617608,23.013797634691155,0.05059132720101189,0.2203147353360232
618263,2026-04-01,17.936925098554532,17.936925098554532,14.947437582128778,18.786465177398192,0.8495400788436598,4.73626373626392
618263,2026-05-01,17.936925098554532,17.936925098554532,15.932982917214192,18.311103810775336,0.3741787122208038,2.0860805860808185
618263,2026-06-01,17.936925098554532,18.95532194480946,16.95137976346912,20.080157687253585,2.1432325886990533,11.9487179487178
618263,2026-07-01,17.936925098554532,18.95532194480946,17.936925098554532,20.444152431011798,2.5072273324572656,13.978021978021825
618264,2026-04-01,28.97503285151117,28.97503285151117,3.975032851511169,29.00755584756892,0.03252299605775022,0.11224489795894747
618264,2026-05-01,28.97503285151117,28.97503285151117,4.960578186596584,29.09264126149796,0.11760840998679001,0.4058956916097378
618264,2026-06-01,28.97503285151117,28.97503285151117,5.978975032851511,29.15243101182648,0.17739816031530964,0.6122448979589598
618264,2026-07-01,28.97503285151117,28.97503285151117,6.964520367936925,29.172141918528187,0.19710906701701703,0.6802721088433105
618265,2026-04-01,24.014454664914584,47.010512483574246,45.006570302233904,46.6668856767411,22.65243101182652,94.32831737346092
618265,2026-05-01,24.014454664914584,47.99605781865966,45.99211563731932,48.05584756898812,24.041392904073536,100.11217510259898
618265,2026-06-01,24.014454664914584,49.01445466491458,47.010512483574246,49.06800262812083,25.053547963206245,104.32694938440467
618265,2026-07-01,24.014454664914584,53.02233902759527,47.99605781865966,51.49540078843619,27.48094612352161,114.43502051983555
618266,2026-04-01,24.014454664914584,42.96977660972404,40.9658344283837,42.51971090670178,18.505256241787198,77.05882352941208
618266,2026-05-01,24.014454664914584,43.95532194480946,41.95137976346912,42.942181340341676,18.927726675427092,78.81805745554045
618266,2026-06-01,24.014454664914584,44.97371879106439,42.96977660972404,44.72766097240472,20.713206307490136,86.25307797537617
618266,2026-07-01,24.014454664914584,45.99211563731932,43.95532194480946,45.41491458607098,21.400459921156394,89.11491108071145
618267,2026-05-01,24.014454664914584,24.014454664914584,0.0,22.443823915900147,0.0,0.0
618267,2026-06-01,24.014454664914584,24.014454664914584,1.0183968462549278,22.773981603153757,0.0,0.0
618267,2026-07-01,24.014454664914584,24.014454664914584,2.0039421813403417,23.9934296977661,0.0,0.0
618282,2026-04-01,29.993429697766096,38.96189224704336,27.989487516425758,38.325558475689945,8.332128777923849,27.77984665936495
618282,2026-05-01,29.993429697766096,38.96189224704336,28.97503285151117,36.954993429697836,6.96156373193174,23.210295728368255
618282,2026-06-01,29.993429697766096,38.96189224704336,29.993429697766096,37.81373193166889,7.820302233902794,26.07338444687854
618282,2026-07-01,29.993429697766096,38.96189224704336,30.97897503285151,38.82490144546656,8.831471747700462,29.444687842278434
618283,2026-04-01,29.993429697766096,38.96189224704336,27.989487516425758,38.2680683311433,8.2746386333772,27.588170865279515
618283,2026-05-01,29.993429697766096,38.96189224704336,28.97503285151117,35.46550591327204,5.472076215505943,18.24424972617754
618283,2026-06-01,29.993429697766096,38.96189224704336,29.993429697766096,35.94513797634694,5.9517082785808455,19.843373493976006
618283,2026-07-01,29.993429697766096,38.96189224704336,30.97897503285151,38.33771353482266,8.344283837056565,27.820372398685855
618284,2026-04-01,36.00525624178712,36.00525624178712,27.989487516425758,35.84165571616298,0.0,0.0
618284,2026-05-01,36.00525624178712,36.00525624178712,28.97503285151117,35.900788436268115,0.0,0.0
618284,2026-06-01,36.00525624178712,36.00525624178712,29.993429697766096,35.744086727989526,0.0,0.0
618284,2026-07-01,36.00525624178712,36.00525624178712,30.97897503285151,36.301576872536174,0.2963206307490509,0.8229927007300282
618285,2026-04-01,24.014454664914584,27.036793692509853,29.993429697766096,29.993429697766096,5.978975032851512,24.89740082079344
618285,2026-05-01,24.014454664914584,27.036793692509853,30.97897503285151,30.97897503285151,6.964520367936924,29.00136798905608
618286,2026-04-01,36.00525624178712,60.972404730617605,52.95663600525624,59.84231274638623,23.837056504599104,66.20437956204348
618286,2026-05-01,36.00525624178712,60.972404730617605,53.942181340341655,60.58147174770031,24.57621550591319,68.25729927007276
618286,2026-06-01,36.00525624178712,60.972404730617605,54.96057818659658,60.803219448094524,24.7979632063074,68.8731751824815
618286,2026-07-01,36.00525624178712,60.972404730617605,55.946123521682,61.69053876478308,25.685282522995955,71.33759124087562
618287,2026-04-01,29.96057818659658,29.96057818659658,15.965834428383705,29.960578186596617,3.552713678800501e-14,1.1857961006873603e-13
618287,2026-05-01,29.96057818659658,29.96057818659658,16.95137976346912,29.960578186596617,3.552713678800501e-14,1.1857961006873603e-13
618287,2026-06-01,29.96057818659658,29.96057818659658,17.969776609724047,29.960578186596617,3.552713678800501e-14,1.1857961006873603e-13
618287,2026-07-01,29.96057818659658,29.96057818659658,18.95532194480946,29.960578186596617,3.552713678800501e-14,1.1857961006873603e-13
618288,2026-04-01,29.927726675427067,29.927726675427067,13.92904073587385,29.927726675427042,0.0,0.0
618288,2026-05-01,29.927726675427067,29.927726675427067,14.914586070959263,29.927726675427042,0.0,0.0
618288,2026-06-01,29.927726675427067,29.927726675427067,15.932982917214192,29.927726675427042,0.0,0.0
618288,2026-07-01,29.927726675427067,29.927726675427067,16.918528252299605,29.927726675427042,0.0,0.0
618289,2026-04-01,29.993429697766096,68.95532194480946,69.97371879106439,69.97371879106439,39.98028909329829,133.29682365826943
618289,2026-05-01,29.993429697766096,68.95532194480946,70.9592641261498,70.9592641261498,40.96583442838371,136.58269441401973
618289,2026-06-01,29.993429697766096,68.95532194480946,71.97766097240472,71.97766097240472,41.984231274638624,139.97809419496164
618289,2026-07-01,29.993429697766096,68.95532194480946,72.96320630749014,72.96320630749014,42.96977660972404,143.2639649507119
618290,2026-04-01,17.969776609724047,73.98160315374507,65.9658344283837,72.86662286465173,54.89684625492768,305.4954296160875
618290,2026-05-01,17.969776609724047,73.98160315374507,66.95137976346912,73.49868593955314,55.52890932982909,309.0127970749538
618290,2026-06-01,17.969776609724047,73.98160315374507,67.96977660972405,72.77923784494081,54.80946123521676,305.00914076782414
618290,2026-06-01,17.969776609724047,73.98160315374507,67.96977660972405,75.2999342969776,57.330157687253546,319.0365630712976
618290,2026-07-01,17.969776609724047,73.98160315374507,68.95532194480946,75.39980289093292,57.43002628120887,319.59232175502706
618291,2026-04-01,24.014454664914584,42.01708278580814,34.00131406044678,40.27431011826543,16.25985545335085,67.70861833105333
618291,2026-05-01,24.014454664914584,42.01708278580814,34.98685939553219,41.11826544021028,17.103810775295695,71.22298221614241
618291,2026-06-01,24.014454664914584,42.01708278580814,36.00525624178712,42.177069645203716,18.16261498028913,75.6320109439126
618291,2026-06-01,24.014454664914584,42.01708278580814,36.00525624178712,42.11629434954011,18.101839684625528,75.3789329685364
618291,2026-07-01,24.014454664914584,42.01708278580814,36.990801576872535,41.741787122207654,17.72733245729307,73.81942544459659
618292,2026-04-01,23.98160315374507,67.96977660972405,65.9658344283837,68.48948751642587,44.5078843626808,185.5917808219183
618292,2026-05-01,23.98160315374507,67.96977660972405,66.95137976346912,70.80124835742454,46.81964520367947,195.2315068493155
618292,2026-06-01,23.98160315374507,83.96846254927726,67.96977660972405,83.34888304862028,59.36727989487521,247.55342465753446
618292,2026-06-01,23.98160315374507,83.96846254927726,67.96977660972405,83.34888304862028,59.36727989487521,247.55342465753446
618292,2026-07-01,23.98160315374507,83.96846254927726,68.95532194480946,83.4487516425756,59.46714848883053,247.96986301369884
618293,2026-04-01,36.00525624178712,36.00525624178712,28.97503285151117,36.20466491458611,0.1994086727989881,0.5538321167884305
618293,2026-05-01,36.00525624178712,36.00525624178712,29.96057818659658,36.01445466491463,0.009198423127507738,0.02554744525559631
618293,2026-06-01,36.00525624178712,36.00525624178712,30.97897503285151,36.636005256241816,0.6307490144546932,1.7518248175183266
618293,2026-06-01,36.00525624178712,36.00525624178712,30.97897503285151,36.405716162943534,0.40045992115641127,1.1122262773723686
618293,2026-07-01,36.00525624178712,36.00525624178712,31.964520367936924,36.51642575558479,0.5111695137976682,1.4197080291971733
618294,2026-04-01,23.98160315374507,23.98160315374507,6.964520367936925,23.981603153745088,1.7763568394002505e-14,7.407164683745702e-14
618294,2026-05-01,23.98160315374507,23.98160315374507,7.950065703022338,23.981603153745088,1.7763568394002505e-14,7.407164683745702e-14
618294,2026-06-01,23.98160315374507,23.98160315374507,8.968462549277266,23.981603153745088,1.7763568394002505e-14,7.407164683745702e-14
618294,2026-06-01,23.98160315374507,23.98160315374507,8.968462549277266,23.981603153745088,1.7763568394002505e-14,7.407164683745702e-14
618294,2026-07-01,23.98160315374507,23.98160315374507,9.95400788436268,23.981603153745088,1.7763568394002505e-14,7.407164683745702e-14
618295,2026-04-01,23.98160315374507,23.98160315374507,13.009198423127463,24.131406044678055,0.14980289093298538,0.6246575342465857
618295,2026-05-01,23.98160315374507,23.98160315374507,13.994743758212875,24.13272010512484,0.15111695137976966,0.6301369863013957
618295,2026-06-01,23.98160315374507,23.98160315374507,15.013140604467806,23.981603153745073,3.552713678800501e-15,1.4814329367491404e-14
618295,2026-06-01,23.98160315374507,23.98160315374507,15.013140604467806,23.981603153745073,3.552713678800501e-15,1.4814329367491404e-14
618295,2026-07-01,23.98160315374507,23.98160315374507,15.99868593955322,24.111695137976348,0.130091984231278,0.5424657534246715
618296,2026-04-01,24.014454664914584,29.96057818659658,28.97503285151117,29.47371879106441,5.459264126149826,22.733242134063026
618296,2026-05-01,24.014454664914584,30.97897503285151,29.96057818659658,30.292706964520335,6.27825229960575,26.14363885088906
618296,2026-06-01,24.014454664914584,31.964520367936924,30.97897503285151,30.97897503285151,6.964520367936924,29.00136798905608
618296,2026-06-01,24.014454664914584,31.964520367936924,30.97897503285151,31.360381077529578,7.345926412614993,30.589603283173787
618296,2026-07-01,24.014454664914584,31.964520367936924,31.964520367936924,31.964520367936924,7.950065703022339,33.10533515731874
618297,2026-04-01,24.014454664914584,34.98685939553219,26.971090670170828,34.26412614980288,10.249671484888292,42.68125854993155
618297,2026-05-01,24.014454664914584,34.98685939553219,27.95663600525624,33.019053876478296,9.004599211563711,37.4965800273597
618297,2026-06-01,24.014454664914584,34.98685939553219,28.97503285151117,35.05617608409985,11.041721419185269,45.97948016415863
618297,2026-06-01,24.014454664914584,34.98685939553219,28.97503285151117,35.05617608409985,11.041721419185269,45.97948016415863
618297,2026-07-01,24.014454664914584,34.98685939553219,29.96057818659658,35.54960578186594,11.535151116951358,48.0341997264021
618298,2026-04-01,18.035479632063076,59.00131406044678,56.99737187910644,56.99737187910644,38.961892247043366,216.02914389799633
618298,2026-05-01,18.035479632063076,59.00131406044678,57.98291721419185,58.92416776171703,40.88868812965396,226.7125075895567
618298,2026-06-01,18.035479632063076,62.023653088042046,59.00131406044678,61.343298291721375,43.307818659658295,240.12568306010903
618298,2026-07-01,18.035479632063076,61.00525624178712,59.98685939553219,61.328843626806766,43.293363994743686,240.04553734061892
618299,2026-04-01,17.969776609724047,17.969776609724047,15.965834428383705,18.34954007884361,0.37976346911956327,2.1133455210236756
618299,2026-05-01,17.969776609724047,25.0,16.95137976346912,24.793692509855454,6.823915900131407,37.974405850091415
618299,2026-06-01,17.969776609724047,25.0,17.969776609724047,24.162943495400793,6.193166885676746,34.46435100548449
618299,2026-07-01,17.969776609724047,25.0,18.95532194480946,24.36563731931669,6.395860709592643,35.592321755027434
618300,2026-04-01,17.969776609724047,69.97371879106439,65.9658344283837,69.0706307490144,51.10085413929035,284.37111517367424
618300,2026-05-01,17.969776609724047,69.97371879106439,66.95137976346912,69.81143232588695,51.841655716162904,288.49360146252263
618300,2026-06-01,17.969776609724047,69.97371879106439,67.96977660972405,70.32424441524303,52.35446780551898,291.3473491773305
618300,2026-07-01,17.969776609724047,69.97371879106439,68.95532194480946,70.42444152431004,52.45466491458599,291.90493601462475
618301,2026-04-01,17.936925098554532,17.936925098554532,13.92904073587385,17.690210249671523,0.0,0.0
618301,2026-05-01,17.936925098554532,17.936925098554532,14.914586070959263,17.919513797634732,0.0,0.0
618301,2026-06-01,17.936925098554532,17.936925098554532,15.932982917214192,18.20039421813407,0.2634691195795362,1.4688644688646673
618301,2026-07-01,17.936925098554532,21.944809461235216,16.918528252299605,20.97010512483577,3.0331800262812365,16.910256410256565
618302,2026-04-01,22.996057818659654,70.99211563731932,68.98817345597897,70.19513797634696,47.199080157687305,205.24857142857167
618302,2026-05-01,22.996057818659654,70.99211563731932,69.97371879106439,70.47700394218137,47.48094612352172,206.4742857142859
618302,2026-06-01,22.996057818659654,72.99605781865965,70.99211563731932,72.17049934296965,49.17444152431,213.83857142857093
618302,2026-07-01,22.996057818659654,72.99605781865965,71.97766097240472,72.89520367936908,49.899145860709424,216.9899999999993
618303,2026-04-01,22.996057818659654,68.98817345597897,68.98817345597897,69.55617608409975,46.560118265440096,202.46999999999952
618303,2026-05-01,22.996057818659654,68.98817345597897,69.97371879106439,69.97371879106439,46.977660972404735,204.28571428571436
618303,2026-06-01,22.996057818659654,72.99605781865965,70.99211563731932,72.39159001314047,49.39553219448082,214.79999999999947
618303,2026-07-01,22.996057818659654,72.99605781865965,71.97766097240472,72.57522996057801,49.57917214191836,215.59857142857072
618304,2026-04-01,17.969776609724047,21.97766097240473,15.965834428383705,18.679040735873837,0.7092641261497903,3.946983546617846
618304,2026-05-01,17.969776609724047,21.97766097240473,16.95137976346912,22.61760840998685,4.647831800262804,25.864716636197393
618304,2026-06-01,17.969776609724047,26.018396846254927,17.969776609724047,25.691852825229947,7.722076215505901,42.972577696526436
618304,2026-07-01,17.969776609724047,26.018396846254927,18.95532194480946,25.417871222076204,7.448094612352158,41.44789762340031
618305,2026-04-01,23.98160315374507,23.98160315374507,15.965834428383705,24.40374507227333,0.42214191852826133,1.7602739726027776
618305,2026-05-01,23.98160315374507,23.98160315374507,16.95137976346912,25.924441524310126,1.942838370565056,8.10136986301374
618305,2026-06-01,23.98160315374507,31.964520367936924,17.969776609724047,31.454993429697787,7.473390275952717,31.163013698630238
618305,2026-07-01,23.98160315374507,31.964520367936924,18.95532194480946,31.3252299605782,7.343626806833129,30.62191780821924
618306,2026-04-01,21.97766097240473,23.98160315374507,11.00525624178712,23.720762155059123,1.7431011826543923,7.9312406576980115
618306,2026-05-01,21.97766097240473,23.98160315374507,11.990801576872537,24.133048620236533,2.1553876478318017,9.807174887892383
618306,2026-06-01,21.97766097240473,27.003942181340346,13.009198423127463,26.36859395532195,4.390932982917217,19.979073243647246
618306,2026-07-01,21.97766097240473,27.003942181340346,13.994743758212875,26.48915900131406,4.51149802890933,20.52765321375187
618307,2026-06-01,24.014454664914584,36.00525624178712,40.9658344283837,40.9658344283837,16.951379763469117,70.58823529411764
618307,2026-06-01,24.014454664914584,36.00525624178712,40.9658344283837,40.9658344283837,16.951379763469117,70.58823529411764
618307,2026-07-01,24.014454664914584,36.00525624178712,41.95137976346912,41.95137976346912,17.936925098554536,74.69220246238032
618308,2026-04-01,30.02628120893561,30.02628120893561,19.97371879106439,30.29007884362677,0.2637976346911586,0.8785557986869659
618308,2026-05-01,30.02628120893561,30.02628120893561,20.9592641261498,30.14947437582124,0.12319316688562765,0.41028446389480366
618308,2026-06-01,30.02628120893561,30.02628120893561,21.97766097240473,30.508541392904032,0.4822601839684211,1.6061269146606934
618308,2026-07-01,30.02628120893561,30.946123521682,22.963206307490143,30.79204993429693,0.765768725361319,2.5503282275709576
618309,2026-04-01,23.98160315374507,23.98160315374507,7.982917214191852,23.981603153745088,1.7763568394002505e-14,7.407164683745702e-14
618309,2026-05-01,23.98160315374507,23.98160315374507,8.968462549277266,23.981603153745088,1.7763568394002505e-14,7.407164683745702e-14
618309,2026-06-01,23.98160315374507,23.98160315374507,9.986859395532194,23.981603153745088,1.7763568394002505e-14,7.407164683745702e-14
618309,2026-07-01,23.98160315374507,23.98160315374507,10.972404730617608,23.971747700394236,0.0,0.0
618310,2026-04-01,23.98160315374507,23.98160315374507,13.92904073587385,24.366951379763474,0.38534822601840446,1.6068493150685252
618310,2026-05-01,23.98160315374507,23.98160315374507,14.914586070959263,24.24277266754271,0.26116951379763975,1.0890410958904322
618310,2026-06-01,23.98160315374507,23.98160315374507,15.932982917214192,24.0811432325887,0.09954007884363136,0.415068493150704
618310,2026-07-01,23.98160315374507,23.98160315374507,16.918528252299605,24.457293035479637,0.47568988173456717,1.9835616438356474
618311,2026-04-01,23.98160315374507,23.98160315374507,13.009198423127463,24.06176084099869,0.08015768725362094,0.33424657534249613
618311,2026-05-01,23.98160315374507,23.98160315374507,13.994743758212875,24.122536136662287,0.14093298291721723,0.5876712328767251
618311,2026-06-01,23.98160315374507,23.98160315374507,15.013140604467806,24.250657030223387,0.269053876478317,1.121917808219174
618311,2026-07-01,23.98160315374507,23.98160315374507,15.99868593955322,24.09132720105125,0.10972404730618024,0.45753424657535985
618312,2026-04-01,29.993429697766096,29.993429697766096,11.990801576872537,29.993429697766132,3.552713678800501e-14,1.1844973097775164e-13
618312,2026-05-01,29.993429697766096,29.993429697766096,12.976346911957949,29.993429697766132,3.552713678800501e-14,1.1844973097775164e-13
618312,2026-06-01,29.993429697766096,29.993429697766096,13.994743758212875,29.993429697766132,3.552713678800501e-14,1.1844973097775164e-13
618312,2026-07-01,29.993429697766096,29.993429697766096,14.98028909329829,29.993429697766132,3.552713678800501e-14,1.1844973097775164e-13
618313,2026-04-01,23.98160315374507,23.98160315374507,6.964520367936925,23.981603153745088,1.7763568394002505e-14,7.407164683745702e-14
618313,2026-05-01,23.98160315374507,23.98160315374507,7.950065703022338,23.981603153745088,1.7763568394002505e-14,7.407164683745702e-14
618313,2026-06-01,23.98160315374507,23.98160315374507,8.968462549277266,23.941852825229976,0.0,0.0
618313,2026-07-01,23.98160315374507,23.98160315374507,9.95400788436268,23.981603153745088,1.7763568394002505e-14,7.407164683745702e-14
618314,2026-04-01,29.96057818659658,29.96057818659658,25.952693823915897,29.78318002628124,0.0,0.0
618314,2026-05-01,29.96057818659658,29.96057818659658,26.938239159001316,29.87220762155062,0.0,0.0
618314,2026-06-01,29.96057818659658,29.96057818659658,27.95663600525624,30.27989487516428,0.31931668856769946,1.0657894736842952
618314,2026-07-01,29.96057818659658,36.92509855453351,28.94218134034165,34.772667542706984,4.812089356110402,16.061403508772003
618315,2026-04-01,29.96057818659658,29.96057818659658,26.971090670170828,31.538764783180053,1.5781865965834712,5.2675438596492175
618315,2026-05-01,29.96057818659658,29.96057818659658,27.95663600525624,31.053547963206334,1.0929697766097526,3.648026315789569
618315,2026-06-01,29.96057818659658,29.96057818659658,28.97503285151117,32.44218134034168,2.4816031537451018,8.282894736842204
618315,2026-07-01,29.96057818659658,37.94349540078844,29.96057818659658,36.863009198423114,6.902431011826533,23.03837719298242
618316,2026-04-01,18.035479632063076,17.017082785808146,9.00131406044678,17.01708278580811,0.0,0.0
618316,2026-05-01,18.035479632063076,17.017082785808146,9.986859395532194,17.01708278580811,0.0,0.0
618316,2026-06-01,18.035479632063076,17.017082785808146,11.00525624178712,17.01708278580811,0.0,0.0
618316,2026-06-01,18.035479632063076,17.017082785808146,11.00525624178712,17.01708278580811,0.0,0.0
618316,2026-07-01,18.035479632063076,17.017082785808146,11.990801576872537,17.01708278580811,0.0,0.0
618317,2026-04-01,18.035479632063076,17.017082785808146,9.00131406044678,17.01708278580811,0.0,0.0
618317,2026-05-01,18.035479632063076,17.017082785808146,9.986859395532194,17.01708278580811,0.0,0.0
618317,2026-06-01,18.035479632063076,17.017082785808146,11.00525624178712,17.01708278580811,0.0,0.0
618317,2026-06-01,18.035479632063076,17.017082785808146,11.00525624178712,17.01708278580811,0.0,0.0
618317,2026-07-01,18.035479632063076,17.017082785808146,11.990801576872537,17.01708278580811,0.0,0.0
618318,2026-04-01,23.98160315374507,22.996057818659654,9.00131406044678,23.08475689881735,0.0,0.0
618318,2026-05-01,23.98160315374507,22.996057818659654,9.986859395532194,23.08475689881735,0.0,0.0
618318,2026-06-01,23.98160315374507,22.996057818659654,11.00525624178712,23.065045992115643,0.0,0.0
618318,2026-06-01,23.98160315374507,22.996057818659654,11.00525624178712,23.065045992115643,0.0,0.0
618318,2026-07-01,23.98160315374507,22.996057818659654,11.990801576872537,23.452693823915897,0.0,0.0
618319,2026-04-01,18.035479632063076,17.017082785808146,9.00131406044678,17.01708278580811,0.0,0.0
618319,2026-05-01,18.035479632063076,17.017082785808146,9.986859395532194,17.01708278580811,0.0,0.0
618319,2026-06-01,18.035479632063076,17.017082785808146,11.00525624178712,17.01708278580811,0.0,0.0
618319,2026-06-01,18.035479632063076,17.017082785808146,11.00525624178712,17.01708278580811,0.0,0.0
618319,2026-07-01,18.035479632063076,17.017082785808146,11.990801576872537,17.01708278580811,0.0,0.0
618320,2026-04-01,36.00525624178712,36.00525624178712,5.978975032851511,36.005256241787166,4.263256414560601e-14,1.1840650114892764e-13
618320,2026-05-01,36.00525624178712,36.00525624178712,6.964520367936925,36.005256241787166,4.263256414560601e-14,1.1840650114892764e-13
618320,2026-06-01,36.00525624178712,36.00525624178712,7.982917214191852,36.005256241787166,4.263256414560601e-14,1.1840650114892764e-13
618320,2026-06-01,36.00525624178712,36.00525624178712,7.982917214191852,36.005256241787166,4.263256414560601e-14,1.1840650114892764e-13
618320,2026-07-01,36.00525624178712,36.00525624178712,8.968462549277266,36.005256241787166,4.263256414560601e-14,1.1840650114892764e-13
618321,2026-04-01,36.00525624178712,36.00525624178712,4.960578186596584,36.005256241787166,4.263256414560601e-14,1.1840650114892764e-13
618321,2026-05-01,36.00525624178712,36.00525624178712,5.946123521681997,36.005256241787166,4.263256414560601e-14,1.1840650114892764e-13
618321,2026-06-01,36.00525624178712,36.00525624178712,6.964520367936925,36.005256241787166,4.263256414560601e-14,1.1840650114892764e-13
618321,2026-06-01,36.00525624178712,36.00525624178712,6.964520367936925,36.005256241787166,4.263256414560601e-14,1.1840650114892764e-13
618321,2026-07-01,36.00525624178712,36.00525624178712,7.950065703022338,36.005256241787166,4.263256414560601e-14,1.1840650114892764e-13
618323,2026-04-01,36.00525624178712,36.00525624178712,3.975032851511169,36.005256241787166,4.263256414560601e-14,1.1840650114892764e-13
618323,2026-05-01,36.00525624178712,36.00525624178712,4.960578186596584,36.005256241787166,4.263256414560601e-14,1.1840650114892764e-13
618323,2026-06-01,36.00525624178712,36.00525624178712,5.978975032851511,36.005256241787166,4.263256414560601e-14,1.1840650114892764e-13
618323,2026-06-01,36.00525624178712,36.00525624178712,5.978975032851511,36.005256241787166,4.263256414560601e-14,1.1840650114892764e-13
618323,2026-07-01,36.00525624178712,36.00525624178712,6.964520367936925,36.005256241787166,4.263256414560601e-14,1.1840650114892764e-13
618324,2026-04-01,37.023653088042046,37.023653088042046,5.978975032851511,37.06373193166883,0.040078843626787375,0.10825199645070167
618324,2026-05-01,37.023653088042046,37.023653088042046,6.964520367936925,37.06307490144544,0.03942181340339346,0.10647737355805652
618324,2026-06-01,37.023653088042046,37.023653088042046,7.982917214191852,37.06307490144544,0.03942181340339346,0.10647737355805652
618324,2026-06-01,37.023653088042046,37.023653088042046,7.982917214191852,37.06307490144544,0.03942181340339346,0.10647737355805652
618324,2026-07-01,37.023653088042046,37.023653088042046,8.968462549277266,37.06307490144544,0.03942181340339346,0.10647737355805652
618325,2026-04-01,17.969776609724047,34.98685939553219,38.96189224704336,38.96189224704336,20.992115637319312,116.81901279707493
618325,2026-05-01,17.969776609724047,34.98685939553219,39.94743758212878,39.94743758212878,21.97766097240473,122.3034734917733
618325,2026-06-01,17.969776609724047,38.96189224704336,40.9658344283837,40.9658344283837,22.996057818659654,127.9707495429616
618326,2026-04-01,24.014454664914584,29.96057818659658,28.97503285151117,30.236859395532214,6.2224047306176296,25.9110807113544
618326,2026-05-01,24.014454664914584,30.97897503285151,29.96057818659658,30.98948751642571,6.975032851511127,29.04514363885071
618326,2026-06-01,24.014454664914584,30.97897503285151,30.97897503285151,30.97897503285151,6.964520367936924,29.00136798905608
618326,2026-07-01,24.014454664914584,30.97897503285151,31.964520367936924,31.964520367936924,7.950065703022339,33.10533515731874
618327,2026-04-01,24.014454664914584,31.99737187910644,45.006570302233904,45.006570302233904,20.99211563731932,87.41450068399455
618327,2026-05-01,24.014454664914584,31.99737187910644,45.99211563731932,45.99211563731932,21.97766097240474,91.51846785225722
618328,2026-04-01,24.014454664914584,24.014454664914584,30.97897503285151,30.97897503285151,6.964520367936924,29.00136798905608
618328,2026-05-01,24.014454664914584,24.014454664914584,31.964520367936924,31.964520367936924,7.950065703022339,33.10533515731874
618328,2026-06-01,24.014454664914584,33.96846254927726,32.98291721419185,33.397503285151146,9.383048620236561,39.07250341997277
618328,2026-06-01,24.014454664914584,33.96846254927726,32.98291721419185,33.281208935611055,9.26675427069647,38.58823529411772
618328,2026-07-01,24.014454664914584,36.00525624178712,33.96846254927726,35.1911957950066,11.176741130092015,46.54172366621081
618329,2026-04-01,36.00525624178712,65.01314060446781,102.95663600525624,102.95663600525624,66.95137976346912,185.94890510948906
618329,2026-05-01,36.00525624178712,65.01314060446781,103.94218134034163,103.94218134034163,67.93692509855451,188.68613138686126
618330,2026-04-01,36.00525624178712,70.0065703022339,76.97109067017082,76.97109067017082,40.9658344283837,113.77737226277371
618330,2026-05-01,36.00525624178712,70.0065703022339,77.95663600525624,77.95663600525624,41.95137976346912,116.51459854014598
618331,2026-04-01,35.972404730617605,35.972404730617605,14.947437582128778,35.98160315374511,0.009198423127507738,0.02557077625582973
618331,2026-05-01,35.972404730617605,35.972404730617605,15.932982917214192,35.9753613666229,0.0029566360052939444,0.008219178082296592
618331,2026-06-01,35.972404730617605,35.972404730617605,16.95137976346912,35.972733245729344,0.00032851511173959125,0.0009132420092559963
618331,2026-07-01,35.972404730617605,35.972404730617605,17.936925098554532,35.972733245729344,0.00032851511173959125,0.0009132420092559963
618333,2026-04-01,24.014454664914584,29.993429697766096,27.989487516425758,30.75407906263691,6.739624397722327,28.064865481076286
618333,2026-05-01,24.014454664914584,29.993429697766096,28.97503285151117,31.916885676741153,7.902431011826568,32.90697674418615
618333,2026-06-01,24.014454664914584,36.00525624178712,29.993429697766096,35.01149802890936,10.997043363994774,45.79343365253091
618333,2026-07-01,24.014454664914584,36.00525624178712,30.97897503285151,35.41984231274641,11.405387647831827,47.49384404924772
618334,2026-04-01,24.014454664914584,38.92904073587385,37.94349540078844,39.11432325886992,15.099868593955339,62.87824897400829
618334,2026-05-01,24.014454664914584,39.94743758212878,38.92904073587385,40.17214191852823,16.15768725361365,67.28317373461006
618334,2026-06-01,24.014454664914584,42.96977660972404,39.94743758212878,42.07260183968464,18.058147174770053,75.19699042407667
618334,2026-07-01,24.014454664914584,45.959264126149804,40.93298291721419,44.609724047306145,20.59526938239156,85.76196990424064
618335,2026-04-01,17.969776609724047,42.96977660972404,40.9658344283837,43.27890932982925,25.3091327201052,140.84277879341906
618335,2026-05-01,17.969776609724047,42.96977660972404,41.95137976346912,43.57128777923793,25.60151116951388,142.46983546617963
618335,2026-06-01,17.969776609724047,44.97371879106439,42.96977660972404,45.54434954007888,27.574572930354837,153.4497257769655
618335,2026-07-01,17.969776609724047,48.98160315374507,43.95532194480946,47.66984231274641,29.700065703022364,165.27787934186486
618336,2026-04-01,18.00262812089356,48.98160315374507,45.99211563731932,49.25164257555844,31.24901445466488,173.58029197080273
618336,2026-05-01,18.00262812089356,48.98160315374507,46.97766097240473,48.397174770039435,30.394546649145873,168.8339416058395
618336,2026-06-01,18.00262812089356,48.98160315374507,47.99605781865966,50.21550591327202,32.21287779237846,178.9343065693431
618336,2026-07-01,18.00262812089356,54.00788436268069,48.98160315374507,52.945137976346906,34.942509855453345,194.0967153284671
618337,2026-04-01,17.936925098554532,53.942181340341655,54.96057818659658,54.96057818659658,37.023653088042046,206.41025641025638
618337,2026-05-01,17.936925098554532,53.942181340341655,55.946123521682,55.946123521682,38.009198423127465,211.9047619047619
618337,2026-06-01,17.936925098554532,53.942181340341655,56.96452036793692,56.96452036793692,39.02759526938239,217.58241758241758
618337,2026-07-01,17.936925098554532,53.942181340341655,57.95006570302234,57.95006570302234,40.01314060446781,223.0769230769231
618338,2026-04-01,11.990801576872537,13.994743758212875,13.009198423127463,13.99474375821288,2.003942181340344,16.712328767123307
618338,2026-05-01,11.990801576872537,15.013140604467806,13.994743758212875,14.78416557161628,2.7933639947437428,23.295890410958776
618338,2026-06-01,11.990801576872537,17.017082785808146,15.013140604467806,17.15571616294347,5.164914586070934,43.07397260273951
618338,2026-07-01,11.990801576872537,19.021024967148488,15.99868593955322,17.631734559789717,5.64093298291718,47.043835616438066
618339,2026-04-01,36.00525624178712,36.00525624178712,27.989487516425758,37.222733245729344,1.2174770039422214,3.38138686131398
618339,2026-05-01,36.00525624178712,36.00525624178712,28.97503285151117,36.07457293035484,0.06931668856771722,0.19251824817530222
618339,2026-06-01,24.014454664914584,36.00525624178712,29.993429697766096,36.3324572930355,12.318002628120919,51.29411764705893
618340,2026-04-01,24.014454664914584,38.009198423127465,35.019710906701704,38.82325886990805,14.808804204993468,61.666210670314804
618340,2026-05-01,24.014454664914584,38.009198423127465,36.00525624178712,38.351839684625524,14.33738501971094,59.70314637482914
618340,2026-06-01,24.014454664914584,41.03153745072273,37.023653088042046,40.594612352168184,16.5801576872536,69.04240766073866
618340,2026-07-01,24.014454664914584,41.03153745072273,38.009198423127465,40.92772667542706,16.913272010512475,70.42954856361146
618341,2026-04-01,17.04993429697766,32.98291721419185,30.97897503285151,32.25229960578186,15.202365308804197,89.16377649325622
618341,2026-05-01,17.04993429697766,32.98291721419185,31.964520367936924,32.393889618922465,15.343955321944804,89.99421965317916
618342,2026-04-01,22.996057818659654,47.010512483574246,68.98817345597897,68.98817345597897,45.992115637319316,200.00000000000006
618342,2026-05-01,22.996057818659654,47.010512483574246,69.97371879106439,69.97371879106439,46.977660972404735,204.28571428571436
618343,2026-04-01,22.996057818659654,53.02233902759527,68.98817345597897,68.98817345597897,45.992115637319316,200.00000000000006
618343,2026-05-01,22.996057818659654,53.02233902759527,69.97371879106439,69.97371879106439,46.977660972404735,204.28571428571436
618344,2026-04-01,23.98160315374507,63.99474375821288,55.97897503285151,62.34067017082788,38.35906701708281,159.95205479452065
618344,2026-05-01,23.98160315374507,63.99474375821288,56.96452036793692,63.434296977661006,39.452693823915936,164.51232876712345
618344,2026-06-01,23.98160315374507,63.99474375821288,57.98291721419185,62.72568988173459,38.74408672798952,161.55753424657547
618344,2026-07-01,23.98160315374507,63.99474375821288,58.96846254927726,62.98883048620242,39.00722733245735,162.6547945205482
618345,2026-04-01,23.98160315374507,68.95532194480946,67.96977660972405,71.46123521681994,47.479632063074874,197.98356164383551
618345,2026-05-01,23.98160315374507,70.9592641261498,68.95532194480946,71.35939553219447,47.3777923784494,197.55890410958904
618345,2026-06-01,23.98160315374507,71.97766097240472,69.97371879106439,71.35019710906705,47.368593955321984,197.52054794520566
618345,2026-07-01,23.98160315374507,71.97766097240472,70.9592641261498,71.8590670170829,47.87746386333782,199.6424657534251
618346,2026-04-01,22.996057818659654,67.96977660972405,68.98817345597897,68.98817345597897,45.992115637319316,200.00000000000006
618346,2026-05-01,22.996057818659654,67.96977660972405,69.97371879106439,69.97371879106439,46.977660972404735,204.28571428571436
618346,2026-06-01,22.996057818659654,71.97766097240472,70.99211563731932,72.01971090670182,49.02365308804217,213.1828571428577
618346,2026-07-01,22.996057818659654,72.99605781865965,71.97766097240472,72.9346254927725,49.938567674112846,217.16142857142788
618347,2026-04-01,22.996057818659654,67.96977660972405,68.98817345597897,68.98817345597897,45.992115637319316,200.00000000000006
618347,2026-05-01,22.996057818659654,67.96977660972405,69.97371879106439,69.97371879106439,46.977660972404735,204.28571428571436
618347,2026-06-01,22.996057818659654,71.97766097240472,70.99211563731932,72.01971090670182,49.02365308804217,213.1828571428577
618347,2026-07-01,22.996057818659654,72.99605781865965,71.97766097240472,72.9346254927725,49.938567674112846,217.16142857142788
618348,2026-04-01,11.990801576872537,11.990801576872537,4.960578186596584,12.05124835742444,0.06044678055190289,0.5041095890410751
618348,2026-05-01,11.990801576872537,11.990801576872537,5.946123521681997,12.011169513797633,0.020367936925095975,0.16986301369860862
618348,2026-06-01,11.990801576872537,11.990801576872537,6.964520367936925,12.210906701708277,0.22010512483574018,1.8356164383561455
618348,2026-07-01,11.990801576872537,11.990801576872537,7.950065703022338,12.210906701708277,0.22010512483574018,1.8356164383561455
618349,2026-04-01,11.990801576872537,11.990801576872537,7.982917214191852,12.071287779237844,0.08048620236530724,0.6712328767123157
618349,2026-05-01,11.990801576872537,11.990801576872537,8.968462549277266,12.091327201051246,0.1005256241787098,0.8383561643835415
618349,2026-06-01,11.990801576872537,11.990801576872537,9.986859395532194,12.191195795006568,0.20039421813403102,1.6712328767123024
618349,2026-07-01,11.990801576872537,11.990801576872537,10.972404730617608,12.192181340341655,0.20137976346911834,1.6794520547945102
618350,2026-04-01,23.98160315374507,29.927726675427067,18.95532194480946,29.327201051248338,5.345597897503268,22.29041095890404
618350,2026-05-01,23.98160315374507,29.927726675427067,19.940867279894874,29.672141918528233,5.690538764783163,23.728767123287604
618350,2026-06-01,23.98160315374507,29.927726675427067,20.9592641261498,30.020039421813387,6.038436268068317,25.179452054794467
618350,2026-06-01,23.98160315374507,29.927726675427067,20.9592641261498,29.821944809461215,5.840341655716145,24.353424657534173
618350,2026-07-01,23.98160315374507,29.927726675427067,21.944809461235216,29.22634691195793,5.244743758212859,21.869863013698556
618351,2026-04-01,24.014454664914584,34.00131406044678,31.99737187910644,34.72076215505916,10.706307490144578,44.58276333789343
618351,2026-05-01,24.014454664914584,37.023653088042046,32.98291721419185,36.517739816031515,12.50328515111693,52.065663474692116
618351,2026-06-01,24.014454664914584,37.023653088042046,34.00131406044678,36.41195795006568,12.397503285151092,51.62517099863191
618351,2026-07-01,24.014454664914584,37.023653088042046,34.98685939553219,37.06011826544019,13.045663600525604,54.324213406292664
618352,2026-04-01,24.014454664914584,34.00131406044678,31.99737187910644,34.03120893561108,10.016754270696499,41.71135430916572
618352,2026-05-01,24.014454664914584,34.98685939553219,32.98291721419185,35.302562417871194,11.28810775295661,47.00547195622424
618352,2026-06-01,24.014454664914584,34.98685939553219,34.00131406044678,35.444809461235195,11.43035479632061,47.59781121751018
618352,2026-07-01,24.014454664914584,37.023653088042046,34.98685939553219,36.959264126149776,12.944809461235192,53.90424076607378
618353,2026-04-01,24.014454664914584,34.00131406044678,31.99737187910644,34.15144546649149,10.136990801576903,42.2120383036937
618353,2026-05-01,24.014454664914584,37.023653088042046,32.98291721419185,36.27102496714847,12.256570302233886,51.038303693570384
618353,2026-06-01,24.014454664914584,37.023653088042046,34.00131406044678,36.798620236530866,12.784165571616281,53.235294117647
618353,2026-07-01,24.014454664914584,37.023653088042046,34.98685939553219,37.440210249671466,13.425755584756882,55.906976744185975
618354,2026-04-01,23.98160315374507,27.003942181340346,25.0,28.46452036793692,4.4829172141918505,18.6931506849315
618354,2026-05-01,23.98160315374507,33.01576872536137,25.98554533508541,31.7217477003942,7.74014454664913,32.27534246575337
618354,2026-06-01,23.98160315374507,33.01576872536137,27.003942181340346,32.181668856767395,8.200065703022325,34.19315068493145
618354,2026-07-01,23.98160315374507,33.01576872536137,27.989487516425758,32.26773981603153,8.28613666228646,34.55205479452053
618355,2026-04-01,17.936925098554532,53.942181340341655,54.96057818659658,54.96057818659658,37.023653088042046,206.41025641025638
618355,2026-05-01,17.936925098554532,53.942181340341655,55.946123521682,55.946123521682,38.009198423127465,211.9047619047619
618355,2026-06-01,17.936925098554532,53.942181340341655,56.96452036793692,56.96452036793692,39.02759526938239,217.58241758241758
618355,2026-07-01,17.936925098554532,53.942181340341655,57.95006570302234,57.95006570302234,40.01314060446781,223.0769230769231
618356,2026-04-01,18.00262812089356,57.98291721419185,57.98291721419185,57.98291721419185,39.98028909329829,222.08029197080288
618356,2026-05-01,18.00262812089356,57.98291721419185,58.96846254927726,58.96846254927726,40.9658344283837,227.55474452554742
618356,2026-06-01,18.00262812089356,57.98291721419185,59.98685939553219,59.98685939553219,41.98423127463863,233.21167883211675
618356,2026-07-01,18.00262812089356,57.98291721419185,60.972404730617605,60.972404730617605,42.96977660972404,238.6861313868613
618357,2026-04-01,17.936925098554532,50.0,52.95663600525624,52.95663600525624,35.01971090670171,195.23809523809527
618357,2026-05-01,17.936925098554532,50.0,53.942181340341655,53.942181340341655,36.00525624178712,200.7326007326008
618357,2026-06-01,17.936925098554532,50.0,54.96057818659658,54.96057818659658,37.023653088042046,206.41025641025638
618357,2026-07-01,17.936925098554532,50.0,55.946123521682,55.946123521682,38.009198423127465,211.9047619047619
618358,2026-04-01,17.936925098554532,48.98160315374507,52.95663600525624,52.95663600525624,35.01971090670171,195.23809523809527
618358,2026-05-01,17.936925098554532,48.98160315374507,53.942181340341655,53.942181340341655,36.00525624178712,200.7326007326008
618358,2026-06-01,17.936925098554532,48.98160315374507,54.96057818659658,54.96057818659658,37.023653088042046,206.41025641025638
618358,2026-07-01,17.936925098554532,48.98160315374507,55.946123521682,55.946123521682,38.009198423127465,211.9047619047619
618359,2026-04-01,29.927726675427067,29.927726675427067,18.95532194480946,29.919513797634664,0.0,0.0
618359,2026-05-01,29.927726675427067,29.927726675427067,19.940867279894874,29.927726675427042,0.0,0.0
618359,2026-06-01,29.927726675427067,29.927726675427067,20.9592641261498,29.750328515111672,0.0,0.0
618359,2026-06-01,29.927726675427067,29.927726675427067,20.9592641261498,29.810118265440188,0.0,0.0
618359,2026-07-01,29.927726675427067,29.927726675427067,21.944809461235216,29.46583442838369,0.0,0.0
618362,2026-04-01,18.00262812089356,59.98685939553219,57.98291721419185,62.86760840998686,44.864980289093296,249.21350364963502
618362,2026-05-01,18.00262812089356,59.98685939553219,58.96846254927726,61.765111695138,43.76248357424444,243.0894160583943
618362,2026-06-01,18.00262812089356,65.01314060446781,59.98685939553219,64.85151116951371,46.84888304862015,260.23357664233527
618362,2026-06-01,18.00262812089356,65.01314060446781,59.98685939553219,64.85151116951371,46.84888304862015,260.23357664233527
618362,2026-07-01,18.00262812089356,65.01314060446781,60.972404730617605,64.9681340341655,46.96550591327194,260.8813868613135
618363,2026-04-01,18.035479632063076,65.01314060446781,56.99737187910644,64.6373193166885,46.60183968462543,258.3897996357009
618363,2026-05-01,18.035479632063076,65.01314060446781,57.98291721419185,64.38929040735867,46.3538107752956,257.0145719489978
618363,2026-06-01,18.035479632063076,65.01314060446781,59.00131406044678,64.83212877792369,46.79664914586061,259.4699453551907
618363,2026-06-01,18.035479632063076,65.01314060446781,59.00131406044678,64.83212877792369,46.79664914586061,259.4699453551907
618363,2026-07-01,18.035479632063076,65.01314060446781,59.98685939553219,64.99310118265431,46.95762155059124,260.3624772313292
618364,2026-04-01,30.05913272010512,30.05913272010512,31.99737187910644,31.99737187910644,1.93823915900132,6.4480874316940096
618364,2026-05-01,30.05913272010512,30.05913272010512,32.98291721419185,32.98291721419185,2.923784494086732,9.726775956284168
618364,2026-06-01,30.05913272010512,30.05913272010512,34.00131406044678,34.00131406044678,3.942181340341662,13.11475409836068
618364,2026-06-01,30.05913272010512,30.05913272010512,34.00131406044678,34.00131406044678,3.942181340341662,13.11475409836068
618364,2026-07-01,30.05913272010512,30.05913272010512,34.98685939553219,34.98685939553219,4.927726675427074,16.393442622950836
618365,2026-04-01,30.05913272010512,30.05913272010512,31.99737187910644,31.99737187910644,1.93823915900132,6.4480874316940096
618365,2026-05-01,30.05913272010512,30.05913272010512,32.98291721419185,32.98291721419185,2.923784494086732,9.726775956284168
618365,2026-06-01,30.05913272010512,30.05913272010512,34.00131406044678,34.00131406044678,3.942181340341662,13.11475409836068
618365,2026-06-01,30.05913272010512,30.05913272010512,34.00131406044678,34.00131406044678,3.942181340341662,13.11475409836068
618365,2026-07-01,30.05913272010512,30.05913272010512,34.98685939553219,34.98685939553219,4.927726675427074,16.393442622950836
618366,2026-04-01,30.05913272010512,30.05913272010512,31.99737187910644,31.99737187910644,1.93823915900132,6.4480874316940096
618366,2026-05-01,30.05913272010512,30.05913272010512,32.98291721419185,32.98291721419185,2.923784494086732,9.726775956284168
618366,2026-06-01,30.05913272010512,30.05913272010512,34.00131406044678,34.00131406044678,3.942181340341662,13.11475409836068
618366,2026-06-01,30.05913272010512,30.05913272010512,34.00131406044678,34.00131406044678,3.942181340341662,13.11475409836068
618366,2026-07-01,30.05913272010512,30.05913272010512,34.98685939553219,34.98685939553219,4.927726675427074,16.393442622950836
618367,2026-04-01,23.98160315374507,23.98160315374507,15.965834428383705,25.378449408672815,1.3968462549277447,5.824657534246652
618367,2026-05-01,23.98160315374507,29.96057818659658,16.95137976346912,28.904730617608443,4.9231274638633735,20.52876712328782
618367,2026-06-01,23.98160315374507,29.96057818659658,17.969776609724047,29.023324572930388,5.041721419185318,21.023287671233028
618367,2026-06-01,23.98160315374507,29.96057818659658,17.969776609724047,29.998685939553248,6.017082785808178,25.09041095890424
618367,2026-07-01,23.98160315374507,29.96057818659658,18.95532194480946,29.779237844940898,5.797634691195828,24.175342465753566
618368,2026-04-01,23.98160315374507,23.98160315374507,18.95532194480946,26.24080157687255,2.2591984231274793,9.420547945205545
618368,2026-05-01,23.98160315374507,31.93166885676741,19.940867279894874,30.847897503285136,6.866294349540066,28.63150684931502
618368,2026-06-01,23.98160315374507,31.93166885676741,20.9592641261498,30.104139290407346,6.122536136662276,25.530136986301333
618368,2026-06-01,23.98160315374507,31.93166885676741,20.9592641261498,31.21681997371877,7.235216819973701,30.169863013698556
618368,2026-07-01,23.98160315374507,31.93166885676741,21.944809461235216,30.37220762155057,6.390604467805499,26.647945205479374
618369,2026-04-01,23.98160315374507,23.98160315374507,18.95532194480946,25.611038107752957,1.6294349540078876,6.794520547945219
618369,2026-05-01,23.98160315374507,29.927726675427067,19.940867279894874,28.862352168199717,4.880749014454647,20.352054794520473
618369,2026-06-01,23.98160315374507,29.927726675427067,20.9592641261498,29.69908015768723,5.717477003942161,23.841095890410877
618369,2026-06-01,23.98160315374507,29.927726675427067,20.9592641261498,29.650459921156347,5.6688567674112775,23.638356164383467
618369,2026-07-01,23.98160315374507,29.927726675427067,21.944809461235216,29.423784494086703,5.442181340341634,22.693150684931418
618370,2026-04-01,23.98160315374507,29.00788436268068,20.99211563731932,28.600525624178704,4.618922470433635,19.26027397260272
618370,2026-05-01,23.98160315374507,29.00788436268068,21.97766097240473,29.5532194480946,5.571616294349532,23.232876712328736
618370,2026-06-01,23.98160315374507,32.98291721419185,22.996057818659654,31.656373193166875,7.674770039421805,32.00273972602737
618370,2026-06-01,23.98160315374507,32.98291721419185,22.996057818659654,32.17279894875163,8.191195795006557,34.156164383561595
618370,2026-07-01,23.98160315374507,32.98291721419185,23.98160315374507,31.755584756898806,7.773981603153736,32.41643835616435
618371,2026-04-01,23.98160315374507,23.98160315374507,16.95137976346912,23.901116951379763,0.0,0.0
618371,2026-05-01,23.98160315374507,23.98160315374507,17.936925098554532,23.970433639947437,0.0,0.0
618371,2026-06-01,23.98160315374507,23.98160315374507,18.95532194480946,23.91162943495401,0.0,0.0
618371,2026-07-01,23.98160315374507,23.98160315374507,19.940867279894874,23.98160315374507,0.0,0.0
618372,2026-04-01,24.014454664914584,28.97503285151117,38.96189224704336,38.96189224704336,14.947437582128774,62.24350205198357
618372,2026-05-01,24.014454664914584,28.97503285151117,39.94743758212878,39.94743758212878,15.932982917214193,66.34746922024625
618373,2026-04-01,93.00262812089356,93.00262812089356,63.96189224704336,93.1990801576874,0.19645203679384338,0.21123277993658043
618373,2026-05-01,93.00262812089356,93.00262812089356,64.94743758212877,93.14027595269395,0.1376478318003933,0.14800423878502197
618373,2026-06-01,93.00262812089356,93.00262812089356,65.9658344283837,93.13042049934309,0.12779237844952718,0.13740727658084095
618373,2026-07-01,93.00262812089356,93.00262812089356,66.95137976346912,93.0262812089357,0.023653088042138393,0.025432709290098648
618374,2026-04-01,30.02628120893561,30.02628120893561,22.996057818659654,30.360709592641214,0.33442838370560324,1.1137855579867135
618374,2026-05-01,30.02628120893561,30.02628120893561,23.98160315374507,30.328186596583404,0.3019053876477926,1.0054704595184691
618374,2026-06-01,30.02628120893561,30.02628120893561,25.0,30.8281865965834,0.8019053876477891,2.6706783369801643
618374,2026-07-01,30.02628120893561,30.02628120893561,25.98554533508541,30.93462549277264,0.9083442838370281,3.0251641137854635
618375,2026-04-01,23.98160315374507,29.993429697766096,23.98160315374507,29.540407358738534,5.558804204993464,23.179452054794666
618375,2026-05-01,23.98160315374507,29.993429697766096,24.967148488830485,30.952693823915936,6.971090670170867,29.0684931506851
618375,2026-06-01,23.98160315374507,29.993429697766096,25.98554533508541,33.838042049934316,9.856438896189246,41.100000000000094
618375,2026-07-01,23.98160315374507,29.993429697766096,26.971090670170828,32.58114323258873,8.59954007884366,35.85890410958918
618376,2026-04-01,29.96057818659658,33.96846254927726,25.952693823915897,33.15243101182657,3.19185282522999,10.653508771929923
618376,2026-05-01,29.96057818659658,33.96846254927726,26.938239159001316,33.38239159001318,3.4218134034165963,11.421052631579078
618376,2026-06-01,29.96057818659658,33.96846254927726,27.95663600525624,33.120565045992144,3.1599868593955627,10.54714912280712
618376,2026-07-01,29.96057818659658,33.96846254927726,28.94218134034165,34.885019710906725,4.924441524310144,16.436403508772017
618377,2026-04-01,24.014454664914584,30.97897503285151,29.993429697766096,31.725361366622828,7.710906701708243,32.10943912448686
618377,2026-05-01,24.014454664914584,31.99737187910644,30.97897503285151,32.20630749014456,8.191852825229976,34.112175102599245
618377,2026-06-01,24.014454664914584,31.99737187910644,31.99737187910644,32.09526938239161,8.080814717477029,33.64979480164169
618377,2026-07-01,24.014454664914584,31.99737187910644,32.98291721419185,32.98291721419185,8.968462549277266,37.34610123119015
618379,2026-04-01,41.98423127463863,41.98423127463863,77.98948751642575,77.98948751642575,36.00525624178712,85.75899843505478
618379,2026-05-01,41.98423127463863,79.99342969776609,78.97503285151117,78.97503285151117,36.99080157687254,88.10641627543038
618379,2026-06-01,41.98423127463863,79.99342969776609,79.99342969776609,79.99342969776609,38.00919842312746,90.53208137715178
618379,2026-06-01,41.98423127463863,79.99342969776609,79.99342969776609,79.99342969776609,38.00919842312746,90.53208137715178
618379,2026-07-01,41.98423127463863,79.99342969776609,80.97897503285151,80.97897503285151,38.99474375821288,92.8794992175274
618380,2026-04-01,41.98423127463863,65.99868593955321,77.98948751642575,77.98948751642575,36.00525624178712,85.75899843505478
618380,2026-05-01,41.98423127463863,79.99342969776609,78.97503285151117,78.97503285151117,36.99080157687254,88.10641627543038
618380,2026-06-01,41.98423127463863,79.99342969776609,79.99342969776609,80.00328515111705,38.019053876478424,90.55555555555581
618380,2026-06-01,41.98423127463863,79.99342969776609,79.99342969776609,80.00328515111705,38.019053876478424,90.55555555555581
618380,2026-07-01,41.98423127463863,79.99342969776609,80.97897503285151,80.97897503285151,38.99474375821288,92.8794992175274
618381,2026-04-01,41.98423127463863,64.98028909329828,75.9855453350854,75.9855453350854,34.001314060446774,80.98591549295774
618381,2026-05-01,41.98423127463863,64.98028909329828,76.97109067017082,76.97109067017082,34.98685939553219,83.33333333333334
618382,2026-04-01,41.98423127463863,54.96057818659658,65.9658344283837,65.9658344283837,23.98160315374507,57.120500782472604
618382,2026-05-01,41.98423127463863,54.96057818659658,66.95137976346912,66.95137976346912,24.96714848883049,59.46791862284822
618383,2026-04-01,42.01708278580814,63.00919842312746,72.99605781865965,72.99605781865965,30.97897503285151,73.72947615324472
618383,2026-05-01,42.01708278580814,75.0,73.98160315374507,73.98160315374507,31.964520367936927,76.07505863956217
618383,2026-06-01,42.01708278580814,75.0,75.0,75.0,32.98291721419186,78.49882720875686
618383,2026-06-01,42.01708278580814,75.0,75.0,75.0,32.98291721419186,78.49882720875686
618383,2026-07-01,42.01708278580814,75.0,75.9855453350854,75.9855453350854,33.96846254927726,80.84440969507428
618384,2026-04-01,41.98423127463863,65.99868593955321,77.98948751642575,77.98948751642575,36.00525624178712,85.75899843505478
618384,2026-05-01,41.98423127463863,65.99868593955321,78.97503285151117,78.97503285151117,36.99080157687254,88.10641627543038
618385,2026-04-01,17.936925098554532,17.936925098554532,18.95532194480946,23.784494086727992,5.84756898817346,32.60073260073263
618385,2026-05-01,17.936925098554532,17.936925098554532,19.940867279894874,19.940867279894874,2.003942181340342,11.172161172161175
618385,2026-06-01,17.936925098554532,17.936925098554532,20.9592641261498,20.9592641261498,3.022339027595269,16.849816849816847
618385,2026-06-01,17.936925098554532,17.936925098554532,20.9592641261498,20.9592641261498,3.022339027595269,16.849816849816847
618385,2026-07-01,17.936925098554532,17.936925098554532,21.944809461235216,23.300262812089358,5.3633377135348255,29.901098901098923
618386,2026-04-01,18.035479632063076,51.01839684625492,68.98817345597897,68.98817345597897,50.952693823915894,282.51366120218574
618386,2026-05-01,18.035479632063076,51.01839684625492,69.97371879106439,69.97371879106439,51.93823915900131,287.9781420765027
618387,2026-04-01,23.98160315374507,25.0,25.0,28.337385019710908,4.355781865965838,18.163013698630152
618387,2026-05-01,23.98160315374507,33.01576872536137,25.98554533508541,32.70335085413927,8.721747700394204,36.36849315068488
618387,2026-06-01,23.98160315374507,33.01576872536137,27.003942181340346,32.793035479632046,8.811432325886976,36.7424657534246
618387,2026-07-01,23.98160315374507,33.01576872536137,27.989487516425758,33.06537450722733,9.083771353482263,37.878082191780834
618388,2026-04-01,18.068331143232587,36.00525624178712,33.01576872536137,35.44218134034168,17.373850197109096,96.1563636363638
618388,2026-05-01,18.068331143232587,36.00525624178712,34.00131406044678,35.863337713534854,17.795006570302267,98.48727272727291
618388,2026-06-01,18.068331143232587,36.00525624178712,35.019710906701704,36.519053876478345,18.450722733245758,102.1163636363638
618388,2026-07-01,18.068331143232587,41.03153745072273,36.00525624178712,39.23981603153742,21.171484888304835,117.17454545454531
618389,2026-04-01,18.035479632063076,44.97371879106439,43.98817345597897,46.071944809461264,28.03646517739819,155.45173041894367
618389,2026-05-01,18.035479632063076,45.99211563731932,44.97371879106439,46.82161629434953,28.786136662286456,159.6083788706739
618389,2026-06-01,18.035479632063076,47.99605781865966,45.99211563731932,48.045663600525586,30.01018396846251,166.39526411657536
618389,2026-07-01,18.035479632063076,47.99605781865966,46.97766097240473,48.23488830486197,30.199408672798892,167.44444444444412
618390,2026-04-01,47.99605781865966,103.97503285151116,93.00262812089356,103.46550591327194,55.46944809461228,115.5708418891169
618390,2026-05-01,47.99605781865966,103.97503285151116,93.98817345597897,103.56471747700385,55.568659658344195,115.77754962354534
618390,2026-06-01,47.99605781865966,103.97503285151116,95.0065703022339,103.49967148488822,55.50361366622857,115.64202600958231
618390,2026-07-01,47.99605781865966,103.97503285151116,95.99211563731932,103.98850197109061,55.992444152430956,116.6605065023955
618391,2026-04-01,18.00262812089356,29.993429697766096,21.97766097240473,27.503613666228617,9.500985545335055,52.77554744525531
618391,2026-05-01,18.00262812089356,32.03022339027595,22.963206307490143,29.98948751642571,11.98685939553215,66.58394160583917
618391,2026-06-01,18.00262812089356,32.03022339027595,23.98160315374507,29.52061760840995,11.517989487516388,63.97948905109468
618391,2026-07-01,18.00262812089356,32.03022339027595,24.967148488830485,30.16173455978971,12.15910643889615,67.54072992700706
618392,2026-04-01,17.969776609724047,17.969776609724047,15.965834428383705,18.31077529566358,0.34099868593953175,1.8976234003655112
618392,2026-05-01,17.969776609724047,25.0,16.95137976346912,24.597240473061756,6.627463863337709,36.88117001828151
618392,2026-06-01,17.969776609724047,25.0,17.969776609724047,25.017739816031536,7.0479632063074895,39.22120658135283
618392,2026-07-01,17.969776609724047,25.0,18.95532194480946,25.017739816031536,7.0479632063074895,39.22120658135283
618393,2026-04-01,18.00262812089356,18.00262812089356,21.97766097240473,21.97766097240473,3.9750328515111697,22.08029197080292
618393,2026-05-01,18.00262812089356,18.00262812089356,22.963206307490143,22.963206307490143,4.960578186596582,27.554744525547438
618393,2026-06-01,18.00262812089356,1.0,23.98160315374507,23.98160315374507,5.978975032851508,33.21167883211677
618393,2026-07-01,18.00262812089356,1.0,24.967148488830485,24.967148488830485,6.964520367936924,38.686131386861305
618394,2026-04-01,17.969776609724047,71.97766097240472,65.9658344283837,65.97963206307493,48.00985545335088,267.1700182815358
618394,2026-05-01,17.969776609724047,71.97766097240472,66.95137976346912,69.67115637319328,51.701379763469234,287.71297989031143
618394,2026-06-01,17.969776609724047,71.97766097240472,67.96977660972405,71.5272667542708,53.55749014454675,298.04204753199326
618394,2026-07-01,17.969776609724047,71.97766097240472,68.95532194480946,71.92772667542715,53.9579500657031,300.27056672760557
618395,2026-04-01,18.035479632063076,61.990801576872535,55.97897503285151,62.738830486202296,44.70335085413922,247.86338797814165
618395,2026-05-01,18.035479632063076,61.990801576872535,56.96452036793692,62.32030223390269,44.28482260183961,245.54280510018168
618395,2026-06-01,18.035479632063076,61.990801576872535,57.98291721419185,62.281537450722645,44.246057818659565,245.3278688524585
618395,2026-07-01,18.035479632063076,61.990801576872535,58.96846254927726,62.49901445466483,44.46353482260176,246.53369763205782
618396,2026-04-01,17.017082785808146,43.03547963206307,61.00525624178712,61.00525624178712,43.98817345597898,258.4942084942086
618396,2026-05-01,17.017082785808146,43.03547963206307,61.990801576872535,61.990801576872535,44.973718791064385,264.2857142857143
618397,2026-04-01,24.014454664914584,39.02759526938239,88.96189224704337,88.96189224704337,64.94743758212879,270.4514363885089
618397,2026-05-01,24.014454664914584,39.02759526938239,89.94743758212877,89.94743758212877,65.93298291721419,274.5554035567716
618397,2026-06-01,24.014454664914584,84.98685939553219,90.9658344283837,90.9658344283837,66.95137976346912,278.79616963064296
618397,2026-07-01,24.014454664914584,84.98685939553219,91.95137976346912,91.95137976346912,67.93692509855454,282.90013679890563
618398,2026-04-01,17.969776609724047,64.94743758212877,65.9658344283837,65.9658344283837,47.99605781865965,267.09323583180986
618398,2026-05-01,17.969776609724047,64.94743758212877,66.95137976346912,66.95137976346912,48.98160315374507,272.57769652650825
618398,2026-06-01,17.969776609724047,67.96977660972405,67.96977660972405,68.09954007884375,50.129763469119695,278.96709323583246
618398,2026-07-01,17.969776609724047,67.96977660972405,68.95532194480946,68.95532194480946,50.985545335085405,283.72943327239483
618399,2026-04-01,23.98160315374507,69.97371879106439,55.97897503285151,68.9632063074901,44.98160315374503,187.56712328767108
618399,2026-05-01,23.98160315374507,69.97371879106439,56.96452036793692,68.21583442838366,44.23423127463859,184.4506849315067
618399,2026-06-01,23.98160315374507,69.97371879106439,57.98291721419185,68.97601839684621,44.994415243101145,187.62054794520532
618399,2026-07-01,23.98160315374507,69.97371879106439,58.96846254927726,68.20795006570299,44.22634691195792,184.41780821917797
618400,2026-04-01,17.017082785808146,49.01445466491458,56.99737187910644,56.99737187910644,39.980289093298296,234.942084942085
618400,2026-05-01,17.017082785808146,49.01445466491458,57.98291721419185,57.98291721419185,40.9658344283837,240.73359073359072
618400,2026-06-01,17.017082785808146,49.01445466491458,59.00131406044678,59.00131406044678,41.98423127463863,246.71814671814673
618400,2026-07-01,17.017082785808146,49.01445466491458,59.98685939553219,59.98685939553219,42.96977660972405,252.50965250965254
618401,2026-04-01,36.00525624178712,36.00525624178712,9.00131406044678,36.005256241787166,4.263256414560601e-14,1.1840650114892764e-13
618401,2026-05-01,36.00525624178712,36.00525624178712,9.986859395532194,36.005256241787166,4.263256414560601e-14,1.1840650114892764e-13
618401,2026-06-01,36.00525624178712,36.00525624178712,11.00525624178712,36.005256241787166,4.263256414560601e-14,1.1840650114892764e-13
618401,2026-07-01,36.00525624178712,36.00525624178712,11.990801576872537,36.005256241787166,4.263256414560601e-14,1.1840650114892764e-13
618402,2026-04-01,35.05256241787122,36.00525624178712,13.009198423127463,35.99507227332461,0.9425098554533875,2.688847235239092
618402,2026-05-01,35.05256241787122,36.00525624178712,13.994743758212875,35.99474375821292,0.9421813403416976,2.6879100281163333
618402,2026-06-01,35.05256241787122,36.00525624178712,15.013140604467806,35.991458607095964,0.9388961892247423,2.6785379568885803
618402,2026-07-01,35.05256241787122,36.00525624178712,15.99868593955322,35.98784494086732,0.935282522996097,2.668228678538069
618403,2026-04-01,23.98160315374507,23.98160315374507,14.947437582128778,23.981603153745073,3.552713678800501e-15,1.4814329367491404e-14
618403,2026-05-01,23.98160315374507,23.98160315374507,15.932982917214192,23.98160315374507,0.0,0.0
618403,2026-06-01,23.98160315374507,23.98160315374507,16.95137976346912,24.558147174770028,0.5765440210249579,2.4041095890410578
618403,2026-07-01,23.98160315374507,23.98160315374507,17.936925098554532,24.91721419185282,0.9356110381077514,3.901369863013692
618404,2026-04-01,30.02628120893561,30.02628120893561,11.00525624178712,30.02628120893556,0.0,0.0
618404,2026-05-01,30.02628120893561,30.02628120893561,11.990801576872537,30.02628120893556,0.0,0.0
618404,2026-06-01,30.02628120893561,30.02628120893561,13.009198423127463,30.02628120893556,0.0,0.0
618404,2026-07-01,30.02628120893561,30.02628120893561,13.994743758212875,30.02628120893556,0.0,0.0
618405,2026-04-01,29.927726675427067,29.927726675427067,14.947437582128778,29.928383705650436,0.0006570302233690484,0.002195389681597567
618405,2026-05-01,29.927726675427067,29.927726675427067,15.932982917214192,29.927726675427042,0.0,0.0
618405,2026-06-01,29.927726675427067,29.927726675427067,16.95137976346912,29.927726675427042,0.0,0.0
618405,2026-07-01,29.927726675427067,29.927726675427067,17.936925098554532,29.897831800262782,0.0,0.0
618406,2026-04-01,24.014454664914584,34.00131406044678,81.01182654402102,81.01182654402102,56.99737187910644,237.34610123119015
618406,2026-05-01,24.014454664914584,34.00131406044678,81.99737187910644,81.99737187910644,57.98291721419186,241.45006839945285
618406,2026-06-01,24.014454664914584,88.04204993429697,83.01576872536137,83.01576872536137,59.00131406044679,245.69083447332426
618406,2026-07-01,24.014454664914584,88.04204993429697,84.00131406044677,88.43791064388962,64.42345597897504,268.2694938440493
618407,2026-04-01,24.014454664914584,40.9658344283837,38.96189224704336,44.02628120893562,20.011826544021037,83.33242134062934
618407,2026-05-01,24.014454664914584,41.95137976346912,39.94743758212878,44.72306176084101,20.70860709592643,86.23392612859104
618407,2026-06-01,24.014454664914584,44.97371879106439,40.9658344283837,44.30880420499345,20.294349540078866,84.50889192886467
618407,2026-07-01,24.014454664914584,44.97371879106439,41.95137976346912,44.650459921156425,20.63600525624184,85.93160054719586
618408,2026-04-01,18.035479632063076,59.98685939553219,56.99737187910644,60.3347568988174,42.29927726675433,234.53369763205862
618408,2026-05-01,18.035479632063076,59.98685939553219,57.98291721419185,60.618977222952296,42.58349759088922,236.10959319975734
618408,2026-06-01,18.035479632063076,61.00525624178712,59.00131406044678,60.99655059132718,42.961070959264106,238.20309653916198
618408,2026-07-01,18.035479632063076,61.00525624178712,59.98685939553219,60.83114323258866,42.795663600525586,237.28597449908904
618409,2026-04-01,18.035479632063076,59.98685939553219,56.99737187910644,60.79927726675435,42.76379763469127,237.10928961748675
618409,2026-05-01,18.035479632063076,59.98685939553219,57.98291721419185,60.92214191852834,42.88666228646527,237.79052823315166
618409,2026-06-01,18.035479632063076,59.98685939553219,59.00131406044678,60.5919842312747,42.55650459921162,235.9599271402553
618409,2026-07-01,18.035479632063076,61.00525624178712,59.98685939553219,60.992115637319266,42.956636005256186,238.17850637522736
618410,2026-04-01,18.035479632063076,63.00919842312746,56.99737187910644,62.46254927726684,44.42706964520376,246.33151183970895
618410,2026-05-01,18.035479632063076,63.00919842312746,57.98291721419185,62.534494086728046,44.49901445466497,246.73041894353403
618410,2026-06-01,18.035479632063076,63.00919842312746,59.00131406044678,62.293692509855525,44.258212877792445,245.39526411657593
618410,2026-07-01,18.035479632063076,63.00919842312746,59.98685939553219,63.0118265440211,44.97634691195802,249.3770491803282
618411,2026-04-01,18.068331143232587,37.023653088042046,35.019710906701704,37.05124835742441,18.982917214191826,105.06181818181804
618411,2026-05-01,18.068331143232587,37.023653088042046,36.00525624178712,37.87319316688565,19.80486202365306,109.61090909090896
618411,2026-06-01,18.068331143232587,39.02759526938239,37.023653088042046,38.955321944809434,20.886990801576847,115.59999999999985
618411,2026-06-01,18.068331143232587,39.02759526938239,37.023653088042046,39.318002628120865,21.249671484888278,117.60727272727259
618411,2026-07-01,18.068331143232587,41.03153745072273,38.009198423127465,40.65604467805515,22.587713534822566,125.01272727272708
618412,2026-04-01,70.99211563731932,88.00919842312746,65.9658344283837,84.06997371879113,13.077858081471817,18.421564090698848
618412,2026-05-01,70.99211563731932,88.00919842312746,66.95137976346912,85.48488830486211,14.492772667542795,20.41462285978726
618412,2026-06-01,70.99211563731932,88.00919842312746,67.96977660972405,86.50229960578194,15.510183968462627,21.84775566867202
618412,2026-07-01,70.99211563731932,88.00919842312746,68.95532194480946,86.76478318002637,15.772667542707055,22.217491901897397
618413,2026-04-01,24.014454664914584,36.00525624178712,34.00131406044678,34.84592641261501,10.831471747700423,45.10396716826278
618413,2026-05-01,24.014454664914584,36.00525624178712,34.98685939553219,34.98685939553219,10.972404730617608,45.690834473324216
618413,2026-06-01,24.014454664914584,36.990801576872535,36.00525624178712,36.00525624178712,11.990801576872538,49.931600547195636
618413,2026-06-01,24.014454664914584,36.990801576872535,36.00525624178712,36.00525624178712,11.990801576872538,49.931600547195636
618413,2026-07-01,24.014454664914584,38.009198423127465,36.990801576872535,36.990801576872535,12.97634691195795,54.03556771545828
618414,2026-04-01,24.014454664914584,24.014454664914584,30.97897503285151,30.97897503285151,6.964520367936924,29.00136798905608
618414,2026-05-01,24.014454664914584,24.014454664914584,31.964520367936924,31.964520367936924,7.950065703022339,33.10533515731874
618414,2026-06-01,24.014454664914584,24.014454664914584,32.98291721419185,32.98291721419185,8.968462549277266,37.34610123119015
618414,2026-06-01,24.014454664914584,24.014454664914584,32.98291721419185,32.98291721419185,8.968462549277266,37.34610123119015
618414,2026-07-01,24.014454664914584,24.014454664914584,33.96846254927726,33.96846254927726,9.954007884362678,41.450068399452796
618415,2026-04-01,18.00262812089356,56.96452036793692,57.98291721419185,57.98291721419185,39.98028909329829,222.08029197080288
618415,2026-05-01,18.00262812089356,56.96452036793692,58.96846254927726,58.96846254927726,40.9658344283837,227.55474452554742
618415,2026-06-01,18.00262812089356,56.96452036793692,59.98685939553219,59.98685939553219,41.98423127463863,233.21167883211675
618415,2026-07-01,18.00262812089356,56.96452036793692,60.972404730617605,60.972404730617605,42.96977660972404,238.6861313868613
618416,2026-04-01,18.00262812089356,60.972404730617605,57.98291721419185,61.54862023653082,43.54599211563726,241.88686131386828
618416,2026-05-01,18.00262812089356,60.972404730617605,58.96846254927726,61.54369250985539,43.54106438896183,241.8594890510945
618416,2026-06-01,18.00262812089356,68.95532194480946,59.98685939553219,67.47339027595277,49.470762155059205,274.7974452554748
618416,2026-07-01,18.00262812089356,68.95532194480946,60.972404730617605,67.7138633377136,49.71123521682004,276.13321167883254
618417,2026-04-01,35.972404730617605,35.972404730617605,25.0,36.00328515111699,0.03088042049938622,0.08584474885856773
618417,2026-05-01,35.972404730617605,35.972404730617605,25.98554533508541,36.52759526938243,0.5551905387648262,1.5433789954339094
618417,2026-06-01,35.972404730617605,35.972404730617605,27.003942181340346,35.88534822601843,0.0,0.0
618417,2026-06-01,35.972404730617605,35.972404730617605,27.003942181340346,35.88534822601843,0.0,0.0
618417,2026-07-01,35.972404730617605,35.972404730617605,27.989487516425758,37.08081471747704,1.108409986859435,3.0812785388128954
618418,2026-04-01,24.014454664914584,47.99605781865966,47.010512483574246,47.67279894875159,23.658344283837007,98.5170998632009
618418,2026-05-01,24.014454664914584,55.02628120893561,47.99605781865966,53.78252299605778,29.768068331143194,123.95896032831722
618418,2026-06-01,24.014454664914584,55.02628120893561,49.01445466491458,54.357752956635984,30.3432982917214,126.35430916552662
618418,2026-07-01,24.014454664914584,55.02628120893561,50.0,54.70926412614979,30.694809461235206,127.81805745554031
618419,2026-04-01,23.98160315374507,23.98160315374507,18.95532194480946,24.120893561103802,0.13929040735873244,0.5808219178081939
618419,2026-05-01,23.98160315374507,23.98160315374507,19.940867279894874,24.06143232588699,0.07982917214192042,0.332876712328775
618419,2026-06-01,23.98160315374507,23.98160315374507,20.9592641261498,23.98160315374507,0.0,0.0
618419,2026-06-01,23.98160315374507,23.98160315374507,20.9592641261498,23.98160315374507,0.0,0.0
618419,2026-07-01,23.98160315374507,23.98160315374507,21.944809461235216,24.090998685939557,0.10939553219448683,0.45616438356166844
618420,2026-04-01,23.98160315374507,23.98160315374507,18.95532194480946,25.196123521682,1.214520367936931,5.064383561643861
618420,2026-05-01,23.98160315374507,23.98160315374507,19.940867279894874,24.617279894875175,0.635676741130105,2.6506849315069037
618420,2026-06-01,23.98160315374507,23.98160315374507,20.9592641261498,24.031208935611033,0.04960578186596365,0.20684931506848409
618420,2026-06-01,23.98160315374507,23.98160315374507,20.9592641261498,23.98160315374507,0.0,0.0
618420,2026-07-01,23.98160315374507,23.98160315374507,21.944809461235216,24.090998685939557,0.10939553219448683,0.45616438356166844
618421,2026-04-01,23.98160315374507,23.98160315374507,18.95532194480946,24.06241787122207,0.08081471747700064,0.33698630136984925
618421,2026-05-01,23.98160315374507,23.98160315374507,19.940867279894874,24.141590013140604,0.15998685939553425,0.6671232876712415
618421,2026-06-01,23.98160315374507,23.98160315374507,20.9592641261498,23.98160315374507,0.0,0.0
618421,2026-06-01,23.98160315374507,23.98160315374507,20.9592641261498,23.98160315374507,0.0,0.0
618421,2026-07-01,23.98160315374507,23.98160315374507,21.944809461235216,23.921813403416554,0.0,0.0
618422,2026-04-01,24.014454664914584,30.97897503285151,30.97897503285151,30.97897503285151,6.964520367936924,29.00136798905608
618422,2026-05-01,24.014454664914584,30.97897503285151,31.964520367936924,31.964520367936924,7.950065703022339,33.10533515731874
618422,2026-06-01,24.014454664914584,33.96846254927726,32.98291721419185,33.72043363994747,9.705978975032888,40.41723666210686
618422,2026-06-01,24.014454664914584,33.96846254927726,32.98291721419185,33.38107752956639,9.366622864651806,39.0041039671684
618422,2026-07-01,24.014454664914584,33.96846254927726,33.96846254927726,33.96846254927726,9.954007884362678,41.450068399452796
618423,2026-04-01,24.014454664914584,30.97897503285151,31.99737187910644,31.99737187910644,7.982917214191854,33.242134062927505
618423,2026-05-01,24.014454664914584,30.97897503285151,32.98291721419185,32.98291721419185,8.968462549277266,37.34610123119015
618423,2026-06-01,24.014454664914584,30.97897503285151,34.00131406044678,34.00131406044678,9.986859395532196,41.58686730506157
618423,2026-06-01,24.014454664914584,30.97897503285151,34.00131406044678,34.00131406044678,9.986859395532196,41.58686730506157
618423,2026-07-01,24.014454664914584,30.97897503285151,34.98685939553219,34.98685939553219,10.972404730617608,45.690834473324216
618426,2026-04-01,17.969776609724047,46.97766097240473,38.96189224704336,45.42148488830493,27.451708278580885,152.76599634369325
618426,2026-05-01,17.969776609724047,46.97766097240473,39.94743758212878,46.23817345597905,28.268396846255005,157.31078610603336
618426,2026-06-01,17.969776609724047,46.97766097240473,40.9658344283837,46.66688567674121,28.697109067017163,159.69652650822715
618426,2026-06-01,17.969776609724047,46.97766097240473,40.9658344283837,46.67674113009207,28.70696452036802,159.75137111517415
618426,2026-07-01,17.969776609724047,46.97766097240473,41.95137976346912,46.45762155059141,28.487844940867365,158.53199268738624
618427,2026-04-01,29.96057818659658,66.95137976346912,65.9658344283837,67.06208935611033,37.101511169513756,123.83442982456128
618427,2026-05-01,29.96057818659658,68.95532194480946,66.95137976346912,68.41228646517749,38.45170827858091,128.34100877193015
618427,2026-06-01,29.96057818659658,68.95532194480946,67.96977660972405,69.74310118265448,39.78252299605791,132.78289473684242
618427,2026-07-01,29.96057818659658,73.98160315374507,68.95532194480946,72.94842312746383,42.98784494086725,143.4813596491227
618428,2026-04-01,23.98160315374507,60.972404730617605,59.98685939553219,61.17247043363988,37.19086727989481,155.08082191780795
618428,2026-05-01,23.98160315374507,60.972404730617605,60.972404730617605,60.972404730617605,36.990801576872535,154.24657534246577
618428,2026-06-01,23.98160315374507,60.972404730617605,61.990801576872535,61.990801576872535,38.009198423127465,158.49315068493152
618428,2026-06-01,23.98160315374507,60.972404730617605,61.990801576872535,61.990801576872535,38.009198423127465,158.49315068493152
618428,2026-07-01,23.98160315374507,60.972404730617605,62.97634691195795,62.97634691195795,38.99474375821288,162.6027397260274
618429,2026-04-01,17.969776609724047,66.95137976346912,65.9658344283837,66.97503285151114,49.005256241787094,272.70932358318083
618429,2026-05-01,17.969776609724047,67.96977660972405,66.95137976346912,68.40867279894884,50.43889618922479,280.6873857404027
618429,2026-06-01,17.969776609724047,69.97371879106439,67.96977660972405,69.7631406044678,51.79336399474374,288.22486288848256
618429,2026-07-01,17.969776609724047,69.97371879106439,68.95532194480946,69.50328515111693,51.53350854139288,286.778793418647
618430,2026-04-01,29.993429697766096,78.97503285151117,77.98948751642575,77.98948751642575,47.99605781865966,160.02190580503836
618430,2026-05-01,29.993429697766096,79.99342969776609,78.97503285151117,78.97503285151117,48.98160315374508,163.30777656078862
618430,2026-06-01,29.993429697766096,81.99737187910644,79.99342969776609,79.99342969776609,49.99999999999999,166.70317634173054
618430,2026-07-01,29.993429697766096,81.99737187910644,80.97897503285151,81.60611038107744,51.612680683311346,172.07995618838964
618431,2026-04-01,29.96057818659658,66.95137976346912,65.9658344283837,66.81208935611035,36.85151116951377,122.99999999999991
618431,2026-05-01,29.96057818659658,68.95532194480946,66.95137976346912,68.42312746386342,38.462549277266845,128.37719298245645
618431,2026-06-01,29.96057818659658,68.95532194480946,67.96977660972405,69.30124835742454,39.34067017082796,131.3081140350881
618431,2026-07-01,29.96057818659658,73.98160315374507,68.95532194480946,72.496714848883,42.536136662286424,141.9736842105262
618432,2026-04-01,17.969776609724047,32.95006570302234,65.9658344283837,65.9658344283837,47.99605781865965,267.09323583180986
618432,2026-05-01,17.969776609724047,32.95006570302234,66.95137976346912,66.95137976346912,48.98160315374507,272.57769652650825
618433,2026-04-01,17.969776609724047,65.9658344283837,65.9658344283837,65.9658344283837,47.99605781865965,267.09323583180986
618433,2026-05-01,17.969776609724047,65.9658344283837,66.95137976346912,66.95137976346912,48.98160315374507,272.57769652650825
618433,2026-06-01,17.969776609724047,65.9658344283837,67.96977660972405,67.96977660972405,50.0,278.24497257769656
618433,2026-07-01,17.969776609724047,65.9658344283837,68.95532194480946,68.95532194480946,50.985545335085405,283.72943327239483
618434,2026-04-01,47.99605781865966,99.01445466491458,97.01051248357425,98.79862023653087,50.80256241787121,105.84736481861736
618434,2026-05-01,47.99605781865966,99.01445466491458,97.99605781865964,99.52956636005254,51.533508541392884,107.37029431895957
618434,2026-06-01,47.99605781865966,103.02233902759528,99.01445466491458,102.51478318002619,54.51872536136653,113.59000684462677
618434,2026-07-01,47.99605781865966,103.02233902759528,100.0,103.30091984231267,55.30486202365301,115.22792607802859
618435,2026-04-01,29.993429697766096,103.97503285151116,101.97109067017082,103.99080157687244,73.99737187910634,246.71193866374557
618435,2026-05-01,29.993429697766096,103.97503285151116,102.95663600525624,104.32785808147165,74.33442838370556,247.8357064622122
618435,2026-06-01,29.993429697766096,104.96057818659658,103.97503285151116,104.80321944809448,74.80978975032838,249.42059145673556
618436,2026-04-01,29.96057818659658,102.95663600525624,111.95795006570302,111.95795006570302,81.99737187910644,273.6842105263158
618436,2026-05-01,29.96057818659658,102.95663600525624,112.94349540078844,112.94349540078844,82.98291721419186,276.9736842105263
618436,2026-06-01,29.96057818659658,102.95663600525624,113.96189224704337,113.96189224704337,84.00131406044679,280.3728070175439
618436,2026-07-01,29.96057818659658,102.95663600525624,114.94743758212876,114.94743758212876,84.98685939553218,283.66228070175436
618437,2026-04-01,5.946123521681997,10.972404730617608,18.95532194480946,18.95532194480946,13.009198423127462,218.7845303867403
618437,2026-05-01,5.946123521681997,10.972404730617608,19.940867279894874,19.940867279894874,13.994743758212877,235.35911602209944
618437,2026-06-01,5.946123521681997,10.972404730617608,20.9592641261498,20.9592641261498,15.013140604467804,252.48618784530385
618437,2026-07-01,5.946123521681997,10.972404730617608,21.944809461235216,21.944809461235216,15.99868593955322,269.060773480663
618438,2026-04-01,17.969776609724047,30.97897503285151,38.96189224704336,38.96189224704336,20.992115637319312,116.81901279707493
618438,2026-05-01,17.969776609724047,30.97897503285151,39.94743758212878,39.94743758212878,21.97766097240473,122.3034734917733
618438,2026-06-01,17.969776609724047,30.97897503285151,40.9658344283837,40.9658344283837,22.996057818659654,127.9707495429616
618438,2026-07-01,17.969776609724047,30.97897503285151,41.95137976346912,41.95137976346912,23.981603153745073,133.45521023765997
618439,2026-04-01,5.978975032851511,5.978975032851511,25.952693823915897,25.952693823915897,19.973718791064385,334.065934065934
618439,2026-05-01,5.978975032851511,5.978975032851511,26.938239159001316,26.938239159001316,20.959264126149804,350.54945054945057
618439,2026-06-01,5.978975032851511,27.95663600525624,27.95663600525624,27.95663600525624,21.977660972404728,367.5824175824176
618440,2026-04-01,11.990801576872537,11.990801576872537,17.969776609724047,17.969776609724047,5.97897503285151,49.86301369863013
618440,2026-05-01,11.990801576872537,11.990801576872537,18.95532194480946,18.95532194480946,6.964520367936922,58.08219178082189
618440,2026-06-01,11.990801576872537,20.9592641261498,19.97371879106439,21.73028909329826,9.739487516425724,81.2246575342463
618440,2026-07-01,11.990801576872537,23.98160315374507,20.9592641261498,23.56176084099868,11.570959264126143,96.49863013698624
618441,2026-04-01,11.00525624178712,11.00525624178712,17.969776609724047,17.969776609724047,6.964520367936927,63.28358208955228
618441,2026-05-01,11.00525624178712,11.00525624178712,18.95532194480946,18.95532194480946,7.950065703022339,72.23880597014927
618441,2026-06-01,11.00525624178712,20.9592641261498,19.97371879106439,20.946268068331115,9.941011826543996,90.32967164179084
618441,2026-07-01,11.00525624178712,23.98160315374507,20.9592641261498,23.230946123521676,12.225689881734557,111.08955223880596
618442,2026-04-01,5.978975032851511,5.978975032851511,25.952693823915897,25.952693823915897,19.973718791064385,334.065934065934
618442,2026-05-01,5.978975032851511,5.978975032851511,26.938239159001316,26.938239159001316,20.959264126149804,350.54945054945057
618442,2026-06-01,5.978975032851511,27.95663600525624,27.95663600525624,27.95663600525624,21.977660972404728,367.5824175824176
618442,2026-07-01,5.978975032851511,27.95663600525624,28.94218134034165,28.94218134034165,22.96320630749014,384.065934065934
618443,2026-04-01,5.978975032851511,5.978975032851511,25.952693823915897,25.952693823915897,19.973718791064385,334.065934065934
618443,2026-05-01,5.978975032851511,5.978975032851511,26.938239159001316,26.938239159001316,20.959264126149804,350.54945054945057
618443,2026-06-01,5.978975032851511,24.93429697766097,27.95663600525624,27.95663600525624,21.977660972404728,367.5824175824176
618444,2026-04-01,5.978975032851511,5.978975032851511,25.952693823915897,25.952693823915897,19.973718791064385,334.065934065934
618444,2026-05-01,5.978975032851511,5.978975032851511,26.938239159001316,26.938239159001316,20.959264126149804,350.54945054945057
618444,2026-06-01,5.978975032851511,28.94218134034165,27.95663600525624,27.95663600525624,21.977660972404728,367.5824175824176
618445,2026-04-01,29.993429697766096,29.993429697766096,9.986859395532194,29.993429697766132,3.552713678800501e-14,1.1844973097775164e-13
618445,2026-05-01,29.993429697766096,29.993429697766096,10.972404730617608,29.993429697766132,3.552713678800501e-14,1.1844973097775164e-13
618445,2026-06-01,29.993429697766096,29.993429697766096,11.990801576872537,29.993429697766132,3.552713678800501e-14,1.1844973097775164e-13
618445,2026-07-01,29.993429697766096,29.993429697766096,12.976346911957949,29.993429697766132,3.552713678800501e-14,1.1844973097775164e-13
618446,2026-04-01,36.00525624178712,61.00525624178712,59.00131406044678,64.91064388961895,28.90538764783183,80.2810218978103
618446,2026-05-01,36.00525624178712,64.02759526938239,59.98685939553219,64.27726675427074,28.272010512483618,78.5218978102191
618446,2026-06-01,36.00525624178712,64.02759526938239,61.00525624178712,64.8446123521683,28.839356110381175,80.09762773722655
618446,2026-06-01,36.00525624178712,64.02759526938239,61.00525624178712,64.22798948751652,28.2227332457294,78.38503649635064
618446,2026-07-01,36.00525624178712,64.02759526938239,61.990801576872535,64.35052562417881,28.34526938239169,78.72536496350394
618447,2026-04-01,35.972404730617605,62.91064388961892,61.92509855453351,63.98193166885674,28.009526938239134,77.8639269406392
618447,2026-05-01,35.972404730617605,66.95137976346912,62.91064388961892,66.52431011826543,30.551905387647828,84.93150684931507
618447,2026-06-01,35.972404730617605,74.90144546649145,63.92904073587385,70.50657030223387,34.53416557161626,96.0018264840182
618447,2026-06-01,35.972404730617605,74.90144546649145,63.92904073587385,71.33278580814711,35.3603810775295,98.29863013698613
618447,2026-07-01,35.972404730617605,74.90144546649145,64.91458607095926,71.44513797634687,35.472733245729266,98.6109589041095
618448,2026-04-01,35.972404730617605,69.97371879106439,63.96189224704336,70.71123521681996,34.73883048620235,96.57077625570774
618448,2026-05-01,35.972404730617605,71.97766097240472,64.94743758212877,72.32161629434962,36.34921156373202,101.04748858447515
618448,2026-06-01,35.972404730617605,76.93823915900131,65.9658344283837,73.96714848883055,37.99474375821294,105.62191780821937
618448,2026-06-01,35.972404730617605,76.93823915900131,65.9658344283837,75.35512483574252,39.38272010512491,109.48036529680387
618448,2026-07-01,35.972404730617605,76.93823915900131,66.95137976346912,75.71714848883053,39.74474375821293,110.48675799086773
618449,2026-04-01,29.96057818659658,70.99211563731932,65.9658344283837,70.17312746386335,40.212549277266774,134.21820175438603
618449,2026-05-01,29.96057818659658,70.99211563731932,66.95137976346912,70.99704336399475,41.03646517739817,136.968201754386
618449,2026-06-01,29.96057818659658,70.99211563731932,67.96977660972405,71.3324572930355,41.371879106438925,138.08771929824573
618449,2026-06-01,29.96057818659658,70.99211563731932,67.96977660972405,71.50624178712222,41.54566360052564,138.6677631578948
618449,2026-07-01,29.96057818659658,70.99211563731932,68.95532194480946,72.50459921156371,42.54402102496714,141.99999999999997
618450,2026-04-01,18.95532194480946,67.96977660972405,65.9658344283837,69.67115637319324,50.715834428383786,267.554592720971
618450,2026-05-01,18.95532194480946,73.98160315374507,66.95137976346912,73.43758212877788,54.48226018396842,287.4246100519929
618450,2026-06-01,18.95532194480946,73.98160315374507,67.96977660972405,74.26116951379758,55.30584756898813,291.76949740034644
618450,2026-06-01,18.95532194480946,73.98160315374507,67.96977660972405,74.28120893561098,55.32588699080152,291.87521663778136
618450,2026-07-01,18.95532194480946,73.98160315374507,68.95532194480946,74.28088042049927,55.32555847568982,291.8734835355283
618452,2026-04-01,23.98160315374507,30.946123521682,15.965834428383705,29.36793692509853,5.38633377135346,22.46027397260265
618452,2026-05-01,23.98160315374507,30.946123521682,16.95137976346912,30.74770039421808,6.766097240473009,28.21369863013677
618452,2026-06-01,23.98160315374507,30.946123521682,17.969776609724047,30.846911957950002,6.865308804204933,28.627397260273725
618452,2026-06-01,23.98160315374507,30.946123521682,17.969776609724047,30.846911957950002,6.865308804204933,28.627397260273725
618452,2026-07-01,23.98160315374507,30.946123521682,18.95532194480946,30.796977660972342,6.815374507227272,28.419178082191532
618454,2026-04-01,17.969776609724047,45.006570302233904,63.96189224704336,63.96189224704336,45.992115637319316,255.94149908592323
618454,2026-05-01,17.969776609724047,45.006570302233904,64.94743758212877,64.94743758212877,46.97766097240472,261.42595978062155
618454,2026-06-01,17.969776609724047,45.006570302233904,65.9658344283837,65.9658344283837,47.99605781865965,267.09323583180986
618454,2026-07-01,17.969776609724047,45.006570302233904,66.95137976346912,66.95137976346912,48.98160315374507,272.57769652650825
618455,2026-04-01,18.95532194480946,47.99605781865966,66.95137976346912,66.95137976346912,47.996057818659665,253.206239168111
618455,2026-05-01,18.95532194480946,47.99605781865966,67.93692509855452,67.93692509855452,48.98160315374507,258.40554592720974
618455,2026-06-01,18.95532194480946,47.99605781865966,68.95532194480946,68.95532194480946,50.0,263.77816291161184
618455,2026-07-01,18.95532194480946,47.99605781865966,69.94086727989487,69.94086727989487,50.98554533508542,268.97746967071066
618456,2026-04-01,23.98160315374507,45.99211563731932,59.00131406044678,59.00131406044678,35.01971090670171,146.027397260274
618456,2026-05-01,23.98160315374507,45.99211563731932,59.98685939553219,59.98685939553219,36.00525624178712,150.1369863013699
618457,2026-04-01,23.98160315374507,61.990801576872535,59.00131406044678,61.650788436268016,37.669185282522946,157.07534246575324
618457,2026-05-01,23.98160315374507,61.990801576872535,59.98685939553219,61.878120893561054,37.896517739815984,158.0232876712327
618457,2026-06-01,23.98160315374507,63.00919842312746,61.00525624178712,64.23718791064394,40.25558475689887,167.86027397260298
618457,2026-07-01,23.98160315374507,64.02759526938239,61.990801576872535,64.56997371879115,40.58837056504608,169.24794520547982
618458,2026-04-01,30.02628120893561,59.98685939553219,56.99737187910644,59.32752956636009,29.30124835742448,97.58533916849028
618458,2026-05-01,30.02628120893561,59.98685939553219,57.98291721419185,60.4365965834429,30.410315374507288,101.27899343544877
618458,2026-06-01,30.02628120893561,59.98685939553219,59.00131406044678,60.779566360052605,30.753285151116994,102.4212253829323
618458,2026-07-01,30.02628120893561,61.00525624178712,59.98685939553219,59.98685939553219,29.96057818659658,99.781181619256
618459,2026-04-01,20.006570302233904,40.9658344283837,39.98028909329829,42.68659658344287,22.680026281208967,113.36288998357979
618459,2026-05-01,20.006570302233904,45.99211563731932,40.9658344283837,46.53416557161631,26.52759526938241,132.5944170771758
618459,2026-06-01,20.006570302233904,50.03285151116951,41.98423127463863,49.0160972404731,29.009526938239198,145.0000000000002
618459,2026-07-01,20.006570302233904,50.03285151116951,42.96977660972404,48.96254927726679,28.955978975032885,144.73234811165864
618460,2026-04-01,23.98160315374507,53.942181340341655,52.95663600525624,53.83574244415233,29.85413929040726,124.48767123287632
618460,2026-05-01,23.98160315374507,53.942181340341655,53.942181340341655,54.037779237844845,30.056176084099775,125.330136986301
618460,2026-06-01,23.98160315374507,52.95663600525624,54.96057818659658,54.96057818659658,30.97897503285151,129.17808219178082
618462,2026-04-01,23.98160315374507,59.98685939553219,59.00131406044678,59.00131406044678,35.01971090670171,146.027397260274
618462,2026-05-01,23.98160315374507,61.00525624178712,59.98685939553219,60.95302233902754,36.97141918528247,154.16575342465734
618462,2026-06-01,23.98160315374507,61.00525624178712,61.00525624178712,61.173784494086696,37.19218134034163,155.0863013698629
618462,2026-07-01,23.98160315374507,63.00919842312746,61.990801576872535,62.19382391590017,38.2122207621551,159.33972602739743
618463,2026-04-01,22.996057818659654,78.97503285151117,76.97109067017082,77.7250328515112,54.72897503285155,237.99285714285733
618463,2026-05-01,22.996057818659654,79.96057818659658,77.95663600525624,79.19875164257559,56.202693823915936,244.4014285714288
618463,2026-06-01,22.996057818659654,79.96057818659658,78.97503285151117,79.32161629434961,56.32555847568996,244.93571428571465
618463,2026-07-01,22.996057818659654,80.97897503285151,79.96057818659658,79.96057818659658,56.96452036793693,247.71428571428578
618464,2026-04-01,23.98160315374507,52.95663600525624,51.97109067017082,52.946780551905334,28.965177398160264,120.78082191780801
618464,2026-05-01,23.98160315374507,52.95663600525624,52.95663600525624,54.312746386333686,30.331143232588616,126.47671232876678
618465,2026-04-01,23.98160315374507,53.942181340341655,52.95663600525624,53.99080157687244,30.009198423127373,125.13424657534209
618465,2026-05-01,23.98160315374507,53.942181340341655,53.942181340341655,54.23948751642566,30.257884362680592,126.17123287671197
618466,2026-04-01,18.95532194480946,27.003942181340346,19.97371879106439,26.989816031537448,8.034494086727989,42.386481802426346
618466,2026-05-01,18.95532194480946,27.003942181340346,20.9592641261498,27.21714848883048,8.261826544021023,43.58578856152512
618466,2026-06-01,18.95532194480946,27.003942181340346,21.97766097240473,28.396189224704337,9.440867279894878,49.805892547660335
618467,2026-04-01,18.00262812089356,25.98554533508541,23.98160315374507,28.876806833114333,10.874178712220772,60.403284671532894
618467,2026-05-01,18.00262812089356,38.96189224704336,24.967148488830485,35.39586070959268,17.39323258869912,96.61496350364986
618467,2026-06-01,18.00262812089356,38.96189224704336,25.98554533508541,37.90045992115643,19.89783180026287,110.52737226277405
618467,2026-07-01,18.00262812089356,38.96189224704336,26.971090670170828,37.413600525624226,19.410972404730664,107.8229927007302
618468,2026-04-01,24.014454664914584,47.010512483574246,47.010512483574246,47.20926412614978,23.1948094612352,96.58686730506149
618468,2026-05-01,24.014454664914584,47.010512483574246,47.99605781865966,47.99605781865966,23.981603153745073,99.86320109439126
618469,2026-04-01,23.98160315374507,52.923784494086725,49.93429697766097,50.35643889618923,26.374835742444162,109.97945205479458
618469,2026-05-01,23.98160315374507,52.923784494086725,50.91984231274638,52.47930354796326,28.497700394218192,118.83150684931532
618469,2026-06-01,23.98160315374507,52.923784494086725,51.93823915900131,52.788764783180085,28.807161629435015,120.12191780821944
618469,2026-07-01,23.98160315374507,53.942181340341655,52.923784494086725,54.07227332457289,30.09067017082782,125.47397260273958
618470,2026-04-01,17.969776609724047,41.95137976346912,40.9658344283837,42.55946123521682,24.589684625492776,136.83912248628886
618470,2026-05-01,17.969776609724047,42.96977660972404,41.95137976346912,43.22076215505921,25.250985545335165,140.5191956124319
618470,2026-06-01,17.969776609724047,43.95532194480946,42.96977660972404,44.23357424441524,26.26379763469119,146.15539305301644
618470,2026-07-01,17.969776609724047,44.97371879106439,43.95532194480946,44.89421813403421,26.924441524310165,149.8318098720295
618471,2026-04-01,17.969776609724047,42.96977660972404,40.9658344283837,42.806833114323325,24.83705650459928,138.2157221206585
618471,2026-05-01,17.969776609724047,42.96977660972404,41.95137976346912,43.19973718791071,25.229960578186667,140.40219378427827
618471,2026-06-01,17.969776609724047,43.95532194480946,42.96977660972404,44.27003942181339,26.30026281208934,146.3583180987202
618471,2026-07-01,17.969776609724047,44.97371879106439,43.95532194480946,45.21517739816036,27.24540078843631,151.61791590493624
618472,2026-04-01,22.996057818659654,42.96977660972404,40.9658344283837,43.27201051248365,20.275952693823992,88.17142857142892
618472,2026-05-01,22.996057818659654,42.96977660972404,41.95137976346912,44.074244415243136,21.078186596583482,91.66000000000018
618472,2026-06-01,22.996057818659654,43.95532194480946,42.96977660972404,44.59198423127464,21.595926412614983,93.9114285714286
618472,2026-07-01,22.996057818659654,44.97371879106439,43.95532194480946,45.27463863337718,22.278580814717525,96.88000000000024
618473,2026-04-01,29.96057818659658,40.9658344283837,38.96189224704336,41.37023653088048,11.409658344283901,38.08223684210547
618473,2026-05-01,29.96057818659658,40.9658344283837,39.94743758212878,43.25394218134037,13.293363994743789,44.36951754385976
618473,2026-06-01,29.96057818659658,41.95137976346912,40.9658344283837,43.2214191852825,13.260840998685918,44.260964912280635
618473,2026-07-01,29.96057818659658,42.96977660972404,41.95137976346912,43.92936925098561,13.968791064389027,46.62390350877215
618475,2026-04-01,24.014454664914584,39.02759526938239,34.00131406044678,37.78942181340339,13.774967148488809,57.361149110807034
618475,2026-05-01,24.014454664914584,40.01314060446781,34.98685939553219,39.21419185282526,15.199737187910674,63.294117647058954
618475,2026-06-01,24.014454664914584,40.01314060446781,36.00525624178712,39.31471747700397,15.300262812089382,63.71272229822173
618475,2026-07-01,24.014454664914584,40.01314060446781,36.990801576872535,39.61333771353485,15.598883048620262,64.9562243502053
618476,2026-04-01,24.014454664914584,42.96977660972404,41.98423127463863,43.001314060446866,18.98685939553228,79.06429548563648
618476,2026-05-01,24.014454664914584,45.99211563731932,42.96977660972404,44.8455978975033,20.83114323258872,86.74418604651171
618476,2026-06-01,24.014454664914584,45.99211563731932,43.98817345597897,45.69612352168202,21.681668856767434,90.2859097127224
618476,2026-07-01,24.014454664914584,45.99211563731932,44.97371879106439,45.99868593955321,21.984231274638628,91.54582763337892
618477,2026-04-01,24.014454664914584,49.01445466491458,47.010512483574246,48.760183968462464,24.74572930354788,103.04514363885056
618477,2026-05-01,24.014454664914584,49.01445466491458,47.99605781865966,49.091984231274566,25.07752956635998,104.42681258549902
618477,2026-06-01,24.014454664914584,51.01839684625492,49.01445466491458,50.28022339027595,26.265768725361365,109.37482900136798
618477,2026-07-01,24.014454664914584,51.01839684625492,50.0,51.129434954007884,27.1149802890933,112.91108071135432
618478,2026-04-01,24.014454664914584,47.99605781865966,45.006570302233904,47.51445466491454,23.499999999999954,97.8577291381667
618478,2026-05-01,24.014454664914584,47.99605781865966,45.99211563731932,48.187582128777876,24.173127463863292,100.66073871409009
618478,2026-06-01,24.014454664914584,49.01445466491458,47.010512483574246,49.03186596583435,25.017411300919765,104.17647058823498
618478,2026-07-01,24.014454664914584,49.01445466491458,47.99605781865966,49.534494086727925,25.52003942181334,106.269493844049
618479,2026-04-01,22.996057818659654,61.00525624178712,43.98817345597897,54.4047306176084,31.408672798948746,136.58285714285714
618479,2026-05-01,22.996057818659654,63.99474375821288,44.97371879106439,59.94743758212881,36.95137976346916,160.6857142857145
618479,2026-06-01,22.996057818659654,63.99474375821288,45.99211563731932,62.33672798948758,39.34067017082792,171.07571428571458
618479,2026-07-01,22.996057818659654,63.99474375821288,46.97766097240473,62.94743758212882,39.95137976346916,173.73142857142878
618480,2026-04-01,17.969776609724047,31.964520367936924,25.952693823915897,35.29533508541394,17.325558475689892,96.41499085923223
618480,2026-05-01,17.969776609724047,31.964520367936924,26.938239159001316,32.471090670170845,14.501314060446798,80.6983546617917
618480,2026-06-01,17.969776609724047,31.964520367936924,27.95663600525624,36.662943495400796,18.69316688567675,104.02559414990864
618480,2026-07-01,17.969776609724047,31.964520367936924,28.94218134034165,38.32260183968466,20.35282522996061,113.26142595978081
618481,2026-04-01,24.014454664914584,51.01839684625492,45.006570302233904,49.78022339027594,25.765768725361358,107.2927496580027
618481,2026-05-01,24.014454664914584,51.01839684625492,45.99211563731932,50.2220762155059,26.207621550591316,109.13269493844044
618481,2026-06-01,24.014454664914584,51.01839684625492,47.010512483574246,50.511826544021005,26.49737187910642,110.33926128590966
618481,2026-07-01,24.014454664914584,51.01839684625492,47.99605781865966,51.225361366622835,27.21090670170825,113.31053351573178
618482,2026-04-01,23.98160315374507,52.95663600525624,51.97109067017082,52.49014454664909,28.50854139290402,118.87671232876691
618482,2026-05-01,23.98160315374507,53.975032851511166,52.95663600525624,52.95663600525624,28.975032851511173,120.8219178082192
618482,2026-06-01,23.98160315374507,54.96057818659658,53.975032851511166,54.78777923784496,30.80617608409989,128.45753424657545
618482,2026-07-01,23.98160315374507,54.96057818659658,54.96057818659658,55.28252299605784,31.300919842312773,130.5205479452056
618483,2026-04-01,23.98160315374507,51.93823915900131,50.9526938239159,52.076215505913254,28.094612352168184,117.1506849315068
618483,2026-05-01,23.98160315374507,52.95663600525624,51.93823915900131,52.51872536136657,28.5371222076215,118.99589041095871
618483,2026-06-01,23.98160315374507,53.942181340341655,52.95663600525624,53.11333771353472,29.13173455978965,121.47534246575302
618483,2026-07-01,23.98160315374507,53.942181340341655,53.942181340341655,54.31898817345591,30.337385019710837,126.50273972602713
618484,2026-04-01,23.98160315374507,28.97503285151117,51.97109067017082,51.97109067017082,27.989487516425747,116.71232876712327
618484,2026-05-01,23.98160315374507,28.97503285151117,52.95663600525624,52.95663600525624,28.975032851511173,120.8219178082192
618485,2026-04-01,23.98160315374507,26.971090670170828,51.97109067017082,51.97109067017082,27.989487516425747,116.71232876712327
618485,2026-05-01,23.98160315374507,26.971090670170828,52.95663600525624,52.95663600525624,28.975032851511173,120.8219178082192
618486,2026-04-01,24.014454664914584,47.99605781865966,47.010512483574246,48.180354796320565,24.16590013140598,100.63064295485611
618486,2026-05-01,24.014454664914584,49.01445466491458,47.99605781865966,49.0413929040735,25.026938239158913,104.21614227086147
618486,2026-06-01,24.014454664914584,50.0,49.01445466491458,50.23028909329829,26.215834428383705,109.16689466484269
618486,2026-07-01,24.014454664914584,51.01839684625492,50.0,51.12023653088041,27.105781865965827,112.87277701778385
618487,2026-04-01,24.014454664914584,47.010512483574246,45.006570302233904,47.70860709592639,23.694152431011805,98.66621067031456
618487,2026-05-01,24.014454664914584,47.010512483574246,45.99211563731932,47.656044678055174,23.64159001314059,98.44733242134058
618488,2026-04-01,24.014454664914584,24.014454664914584,37.023653088042046,37.023653088042046,13.009198423127462,54.17236662106703
618488,2026-05-01,24.014454664914584,24.014454664914584,38.009198423127465,38.56701708278577,14.552562417871183,60.59917920656619
618488,2026-06-01,24.014454664914584,45.039421813403415,39.02759526938239,48.199080157687234,24.18462549277265,100.70861833105329
618489,2026-04-01,24.014454664914584,55.97897503285151,45.006570302233904,55.343626806833136,31.32917214191855,130.45964432284552
618489,2026-05-01,24.014454664914584,55.97897503285151,45.99211563731932,54.07785808147176,30.063403416557176,125.18878248974015
618489,2026-06-01,24.014454664914584,55.97897503285151,47.010512483574246,55.12089356110382,31.106438896189236,129.53214774281813
618489,2026-07-01,24.014454664914584,55.97897503285151,47.99605781865966,55.5821287779238,31.567674113009215,131.45280437756506
618490,2026-04-01,24.014454664914584,38.042049934296976,45.006570302233904,49.908015768725335,25.89356110381075,107.8248974008207
618490,2026-05-01,24.014454664914584,38.042049934296976,45.99211563731932,45.99211563731932,21.97766097240474,91.51846785225722
618490,2026-06-01,24.014454664914584,47.99605781865966,47.010512483574246,49.126149802890865,25.11169513797628,104.56908344733216
618491,2026-04-01,24.014454664914584,24.014454664914584,40.9658344283837,40.9658344283837,16.951379763469117,70.58823529411764
618491,2026-05-01,24.014454664914584,24.014454664914584,41.95137976346912,41.95137976346912,17.936925098554536,74.69220246238032
618491,2026-06-01,24.014454664914584,48.98160315374507,42.96977660972404,50.24113009198422,26.226675427069633,109.21203830369353
618492,2026-04-01,22.996057818659654,37.023653088042046,26.971090670170828,37.45729303547961,14.461235216819954,62.885714285714215
618492,2026-05-01,22.996057818659654,37.023653088042046,27.95663600525624,37.48685939553217,14.490801576872517,63.01428571428565
618492,2026-06-01,23.98160315374507,27.92378449408673,15.932982917214192,27.735873850197105,3.7542706964520356,15.65479452054794
618492,2026-07-01,23.98160315374507,27.92378449408673,16.918528252299605,27.828515111695125,3.8469119579500557,16.04109589041092
618493,2026-04-01,36.00525624178712,59.00131406044678,36.00525624178712,52.41951379763473,16.414257555847605,45.588503649635136
618493,2026-05-01,36.00525624178712,59.00131406044678,36.990801576872535,54.026609724047354,18.02135348226023,50.05200729927021
618493,2026-06-01,36.00525624178712,59.00131406044678,38.009198423127465,57.305190538764855,21.29993429697773,59.15784671532867
618493,2026-07-01,36.00525624178712,59.00131406044678,38.99474375821288,58.065374507227396,22.060118265440273,61.26916058394178
618494,2026-04-01,24.014454664914584,50.98554533508541,42.96977660972404,49.877135348226076,25.862680683311492,107.69630642954881
618494,2026-05-01,24.014454664914584,50.98554533508541,43.95532194480946,50.21747700394223,26.203022339027644,109.11354309165549
618494,2026-06-01,24.014454664914584,50.98554533508541,44.97371879106439,50.26872536136667,26.254270696452085,109.32694938440513
618494,2026-07-01,24.014454664914584,50.98554533508541,45.959264126149804,48.92739816031534,24.912943495400757,103.74145006839932
618495,2026-04-01,24.014454664914584,44.97371879106439,34.00131406044678,42.64027595269386,18.625821287779278,77.56087551299606
618495,2026-05-01,24.014454664914584,50.0,34.98685939553219,48.8380420499343,24.823587385019717,103.36935704514367
618495,2026-06-01,24.014454664914584,50.0,36.00525624178712,50.299277266754224,26.28482260183964,109.4541723666209
618495,2026-07-01,24.014454664914584,53.02233902759527,36.990801576872535,51.34329829172136,27.328843626806776,113.80164158686708
618496,2026-04-01,24.014454664914584,47.99605781865966,42.96977660972404,48.42904073587385,24.414586070959263,101.66621067031465
618496,2026-05-01,24.014454664914584,47.99605781865966,43.95532194480946,48.201708278580774,24.18725361366619,100.7195622435019
618496,2026-06-01,24.014454664914584,47.99605781865966,44.97371879106439,47.996386333771326,23.981931668856742,99.86456908344724
618496,2026-07-01,24.014454664914584,47.99605781865966,45.959264126149804,48.135019710906654,24.12056504599207,100.4418604651161
618497,2026-04-01,24.014454664914584,39.94743758212878,28.97503285151117,39.661957950065684,15.6475032851511,65.15868673050609
618497,2026-05-01,24.014454664914584,42.96977660972404,29.96057818659658,41.2536136662287,17.239159001314118,71.78659370725059
618497,2026-06-01,24.014454664914584,42.96977660972404,30.97897503285151,39.93298291721421,15.918528252299627,66.28727770177848
618497,2026-07-01,24.014454664914584,42.96977660972404,31.964520367936924,41.781865965834484,17.7674113009199,73.98632010943936
618498,2026-04-01,29.96057818659658,40.9658344283837,40.9658344283837,40.9658344283837,11.00525624178712,36.73245614035087
618498,2026-05-01,29.96057818659658,40.9658344283837,41.95137976346912,41.95137976346912,11.990801576872538,40.02192982456141
618499,2026-04-01,28.94218134034165,38.92904073587385,37.94349540078844,39.10085413929042,10.158672798948768,35.099886492622076
618499,2026-05-01,28.94218134034165,39.94743758212878,38.92904073587385,40.440867279894896,11.498685939553244,39.72985244040872
618499,2026-06-01,28.94218134034165,40.93298291721419,39.94743758212878,39.94743758212878,11.005256241787126,38.02497162315552
618499,2026-07-01,28.94218134034165,41.95137976346912,40.93298291721419,41.735216819973715,12.793035479632064,44.202043132803645
618500,2026-04-01,24.014454664914584,50.0,49.01445466491458,50.43988173455978,26.4254270696452,110.03967168262652
618500,2026-05-01,24.014454664914584,51.01839684625492,50.0,51.483245729303526,27.46879106438894,114.38440492476052
618500,2026-06-01,24.014454664914584,52.00394218134034,51.01839684625492,51.8613666228647,27.846911957950116,115.95896032831759
618500,2026-07-01,24.014454664914584,53.02233902759527,52.00394218134034,54.92542706964523,30.910972404730646,128.71819425444608
618501,2026-04-01,23.98160315374507,51.93823915900131,50.9526938239159,51.40144546649143,27.41984231274636,114.33698630136976
618501,2026-05-01,23.98160315374507,52.95663600525624,51.93823915900131,52.18933420937359,28.20773105562852,117.62237442922361
618502,2026-04-01,23.98160315374507,51.93823915900131,50.9526938239159,51.40144546649143,27.41984231274636,114.33698630136976
618502,2026-05-01,23.98160315374507,52.95663600525624,51.93823915900131,52.18933420937359,28.20773105562852,117.62237442922361
618503,2026-04-01,23.98160315374507,57.98291721419185,56.99737187910644,58.182654402102465,34.201051248357395,142.6136986301369
618503,2026-05-01,23.98160315374507,59.00131406044678,57.98291721419185,58.98083661848452,34.99923346473945,145.9420091324204
618503,2026-06-01,23.98160315374507,59.98685939553219,59.00131406044678,60.06471747700396,36.08311432325889,150.46164383561654
618503,2026-07-01,23.98160315374507,61.00525624178712,59.98685939553219,60.95302233902754,36.97141918528247,154.16575342465734
618504,2026-04-01,23.98160315374507,52.95663600525624,51.97109067017082,53.07818659658339,29.096583442838323,121.32876712328749
618504,2026-05-01,23.98160315374507,53.975032851511166,52.95663600525624,53.85118265440202,29.869579500656947,124.5520547945202
618504,2026-06-01,23.98160315374507,54.96057818659658,53.975032851511166,54.9411957950066,30.95959264126153,129.09726027397275
618504,2026-07-01,23.98160315374507,55.97897503285151,54.96057818659658,55.89618922470435,31.91458607095928,133.07945205479461
618505,2026-04-01,18.00262812089356,42.96977660972404,39.98028909329829,43.29434954007891,25.29172141918535,140.4890510948909
618505,2026-05-01,18.00262812089356,42.96977660972404,40.9658344283837,42.96977660972413,24.967148488830567,138.68613138686177
618505,2026-06-01,18.00262812089356,43.98817345597897,41.98423127463863,44.12582128777924,26.123193166885677,145.10766423357663
618505,2026-07-01,18.00262812089356,43.98817345597897,42.96977660972404,44.71123521681996,26.708607095926396,148.35948905109478
618506,2026-04-01,23.98160315374507,23.98160315374507,11.00525624178712,24.182654402102507,0.20105124835743737,0.8383561643836156
618506,2026-05-01,23.98160315374507,23.98160315374507,11.990801576872537,24.27332457293036,0.29172141918528993,1.2164383561644145
618506,2026-06-01,23.98160315374507,23.98160315374507,13.009198423127463,24.252299605781864,0.2706964520367947,1.1287671232876755
618506,2026-07-01,23.98160315374507,23.98160315374507,13.994743758212875,24.12089356110381,0.13929040735873954,0.5808219178082236
618507,2026-04-01,9.986859395532194,21.97766097240473,19.97371879106439,23.466491458607088,13.479632063074893,134.97368421052624
618507,2026-05-01,9.986859395532194,22.963206307490143,20.9592641261498,23.03153745072271,13.044678055190515,130.61842105263133
618507,2026-06-01,9.986859395532194,22.963206307490143,21.97766097240473,24.186925098554525,14.20006570302233,142.18749999999991
618507,2026-07-01,9.986859395532194,23.98160315374507,22.963206307490143,24.345597897503275,14.35873850197108,143.77631578947359
618508,2026-04-01,23.98160315374507,23.98160315374507,14.947437582128778,24.596583442838376,0.6149802890933067,2.564383561643871
618508,2026-05-01,23.98160315374507,28.94218134034165,15.932982917214192,27.32654402102495,3.344940867279881,13.947945205479396
618508,2026-06-01,23.98160315374507,28.94218134034165,16.95137976346912,27.713863337713516,3.732260183968446,15.56301369863007
618508,2026-07-01,23.98160315374507,28.94218134034165,17.936925098554532,27.93232588699079,3.950722733245719,16.473972602739686
618509,2026-04-01,23.98160315374507,54.96057818659658,53.975032851511166,54.45039421813406,30.468791064388988,127.05068493150698
618509,2026-05-01,23.98160315374507,55.97897503285151,54.96057818659658,55.3531537450723,31.371550591327228,130.81506849315082
618509,2026-06-01,23.98160315374507,55.97897503285151,55.97897503285151,56.54632063074901,32.56471747700394,135.79041095890412
618509,2026-07-01,23.98160315374507,57.98291721419185,56.96452036793692,58.012155059132695,34.030551905387625,141.9027397260273
618511,2026-04-01,11.990801576872537,23.98160315374507,9.986859395532194,19.50558475689881,7.5147831800262725,62.67123287671226
618511,2026-05-01,11.990801576872537,23.98160315374507,10.972404730617608,17.847240473061767,5.85643889618923,48.841095890411005
618511,2026-06-01,23.98160315374507,23.98160315374507,11.990801576872537,24.72568988173457,0.7440867279895009,3.102739726027454
618511,2026-07-01,23.98160315374507,23.98160315374507,12.976346911957949,24.735545335085423,0.7539421813403528,3.1438356164384036
618512,2026-04-01,36.00525624178712,89.94743758212877,85.93955321944809,88.51675427069655,52.51149802890943,145.84397810219005
618512,2026-05-01,36.00525624178712,89.94743758212877,86.9250985545335,89.79402102496724,53.78876478318011,149.39142335766448
618512,2026-06-01,36.00525624178712,91.95137976346912,87.94349540078844,91.15308804204997,55.14783180026285,153.1660583941607
618512,2026-07-01,36.00525624178712,91.95137976346912,88.92904073587384,91.26182654402106,55.25657030223394,153.46806569343073
618513,2026-04-01,24.014454664914584,49.01445466491458,38.96189224704336,49.21714848883043,25.202693823915848,104.94801641586847
618513,2026-05-01,24.014454664914584,49.01445466491458,39.94743758212878,47.90637319316683,23.891918528252244,99.48974008207911
618513,2026-06-01,24.014454664914584,49.01445466491458,40.9658344283837,49.440210249671416,25.425755584756832,105.87688098495185
618513,2026-07-01,24.014454664914584,49.01445466491458,41.95137976346912,49.904402102496654,25.88994743758207,107.80984952120359
618514,2026-04-01,24.014454664914584,47.99605781865966,39.98028909329829,46.5111695137976,22.496714848883013,93.67989056087536
618514,2026-05-01,24.014454664914584,47.99605781865966,40.9658344283837,47.21419185282518,23.199737187910596,96.60738714090267
618514,2026-06-01,24.014454664914584,47.99605781865966,41.98423127463863,47.47437582128775,23.459921156373166,97.6908344733241
618514,2026-07-01,24.014454664914584,47.99605781865966,42.96977660972404,47.1603153745072,23.145860709592615,96.38303693570441
618515,2026-04-01,29.993429697766096,42.96977660972404,41.98423127463863,41.98423127463863,11.990801576872535,39.97809419496166
618515,2026-05-01,29.993429697766096,43.98817345597897,42.96977660972404,43.25328515111697,13.259855453350873,44.20920043811616
618516,2026-04-01,29.993429697766096,49.01445466491458,41.98423127463863,48.033837056504545,18.04040735873845,60.14786418400858
618516,2026-05-01,29.993429697766096,49.01445466491458,42.96977660972404,49.071944809461236,19.07851511169514,63.60898138006572
618516,2026-06-01,29.993429697766096,54.96057818659658,43.98817345597897,53.66590013140609,23.672470433639994,78.92552026286982
618516,2026-07-01,29.993429697766096,54.96057818659658,44.97371879106439,53.54664914586075,23.55321944809465,78.52792990142402
618517,2026-04-01,30.05913272010512,44.053876478318,37.023653088042046,43.62122207621554,13.56208935611042,45.11803278688538
618517,2026-05-01,30.05913272010512,44.053876478318,38.009198423127465,44.35742444152435,14.298291721419233,47.56721311475427
618517,2026-06-01,30.05913272010512,50.0,39.02759526938239,48.37614980289095,18.31701708278583,60.93661202185802
618517,2026-07-01,30.05913272010512,50.0,40.01314060446781,48.50919842312747,18.450065703022354,61.37923497267765
618518,2026-04-01,29.96057818659658,103.97503285151116,98.94875164257556,102.81471747700384,72.85413929040726,243.16666666666634
618518,2026-05-01,29.96057818659658,103.97503285151116,99.93429697766096,103.71320630749005,73.75262812089348,246.16557017543835
618518,2026-06-01,29.96057818659658,103.97503285151116,100.9526938239159,104.10446780551898,74.1438896189224,247.47149122806997
618518,2026-07-01,29.96057818659658,106.96452036793691,101.93823915900133,105.75689881734556,75.79632063074898,252.98684210526307
618519,2026-04-01,24.014454664914584,40.04599211563732,35.019710906701704,43.57457293035479,19.560118265440206,81.45143638850888
618519,2026-05-01,24.014454664914584,43.03547963206307,36.00525624178712,38.71813403416556,14.703679369250974,61.228454172366575
618519,2026-06-01,24.014454664914584,43.03547963206307,37.023653088042046,42.179040735873826,18.164586070959242,75.64021887824889
618519,2026-07-01,24.014454664914584,43.03547963206307,38.009198423127465,42.578515111695104,18.56406044678052,77.3036935704513
618520,2026-04-01,23.98160315374507,61.990801576872535,59.98685939553219,60.98587385019706,37.00427069645199,154.30273972602723
618520,2026-05-01,23.98160315374507,62.97634691195795,60.972404730617605,62.442509855453366,38.460906701708296,160.3767123287672
618520,2026-06-01,23.98160315374507,63.99474375821288,61.990801576872535,63.64126149802897,39.6596583442839,165.3753424657537
618520,2026-07-01,23.98160315374507,65.01314060446781,62.97634691195795,64.41655716162938,40.434954007884315,168.608219178082
618521,2026-04-01,24.014454664914584,86.9250985545335,85.93955321944809,86.712220762155,62.69776609724042,261.08344733242114
618521,2026-05-01,24.014454664914584,87.94349540078844,86.9250985545335,88.37877792378447,64.36432325886989,268.0232558139534
618521,2026-06-01,24.014454664914584,88.92904073587384,87.94349540078844,89.38239159001316,65.36793692509858,272.2024623803011
618521,2026-07-01,24.014454664914584,89.94743758212877,88.92904073587384,91.51248357424441,67.49802890932983,281.0725034199727
618522,2026-04-01,20.9592641261498,25.0,14.947437582128778,25.25459921156373,4.295335085413928,20.493730407523508
618522,2026-05-01,20.9592641261498,25.919842312746383,15.932982917214192,26.11432325886989,5.1550591327200905,24.59561128526639
618522,2026-06-01,20.9592641261498,25.919842312746383,16.95137976346912,28.775295663600517,7.816031537450716,37.29153605015671
618522,2026-07-01,20.9592641261498,25.919842312746383,17.936925098554532,29.28679369250986,8.32752956636006,39.73197492163013
618523,2026-04-01,30.05913272010512,92.04993429697764,85.0197109067017,91.48324572930358,61.42411300919846,204.34426229508213
618523,2026-05-01,30.05913272010512,92.04993429697764,86.00525624178712,90.41852825229968,60.35939553219456,200.80218579235006
618523,2026-06-01,30.05913272010512,92.04993429697764,87.02365308804205,91.80519053876486,61.74605781865974,205.41530054644844
618523,2026-07-01,30.05913272010512,92.04993429697764,88.00919842312746,91.79862023653094,61.73948751642582,205.39344262295108
618524,2026-04-01,23.98160315374507,23.98160315374507,13.009198423127463,24.648488830486205,0.6668856767411349,2.7808219178082396
618524,2026-05-01,23.98160315374507,29.00788436268068,13.994743758212875,27.831800262812088,3.850197109067018,16.05479452054795
618524,2026-06-01,23.98160315374507,29.00788436268068,15.013140604467806,28.424441524310105,4.442838370565035,18.52602739726023
618524,2026-07-01,23.98160315374507,29.00788436268068,15.99868593955322,29.455321944809448,5.473718791064378,22.824657534246533
618525,2026-04-01,23.98160315374507,23.98160315374507,5.978975032851511,23.981603153745088,1.7763568394002505e-14,7.407164683745702e-14
618525,2026-05-01,23.98160315374507,23.98160315374507,6.964520367936925,23.981603153745088,1.7763568394002505e-14,7.407164683745702e-14
618525,2026-06-01,23.98160315374507,23.98160315374507,7.982917214191852,23.981603153745088,1.7763568394002505e-14,7.407164683745702e-14
618525,2026-07-01,23.98160315374507,23.98160315374507,8.968462549277266,23.981603153745088,1.7763568394002505e-14,7.407164683745702e-14
618526,2026-04-01,17.969776609724047,75.9526938239159,74.96714848883049,76.5637319316689,58.59395532194485,326.0694698354664
618526,2026-05-01,17.969776609724047,78.97503285151117,75.9526938239159,77.28909329829172,59.31931668856767,330.10603290676414
618526,2026-06-01,17.969776609724047,78.97503285151117,76.97109067017082,78.74835742444144,60.77858081471739,338.22669104204704
618526,2026-07-01,17.969776609724047,78.97503285151117,77.95663600525624,79.04730617608404,61.077529566359985,339.89031078610566
618527,2026-04-01,30.02628120893561,57.98291721419185,56.99737187910644,57.67049934296977,27.64421813403416,92.06673960612689
618527,2026-05-01,30.02628120893561,59.00131406044678,57.98291721419185,57.98291721419185,27.95663600525624,93.10722100656454
618529,2026-04-01,36.00525624178712,91.95137976346912,85.93955321944809,87.16721419185288,51.161957950065755,142.09580291970818
618529,2026-05-01,36.00525624178712,91.95137976346912,86.9250985545335,88.6330486202366,52.62779237844947,146.16697080291988
618529,2026-06-01,36.00525624178712,91.95137976346912,87.94349540078844,91.08114323258872,55.07588699080159,152.96624087591243
618529,2026-07-01,36.00525624178712,91.95137976346912,88.92904073587384,91.47174770039425,55.46649145860712,154.05109489051102
618530,2026-04-01,29.96057818659658,176.9710906701708,174.96714848883047,176.87089356110388,146.9103153745073,490.34539473684237
618530,2026-05-01,29.96057818659658,176.9710906701708,175.9526938239159,177.43068331143238,147.47010512483578,492.21381578947387
618530,2026-06-01,29.96057818659658,177.95663600525623,176.9710906701708,176.9710906701708,147.01051248357422,490.6798245614034
618530,2026-07-01,29.96057818659658,178.97503285151117,177.95663600525623,179.2049934296977,149.24441524310112,498.1359649122805
618531,2026-04-01,23.98160315374507,23.98160315374507,15.965834428383705,24.59198423127464,0.6103810775295706,2.545205479452073
618531,2026-05-01,23.98160315374507,23.98160315374507,16.95137976346912,25.134034165571617,1.1524310118265468,4.805479452054807
618531,2026-06-01,23.98160315374507,23.98160315374507,17.969776609724047,25.045006570302245,1.0634034165571755,4.434246575342525
618531,2026-07-01,23.98160315374507,23.98160315374507,18.95532194480946,25.2030223390276,1.2214191852825316,5.093150684931543
618532,2026-04-01,24.014454664914584,50.0,49.01445466491458,50.178712220762165,26.16425755584758,108.95212038303698
618532,2026-05-01,24.014454664914584,50.0,50.0,51.45893561103811,27.444480946123523,114.28317373461014
618533,2026-04-01,29.0407358738502,144.9737187910644,143.98817345597897,147.29204993429715,118.25131406044696,407.1911764705888
618533,2026-05-01,29.0407358738502,147.99605781865966,144.9737187910644,147.56406044678081,118.52332457293062,408.1278280542995
618533,2026-06-01,29.0407358738502,147.99605781865966,145.9921156373193,147.6429040735876,118.6021681997374,408.399321266969
618533,2026-07-01,29.0407358738502,147.99605781865966,146.97766097240472,148.79632063074916,119.75558475689897,412.3710407239824
618534,2026-05-01,29.96057818659658,5.946123521681997,2.923784494086728,13.630420499342979,0.0,0.0
618534,2026-06-01,29.96057818659658,29.96057818659658,3.942181340341656,26.35808147174772,0.0,0.0
618534,2026-07-01,29.96057818659658,29.96057818659658,4.92772667542707,28.039093298291743,0.0,0.0
618535,2026-04-01,29.96057818659658,29.96057818659658,6.964520367936925,29.061760840998712,0.0,0.0
618535,2026-05-01,29.96057818659658,29.96057818659658,7.950065703022338,29.000985545335105,0.0,0.0
618535,2026-06-01,29.96057818659658,29.96057818659658,8.968462549277266,30.02036793692513,0.05978975032854805,0.19956140350888188
618535,2026-07-01,29.96057818659658,29.96057818659658,9.95400788436268,29.95959264126153,0.0,0.0
618536,2026-04-01,29.96057818659658,29.96057818659658,15.965834428383705,30.01018396846258,0.04960578186599918,0.16557017543870778
618536,2026-05-01,29.96057818659658,29.96057818659658,16.95137976346912,30.01018396846258,0.04960578186599918,0.16557017543870778
618536,2026-06-01,29.96057818659658,29.96057818659658,17.969776609724047,29.96024967148492,0.0,0.0
618536,2026-07-01,29.96057818659658,29.96057818659658,18.95532194480946,30.031208935611073,0.07063074901449085,0.2357456140352085
618537,2026-04-01,29.993429697766096,29.993429697766096,27.989487516425758,37.54369250985542,7.550262812089322,25.173055859802734
618537,2026-05-01,29.993429697766096,38.042049934296976,28.97503285151117,37.88436268068326,7.890932982917164,26.30887185104036
618537,2026-06-01,29.993429697766096,38.042049934296976,29.993429697766096,38.54566360052554,8.552233902759447,28.513691128148693
618537,2026-07-01,29.993429697766096,38.042049934296976,30.97897503285151,38.25459921156366,8.261169513797562,27.54326396495047
618538,2026-04-01,29.927726675427067,29.927726675427067,14.947437582128778,30.17509855453349,0.24737187910642433,0.8265642151481403
618538,2026-05-01,29.927726675427067,29.927726675427067,15.932982917214192,30.26248357424439,0.3347568988173215,1.1185510428100185
618538,2026-06-01,29.927726675427067,29.927726675427067,16.95137976346912,29.927726675427042,0.0,0.0
618538,2026-07-01,29.927726675427067,29.927726675427067,17.936925098554532,29.90801576872533,0.0,0.0
618539,2026-04-01,30.02628120893561,30.02628120893561,13.009198423127463,30.265440210249626,0.23915900131401457,0.7964989059079435
618539,2026-05-01,30.02628120893561,30.02628120893561,13.994743758212875,30.265440210249626,0.23915900131401457,0.7964989059079435
618539,2026-06-01,30.02628120893561,30.02628120893561,15.013140604467806,30.026281208935565,0.0,0.0
618539,2026-07-01,30.02628120893561,30.02628120893561,15.99868593955322,30.026281208935565,0.0,0.0
618540,2026-04-01,22.963206307490143,28.97503285151117,4.960578186596584,27.73324572930349,4.7700394218133475,20.77253218884096
618540,2026-05-01,22.963206307490143,28.97503285151117,5.946123521681997,27.873850197109007,4.910643889618864,21.38483547925583
618540,2026-06-01,22.963206307490143,28.97503285151117,6.964520367936925,27.773981603153683,4.8107752956635395,20.94992846924151
618540,2026-07-01,22.963206307490143,28.97503285151117,7.950065703022338,27.164914586070907,4.201708278580764,18.297567954220096
618541,2026-04-01,30.02628120893561,58.96846254927726,55.97897503285151,61.13074901445465,31.10446780551904,103.59080962800871
618541,2026-05-01,30.02628120893561,61.990801576872535,56.96452036793692,61.97766097240467,31.95137976346906,106.41137855579849
618541,2026-06-01,30.02628120893561,61.990801576872535,57.98291721419185,62.008869908015704,31.982588699080093,106.51531728665186
618541,2026-07-01,30.02628120893561,61.990801576872535,58.96846254927726,62.06865965834424,32.04237844940863,106.71444201312896
618542,2026-05-01,24.014454664914584,24.014454664914584,0.0,23.843955321944822,0.0,0.0
618542,2026-06-01,24.014454664914584,24.014454664914584,1.0183968462549278,24.01445466491459,7.105427357601002e-15,2.9588127054086796e-14
618542,2026-07-01,24.014454664914584,24.014454664914584,2.0039421813403417,24.074244415243108,0.059789750328523183,0.24897400820796797
618543,2026-04-01,36.00525624178712,63.99474375821288,43.98817345597897,57.793363994743785,21.788107752956662,60.51368613138693
618543,2026-05-01,36.00525624178712,63.99474375821288,44.97371879106439,61.19875164257564,25.193495400788514,69.97171532846737
618543,2026-06-01,36.00525624178712,63.99474375821288,45.99211563731932,62.116622864651816,26.111366622864693,72.52098540145997
618543,2026-07-01,36.00525624178712,63.99474375821288,46.97766097240473,62.37943495400791,26.37417871222079,73.25091240875919
618544,2026-04-01,27.95663600525624,53.942181340341655,49.93429697766097,53.907687253613595,25.951051248357356,92.82608695652151
618544,2026-05-01,27.95663600525624,54.96057818659658,50.91984231274638,54.74047306176086,26.78383705650462,95.80493537015285
618544,2026-06-01,27.95663600525624,54.96057818659658,51.93823915900131,54.63666228646522,26.680026281208978,95.4336075205642
618544,2026-07-01,27.95663600525624,54.96057818659658,52.923784494086725,55.32752956636009,27.370893561103852,97.90481786133975
618545,2026-04-01,29.96057818659658,63.92904073587385,49.93429697766097,62.5206964520368,32.560118265440224,108.67653508771934
618545,2026-05-01,29.96057818659658,63.92904073587385,50.91984231274638,63.38567674113011,33.425098554533534,111.56359649122815
618545,2026-06-01,29.96057818659658,63.92904073587385,51.93823915900131,63.41524310118269,33.454664914586104,111.6622807017545
618545,2026-07-01,29.96057818659658,63.92904073587385,52.923784494086725,64.07851511169515,34.117936925098576,113.87609649122814
618547,2026-04-01,29.993429697766096,39.98028909329829,27.989487516425758,38.82358738501971,8.83015768725361,29.440306681270528
618547,2026-05-01,29.993429697766096,41.98423127463863,28.97503285151117,40.46747700394219,10.474047306176097,34.92113910186204
618547,2026-06-01,29.993429697766096,41.98423127463863,29.993429697766096,40.95499342969779,10.96156373193169,36.54654983570653
618547,2026-07-01,29.993429697766096,41.98423127463863,30.97897503285151,35.63403416557159,5.640604467805495,18.806133625410656
618549,2026-04-01,24.014454664914584,42.01708278580814,34.00131406044678,40.92509855453355,16.910643889618964,70.41860465116297
618549,2026-05-01,24.014454664914584,42.01708278580814,34.98685939553219,41.68561103810778,17.671156373193195,73.5854993160056
618549,2026-06-01,24.014454664914584,42.01708278580814,36.00525624178712,41.51379763469121,17.499342969776624,72.87004103967175
618549,2026-07-01,24.014454664914584,42.01708278580814,36.990801576872535,42.13534822601842,18.120893561103838,75.45827633378944
618550,2026-04-01,18.00262812089356,45.006570302233904,39.98028909329829,45.54894875164253,27.546320630748966,153.01277372262746
618550,2026-05-01,18.00262812089356,47.99605781865966,40.9658344283837,47.11399474375817,29.111366622864608,161.7062043795618
618550,2026-06-01,18.00262812089356,47.99605781865966,41.98423127463863,47.514454664914545,29.511826544020984,163.93065693430634
618550,2026-07-01,18.00262812089356,47.99605781865966,42.96977660972404,47.64191852825226,29.6392904073587,164.63868613138666
618551,2026-04-01,23.98160315374507,23.98160315374507,9.00131406044678,24.0617608409987,0.0801576872536316,0.33424657534254054
618551,2026-05-01,23.98160315374507,23.98160315374507,9.986859395532194,24.0617608409987,0.0801576872536316,0.33424657534254054
618551,2026-06-01,23.98160315374507,23.98160315374507,11.00525624178712,23.952036793692514,0.0,0.0
618551,2026-07-01,23.98160315374507,23.98160315374507,11.990801576872537,24.31865965834429,0.33705650459922154,1.4054794520548362
618552,2026-04-01,24.014454664914584,52.95663600525624,38.96189224704336,49.83048620236529,25.81603153745071,107.5020519835841
618552,2026-05-01,24.014454664914584,52.95663600525624,39.94743758212878,51.666885676741096,27.65243101182651,115.1491108071134
618552,2026-06-01,24.014454664914584,52.95663600525624,40.9658344283837,52.19612352168197,28.181668856767384,117.35294117647048
618552,2026-07-01,24.014454664914584,52.95663600525624,41.95137976346912,52.39487516425753,28.380420499342943,118.18057455540345
618553,2026-04-01,24.014454664914584,38.92904073587385,37.94349540078844,38.44316688567675,14.428712220762169,60.0834473324214
618553,2026-05-01,24.014454664914584,40.93298291721419,38.92904073587385,39.172798948751684,15.1583442838371,63.121751025991976
618554,2026-04-01,18.068331143232587,39.02759526938239,37.023653088042046,39.22568988173453,21.157358738501944,117.09636363636349
618554,2026-05-01,18.068331143232587,41.03153745072273,38.009198423127465,40.811103810775265,22.742772667542678,125.87090909090894
618554,2026-06-01,18.068331143232587,41.03153745072273,39.02759526938239,41.17017082785808,23.101839684625492,127.85818181818183
618554,2026-07-01,18.068331143232587,41.03153745072273,40.01314060446781,41.80124835742445,23.73291721419186,131.35090909090914
618556,2026-04-01,23.98160315374507,27.003942181340346,25.0,26.999014454664913,3.017411300919843,12.582191780821923
618556,2026-05-01,23.98160315374507,27.003942181340346,25.98554533508541,27.310446780551903,3.328843626806833,13.88082191780822
618556,2026-06-01,23.98160315374507,27.989487516425758,27.003942181340346,28.370236530880444,4.388633377135374,18.30000000000011
618556,2026-07-01,23.98160315374507,29.00788436268068,27.989487516425758,29.27332457293034,5.291721419185269,22.065753424657476
618557,2026-04-01,35.019710906701704,36.00525624178712,33.01576872536137,35.690867279894896,0.6711563731931918,1.9165103189494146
618557,2026-05-01,35.019710906701704,36.00525624178712,34.00131406044678,36.22470433639951,1.204993429697808,3.440900562851902
618557,2026-06-01,35.019710906701704,36.00525624178712,35.019710906701704,36.712877792378464,1.69316688567676,4.8348968105066215
618557,2026-07-01,35.019710906701704,38.042049934296976,36.00525624178712,37.87779237844936,2.858081471747653,8.161350844277539
618558,2026-04-01,24.014454664914584,41.95137976346912,38.96189224704336,43.94316688567671,19.928712220762126,82.986320109439
618558,2026-05-01,24.014454664914584,41.95137976346912,39.94743758212878,43.39717477003939,19.382720105124807,80.71272229822151
618558,2026-06-01,24.014454664914584,49.93429697766097,40.9658344283837,51.45236530880416,27.437910643889577,114.2558139534882
618559,2026-04-01,22.996057818659654,43.98817345597897,43.98817345597897,45.681011826544,22.684954007884347,98.64714285714281
618559,2026-05-01,22.996057818659654,43.98817345597897,44.97371879106439,46.73127463863336,23.735216819973704,103.21428571428568
618559,2026-06-01,22.996057818659654,52.00394218134034,45.99211563731932,53.34954007884367,30.353482260184013,131.99428571428592
618560,2026-04-01,18.068331143232587,18.068331143232587,37.023653088042046,37.023653088042046,18.95532194480946,104.9090909090909
618560,2026-05-01,18.068331143232587,18.068331143232587,38.009198423127465,38.009198423127465,19.940867279894878,110.3636363636364
618560,2026-06-01,18.068331143232587,42.04993429697766,39.02759526938239,41.42608409986867,23.35775295663608,129.2745454545459
618561,2026-04-01,36.00525624178712,36.00525624178712,13.009198423127463,36.305190538764826,0.29993429697770324,0.8330291970804093
618561,2026-05-01,36.00525624178712,36.00525624178712,13.994743758212875,36.305190538764826,0.29993429697770324,0.8330291970804093
618561,2026-06-01,36.00525624178712,36.00525624178712,15.013140604467806,36.28449408672803,0.27923784494090853,0.775547445255589
618561,2026-07-01,36.00525624178712,36.00525624178712,15.99868593955322,36.28318002628125,0.2779237844941278,0.7718978102190922
618562,2026-04-01,30.05913272010512,30.05913272010512,236.9908015768725,236.9908015768725,206.9316688567674,688.4153005464482
618562,2026-05-01,30.05913272010512,30.05913272010512,237.97634691195796,237.97634691195796,207.91721419185285,691.6939890710385
618563,2026-04-01,23.98160315374507,75.0,72.99605781865965,74.7378449408673,50.756241787122235,211.6465753424659
618563,2026-05-01,23.98160315374507,75.0,73.98160315374507,75.18758212877793,51.20597897503286,213.52191780821923
618563,2026-06-01,23.98160315374507,75.9855453350854,75.0,75.95926412614989,51.97766097240482,216.73972602739764
618563,2026-07-01,23.98160315374507,77.00394218134034,75.9855453350854,76.6695137976346,52.68791064388952,219.70136986301333
618564,2026-04-01,24.014454664914584,37.023653088042046,27.989487516425758,37.77496714848882,13.760512483574235,57.30095759233923
618564,2026-05-01,24.014454664914584,38.96189224704336,28.97503285151117,37.82752956636007,13.813074901445486,57.51983584131335
618564,2026-06-01,24.014454664914584,38.96189224704336,29.993429697766096,38.96681997371885,14.952365308804264,62.26402188782515
618564,2026-07-01,24.014454664914584,38.96189224704336,30.97897503285151,39.18659658344291,15.172141918528329,63.17920656634779
618565,2026-04-01,17.969776609724047,22.996057818659654,30.97897503285151,30.97897503285151,13.009198423127462,72.39488117001827
618565,2026-05-01,17.969776609724047,22.996057818659654,31.964520367936924,31.964520367936924,13.994743758212877,77.87934186471664
618566,2026-04-01,24.014454664914584,36.00525624178712,26.971090670170828,35.67904073587388,11.664586070959299,48.57318741450083
618566,2026-05-01,24.014454664914584,36.00525624178712,27.95663600525624,35.6429040735874,11.628449408672818,48.422708618331136
618566,2026-06-01,24.014454664914584,36.00525624178712,28.97503285151117,36.51806833114326,12.503613666228677,52.06703146374843
618566,2026-07-01,24.014454664914584,36.00525624178712,29.96057818659658,36.537122207621564,12.52266754270698,52.14637482900144
618567,2026-04-01,30.02628120893561,30.02628120893561,9.00131406044678,30.026281208935565,0.0,0.0
618567,2026-05-01,30.02628120893561,30.02628120893561,9.986859395532194,30.026281208935565,0.0,0.0
618567,2026-06-01,30.02628120893561,30.02628120893561,11.00525624178712,30.026281208935565,0.0,0.0
618567,2026-07-01,30.02628120893561,30.02628120893561,11.990801576872537,30.026281208935565,0.0,0.0
618568,2026-04-01,30.02628120893561,30.02628120893561,13.009198423127463,30.026281208935565,0.0,0.0
618568,2026-05-01,30.02628120893561,30.02628120893561,13.994743758212875,30.026281208935565,0.0,0.0
618568,2026-06-01,30.02628120893561,30.02628120893561,15.013140604467806,30.026281208935565,0.0,0.0
618568,2026-07-01,30.02628120893561,30.02628120893561,15.99868593955322,30.025624178712178,0.0,0.0
618569,2026-04-01,18.035479632063076,53.02233902759527,45.006570302233904,51.61432325886985,33.57884362680677,186.18214936247688
618569,2026-05-01,18.035479632063076,55.059132720105126,45.99211563731932,52.90440210249674,34.86892247043366,193.3351548269582
618569,2026-06-01,18.035479632063076,55.059132720105126,47.010512483574246,55.53810775295662,37.50262812089355,207.93806921675767
618570,2026-04-01,29.0407358738502,49.01445466491458,49.01445466491458,49.51806833114321,20.477332457293013,70.51244343891395
618570,2026-05-01,29.0407358738502,49.01445466491458,50.0,50.0,20.9592641261498,72.17194570135746
618571,2026-04-01,24.014454664914584,30.97897503285151,27.989487516425758,31.23127463863333,7.216819973718746,30.051983584131143
618571,2026-05-01,24.014454664914584,34.00131406044678,28.97503285151117,33.63841436706091,9.623959702146326,40.07569539443696
618571,2026-06-01,24.014454664914584,34.00131406044678,29.993429697766096,34.12910643889623,10.114651773981645,42.11901504787979
618571,2026-07-01,24.014454664914584,36.00525624178712,30.97897503285151,35.069645203679386,11.055190538764801,46.035567715458356
618572,2026-04-01,23.98160315374507,23.98160315374507,4.960578186596584,23.982260183968478,0.0006570302234081282,0.002739726027471702
618572,2026-05-01,23.98160315374507,23.98160315374507,5.946123521681997,23.981603153745088,1.7763568394002505e-14,7.407164683745702e-14
618572,2026-06-01,23.98160315374507,23.98160315374507,6.964520367936925,23.981603153745088,1.7763568394002505e-14,7.407164683745702e-14
618572,2026-07-01,23.98160315374507,23.98160315374507,7.950065703022338,23.981603153745088,1.7763568394002505e-14,7.407164683745702e-14
618574,2026-04-01,29.96057818659658,29.96057818659658,15.965834428383705,30.229960578186624,0.2693823915900424,0.8991228070176416
618574,2026-05-01,29.96057818659658,29.96057818659658,16.95137976346912,30.471090670170856,0.5105124835742743,1.7039473684211524
618574,2026-06-01,29.96057818659658,29.96057818659658,17.969776609724047,29.94021024967152,0.0,0.0
618574,2026-07-01,29.96057818659658,29.96057818659658,18.95532194480946,29.939881734559822,0.0,0.0
618576,2026-04-01,18.00262812089356,18.00262812089356,39.98028909329829,39.98028909329829,21.977660972404728,122.0802919708029
618576,2026-05-01,18.00262812089356,18.00262812089356,40.9658344283837,40.9658344283837,22.96320630749014,127.55474452554742
618577,2026-04-01,24.014454664914584,89.94743758212877,88.96189224704337,88.96189224704337,64.94743758212879,270.4514363885089
618577,2026-05-01,24.014454664914584,90.9658344283837,89.94743758212877,89.94743758212877,65.93298291721419,274.5554035567716
618577,2026-06-01,24.014454664914584,65.9658344283837,90.9658344283837,90.9658344283837,66.95137976346912,278.79616963064296
618578,2026-04-01,29.96057818659658,51.93823915900131,50.9526938239159,51.939553219448065,21.978975032851483,73.35964912280693
618578,2026-05-01,29.96057818659658,52.95663600525624,51.93823915900131,53.16721419185279,23.20663600525621,77.45723684210517
618579,2026-04-01,29.96057818659658,87.94349540078844,86.95795006570302,86.95795006570302,56.99737187910644,190.24122807017545
618579,2026-05-01,29.96057818659658,88.96189224704337,87.94349540078844,88.791064388962,58.83048620236542,196.3596491228074
618579,2026-06-01,29.96057818659658,89.94743758212877,88.96189224704337,89.9434954007885,59.98291721419193,200.20614035087746
618579,2026-07-01,29.96057818659658,90.9658344283837,89.94743758212877,90.62253613666222,60.66195795006564,202.47258771929805
618580,2026-04-01,23.98160315374507,69.97371879106439,68.98817345597897,70.07161629434951,46.09001314060444,192.18904109589033
618580,2026-05-01,23.98160315374507,70.99211563731932,69.97371879106439,70.92345597897507,46.94185282523,195.74109589041115
618580,2026-06-01,23.98160315374507,71.97766097240472,70.99211563731932,71.99868593955334,48.01708278580827,200.2246575342471
618580,2026-07-01,23.98160315374507,71.97766097240472,71.97766097240472,72.60118265440218,48.61957950065711,202.7369863013702
618581,2026-04-01,24.014454664914584,44.97371879106439,41.98423127463863,45.64914586070963,21.634691195795046,90.09028727770195
618581,2026-05-01,24.014454664914584,44.97371879106439,42.96977660972404,46.5013140604468,22.486859395532218,93.638850889193
618581,2026-06-01,24.014454664914584,51.01839684625492,43.98817345597897,50.30913272010512,26.294678055190534,109.49521203830368
618581,2026-07-01,24.014454664914584,51.01839684625492,44.97371879106439,50.033508541392884,26.0190538764783,108.34746922024617
618582,2026-04-01,23.98160315374507,23.98160315374507,50.9526938239159,50.9526938239159,26.97109067017083,112.46575342465756
618582,2026-05-01,23.98160315374507,23.98160315374507,51.93823915900131,51.93823915900131,27.956636005256243,116.57534246575345
618583,2026-04-01,23.98160315374507,27.95663600525624,50.9526938239159,50.9526938239159,26.97109067017083,112.46575342465756
618583,2026-05-01,23.98160315374507,27.95663600525624,51.93823915900131,51.93823915900131,27.956636005256243,116.57534246575345
618584,2026-04-01,23.98160315374507,23.98160315374507,3.975032851511169,23.981603153745088,1.7763568394002505e-14,7.407164683745702e-14
618584,2026-05-01,23.98160315374507,23.98160315374507,4.960578186596584,23.751787122207634,0.0,0.0
618584,2026-06-01,23.98160315374507,23.98160315374507,5.978975032851511,23.981603153745088,1.7763568394002505e-14,7.407164683745702e-14
618584,2026-07-01,23.98160315374507,23.98160315374507,6.964520367936925,23.981603153745088,1.7763568394002505e-14,7.407164683745702e-14
618585,2026-04-01,29.96057818659658,36.990801576872535,17.969776609724047,35.50229960578185,5.541721419185269,18.496710526315745
618585,2026-05-01,29.96057818659658,36.990801576872535,18.95532194480946,36.01544021024964,6.054862023653062,20.20942982456132
618585,2026-06-01,29.96057818659658,36.990801576872535,19.97371879106439,36.77890932982914,6.818331143232559,22.757675438596394
618585,2026-07-01,29.96057818659658,36.990801576872535,20.9592641261498,36.41787122207618,6.457293035479598,21.552631578947256
618586,2026-04-01,11.990801576872537,11.990801576872537,9.986859395532194,16.048948751642573,4.058147174770037,33.843835616438334
618586,2026-05-01,11.990801576872537,13.994743758212875,10.972404730617608,15.411629434954008,3.4208278580814717,28.52876712328767
618586,2026-06-01,11.990801576872537,13.994743758212875,11.990801576872537,14.300919842312759,2.310118265440222,19.265753424657632
618586,2026-07-01,11.990801576872537,13.994743758212875,12.976346911957949,14.142904073587395,2.1521024967148588,17.947945205479535
618588,2026-04-01,23.98160315374507,53.942181340341655,52.95663600525624,53.96747700394209,29.985873850197024,125.03698630136952
618588,2026-05-01,23.98160315374507,54.96057818659658,53.942181340341655,54.816360052562416,30.834756898817346,128.57671232876714
618588,2026-06-01,23.98160315374507,55.946123521682,54.96057818659658,55.953022339027584,31.971419185282514,133.31643835616435
618588,2026-07-01,23.98160315374507,56.96452036793692,55.946123521682,57.07358738501971,33.09198423127464,137.9890410958904
618589,2026-04-01,24.014454664914584,34.00131406044678,33.01576872536137,36.33672798948756,12.322273324572972,51.31190150478814
618589,2026-05-01,24.014454664914584,43.98817345597897,34.00131406044678,42.28975032851511,18.275295663600527,76.10123119015049
618589,2026-06-01,24.014454664914584,43.98817345597897,35.019710906701704,44.4799605781866,20.465505913272015,85.2216142270862
618589,2026-07-01,24.014454664914584,43.98817345597897,36.00525624178712,44.23817345597897,20.22371879106439,84.21477428180575
618590,2026-04-01,22.996057818659654,42.01708278580814,34.00131406044678,37.44021024967149,14.444152431011833,62.81142857142861
618590,2026-05-01,22.996057818659654,44.97371879106439,34.98685939553219,41.24540078843629,18.249342969776638,79.35857142857157
618590,2026-06-01,22.996057818659654,44.97371879106439,36.00525624178712,44.81734559789755,21.821287779237895,94.8914285714288
618590,2026-07-01,22.996057818659654,44.97371879106439,36.990801576872535,44.28975032851515,21.293692509855493,92.59714285714304
618591,2026-04-01,29.993429697766096,29.993429697766096,21.97766097240473,31.44185282522999,1.4484231274638937,4.829134720701087
618591,2026-05-01,29.993429697766096,29.993429697766096,22.963206307490143,33.92805519053878,3.934625492772682,13.118291347207059
618591,2026-06-01,29.993429697766096,29.993429697766096,23.98160315374507,31.13074901445469,1.1373193166885933,3.791894852135902
618591,2026-07-01,29.993429697766096,29.993429697766096,24.967148488830485,31.56241787122211,1.5689881734560132,5.23110624315455
618592,2026-04-01,17.936925098554532,27.92378449408673,16.95137976346912,27.60085413929039,9.663929040735859,53.877289377289294
618592,2026-05-01,17.936925098554532,34.95400788436268,17.936925098554532,26.763469119579494,8.826544021024961,49.20879120879118
618592,2026-06-01,17.936925098554532,34.95400788436268,18.95532194480946,29.88797634691201,11.951051248357476,66.62820512820542
618592,2026-07-01,17.936925098554532,34.95400788436268,19.940867279894874,32.8682654402103,14.931340341655769,83.24358974359004
618593,2026-04-01,30.02628120893561,30.02628120893561,11.00525624178712,30.265440210249626,0.23915900131401457,0.7964989059079435
618593,2026-05-01,30.02628120893561,30.02628120893561,11.990801576872537,30.265440210249626,0.23915900131401457,0.7964989059079435
618593,2026-06-01,30.02628120893561,30.02628120893561,13.009198423127463,30.026281208935565,0.0,0.0
618593,2026-07-01,30.02628120893561,30.02628120893561,13.994743758212875,30.026281208935565,0.0,0.0
618594,2026-04-01,19.053876478318003,38.009198423127465,37.023653088042046,37.33048620236531,18.276609724047304,95.92068965517241
618594,2026-05-01,19.053876478318003,39.02759526938239,38.009198423127465,38.272339027595244,19.21846254927724,100.86379310344815
618594,2026-06-01,19.053876478318003,40.01314060446781,39.02759526938239,39.887647831800294,20.83377135348229,109.341379310345
618594,2026-07-01,19.053876478318003,41.03153745072273,40.01314060446781,41.001642575558456,21.947766097240454,115.18793103448266
618595,2026-04-01,29.993429697766096,64.94743758212877,53.975032851511166,63.99080157687263,33.99737187910653,113.34939759036176
618595,2026-05-01,29.993429697766096,64.94743758212877,54.96057818659658,63.97207621550602,33.978646517739925,113.28696604600256
618595,2026-06-01,29.993429697766096,64.94743758212877,55.97897503285151,64.0407358738503,34.0473061760842,113.51588170865313
618595,2026-07-01,29.993429697766096,64.94743758212877,56.96452036793692,63.8432982917215,33.84986859395541,112.85761226725111
618596,2026-04-01,29.96057818659658,72.96320630749014,52.95663600525624,69.29533508541402,39.334756898817446,131.2883771929828
618596,2026-05-01,29.96057818659658,72.96320630749014,53.942181340341655,70.70105124835753,40.74047306176095,135.9802631578951
618596,2026-06-01,29.96057818659658,73.98160315374507,54.96057818659658,67.54106438896197,37.58048620236539,125.43311403508801
618596,2026-07-01,29.96057818659658,73.98160315374507,55.946123521682,67.64980289093306,37.68922470433648,125.79605263157923
618597,2026-04-01,32.98291721419185,66.95137976346912,53.975032851511166,66.32687253613662,33.34395532194477,101.0946215139441
618597,2026-05-01,32.98291721419185,66.95137976346912,54.96057818659658,67.00459921156369,34.021681997371836,103.14940239043813
618597,2026-06-01,32.98291721419185,76.97109067017082,55.97897503285151,73.05946123521687,40.07654402102502,121.50697211155396
618597,2026-07-01,32.98291721419185,76.97109067017082,56.96452036793692,72.14848883048624,39.16557161629439,118.74501992031887
618598,2026-04-01,17.969776609724047,64.94743758212877,63.96189224704336,63.96189224704336,45.992115637319316,255.94149908592323
618598,2026-05-01,17.969776609724047,65.9658344283837,64.94743758212877,64.94743758212877,46.97766097240472,261.42595978062155
618598,2026-06-01,17.969776609724047,66.95137976346912,65.9658344283837,66.42509855453348,48.45532194480943,269.64899451553913
618598,2026-07-01,17.969776609724047,68.98817345597897,66.95137976346912,66.95137976346912,48.98160315374507,272.57769652650825
618599,2026-04-01,29.96057818659658,51.93823915900131,50.9526938239159,52.3301576872536,22.36957950065702,74.66337719298242
618599,2026-05-01,29.96057818659658,51.93823915900131,51.93823915900131,52.68462549277267,22.724047306176086,75.84649122807019
618599,2026-06-01,29.96057818659658,53.942181340341655,52.95663600525624,54.42838370565037,24.467805519053787,81.66666666666637
618599,2026-07-01,29.96057818659658,54.96057818659658,53.942181340341655,55.50000000000004,25.53942181340346,85.24342105263173
618600,2026-04-01,29.96057818659658,51.93823915900131,50.9526938239159,52.40932982917214,22.448751642575555,74.92763157894736
618600,2026-05-01,29.96057818659658,52.95663600525624,51.93823915900131,53.253613666228624,23.293035479632042,77.74561403508766
618600,2026-06-01,29.96057818659658,53.942181340341655,52.95663600525624,54.488173455978874,24.527595269382292,81.86622807017511
618600,2026-07-01,29.96057818659658,54.96057818659658,53.942181340341655,55.50000000000004,25.53942181340346,85.24342105263173
618601,2026-04-01,28.02233902759527,44.97371879106439,42.96977660972404,47.2243758212878,19.202036793692532,68.52403282532246
618601,2026-05-01,28.02233902759527,56.96452036793692,43.95532194480946,53.81898817345595,25.79664914586068,92.05744431418512
618601,2026-06-01,28.02233902759527,56.96452036793692,44.97371879106439,54.87680683311425,26.854467805518983,95.83235638921428
618601,2026-07-01,28.02233902759527,56.96452036793692,45.959264126149804,56.12680683311427,28.104467805519004,100.29308323563875
618602,2026-04-01,29.0407358738502,44.97371879106439,42.96977660972404,47.226018396846264,18.185282522996065,62.61990950226246
618602,2026-05-01,29.0407358738502,56.96452036793692,43.95532194480946,55.23948751642569,26.19875164257549,90.21380090497713
618602,2026-06-01,29.0407358738502,56.96452036793692,44.97371879106439,54.76872536136657,25.72798948751637,88.59276018099528
618602,2026-07-01,29.0407358738502,56.96452036793692,45.959264126149804,56.29632063074895,27.255584756898752,93.85294117647037
618603,2026-04-01,29.993429697766096,50.0,41.98423127463863,50.39224704336399,20.39881734559789,68.01095290251915
618603,2026-05-01,29.993429697766096,54.96057818659658,42.96977660972404,52.8107752956636,22.817345597897507,76.07447973713035
618603,2026-06-01,29.993429697766096,54.96057818659658,43.98817345597897,54.86070959264127,24.867279894875175,82.90909090909095
618603,2026-07-01,29.993429697766096,54.96057818659658,44.97371879106439,54.82457293035483,24.831143232588737,82.7886089813802
618604,2026-04-01,34.98685939553219,45.959264126149804,37.94349540078844,41.631406044678045,6.644546649145852,18.991549295774625
618604,2026-05-01,34.98685939553219,45.959264126149804,38.92904073587385,43.55223390275951,8.565374507227318,24.481690140845032
618604,2026-06-01,34.98685939553219,45.959264126149804,39.94743758212878,45.16951379763466,10.182654402102465,29.104225352112582
618604,2026-07-01,34.98685939553219,45.959264126149804,40.93298291721419,45.6327201051248,10.645860709592604,30.4281690140844
618605,2026-04-01,30.05913272010512,57.03022339027595,49.01445466491458,57.87319316688559,27.814060446780474,92.53114754098335
618605,2026-05-01,30.05913272010512,61.990801576872535,50.0,60.27233902759521,30.21320630749009,100.51256830601076
618605,2026-06-01,30.05913272010512,61.990801576872535,51.01839684625492,59.63042049934291,29.571287779237792,98.37704918032772
618605,2026-07-01,30.05913272010512,61.990801576872535,52.00394218134034,61.67181340341656,31.61268068331144,105.16830601092902
618606,2026-04-01,30.05913272010512,54.96057818659658,43.98817345597897,54.67345597897507,24.614323258869952,81.88633879781437
618606,2026-05-01,30.05913272010512,54.96057818659658,44.97371879106439,54.795335085413974,24.736202365308856,82.29180327868872
618606,2026-06-01,30.05913272010512,54.96057818659658,45.99211563731932,55.084099868594,25.024967148488884,83.25245901639363
618606,2026-07-01,30.05913272010512,54.96057818659658,46.97766097240473,55.27233902759531,25.21320630749019,83.87868852459033
618607,2026-04-01,30.02628120893561,58.96846254927726,47.99605781865966,57.62647831800265,27.600197109067036,91.92013129102851
618607,2026-05-01,30.02628120893561,58.96846254927726,48.98160315374507,57.52726675427071,27.5009855453351,91.58971553610509
618607,2026-06-01,30.02628120893561,58.96846254927726,50.0,58.71090670170832,28.684625492772707,95.531728665208
618607,2026-07-01,30.02628120893561,58.96846254927726,50.98554533508541,58.85019710906705,28.823915900131436,95.99562363238522
618608,2026-04-01,24.014454664914584,38.009198423127465,31.99737187910644,38.61366622864652,14.599211563731938,60.793433652530815
618608,2026-05-01,24.014454664914584,39.02759526938239,32.98291721419185,38.92969776609722,14.915243101182636,62.10943912448693
618608,2026-06-01,24.014454664914584,39.02759526938239,34.00131406044678,39.141590013140586,15.127135348226002,62.99179206566341
618608,2026-07-01,24.014454664914584,40.01314060446781,34.98685939553219,40.342641261498066,16.328186596583482,67.99316005471972
618609,2026-04-01,22.963206307490143,32.95006570302234,19.97371879106439,30.88436268068331,7.921156373193167,34.49499284692418
618609,2026-05-01,22.963206307490143,32.95006570302234,20.9592641261498,31.087385019710855,8.124178712220711,35.37911301859778
618609,2026-06-01,22.963206307490143,32.95006570302234,21.97766097240473,31.926084099868543,8.9628777923784,39.03147353361924
618609,2026-07-01,22.963206307490143,32.95006570302234,22.963206307490143,32.160315374507185,9.197109067017042,40.05150214592257
618610,2026-04-01,24.014454664914584,32.98291721419185,31.99737187910644,33.096911957950056,9.082457293035471,37.8207934336525
618610,2026-05-01,24.014454664914584,34.00131406044678,32.98291721419185,34.34658344283837,10.332128777923788,43.02462380300959
618610,2026-06-01,24.014454664914584,34.98685939553219,34.00131406044678,35.63272010512486,11.618265440210276,48.38030095759245
618610,2026-07-01,24.014454664914584,36.00525624178712,34.98685939553219,36.467805519053904,12.45335085413932,51.85772913816702
618611,2026-04-01,23.98160315374507,58.96846254927726,57.98291721419185,58.668692509855475,34.687089356110405,144.64041095890423
618611,2026-05-01,23.98160315374507,59.98685939553219,58.96846254927726,58.96846254927726,34.98685939553219,145.8904109589041
618611,2026-06-01,23.98160315374507,60.972404730617605,59.98685939553219,59.98685939553219,36.00525624178712,150.1369863013699
618611,2026-07-01,23.98160315374507,61.990801576872535,60.972404730617605,60.972404730617605,36.990801576872535,154.24657534246577
618612,2026-04-01,23.98160315374507,56.96452036793692,55.97897503285151,56.89750328515105,32.915900131405984,137.2547945205477
618612,2026-05-01,23.98160315374507,57.98291721419185,56.96452036793692,57.98028909329828,33.99868593955321,141.7698630136986
618612,2026-06-01,23.98160315374507,58.96846254927726,57.98291721419185,58.980124835742465,34.998521681997396,145.93904109589053
618612,2026-07-01,23.98160315374507,59.98685939553219,58.96846254927726,59.68084756898822,35.69924441524315,148.86095890410982
618613,2026-04-01,23.98160315374507,57.98291721419185,56.99737187910644,57.741787122207576,33.760183968462506,140.77534246575325
618613,2026-05-01,23.98160315374507,59.00131406044678,57.98291721419185,58.22339027595273,34.24178712220766,142.78356164383578
618613,2026-06-01,23.98160315374507,59.98685939553219,59.00131406044678,59.00131406044678,35.01971090670171,146.027397260274
618613,2026-07-01,23.98160315374507,61.00525624178712,59.98685939553219,59.98685939553219,36.00525624178712,150.1369863013699
618614,2026-04-01,23.98160315374507,56.96452036793692,55.97897503285151,56.687253613666165,32.705650459921095,136.37808219178058
618614,2026-05-01,23.98160315374507,57.98291721419185,56.96452036793692,57.62319316688563,33.64159001314056,140.28082191780805
618615,2026-04-01,23.98160315374507,61.990801576872535,61.00525624178712,61.00525624178712,37.02365308804205,154.38356164383563
618615,2026-05-01,23.98160315374507,63.99474375821288,61.990801576872535,61.990801576872535,38.009198423127465,158.49315068493152
618615,2026-06-01,23.98160315374507,63.99474375821288,63.00919842312746,63.00919842312746,39.02759526938239,162.73972602739727
618615,2026-07-01,23.98160315374507,65.01314060446781,63.99474375821288,63.99474375821288,40.01314060446781,166.84931506849315
618616,2026-04-01,23.98160315374507,23.98160315374507,13.92904073587385,24.26018396846255,0.2785808147174791,1.1616438356164471
618616,2026-05-01,23.98160315374507,23.98160315374507,14.914586070959263,24.883377135348233,0.9017739816031636,3.760273972602781
618616,2026-06-01,23.98160315374507,23.98160315374507,15.932982917214192,24.629434954007888,0.6478318002628178,2.701369863013723
618616,2026-07-01,23.98160315374507,23.98160315374507,16.918528252299605,24.849211563731938,0.8676084099868682,3.617808219178119
618617,2026-04-01,24.014454664914584,54.96057818659658,40.9658344283837,53.09822601839687,29.083771353482287,121.10943912448712
618617,2026-05-01,24.014454664914584,54.96057818659658,41.95137976346912,53.49375821287783,29.479303547963244,122.75649794801657
618617,2026-06-01,24.014454664914584,60.972404730617605,42.96977660972404,57.02233902759518,33.0078843626806,137.45006839945248
618617,2026-07-01,24.014454664914584,60.972404730617605,43.95532194480946,58.413929040735795,34.399474375821214,143.24487004103935
618618,2026-04-01,23.98160315374507,23.98160315374507,21.97766097240473,26.708607095926435,2.7270039421813657,11.371232876712435
618618,2026-05-01,23.98160315374507,36.957950065703024,22.963206307490143,35.62286465177406,11.641261498028989,48.542465753425
618618,2026-06-01,23.98160315374507,36.957950065703024,23.98160315374507,36.43265440210258,12.451051248357508,51.91917808219214
618618,2026-07-01,23.98160315374507,36.957950065703024,24.967148488830485,34.54599211563736,10.564388961892291,44.052054794520735
618619,2026-04-01,23.98160315374507,23.98160315374507,2.9566360052562417,23.98193166885677,0.0003285151117005114,0.0013698630137210367
618619,2026-05-01,23.98160315374507,23.98160315374507,3.942181340341656,23.981603153745073,3.552713678800501e-15,1.4814329367491404e-14
618619,2026-06-01,23.98160315374507,23.98160315374507,4.960578186596584,23.981603153745073,3.552713678800501e-15,1.4814329367491404e-14
618619,2026-07-01,23.98160315374507,23.98160315374507,5.946123521681997,23.981603153745073,3.552713678800501e-15,1.4814329367491404e-14
618620,2026-04-01,17.969776609724047,46.97766097240473,38.96189224704336,45.44250985545339,27.47273324572934,152.88299817184665
618620,2026-05-01,17.969776609724047,49.01445466491458,39.94743758212878,47.4770039421813,29.50722733245725,164.2047531992685
618620,2026-06-01,17.969776609724047,49.93429697766097,40.9658344283837,48.80781865965827,30.83804204993422,171.61060329067598
618620,2026-07-01,17.969776609724047,49.93429697766097,41.95137976346912,48.193823915900076,30.22404730617603,168.19378427787905
618621,2026-04-01,24.014454664914584,44.97371879106439,38.96189224704336,42.49178712220767,18.477332457293084,76.94254445964454
618621,2026-05-01,24.014454664914584,44.97371879106439,39.94743758212878,44.20335085413932,20.18889618922474,84.0697674418606
618621,2026-06-01,24.014454664914584,44.97371879106439,40.9658344283837,44.04960578186602,20.035151116951436,83.42954856361173
618621,2026-07-01,24.014454664914584,44.97371879106439,41.95137976346912,45.01839684625497,21.00394218134039,87.46374829001388
618622,2026-04-01,24.014454664914584,50.98554533508541,47.99605781865966,51.5827858081472,27.568331143232616,114.79890560875525
618622,2026-05-01,24.014454664914584,54.00788436268069,48.98160315374507,53.24474375821288,29.230289093298293,121.71956224350207
618622,2026-06-01,24.014454664914584,54.00788436268069,50.0,53.22930354796323,29.214848883048642,121.65526675786604
618622,2026-07-01,24.014454664914584,54.00788436268069,50.98554533508541,53.32950065703022,29.31504599211564,122.07250341997265
618623,2026-04-01,22.996057818659654,28.94218134034165,25.952693823915897,29.315703022338997,6.319645203679343,27.481428571428463
618623,2026-05-01,22.996057818659654,31.964520367936924,26.938239159001316,31.123850197109086,8.127792378449431,35.34428571428582
618623,2026-06-01,22.996057818659654,31.964520367936924,27.95663600525624,32.04730617608412,9.051248357424466,39.36000000000011
618623,2026-07-01,22.996057818659654,31.964520367936924,28.94218134034165,32.20521243977225,9.209154621112592,40.046666666666766
618624,2026-04-01,24.014454664914584,22.996057818659654,84.00131406044677,84.00131406044677,59.98685939553219,249.79480164158687
618624,2026-05-01,24.014454664914584,22.996057818659654,84.98685939553219,84.98685939553219,60.97240473061761,253.89876880984957
618625,2026-04-01,30.05913272010512,188.96189224704332,187.97634691195796,189.39323258869914,159.33409986859402,530.0688524590167
618625,2026-05-01,30.05913272010512,188.96189224704332,188.96189224704332,189.9543363994744,159.8952036793693,531.9355191256833
618626,2026-04-01,23.98160315374507,29.96057818659658,17.969776609724047,25.784494086727996,1.8028909329829261,7.51780821917812
618626,2026-05-01,23.98160315374507,29.96057818659658,18.95532194480946,26.776938239159005,2.795335085413935,11.65616438356167
618626,2026-06-01,23.98160315374507,29.96057818659658,19.97371879106439,29.452693823915926,5.471090670170856,22.813698630137104
618626,2026-07-01,23.98160315374507,29.96057818659658,20.9592641261498,28.835085413929068,4.853482260183998,20.23835616438369
618627,2026-04-01,18.035479632063076,18.035479632063076,9.00131406044678,19.400131406044665,1.3646517739815884,7.566484517304108
618627,2026-05-01,18.035479632063076,18.035479632063076,9.986859395532194,18.9858738501971,0.9503942181340221,5.269581056466236
618627,2026-06-01,18.035479632063076,18.035479632063076,11.00525624178712,18.22076215505912,0.18528252299604375,1.0273224043715068
618627,2026-07-01,18.035479632063076,18.035479632063076,11.990801576872537,18.220433639947426,0.18495400788435035,1.0255009107467439
618628,2026-04-01,22.996057818659654,32.98291721419185,28.97503285151117,34.35479632063073,11.358738501971079,49.394285714285665
618628,2026-05-01,22.996057818659654,36.990801576872535,29.96057818659658,36.96057818659656,13.964520367936903,60.7257142857142
618628,2026-06-01,22.996057818659654,39.94743758212878,30.97897503285151,38.4047306176084,15.408672798948746,67.00571428571428
618628,2026-07-01,22.996057818659654,39.94743758212878,31.964520367936924,38.207621550591305,15.211563731931651,66.14857142857137
618629,2026-04-01,15.013140604467806,97.99605781865964,97.01051248357425,97.41918528252292,82.40604467805511,548.892778993435
618629,2026-05-01,15.013140604467806,102.03679369250985,97.99605781865964,101.04467805519053,86.03153745072272,573.0415754923413
618629,2026-06-01,15.013140604467806,102.03679369250985,99.01445466491458,101.7358738501971,86.72273324572929,577.6455142231947
618629,2026-07-01,15.013140604467806,102.03679369250985,100.0,102.30256241787117,87.28942181340337,581.4201312910282
618630,2026-04-01,29.993429697766096,47.010512483574246,39.98028909329829,44.64717477003943,14.653745072273331,48.856516976998925
618630,2026-05-01,29.993429697766096,47.010512483574246,40.9658344283837,46.49080157687251,16.49737187910641,55.00328587075566
618630,2026-06-01,29.993429697766096,47.010512483574246,41.98423127463863,47.55551905387648,17.562089356110384,58.55312157721797
618630,2026-07-01,29.993429697766096,47.99605781865966,42.96977660972404,48.31701708278583,18.323587385019735,61.09200438116109
618631,2026-04-01,29.96057818659658,42.96977660972404,40.9658344283837,42.13699080157694,12.17641261498036,40.6414473684213
618631,2026-05-01,29.96057818659658,42.96977660972404,41.95137976346912,42.32621550591334,12.365637319316757,41.27302631578971
618631,2026-06-01,29.96057818659658,44.97371879106439,42.96977660972404,44.56340341655719,14.602825229960612,48.740131578947484
618631,2026-07-01,29.96057818659658,44.97371879106439,43.95532194480946,44.80420499342975,14.843626806833168,49.54385964912299
618632,2026-04-01,24.014454664914584,42.96977660972404,38.96189224704336,42.576544021025036,18.56208935611045,77.29548563611522
618632,2026-05-01,24.014454664914584,42.96977660972404,39.94743758212878,42.95499342969784,18.94053876478326,78.8714090287281
618632,2026-06-01,24.014454664914584,42.96977660972404,40.9658344283837,42.782851511169525,18.76839684625494,78.15458276333796
618632,2026-07-01,24.014454664914584,42.96977660972404,41.95137976346912,43.38107752956644,19.366622864651855,80.64569083447367
618633,2026-04-01,24.014454664914584,24.014454664914584,1.0183968462549278,24.01445466491459,7.105427357601002e-15,2.9588127054086796e-14
618633,2026-05-01,24.014454664914584,24.014454664914584,2.0039421813403417,24.29434954007884,0.27989487516425626,1.1655266757865883
618633,2026-06-01,24.014454664914584,24.014454664914584,3.0223390275952693,24.255913272010517,0.24145860709593236,1.005471956224375
618633,2026-07-01,24.014454664914584,24.014454664914584,4.007884362680684,24.01445466491459,7.105427357601002e-15,2.9588127054086796e-14
618634,2026-04-01,24.014454664914584,39.94743758212878,38.96189224704336,40.031208935611026,16.016754270696442,66.69630642954853
618634,2026-05-01,24.014454664914584,43.98817345597897,39.94743758212878,42.851511169513806,18.83705650459922,78.44049247606024
618634,2026-06-01,24.014454664914584,43.98817345597897,40.9658344283837,43.555519053876466,19.541064388961882,81.37209302325577
618634,2026-07-01,24.014454664914584,43.98817345597897,41.95137976346912,43.81373193166886,19.799277266754277,82.44733242134066
618635,2026-04-01,24.014454664914584,45.99211563731932,38.96189224704336,46.00886990801577,21.994415243101184,91.58823529411765
618635,2026-05-01,24.014454664914584,58.96846254927726,39.94743758212878,47.20499342969776,23.190538764783174,96.5690834473324
618635,2026-06-01,24.014454664914584,58.96846254927726,40.9658344283837,55.78810775295665,31.773653088042064,132.31053351573195
618635,2026-07-01,24.014454664914584,58.96846254927726,41.95137976346912,56.56438896189226,32.54993429697768,135.54309165526686
618636,2026-04-01,23.98160315374507,31.964520367936924,17.969776609724047,31.19152431011829,7.20992115637322,30.064383561643947
618636,2026-05-01,23.98160315374507,31.964520367936924,18.95532194480946,31.09329829172144,7.111695137976369,29.654794520548037
618636,2026-06-01,23.98160315374507,31.964520367936924,19.97371879106439,31.333442838370587,7.351839684625517,30.65616438356175
618636,2026-07-01,23.98160315374507,31.964520367936924,20.9592641261498,31.35446780551908,7.372864651774009,30.743835616438474
618637,2026-04-01,23.98160315374507,74.96714848883049,66.95137976346912,72.77233902759522,48.79073587385015,203.45068493150666
618637,2026-05-01,23.98160315374507,74.96714848883049,67.93692509855452,73.39553219448091,49.41392904073584,206.049315068493
618637,2026-06-01,23.98160315374507,74.96714848883049,68.95532194480946,74.26773981603148,50.28613666228641,209.6863013698628
618637,2026-07-01,23.98160315374507,74.96714848883049,69.94086727989487,73.50689881734554,49.525295663600474,206.5136986301368
618638,2026-04-01,29.96057818659658,86.95795006570302,86.95795006570302,86.95795006570302,56.99737187910644,190.24122807017545
618638,2026-05-01,29.96057818659658,86.95795006570302,87.94349540078844,87.94349540078844,57.98291721419186,193.530701754386
618639,2026-04-01,24.014454664914584,52.00394218134034,49.01445466491458,50.45137976346911,26.43692509855453,110.08755129958958
618639,2026-05-01,24.014454664914584,52.00394218134034,50.0,51.43462549277272,27.420170827858133,114.18194254445986
618639,2026-06-01,24.014454664914584,52.00394218134034,51.01839684625492,51.91097240473067,27.896517739816087,116.16552667578684
618639,2026-07-01,24.014454664914584,57.03022339027595,52.00394218134034,54.98554533508532,30.971090670170735,128.96853625170962
618640,2026-04-01,29.96057818659658,29.96057818659658,25.952693823915897,30.686925098554546,0.7263469119579646,2.424342105263207
618640,2026-05-01,29.96057818659658,29.96057818659658,26.938239159001316,31.622536136662312,1.6619579500657302,5.547149122807109
618640,2026-06-01,29.96057818659658,29.96057818659658,27.95663600525624,30.218353044240065,0.25777485764348285,0.8603801169591687
618640,2026-07-01,29.96057818659658,29.96057818659658,28.94218134034165,31.61826544021028,1.6576872536136982,5.532894736842212
618641,2026-04-01,23.98160315374507,23.98160315374507,1.938239159001314,23.987187910643897,0.005584756898826981,0.023287671232916897
618641,2026-05-01,23.98160315374507,23.98160315374507,2.923784494086728,23.752772667542715,0.0,0.0
618641,2026-06-01,23.98160315374507,23.98160315374507,3.942181340341656,23.981603153745077,7.105427357601002e-15,2.962865873498281e-14
618641,2026-07-01,23.98160315374507,23.98160315374507,4.92772667542707,23.981603153745077,7.105427357601002e-15,2.962865873498281e-14
618642,2026-04-01,22.996057818659654,48.98160315374507,47.99605781865966,47.99605781865966,25.000000000000004,108.71428571428574
618642,2026-05-01,22.996057818659654,50.0,48.98160315374507,48.98160315374507,25.985545335085416,113.00000000000003
618642,2026-06-01,22.996057818659654,50.98554533508541,50.0,50.614651773981656,27.618593955322,120.10142857142884
618642,2026-07-01,22.996057818659654,53.02233902759527,50.98554533508541,52.04040735873845,29.044349540078795,126.30142857142839
618644,2026-04-01,24.014454664914584,36.990801576872535,34.00131406044678,36.80519053876476,12.790735873850178,53.26265389876873
618644,2026-05-01,24.014454664914584,42.01708278580814,34.98685939553219,38.33278580814718,14.318331143232594,59.62380300957595
618644,2026-06-01,24.014454664914584,42.01708278580814,36.00525624178712,40.75558475689885,16.741130091984264,69.71272229822175
618644,2026-07-01,24.014454664914584,42.01708278580814,36.990801576872535,41.3465834428384,17.332128777923817,72.17373461012326
618645,2026-04-01,24.014454664914584,34.98685939553219,34.00131406044678,36.66162943495399,12.647174770039403,52.66484268125847
618645,2026-05-01,24.014454664914584,40.01314060446781,34.98685939553219,41.26971090670174,17.255256241787155,71.85362517099877
618645,2026-06-01,24.014454664914584,40.01314060446781,36.00525624178712,41.3475689881735,17.333114323258915,72.17783857729158
618645,2026-07-01,24.014454664914584,40.01314060446781,36.990801576872535,41.86727989487521,17.852825229960626,74.34199726402208
618646,2026-05-01,36.00525624178712,36.00525624178712,0.985545335085414,36.1852825229961,0.18002628120897413,0.5000000000001069
618646,2026-06-01,36.00525624178712,36.00525624178712,2.0039421813403417,36.005256241787166,4.263256414560601e-14,1.1840650114892764e-13
618646,2026-07-01,36.00525624178712,36.00525624178712,2.9894875164257555,36.005256241787166,4.263256414560601e-14,1.1840650114892764e-13
618647,2026-04-01,24.014454664914584,33.96846254927726,30.97897503285151,34.01116951379765,9.996714848883062,41.62790697674424
618647,2026-05-01,24.014454664914584,36.990801576872535,31.964520367936924,36.71014016644763,12.695685501533045,52.866849065207376
618647,2026-06-01,24.014454664914584,36.990801576872535,32.98291721419185,37.50394218134031,13.489487516425722,56.17236662106689
618647,2026-07-01,24.014454664914584,36.990801576872535,33.96846254927726,37.57457293035477,13.560118265440185,56.46648426812575
618648,2026-06-01,24.014454664914584,24.014454664914584,3.0223390275952693,24.01445466491459,7.105427357601002e-15,2.9588127054086796e-14
618648,2026-07-01,24.014454664914584,24.014454664914584,4.007884362680684,24.01445466491459,7.105427357601002e-15,2.9588127054086796e-14
618649,2026-04-01,23.98160315374507,30.946123521682,16.95137976346912,30.74145860709588,6.759855453350809,28.187671232876525
618649,2026-05-01,23.98160315374507,30.946123521682,17.936925098554532,29.754270696451997,5.772667542706927,24.071232876712173
618649,2026-06-01,23.98160315374507,30.946123521682,18.95532194480946,30.610052562417817,6.628449408672747,27.63972602739705
618649,2026-07-01,23.98160315374507,30.946123521682,19.940867279894874,30.719119579500607,6.737516425755537,28.094520547945006
618650,2026-04-01,23.98160315374507,31.99737187910644,11.990801576872537,31.34329829172142,7.361695137976351,30.697260273972628
618650,2026-05-01,23.98160315374507,31.99737187910644,12.976346911957949,34.16918528252301,10.18758212877794,42.48082191780829
618650,2026-06-01,23.98160315374507,34.03416557161629,13.994743758212875,33.6869250985545,9.705321944809427,40.46986301369849
618650,2026-07-01,23.98160315374507,34.03416557161629,14.98028909329829,33.96517739816026,9.983574244415188,41.63013698630114
618651,2026-04-01,23.061760840998684,27.003942181340346,13.009198423127463,28.043363994743757,4.981603153745073,21.601139601139607
618651,2026-05-01,23.061760840998684,27.003942181340346,13.994743758212875,27.45203679369251,4.390275952693827,19.037037037037052
618651,2026-06-01,23.061760840998684,27.989487516425758,15.013140604467806,28.199737187910678,5.137976346911994,22.27920227920244
618651,2026-07-01,23.061760840998684,27.989487516425758,15.99868593955322,28.17017082785811,5.108409986859428,22.15099715099729
618652,2026-04-01,24.014454664914584,59.0670170827858,85.0197109067017,85.0197109067017,61.00525624178712,254.03556771545828
618652,2026-05-01,24.014454664914584,59.0670170827858,86.00525624178712,86.00525624178712,61.99080157687254,258.139534883721
618653,2026-04-01,24.014454664914584,95.99211563731932,85.0197109067017,89.30453350854137,65.29007884362679,271.87824897400816
618653,2026-05-01,24.014454664914584,93.03547963206309,86.00525624178712,88.99145860709592,64.97700394218134,270.5745554035568
618653,2026-06-01,24.014454664914584,93.03547963206309,87.02365308804205,90.71123521682,66.69678055190542,277.7359781121753
618653,2026-07-01,24.014454664914584,93.03547963206309,88.00919842312746,92.04139290407366,68.02693823915908,283.27496580027395
618654,2026-04-01,24.014454664914584,35.019710906701704,29.993429697766096,37.40341655716163,13.388961892247043,55.75376196990424
618654,2026-05-01,24.014454664914584,45.99211563731932,30.97897503285151,44.162286465177424,20.14783180026284,83.89876880984964
618654,2026-06-01,24.014454664914584,45.99211563731932,31.99737187910644,44.397174770039435,20.38272010512485,84.87688098495218
618654,2026-07-01,24.014454664914584,45.99211563731932,32.98291721419185,44.955321944809455,20.94086727989487,87.20109439124487
618655,2026-04-01,23.98160315374507,23.98160315374507,19.97371879106439,24.031208935611033,0.04960578186596365,0.20684931506848409
618655,2026-05-01,23.98160315374507,23.98160315374507,20.9592641261498,23.99178712220762,0.010183968462548876,0.04246575342465587
618655,2026-06-01,23.98160315374507,23.98160315374507,21.97766097240473,24.511498028909337,0.5298948751642669,2.2095890410959296
618655,2026-07-01,23.98160315374507,23.98160315374507,22.963206307490143,24.913929040735884,0.9323258869908138,3.8876712328767633
618661,2026-04-01,23.98160315374507,23.98160315374507,4.960578186596584,23.981603153745073,3.552713678800501e-15,1.4814329367491404e-14
618661,2026-05-01,23.98160315374507,23.98160315374507,5.946123521681997,23.981603153745073,3.552713678800501e-15,1.4814329367491404e-14
618661,2026-06-01,23.98160315374507,23.98160315374507,6.964520367936925,23.981603153745073,3.552713678800501e-15,1.4814329367491404e-14
618661,2026-07-01,23.98160315374507,23.98160315374507,7.950065703022338,23.700394218134033,0.0,0.0
618662,2026-04-01,24.014454664914584,24.014454664914584,1.0183968462549278,24.295006570302235,0.2805519053876502,1.1682626538987786
618662,2026-05-01,24.014454664914584,24.014454664914584,2.0039421813403417,23.678055190538775,0.0,0.0
618662,2026-06-01,24.014454664914584,24.014454664914584,3.0223390275952693,24.3311432325887,0.3166885676741167,1.318741450068415
618662,2026-07-01,24.014454664914584,24.014454664914584,4.007884362680684,24.08212877792379,0.067674113009204,0.28180574555405885
618663,2026-04-01,24.014454664914584,28.97503285151117,27.989487516425758,30.111366622864594,6.0969119579500095,25.388508891928634
618663,2026-05-01,24.014454664914584,36.00525624178712,28.97503285151117,31.900848664038545,7.88639399912396,32.840196078431376
618663,2026-06-01,24.014454664914584,36.00525624178712,29.993429697766096,32.67890932982919,8.664454664914604,36.08016415868681
618663,2026-07-01,24.014454664914584,36.00525624178712,30.97897503285151,34.75164257555849,10.737187910643907,44.7113543091656
618664,2026-04-01,24.014454664914584,42.96977660972404,40.9658344283837,43.24080157687263,19.226346911958043,80.06155950752432
618664,2026-05-01,24.014454664914584,48.98160315374507,41.95137976346912,47.1176084099869,23.103153745072316,96.20519835841331
618664,2026-06-01,24.014454664914584,48.98160315374507,42.96977660972404,48.02923784494091,24.014783180026324,100.00136798905628
618664,2026-07-01,24.014454664914584,48.98160315374507,43.95532194480946,48.26084099868594,24.24638633377136,100.96580027359782
618665,2026-04-01,24.014454664914584,48.98160315374507,47.99605781865966,49.001314060446774,24.98685939553219,104.04924760601915
618665,2026-05-01,24.014454664914584,50.0,48.98160315374507,50.30683311432327,26.292378449408684,109.48563611491113
618666,2026-04-01,23.98160315374507,23.98160315374507,19.97371879106439,24.051248357424438,0.069645203679368,0.2904109589041044
618666,2026-05-01,23.98160315374507,23.98160315374507,20.9592641261498,24.06176084099868,0.08015768725361028,0.33424657534245167
618666,2026-06-01,23.98160315374507,23.98160315374507,21.97766097240473,24.271681997371875,0.29007884362680514,1.2095890410958834
618666,2026-07-01,23.98160315374507,23.98160315374507,22.963206307490143,24.21367936925099,0.23207621550591995,0.9677260273972883
618667,2026-04-01,23.98160315374507,11.990801576872537,5.978975032851511,15.46813403416558,0.0,0.0
618667,2026-05-01,23.98160315374507,23.98160315374507,6.964520367936925,23.11202365308803,0.0,0.0
618667,2026-06-01,23.98160315374507,23.98160315374507,7.982917214191852,23.801248357424438,0.0,0.0
618667,2026-07-01,23.98160315374507,23.98160315374507,8.968462549277266,23.501971090670168,0.0,0.0
618668,2026-04-01,23.98160315374507,23.98160315374507,6.964520367936925,23.981603153745088,1.7763568394002505e-14,7.407164683745702e-14
618668,2026-05-01,23.98160315374507,23.98160315374507,7.950065703022338,24.000985545335098,0.019382391590028192,0.08082191780828195
618668,2026-06-01,23.98160315374507,23.98160315374507,8.968462549277266,24.081471747700405,0.09986859395533543,0.4164383561644398
618668,2026-07-01,23.98160315374507,10.972404730617608,9.95400788436268,24.231274638633387,0.24967148488831725,1.0410958904110108
618669,2026-04-01,23.98160315374507,22.963206307490143,13.92904073587385,23.75821287779235,0.0,0.0
618669,2026-05-01,23.98160315374507,22.963206307490143,14.914586070959263,23.377463863337674,0.0,0.0
618669,2026-06-01,23.98160315374507,22.963206307490143,15.932982917214192,23.84822601839682,0.0,0.0
618669,2026-07-01,23.98160315374507,23.98160315374507,16.918528252299605,24.43791064388961,0.456307490144539,1.9027397260273655
618671,2026-04-01,23.98160315374507,23.98160315374507,3.975032851511169,23.981603153745073,3.552713678800501e-15,1.4814329367491404e-14
618671,2026-05-01,23.98160315374507,23.98160315374507,4.960578186596584,19.96386333771353,0.0,0.0
618671,2026-06-01,23.98160315374507,23.98160315374507,5.978975032851511,22.192982917214177,0.0,0.0
618671,2026-07-01,23.98160315374507,23.98160315374507,6.964520367936925,23.710578186596578,0.0,0.0
618672,2026-04-01,23.98160315374507,23.98160315374507,4.960578186596584,23.361695137976344,0.0,0.0
618672,2026-05-01,23.98160315374507,23.98160315374507,5.946123521681997,23.24178712220762,0.0,0.0
618672,2026-06-01,23.98160315374507,23.98160315374507,6.964520367936925,23.861695137976348,0.0,0.0
618672,2026-07-01,23.98160315374507,23.98160315374507,7.950065703022338,23.861695137976348,0.0,0.0
618673,2026-04-01,24.014454664914584,52.00394218134034,42.96977660972404,50.73981603153747,26.725361366622888,111.28864569083458
618673,2026-05-01,24.014454664914584,53.02233902759527,43.95532194480946,51.1908672798948,27.17641261498022,113.1668946648424
618673,2026-06-01,24.014454664914584,53.02233902759527,44.97371879106439,49.10446780551898,25.090013140604395,104.47879616963034
618673,2026-07-01,24.014454664914584,53.02233902759527,45.959264126149804,45.959264126149804,21.94480946123522,91.38166894664845
618674,2026-04-01,24.014454664914584,39.94743758212878,38.96189224704336,40.06406044678054,16.049605781865953,66.83310533515727
618674,2026-05-01,24.014454664914584,40.9658344283837,39.94743758212878,39.94743758212878,15.932982917214193,66.34746922024625
618674,2026-06-01,24.014454664914584,41.95137976346912,40.9658344283837,41.857752956635984,17.8432982917214,74.30232558139527
618674,2026-07-01,24.014454664914584,42.96977660972404,41.95137976346912,42.890604467805595,18.87614980289101,78.60328317373494
618675,2026-04-01,24.014454664914584,40.9658344283837,29.993429697766096,39.51938239159007,15.504927726675486,64.56497948016441
618675,2026-05-01,24.014454664914584,40.9658344283837,30.97897503285151,40.36826544021032,16.353810775295738,68.0998632010947
618675,2026-06-01,24.014454664914584,40.9658344283837,31.99737187910644,40.569645203679386,16.5551905387648,68.93844049247613
618675,2026-07-01,24.014454664914584,40.9658344283837,32.98291721419185,39.99638633377142,15.981931668856834,66.55129958960356
618676,2026-04-01,24.014454664914584,49.01445466491458,49.01445466491458,49.33048620236524,25.31603153745066,105.41997264021863
618676,2026-05-01,24.014454664914584,49.01445466491458,50.0,50.0,25.985545335085416,108.20793433652531
618677,2026-04-01,24.014454664914584,49.01445466491458,47.010512483574246,49.65965834428377,25.645203679369185,106.79069767441834
618677,2026-05-01,24.014454664914584,54.0407358738502,47.99605781865966,52.64684625492776,28.632391590013174,119.22982216142286
618677,2026-06-01,24.014454664914584,54.0407358738502,49.01445466491458,53.44940867279901,29.434954007884425,122.57181942544486
618677,2026-07-01,24.014454664914584,54.0407358738502,50.0,52.97536136662292,28.960906701708335,120.5978112175105
618678,2026-04-01,22.996057818659654,47.99605781865966,45.99211563731932,48.45630749014452,25.460249671484863,110.7157142857142
618678,2026-05-01,22.996057818659654,47.99605781865966,46.97766097240473,48.94875164257554,25.952693823915883,112.8571428571428
618678,2026-06-01,22.996057818659654,48.98160315374507,47.99605781865966,49.4195137976347,26.423455978975046,114.90428571428579
618678,2026-07-01,22.996057818659654,50.0,48.98160315374507,50.35840998685941,27.362352168199752,118.98714285714294
618680,2026-04-01,24.014454664914584,42.96977660972404,41.98423127463863,44.31438896189229,20.299934296977707,84.53214774281825
618680,2026-05-01,24.014454664914584,43.98817345597897,42.96977660972404,42.96977660972404,18.95532194480946,78.9329685362517
618680,2026-06-01,24.014454664914584,44.97371879106439,43.98817345597897,44.41754270696457,20.403088042049983,84.96169630642976
618680,2026-07-01,24.014454664914584,45.99211563731932,44.97371879106439,45.88764783180026,21.873193166885674,91.08344733242133
618681,2026-04-01,24.014454664914584,51.01839684625492,49.01445466491458,51.118922470433645,27.10446780551906,112.86730506155955
618681,2026-05-01,24.014454664914584,51.01839684625492,50.0,51.07095926412614,27.056504599211554,112.66757865937069
618681,2026-06-01,24.014454664914584,52.00394218134034,51.01839684625492,52.06767411300928,28.053219448094698,116.81805745554072
618681,2026-07-01,24.014454664914584,53.02233902759527,52.00394218134034,53.373850197108986,29.3593955321944,122.25718194254414
618682,2026-04-01,23.98160315374507,52.923784494086725,49.93429697766097,52.1849540078844,28.20335085413933,117.60410958904129
618682,2026-05-01,23.98160315374507,52.923784494086725,50.91984231274638,52.62450722733252,28.642904073587452,119.43698630137017
618682,2026-06-01,23.98160315374507,52.923784494086725,51.93823915900131,53.133048620236586,29.151445466491516,121.5575342465756
618682,2026-07-01,23.98160315374507,53.942181340341655,52.923784494086725,54.394218134034126,30.412614980289057,126.81643835616426
618684,2026-04-01,23.98160315374507,31.011826544021023,25.0,30.347568988173443,6.365965834428373,26.54520547945201
618684,2026-05-01,23.98160315374507,35.972404730617605,25.98554533508541,33.796977660972395,9.815374507227325,40.92876712328765
618684,2026-06-01,23.98160315374507,35.972404730617605,27.003942181340346,34.94086727989489,10.959264126149819,45.698630136986374
618684,2026-07-01,23.98160315374507,35.972404730617605,27.989487516425758,34.73653088042051,10.75492772667544,44.84657534246581
618685,2026-04-01,23.98160315374507,25.98554533508541,25.0,26.840998685939564,2.859395532194494,11.923287671232933
618685,2026-05-01,23.98160315374507,31.011826544021023,25.98554533508541,31.588042049934284,7.606438896189214,31.71780821917804
618685,2026-06-01,23.98160315374507,33.01576872536137,27.003942181340346,32.99441524310116,9.012812089356089,37.58219178082183
618685,2026-07-01,23.98160315374507,33.01576872536137,27.989487516425758,33.04730617608409,9.065703022339022,37.802739726027376
618686,2026-04-01,23.98160315374507,27.003942181340346,25.0,27.411300919842315,3.429697766097245,14.301369863013718
618686,2026-05-01,23.98160315374507,32.03022339027595,25.98554533508541,32.697437582128735,8.715834428383666,36.34383561643819
618686,2026-06-01,23.98160315374507,32.03022339027595,27.003942181340346,32.350525624178665,8.368922470433596,34.89726027397242
618686,2026-07-01,23.98160315374507,32.03022339027595,27.989487516425758,32.85939553219447,8.8777923784494,37.01917808219174
618687,2026-04-01,24.014454664914584,38.009198423127465,37.023653088042046,38.863994743758234,14.84954007884365,61.83584131326959
618687,2026-05-01,24.014454664914584,41.03153745072273,38.009198423127465,41.29270696452035,17.278252299605764,71.94938440492469
618687,2026-06-01,24.014454664914584,41.03153745072273,39.02759526938239,41.64224704336398,17.627792378449396,73.40492476060186
618687,2026-07-01,24.014454664914584,41.03153745072273,40.01314060446781,41.56143232588697,17.546977660972384,73.0683994528043
618688,2026-04-01,23.98160315374507,23.98160315374507,5.978975032851511,22.542706964520356,0.0,0.0
618688,2026-05-01,23.98160315374507,23.98160315374507,6.964520367936925,23.23193166885676,0.0,0.0
618688,2026-06-01,23.98160315374507,23.98160315374507,7.982917214191852,23.43134034165572,0.0,0.0
618688,2026-07-01,23.98160315374507,23.98160315374507,8.968462549277266,23.741787122207626,0.0,0.0
618690,2026-04-01,23.98160315374507,23.98160315374507,13.009198423127463,24.89356110381077,0.9119579500657018,3.8027397260273923
618690,2026-05-01,23.98160315374507,23.98160315374507,13.994743758212875,25.69415243101183,1.7125492772667599,7.141095890410982
618690,2026-06-01,23.98160315374507,23.98160315374507,15.013140604467806,24.952036793692514,0.9704336399474442,4.046575342465782
618690,2026-07-01,23.98160315374507,23.98160315374507,15.99868593955322,24.561432325886994,0.579829172141924,2.4178082191781054
618691,2026-04-01,23.98160315374507,23.98160315374507,7.982917214191852,23.981603153745088,1.7763568394002505e-14,7.407164683745702e-14
618691,2026-05-01,23.98160315374507,23.98160315374507,8.968462549277266,23.981603153745088,1.7763568394002505e-14,7.407164683745702e-14
618691,2026-06-01,23.98160315374507,23.98160315374507,9.986859395532194,23.981603153745088,1.7763568394002505e-14,7.407164683745702e-14
618691,2026-07-01,23.98160315374507,23.98160315374507,10.972404730617608,23.981603153745088,1.7763568394002505e-14,7.407164683745702e-14
618692,2026-04-01,39.94743758212878,89.94743758212877,85.93955321944809,85.93955321944809,45.99211563731931,115.13157894736841
618692,2026-05-01,39.94743758212878,89.94743758212877,86.9250985545335,88.91130091984242,48.96386333771364,122.57072368421078
618692,2026-06-01,39.94743758212878,89.94743758212877,87.94349540078844,89.74375821287788,49.7963206307491,124.6546052631581
618693,2026-04-01,29.96057818659658,53.942181340341655,50.9526938239159,53.09855453350846,23.13797634691188,77.22807017543835
618693,2026-05-01,29.96057818659658,53.942181340341655,51.93823915900131,53.39093298291715,23.430354796320568,78.20394736842084
618693,2026-06-01,29.96057818659658,54.96057818659658,52.95663600525624,54.740801576872556,24.780223390275975,82.70942982456148
618693,2026-07-01,29.96057818659658,54.96057818659658,53.942181340341655,55.08212877792383,25.121550591327246,83.84868421052647
618694,2026-04-01,22.996057818659654,42.96977660972404,40.9658344283837,43.12023653088051,20.124178712220857,87.511428571429
618694,2026-05-01,22.996057818659654,43.95532194480946,41.95137976346912,44.703679369250985,21.70762155059133,94.3971428571429
618694,2026-06-01,22.996057818659654,43.95532194480946,42.96977660972404,45.46649145860712,22.47043363994747,97.71428571428586
618694,2026-07-01,22.996057818659654,44.97371879106439,43.95532194480946,46.044349540078855,23.0482917214192,100.22714285714294
618695,2026-04-01,23.98160315374507,54.96057818659658,53.975032851511166,54.35183968462553,30.37023653088046,126.63972602739744
618695,2026-05-01,23.98160315374507,55.97897503285151,54.96057818659658,55.55617608409989,31.57457293035482,131.66164383561653
618697,2026-04-01,22.963206307490143,34.95400788436268,19.97371879106439,33.01018396846258,10.046977660972434,43.75250357653805
618697,2026-05-01,22.963206307490143,34.95400788436268,20.9592641261498,32.211235216819965,9.248028909329822,40.27324749642343
618697,2026-06-01,22.963206307490143,37.97634691195795,21.97766097240473,31.47536136662286,8.512155059132716,37.06866952789698
618697,2026-07-01,22.963206307490143,37.97634691195795,22.963206307490143,33.420499342969755,10.457293035479612,45.53934191702423
618698,2026-04-01,23.98160315374507,52.95663600525624,62.94349540078844,62.94349540078844,38.96189224704337,162.46575342465758
618698,2026-05-01,23.98160315374507,52.95663600525624,63.92904073587385,63.92904073587385,39.94743758212878,166.57534246575347
618699,2026-04-01,30.97897503285151,30.97897503285151,85.93955321944809,85.93955321944809,54.96057818659658,177.41251325556732
618699,2026-05-01,30.97897503285151,30.97897503285151,86.9250985545335,86.9250985545335,55.946123521682,180.59384941675503
618700,2026-04-01,23.98160315374507,51.93823915900131,50.9526938239159,52.11070959264125,28.12910643889618,117.29452054794518
618700,2026-05-01,23.98160315374507,55.97897503285151,51.93823915900131,54.74638633377136,30.764783180026292,128.28493150684938
618700,2026-06-01,23.98160315374507,55.97897503285151,52.95663600525624,55.0952693823916,31.11366622864653,129.73972602739732
618700,2026-07-01,23.98160315374507,55.97897503285151,53.942181340341655,54.82424441524312,30.842641261498052,128.609589041096
618701,2026-04-01,23.98160315374507,33.01576872536137,56.99737187910644,56.99737187910644,33.01576872536137,137.67123287671234
618701,2026-05-01,23.98160315374507,33.01576872536137,57.98291721419185,57.98291721419185,34.00131406044678,141.78082191780823
618702,2026-04-01,23.98160315374507,53.942181340341655,52.95663600525624,57.24934296977654,33.26773981603147,138.72191780821893
618702,2026-05-01,23.98160315374507,60.972404730617605,53.942181340341655,59.09921156373186,35.117608409986794,146.4356164383559
618702,2026-06-01,23.98160315374507,60.972404730617605,54.96057818659658,60.790407358738406,36.808804204993336,153.48767123287635
618702,2026-07-01,23.98160315374507,64.94743758212877,55.946123521682,62.95729303547965,38.97568988173458,162.523287671233
618704,2026-04-01,31.011826544021023,23.98160315374507,21.97766097240473,25.04270696452037,0.0,0.0
618704,2026-05-01,31.011826544021023,23.98160315374507,22.963206307490143,25.12056504599212,0.0,0.0
618704,2026-06-01,31.011826544021023,24.967148488830485,23.98160315374507,25.614323258869874,0.0,0.0
618704,2026-07-01,31.011826544021023,25.98554533508541,24.967148488830485,26.507336837494528,0.0,0.0
618705,2026-04-01,23.98160315374507,23.98160315374507,1.938239159001314,23.982588699080175,0.000985545335105087,0.004109589041177924
618705,2026-05-01,23.98160315374507,23.98160315374507,2.923784494086728,23.981603153745088,1.7763568394002505e-14,7.407164683745702e-14
618705,2026-06-01,23.98160315374507,23.98160315374507,3.942181340341656,23.981603153745088,1.7763568394002505e-14,7.407164683745702e-14
618705,2026-07-01,23.98160315374507,23.98160315374507,4.92772667542707,23.981603153745088,1.7763568394002505e-14,7.407164683745702e-14
618706,2026-04-01,30.05913272010512,85.0197109067017,83.01576872536137,83.201708278581,53.142575558475876,176.79344262295146
618706,2026-05-01,30.05913272010512,86.00525624178712,84.00131406044677,85.99408672798945,55.934954007884336,186.08306010928956
618706,2026-06-01,30.05913272010512,86.00525624178712,85.0197109067017,86.58804204993422,56.5289093298291,188.05901639344242
618706,2026-07-01,30.05913272010512,88.04204993429697,86.00525624178712,87.84888304862027,57.78975032851515,192.25355191256847
618707,2026-04-01,23.98160315374507,23.98160315374507,2.9566360052562417,26.62417871222078,2.642575558475709,11.019178082191862
618707,2026-05-01,23.98160315374507,34.98685939553219,3.942181340341656,31.644875164257563,7.663272010512493,31.954794520547992
618707,2026-06-01,23.98160315374507,27.95663600525624,4.960578186596584,30.732260183968446,6.750657030223376,28.149315068493095
618707,2026-07-01,23.98160315374507,27.95663600525624,5.946123521681997,28.76642575558477,4.7848226018397,19.952054794520613
618708,2026-04-01,24.014454664914584,34.98685939553219,34.00131406044678,37.100197109067,13.085742444152412,54.49110807113535
618708,2026-05-01,24.014454664914584,44.97371879106439,34.98685939553219,44.68823915900135,20.673784494086764,86.08891928864585
618708,2026-06-01,24.014454664914584,44.97371879106439,36.00525624178712,45.80584756898821,21.79139290407363,90.74281805745572
618708,2026-07-01,24.014454664914584,44.97371879106439,36.990801576872535,44.15965834428388,20.1452036793693,83.88782489740103
618709,2026-04-01,24.014454664914584,59.03416557161629,35.019710906701704,40.453022339027555,16.43856767411297,68.45280437756483
618709,2026-05-01,24.014454664914584,59.03416557161629,36.00525624178712,40.53416557161626,16.51971090670168,68.79069767441848
618709,2026-06-01,24.014454664914584,59.03416557161629,37.023653088042046,53.71550591327201,29.701051248357427,123.67989056087553
618709,2026-07-01,24.014454664914584,59.03416557161629,38.009198423127465,55.956307490144546,31.94185282522996,133.0109439124487
618710,2026-04-01,30.02628120893561,59.98685939553219,59.00131406044678,59.719776609724114,29.693495400788503,98.89168490153195
618710,2026-05-01,30.02628120893561,61.00525624178712,59.98685939553219,60.719776609724,30.69349540078839,102.22210065645498
618710,2026-06-01,30.02628120893561,61.990801576872535,61.00525624178712,61.884691195794964,31.858409986859353,106.10175054704581
618710,2026-07-01,30.02628120893561,63.00919842312746,61.990801576872535,62.44250985545341,32.416228646517794,107.95951859956254
618711,2026-04-01,24.014454664914584,41.95137976346912,40.9658344283837,41.779566360052605,17.76511169513802,73.9767441860467
618711,2026-05-01,24.014454664914584,42.96977660972404,41.95137976346912,42.910643889618996,18.89618922470441,78.68673050615627
618711,2026-06-01,24.014454664914584,43.95532194480946,42.96977660972404,44.17345597897503,20.159001314060443,83.94528043775648
618711,2026-07-01,24.014454664914584,44.97371879106439,43.95532194480946,44.90275952693829,20.888304862023706,86.98221614227108
618712,2026-04-01,24.014454664914584,33.96846254927726,25.952693823915897,32.404073587385035,8.38961892247045,34.935704514363955
618712,2026-05-01,24.014454664914584,36.92509855453351,26.938239159001316,35.24408672798951,11.229632063074927,46.76196990424087
618712,2026-06-01,24.014454664914584,36.92509855453351,27.95663600525624,35.572273324572954,11.55781865965837,48.12859097127234
618712,2026-07-01,24.014454664914584,36.92509855453351,28.94218134034165,35.952365308804225,11.93791064388964,49.71135430916562
618713,2026-04-01,24.014454664914584,37.94349540078844,25.952693823915897,38.378120893561096,14.363666228646512,59.812585499315986
618713,2026-05-01,24.014454664914584,44.97371879106439,26.938239159001316,43.60939553219453,19.59494086727995,81.59644322845439
618713,2026-06-01,24.014454664914584,44.97371879106439,27.95663600525624,43.9691195795007,19.954664914586115,83.09439124487022
618713,2026-07-01,24.014454664914584,44.97371879106439,28.94218134034165,44.46123521682003,20.446780551905444,85.14363885088943
618714,2026-04-01,24.014454664914584,33.96846254927726,25.952693823915897,34.111695137976376,10.097240473061792,42.04651162790711
618714,2026-05-01,24.014454664914584,39.94743758212878,26.938239159001316,39.557161629434944,15.54270696452036,64.7222982216142
618714,2026-06-01,24.014454664914584,39.94743758212878,27.95663600525624,39.907358738501955,15.89290407358737,66.18057455540351
618714,2026-07-01,24.014454664914584,39.94743758212878,28.94218134034165,40.267739816031515,16.25328515111693,67.68125854993153
618715,2026-04-01,24.014454664914584,36.00525624178712,25.952693823915897,31.86826544021022,7.853810775295635,32.704514363884975
618715,2026-05-01,24.014454664914584,37.94349540078844,26.938239159001316,36.56340341655715,12.548948751642566,52.25581395348834
618715,2026-06-01,24.014454664914584,37.94349540078844,27.95663600525624,37.476675427069615,13.462220762155031,56.05882352941165
618715,2026-07-01,24.014454664914584,37.94349540078844,28.94218134034165,37.50985545335083,13.495400788436246,56.19699042407652
618716,2026-04-01,23.98160315374507,33.01576872536137,25.0,32.57654402102495,8.594940867279881,35.839726027397205
618716,2026-05-01,23.98160315374507,35.972404730617605,25.98554533508541,35.48357424441527,11.501971090670203,47.96164383561658
618716,2026-06-01,23.98160315374507,35.972404730617605,27.003942181340346,35.43626806833116,11.45466491458609,47.76438356164392
618716,2026-07-01,23.98160315374507,35.972404730617605,27.989487516425758,35.408672798948785,11.427069645203716,47.64931506849331
618717,2026-04-01,23.98160315374507,32.03022339027595,25.0,28.858738501971096,4.877135348226027,20.3369863013699
618717,2026-05-01,23.98160315374507,35.05256241787122,25.98554533508541,34.272996057818695,10.291392904073625,42.91369863013715
618717,2026-06-01,23.98160315374507,35.05256241787122,27.003942181340346,34.95532194480949,10.973718791064421,45.758904109589174
618717,2026-07-01,23.98160315374507,35.05256241787122,27.989487516425758,34.8538107752957,10.87220762155063,45.335616438356325
618718,2026-04-01,23.98160315374507,25.919842312746383,13.92904073587385,25.857095926412597,1.8754927726675277,7.820547945205418
618718,2026-05-01,23.98160315374507,33.93561103810775,14.914586070959263,29.995072273324563,6.013469119579494,25.075342465753398
618718,2026-06-01,23.98160315374507,33.93561103810775,15.932982917214192,31.906044678055167,7.924441524310097,33.04383561643827
618718,2026-07-01,23.98160315374507,33.93561103810775,16.918528252299605,31.488501971090646,7.506898817345576,31.302739726027305
618719,2026-04-01,24.014454664914584,34.98685939553219,25.952693823915897,35.53252299605779,11.518068331143208,47.963064295485545
618719,2026-05-01,24.014454664914584,40.93298291721419,26.938239159001316,40.245729303548,16.23127463863342,67.58960328317391
618719,2026-06-01,24.014454664914584,40.93298291721419,27.95663600525624,40.92444152431014,16.909986859395556,70.41586867305072
618719,2026-07-01,24.014454664914584,40.93298291721419,28.94218134034165,40.77003942181345,16.755584756898866,69.77291381668968
618720,2026-04-01,23.98160315374507,35.05256241787122,25.0,33.856438896189246,9.874835742444176,41.17671232876723
618720,2026-05-01,23.98160315374507,36.990801576872535,25.98554533508541,36.35183968462551,12.37023653088044,51.58219178082201
618720,2026-06-01,23.98160315374507,36.990801576872535,27.003942181340346,36.89881734559787,12.9172141918528,53.863013698630034
618720,2026-07-01,23.98160315374507,36.990801576872535,27.989487516425758,36.60939553219445,12.627792378449378,52.656164383561524
618721,2026-04-01,24.014454664914584,34.98685939553219,25.952693823915897,35.18429697766095,11.169842312746365,46.51299589603274
618721,2026-05-01,24.014454664914584,41.95137976346912,26.938239159001316,41.46944809461233,17.454993429697748,72.68536251709979
618721,2026-06-01,24.014454664914584,41.95137976346912,27.95663600525624,41.47963206307488,17.465177398160296,72.72777017783851
618721,2026-07-01,24.014454664914584,41.95137976346912,28.94218134034165,41.314717477003924,17.30026281208934,72.04103967168255
618722,2026-04-01,24.014454664914584,38.009198423127465,35.019710906701704,44.50164257555849,20.487187910643907,85.31190150478804
618722,2026-05-01,24.014454664914584,45.99211563731932,36.00525624178712,45.28022339027597,21.265768725361387,88.55403556771554
618722,2026-06-01,24.014454664914584,45.99211563731932,37.023653088042046,45.75591327201053,21.741458607095947,90.53488372093032
618722,2026-07-01,24.014454664914584,45.99211563731932,38.009198423127465,44.92542706964524,20.910972404730654,87.07660738714105
618723,2026-04-01,24.014454664914584,43.03547963206307,35.019710906701704,43.33147174770037,19.317017082785785,80.43912448700401
618723,2026-05-01,24.014454664914584,43.03547963206307,36.00525624178712,43.80059132720105,19.786136662286463,82.39261285909713
618723,2026-06-01,24.014454664914584,45.072273324572926,37.023653088042046,45.09165571616297,21.077201051248384,87.76880984952132
618723,2026-07-01,24.014454664914584,45.072273324572926,38.009198423127465,44.973718791064414,20.95926412614983,87.27770177838589
618724,2026-04-01,22.996057818659654,22.996057818659654,9.00131406044678,23.004599211563736,0.008541392904081846,0.03714285714289306
618724,2026-05-01,22.996057818659654,22.996057818659654,9.986859395532194,22.98423127463864,0.0,0.0
618724,2026-06-01,22.996057818659654,22.996057818659654,11.00525624178712,22.95367936925099,0.0,0.0
618724,2026-07-01,22.996057818659654,22.996057818659654,11.990801576872537,23.29402102496715,0.2979632063074966,1.295714285714314
618725,2026-04-01,23.98160315374507,23.98160315374507,6.964520367936925,23.981603153745088,1.7763568394002505e-14,7.407164683745702e-14
618725,2026-05-01,23.98160315374507,23.98160315374507,7.950065703022338,23.981603153745088,1.7763568394002505e-14,7.407164683745702e-14
618725,2026-06-01,23.98160315374507,23.98160315374507,8.968462549277266,23.981603153745088,1.7763568394002505e-14,7.407164683745702e-14
618725,2026-07-01,23.98160315374507,23.98160315374507,9.95400788436268,23.981603153745088,1.7763568394002505e-14,7.407164683745702e-14
618726,2026-04-01,23.98160315374507,23.98160315374507,5.978975032851511,23.981603153745088,1.7763568394002505e-14,7.407164683745702e-14
618726,2026-05-01,23.98160315374507,23.98160315374507,6.964520367936925,23.95137976346913,0.0,0.0
618726,2026-06-01,23.98160315374507,23.98160315374507,7.982917214191852,23.981603153745088,1.7763568394002505e-14,7.407164683745702e-14
618726,2026-07-01,23.98160315374507,23.98160315374507,8.968462549277266,23.981603153745088,1.7763568394002505e-14,7.407164683745702e-14
618727,2026-04-01,23.98160315374507,23.98160315374507,5.978975032851511,23.981603153745088,1.7763568394002505e-14,7.407164683745702e-14
618727,2026-05-01,23.98160315374507,23.98160315374507,6.964520367936925,23.95137976346913,0.0,0.0
618727,2026-06-01,23.98160315374507,23.98160315374507,7.982917214191852,23.981603153745088,1.7763568394002505e-14,7.407164683745702e-14
618727,2026-07-01,23.98160315374507,23.98160315374507,8.968462549277266,23.981603153745088,1.7763568394002505e-14,7.407164683745702e-14
618728,2026-04-01,23.98160315374507,29.927726675427067,16.95137976346912,29.377135348226005,5.395532194480936,22.498630136986257
618728,2026-05-01,23.98160315374507,29.927726675427067,17.936925098554532,29.553219448094595,5.571616294349525,23.232876712328707
618728,2026-06-01,23.98160315374507,29.927726675427067,18.95532194480946,28.773653088042032,4.792049934296962,19.982191780821854
618728,2026-07-01,23.98160315374507,29.927726675427067,19.940867279894874,30.005584756898802,6.023981603153732,25.11917808219173
618729,2026-06-01,24.014454664914584,24.014454664914584,0.0,24.01445466491459,7.105427357601002e-15,2.9588127054086796e-14
618729,2026-07-01,24.014454664914584,24.014454664914584,0.0,24.01445466491459,7.105427357601002e-15,2.9588127054086796e-14
618730,2026-05-01,24.014454664914584,24.014454664914584,0.0,23.83377135348227,0.0,0.0
618730,2026-06-01,24.014454664914584,24.014454664914584,1.0183968462549278,24.093298291721425,0.0788436268068402,0.3283173734610419
618730,2026-07-01,24.014454664914584,24.014454664914584,2.0039421813403417,23.650459921156383,0.0,0.0
618731,2026-07-01,24.014454664914584,24.014454664914584,0.0,24.01445466491459,7.105427357601002e-15,2.9588127054086796e-14
618732,2026-05-01,24.014454664914584,24.014454664914584,0.0,23.843955321944822,0.0,0.0
618732,2026-06-01,24.014454664914584,24.014454664914584,1.0183968462549278,24.093955321944815,0.07950065703023057,0.3310533515732173
618732,2026-07-01,24.014454664914584,24.014454664914584,2.0039421813403417,24.01445466491459,7.105427357601002e-15,2.9588127054086796e-14
618733,2026-06-01,24.014454664914584,24.014454664914584,0.0,24.01445466491459,7.105427357601002e-15,2.9588127054086796e-14
618733,2026-07-01,24.014454664914584,24.014454664914584,0.0,24.0949408672799,0.08048620236531434,0.33515731874147314
618734,2026-04-01,23.98160315374507,23.98160315374507,6.964520367936925,23.981603153745088,1.7763568394002505e-14,7.407164683745702e-14
618734,2026-05-01,23.98160315374507,23.98160315374507,7.950065703022338,23.95137976346913,0.0,0.0
618734,2026-06-01,23.98160315374507,23.98160315374507,8.968462549277266,23.981603153745088,1.7763568394002505e-14,7.407164683745702e-14
618734,2026-07-01,23.98160315374507,23.98160315374507,9.95400788436268,23.981603153745088,1.7763568394002505e-14,7.407164683745702e-14
618735,2026-04-01,19.97371879106439,43.95532194480946,42.96977660972404,44.89356110381077,24.91984231274638,124.76315789473679
618735,2026-05-01,19.97371879106439,47.99605781865966,43.95532194480946,46.82654402102494,26.852825229960548,134.44078947368405
618735,2026-06-01,19.97371879106439,47.99605781865966,44.97371879106439,47.62056504599207,27.646846254927684,138.4161184210524
618735,2026-07-01,19.97371879106439,47.99605781865966,45.959264126149804,47.944480946123505,27.970762155059116,140.03782894736833
618736,2026-04-01,29.927726675427067,29.927726675427067,18.95532194480946,29.483245729303526,0.0,0.0
618736,2026-05-01,29.927726675427067,29.927726675427067,19.940867279894874,29.574572930354776,0.0,0.0
618736,2026-06-01,29.927726675427067,29.927726675427067,20.9592641261498,30.150788436268044,0.22306176084097729,0.7453347969263829
618736,2026-07-01,29.927726675427067,29.927726675427067,21.944809461235216,30.483574244415223,0.5558475689881561,1.85729967069149
618737,2026-04-01,23.98160315374507,23.98160315374507,3.975032851511169,23.751787122207624,0.0,0.0
618737,2026-05-01,23.98160315374507,23.98160315374507,4.960578186596584,23.751787122207624,0.0,0.0
618737,2026-06-01,23.98160315374507,23.98160315374507,5.978975032851511,23.751787122207624,0.0,0.0
618737,2026-07-01,23.98160315374507,23.98160315374507,6.964520367936925,23.751787122207624,0.0,0.0
618738,2026-04-01,47.99605781865966,65.9658344283837,30.97897503285151,56.98160315374506,8.985545335085405,18.72142368240929
618738,2026-05-01,47.99605781865966,65.9658344283837,31.964520367936924,61.78975032851512,13.793692509855461,28.73921971252568
618738,2026-06-01,47.99605781865966,65.9658344283837,32.98291721419185,62.09132720105124,14.095269382391585,29.367556468172474
618738,2026-07-01,47.99605781865966,65.9658344283837,33.96846254927726,62.45597897503284,14.459921156373184,30.127310061601627
618739,2026-04-01,24.014454664914584,42.04993429697766,37.023653088042046,49.64717477003942,25.632720105124836,106.73871409028727
618739,2026-05-01,24.014454664914584,52.00394218134034,38.009198423127465,51.42575558475694,27.411300919842358,114.14500683994548
618739,2026-06-01,24.014454664914584,52.00394218134034,39.02759526938239,52.436596583442885,28.4221419185283,118.3543091655269
618739,2026-07-01,24.014454664914584,52.00394218134034,40.01314060446781,51.73258869908016,27.718134034165576,115.42270861833109
618740,2026-04-01,24.014454664914584,47.010512483574246,33.01576872536137,45.95072273324571,21.936268068331128,91.34610123119009
618740,2026-05-01,24.014454664914584,52.03679369250985,34.00131406044678,48.16064388961893,24.146189224704347,100.54856361149116
618740,2026-06-01,24.014454664914584,52.03679369250985,35.019710906701704,50.504270696452025,26.48981603153744,110.30779753761965
618740,2026-07-01,24.014454664914584,52.03679369250985,36.00525624178712,49.93495400788434,25.92049934296976,107.93707250341991
618741,2026-04-01,24.014454664914584,51.93823915900131,37.94349540078844,52.26511169513801,28.250657030223426,117.64021887824913
618741,2026-05-01,24.014454664914584,60.939553219448094,38.92904073587385,57.16852825229967,33.154073587385085,138.05882352941205
618741,2026-06-01,24.014454664914584,60.939553219448094,39.94743758212878,59.47700394218143,35.462549277266845,147.6716826265394
618741,2026-07-01,24.014454664914584,60.939553219448094,40.93298291721419,58.86859395532204,34.85413929040746,145.1381668946653
618742,2026-04-01,24.014454664914584,24.014454664914584,0.0,23.83409986859397,0.0,0.0
618742,2026-05-01,24.014454664914584,24.014454664914584,0.985545335085414,23.83377135348227,0.0,0.0
618742,2026-06-01,24.014454664914584,24.014454664914584,2.0039421813403417,24.0949408672799,0.08048620236531434,0.33515731874147314
618742,2026-07-01,24.014454664914584,24.014454664914584,2.9894875164257555,24.0949408672799,0.08048620236531434,0.33515731874147314
618743,2026-04-01,207.03022339027595,207.03022339027595,225.0,225.0,17.96977660972405,8.679784195493495
618743,2026-05-01,207.03022339027595,207.03022339027595,225.9855453350854,225.9855453350854,18.95532194480944,9.155823548079965
618744,2026-04-01,24.014454664914584,39.94743758212878,37.94349540078844,39.63994743758211,15.625492772667524,65.06703146374821
618744,2026-05-01,24.014454664914584,40.93298291721419,38.92904073587385,40.418528252299645,16.40407358738506,68.30916552667597
618744,2026-06-01,24.014454664914584,40.93298291721419,39.94743758212878,41.04204993429705,17.027595269382463,70.90560875513026
618744,2026-07-01,24.014454664914584,41.95137976346912,40.93298291721419,42.41458607095923,18.400131406044647,76.62106703146362
618745,2026-04-01,24.014454664914584,36.990801576872535,36.00525624178712,36.87779237844941,12.863337713534829,53.56497948016419
618745,2026-05-01,24.014454664914584,38.009198423127465,36.990801576872535,37.88896189224707,13.874507227332483,57.77564979480175
618746,2026-04-01,24.014454664914584,47.99605781865966,41.98423127463863,46.90045992115633,22.88600525624175,95.3009575923391
618746,2026-05-01,24.014454664914584,47.99605781865966,42.96977660972404,47.33278580814713,23.318331143232545,97.1012311901503
618746,2026-06-01,24.014454664914584,47.99605781865966,43.98817345597897,47.23127463863333,23.216819973718746,96.67852257181924
618746,2026-07-01,24.014454664914584,47.99605781865966,44.97371879106439,46.41130091984226,22.396846254927677,93.2640218878247
618747,2026-04-01,24.014454664914584,43.95532194480946,42.96977660972404,44.441195795006564,20.42674113009198,85.06019151846785
618747,2026-05-01,24.014454664914584,44.97371879106439,43.95532194480946,44.97437582128784,20.95992115637326,87.28043775649823
618747,2026-06-01,24.014454664914584,45.959264126149804,44.97371879106439,46.00394218134029,21.989487516425708,91.56771545827614
618747,2026-07-01,24.014454664914584,46.97766097240473,45.959264126149804,47.06964520367946,23.055190538764872,96.00547195622472
618748,2026-04-01,24.014454664914584,31.964520367936924,42.96977660972404,42.96977660972404,18.95532194480946,78.9329685362517
618748,2026-05-01,24.014454664914584,31.964520367936924,43.95532194480946,43.95532194480946,19.940867279894878,83.03693570451438
618749,2026-04-01,24.014454664914584,44.97371879106439,42.96977660972404,42.96977660972404,18.95532194480946,78.9329685362517
618749,2026-05-01,24.014454664914584,44.97371879106439,43.95532194480946,43.95532194480946,19.940867279894878,83.03693570451438
618749,2026-06-01,24.014454664914584,45.959264126149804,44.97371879106439,44.97371879106439,20.959264126149808,87.27770177838579
618751,2026-04-01,24.014454664914584,40.01314060446781,30.97897503285151,39.999014454664945,15.98455978975036,66.56224350205213
618751,2026-05-01,24.014454664914584,40.01314060446781,31.964520367936924,40.587056504599246,16.572601839684662,69.01094391244885
618751,2026-06-01,24.014454664914584,41.95137976346912,32.98291721419185,41.989487516425726,17.97503285151114,74.85088919288636
618751,2026-07-01,24.014454664914584,41.95137976346912,33.96846254927726,41.670827858081445,17.65637319316686,73.52393980848143
618754,2026-04-01,23.98160315374507,23.98160315374507,9.986859395532194,23.981603153745088,1.7763568394002505e-14,7.407164683745702e-14
618754,2026-05-01,23.98160315374507,23.98160315374507,10.972404730617608,23.981603153745088,1.7763568394002505e-14,7.407164683745702e-14
618754,2026-06-01,23.98160315374507,23.98160315374507,11.990801576872537,23.981603153745073,3.552713678800501e-15,1.4814329367491404e-14
618754,2026-07-01,23.98160315374507,23.98160315374507,12.976346911957949,24.19218134034166,0.21057818659658878,0.8780821917808443
618755,2026-04-01,10.972404730617608,12.976346911957949,11.990801576872537,13.370893561103824,2.3984888304862153,21.859281437125865
618755,2026-05-01,10.972404730617608,13.994743758212875,12.976346911957949,14.162614980289101,3.190210249671493,29.074850299401273
618756,2026-04-01,23.98160315374507,75.9855453350854,72.99605781865965,75.75788436268068,51.776281208935615,215.90000000000003
618756,2026-05-01,23.98160315374507,75.9855453350854,73.98160315374507,75.83048620236538,51.84888304862031,216.20273972602772
618756,2026-06-01,23.98160315374507,75.9855453350854,75.0,75.91622864651784,51.93462549277277,216.56027397260317
618756,2026-07-01,23.98160315374507,77.00394218134034,75.9855453350854,76.77890932982913,52.797306176084064,220.15753424657524
618757,2026-04-01,23.98160315374507,25.98554533508541,25.0,34.64191852825226,10.660315374507192,44.45205479452041
618757,2026-05-01,23.98160315374507,38.99474375821288,25.98554533508541,39.145860709592604,15.164257555847534,63.23287671232863
618757,2026-06-01,23.98160315374507,38.99474375821288,27.003942181340346,39.30453350854135,15.322930354796277,63.894520547945035
618757,2026-07-01,23.98160315374507,38.99474375821288,27.989487516425758,40.26544021024962,16.283837056504552,67.9013698630135
618758,2026-04-01,23.98160315374507,23.98160315374507,18.95532194480946,25.662286465177395,1.6806833114323254,7.008219178082191
618758,2026-05-01,23.98160315374507,23.98160315374507,19.940867279894874,25.861695137976362,1.8800919842312922,7.839726027397334
618758,2026-06-01,23.98160315374507,23.98160315374507,20.9592641261498,25.346254927726672,1.3646517739816026,5.690410958904108
618758,2026-07-01,23.98160315374507,22.963206307490143,21.944809461235216,24.35545335085412,0.37385019710905,1.5589041095889702
618759,2026-04-01,24.014454664914584,31.964520367936924,30.97897503285151,33.65867279894877,9.644218134034187,40.16005471956233
618759,2026-05-01,24.014454664914584,36.990801576872535,31.964520367936924,35.73904949627683,11.724594831362243,48.82307341541268
618759,2026-06-01,24.014454664914584,36.990801576872535,32.98291721419185,36.75591327201049,12.741458607095904,53.05745554035559
618759,2026-07-01,24.014454664914584,36.990801576872535,33.96846254927726,37.50788436268067,13.493429697766086,56.18878248974004
618760,2026-04-01,18.988173455978973,39.98028909329829,39.98028909329829,41.317674113009225,22.329500657030252,117.59688581314896
618760,2026-05-01,18.988173455978973,39.98028909329829,40.9658344283837,40.977332457293066,21.989159001314093,115.80449826989638
618761,2026-04-01,24.014454664914584,40.93298291721419,37.94349540078844,40.45860709592645,16.44415243101187,68.47606019151866
618761,2026-05-01,24.014454664914584,40.93298291721419,38.92904073587385,40.545006570302284,16.5305519053877,68.83584131326973
618761,2026-06-01,24.014454664914584,40.93298291721419,39.94743758212878,40.853810775295734,16.83935611038115,70.1217510259921
618761,2026-07-01,24.014454664914584,41.95137976346912,40.93298291721419,42.04632063074898,18.031865965834395,75.08755129958948
618762,2026-04-01,23.98160315374507,98.91590013140603,97.93035479632064,98.47141918528236,74.48981603153729,310.6123287671227
618762,2026-05-01,23.98160315374507,99.93429697766096,98.91590013140603,100.17969776609712,76.19809461235205,317.7356164383557
618762,2026-06-01,23.98160315374507,100.91984231274638,99.93429697766096,100.9606329391153,76.97902978537023,320.99200913242055
618762,2026-07-01,23.98160315374507,101.93823915900133,100.91984231274638,101.69782084975904,77.71621769601397,324.06598173515965
618764,2026-04-01,24.014454664914584,40.9658344283837,39.98028909329829,43.801248357424484,19.7867936925099,82.3953488372095
618764,2026-05-01,24.014454664914584,47.99605781865966,40.9658344283837,46.15111695137976,22.136662286465178,92.18057455540357
618764,2026-06-01,24.014454664914584,47.99605781865966,41.98423127463863,48.23324572930349,24.218791064388906,100.85088919288623
618764,2026-07-01,24.014454664914584,47.99605781865966,42.96977660972404,49.292706964520306,25.27825229960572,105.26265389876856
618765,2026-04-01,24.014454664914584,36.00525624178712,33.01576872536137,36.037122207621586,12.022667542707001,50.064295485636265
618765,2026-05-01,24.014454664914584,36.00525624178712,34.00131406044678,36.810775295663596,12.796320630749012,53.28590971272229
618765,2026-06-01,24.014454664914584,37.023653088042046,35.019710906701704,37.02003942181338,13.005584756898795,54.15731874144998
618765,2026-07-01,24.014454664914584,37.023653088042046,36.00525624178712,37.190867279894846,13.176412614980261,54.86867305061548
618766,2026-04-01,23.98160315374507,23.98160315374507,11.990801576872537,23.981603153745073,3.552713678800501e-15,1.4814329367491404e-14
618766,2026-05-01,23.98160315374507,23.98160315374507,12.976346911957949,24.22207621550592,0.2404730617608486,1.0027397260274291
618766,2026-06-01,23.98160315374507,23.98160315374507,13.994743758212875,24.1826544021025,0.20105124835743027,0.8383561643835861
618766,2026-07-01,23.98160315374507,23.98160315374507,14.98028909329829,24.242444152431013,0.2608409986859428,1.087671232876726
618768,2026-04-01,24.014454664914584,32.06307490144547,1.0183968462549278,21.791721419185297,0.0,0.0
618768,2026-05-01,24.014454664914584,32.06307490144547,2.0039421813403417,23.010840998685943,0.0,0.0
618768,2026-06-01,24.014454664914584,32.06307490144547,3.0223390275952693,29.031865965834363,5.017411300919779,20.89329685362491
618768,2026-07-01,24.014454664914584,32.06307490144547,4.007884362680684,29.690538764783124,5.67608409986854,23.636114911080487
618769,2026-04-01,23.98160315374507,23.98160315374507,6.964520367936925,23.981603153745088,1.7763568394002505e-14,7.407164683745702e-14
618769,2026-05-01,23.98160315374507,23.98160315374507,7.950065703022338,23.981603153745088,1.7763568394002505e-14,7.407164683745702e-14
618769,2026-06-01,23.98160315374507,23.98160315374507,8.968462549277266,23.981603153745088,1.7763568394002505e-14,7.407164683745702e-14
618769,2026-07-01,23.98160315374507,23.98160315374507,9.95400788436268,23.981603153745088,1.7763568394002505e-14,7.407164683745702e-14
618770,2026-04-01,24.014454664914584,28.97503285151117,41.98423127463863,41.98423127463863,17.969776609724047,74.82900136798905
618770,2026-05-01,24.014454664914584,28.97503285151117,42.96977660972404,42.96977660972404,18.95532194480946,78.9329685362517
618771,2026-04-01,24.014454664914584,39.98028909329829,39.98028909329829,39.98028909329829,15.965834428383705,66.484268125855
618771,2026-05-01,24.014454664914584,39.98028909329829,40.9658344283837,41.02825229960581,17.013797634691226,70.84815321477441
618772,2026-04-01,24.014454664914584,30.97897503285151,29.993429697766096,31.715505913271965,7.7010512483573805,32.0683994528042
618772,2026-05-01,24.014454664914584,35.019710906701704,30.97897503285151,33.834428383705635,9.81997371879105,40.891928864569024
618772,2026-06-01,24.014454664914584,35.019710906701704,31.99737187910644,34.6941524310118,10.679697766097217,44.47195622435011
618772,2026-07-01,24.014454664914584,35.019710906701704,32.98291721419185,34.97371879106438,10.959264126149794,45.636114911080675
618773,2026-04-01,24.014454664914584,24.014454664914584,191.98423127463863,191.98423127463863,167.96977660972405,699.452804377565
618773,2026-05-01,24.014454664914584,24.014454664914584,192.96977660972405,192.96977660972405,168.95532194480947,703.5567715458277
618774,2026-04-01,29.927726675427067,57.98291721419185,62.94349540078844,62.94349540078844,33.015768725361376,110.31833150384199
618774,2026-05-01,29.927726675427067,57.98291721419185,63.92904073587385,63.92904073587385,34.00131406044678,113.61141602634468
618775,2026-04-01,17.969776609724047,17.969776609724047,5.978975032851511,18.56077529566358,0.5909986859395318,3.288848263253994
618775,2026-05-01,17.969776609724047,17.969776609724047,6.964520367936925,18.310118265440188,0.3403416557161414,1.893967093235712
618775,2026-06-01,17.969776609724047,17.969776609724047,7.982917214191852,18.11070959264124,0.14093298291719236,0.7842778793417432
618775,2026-07-01,17.969776609724047,17.969776609724047,8.968462549277266,18.120893561103788,0.15111695137974124,0.8409506398536241
618776,2026-04-01,24.014454664914584,37.023653088042046,35.019710906701704,37.50394218134033,13.489487516425744,56.172366621066985
618776,2026-05-01,24.014454664914584,40.04599211563732,36.00525624178712,39.18495400788433,15.170499342969745,63.1723666210669
618776,2026-06-01,24.014454664914584,40.04599211563732,37.023653088042046,39.638304862023645,15.62385019710906,65.06019151846783
618776,2026-07-01,24.014454664914584,40.04599211563732,38.009198423127465,40.325229960578135,16.31077529566355,67.9206566347467
618777,2026-04-01,25.03285151116951,31.99737187910644,29.993429697766096,31.5726018396846,6.53975032851509,26.124671916010417
618777,2026-05-01,25.03285151116951,34.00131406044678,30.97897503285151,32.11498028909329,7.082128777923778,28.291338582677138
618777,2026-06-01,25.03285151116951,34.00131406044678,31.99737187910644,33.301576872536145,8.268725361366634,33.031496062992176
618777,2026-07-01,25.03285151116951,34.00131406044678,32.98291721419185,34.018725361366656,8.985873850197144,35.89632545931773
618778,2026-04-01,24.014454664914584,40.9658344283837,38.96189224704336,41.08114323258874,17.066688567674152,71.06839945280454
618778,2026-05-01,24.014454664914584,40.9658344283837,39.94743758212878,41.40111695137985,17.386662286465263,72.40082079343402
618778,2026-06-01,24.014454664914584,41.95137976346912,40.9658344283837,42.51018396846254,18.495729303547957,77.0191518467852
618778,2026-07-01,24.014454664914584,42.96977660972404,41.95137976346912,43.501642575558556,19.48718791064397,81.1477428180578
618779,2026-04-01,17.969776609724047,39.94743758212878,38.96189224704336,38.96189224704336,20.992115637319312,116.81901279707493
618779,2026-05-01,17.969776609724047,40.9658344283837,39.94743758212878,40.11925098554539,22.149474375821345,123.25959780621605
618782,2026-04-01,23.98160315374507,32.03022339027595,25.0,31.938896189224664,7.957293035479594,33.18082191780807
618782,2026-05-01,23.98160315374507,35.972404730617605,25.98554533508541,35.09264126149804,11.111038107752968,46.33150684931512
618782,2026-06-01,23.98160315374507,35.972404730617605,27.003942181340346,35.959264126149826,11.977660972404756,49.94520547945216
618782,2026-07-01,23.98160315374507,35.972404730617605,27.989487516425758,36.05716162943498,12.07555847568991,50.353424657534376
618783,2026-04-01,23.98160315374507,34.03416557161629,25.0,34.25722733245724,10.275624178712171,42.84794520547925
618783,2026-05-01,23.98160315374507,43.00262812089356,25.98554533508541,40.08409986859396,16.10249671484889,67.14520547945209
618783,2026-06-01,23.98160315374507,43.00262812089356,27.003942181340346,41.57654402102494,17.594940867279867,73.36849315068483
618783,2026-07-01,23.98160315374507,43.00262812089356,27.989487516425758,40.743429697766075,16.761826544021005,69.89452054794512
618784,2026-04-01,23.98160315374507,29.993429697766096,23.98160315374507,29.039750328515137,5.058147174770067,21.091780821917926
618784,2026-05-01,23.98160315374507,29.993429697766096,24.967148488830485,29.735545335085433,5.7539421813403635,23.9931506849316
618784,2026-06-01,23.98160315374507,33.01576872536137,25.98554533508541,32.87549277266753,8.893889618922458,37.086301369862966
618784,2026-07-01,23.98160315374507,33.01576872536137,26.971090670170828,32.964848883048596,8.983245729303526,37.45890410958895
618785,2026-04-01,24.014454664914584,38.92904073587385,37.94349540078844,42.68725361366625,18.672798948751666,77.75649794801652
618785,2026-05-01,24.014454664914584,38.92904073587385,38.92904073587385,41.12943495400793,17.114980289093342,71.26949384404944
618785,2026-06-01,24.014454664914584,45.959264126149804,39.94743758212878,46.16590013140601,22.151445466491428,92.24213406292738
618785,2026-07-01,24.014454664914584,45.959264126149804,40.93298291721419,46.368593955321906,22.35413929040732,93.08618331053337
618786,2026-04-01,23.98160315374507,27.989487516425758,13.009198423127463,27.237516425755608,3.255913272010538,13.576712328767233
618786,2026-05-01,23.98160315374507,27.989487516425758,13.994743758212875,27.6980946123522,3.7164914586071305,15.49726027397275
618786,2026-06-01,23.98160315374507,27.989487516425758,15.013140604467806,27.159001314060458,3.177398160315388,13.249315068493209
618786,2026-07-01,23.98160315374507,27.989487516425758,15.99868593955322,27.54960578186598,3.5680026281209116,14.878082191780898
618787,2026-04-01,28.97503285151117,43.98817345597897,38.96189224704336,42.99277266754271,14.01773981603154,48.37868480725624
618787,2026-05-01,28.97503285151117,43.98817345597897,39.94743758212878,44.06340341655716,15.088370565045988,52.07369614512471
618787,2026-06-01,28.97503285151117,49.93429697766097,40.9658344283837,47.994743758212806,19.019710906701636,65.64172335600882
618787,2026-07-01,28.97503285151117,49.93429697766097,41.95137976346912,48.66162943495393,19.68659658344276,67.9433106575961
618788,2026-04-01,22.996057818659654,34.98685939553219,34.00131406044678,35.10348226018396,12.107424441524305,52.649999999999984
618788,2026-05-01,22.996057818659654,36.00525624178712,34.98685939553219,35.769053876478345,12.772996057818691,55.544285714285856
618788,2026-06-01,22.996057818659654,38.009198423127465,36.00525624178712,38.160315374507256,15.164257555847602,65.94285714285729
618788,2026-07-01,22.996057818659654,38.009198423127465,36.990801576872535,38.62976346911961,15.633705650459955,67.98428571428587
618790,2026-04-01,29.96057818659658,34.98685939553219,17.969776609724047,34.221747700394204,4.261169513797622,14.222587719298204
618790,2026-05-01,29.96057818659658,34.98685939553219,18.95532194480946,34.44382391590011,4.48324572930353,14.963815789473625
618790,2026-06-01,29.96057818659658,34.98685939553219,19.97371879106439,35.14553219448092,5.18495400788434,17.305921052631504
618790,2026-07-01,29.96057818659658,34.98685939553219,20.9592641261498,35.35348226018395,5.392904073587371,17.999999999999954
618791,2026-04-01,22.963206307490143,22.963206307490143,2.9566360052562417,22.963206307490104,0.0,0.0
618791,2026-05-01,22.963206307490143,22.963206307490143,3.942181340341656,22.953350854139252,0.0,0.0
618791,2026-06-01,22.963206307490143,22.963206307490143,4.960578186596584,22.95335085413925,0.0,0.0
618791,2026-07-01,22.963206307490143,22.963206307490143,5.946123521681997,23.03383705650456,0.07063074901441624,0.3075822603717926
618792,2026-04-01,24.014454664914584,28.97503285151117,27.989487516425758,29.051741130091937,5.037286465177353,20.97606019151828
618792,2026-05-01,24.014454664914584,29.993429697766096,28.97503285151117,30.02956636005259,6.015111695138007,25.047879616963193
618792,2026-06-01,24.014454664914584,31.99737187910644,29.993429697766096,32.017082785808185,8.0026281208936,33.32421340629292
618792,2026-07-01,24.014454664914584,31.99737187910644,30.97897503285151,32.277266754270734,8.26281208935615,34.407660738714256
618793,2026-04-01,23.98160315374507,38.96189224704336,23.98160315374507,37.07128777923791,13.089684625492843,54.58219178082222
618793,2026-05-01,23.98160315374507,38.96189224704336,24.967148488830485,37.94678055190547,13.9651773981604,58.23287671232913
618793,2026-06-01,23.98160315374507,38.96189224704336,25.98554533508541,37.8620236530881,13.880420499343032,57.87945205479479
618793,2026-07-01,23.98160315374507,39.98028909329829,26.971090670170828,37.73587385019714,13.754270696452068,57.35342465753438
618794,2026-04-01,18.035479632063076,50.0,49.01445466491458,50.697766097240475,32.6622864651774,181.1001821493625
618794,2026-05-01,18.035479632063076,54.0407358738502,50.0,51.66130091984232,33.625821287779246,186.4426229508197
618794,2026-06-01,18.035479632063076,54.0407358738502,51.01839684625492,53.30157687253613,35.26609724047306,195.5373406193078
618794,2026-07-01,18.035479632063076,54.0407358738502,52.00394218134034,54.29369250985539,36.25821287779232,201.03825136611988
618795,2026-04-01,24.014454664914584,52.00394218134034,43.98817345597897,51.42247043364001,27.408015768725424,114.13132694938469
618795,2026-05-01,24.014454664914584,52.00394218134034,44.97371879106439,51.50427069645211,27.489816031537526,114.47195622435054
618795,2026-06-01,24.014454664914584,52.00394218134034,45.99211563731932,49.39388961892249,25.37943495400791,105.68399452804388
618795,2026-07-01,24.014454664914584,52.00394218134034,46.97766097240473,51.030223390275985,27.0157687253614,112.49794801641602
618796,2026-04-01,24.014454664914584,84.98685939553219,84.00131406044677,84.00131406044677,59.98685939553219,249.79480164158687
618796,2026-05-01,24.014454664914584,86.00525624178712,84.98685939553219,85.643232588699,61.62877792378441,256.6320109439121
618796,2026-06-01,24.014454664914584,86.99080157687253,86.00525624178712,87.27102496714842,63.25657030223384,263.410396716826
618796,2026-07-01,24.014454664914584,88.00919842312746,86.99080157687253,88.28580814717485,64.27135348226027,267.6361149110811
618797,2026-04-01,23.98160315374507,23.98160315374507,3.975032851511169,23.991787122207633,0.010183968462563087,0.042465753424715126
618797,2026-05-01,23.98160315374507,23.98160315374507,4.960578186596584,23.991787122207633,0.010183968462563087,0.042465753424715126
618797,2026-06-01,23.98160315374507,23.98160315374507,5.978975032851511,23.991787122207633,0.010183968462563087,0.042465753424715126
618797,2026-07-01,23.98160315374507,23.98160315374507,6.964520367936925,23.991787122207633,0.010183968462563087,0.042465753424715126
618798,2026-04-01,24.014454664914584,39.02759526938239,37.023653088042046,39.69579500657027,15.681340341655687,65.29958960328305
618798,2026-05-01,24.014454664914584,42.04993429697766,38.009198423127465,41.70203679369257,17.687582128777986,73.65389876881011
618798,2026-06-01,24.014454664914584,42.04993429697766,39.02759526938239,41.893561103810846,17.87910643889626,74.4514363885092
618798,2026-07-01,24.014454664914584,42.04993429697766,40.01314060446781,41.432654402102536,17.41819973718795,72.53214774281822
618799,2026-04-01,23.98160315374507,65.9658344283837,63.96189224704336,66.33738501971088,42.35578186596581,176.61780821917802
618799,2026-05-01,23.98160315374507,66.95137976346912,64.94743758212877,66.56636005256237,42.584756898817304,177.57260273972588
618799,2026-06-01,23.98160315374507,67.96977660972405,65.9658344283837,67.61727989487524,43.63567674113017,181.9547945205483
618799,2026-07-01,23.98160315374507,70.99211563731932,66.95137976346912,68.85216819973722,44.87056504599215,187.10410958904126
618800,2026-04-01,29.96057818659658,47.99605781865966,28.97503285151117,48.63469119579496,18.674113009198376,62.3289473684209
618800,2026-05-01,29.96057818659658,63.96189224704336,29.96057818659658,61.886333771353584,31.925755584757002,106.55921052631614
618800,2026-06-01,29.96057818659658,63.96189224704336,30.97897503285151,63.492444152431155,33.53186596583457,111.91995614035135
618800,2026-07-01,29.96057818659658,63.96189224704336,31.964520367936924,63.96189224704351,34.00131406044693,113.48684210526365
618801,2026-04-01,29.96057818659658,47.99605781865966,28.97503285151117,48.4149145860709,18.454336399474318,61.59539473684191
618801,2026-05-01,29.96057818659658,63.96189224704336,29.96057818659658,58.38370565045995,28.42312746386337,94.86842105263169
618801,2026-06-01,29.96057818659658,63.96189224704336,30.97897503285151,61.4168856767412,31.45630749014462,104.99232456140378
618801,2026-07-01,29.96057818659658,63.96189224704336,31.964520367936924,61.7365308804206,31.77595269382402,106.05921052631615
618803,2026-04-01,24.014454664914584,32.98291721419185,31.99737187910644,34.80913272010517,10.794678055190584,44.95075239398104
618803,2026-05-01,24.014454664914584,39.02759526938239,32.98291721419185,36.37220762155059,12.357752956636002,51.45964432284541
618803,2026-06-01,24.014454664914584,40.01314060446781,34.00131406044678,38.90275952693826,14.888304862023677,61.99726402188793
618803,2026-07-01,24.014454664914584,40.01314060446781,34.98685939553219,39.58409986859399,15.569645203679404,64.83447332421355
618804,2026-04-01,24.014454664914584,91.98423127463865,87.97634691195795,93.22700394218137,69.21254927726679,288.2120383036937
618804,2026-05-01,24.014454664914584,98.94875164257556,88.96189224704337,97.13896189224697,73.12450722733239,304.50205198358384
618804,2026-06-01,24.014454664914584,98.94875164257556,89.98028909329828,98.04599211563728,74.0315374507227,308.2790697674417
618804,2026-07-01,24.014454664914584,98.94875164257556,90.9658344283837,96.7877792378449,72.77332457293032,303.0396716826264
618805,2026-04-01,23.98160315374507,23.98160315374507,1.938239159001314,23.98193166885678,0.00032851511171116954,0.0013698630137654797
618805,2026-05-01,23.98160315374507,23.98160315374507,2.923784494086728,23.981603153745088,1.7763568394002505e-14,7.407164683745702e-14
618805,2026-06-01,23.98160315374507,23.98160315374507,3.942181340341656,23.981603153745088,1.7763568394002505e-14,7.407164683745702e-14
618805,2026-07-01,23.98160315374507,23.98160315374507,4.92772667542707,23.981603153745088,1.7763568394002505e-14,7.407164683745702e-14
618806,2026-04-01,24.014454664914584,27.95663600525624,25.952693823915897,31.698423127463865,7.683968462549281,31.99726402188784
618806,2026-05-01,24.014454664914584,33.96846254927726,26.938239159001316,34.656373193166914,10.64191852825233,44.31463748290027
618806,2026-06-01,24.014454664914584,33.96846254927726,27.95663600525624,34.75295663600528,10.738501971090695,44.71682626538998
618806,2026-07-01,24.014454664914584,33.96846254927726,28.94218134034165,34.6504599211564,10.636005256241813,44.29001367989067
618807,2026-04-01,24.014454664914584,32.98291721419185,30.97897503285151,34.31800262812089,10.303547963206302,42.90560875512994
618807,2026-05-01,24.014454664914584,40.01314060446781,31.964520367936924,38.396189224704365,14.38173455978978,59.887824897400954
618807,2026-06-01,24.014454664914584,40.01314060446781,32.98291721419185,39.42936925098558,15.414914586070996,64.19015047879633
618807,2026-07-01,24.014454664914584,40.01314060446781,33.96846254927726,39.56274638633381,15.548291721419222,64.74555403556788
618808,2026-04-01,29.993429697766096,41.98423127463863,21.97766097240473,37.47667542706968,7.483245729303583,24.949616648411947
618808,2026-05-01,29.993429697766096,41.98423127463863,22.963206307490143,39.96649145860712,9.973061760841027,33.250821467689036
618808,2026-06-01,29.993429697766096,41.98423127463863,23.98160315374507,39.90604467805522,9.91261498028912,33.04928806133635
618808,2026-07-01,29.993429697766096,41.98423127463863,24.967148488830485,40.55486202365311,10.561432325887012,35.212486308871924
618809,2026-04-01,24.014454664914584,46.97766097240473,34.00131406044678,41.55354796320634,17.539093298291757,73.03556771545843
618809,2026-05-01,24.014454664914584,46.97766097240473,34.98685939553219,46.44053876478326,22.426084099868678,93.38577291381705
618809,2026-06-01,24.014454664914584,46.97766097240473,36.00525624178712,46.49014454664922,22.475689881734635,93.59233926128623
618809,2026-07-01,24.014454664914584,46.97766097240473,36.990801576872535,46.71090670170836,22.696452036793776,94.5116279069771
618810,2026-04-01,24.014454664914584,44.97371879106439,34.00131406044678,41.85381077529571,17.83935611038113,74.28590971272251
618810,2026-05-01,24.014454664914584,44.97371879106439,34.98685939553219,43.25459921156377,19.240144546649187,80.1190150478798
618810,2026-06-01,24.014454664914584,44.97371879106439,36.00525624178712,44.3945466491459,20.380091984231317,84.86593707250361
618810,2026-07-01,24.014454664914584,44.97371879106439,36.990801576872535,44.78153745072277,20.76708278580819,86.47742818057473
618811,2026-04-01,23.98160315374507,23.98160315374507,9.986859395532194,28.931011826544033,4.949408672798963,20.638356164383627
618811,2026-05-01,23.98160315374507,23.98160315374507,10.972404730617608,30.077447437582133,6.095844283837064,25.41883561643839
618811,2026-06-01,23.98160315374507,27.003942181340346,7.982917214191852,26.659001314060443,2.6773981603153736,11.164383561643833
618811,2026-07-01,23.98160315374507,27.003942181340346,8.968462549277266,26.643013578624615,2.661410424879545,11.097716894977172
618812,2026-04-01,23.98160315374507,29.993429697766096,9.986859395532194,26.163518396846268,2.181915243101198,9.09828767123294
618812,2026-05-01,23.98160315374507,29.993429697766096,10.972404730617608,28.738994743758244,4.7573915900131745,19.837671232876854
618812,2026-06-01,23.98160315374507,29.993429697766096,11.990801576872537,28.280223390275978,4.298620236530908,17.924657534246695
618812,2026-07-01,23.98160315374507,29.993429697766096,12.976346911957949,29.20827858081474,5.226675427069669,21.794520547945307
618813,2026-04-01,23.98160315374507,33.96846254927726,15.965834428383705,31.89159001314064,7.90998685939557,32.98356164383578
618813,2026-05-01,23.98160315374507,33.96846254927726,16.95137976346912,32.49408672798952,8.512483574244449,35.49589041095905
618813,2026-06-01,23.98160315374507,33.96846254927726,17.969776609724047,30.594940867279902,6.613337713534833,27.576712328767165
618813,2026-07-01,23.98160315374507,33.96846254927726,18.95532194480946,29.705978975032863,5.7243758212877935,23.86986301369869
618814,2026-04-01,23.98160315374507,34.98685939553219,9.986859395532194,28.931011826544033,4.949408672798963,20.638356164383627
618814,2026-06-01,23.98160315374507,34.98685939553219,11.990801576872537,32.97733245729303,8.99572930354796,37.51095890410958
618814,2026-07-01,23.98160315374507,34.98685939553219,12.976346911957949,33.02420061322821,9.04259745948314,37.70639269406394
618815,2026-04-01,23.98160315374507,29.993429697766096,23.98160315374507,29.45992115637323,5.478318002628161,22.843835616438525
618815,2026-05-01,23.98160315374507,34.95400788436268,24.967148488830485,31.275295663600527,7.2936925098554575,30.41369863013701
618815,2026-06-01,23.98160315374507,34.95400788436268,25.98554533508541,33.78580814717477,9.8042049934297,40.88219178082193
618815,2026-07-01,23.98160315374507,34.95400788436268,26.971090670170828,34.28745072273328,10.305847568988213,42.9739726027399
618816,2026-05-01,23.98160315374507,23.98160315374507,9.986859395532194,25.427836180464315,1.446233026719245,6.0305936073060025
618816,2026-06-01,23.98160315374507,23.98160315374507,11.00525624178712,25.2416776171704,1.2600744634253296,5.25433789954343
618816,2026-07-01,23.98160315374507,23.98160315374507,11.990801576872537,25.94042925974596,1.9588261060008918,8.168036529680432
618817,2026-04-01,23.98160315374507,27.003942181340346,13.009198423127463,26.22240473061762,2.240801576872549,9.343835616438412
618817,2026-05-01,23.98160315374507,27.003942181340346,13.994743758212875,26.912286465177395,2.9306833114323254,12.220547945205478
618817,2026-06-01,23.98160315374507,27.003942181340346,15.013140604467806,26.831800262812088,2.850197109067018,11.884931506849322
618817,2026-07-01,23.98160315374507,27.003942181340346,15.99868593955322,26.939881734559794,2.9582785808147243,12.335616438356194
618818,2026-04-01,23.98160315374507,31.011826544021023,11.00525624178712,28.823258869908017,4.841655716162947,20.189041095890428
618818,2026-05-01,23.98160315374507,31.011826544021023,11.990801576872537,29.746714848883045,5.765111695137975,24.039726027397258
618818,2026-06-01,18.95532194480946,25.98554533508541,7.982917214191852,24.88896189224704,5.93363994743758,31.303292894280755
618818,2026-07-01,18.95532194480946,25.98554533508541,8.968462549277266,24.78975032851511,5.834428383705653,30.77989601386484
618819,2026-04-01,11.990801576872537,15.99868593955322,61.00525624178712,61.00525624178712,49.01445466491459,408.7671232876712
618819,2026-05-01,11.990801576872537,15.99868593955322,61.990801576872535,61.990801576872535,50.0,416.986301369863
618820,2026-04-01,24.014454664914584,33.01576872536137,27.989487516425758,32.47329172141918,8.458837056504596,35.22393980848152
618820,2026-05-01,24.014454664914584,38.042049934296976,28.97503285151117,34.79886427632814,10.784409611413555,44.90799296462772
618820,2026-06-01,24.014454664914584,38.042049934296976,29.993429697766096,36.74310118265437,12.728646517739787,53.00410396716815
618820,2026-07-01,24.014454664914584,38.96189224704336,30.97897503285151,37.62647831800269,13.612023653088105,56.682626538987954
618821,2026-04-01,24.014454664914584,31.99737187910644,27.989487516425758,32.47329172141918,8.458837056504596,35.22393980848152
618821,2026-05-01,24.014454664914584,31.99737187910644,28.97503285151117,34.79886427632814,10.784409611413555,44.90799296462772
618821,2026-06-01,24.014454664914584,31.99737187910644,29.993429697766096,35.81086289969339,11.796408234778806,49.12211582307344
618821,2026-07-01,24.014454664914584,35.019710906701704,30.97897503285151,34.466491458607095,10.45203679369251,43.523939808481536
618822,2026-04-01,24.014454664914584,31.99737187910644,27.989487516425758,32.006345816907604,7.99189115199302,33.27950296397641
618822,2026-05-01,24.014454664914584,31.99737187910644,28.97503285151117,32.11224266316254,8.097787998247956,33.720474236206265
618822,2026-06-01,24.014454664914584,31.99737187910644,29.993429697766096,33.407687253613695,9.39323258869911,39.11491108071149
618822,2026-07-01,24.014454664914584,37.023653088042046,30.97897503285151,34.2030223390276,10.188567674113013,42.426812585499334
618823,2026-04-01,18.035479632063076,30.946123521682,19.97371879106439,32.34132720105128,14.305847568988202,79.32058287796008
618823,2026-05-01,18.035479632063076,37.97634691195795,20.9592641261498,34.54007884362684,16.50459921156376,91.51183970856117
618823,2026-06-01,18.035479632063076,37.97634691195795,21.97766097240473,36.36892247043367,18.33344283837059,101.65209471766863
618823,2026-07-01,18.035479632063076,37.97634691195795,22.963206307490143,37.00886990801578,18.973390275952706,105.20036429872502
618824,2026-04-01,18.035479632063076,30.02628120893561,20.99211563731932,31.777595269382374,13.742115637319298,76.19489981785053
618824,2026-05-01,18.035479632063076,34.98685939553219,21.97766097240473,32.682654402102486,14.64717477003941,81.21311475409829
618824,2026-06-01,18.035479632063076,34.98685939553219,22.996057818659654,35.13436268068331,17.098883048620234,94.80692167577412
618824,2026-07-01,18.035479632063076,34.98685939553219,23.98160315374507,34.867279894875146,16.83180026281207,93.32604735883413
618825,2026-04-01,36.00525624178712,93.00262812089356,87.97634691195795,88.7493429697766,52.74408672798948,146.48996350364962
618825,2026-05-01,36.00525624178712,93.00262812089356,88.96189224704337,91.78745072273334,55.78219448094622,154.92791970802946
618825,2026-06-01,36.00525624178712,93.00262812089356,89.98028909329828,92.30617608409997,56.30091984231285,156.3686131386864
618825,2026-07-01,36.00525624178712,93.00262812089356,90.9658344283837,92.97930354796331,56.97404730617619,158.2381386861317
618826,2026-04-01,24.014454664914584,34.00131406044678,33.01576872536137,35.134691195795035,11.120236530880451,46.30642954856374
618826,2026-05-01,24.014454664914584,37.023653088042046,34.00131406044678,37.17904073587383,13.164586070959249,54.819425444596384
618826,2026-06-01,24.014454664914584,37.023653088042046,35.019710906701704,37.608081471747695,13.593626806833111,56.60601915184677
618826,2026-07-01,24.014454664914584,37.023653088042046,36.00525624178712,37.74080157687252,13.726346911957936,57.158686730506105
618827,2026-04-01,24.014454664914584,34.98685939553219,31.99737187910644,39.216819973718806,15.202365308804222,63.3050615595076
618827,2026-05-01,24.014454664914584,40.01314060446781,32.98291721419185,39.33212877792382,15.317674113009236,63.78522571819442
618827,2026-06-01,24.014454664914584,40.01314060446781,34.00131406044678,39.791721419185315,15.77726675427073,65.69904240766088
618827,2026-07-01,24.014454664914584,40.01314060446781,34.98685939553219,39.52332457293039,15.508869908015807,64.58139534883738
618828,2026-04-01,24.014454664914584,31.964520367936924,30.97897503285151,32.38436268068333,8.369908015768747,34.853625170998725
618828,2026-05-01,24.014454664914584,31.964520367936924,31.964520367936924,33.09329829172144,9.078843626806854,37.80574555403566
618829,2026-04-01,23.98160315374507,23.98160315374507,53.975032851511166,53.975032851511166,29.993429697766096,125.06849315068493
618829,2026-05-01,23.98160315374507,23.98160315374507,54.96057818659658,54.96057818659658,30.97897503285151,129.17808219178082
618830,2026-04-01,24.014454664914584,30.97897503285151,28.97503285151117,33.06143232588695,9.046977660972363,37.6730506155949
618830,2026-05-01,24.014454664914584,39.94743758212878,29.96057818659658,38.14224704336395,14.127792378449367,58.83036935704497
618830,2026-06-01,24.014454664914584,39.94743758212878,30.97897503285151,38.21550591327198,14.201051248357398,59.135430916552565
618830,2026-07-01,24.014454664914584,39.94743758212878,31.964520367936924,39.694152431011794,15.67969776609721,65.29274965800262
618831,2026-04-01,23.98160315374507,28.94218134034165,17.969776609724047,29.085742444152398,5.104139290407328,21.28356164383549
618831,2026-05-01,23.98160315374507,28.94218134034165,18.95532194480946,28.864980289093253,4.883377135348184,20.363013698629963
618831,2026-06-01,23.98160315374507,28.94218134034165,19.97371879106439,29.002956636005216,5.021353482260146,20.938356164383407
618831,2026-07-01,23.98160315374507,28.94218134034165,20.9592641261498,28.57654402102493,4.59494086727986,19.160273972602596
618832,2026-04-01,23.98160315374507,23.98160315374507,2.9566360052562417,23.98226018396847,0.0006570302234010228,0.0027397260274420734
618832,2026-05-01,23.98160315374507,23.98160315374507,3.942181340341656,23.981603153745077,7.105427357601002e-15,2.962865873498281e-14
618832,2026-06-01,23.98160315374507,23.98160315374507,4.960578186596584,23.981603153745077,7.105427357601002e-15,2.962865873498281e-14
618832,2026-07-01,23.98160315374507,23.98160315374507,5.946123521681997,23.29215505913272,0.0,0.0
618833,2026-04-01,28.94218134034165,98.91590013140603,97.93035479632064,97.93035479632064,68.988173455979,238.3654937570943
618833,2026-05-01,28.94218134034165,99.93429697766096,98.91590013140603,99.09756898817335,70.1553876478317,242.39841089670796
618833,2026-06-01,28.94218134034165,100.91984231274638,99.93429697766096,100.32884362680694,71.3866622864653,246.65266742338298
618834,2026-04-01,17.017082785808146,36.00525624178712,47.99605781865966,47.99605781865966,30.978975032851512,182.04633204633208
618834,2026-05-01,17.017082785808146,36.00525624178712,48.98160315374507,48.98160315374507,31.964520367936924,187.83783783783784
618835,2026-04-01,18.035479632063076,18.035479632063076,61.00525624178712,61.00525624178712,42.96977660972405,238.25136612021856
618835,2026-05-01,18.035479632063076,18.035479632063076,61.990801576872535,61.990801576872535,43.955321944809455,243.71584699453547
618836,2026-04-01,24.014454664914584,45.99211563731932,35.019710906701704,45.11366622864652,21.099211563731938,87.8604651162791
618836,2026-05-01,24.014454664914584,45.99211563731932,36.00525624178712,45.65703022339029,21.642575558475702,90.12311901504793
618836,2026-06-01,24.014454664914584,45.99211563731932,37.023653088042046,44.61268068331145,20.59822601839687,85.77428180574566
618836,2026-07-01,24.014454664914584,44.053876478318,38.009198423127465,43.958935611038186,19.9444809461236,83.05198358413166
618837,2026-04-01,24.014454664914584,45.99211563731932,35.019710906701704,45.53613666228648,21.521681997371896,89.61969904240775
618837,2026-05-01,24.014454664914584,45.99211563731932,36.00525624178712,45.77759526938241,21.763140604467825,90.6251709986321
618837,2026-06-01,24.014454664914584,45.99211563731932,37.023653088042046,45.648160315374525,21.63370565045994,90.08618331053361
618837,2026-07-01,24.014454664914584,44.053876478318,38.009198423127465,44.72798948751649,20.713534822601904,86.25444596443256
618838,2026-04-01,24.014454664914584,44.97371879106439,43.98817345597897,43.98817345597897,19.97371879106439,83.17373461012313
618838,2026-05-01,24.014454664914584,45.99211563731932,44.97371879106439,44.97371879106439,20.959264126149808,87.27770177838579
618838,2026-06-01,24.014454664914584,46.97766097240473,45.99211563731932,47.04993429697774,23.035479632063154,95.92339261285943
618838,2026-07-01,24.014454664914584,47.99605781865966,46.97766097240473,47.904402102496675,23.88994743758209,99.48153214774267
618839,2026-04-01,42.04993429697766,91.98423127463865,91.98423127463865,91.98423127463865,49.934296977660985,118.75000000000003
618839,2026-05-01,42.04993429697766,91.98423127463865,92.96977660972404,92.96977660972404,50.919842312746376,121.09374999999997
618840,2026-04-01,29.96057818659658,116.95137976346912,113.96189224704337,117.29467805519069,87.33409986859411,291.49671052631635
618840,2026-05-01,29.96057818659658,119.9737187910644,114.94743758212876,119.27858081471763,89.31800262812105,298.11842105263213
618840,2026-06-01,29.96057818659658,119.9737187910644,115.9658344283837,119.38961892247058,89.429040735874,298.4890350877198
618840,2026-07-01,29.96057818659658,119.9737187910644,116.95137976346912,119.60183968462559,89.64126149802901,299.197368421053
618841,2026-04-01,30.02628120893561,47.99605781865966,45.99211563731932,48.30847568988175,18.282194480946142,60.88730853391691
618841,2026-05-01,30.02628120893561,48.98160315374507,46.97766097240473,48.662943495400775,18.636662286465164,62.0678336980306
618841,2026-06-01,30.02628120893561,50.0,47.99605781865966,50.31176084099868,20.28547963206307,67.55908096280085
618841,2026-07-01,30.02628120893561,50.0,48.98160315374507,50.76149802890933,20.73521681997372,69.05689277899344
618842,2026-06-01,24.014454664914584,24.014454664914584,0.0,19.83574244415245,0.0,0.0
618842,2026-07-01,24.014454664914584,6.011826544021025,0.985545335085414,11.73455978975033,0.0,0.0
618843,2026-04-01,17.936925098554532,23.98160315374507,6.964520367936925,23.188239159001313,5.251314060446781,29.276556776556777
618843,2026-05-01,17.936925098554532,23.98160315374507,7.950065703022338,23.437582128777922,5.50065703022339,30.66666666666667
618843,2026-06-01,17.936925098554532,23.98160315374507,8.968462549277266,21.378449408672807,3.4415243101182753,19.186813186813243
618843,2026-07-01,17.936925098554532,17.936925098554532,9.95400788436268,19.15111695137979,1.2141918528252589,6.769230769230932
618844,2026-04-01,23.98160315374507,54.96057818659658,52.95663600525624,54.90965834428387,30.9280551905388,128.9657534246577
618844,2026-05-01,23.98160315374507,54.96057818659658,53.942181340341655,55.38337713534825,31.401773981603178,130.94109589041108
618844,2026-06-01,23.98160315374507,57.98291721419185,54.96057818659658,57.78153745072269,33.79993429697762,140.9410958904108
618844,2026-07-01,23.98160315374507,57.98291721419185,55.946123521682,58.209592641261445,34.227989487516375,142.72602739726008
618845,2026-04-01,23.98160315374507,54.96057818659658,52.95663600525624,54.86859395532197,30.8869908015769,128.79452054794533
618845,2026-05-01,23.98160315374507,54.96057818659658,53.942181340341655,55.26248357424443,31.280880420499358,130.43698630136993
618845,2026-06-01,23.98160315374507,57.98291721419185,54.96057818659658,57.71057818659652,33.72897503285145,140.64520547945182
618845,2026-07-01,23.98160315374507,57.98291721419185,55.946123521682,57.98784494086722,34.00624178712215,141.8013698630135
618846,2026-04-01,23.98160315374507,52.95663600525624,50.9526938239159,52.306504599211564,28.324901445466494,118.11095890410961
618846,2026-05-01,23.98160315374507,52.95663600525624,51.93823915900131,53.39191852825225,29.410315374507178,122.63698630136967
618846,2026-06-01,23.98160315374507,55.97897503285151,52.95663600525624,55.56143232588697,31.5798291721419,131.68356164383553
618846,2026-07-01,23.98160315374507,55.97897503285151,53.942181340341655,55.581800262812095,31.600197109067025,131.76849315068498
618847,2026-04-01,23.98160315374507,69.97371879106439,65.9658344283837,69.77233902759521,45.79073587385014,190.94109589041074
618847,2026-05-01,23.98160315374507,73.98160315374507,66.95137976346912,72.82950065703017,48.8478975032851,203.68904109589022
618847,2026-06-01,23.98160315374507,73.98160315374507,67.96977660972405,74.06011826544015,50.07851511169508,208.82054794520525
618847,2026-07-01,23.98160315374507,73.98160315374507,68.95532194480946,74.11169513797628,50.130091984231214,209.03561643835596
618848,2026-04-01,23.98160315374507,23.98160315374507,6.964520367936925,23.98160315374508,1.0658141036401503e-14,4.444298810247422e-14
618848,2026-05-01,23.98160315374507,23.98160315374507,7.950065703022338,23.971419185282528,0.0,0.0
618848,2026-06-01,23.98160315374507,23.98160315374507,8.968462549277266,24.293035479632078,0.311432325887008,1.2986301369863733
618848,2026-07-01,23.98160315374507,23.98160315374507,9.95400788436268,24.392247043364005,0.4106438896189353,1.7123287671233414
618849,2026-04-01,17.969776609724047,43.95532194480946,42.96977660972404,42.96977660972404,24.999999999999996,139.12248628884825
618849,2026-05-01,17.969776609724047,43.95532194480946,43.95532194480946,43.95532194480946,25.985545335085416,144.60694698354664
618850,2026-04-01,29.96057818659658,99.93429697766096,98.94875164257556,99.3636662286464,69.40308804204982,231.64802631578908
618850,2026-05-01,29.96057818659658,100.9526938239159,99.93429697766096,101.18265440210256,71.22207621550598,237.71929824561425
618850,2026-06-01,29.96057818659658,101.93823915900133,100.9526938239159,102.16458607095922,72.20400788436264,240.9967105263157
618850,2026-07-01,29.96057818659658,102.95663600525624,101.93823915900133,102.85479632063057,72.89421813403399,243.30043859649066
618851,2026-04-01,42.04993429697766,99.01445466491458,97.01051248357425,99.56603153745077,57.51609724047311,136.78046875000013
618851,2026-05-01,42.04993429697766,107.98291721419184,97.99605781865964,104.97076215505916,62.9208278580815,149.63359375000007
618851,2026-06-01,42.04993429697766,107.98291721419184,99.01445466491458,106.84494086727994,64.79500657030229,154.09062500000016
618851,2026-07-01,42.04993429697766,107.98291721419184,100.0,107.08245729303552,65.03252299605785,154.65546875000007
618852,2026-04-01,24.014454664914584,46.97766097240473,45.99211563731932,46.34198423127471,22.327529566360123,92.97537619699072
618852,2026-05-01,24.014454664914584,47.99605781865966,46.97766097240473,47.763797634691166,23.74934296977658,98.89603283173723
618852,2026-06-01,24.014454664914584,48.98160315374507,47.99605781865966,48.80617608409988,24.791721419185297,103.23666210670322
618852,2026-07-01,24.014454664914584,50.0,48.98160315374507,48.98160315374507,24.967148488830485,103.96716826265391
618853,2026-04-01,23.98160315374507,23.98160315374507,20.99211563731932,24.00164257555847,0.020039421813400793,0.0835616438356055
618853,2026-05-01,23.98160315374507,23.98160315374507,21.97766097240473,24.160643889618918,0.17904073587384772,0.7465753424657432
618853,2026-06-01,23.98160315374507,23.98160315374507,22.996057818659654,24.80387647831801,0.8222733245729401,3.4287671232877126
618853,2026-07-01,23.98160315374507,28.02233902759527,23.98160315374507,27.71747700394217,3.735873850197102,15.578082191780792
618854,2026-04-01,23.98160315374507,40.9658344283837,50.9526938239159,50.9526938239159,26.97109067017083,112.46575342465756
618854,2026-05-01,23.98160315374507,40.9658344283837,51.93823915900131,51.93823915900131,27.956636005256243,116.57534246575345
618855,2026-04-01,24.014454664914584,37.94349540078844,37.94349540078844,37.984888304862004,13.97043363994742,58.17510259917913
618855,2026-05-01,24.014454664914584,37.94349540078844,38.92904073587385,38.92904073587385,14.914586070959263,62.106703146374834
618856,2026-04-01,24.014454664914584,36.00525624178712,28.97503285151117,37.204336399474414,13.18988173455983,54.92476060191536
618856,2026-05-01,24.014454664914584,39.94743758212878,29.96057818659658,39.70466491458608,15.690210249671498,65.3365253077976
618856,2026-06-01,24.014454664914584,39.94743758212878,30.97897503285151,39.67509855453348,15.660643889618893,65.21340629274954
618856,2026-07-01,24.014454664914584,39.94743758212878,31.964520367936924,40.146517739816005,16.13206307490142,67.17647058823519
618858,2026-04-01,24.014454664914584,34.00131406044678,26.971090670170828,34.87385019710911,10.859395532194522,45.22024623803027
618858,2026-05-01,24.014454664914584,37.94349540078844,27.95663600525624,37.510512483574225,13.49605781865964,56.19972640218871
618858,2026-06-01,24.014454664914584,37.94349540078844,28.97503285151117,37.60906701708277,13.594612352168188,56.610123119015
618858,2026-07-01,24.014454664914584,37.94349540078844,29.96057818659658,37.63666228646517,13.622207621550583,56.72503419972637
618859,2026-04-01,24.014454664914584,42.96977660972404,41.98423127463863,42.93068331143241,18.916228646517826,78.77017783857767
618859,2026-05-01,24.014454664914584,43.98817345597897,42.96977660972404,44.201051248357416,20.18659658344283,84.06019151846783
618859,2026-06-01,24.014454664914584,44.97371879106439,43.98817345597897,45.237187910643925,21.22273324572934,88.37482900136816
618859,2026-07-01,24.014454664914584,45.99211563731932,44.97371879106439,46.044021024967144,22.02956636005256,91.73461012311901
618861,2026-04-01,26.971090670170828,60.972404730617605,59.98685939553219,60.7989487516425,33.827858081471675,125.4226552984163
618861,2026-05-01,26.971090670170828,62.97634691195795,60.972404730617605,62.537779237844944,35.56668856767412,131.86967113276495
618861,2026-06-01,26.971090670170828,62.97634691195795,61.990801576872535,63.51971090670174,36.54862023653091,135.5103532277711
618861,2026-07-01,26.971090670170828,63.99474375821288,62.97634691195795,63.09461235216821,36.12352168199739,133.93422655298423
618862,2026-04-01,29.993429697766096,52.95663600525624,51.97109067017082,52.372317126587774,22.378887428821677,74.61263234757195
618862,2026-05-01,29.993429697766096,53.975032851511166,52.95663600525624,54.17279894875158,24.17936925098548,80.61555312157701
618862,2026-06-01,29.993429697766096,54.96057818659658,53.975032851511166,55.17378449408677,25.18035479632067,83.95290251916772
618862,2026-07-01,29.993429697766096,55.97897503285151,54.96057818659658,56.262812089356146,26.26938239159005,87.58378970427175
618863,2026-04-01,56.99737187910644,77.95663600525624,76.97109067017082,79.5630749014454,22.565703022338965,39.5907780979826
618863,2026-05-01,56.99737187910644,78.97503285151117,77.95663600525624,79.09231274638627,22.09494086727983,38.764841498558965
618863,2026-06-01,56.99737187910644,79.96057818659658,78.97503285151117,80.23718791064395,23.239816031537515,40.7734870317004
618863,2026-07-01,56.99737187910644,80.97897503285151,79.96057818659658,80.81570302233912,23.818331143232683,41.78847262247855
618864,2026-04-01,24.014454664914584,38.009198423127465,37.023653088042046,37.609395532194505,13.59494086727992,56.61149110807124
618864,2026-05-01,24.014454664914584,40.01314060446781,38.009198423127465,39.43922470433643,15.424770039421848,64.23119015047895
618865,2026-04-01,24.014454664914584,24.014454664914584,38.96189224704336,38.96189224704336,14.947437582128774,62.24350205198357
618865,2026-05-01,24.014454664914584,24.014454664914584,39.94743758212878,39.94743758212878,15.932982917214193,66.34746922024625
618866,2026-04-01,23.98160315374507,23.98160315374507,4.960578186596584,24.05190538764784,0.07030223390276902,0.29315068493154645
618866,2026-05-01,23.98160315374507,23.98160315374507,5.946123521681997,24.03219448094613,0.05059132720106163,0.21095890410963236
618866,2026-06-01,23.98160315374507,23.98160315374507,6.964520367936925,24.72404730617609,0.7424441524310197,3.095890410958937
618866,2026-07-01,23.98160315374507,23.98160315374507,7.950065703022338,24.574244415243108,0.5926412614980379,2.4712328767123664
618867,2026-04-01,23.98160315374507,22.996057818659654,11.00525624178712,23.61202365308805,0.0,0.0
618867,2026-05-01,23.98160315374507,31.011826544021023,11.990801576872537,28.774310118265433,4.792706964520363,19.984931506849296
618867,2026-06-01,23.98160315374507,31.011826544021023,13.009198423127463,29.03252299605781,5.050919842312741,21.061643835616415
618867,2026-07-01,23.98160315374507,31.011826544021023,13.994743758212875,29.19250985545334,5.2109067017082715,21.728767123287643
618868,2026-04-01,23.98160315374507,23.98160315374507,21.97766097240473,25.3449408672799,1.363337713534829,5.684931506849343
618868,2026-05-01,23.98160315374507,29.993429697766096,22.963206307490143,29.118593955321966,5.136990801576896,21.42054794520558
618868,2026-06-01,23.98160315374507,29.993429697766096,23.98160315374507,30.425098554533534,6.443495400788464,26.86849315068505
618868,2026-07-01,23.98160315374507,29.993429697766096,24.967148488830485,27.923784494086732,3.942181340341662,16.438356164383592
618869,2026-04-01,29.993429697766096,29.993429697766096,3.975032851511169,29.51051248357428,0.0,0.0
618869,2026-05-01,29.993429697766096,29.993429697766096,4.960578186596584,29.75328515111698,0.0,0.0
618869,2026-06-01,29.993429697766096,29.993429697766096,5.978975032851511,29.993101182654435,0.0,0.0
618869,2026-07-01,29.993429697766096,29.993429697766096,6.964520367936925,29.993101182654435,0.0,0.0
618870,2026-04-01,23.98160315374507,26.971090670170828,11.990801576872537,29.663600525624144,5.681997371879074,23.693150684931375
618870,2026-05-01,23.98160315374507,38.99474375821288,12.976346911957949,37.14881734559787,13.1672141918528,54.90547945205469
618870,2026-06-01,23.98160315374507,33.01576872536137,13.994743758212875,33.185282522996026,9.203679369250956,38.378082191780706
618870,2026-07-01,23.98160315374507,33.01576872536137,14.98028909329829,32.045335085413925,8.063731931668855,33.62465753424657
618871,2026-04-01,23.98160315374507,23.98160315374507,3.975032851511169,31.166885676741146,7.185282522996076,29.961643835616513
618871,2026-05-01,23.98160315374507,35.019710906701704,4.960578186596584,32.551248357424434,8.569645203679364,35.734246575342446
618871,2026-06-01,23.98160315374507,27.989487516425758,5.978975032851511,28.647174770039427,4.665571616294358,19.45479452054798
618871,2026-07-01,23.98160315374507,28.97503285151117,6.964520367936925,29.217477003942122,5.235873850197052,21.83287671232853
618872,2026-04-01,23.98160315374507,29.00788436268068,11.990801576872537,29.733902759526938,5.752299605781868,23.986301369863025
618872,2026-05-01,23.98160315374507,41.03153745072273,12.976346911957949,38.70105124835741,14.71944809461234,61.37808219178077
618872,2026-06-01,23.98160315374507,34.98685939553219,13.994743758212875,34.74047306176081,10.75886990801574,44.86301369863002
618872,2026-07-01,23.98160315374507,34.98685939553219,14.98028909329829,35.15243101182652,11.170827858081452,46.58082191780814
618873,2026-04-01,23.98160315374507,29.993429697766096,11.990801576872537,29.946123521682026,5.964520367936956,24.871232876712458
618873,2026-05-01,23.98160315374507,42.01708278580814,12.976346911957949,39.413929040735894,15.432325886990824,64.35068493150695
618873,2026-06-01,23.98160315374507,34.98685939553219,13.994743758212875,34.89159001314059,10.909986859395524,45.49315068493148
618873,2026-07-01,23.98160315374507,36.00525624178712,14.98028909329829,35.55026281208938,11.568659658344309,48.239726027397374
618874,2026-04-01,29.96057818659658,219.9408672798949,218.95532194480944,218.95532194480944,188.99474375821285,630.8114035087718
618874,2026-05-01,29.96057818659658,220.9592641261498,219.9408672798949,219.9408672798949,189.9802890932983,634.1008771929826
618875,2026-04-01,18.035479632063076,45.99211563731932,43.98817345597897,51.633048620236515,33.597568988173435,186.28597449908912
618875,2026-05-01,18.035479632063076,52.00394218134034,44.97371879106439,51.28942181340346,33.25394218134038,184.3806921675776
618875,2026-06-01,18.035479632063076,52.00394218134034,45.99211563731932,53.10315374507232,35.06767411300925,194.43715846994562
618875,2026-07-01,18.035479632063076,52.00394218134034,46.97766097240473,55.017082785808185,36.98160315374511,205.04918032786907
618878,2026-04-01,24.014454664914584,32.98291721419185,30.97897503285151,32.625164257555845,8.61070959264126,35.8563611491108
618878,2026-05-01,24.014454664914584,32.98291721419185,31.964520367936924,33.28679369250985,9.272339027595269,38.611491108071135
618878,2026-06-01,24.014454664914584,36.00525624178712,32.98291721419185,35.58508541392908,11.570630749014494,48.18194254445981
618878,2026-07-01,24.014454664914584,36.00525624178712,33.96846254927726,35.99375821287782,11.979303547963237,49.88372093023269
618879,2026-04-01,23.98160315374507,23.98160315374507,16.95137976346912,24.141590013140604,0.15998685939553425,0.6671232876712415
618879,2026-05-01,23.98160315374507,23.98160315374507,17.936925098554532,24.061432325886987,0.07982917214191687,0.33287671232876026
618879,2026-06-01,23.98160315374507,23.98160315374507,18.95532194480946,24.231274638633376,0.2496714848883066,1.0410958904109662
618879,2026-07-01,23.98160315374507,23.98160315374507,19.940867279894874,23.711708278580815,0.0,0.0
618880,2026-04-01,21.02496714848883,36.990801576872535,25.0,35.51642575558472,14.49145860709589,68.92499999999983
618880,2026-05-01,21.02496714848883,36.990801576872535,25.98554533508541,35.79336399474376,14.768396846254927,70.2421875
618880,2026-06-01,21.02496714848883,36.990801576872535,27.003942181340346,36.03613666228646,15.011169513797629,71.39687499999997
618880,2026-07-01,21.02496714848883,36.990801576872535,27.989487516425758,35.70992115637318,14.684954007884347,69.84531249999992
618881,2026-04-01,30.02628120893561,30.02628120893561,13.009198423127463,30.026281208935565,0.0,0.0
618881,2026-05-01,30.02628120893561,30.02628120893561,13.994743758212875,30.024310118265394,0.0,0.0
618881,2026-06-01,30.02628120893561,30.02628120893561,15.013140604467806,30.026281208935565,0.0,0.0
618881,2026-07-01,30.02628120893561,30.02628120893561,15.99868593955322,30.026281208935565,0.0,0.0
618882,2026-04-01,30.02628120893561,30.02628120893561,7.982917214191852,30.026281208935565,0.0,0.0
618882,2026-05-01,30.02628120893561,30.02628120893561,8.968462549277266,30.026281208935565,0.0,0.0
618882,2026-06-01,30.02628120893561,30.02628120893561,9.986859395532194,30.026281208935565,0.0,0.0
618882,2026-07-01,30.02628120893561,30.02628120893561,10.972404730617608,30.026281208935565,0.0,0.0
618883,2026-04-01,24.014454664914584,35.019710906701704,33.01576872536137,34.8909329829172,10.876478318002615,45.2913816689466
618883,2026-05-01,24.014454664914584,35.019710906701704,34.00131406044678,34.45039421813402,10.435939553219438,43.4569083447332
618883,2026-06-01,24.014454664914584,37.023653088042046,35.019710906701704,36.69053876478316,12.676084099868579,52.7852257181942
618883,2026-07-01,24.014454664914584,37.023653088042046,36.00525624178712,36.81143232588696,12.796977660972377,53.28864569083436
618884,2026-04-01,24.014454664914584,34.00131406044678,29.993429697766096,33.4070302233903,9.392575558475716,39.11217510259929
618884,2026-05-01,24.014454664914584,32.98291721419185,30.97897503285151,32.86333771353482,8.848883048620234,36.84815321477427
618884,2026-06-01,24.014454664914584,32.98291721419185,31.99737187910644,32.69053876478317,8.676084099868586,36.128590971272196
618884,2026-07-01,24.014454664914584,34.00131406044678,32.98291721419185,34.54402102496718,10.529566360052595,43.846785225718335
618885,2026-04-01,24.014454664914584,38.009198423127465,34.00131406044678,38.67969776609726,14.665243101182678,61.06839945280448
618885,2026-05-01,24.014454664914584,36.990801576872535,34.98685939553219,36.91819973718789,12.903745072273306,53.733242134062856
618885,2026-06-01,24.014454664914584,36.990801576872535,36.00525624178712,37.16130091984229,13.146846254927706,54.745554035567636
618885,2026-07-01,24.014454664914584,41.03153745072273,36.990801576872535,38.933311432325894,14.91885676741131,62.12448700410401
618886,2026-04-01,23.98160315374507,23.98160315374507,5.978975032851511,23.981603153745088,1.7763568394002505e-14,7.407164683745702e-14
618886,2026-05-01,23.98160315374507,23.98160315374507,6.964520367936925,23.981603153745088,1.7763568394002505e-14,7.407164683745702e-14
618886,2026-06-01,23.98160315374507,23.98160315374507,7.982917214191852,23.981603153745088,1.7763568394002505e-14,7.407164683745702e-14
618886,2026-07-01,23.98160315374507,23.98160315374507,8.968462549277266,23.981603153745088,1.7763568394002505e-14,7.407164683745702e-14
618887,2026-04-01,23.98160315374507,64.94743758212877,53.975032851511166,63.72601839684633,39.74441524310126,165.728767123288
618887,2026-05-01,23.98160315374507,64.94743758212877,54.96057818659658,62.273981603153786,38.292378449408716,159.67397260273992
618887,2026-06-01,23.98160315374507,64.94743758212877,55.97897503285151,64.72339027595277,40.7417871222077,169.88767123287704
618887,2026-07-01,23.98160315374507,64.94743758212877,56.96452036793692,64.47536136662293,40.493758212877864,168.85342465753456
618888,2026-04-01,24.014454664914584,38.009198423127465,36.00525624178712,37.951708278580824,13.93725361366624,58.03693570451441
618888,2026-05-01,24.014454664914584,38.99474375821288,36.990801576872535,39.282194480946124,15.26773981603154,63.577291381668964
618888,2026-06-01,24.014454664914584,40.01314060446781,38.009198423127465,39.99901445466494,15.984559789750353,66.56224350205208
618888,2026-07-01,24.014454664914584,44.021024967148485,38.99474375821288,42.44579500657032,18.431340341655737,76.75102599179215
618889,2026-04-01,24.014454664914584,41.98423127463863,39.98028909329829,41.86333771353485,17.848883048620262,74.32558139534895
618889,2026-05-01,24.014454664914584,41.98423127463863,40.9658344283837,42.170827858081495,18.15637319316691,75.6060191518469
618889,2026-06-01,24.014454664914584,45.006570302233904,41.98423127463863,44.0752299605782,20.060775295663614,83.53625170998639
618889,2026-07-01,24.014454664914584,45.006570302233904,42.96977660972404,44.83245729303544,20.818002628120855,86.68946648426797
618890,2026-04-01,24.014454664914584,31.99737187910644,29.993429697766096,32.56767411300922,8.553219448094634,35.616963064295575
618890,2026-05-01,24.014454664914584,35.019710906701704,30.97897503285151,34.70959264126148,10.695137976346896,44.53625170998626
618890,2026-06-01,24.014454664914584,35.019710906701704,31.99737187910644,35.01215505913271,10.997700394218125,45.79616963064292
618890,2026-07-01,24.014454664914584,38.009198423127465,32.98291721419185,37.1100525624179,13.095597897503314,54.53214774281818
618891,2026-04-01,23.98160315374507,28.02233902759527,11.00525624178712,27.13436268068329,3.152759526938219,13.146575342465672
618891,2026-05-01,23.98160315374507,28.02233902759527,11.990801576872537,27.727332457293006,3.745729303547936,15.619178082191668
618891,2026-06-01,23.98160315374507,28.02233902759527,13.009198423127463,27.768725361366595,3.7871222076215254,15.791780821917706
618891,2026-07-01,23.98160315374507,28.02233902759527,13.994743758212875,27.474375821287758,3.4927726675426882,14.56438356164376
618892,2026-06-01,24.014454664914584,24.014454664914584,0.0,23.954993429697776,0.0,0.0
618892,2026-07-01,24.014454664914584,24.014454664914584,0.985545335085414,24.034822601839693,0.02036793692510841,0.08481532147746922
618893,2026-04-01,29.993429697766096,108.96846254927726,107.98291721419184,110.29796320630753,80.30453350854143,267.74041621029585
618893,2026-05-01,29.993429697766096,111.99080157687251,108.96846254927726,111.41130091984229,81.4178712220762,271.4523548740416
618893,2026-06-01,29.993429697766096,111.99080157687251,109.9868593955322,111.95170827858072,81.95827858081464,273.25410733844444
618893,2026-07-01,29.993429697766096,111.99080157687251,110.9724047306176,112.33738501971082,82.34395532194472,274.5399780941947
618894,2026-04-01,23.98160315374507,65.9658344283837,63.96189224704336,66.20203679369247,42.2204336399474,176.0534246575341
618894,2026-05-01,23.98160315374507,66.95137976346912,64.94743758212877,66.57260183968458,42.59099868593951,177.59863013698615
618894,2026-06-01,23.98160315374507,66.95137976346912,65.9658344283837,66.97601839684621,42.994415243101145,179.28082191780808
618894,2026-07-01,23.98160315374507,68.98817345597897,66.95137976346912,69.17608409986863,45.19448094612356,188.45479452054815
618895,2026-04-01,23.98160315374507,65.93298291721419,62.94349540078844,65.16918528252295,41.187582128777876,171.74657534246558
618895,2026-05-01,23.98160315374507,66.95137976346912,63.92904073587385,66.54566360052557,42.5640604467805,177.48630136986284
618895,2026-06-01,23.98160315374507,66.95137976346912,64.94743758212877,67.29862023653087,43.317017082785796,180.62602739726023
618895,2026-07-01,23.98160315374507,67.96977660972405,65.93298291721419,67.63534822601846,43.653745072273395,182.03013698630167
618896,2026-04-01,24.014454664914584,53.975032851511166,41.98423127463863,52.825558475689824,28.81110381077524,119.97400820793412
618896,2026-05-01,24.014454664914584,53.975032851511166,42.96977660972404,53.28646517739809,29.272010512483508,121.89329685362492
618896,2026-06-01,24.014454664914584,53.975032851511166,43.98817345597897,53.181011826543944,29.16655716162936,121.45417236662077
618896,2026-07-01,24.014454664914584,53.975032851511166,44.97371879106439,53.170827858081424,29.15637319316684,121.41176470588218
618897,2026-04-01,24.014454664914584,91.98423127463865,91.98423127463865,91.98423127463865,67.96977660972406,283.03693570451446
618897,2026-05-01,24.014454664914584,91.98423127463865,92.96977660972404,92.96977660972404,68.95532194480946,287.140902872777
618898,2026-04-01,23.98160315374507,23.98160315374507,9.986859395532194,23.992115637319326,0.010512483574256493,0.043835616438406534
618898,2026-05-01,23.98160315374507,23.98160315374507,10.972404730617608,23.98160315374508,1.0658141036401503e-14,4.444298810247422e-14
618898,2026-06-01,23.98160315374507,23.98160315374507,11.990801576872537,24.052233902759532,0.07063074901446242,0.29452054794523785
618898,2026-07-01,23.98160315374507,23.98160315374507,12.976346911957949,24.452693823915908,0.47109067017083817,1.9643835616438787
618899,2026-04-01,24.014454664914584,84.98685939553219,84.00131406044677,84.00131406044677,59.98685939553219,249.79480164158687
618899,2026-05-01,24.014454664914584,86.00525624178712,84.98685939553219,85.58114323258862,61.566688567674035,256.37346101231157
618899,2026-06-01,24.014454664914584,86.99080157687253,86.00525624178712,87.26905387647827,63.254599211563686,263.40218878248953
618899,2026-07-01,24.014454664914584,88.00919842312746,86.99080157687253,88.48751642575566,64.47306176084108,268.4760601915188
618901,2026-04-01,24.014454664914584,41.03153745072273,37.023653088042046,40.86859395532192,16.854139290407335,70.18331053351564
618901,2026-05-01,24.014454664914584,43.03547963206307,38.009198423127465,42.93528252299604,18.920827858081456,78.78932968536245
618901,2026-06-01,24.014454664914584,43.03547963206307,39.02759526938239,44.310118265440245,20.29566360052566,84.51436388508907
618901,2026-07-01,24.014454664914584,44.053876478318,40.01314060446781,45.11695137976349,21.102496714848908,87.87414500684005
618902,2026-04-01,24.014454664914584,81.01182654402102,75.9855453350854,79.92148488830497,55.90703022339039,232.8057455540361
618902,2026-05-01,24.014454664914584,81.01182654402102,76.97109067017082,79.58804204993434,55.57358738501976,231.41723666210692
618902,2026-06-01,24.014454664914584,81.01182654402102,77.98948751642575,80.5068988173457,56.49244415243112,235.24350205198402
618902,2026-07-01,24.014454664914584,81.01182654402102,78.97503285151117,81.12187910643905,57.10742444152447,237.80437756498017
618903,2026-04-01,24.014454664914584,93.00262812089356,87.97634691195795,92.17378449408682,68.15932982917224,283.8262653898773
618903,2026-05-01,24.014454664914584,93.00262812089356,88.96189224704337,93.5548620236532,69.54040735873862,289.57729138166945
618903,2026-06-01,24.014454664914584,93.00262812089356,89.98028909329828,92.6544021024968,68.63994743758222,285.8276333789334
618903,2026-07-01,24.014454664914584,93.00262812089356,90.9658344283837,91.71484888304866,67.70039421813408,281.9151846785228
618904,2026-04-01,29.96057818659658,182.95006570302232,182.95006570302232,183.29303547963187,153.33245729303528,511.78070175438535
618904,2026-05-01,29.96057818659658,182.95006570302232,183.9356110381077,183.9356110381077,153.97503285151112,513.9254385964911
618904,2026-06-01,29.96057818659658,182.95006570302232,184.95400788436268,185.11530880420486,155.15473061760827,517.8629385964908
618905,2026-04-01,23.98160315374507,23.98160315374507,19.97371879106439,24.88140604467806,0.8998028909329889,3.7520547945205736
618905,2026-05-01,23.98160315374507,23.98160315374507,20.9592641261498,25.26215505913272,1.2805519053876502,5.339726027397271
618905,2026-06-01,23.98160315374507,25.98554533508541,21.97766097240473,26.014126149802895,2.032522996057825,8.475342465753451
618905,2026-07-01,23.98160315374507,25.98554533508541,22.963206307490143,26.196780551905395,2.215177398160325,9.236986301369903
618906,2026-04-01,24.014454664914584,54.00788436268069,45.99211563731932,53.14388961892244,29.129434954007852,121.29958960328304
618906,2026-05-01,24.014454664914584,56.96452036793692,46.97766097240473,55.7450722733245,31.73061760840992,132.13132694938412
618906,2026-06-01,24.014454664914584,56.96452036793692,47.99605781865966,56.47010512483567,32.45565045992109,135.15047879616935
618906,2026-07-01,24.014454664914584,56.96452036793692,48.98160315374507,56.47470433639941,32.46024967148483,135.16963064295462
618907,2026-04-01,23.98160315374507,23.98160315374507,11.00525624178712,23.873193166885684,0.0,0.0
618907,2026-05-01,23.98160315374507,23.98160315374507,11.990801576872537,24.998685939553233,1.0170827858081637,4.241095890411028
618907,2026-06-01,23.98160315374507,23.98160315374507,13.009198423127463,24.404730617608408,0.423127463863338,1.7643835616438368
618907,2026-07-01,23.98160315374507,23.98160315374507,13.994743758212875,24.726346911957958,0.7447437582128877,3.1054794520548366
618908,2026-04-01,29.0407358738502,52.00394218134034,43.98817345597897,52.490144546649184,23.449408672798985,80.74660633484174
618908,2026-05-01,29.0407358738502,61.00525624178712,44.97371879106439,58.412614980289064,29.371879106438865,101.14027149321257
618908,2026-06-01,29.0407358738502,61.00525624178712,45.99211563731932,59.45696452036791,30.416228646517713,104.73642533936642
618908,2026-07-01,29.0407358738502,61.00525624178712,46.97766097240473,59.86892247043361,30.82818659658341,106.1549773755655
618909,2026-04-01,31.99737187910644,81.99737187910644,75.9855453350854,80.77628120893553,48.77890932982909,152.44661190965067
618909,2026-05-01,31.99737187910644,81.99737187910644,76.97109067017082,81.41458607095916,49.41721419185272,154.44147843942474
618909,2026-06-01,31.99737187910644,81.99737187910644,77.98948751642575,81.40374507227324,49.4063731931668,154.40759753593403
618909,2026-07-01,31.99737187910644,81.99737187910644,78.97503285151117,81.77660972404726,49.77923784494082,155.57289527720727
618910,2026-04-01,17.936925098554532,50.91984231274638,49.93429697766097,51.001314060446774,33.06438896189224,184.33699633699632
618910,2026-05-01,17.936925098554532,54.96057818659658,50.91984231274638,52.95367936925099,35.01675427069646,195.2216117216118
618910,2026-06-01,17.936925098554532,54.96057818659658,51.93823915900131,54.11760840998688,36.18068331143235,201.71062271062286
618911,2026-04-01,18.068331143232587,36.00525624178712,35.019710906701704,38.59625492772671,20.527923784494124,113.61272727272748
618911,2026-05-01,18.068331143232587,45.072273324572926,36.00525624178712,42.687910643889644,24.619579500657057,136.25818181818198
618911,2026-06-01,18.068331143232587,45.072273324572926,37.023653088042046,44.587713534822626,26.51938239159004,146.77272727272742
618911,2026-07-01,18.068331143232587,45.072273324572926,38.009198423127465,44.43692509855455,26.368593955321966,145.93818181818193
618912,2026-04-01,24.014454664914584,27.95663600525624,26.971090670170828,28.612023653088066,4.597568988173482,19.14500683994539
618912,2026-05-01,24.014454664914584,27.95663600525624,27.95663600525624,28.68363994743761,4.669185282523024,19.443228454172484
618913,2026-04-01,29.993429697766096,72.01051248357425,87.97634691195795,87.97634691195795,57.98291721419185,193.31872946330776
618913,2026-05-01,29.993429697766096,72.01051248357425,88.96189224704337,88.96189224704337,58.96846254927727,196.60460021905806
618914,2026-04-01,30.02628120893561,40.99868593955322,25.0,39.42739816031533,9.401116951379716,31.309628008752576
618914,2026-05-01,30.02628120893561,40.99868593955322,25.98554533508541,39.97404730617605,9.947766097240436,33.130196936542546
618914,2026-06-01,30.02628120893561,40.99868593955322,27.003942181340346,40.49507227332453,10.46879106438892,34.86542669584231
618914,2026-07-01,30.02628120893561,40.99868593955322,27.989487516425758,40.934954007884315,10.908672798948704,36.33041575492326
618915,2026-04-01,23.98160315374507,53.942181340341655,64.94743758212877,64.94743758212877,40.9658344283837,170.82191780821918
618915,2026-05-01,23.98160315374507,53.942181340341655,65.93298291721419,65.93298291721419,41.95137976346912,174.9315068493151
618916,2026-04-01,23.98160315374507,53.942181340341655,64.94743758212877,64.94743758212877,40.9658344283837,170.82191780821918
618916,2026-05-01,23.98160315374507,53.942181340341655,65.93298291721419,65.93298291721419,41.95137976346912,174.9315068493151
618917,2026-04-01,17.017082785808146,27.003942181340346,25.0,27.989159001314047,10.9720762155059,64.4768339768339
618917,2026-05-01,17.017082785808146,31.011826544021023,25.98554533508541,31.146189224704322,14.129106438896176,83.02895752895746
618917,2026-06-01,17.017082785808146,30.02628120893561,27.003942181340346,29.8712220762155,12.854139290407353,75.53667953667951
618917,2026-07-01,17.017082785808146,30.02628120893561,27.989487516425758,30.882063074901417,13.864980289093271,81.47683397683383
618919,2026-04-01,24.014454664914584,24.014454664914584,28.97503285151117,30.11859395532197,6.104139290407385,25.4186046511629
618919,2026-05-01,24.014454664914584,24.014454664914584,29.96057818659658,30.597240473061788,6.582785808147204,27.411764705882476
618920,2026-04-01,23.98160315374507,26.018396846254927,15.965834428383705,26.84067017082784,2.8590670170827686,11.921917808219106
618920,2026-05-01,23.98160315374507,26.938239159001316,16.95137976346912,27.34198423127461,3.3603810775295386,14.012328767123172
618920,2026-06-01,23.98160315374507,26.938239159001316,17.969776609724047,27.961892247043334,3.980289093298264,16.597260273972488
618920,2026-07-01,23.98160315374507,26.938239159001316,18.95532194480946,28.652759526938222,4.671156373193153,19.478082191780764
618921,2026-04-01,36.00525624178712,56.01182654402102,36.00525624178712,49.42542706964521,13.420170827858087,37.272810218978115
618921,2026-05-01,36.00525624178712,56.01182654402102,36.990801576872535,48.834756898817346,12.829500657030223,35.63229927007299
618921,2026-06-01,36.00525624178712,50.98554533508541,38.009198423127465,50.27266754270702,14.267411300919896,39.62591240875927
618921,2026-07-01,36.00525624178712,50.98554533508541,38.99474375821288,50.26576872536143,14.26051248357431,39.6067518248177
618922,2026-04-01,35.972404730617605,45.006570302233904,25.0,42.5180683311432,6.545663600525593,18.196347031963388
618922,2026-05-01,35.972404730617605,45.006570302233904,25.98554533508541,44.16392904073582,8.191524310118218,22.771689497716764
618922,2026-06-01,35.972404730617605,45.006570302233904,27.003942181340346,43.834099868593896,7.861695137976291,21.85479452054779
618922,2026-07-01,35.972404730617605,45.006570302233904,27.989487516425758,43.99145860709587,8.019053876478267,22.292237442922236
618923,2026-04-01,23.98160315374507,23.98160315374507,22.996057818659654,25.974704336399487,1.9931011826544172,8.310958904109652
618923,2026-05-01,23.98160315374507,31.011826544021023,23.98160315374507,30.437910643889605,6.456307490144535,26.92191780821914
618923,2026-06-01,23.98160315374507,31.011826544021023,25.0,30.976675427069626,6.995072273324556,29.168493150684867
618923,2026-07-01,23.98160315374507,31.011826544021023,25.98554533508541,32.460906701708275,8.479303547963205,35.35753424657534
618924,2026-04-01,18.035479632063076,27.003942181340346,25.0,29.653745072273317,11.61826544021024,64.41894353369759
618924,2026-05-01,18.035479632063076,31.011826544021023,25.98554533508541,32.10348226018396,14.068002628120883,78.00182149362472
618924,2026-06-01,18.035479632063076,31.011826544021023,27.003942181340346,33.178383705650454,15.142904073587378,83.96174863387974
618924,2026-07-01,18.035479632063076,31.011826544021023,27.989487516425758,32.791392904073575,14.755913272010499,81.81602914389792
618925,2026-04-01,17.936925098554532,53.942181340341655,52.95663600525624,52.95663600525624,35.01971090670171,195.23809523809527
618925,2026-05-01,17.936925098554532,54.96057818659658,53.942181340341655,54.01839684625495,36.08147174770042,201.1575091575093
618925,2026-06-01,17.936925098554532,55.946123521682,54.96057818659658,55.65505913272007,37.71813403416554,210.2820512820511
618925,2026-07-01,17.936925098554532,56.96452036793692,55.946123521682,56.676741130091905,38.73981603153737,215.97802197802153
618926,2026-04-01,23.98160315374507,47.99605781865966,16.95137976346912,44.41064388961891,20.42904073587384,85.18630136986299
618926,2026-05-01,23.98160315374507,47.99605781865966,17.936925098554532,46.93298291721415,22.951379763469077,95.70410958904093
618926,2026-06-01,23.98160315374507,47.99605781865966,18.95532194480946,45.27266754270692,21.29106438896185,88.78082191780805
618926,2026-07-01,23.98160315374507,47.99605781865966,19.940867279894874,41.54500657030222,17.56340341655715,73.23698630136983
618927,2026-04-01,23.98160315374507,33.01576872536137,25.0,32.541392904073575,8.559789750328505,35.69315068493147
618927,2026-05-01,23.98160315374507,38.99474375821288,25.98554533508541,37.916557161629406,13.934954007884336,58.10684931506839
618927,2026-06-01,23.98160315374507,38.99474375821288,27.003942181340346,38.73258869908012,14.750985545335048,61.509589041095744
618927,2026-07-01,23.98160315374507,38.99474375821288,27.989487516425758,37.85052562417869,13.868922470433617,57.83150684931498
618928,2026-04-01,18.035479632063076,33.01576872536137,25.0,32.83804204993428,14.802562417871204,82.07468123861557
618928,2026-05-01,18.035479632063076,35.972404730617605,25.98554533508541,34.76149802890935,16.726018396846275,92.73952641165766
618928,2026-06-01,18.035479632063076,35.972404730617605,27.003942181340346,35.48028909329829,17.444809461235213,96.72495446265935
618928,2026-07-01,18.035479632063076,35.972404730617605,27.989487516425758,35.041064388961914,17.005584756898838,94.28961748633891
618929,2026-04-01,24.014454664914584,32.98291721419185,30.97897503285151,34.296977660972395,10.28252299605781,42.81805745554033
618929,2026-05-01,24.014454664914584,36.990801576872535,31.964520367936924,36.682325886990775,12.66787122207619,52.75102599179197
618929,2026-06-01,24.014454664914584,38.99474375821288,32.98291721419185,38.53745072273321,14.522996057818627,60.476060191518336
618929,2026-07-01,24.014454664914584,38.99474375821288,33.96846254927726,38.64848883048617,14.634034165571588,60.93844049247594
618930,2026-04-01,23.98160315374507,23.98160315374507,4.960578186596584,23.981603153745088,1.7763568394002505e-14,7.407164683745702e-14
618930,2026-05-01,23.98160315374507,23.98160315374507,5.946123521681997,23.981603153745088,1.7763568394002505e-14,7.407164683745702e-14
618930,2026-06-01,23.98160315374507,23.98160315374507,6.964520367936925,23.981603153745088,1.7763568394002505e-14,7.407164683745702e-14
618930,2026-07-01,23.98160315374507,23.98160315374507,7.950065703022338,23.981603153745088,1.7763568394002505e-14,7.407164683745702e-14
618931,2026-04-01,23.98160315374507,23.98160315374507,4.960578186596584,23.98193166885678,0.00032851511171116954,0.0013698630137654797
618931,2026-05-01,23.98160315374507,23.98160315374507,5.946123521681997,23.98193166885678,0.00032851511171116954,0.0013698630137654797
618931,2026-06-01,23.98160315374507,23.98160315374507,6.964520367936925,23.981603153745088,1.7763568394002505e-14,7.407164683745702e-14
618931,2026-07-01,23.98160315374507,23.98160315374507,7.950065703022338,23.981603153745088,1.7763568394002505e-14,7.407164683745702e-14
618932,2026-04-01,22.963206307490143,22.963206307490143,2.9566360052562417,22.5650459921156,0.0,0.0
618932,2026-05-01,22.963206307490143,22.963206307490143,3.942181340341656,22.983574244415205,0.020367936925062224,0.08869814020012792
618932,2026-06-01,22.963206307490143,22.963206307490143,4.960578186596584,22.994086727989448,0.030880420499304506,0.13447782546478243
618932,2026-07-01,22.963206307490143,22.963206307490143,5.946123521681997,22.9635348226018,0.00032851511165787883,0.001430615164358488
618933,2026-04-01,24.014454664914584,24.014454664914584,1.0183968462549278,23.833114323258883,0.0,0.0
618933,2026-05-01,24.014454664914584,24.014454664914584,2.0039421813403417,23.833114323258883,0.0,0.0
618933,2026-06-01,23.98160315374507,23.98160315374507,3.942181340341656,23.971419185282524,0.0,0.0
618933,2026-07-01,23.98160315374507,23.98160315374507,4.92772667542707,23.981603153745073,3.552713678800501e-15,1.4814329367491404e-14
618934,2026-04-01,47.99605781865966,47.99605781865966,2.9566360052562417,47.996057818659594,0.0,0.0
618934,2026-05-01,47.99605781865966,47.99605781865966,3.942181340341656,47.996057818659594,0.0,0.0
618934,2026-06-01,47.99605781865966,47.99605781865966,4.960578186596584,47.996057818659594,0.0,0.0
618934,2026-07-01,47.99605781865966,47.99605781865966,5.946123521681997,47.996057818659594,0.0,0.0
618935,2026-04-01,24.014454664914584,34.98685939553219,34.00131406044678,34.663272010512465,10.64881734559788,44.343365253077906
618935,2026-05-01,24.014454664914584,34.98685939553219,34.98685939553219,35.22503285151115,11.210578186596567,46.68262653898763
618936,2026-04-01,24.014454664914584,50.91984231274638,37.94349540078844,48.684625492772675,24.67017082785809,102.73050615595079
618936,2026-05-01,24.014454664914584,48.91590013140604,38.92904073587385,46.29007884362681,22.275624178712224,92.75923392612862
618936,2026-06-01,24.014454664914584,48.91590013140604,39.94743758212878,49.25525624178717,25.240801576872588,105.10670314637505
618936,2026-07-01,24.014454664914584,48.91590013140604,40.93298291721419,49.052890932982955,25.03843626806837,104.26402188782507
618937,2026-04-01,23.98160315374507,59.98685939553219,53.975032851511166,60.02365308804212,36.04204993429705,150.2904109589044
618937,2026-05-01,23.98160315374507,59.98685939553219,54.96057818659658,60.03252299605786,36.05091984231279,150.32739726027415
618937,2026-06-01,23.98160315374507,59.98685939553219,55.97897503285151,63.04106438896192,39.05946123521685,162.87260273972618
618937,2026-07-01,23.98160315374507,64.94743758212877,56.96452036793692,63.05519053876482,39.07358738501975,162.93150684931527
618938,2026-04-01,24.014454664914584,42.96977660972404,41.98423127463863,42.071944809461314,18.05749014454673,75.19425444596477
618938,2026-05-01,24.014454664914584,42.96977660972404,42.96977660972404,42.96977660972404,18.95532194480946,78.9329685362517
618939,2026-04-01,23.98160315374507,23.98160315374507,9.00131406044678,23.981603153745088,1.7763568394002505e-14,7.407164683745702e-14
618939,2026-05-01,23.98160315374507,23.98160315374507,9.986859395532194,23.981603153745088,1.7763568394002505e-14,7.407164683745702e-14
618939,2026-06-01,23.98160315374507,23.98160315374507,11.00525624178712,23.942181340341662,0.0,0.0
618939,2026-07-01,23.98160315374507,23.98160315374507,11.990801576872537,23.981603153745073,3.552713678800501e-15,1.4814329367491404e-14
618941,2026-04-01,23.98160315374507,33.01576872536137,25.0,31.570302233902762,7.588699080157692,31.64383561643838
618941,2026-05-01,23.98160315374507,33.01576872536137,25.98554533508541,34.0939553219448,10.112352168199727,42.167123287671195
618941,2026-06-01,23.98160315374507,33.01576872536137,27.003942181340346,34.02660972404729,10.04500657030222,41.88630136986296
618941,2026-07-01,23.98160315374507,33.01576872536137,27.989487516425758,33.62614980289093,9.644546649145859,40.21643835616438
618942,2026-04-01,17.969776609724047,51.93823915900131,40.9658344283837,50.1957950065703,32.22601839684626,179.33455210237662
618942,2026-05-01,17.969776609724047,51.93823915900131,41.95137976346912,50.397831800262814,32.42805519053877,180.4588665447898
618942,2026-06-01,17.969776609724047,51.93823915900131,42.96977660972404,49.410643889618925,31.440867279894878,174.96526508226694
618942,2026-07-01,17.969776609724047,51.93823915900131,43.95532194480946,50.95335085413926,32.98357424441521,183.55027422303456
618943,2026-04-01,36.00525624178712,219.9408672798949,218.95532194480944,218.95532194480944,182.95006570302232,508.1204379562043
618943,2026-05-01,36.00525624178712,220.9592641261498,219.9408672798949,219.9408672798949,183.93561103810777,510.8576642335767
618944,2026-04-01,23.98160315374507,29.927726675427067,16.95137976346912,29.364651773981596,5.383048620236526,22.446575342465735
618944,2026-05-01,23.98160315374507,29.927726675427067,17.936925098554532,29.297963206307475,5.3163600525624055,22.16849315068488
618944,2026-06-01,23.98160315374507,29.927726675427067,18.95532194480946,28.014454664914584,4.032851511169515,16.81643835616439
618944,2026-07-01,23.98160315374507,29.927726675427067,19.940867279894874,29.57522996057816,5.59362680683309,23.324657534246477
618945,2026-04-01,27.95663600525624,51.93823915900131,50.9526938239159,51.40538764783179,23.448751642575548,83.87544065804933
618945,2026-05-01,27.95663600525624,52.95663600525624,51.93823915900131,52.82588699080154,24.869250985545303,88.95652173913032
618945,2026-06-01,27.95663600525624,53.942181340341655,52.95663600525624,54.33968462549273,26.38304862023649,94.37132784958858
618945,2026-07-01,27.95663600525624,54.96057818659658,53.942181340341655,54.96090670170832,27.00427069645208,96.59341950646314
618946,2026-04-01,24.014454664914584,36.00525624178712,35.019710906701704,36.426741130092005,12.41228646517742,51.68673050615604
618946,2026-05-01,24.014454664914584,37.023653088042046,36.00525624178712,37.34724047306174,13.332785808147154,55.519835841313196
618947,2026-04-01,18.95532194480946,54.96057818659658,51.97109067017082,51.97109067017082,33.015768725361355,174.1767764298093
618947,2026-05-01,18.95532194480946,59.98685939553219,52.95663600525624,53.19152431011828,34.23620236530883,180.61525129982684
618947,2026-06-01,18.95532194480946,57.98291721419185,53.975032851511166,55.55223390275949,36.59691195795003,193.06932409012114
618947,2026-07-01,18.95532194480946,57.98291721419185,54.96057818659658,55.88272010512479,36.927398160315335,194.81282495667224
618948,2026-04-01,22.963206307490143,22.963206307490143,1.938239159001314,22.782194480946092,0.0,0.0
618948,2026-05-01,22.963206307490143,22.963206307490143,2.923784494086728,22.963206307490104,0.0,0.0
618948,2026-06-01,22.963206307490143,22.963206307490143,3.942181340341656,22.9635348226018,0.00032851511165787883,0.001430615164358488
618948,2026-07-01,22.963206307490143,22.963206307490143,4.92772667542707,22.973390275952653,0.010183968462509796,0.044349070099971126
618949,2026-04-01,24.014454664914584,30.97897503285151,27.989487516425758,31.079664914586015,7.065210249671431,29.4206566347467
618949,2026-05-01,24.014454664914584,31.99737187910644,28.97503285151117,33.61727989487516,9.602825229960576,39.987688098495205
618949,2026-06-01,24.014454664914584,31.99737187910644,29.993429697766096,32.81934954007886,8.804894875164276,36.66497948016424
618949,2026-07-01,24.014454664914584,31.99737187910644,30.97897503285151,35.43550153307053,11.421046868155944,47.55905152758782
618950,2026-04-01,23.98160315374507,23.98160315374507,2.9566360052562417,23.98226018396847,0.0006570302234010228,0.0027397260274420734
618950,2026-05-01,23.98160315374507,23.98160315374507,3.942181340341656,23.981603153745077,7.105427357601002e-15,2.962865873498281e-14
618950,2026-06-01,23.98160315374507,23.98160315374507,4.960578186596584,23.981603153745077,7.105427357601002e-15,2.962865873498281e-14
618950,2026-07-01,23.98160315374507,23.98160315374507,5.946123521681997,22.60270696452036,0.0,0.0
618951,2026-04-01,23.061760840998684,51.01839684625492,49.01445466491458,51.32260183968462,28.26084099868594,122.54415954415956
618951,2026-05-01,23.061760840998684,51.01839684625492,50.0,51.82194480946126,28.760183968462574,124.70940170940183
618951,2026-06-01,23.061760840998684,52.00394218134034,51.01839684625492,53.01281208935613,29.951051248357448,129.87321937321948
618951,2026-07-01,23.061760840998684,53.02233902759527,52.00394218134034,52.960249671484796,29.898488830486112,129.64529914529876
618952,2026-04-01,46.97766097240473,72.96320630749014,64.94743758212877,71.75558475689893,24.7779237844942,52.74405594405619
618952,2026-05-01,46.97766097240473,72.96320630749014,65.93298291721419,72.17181340341668,25.19415243101195,53.6300699300702
618952,2026-06-01,46.97766097240473,72.96320630749014,66.95137976346912,73.25361366622873,26.275952693824003,55.93286713286732
618952,2026-07-01,46.97766097240473,82.95006570302233,67.93692509855452,73.88501971090673,26.907358738502005,57.27692307692315
618953,2026-04-01,41.95137976346912,84.92115637319316,73.94875164257556,81.0555190538765,39.104139290407375,93.21299921691468
618953,2026-05-01,41.95137976346912,84.92115637319316,74.93429697766096,83.61530880420506,41.66392904073594,99.31480031323429
618953,2026-06-01,41.95137976346912,84.92115637319316,75.9526938239159,83.53482260183974,41.583442838370615,99.12294440093982
618953,2026-07-01,41.95137976346912,84.92115637319316,76.93823915900131,83.87056504599217,41.919185282523046,99.92325763508234
618954,2026-04-01,29.927726675427067,29.927726675427067,14.947437582128778,29.93331143232587,0.005584756898802112,0.01866081229413132
618954,2026-05-01,29.927726675427067,29.927726675427067,15.932982917214192,29.93331143232587,0.005584756898802112,0.01866081229413132
618954,2026-06-01,29.927726675427067,29.927726675427067,16.95137976346912,31.176741130091973,1.2490144546649056,4.173435784851781
618954,2026-07-01,29.927726675427067,29.927726675427067,17.936925098554532,34.19940867279895,4.271681997371886,14.273326015367752
618955,2026-04-01,24.014454664914584,77.95663600525624,76.97109067017082,78.2158344283836,54.20137976346902,225.7031463748286
618955,2026-05-01,24.014454664914584,78.97503285151117,77.95663600525624,79.3860052562417,55.37155059132712,230.57592339261254
618955,2026-06-01,24.014454664914584,79.96057818659658,78.97503285151117,82.22667542706967,58.212220762155084,242.40492476060203
618955,2026-07-01,24.014454664914584,80.97897503285151,79.96057818659658,82.59625492772668,58.581800262812095,243.94391244870044
618956,2026-04-01,29.96057818659658,29.96057818659658,17.969776609724047,30.630420499343,0.6698423127464181,2.235745614035194
618956,2026-05-01,29.96057818659658,29.96057818659658,18.95532194480946,31.141590013140643,1.1810118265440614,3.941885964912416
618956,2026-06-01,29.96057818659658,40.9658344283837,19.97371879106439,38.178055190538835,8.217477003942253,27.427631578947608
618956,2026-07-01,29.96057818659658,40.9658344283837,20.9592641261498,36.81931668856772,6.8587385019711355,22.892543859649276
618957,2026-04-01,23.98160315374507,51.93823915900131,50.9526938239159,51.66655716162943,27.684954007884357,115.44246575342466
618957,2026-05-01,23.98160315374507,52.95663600525624,51.93823915900131,52.80091984231271,28.81931668856764,120.1726027397259
618957,2026-06-01,23.98160315374507,53.942181340341655,52.95663600525624,55.53252299605778,31.55091984231271,131.56301369863
618957,2026-07-01,23.98160315374507,54.96057818659658,53.942181340341655,55.53712220762156,31.555519053876488,131.58219178082197
618958,2026-04-01,61.00525624178712,109.9868593955322,95.0065703022339,107.56143232588714,46.55617608410002,76.31502423263352
618958,2026-05-01,61.00525624178712,109.9868593955322,95.99211563731932,107.61300919842328,46.60775295663616,76.39956919763084
618958,2026-06-01,61.00525624178712,109.9868593955322,97.01051248357425,108.1511169513799,47.14586070959278,77.281637049004
618958,2026-07-01,61.00525624178712,109.9868593955322,97.99605781865964,107.421484888305,46.41622864651788,76.08562197092107
618959,2026-04-01,14.98028909329829,14.98028909329829,27.989487516425758,27.989487516425758,13.009198423127467,86.84210526315792
618959,2026-05-01,14.98028909329829,14.98028909329829,28.97503285151117,28.97503285151117,13.994743758212879,93.42105263157896
618960,2026-04-01,29.993429697766096,41.98423127463863,27.989487516425758,39.636990801576886,9.64356110381079,32.152245345016475
618960,2026-05-01,29.993429697766096,41.98423127463863,28.97503285151117,41.21879106438898,11.225361366622884,37.42606790799569
618960,2026-06-01,29.993429697766096,41.98423127463863,29.993429697766096,42.20499342969778,12.211563731931683,40.714129244249776
618960,2026-07-01,29.993429697766096,41.98423127463863,30.97897503285151,41.78350854139289,11.790078843626794,39.308871851040486
618961,2026-04-01,23.98160315374507,23.98160315374507,3.975032851511169,24.001314060446788,0.019710906701718045,0.08219178082195855
618961,2026-05-01,23.98160315374507,23.98160315374507,4.960578186596584,24.1222076215506,0.14060446780553093,0.5863013698630632
618961,2026-06-01,23.98160315374507,23.98160315374507,5.978975032851511,24.80683311432327,0.8252299605781985,3.441095890411009
618961,2026-07-01,23.98160315374507,23.98160315374507,6.964520367936925,24.584756898817353,0.6031537450722837,2.5150684931507286
618962,2026-04-01,23.98160315374507,20.9592641261498,7.982917214191852,21.926412614980254,0.0,0.0
618962,2026-05-01,23.98160315374507,20.9592641261498,8.968462549277266,21.42838370565044,0.0,0.0
618962,2026-06-01,23.98160315374507,20.9592641261498,9.986859395532194,23.861695137976348,0.0,0.0
618962,2026-07-01,23.98160315374507,23.98160315374507,10.972404730617608,23.741787122207626,0.0,0.0
618963,2026-04-01,23.98160315374507,23.98160315374507,13.009198423127463,23.750328515111697,0.0,0.0
618963,2026-05-01,23.98160315374507,23.98160315374507,13.994743758212875,24.372536136662287,0.39093298291721723,1.6301369863013826
618963,2026-06-01,23.98160315374507,23.98160315374507,15.013140604467806,24.58804204993429,0.6064388961892213,2.528767123287657
618963,2026-07-01,23.98160315374507,23.98160315374507,15.99868593955322,24.520696452036788,0.5390932982917178,2.247945205479437
618964,2026-04-01,23.98160315374507,23.98160315374507,2.9566360052562417,23.510183968462538,0.0,0.0
618964,2026-05-01,23.98160315374507,23.98160315374507,3.942181340341656,23.80026281208935,0.0,0.0
618964,2026-06-01,23.98160315374507,23.98160315374507,4.960578186596584,23.981603153745073,3.552713678800501e-15,1.4814329367491404e-14
618964,2026-07-01,23.98160315374507,23.98160315374507,5.946123521681997,23.75178712220762,0.0,0.0
618966,2026-04-01,23.98160315374507,23.98160315374507,7.982917214191852,23.618922470433635,0.0,0.0
618966,2026-05-01,23.98160315374507,23.98160315374507,8.968462549277266,23.86070959264126,0.0,0.0
618966,2026-06-01,23.98160315374507,23.98160315374507,9.986859395532194,22.140604467805506,0.0,0.0
618966,2026-07-01,23.98160315374507,23.98160315374507,10.972404730617608,23.320630749014455,0.0,0.0
618967,2026-04-01,23.98160315374507,23.98160315374507,19.97371879106439,25.106767411300915,1.125164257555845,4.691780821917798
618967,2026-05-01,23.98160315374507,30.946123521682,20.9592641261498,28.968791064388927,4.987187910643858,20.795890410958773
618967,2026-06-01,23.98160315374507,30.946123521682,21.97766097240473,30.701379763469063,6.7197766097239935,28.02054794520526
618967,2026-07-01,23.98160315374507,30.946123521682,22.963206307490143,31.044349540078784,7.062746386333714,29.450684931506615
618968,2026-04-01,24.014454664914584,43.95532194480946,42.96977660972404,44.139947437582116,20.12549277266753,83.80574555403552
618968,2026-05-01,24.014454664914584,44.97371879106439,43.95532194480946,44.834756898817396,20.82030223390281,86.69904240766097
618968,2026-06-01,24.014454664914584,45.959264126149804,44.97371879106439,46.01576872536131,22.001314060446727,91.61696306429528
618968,2026-07-01,24.014454664914584,46.97766097240473,45.959264126149804,47.00821287779246,22.993758212877875,95.74965800273633
618969,2026-04-01,24.014454664914584,39.94743758212878,37.94349540078844,39.76971090670172,15.755256241787134,65.60738714090293
618969,2026-05-01,24.014454664914584,42.96977660972404,38.92904073587385,41.12023653088044,17.105781865965856,71.23119015047888
618969,2026-06-01,24.014454664914584,42.96977660972404,39.94743758212878,42.13731931668861,18.122864651774027,75.46648426812604
618969,2026-07-01,24.014454664914584,42.96977660972404,40.93298291721419,43.051576872536195,19.03712220762161,79.27359781121777
618970,2026-04-01,24.014454664914584,43.95532194480946,42.96977660972404,45.97076215505913,21.956307490144543,91.42954856361149
618970,2026-05-01,24.014454664914584,44.97371879106439,43.95532194480946,46.173455978975035,22.15900131406045,92.27359781121753
618970,2026-06-01,24.014454664914584,45.959264126149804,44.97371879106439,46.0036136662286,21.989159001314018,91.56634746922008
618970,2026-07-01,24.014454664914584,46.97766097240473,45.959264126149804,47.0998685939554,23.085413929040815,96.13132694938474
618971,2026-04-01,47.99605781865966,47.99605781865966,9.00131406044678,47.996057818659594,0.0,0.0
618971,2026-05-01,47.99605781865966,47.99605781865966,9.986859395532194,47.996057818659594,0.0,0.0
618971,2026-06-01,47.99605781865966,47.99605781865966,11.00525624178712,47.996057818659594,0.0,0.0
618971,2026-07-01,47.99605781865966,47.99605781865966,11.990801576872537,47.996057818659594,0.0,0.0
618972,2026-04-01,36.00525624178712,36.00525624178712,3.975032851511169,36.005256241787166,4.263256414560601e-14,1.1840650114892764e-13
618972,2026-05-01,36.00525624178712,36.00525624178712,4.960578186596584,36.005256241787166,4.263256414560601e-14,1.1840650114892764e-13
618972,2026-06-01,36.00525624178712,36.00525624178712,5.978975032851511,36.005256241787166,4.263256414560601e-14,1.1840650114892764e-13
618976,2026-04-01,57.98291721419185,57.98291721419185,11.00525624178712,58.403745072273274,0.42082785808142376,0.7257790368271128
618976,2026-05-01,57.98291721419185,59.98685939553219,11.990801576872537,59.185282522996076,1.2023653088042252,2.073654390934879
618976,2026-06-01,57.98291721419185,59.98685939553219,13.009198423127463,59.40604467805524,1.4231274638633877,2.454390934844279
618976,2026-07-01,57.98291721419185,57.98291721419185,13.994743758212875,58.635019710906676,0.652102496714825,1.1246458923512337
618977,2026-04-01,23.98160315374507,25.0,5.978975032851511,24.877792378449413,0.8961892247043437,3.7369863013698943
618977,2026-05-01,23.98160315374507,25.0,6.964520367936925,24.887976346911966,0.9063731931668961,3.7794520547945645
618977,2026-06-01,23.98160315374507,25.0,7.982917214191852,24.887976346911966,0.9063731931668961,3.7794520547945645
618977,2026-07-01,23.98160315374507,25.0,8.968462549277266,24.887976346911966,0.9063731931668961,3.7794520547945645
618978,2026-04-01,59.98685939553219,59.98685939553219,5.978975032851511,59.96681997371886,0.0,0.0
618978,2026-05-01,59.98685939553219,59.98685939553219,6.964520367936925,59.96681997371886,0.0,0.0
618978,2026-06-01,59.98685939553219,59.98685939553219,7.982917214191852,59.986859395532264,7.105427357601002e-14,1.1844973097775164e-13
618981,2026-04-01,29.96057818659658,29.96057818659658,6.964520367936925,29.98094612352172,0.02036793692513683,0.06798245614047864
618981,2026-05-01,29.96057818659658,29.96057818659658,7.950065703022338,29.98094612352172,0.02036793692513683,0.06798245614047864
618981,2026-06-01,29.96057818659658,29.96057818659658,8.968462549277266,29.98094612352172,0.02036793692513683,0.06798245614047864
618981,2026-07-01,29.96057818659658,29.96057818659658,9.95400788436268,29.98094612352172,0.02036793692513683,0.06798245614047864
618982,2026-04-01,37.023653088042046,37.023653088042046,35.019710906701704,43.34001314060444,6.316360052562395,17.060337178349542
618982,2026-05-01,37.023653088042046,43.03547963206307,36.00525624178712,43.12779237844939,6.104139290407346,16.48713398402836
618982,2026-06-01,37.023653088042046,43.03547963206307,37.023653088042046,43.33508541392902,6.311432325886976,17.047027506654796
618982,2026-07-01,37.023653088042046,43.03547963206307,38.009198423127465,44.310446780551885,7.286793692509839,19.681455190771917
618985,2026-04-01,59.98685939553219,59.98685939553219,3.975032851511169,59.946123521682075,0.0,0.0
618985,2026-05-01,59.98685939553219,59.98685939553219,4.960578186596584,59.99605781865973,0.00919842312753616,0.01533406352695513
618985,2026-06-01,59.98685939553219,59.98685939553219,5.978975032851511,59.99605781865973,0.00919842312753616,0.01533406352695513
618985,2026-07-01,59.98685939553219,59.98685939553219,6.964520367936925,59.99605781865973,0.00919842312753616,0.01533406352695513
618986,2026-04-01,44.97371879106439,44.97371879106439,6.964520367936925,44.925755584756956,0.0,0.0
618986,2026-05-01,44.97371879106439,44.97371879106439,7.950065703022338,44.925755584756956,0.0,0.0
618986,2026-06-01,44.97371879106439,44.97371879106439,8.968462549277266,44.925755584756956,0.0,0.0
618991,2026-04-01,33.01576872536137,33.01576872536137,25.0,32.47634691195794,0.0,0.0
618991,2026-05-01,33.01576872536137,33.01576872536137,25.98554533508541,32.65407358738501,0.0,0.0
618991,2026-06-01,33.01576872536137,33.01576872536137,27.003942181340346,33.85315374507225,0.8373850197108794,2.5363184079601164
618991,2026-07-01,33.01576872536137,33.01576872536137,27.989487516425758,32.70302233902757,0.0,0.0
618992,2026-04-01,31.99737187910644,31.99737187910644,23.98160315374507,31.880749014454686,0.0,0.0
618992,2026-05-01,31.99737187910644,31.99737187910644,24.967148488830485,31.78022339027599,0.0,0.0
618992,2026-06-01,31.99737187910644,31.99737187910644,25.98554533508541,32.21057818659661,0.213206307490168,0.6663244353183485
618992,2026-07-01,31.99737187910644,31.99737187910644,26.971090670170828,32.27003942181342,0.27266754270698357,0.8521560574949261
618995,2026-04-01,59.98685939553219,59.98685939553219,7.982917214191852,60.00689881734567,0.020039421813478953,0.03340635268358704
618995,2026-05-01,59.98685939553219,59.98685939553219,8.968462549277266,60.00689881734567,0.020039421813478953,0.03340635268358704
618995,2026-06-01,59.98685939553219,59.98685939553219,9.986859395532194,60.00689881734567,0.020039421813478953,0.03340635268358704
619003,2026-04-01,29.96057818659658,95.99211563731932,88.96189224704337,95.5410643889618,65.58048620236522,218.88925438596462
619003,2026-05-01,29.96057818659658,95.99211563731932,89.94743758212877,95.5197109067016,65.55913272010503,218.81798245614004
619003,2026-06-01,29.96057818659658,95.99211563731932,90.9658344283837,95.6215505913271,65.66097240473051,219.15789473684177
619003,2026-07-01,29.96057818659658,95.99211563731932,91.95137976346912,95.96123521681984,66.00065703022327,220.2916666666663
619004,2026-04-01,23.98160315374507,23.98160315374507,3.975032851511169,23.981603153745088,1.7763568394002505e-14,7.407164683745702e-14
619004,2026-05-01,23.98160315374507,23.98160315374507,4.960578186596584,23.981603153745088,1.7763568394002505e-14,7.407164683745702e-14
619004,2026-06-01,23.98160315374507,23.98160315374507,5.978975032851511,23.981603153745088,1.7763568394002505e-14,7.407164683745702e-14
619004,2026-07-01,23.98160315374507,23.98160315374507,6.964520367936925,23.981603153745088,1.7763568394002505e-14,7.407164683745702e-14
619005,2026-04-01,23.98160315374507,1.0,2.9566360052562417,12.72061760840998,0.0,0.0
619005,2026-05-01,23.98160315374507,1.0,3.942181340341656,10.192641261498029,0.0,0.0
619005,2026-06-01,23.98160315374507,1.0,4.960578186596584,10.192641261498029,0.0,0.0
619005,2026-07-01,23.98160315374507,23.98160315374507,5.946123521681997,18.695834428383687,0.0,0.0
619007,2026-04-01,23.98160315374507,23.98160315374507,2.9566360052562417,23.98193166885677,0.0003285151117005114,0.0013698630137210367
619007,2026-05-01,23.98160315374507,23.98160315374507,3.942181340341656,23.981603153745073,3.552713678800501e-15,1.4814329367491404e-14
619007,2026-06-01,23.98160315374507,23.98160315374507,4.960578186596584,23.981603153745073,3.552713678800501e-15,1.4814329367491404e-14
619007,2026-07-01,23.98160315374507,23.98160315374507,5.946123521681997,23.981603153745073,3.552713678800501e-15,1.4814329367491404e-14
619008,2026-04-01,17.936925098554532,5.946123521681997,2.9566360052562417,9.30387647831801,0.0,0.0
619008,2026-05-01,17.936925098554532,5.946123521681997,3.942181340341656,7.364980289093308,0.0,0.0
619008,2026-06-01,17.936925098554532,5.946123521681997,4.960578186596584,10.622536136662292,0.0,0.0
619008,2026-07-01,17.936925098554532,5.946123521681997,5.946123521681997,10.742772667542713,0.0,0.0
619009,2026-04-01,23.02890932982917,23.02890932982917,0.0,22.77743101182657,0.0,0.0
619009,2026-05-01,23.02890932982917,22.01051248357424,0.0,22.288600525624183,0.0,0.0
619009,2026-06-01,23.02890932982917,22.01051248357424,1.0183968462549278,22.11547306176084,0.0,0.0
619009,2026-07-01,23.02890932982917,22.01051248357424,2.0039421813403417,22.145039421813404,0.0,0.0
619010,2026-04-01,17.969776609724047,19.97371879106439,28.97503285151117,28.97503285151117,11.005256241787123,61.243144424131636
619010,2026-05-01,17.969776609724047,19.97371879106439,29.96057818659658,29.96057818659658,11.990801576872535,66.72760511882998
619010,2026-06-01,17.969776609724047,31.964520367936924,30.97897503285151,31.65768725361369,13.687910643889644,76.17184643510069
619010,2026-06-01,17.969776609724047,31.964520367936924,30.97897503285151,31.79730617608413,13.827529566360084,76.948811700183
619010,2026-07-01,17.969776609724047,31.964520367936924,31.964520367936924,31.964520367936924,13.994743758212877,77.87934186471664
619013,2026-04-01,15.013140604467806,15.013140604467806,17.969776609724047,17.969776609724047,2.9566360052562413,19.693654266958422
619013,2026-05-01,15.013140604467806,15.013140604467806,18.95532194480946,18.95532194480946,3.9421813403416532,26.25820568927788
619013,2026-06-01,15.013140604467806,20.9592641261498,19.97371879106439,21.126149802890904,6.113009198423098,40.71772428884007
619013,2026-07-01,15.013140604467806,23.98160315374507,20.9592641261498,23.369579500657025,8.35643889618922,55.6608315098468
619014,2026-04-01,23.98160315374507,23.98160315374507,1.938239159001314,23.981603153745088,1.7763568394002505e-14,7.407164683745702e-14
619014,2026-05-01,23.98160315374507,23.98160315374507,2.923784494086728,24.06241787122209,0.08081471747702196,0.3369863013699382
619014,2026-06-01,23.98160315374507,23.98160315374507,3.942181340341656,23.79186596583444,0.0,0.0
619014,2026-07-01,23.98160315374507,23.98160315374507,4.92772667542707,23.981603153745088,1.7763568394002505e-14,7.407164683745702e-14
619022,2026-04-01,34.95400788436268,34.95400788436268,19.97371879106439,34.9365965834429,0.0,0.0
619022,2026-05-01,34.95400788436268,34.95400788436268,20.9592641261498,34.93593955321951,0.0,0.0
619022,2026-06-01,34.95400788436268,34.95400788436268,21.97766097240473,34.94743758212884,0.0,0.0
619022,2026-07-01,34.95400788436268,34.95400788436268,22.963206307490143,34.93593955321951,0.0,0.0
619024,2026-04-01,25.0,25.0,13.009198423127463,24.969119579500656,0.0,0.0
619024,2026-05-01,25.0,25.0,13.994743758212875,24.898817345597895,0.0,0.0
619024,2026-06-01,25.0,25.0,15.013140604467806,24.85709592641261,0.0,0.0
619024,2026-07-01,25.0,25.0,15.99868593955322,25.217805519053876,0.21780551905387568,0.8712220762155028
619025,2026-04-01,53.942181340341655,53.942181340341655,14.947437582128778,53.81406044678044,0.0,0.0
619025,2026-05-01,53.942181340341655,53.942181340341655,15.932982917214192,53.8840341655715,0.0,0.0
619025,2026-06-01,53.942181340341655,53.942181340341655,16.95137976346912,53.92312746386322,0.0,0.0
619025,2026-07-01,53.942181340341655,53.942181340341655,17.936925098554532,53.92312746386322,0.0,0.0
619026,2026-04-01,47.99605781865966,47.99605781865966,3.975032851511169,47.996057818659594,0.0,0.0
619026,2026-05-01,47.99605781865966,47.99605781865966,4.960578186596584,47.996057818659594,0.0,0.0
619026,2026-06-01,47.99605781865966,47.99605781865966,5.978975032851511,47.996057818659594,0.0,0.0
619026,2026-07-01,47.99605781865966,47.99605781865966,6.964520367936925,48.035479632063016,0.03942181340335793,0.0821355236138409
619027,2026-04-01,32.03022339027595,32.03022339027595,11.00525624178712,32.05453350854134,0.0243101182653902,0.07589743589727978
619027,2026-05-01,32.03022339027595,32.03022339027595,11.990801576872537,32.01478318002623,0.0,0.0
619027,2026-06-01,32.03022339027595,32.03022339027595,13.009198423127463,32.01478318002623,0.0,0.0
619027,2026-07-01,32.03022339027595,32.03022339027595,13.994743758212875,32.01478318002623,0.0,0.0
619028,2026-04-01,23.98160315374507,23.98160315374507,7.982917214191852,23.981603153745088,1.7763568394002505e-14,7.407164683745702e-14
619028,2026-05-01,23.98160315374507,23.98160315374507,8.968462549277266,23.981603153745088,1.7763568394002505e-14,7.407164683745702e-14
619028,2026-06-01,23.98160315374507,23.98160315374507,9.986859395532194,23.971747700394232,0.0,0.0
619028,2026-07-01,23.98160315374507,27.989487516425758,10.972404730617608,23.96189224704338,0.0,0.0
619029,2026-04-01,17.936925098554532,26.971090670170828,18.95532194480946,26.46484888304858,8.52792378449405,47.543956043955845
619029,2026-05-01,17.936925098554532,26.971090670170828,19.940867279894874,27.03350854139286,9.096583442838327,50.71428571428548
619029,2026-06-01,17.936925098554532,26.971090670170828,20.9592641261498,26.743758212877747,8.806833114323215,49.09890109890086
619029,2026-07-01,17.936925098554532,26.971090670170828,21.944809461235216,27.071287779237807,9.134362680683275,50.924908424908224
619030,2026-04-01,29.96057818659658,29.96057818659658,1.938239159001314,29.72109067017086,0.0,0.0
619030,2026-05-01,29.96057818659658,29.96057818659658,2.923784494086728,28.760512483574274,0.0,0.0
619030,2026-06-01,29.96057818659658,29.96057818659658,3.942181340341656,29.981603153745105,0.021024967148523643,0.07017543859660742
619030,2026-07-01,29.96057818659658,29.96057818659658,4.92772667542707,29.960578186596617,3.552713678800501e-14,1.1857961006873603e-13
619031,2026-04-01,34.98685939553219,34.98685939553219,2.9566360052562417,34.98817345597895,0.001314060446759413,0.0037558685445405198
619031,2026-05-01,34.98685939553219,34.98685939553219,3.942181340341656,35.00722733245726,0.02036793692506933,0.05821596244123102
619031,2026-06-01,34.98685939553219,34.98685939553219,4.960578186596584,34.986859395532164,0.0,0.0
619031,2026-07-01,34.98685939553219,34.98685939553219,5.946123521681997,34.986859395532164,0.0,0.0
619032,2026-04-01,84.92115637319316,84.92115637319316,13.92904073587385,84.89257555847577,0.0,0.0
619032,2026-05-01,84.92115637319316,84.92115637319316,14.914586070959263,84.87319316688576,0.0,0.0
619032,2026-06-01,84.92115637319316,84.92115637319316,15.932982917214192,84.85381077529573,0.0,0.0
619032,2026-07-01,84.92115637319316,84.92115637319316,16.918528252299605,84.89257555847577,0.0,0.0
619033,2026-04-01,28.97503285151117,28.97503285151117,26.971090670170828,29.81734559789745,0.8423127463862805,2.907029478457866
619033,2026-05-01,28.97503285151117,28.97503285151117,27.95663600525624,30.288436268068278,1.313403416557108,4.532879818593919
619033,2026-06-01,28.97503285151117,28.97503285151117,28.97503285151117,32.34954007884358,3.374507227332412,11.646258503401203
619033,2026-07-01,28.97503285151117,42.96977660972404,29.96057818659658,38.28843626806836,9.31340341655719,32.14285714285724
619038,2026-04-01,18.035479632063076,54.96057818659658,55.97897503285151,55.97897503285151,37.943495400788436,210.38251366120218
619038,2026-05-01,18.035479632063076,54.96057818659658,56.96452036793692,56.96452036793692,38.92904073587384,215.8469945355191
619038,2026-06-01,18.035479632063076,54.96057818659658,57.98291721419185,57.98291721419185,39.94743758212877,221.49362477231324
619038,2026-07-01,18.035479632063076,54.96057818659658,58.96846254927726,58.96846254927726,40.93298291721419,226.9581056466302
619039,2026-06-01,24.014454664914584,24.014454664914584,0.0,24.01445466491459,7.105427357601002e-15,2.9588127054086796e-14
619039,2026-07-01,24.014454664914584,24.014454664914584,0.985545335085414,24.01445466491459,7.105427357601002e-15,2.9588127054086796e-14
619042,2026-04-01,47.07621550591327,11.070959264126149,49.01445466491458,49.01445466491458,1.9382391590013128,4.1172365666434025
619042,2026-05-01,47.07621550591327,11.070959264126149,50.0,50.0,2.923784494086732,6.210746685275654
619042,2026-06-01,47.07621550591327,11.070959264126149,51.01839684625492,51.01839684625492,3.942181340341655,8.37404047452896
619042,2026-07-01,47.07621550591327,11.070959264126149,52.00394218134034,52.00394218134034,4.927726675427074,10.46755059316121
619043,2026-07-01,6.011826544021025,18.00262812089356,2.9894875164257555,17.37713534822603,11.365308804205005,189.04918032786907
619045,2026-04-01,29.96057818659658,47.99605781865966,28.97503285151117,48.99342969776606,19.03285151116948,63.52631578947358
619045,2026-05-01,29.96057818659658,63.96189224704336,29.96057818659658,61.72667542706975,31.76609724047317,106.02631578947405
619045,2026-06-01,29.96057818659658,63.96189224704336,30.97897503285151,63.42247043364009,33.46189224704351,111.68640350877241
619045,2026-07-01,29.96057818659658,63.96189224704336,31.964520367936924,63.96189224704351,34.00131406044693,113.48684210526365
619049,2026-04-01,23.98160315374507,23.98160315374507,19.97371879106439,24.501971090670178,0.5203679369251084,2.1698630136986714
619049,2026-05-01,23.98160315374507,23.98160315374507,20.9592641261498,24.62155059132721,0.6399474375821406,2.668493150684981
619049,2026-06-01,23.98160315374507,23.98160315374507,21.97766097240473,25.159001314060447,1.1773981603153771,4.909589041095902
619049,2026-07-01,23.98160315374507,30.946123521682,22.963206307490143,28.93396846254923,4.952365308804161,20.650684931506667
619051,2026-04-01,63.99474375821288,63.99474375821288,13.009198423127463,65.97437582128774,1.9796320630748596,3.0934291581108173
619051,2026-05-01,63.99474375821288,66.03153745072274,13.994743758212875,65.98653088042046,1.9917871222075831,3.112422997946552
619051,2026-06-01,63.99474375821288,66.03153745072274,15.013140604467806,65.6011826544021,1.6064388961892178,2.5102669404517344
619051,2026-07-01,63.99474375821288,63.99474375821288,15.99868593955322,64.59855453350858,0.6038107752956989,0.9435318275154557
619052,2026-04-01,59.00131406044678,59.00131406044678,0.0,58.938896189224785,0.0,0.0
619052,2026-05-01,59.00131406044678,59.00131406044678,0.0,58.95729303547971,0.0,0.0
619052,2026-06-01,59.00131406044678,59.00131406044678,1.0183968462549278,58.94776609724055,0.0,0.0
619052,2026-07-01,59.00131406044678,59.00131406044678,2.0039421813403417,59.01708278580823,0.01576872536144691,0.026726057906594873
619053,2026-04-01,57.98291721419185,57.98291721419185,11.00525624178712,58.012812089356046,0.029894875164195867,0.051558073654284546
619053,2026-05-01,57.98291721419185,57.98291721419185,11.990801576872537,58.063074901445404,0.08015768725355343,0.13824362606221907
619053,2026-06-01,57.98291721419185,57.98291721419185,13.009198423127463,58.02299605781861,0.04007884362675895,0.06912181303107891
619053,2026-07-01,57.98291721419185,57.98291721419185,13.994743758212875,58.053547963206256,0.07063074901440558,0.12181303116138845
619054,2026-04-01,18.035479632063076,18.035479632063076,9.00131406044678,18.024638633377123,0.0,0.0
619054,2026-05-01,18.035479632063076,18.035479632063076,9.986859395532194,18.024638633377123,0.0,0.0
619054,2026-06-01,18.035479632063076,18.035479632063076,11.00525624178712,18.024638633377123,0.0,0.0
619054,2026-07-01,18.035479632063076,18.035479632063076,11.990801576872537,18.024638633377123,0.0,0.0
619055,2026-04-01,78.97503285151117,78.97503285151117,7.982917214191852,78.73127463863327,0.0,0.0
619055,2026-05-01,78.97503285151117,78.97503285151117,8.968462549277266,78.84954007884352,0.0,0.0
619055,2026-06-01,78.97503285151117,78.97503285151117,9.986859395532194,78.93561103810765,0.0,0.0
619055,2026-07-01,78.97503285151117,78.97503285151117,10.972404730617608,78.93561103810765,0.0,0.0
619056,2026-04-01,61.990801576872535,61.990801576872535,4.960578186596584,62.96681997371872,0.976018396846186,1.5744568097508163
619056,2026-05-01,61.990801576872535,65.93298291721419,5.946123521681997,64.6225361366622,2.6317345597896704,4.245363010068764
619056,2026-06-01,61.990801576872535,65.93298291721419,6.964520367936925,63.28777923784486,1.296977660972324,2.092209856915609
619056,2026-07-01,61.990801576872535,65.93298291721419,7.950065703022338,63.51544021024961,1.524638633377073,2.459459459459359
619057,2026-04-01,29.96057818659658,29.96057818659658,25.952693823915897,30.173784494086764,0.2132063074901822,0.7116228070176697
619057,2026-05-01,29.96057818659658,29.96057818659658,26.938239159001316,30.162614980289128,0.202036793692546,0.6743421052632786
619057,2026-06-01,29.96057818659658,29.96057818659658,27.95663600525624,30.919842312746418,0.9592641261498365,3.201754385965024
619057,2026-07-01,29.96057818659658,36.92509855453351,28.94218134034165,36.217805519053904,6.257227332457322,20.88486842105273
619059,2026-04-01,24.014454664914584,38.99474375821288,30.97897503285151,37.40867279894872,13.394218134034137,55.77564979480153
619059,2026-05-01,24.014454664914584,38.99474375821288,31.964520367936924,37.842969776609706,13.828515111695122,57.58413132694932
619059,2026-06-01,24.014454664914584,38.99474375821288,32.98291721419185,38.176084099868554,14.16162943495397,58.971272229822006
619059,2026-06-01,24.014454664914584,38.99474375821288,32.98291721419185,38.51445466491455,14.499999999999968,60.38030095759221
619059,2026-07-01,24.014454664914584,38.99474375821288,33.96846254927726,38.41622864651771,14.401773981603124,59.97127222982205
619060,2026-04-01,11.00525624178712,11.00525624178712,17.969776609724047,17.969776609724047,6.964520367936927,63.28358208955228
619060,2026-05-01,11.00525624178712,11.00525624178712,18.95532194480946,18.95532194480946,7.950065703022339,72.23880597014927
619060,2026-06-01,11.00525624178712,20.9592641261498,19.97371879106439,21.268068331143198,10.262812089356078,93.25373134328332
619060,2026-07-01,11.00525624178712,23.98160315374507,20.9592641261498,23.59165571616294,12.58639947437582,114.3671641791045
619061,2026-05-01,24.014454664914584,24.014454664914584,0.0,20.061103810775332,0.0,0.0
619061,2026-06-01,24.014454664914584,24.014454664914584,1.0183968462549278,22.75657030223392,0.0,0.0
619061,2026-07-01,24.014454664914584,24.014454664914584,2.0039421813403417,22.756241787122224,0.0,0.0
619063,2026-04-01,24.014454664914584,41.95137976346912,40.9658344283837,41.72601839684625,17.711563731931665,73.75376196990423
619063,2026-05-01,24.014454664914584,42.96977660972404,41.95137976346912,42.638961892247124,18.62450722733254,77.55540355677189
619064,2026-04-01,24.014454664914584,56.04467805519054,49.01445466491458,59.162286465177324,35.147831800262736,146.3611491108068
619064,2026-05-01,24.014454664914584,69.02102496714849,50.0,67.20105124835735,43.186596583442764,179.83584131326919
619064,2026-06-01,24.014454664914584,69.02102496714849,51.01839684625492,68.67936925098546,44.66491458607088,185.99179206566313
619064,2026-07-01,24.014454664914584,69.02102496714849,52.00394218134034,69.03252299605775,45.01806833114317,187.46238030095734
619065,2026-06-01,23.98160315374507,59.98685939553219,56.96452036793692,59.30387647831805,35.32227332457298,147.28904109589064
619065,2026-07-01,23.98160315374507,59.98685939553219,57.95006570302234,59.63600525624185,35.65440210249678,148.67397260274004
619066,2026-04-01,24.014454664914584,47.99605781865966,42.96977660972404,48.57325886990799,24.558804204993404,102.26675786593698
619066,2026-05-01,24.014454664914584,48.98160315374507,43.95532194480946,50.263797634691215,26.24934296977663,109.30642954856371
619066,2026-06-01,24.014454664914584,48.98160315374507,44.97371879106439,48.786465177398156,24.772010512483572,103.15458276333788
619066,2026-07-01,24.014454664914584,48.98160315374507,45.959264126149804,49.09986859395533,25.085413929040744,104.45964432284546
619067,2026-04-01,23.98160315374507,107.98291721419184,106.99737187910644,106.99737187910644,83.01576872536137,346.1643835616439
619067,2026-05-01,23.98160315374507,109.00131406044676,107.98291721419184,107.98291721419184,84.00131406044677,350.2739726027397
619068,2026-04-01,24.014454664914584,45.99211563731932,34.00131406044678,39.72930354796322,15.714848883048635,65.43912448700418
619068,2026-05-01,24.014454664914584,45.99211563731932,34.98685939553219,45.285808147174784,21.2713534822602,88.57729138166903
619068,2026-06-01,24.014454664914584,45.99211563731932,36.00525624178712,45.22864651773983,21.214191852825248,88.3392612859098
619068,2026-07-01,24.014454664914584,45.99211563731932,36.990801576872535,45.498685939553226,21.484231274638642,89.46374829001373
619069,2026-04-01,138.96189224704335,187.97634691195796,185.9724047306176,188.43626806833072,49.47437582128737,35.60283687943233
619069,2026-05-01,138.96189224704335,187.97634691195796,186.95795006570305,189.25689881734525,50.295006570301894,36.19338061465697
619069,2026-06-01,138.96189224704335,191.98423127463863,187.97634691195796,191.9931011826542,53.031208935610834,38.16241134751759
619069,2026-07-01,138.96189224704335,193.98817345597897,188.96189224704332,193.4250985545332,54.463206307489855,39.19290780141824
619070,2026-04-01,30.02628120893561,179.9934296977661,177.98948751642575,180.29369250985556,150.26741130091995,500.45295404814044
619071,2026-04-01,36.00525624178712,54.96057818659658,43.98817345597897,53.20302233902761,17.19776609724049,47.76459854014603
619071,2026-05-01,36.00525624178712,54.96057818659658,44.97371879106439,53.251971090670175,17.24671484888305,47.900547445255484
619071,2026-06-01,36.00525624178712,54.96057818659658,45.99211563731932,54.998357424441544,18.99310118265442,52.75091240875918
619071,2026-07-01,36.00525624178712,54.96057818659658,46.97766097240473,54.57063074901447,18.565374507227347,51.562956204379596
619072,2026-04-01,24.014454664914584,41.95137976346912,37.94349540078844,43.10808147174768,19.093626806833097,79.5088919288645
619072,2026-05-01,24.014454664914584,41.95137976346912,38.92904073587385,42.07654402102494,18.062089356110352,75.21340629274954
619072,2026-06-01,24.014454664914584,44.97371879106439,39.94743758212878,45.30519053876482,21.290735873850235,88.65800273597827
619072,2026-07-01,24.014454664914584,44.97371879106439,40.93298291721419,45.37582128777928,21.361366622864697,88.95212038303713
619073,2026-04-01,23.98160315374507,63.92904073587385,61.92509855453351,63.49441524310122,39.51281208935615,164.76301369863035
619073,2026-05-01,23.98160315374507,64.91458607095926,62.91064388961892,64.11432325886996,40.13272010512489,167.34794520547968
619073,2026-06-01,23.98160315374507,65.93298291721419,63.92904073587385,65.19382391590008,41.21222076215501,171.84931506849296
619073,2026-07-01,23.98160315374507,66.95137976346912,64.91458607095926,65.99178712220757,42.0101839684625,175.17671232876694
619074,2026-04-01,30.02628120893561,179.9934296977661,177.98948751642575,180.17312746386347,150.14684625492785,500.05142231947525
619074,2026-05-01,30.02628120893561,179.9934296977661,178.97503285151117,180.48193166885682,150.4556504599212,501.0798687089717
619074,2026-06-01,30.02628120893561,180.9789750328515,179.9934296977661,180.7568988173455,150.7306176084099,501.9956236323848
619074,2026-07-01,30.02628120893561,181.9973718791064,180.9789750328515,181.92115637319313,151.8948751642575,505.8730853391683
619075,2026-04-01,29.993429697766096,172.96320630749014,171.97766097240472,171.97996057818648,141.9865308804204,473.39211391018586
619075,2026-05-01,29.993429697766096,172.96320630749014,172.96320630749014,172.96320630749014,142.96977660972405,476.6703176341731
619076,2026-04-01,23.98160315374507,62.91064388961892,61.92509855453351,63.211563731931584,39.229960578186514,163.5835616438353
619076,2026-05-01,23.98160315374507,66.95137976346912,62.91064388961892,66.08771353482257,42.1061103810775,175.576712328767
619076,2026-06-01,23.98160315374507,66.95137976346912,63.92904073587385,66.7588699080157,42.77726675427063,178.37534246575316
619076,2026-07-01,23.98160315374507,66.95137976346912,64.91458607095926,67.03482260183964,43.053219448094566,179.5260273972601
619077,2026-04-01,24.014454664914584,99.01445466491458,97.01051248357425,98.19086727989486,74.17641261498028,308.8823529411764
619077,2026-05-01,24.014454664914584,99.01445466491458,97.99605781865964,99.50065703022338,75.4862023653088,314.3365253077975
619077,2026-06-01,24.014454664914584,100.0,99.01445466491458,100.46977660972404,76.45532194480946,318.37209302325584
619077,2026-07-01,24.014454664914584,101.01839684625492,100.0,101.09433858957514,77.07988392466056,320.97286821705444
619078,2026-04-01,29.0407358738502,90.01314060446781,81.99737187910644,86.95335085413933,57.912614980289135,199.41855203619923
619078,2026-05-01,29.0407358738502,90.01314060446781,82.98291721419184,91.52693823915897,62.48620236530877,215.1674208144795
619078,2026-06-01,29.0407358738502,90.01314060446781,84.00131406044677,91.3452693823915,62.30453350854131,214.5418552036196
619078,2026-07-01,29.0407358738502,90.01314060446781,84.98685939553219,92.25032851511162,63.20959264126142,217.6583710407237
619080,2026-04-01,24.014454664914584,35.019710906701704,29.993429697766096,32.899145860709616,8.884691195795032,36.99726402188793
619080,2026-05-01,24.014454664914584,35.019710906701704,30.97897503285151,34.73390275952692,10.719448094612336,44.63748290013673
619080,2026-06-01,24.014454664914584,35.019710906701704,31.99737187910644,34.96911957950067,10.954664914586086,45.616963064295554
619080,2026-07-01,24.014454664914584,35.019710906701704,32.98291721419185,35.496057818659644,11.48160315374506,47.811217510259866
619083,2026-04-01,30.05913272010512,239.98028909329827,235.9724047306176,237.71287779237866,207.65374507227355,690.8174863387986
619083,2026-05-01,30.05913272010512,239.98028909329827,236.95795006570305,236.95795006570305,206.89881734559793,688.306010928962
619084,2026-04-01,29.993429697766096,239.98028909329827,233.9684625492773,236.0985545335088,206.1051248357427,687.1675794085442
619084,2026-05-01,29.993429697766096,239.98028909329827,234.95400788436268,237.33442838370584,207.34099868593975,691.2880613362548
619086,2026-04-01,29.96057818659658,192.96977660972405,186.95795006570305,190.27825229960547,160.31767411300888,535.0953947368411
619086,2026-05-01,29.96057818659658,192.96977660972405,187.94349540078844,190.6488173455976,160.688239159001,536.3322368421042
619086,2026-06-01,29.96057818659658,192.96977660972405,188.96189224704332,192.26905387647804,162.30847568988145,541.7401315789465
619086,2026-07-01,29.96057818659658,192.96977660972405,189.9474375821288,194.37647831800246,164.41590013140586,548.774122807017
619087,2026-04-01,24.014454664914584,40.01314060446781,30.97897503285151,39.84986859395536,15.835413929040772,65.94117647058839
619087,2026-05-01,24.014454664914584,40.01314060446781,31.964520367936924,39.2782522996058,15.263797634691219,63.560875512996
619087,2026-06-01,24.014454664914584,40.01314060446781,32.98291721419185,39.734888304862054,15.72043363994747,65.46238030095772
619087,2026-07-01,24.014454664914584,40.01314060446781,33.96846254927726,39.577529566360084,15.5630749014455,64.8071135430918
619089,2026-04-01,36.00525624178712,40.9658344283837,38.96189224704336,41.302562417871286,5.297306176084163,14.712591240876089
619089,2026-05-01,36.00525624178712,41.95137976346912,39.94743758212878,41.70827858081469,5.703022339027569,15.839416058394088
619089,2026-06-01,36.00525624178712,41.95137976346912,40.9658344283837,41.074901445466466,5.069645203679343,14.080291970802847
619089,2026-07-01,36.00525624178712,42.96977660972404,41.95137976346912,41.95137976346912,5.946123521681997,16.514598540145982
619090,2026-04-01,24.014454664914584,78.97503285151117,77.98948751642575,79.09855453350852,55.08409986859394,229.3789329685362
619090,2026-05-01,24.014454664914584,79.99342969776609,78.97503285151117,80.33278580814725,56.31833114323267,234.51846785225752
619090,2026-06-01,24.014454664914584,79.99342969776609,79.99342969776609,80.914914586071,56.900459921156425,236.94254445964455
619090,2026-07-01,24.014454664914584,81.99737187910644,80.97897503285151,81.60578186596577,57.591327201051186,239.8194254445962
619092,2026-04-01,23.98160315374507,69.97371879106439,68.98817345597897,69.56274638633374,45.58114323258867,190.06712328767114
619092,2026-05-01,23.98160315374507,70.99211563731932,69.97371879106439,70.47404730617612,46.49244415243105,193.8671232876714
619092,2026-06-01,23.98160315374507,71.97766097240472,70.99211563731932,71.91787122207633,47.93626806833126,199.8876712328772
619092,2026-07-01,23.98160315374507,71.97766097240472,71.97766097240472,72.67017082785817,48.6885676741131,203.02465753424696
619093,2026-04-01,24.014454664914584,39.98028909329829,27.989487516425758,38.505584756898834,14.49113009198425,60.343365253078055
619093,2026-05-01,24.014454664914584,38.042049934296976,28.97503285151117,38.06800262812084,14.053547963206253,58.52120383036913
619093,2026-06-01,24.014454664914584,38.042049934296976,29.993429697766096,37.25788436268061,13.243429697766029,55.147742818057175
619093,2026-07-01,24.014454664914584,38.042049934296976,30.97897503285151,37.67739816031536,13.662943495400778,56.89466484268122
619094,2026-04-01,23.98160315374507,59.98685939553219,51.97109067017082,57.35512483574245,33.37352168199738,139.1630136986302
619094,2026-05-01,23.98160315374507,59.98685939553219,52.95663600525624,56.883048620236586,32.901445466491516,137.19452054794544
619094,2026-06-01,23.98160315374507,59.98685939553219,53.975032851511166,59.64126149802897,35.6596583442839,148.69589041095915
619094,2026-07-01,23.98160315374507,59.98685939553219,54.96057818659658,60.26872536136665,36.28712220762158,151.3123287671234
619095,2026-04-01,17.969776609724047,42.96977660972404,40.9658344283837,43.579500657030295,25.609724047306248,142.51553930530204
619095,2026-05-01,17.969776609724047,42.96977660972404,41.95137976346912,43.88863337713541,25.918856767411366,144.2358318098724
619095,2026-06-01,17.969776609724047,43.95532194480946,42.96977660972404,45.440538764783184,27.470762155059138,152.87202925045708
619095,2026-07-01,17.969776609724047,44.97371879106439,43.95532194480946,45.28580814717482,27.316031537450773,152.0109689213897
619096,2026-04-01,29.0407358738502,147.99605781865966,145.0065703022339,147.5036136662289,118.46287779237869,407.91968325791936
619096,2026-05-01,29.0407358738502,147.99605781865966,145.9921156373193,147.95597897503316,118.91524310118297,409.4773755656119
619096,2026-06-01,29.0407358738502,147.99605781865966,147.01051248357425,148.86727989487537,119.82654402102517,412.6153846153853
619096,2026-07-01,29.0407358738502,151.01839684625492,147.99605781865966,151.57851511169517,122.53777923784497,421.9513574660635
619097,2026-04-01,28.97503285151117,100.9526938239159,99.96714848883047,100.5909986859396,71.61596583442842,247.16439909297065
619097,2026-05-01,28.97503285151117,101.97109067017082,100.9526938239159,101.88436268068342,72.90932982917225,251.62811791383257
619097,2026-06-01,28.97503285151117,102.95663600525624,101.97109067017082,103.15998685939536,74.18495400788419,256.0306122448973
619097,2026-07-01,28.97503285151117,103.97503285151116,102.95663600525624,103.63797634691184,74.66294349540067,257.6802721088431
619098,2026-04-01,23.98160315374507,62.91064388961892,61.92509855453351,63.04467805519048,39.06307490144541,162.8876712328765
619098,2026-05-01,23.98160315374507,63.92904073587385,62.91064388961892,64.05486202365314,40.073258869908074,167.10000000000025
619098,2026-06-01,23.98160315374507,64.91458607095926,63.92904073587385,65.15177398160318,41.170170827858115,171.6739726027399
619098,2026-07-01,23.98160315374507,65.93298291721419,64.91458607095926,65.8797634691196,41.898160315374525,174.709589041096
619099,2026-04-01,23.98160315374507,35.972404730617605,21.97766097240473,32.655387647831844,8.673784494086775,36.16849315068513
619099,2026-05-01,23.98160315374507,35.972404730617605,22.963206307490143,35.6514454664915,11.669842312746432,48.66164383561664
619099,2026-06-01,23.98160315374507,35.972404730617605,23.98160315374507,36.022339027595315,12.040735873850245,50.2082191780824
619099,2026-07-01,23.98160315374507,35.972404730617605,24.967148488830485,36.002956636005294,12.021353482260224,50.127397260274144
619100,2026-04-01,23.98160315374507,57.98291721419185,55.97897503285151,55.97897503285151,31.99737187910644,133.4246575342466
619100,2026-05-01,23.98160315374507,59.98685939553219,56.96452036793692,56.96452036793692,32.98291721419185,137.53424657534248
619100,2026-06-01,23.98160315374507,59.98685939553219,57.98291721419185,57.98291721419185,34.00131406044678,141.78082191780823
619100,2026-07-01,23.98160315374507,59.98685939553219,58.96846254927726,58.96846254927726,34.98685939553219,145.8904109589041
619101,2026-04-01,23.98160315374507,31.011826544021023,25.0,31.50394218134033,7.522339027595262,31.367123287671205
619101,2026-05-01,23.98160315374507,31.011826544021023,25.98554533508541,34.613009198423114,10.631406044678045,44.331506849315026
619101,2026-06-01,23.98160315374507,31.011826544021023,27.003942181340346,32.01609724047305,8.034494086727982,33.50273972602737
619101,2026-07-01,23.98160315374507,31.011826544021023,27.989487516425758,32.40275952693823,8.421156373193163,35.11506849315067
619102,2026-04-01,24.014454664914584,24.014454664914584,1.0183968462549278,24.01445466491459,7.105427357601002e-15,2.9588127054086796e-14
619102,2026-05-01,24.014454664914584,24.014454664914584,2.0039421813403417,24.01445466491459,7.105427357601002e-15,2.9588127054086796e-14
619102,2026-06-01,24.014454664914584,24.014454664914584,3.0223390275952693,23.893889618922476,0.0,0.0
619102,2026-07-01,24.014454664914584,24.014454664914584,4.007884362680684,24.01445466491459,7.105427357601002e-15,2.9588127054086796e-14
619103,2026-04-01,23.98160315374507,120.9592641261498,119.9737187910644,119.9737187910644,95.99211563731933,400.27397260273983
619103,2026-05-01,23.98160315374507,121.97766097240472,120.9592641261498,120.9592641261498,96.97766097240473,404.38356164383566
619103,2026-06-01,23.98160315374507,122.96320630749014,121.97766097240472,121.97766097240472,97.99605781865965,408.63013698630135
619103,2026-07-01,23.98160315374507,123.98160315374508,122.96320630749014,123.45992115637317,99.4783180026281,414.81095890410955
619104,2026-04-01,23.98160315374507,23.98160315374507,99.96714848883047,99.96714848883047,75.9855453350854,316.8493150684931
619104,2026-05-01,23.98160315374507,23.98160315374507,100.9526938239159,100.9526938239159,76.97109067017082,320.95890410958907
619105,2026-04-01,23.98160315374507,23.98160315374507,6.964520367936925,24.03186596583444,0.05026281208937178,0.20958904109595577
619105,2026-05-01,23.98160315374507,23.98160315374507,7.950065703022338,24.0617608409987,0.0801576872536316,0.33424657534254054
619105,2026-06-01,23.98160315374507,23.98160315374507,8.968462549277266,23.981603153745088,1.7763568394002505e-14,7.407164683745702e-14
619105,2026-07-01,23.98160315374507,23.98160315374507,9.95400788436268,23.981603153745088,1.7763568394002505e-14,7.407164683745702e-14
619106,2026-04-01,23.98160315374507,31.93166885676741,16.95137976346912,31.335742444152398,7.354139290407328,30.66575342465741
619106,2026-05-01,23.98160315374507,32.95006570302234,17.936925098554532,30.848226018396822,6.866622864651752,28.63287671232868
619106,2026-06-01,23.98160315374507,32.95006570302234,18.95532194480946,30.980946123521647,6.999342969776578,29.186301369862882
619106,2026-07-01,23.98160315374507,32.95006570302234,19.940867279894874,31.88863337713529,7.907030223390219,32.971232876712094
619107,2026-04-01,23.98160315374507,29.96057818659658,6.964520367936925,29.97667542706967,5.995072273324599,24.998630136986414
619107,2026-05-01,23.98160315374507,29.96057818659658,7.950065703022338,30.135676741130123,6.154073587385053,25.661643835616584
619107,2026-06-01,23.98160315374507,30.97897503285151,8.968462549277266,30.387647831800212,6.406044678055142,26.71232876712309
619107,2026-07-01,23.98160315374507,30.97897503285151,9.95400788436268,30.269053876478253,6.287450722733183,26.217808219177822
619108,2026-04-01,23.98160315374507,27.003942181340346,9.986859395532194,28.7555847568988,4.773981603153729,19.906849315068428
619108,2026-05-01,23.98160315374507,27.003942181340346,10.972404730617608,28.727660972404713,4.746057818659644,19.79041095890405
619108,2026-06-01,23.98160315374507,27.989487516425758,11.990801576872537,28.779894875164274,4.798291721419204,20.008219178082275
619108,2026-07-01,23.98160315374507,27.989487516425758,12.976346911957949,29.45236530880423,5.470762155059159,22.8123287671234
619109,2026-04-01,24.014454664914584,48.98160315374507,47.99605781865966,49.11925098554534,25.104796320630758,104.54035567715462
619109,2026-05-01,24.014454664914584,50.98554533508541,48.98160315374507,50.6116951379764,26.597240473061813,110.75512995896055
619109,2026-06-01,24.014454664914584,50.98554533508541,50.0,51.09625492772673,27.08180026281215,112.77291381668972
619109,2026-07-01,24.014454664914584,52.00394218134034,50.98554533508541,52.047306176084184,28.0328515111696,116.73324213406329
619111,2026-04-01,24.014454664914584,50.0,49.01445466491458,50.25657030223388,26.242115637319298,109.27633378932961
619111,2026-05-01,24.014454664914584,51.01839684625492,50.0,51.3045335085414,27.290078843626812,113.640218878249
619111,2026-06-01,24.014454664914584,52.00394218134034,51.01839684625492,52.208278580814806,28.19382391590022,117.40355677154622
619111,2026-07-01,24.014454664914584,53.02233902759527,52.00394218134034,52.937910643889516,28.923455978974932,120.44186046511587
619112,2026-04-01,24.014454664914584,50.0,41.98423127463863,48.18429697766098,24.169842312746393,100.64705882352945
619112,2026-05-01,24.014454664914584,50.0,42.96977660972404,48.765111695137975,24.75065703022339,103.06566347469222
619112,2026-06-01,24.014454664914584,50.0,43.98817345597897,50.01839684625491,26.003942181340324,108.28454172366615
619112,2026-07-01,24.014454664914584,50.0,44.97371879106439,50.14454664914585,26.130091984231267,108.8098495212038
619113,2026-06-01,29.96057818659658,231.011826544021,234.95400788436268,234.95400788436268,204.9934296977661,684.2105263157895
619114,2026-04-01,23.98160315374507,33.01576872536137,25.0,33.832128777923764,9.850525624178694,41.07534246575335
619114,2026-05-01,23.98160315374507,44.021024967148485,25.98554533508541,42.47240473061762,18.49080157687255,77.10410958904116
619114,2026-06-01,23.98160315374507,44.021024967148485,27.003942181340346,43.39553219448095,19.41392904073588,80.95342465753428
619114,2026-07-01,23.98160315374507,44.021024967148485,27.989487516425758,43.794678055190545,19.813074901445475,82.61780821917813
619117,2026-04-01,23.98160315374507,109.9868593955322,109.00131406044676,109.42838370565059,85.44678055190552,356.30136986301426
619117,2026-05-01,23.98160315374507,111.00525624178712,109.9868593955322,111.27201051248362,87.29040735873855,363.9890410958906
619117,2026-06-01,23.98160315374507,111.99080157687251,111.00525624178712,111.25197109067008,87.27036793692501,363.90547945205446
619117,2026-07-01,23.98160315374507,113.00919842312746,111.99080157687251,113.57194480946134,89.59034165571627,373.579452054795
619118,2026-04-01,29.00788436268068,109.9868593955322,109.00131406044676,109.00131406044676,79.99342969776608,275.76443941109846
619118,2026-05-01,29.00788436268068,111.00525624178712,109.9868593955322,109.9868593955322,80.97897503285152,279.16194790486986
619118,2026-06-01,29.00788436268068,111.99080157687251,111.00525624178712,111.00525624178712,81.99737187910644,282.6727066817667
619118,2026-07-01,29.00788436268068,113.00919842312746,111.99080157687251,112.17936925098564,83.17148488830496,286.7202718006799
619119,2026-04-01,29.96057818659658,100.9526938239159,98.94875164257556,101.04336399474376,71.08278580814718,237.25438596491233
619119,2026-05-01,29.96057818659658,103.97503285151116,99.93429697766096,103.27529566360046,73.31471747700388,244.70394736842084
619119,2026-06-01,29.96057818659658,103.97503285151116,100.9526938239159,103.43002628120887,73.46944809461229,245.2203947368419
619119,2026-07-01,29.96057818659658,103.97503285151116,101.93823915900133,104.20269382391581,74.24211563731923,247.7993421052629
619120,2026-04-01,29.993429697766096,77.98948751642575,75.9855453350854,77.70827858081466,47.71484888304857,159.08433734939743
619120,2026-05-01,29.993429697766096,78.97503285151117,76.97109067017082,78.6333771353482,48.6399474375821,162.1686746987951
619120,2026-06-01,29.993429697766096,78.97503285151117,77.98948751642575,79.25065703022334,49.25722733245724,164.2267250821466
619120,2026-07-01,29.993429697766096,81.01182654402102,78.97503285151117,81.23423127463877,51.24080157687268,170.84008762322063
619121,2026-04-01,36.00525624178712,109.9868593955322,109.00131406044676,109.98718791064407,73.98193166885694,205.47536496350415
619121,2026-05-01,36.00525624178712,109.9868593955322,109.9868593955322,110.3922470433641,74.38699080157697,206.60036496350392
619122,2026-04-01,30.02628120893561,46.97766097240473,45.99211563731932,46.86005256241794,16.83377135348233,56.063457330415986
619122,2026-05-01,30.02628120893561,47.99605781865966,46.97766097240473,47.76346911957946,17.73718791064385,59.07221006564538
619123,2026-04-01,24.014454664914584,33.96846254927726,25.952693823915897,34.111695137976376,10.097240473061792,42.04651162790711
619123,2026-05-01,24.014454664914584,40.93298291721419,26.938239159001316,39.73784494086734,15.723390275952756,65.47469220246265
619123,2026-06-01,24.014454664914584,40.93298291721419,27.95663600525624,40.279237844940894,16.26478318002631,67.72913816689478
619123,2026-07-01,24.014454664914584,40.93298291721419,28.94218134034165,40.29862023653092,16.284165571616338,67.80984952120401
619124,2026-04-01,24.014454664914584,32.98291721419185,25.952693823915897,33.195137976346906,9.180683311432322,38.229822161422696
619124,2026-05-01,24.014454664914584,38.92904073587385,26.938239159001316,38.63961892247044,14.625164257555856,60.901504787961734
619124,2026-06-01,24.014454664914584,38.92904073587385,27.95663600525624,38.644546649145866,14.630091984231282,60.92202462380304
619124,2026-07-01,24.014454664914584,38.92904073587385,28.94218134034165,38.797963206307486,14.783508541392901,61.56087551299589
619125,2026-04-01,24.014454664914584,36.92509855453351,25.952693823915897,37.690867279894896,13.676412614980311,56.95075239398094
619125,2026-05-01,24.014454664914584,43.95532194480946,26.938239159001316,42.91622864651774,18.901773981603153,78.70998632010944
619125,2026-06-01,24.014454664914584,43.95532194480946,27.95663600525624,43.05519053876478,19.0407358738502,79.28864569083449
619125,2026-07-01,24.014454664914584,43.95532194480946,28.94218134034165,42.87286465177397,18.85840998685939,78.52941176470586
619126,2026-04-01,24.014454664914584,30.97897503285151,25.952693823915897,31.76741130091981,7.752956636005226,32.28454172366609
619126,2026-05-01,24.014454664914584,37.94349540078844,26.938239159001316,37.669513797634686,13.655059132720101,56.861833105335144
619126,2026-06-01,24.014454664914584,37.94349540078844,27.95663600525624,37.84362680683309,13.829172141918509,57.58686730506148
619126,2026-07-01,24.014454664914584,37.94349540078844,28.94218134034165,37.88699080157684,13.872536136662259,57.767441860465006
619127,2026-04-01,23.98160315374507,40.99868593955322,25.0,39.64848883048615,15.666885676741082,65.32876712328748
619127,2026-05-01,23.98160315374507,47.99605781865966,25.98554533508541,45.795335085413896,21.813731931668826,90.96027397260262
619127,2026-06-01,23.98160315374507,47.99605781865966,27.003942181340346,46.86530880420495,22.88370565045988,95.42191780821902
619127,2026-07-01,23.98160315374507,47.99605781865966,27.989487516425758,47.315374507227304,23.333771353482234,97.2986301369862
619128,2026-04-01,24.014454664914584,43.95532194480946,42.96977660972404,44.62253613666228,20.6080814717477,85.81532147742818
619128,2026-05-01,24.014454664914584,44.97371879106439,43.95532194480946,45.17542706964524,21.160972404730654,88.11764705882369
619128,2026-06-01,24.014454664914584,45.959264126149804,44.97371879106439,46.216491458607045,22.20203679369246,92.45280437756477
619128,2026-07-01,24.014454664914584,46.97766097240473,45.959264126149804,47.11136662286472,23.096911957950137,96.17920656634777
619129,2026-04-01,24.014454664914584,55.02628120893561,47.010512483574246,55.412286465177395,31.39783180026281,130.74555403556772
619129,2026-05-01,24.014454664914584,56.04467805519054,47.99605781865966,56.10578186596577,32.091327201051186,133.6333789329683
619129,2026-06-01,24.014454664914584,56.04467805519054,49.01445466491458,56.0091984231274,31.994743758212817,133.23119015047854
619129,2026-07-01,24.014454664914584,56.04467805519054,50.0,58.60775295663594,34.593298291721354,144.05198358413108
619130,2026-04-01,24.014454664914584,38.042049934296976,27.989487516425758,38.812089356110334,14.79763469119575,61.619699042407476
619130,2026-05-01,24.014454664914584,38.96189224704336,28.97503285151117,41.29467805519061,17.280223390276024,71.9575923392616
619130,2026-06-01,24.014454664914584,38.96189224704336,29.993429697766096,42.358081471747795,18.34362680683321,76.38577291381709
619130,2026-07-01,24.014454664914584,38.96189224704336,30.97897503285151,43.0801576872537,19.065703022339118,79.39261285909751
619131,2026-04-01,24.014454664914584,90.9658344283837,88.96189224704337,88.96189224704337,64.94743758212879,270.4514363885089
619131,2026-05-01,24.014454664914584,90.9658344283837,89.94743758212877,89.96649145860701,65.95203679369243,274.6347469220243
619131,2026-06-01,24.014454664914584,90.9658344283837,90.9658344283837,90.9658344283837,66.95137976346912,278.79616963064296
619131,2026-07-01,24.014454664914584,90.9658344283837,91.95137976346912,91.95137976346912,67.93692509855454,282.90013679890563
619132,2026-04-01,23.98160315374507,56.96452036793692,52.95663600525624,53.256241787122164,29.274638633377094,122.07123287671217
619132,2026-05-01,23.98160315374507,56.96452036793692,53.942181340341655,54.00591327201046,30.02431011826539,125.1972602739724
619132,2026-06-01,23.98160315374507,56.96452036793692,54.96057818659658,57.43692509855447,33.4553219448094,139.50410958904084
619132,2026-07-01,23.98160315374507,56.96452036793692,55.946123521682,60.05880420499336,36.07720105124829,150.4369863013696
619134,2026-04-01,24.014454664914584,31.99737187910644,29.993429697766096,32.63666228646521,8.622207621550626,35.90424076607401
619134,2026-05-01,24.014454664914584,35.019710906701704,30.97897503285151,34.76412614980287,10.749671484888285,44.76333789329677
619134,2026-06-01,24.014454664914584,35.019710906701704,31.99737187910644,35.88304862023653,11.868593955321945,49.42270861833106
619134,2026-07-01,24.014454664914584,35.019710906701704,32.98291721419185,35.29467805519052,11.280223390275939,46.9726402188782
619136,2026-04-01,22.996057818659654,26.938239159001316,25.952693823915897,27.37662286465179,4.380565045992135,19.049200000000088
619136,2026-05-01,22.996057818659654,27.95663600525624,26.938239159001316,27.912943495400818,4.916885676741163,21.38142857142872
619136,2026-06-01,22.996057818659654,28.94218134034165,27.95663600525624,29.15013140604464,6.1540735873849854,26.761428571428425
619136,2026-07-01,22.996057818659654,29.96057818659658,28.94218134034165,29.78055190538766,6.784494086728007,29.502857142857223
619137,2026-04-01,29.96057818659658,74.93429697766096,73.94875164257556,73.94875164257556,43.98817345597898,146.82017543859652
619138,2026-04-01,24.014454664914584,63.00919842312746,49.01445466491458,50.79796320630748,26.783508541392894,111.53077975376193
619138,2026-05-01,24.014454664914584,69.02102496714849,50.0,64.962220762155,40.94776609724042,170.5129958960326
619138,2026-06-01,24.014454664914584,70.03942181340341,51.01839684625492,67.43166885676742,43.417214191852835,180.796169630643
619138,2026-07-01,24.014454664914584,71.05781865965834,52.00394218134034,68.7066360052563,44.69218134034172,186.10533515731902
619139,2026-04-01,29.96057818659658,47.99605781865966,28.97503285151117,48.79434954007879,18.83377135348221,62.86184210526299
619139,2026-05-01,29.96057818659658,63.96189224704336,29.96057818659658,61.576872536136754,31.616294349540173,105.526315789474
619139,2026-06-01,29.96057818659658,63.96189224704336,30.97897503285151,63.492444152431155,33.53186596583457,111.91995614035135
619139,2026-07-01,29.96057818659658,63.96189224704336,31.964520367936924,63.96189224704351,34.00131406044693,113.48684210526365
619140,2026-04-01,24.014454664914584,40.04599211563732,29.993429697766096,39.830814717476976,15.816360052562391,65.86183310533505
619140,2026-05-01,24.014454664914584,47.99605781865966,30.97897503285151,44.89586070959263,20.881406044678048,86.953488372093
619140,2026-06-01,24.014454664914584,47.99605781865966,31.99737187910644,44.9090013140604,20.894546649145813,87.00820793433634
619140,2026-07-01,24.014454664914584,47.99605781865966,32.98291721419185,43.11136662286464,19.096911957950052,79.5225718194254
619141,2026-04-01,24.014454664914584,35.019710906701704,27.989487516425758,37.390932982917185,13.3764783180026,55.701778385772805
619141,2026-05-01,24.014454664914584,26.971090670170828,28.97503285151117,38.7779237844941,14.763469119579515,61.47742818057462
619141,2026-06-01,24.014454664914584,26.971090670170828,29.993429697766096,30.452693823915855,6.43823915900127,26.80984952120365
619141,2026-07-01,24.014454664914584,26.971090670170828,30.97897503285151,30.97897503285151,6.964520367936924,29.00136798905608
619142,2026-04-01,18.068331143232587,49.01445466491458,37.023653088042046,47.052562417871165,28.984231274638578,160.41454545454516
619142,2026-05-01,18.068331143232587,49.01445466491458,38.009198423127465,47.819316688567596,29.75098554533501,164.65818181818142
619142,2026-06-01,18.068331143232587,49.01445466491458,39.02759526938239,48.3800919842312,30.311760840998613,167.7618181818178
619142,2026-07-01,18.068331143232587,49.01445466491458,40.01314060446781,49.03876478317994,30.970433639947355,171.40727272727227
619143,2026-04-01,23.98160315374507,27.003942181340346,13.009198423127463,26.650131406044675,2.6685282522996054,11.127397260273971
619143,2026-05-01,23.98160315374507,27.003942181340346,13.994743758212875,27.181340341655712,3.1997371879106424,13.342465753424653
619143,2026-06-01,23.98160315374507,27.003942181340346,15.013140604467806,26.87253613666228,2.89093298291721,12.05479452054793
619143,2026-07-01,23.98160315374507,27.003942181340346,15.99868593955322,26.75032851511169,2.76872536136662,11.545205479452045
619144,2026-04-01,29.96057818659658,123.94875164257556,121.9448094612352,121.9448094612352,91.98423127463862,307.0175438596491
619144,2026-05-01,29.96057818659658,123.94875164257556,122.93035479632064,123.22043363994753,93.25985545335095,311.275219298246
619145,2026-04-01,29.927726675427067,96.9119579500657,109.92115637319316,109.92115637319316,79.99342969776609,267.2886937431394
619145,2026-05-01,29.927726675427067,96.9119579500657,110.90670170827858,110.90670170827858,80.97897503285151,270.5817782656422
619145,2026-06-01,29.927726675427067,112.91064388961892,111.9250985545335,111.9250985545335,81.99737187910644,273.98463227222834
619145,2026-07-01,29.927726675427067,96.9119579500657,112.91064388961892,112.91064388961892,82.98291721419186,277.27771679473113
619146,2026-04-01,30.02628120893561,109.9868593955322,109.00131406044676,109.00131406044676,78.97503285151114,263.0196936542669
619146,2026-05-01,30.02628120893561,111.00525624178712,109.9868593955322,109.9868593955322,79.96057818659659,266.3019693654267
619146,2026-06-01,30.02628120893561,111.99080157687251,111.00525624178712,112.052726675427,82.02644546649138,273.1821663019691
619147,2026-04-01,18.035479632063076,58.04862023653088,61.00525624178712,61.00525624178712,42.96977660972405,238.25136612021856
619147,2026-05-01,18.035479632063076,58.04862023653088,61.990801576872535,61.990801576872535,43.955321944809455,243.71584699453547
619148,2026-04-01,29.927726675427067,29.927726675427067,109.92115637319316,109.92115637319316,79.99342969776609,267.2886937431394
619148,2026-05-01,29.927726675427067,29.927726675427067,110.90670170827858,110.90670170827858,80.97897503285151,270.5817782656422
619149,2026-04-01,24.014454664914584,47.99605781865966,40.9658344283837,45.7838370565046,21.769382391590018,90.6511627906977
619149,2026-05-01,24.014454664914584,47.99605781865966,41.95137976346912,45.79402102496715,21.779566360052566,90.69357045143641
619149,2026-06-01,24.014454664914584,47.99605781865966,42.96977660972404,47.13896189224702,23.124507227332433,96.29411764705873
619149,2026-07-01,24.014454664914584,47.99605781865966,43.95532194480946,44.964848883048674,20.95039421813409,87.24076607387164
619150,2026-04-01,23.98160315374507,104.96057818659658,103.97503285151116,103.97503285151116,79.99342969776609,333.56164383561645
619150,2026-05-01,23.98160315374507,106.96452036793691,104.96057818659658,105.93659658344279,81.95499342969772,341.7410958904108
619150,2026-06-01,23.98160315374507,106.96452036793691,105.97897503285152,107.06800262812092,83.08639947437585,346.45890410958924
619150,2026-07-01,23.98160315374507,109.00131406044676,106.96452036793691,106.96452036793691,82.98291721419184,346.027397260274
619152,2026-04-01,29.993429697766096,106.96452036793691,105.97897503285152,105.97897503285152,75.98554533508542,253.34063526834615
619152,2026-05-01,29.993429697766096,107.98291721419184,106.96452036793691,106.96452036793691,76.97109067017081,256.62650602409633
619152,2026-06-01,29.993429697766096,108.96846254927726,107.98291721419184,107.98291721419184,77.98948751642575,260.02190580503833
619152,2026-07-01,29.993429697766096,109.9868593955322,108.96846254927726,108.96846254927726,78.97503285151117,263.3077765607886
619153,2026-04-01,24.014454664914584,52.03679369250985,47.010512483574246,52.27890932982914,28.264454664914556,117.69767441860452
619153,2026-05-01,24.014454664914584,53.02233902759527,47.99605781865966,53.42181340341647,29.407358738501888,122.45690834473291
619153,2026-06-01,24.014454664914584,53.02233902759527,49.01445466491458,53.497700394218064,29.48324572930348,122.7729138166892
619153,2026-07-01,24.014454664914584,55.02628120893561,50.0,55.09888304862023,31.084428383705646,129.44049247606017
619154,2026-04-01,24.014454664914584,39.02759526938239,31.99737187910644,38.02529566360051,14.010840998685925,58.34336525307792
619154,2026-05-01,24.014454664914584,38.009198423127465,32.98291721419185,37.68922470433643,13.674770039421848,56.94391244870056
619154,2026-06-01,24.014454664914584,38.009198423127465,34.00131406044678,38.498685939553255,14.48423127463867,60.31463748290029
619154,2026-07-01,24.014454664914584,38.009198423127465,34.98685939553219,37.980617608410014,13.96616294349543,58.15731874145019
619155,2026-04-01,24.014454664914584,47.99605781865966,41.98423127463863,47.230617608409965,23.21616294349538,96.67578659370717
619155,2026-05-01,24.014454664914584,49.01445466491458,42.96977660972404,48.83804204993423,24.823587385019646,103.36935704514339
619155,2026-06-01,24.014454664914584,49.01445466491458,43.98817345597897,49.819973718791,25.805519053876413,107.45827633378906
619155,2026-07-01,24.014454664914584,49.01445466491458,44.97371879106439,49.64980289093292,25.635348226018333,106.74965800273573
619156,2026-05-01,24.014454664914584,25.03285151116951,0.0,26.374835742444183,2.360381077529599,9.829001367989193
619156,2026-06-01,24.014454664914584,25.03285151116951,1.0183968462549278,26.800591327201065,2.7861366622864807,11.601915184678587
619156,2026-07-01,24.014454664914584,24.014454664914584,2.0039421813403417,26.800591327201065,2.7861366622864807,11.601915184678587
619157,2026-04-01,29.96057818659658,91.95137976346912,85.93955321944809,87.56668856767413,57.606110381077556,192.27302631578956
619157,2026-05-01,29.96057818659658,91.95137976346912,86.9250985545335,89.53942181340344,59.57884362680686,198.85745614035096
619157,2026-06-01,29.96057818659658,91.95137976346912,87.94349540078844,91.16819973718793,61.207621550591355,204.2938596491229
619157,2026-07-01,29.96057818659658,91.95137976346912,88.92904073587384,91.09822601839686,61.13764783180028,204.06030701754392
619158,2026-04-01,29.96057818659658,75.9526938239159,73.94875164257556,76.38469119579504,46.424113009198464,154.950657894737
619158,2026-05-01,29.96057818659658,79.96057818659658,74.93429697766096,79.04434954007888,49.083771353482305,163.82785087719313
619158,2026-06-01,29.96057818659658,79.96057818659658,75.9526938239159,79.13797634691201,49.177398160315434,164.14035087719319
619158,2026-07-01,29.96057818659658,79.96057818659658,76.93823915900131,79.95433639947441,49.993758212877836,166.86513157894754
619160,2026-04-01,18.068331143232587,30.05913272010512,33.01576872536137,33.01576872536137,14.947437582128781,82.72727272727275
619160,2026-05-01,18.068331143232587,30.05913272010512,34.00131406044678,34.00131406044678,15.932982917214193,88.1818181818182
619160,2026-06-01,18.068331143232587,30.05913272010512,35.019710906701704,35.019710906701704,16.951379763469117,93.81818181818181
619160,2026-07-01,18.068331143232587,30.05913272010512,36.00525624178712,36.00525624178712,17.936925098554536,99.2727272727273
619161,2026-04-01,23.98160315374507,26.018396846254927,15.965834428383705,25.930026281208924,1.9484231274638546,8.12465753424654
619161,2026-05-01,23.98160315374507,26.938239159001316,16.95137976346912,27.18265440210247,3.201051248357402,13.347945205479359
619161,2026-06-01,23.98160315374507,26.938239159001316,17.969776609724047,27.029237844940834,3.047634691195764,12.708219178082064
619161,2026-07-01,23.98160315374507,26.938239159001316,18.95532194480946,27.342641261498,3.361038107752929,14.01506849315057
619162,2026-04-01,18.00262812089356,40.9658344283837,39.98028909329829,39.98028909329829,21.977660972404728,122.0802919708029
619162,2026-05-01,18.00262812089356,40.9658344283837,40.9658344283837,40.9658344283837,22.96320630749014,127.55474452554742
619162,2026-06-01,18.00262812089356,42.96977660972404,41.98423127463863,42.86333771353488,24.86070959264132,138.09489051094923
619162,2026-07-01,18.00262812089356,43.98817345597897,42.96977660972404,43.087056504599225,25.084428383705664,139.33759124087598
619163,2026-04-01,23.98160315374507,56.96452036793692,54.96057818659658,57.357752956636006,33.376149802890936,139.17397260273975
619163,2026-05-01,23.98160315374507,62.97634691195795,55.946123521682,59.115965834428344,35.134362680683275,146.50547945205466
619163,2026-06-01,23.98160315374507,62.97634691195795,56.96452036793692,62.604796320630776,38.623193166885706,161.05342465753438
619163,2026-07-01,23.98160315374507,62.97634691195795,57.95006570302234,62.58672798948756,38.60512483574249,160.97808219178103
619164,2026-04-01,30.05913272010512,95.99211563731932,85.0197109067017,95.06241787122198,65.00328515111687,216.25136612021834
619164,2026-05-01,30.05913272010512,95.99211563731932,86.00525624178712,94.95072273324564,64.89159001314053,215.87978142076483
619164,2026-06-01,30.05913272010512,95.99211563731932,87.02365308804205,95.13107752956624,65.07194480946112,216.47978142076468
619164,2026-07-01,30.05913272010512,95.99211563731932,88.00919842312746,95.35118265440198,65.29204993429687,217.21202185792316
619165,2026-04-01,107.06307490144546,145.9921156373193,145.0065703022339,146.37713534822575,39.31406044678029,36.72046640073618
619165,2026-05-01,107.06307490144546,147.99605781865966,145.9921156373193,147.10808147174748,40.04500657030202,37.40319116293322
619165,2026-06-01,107.06307490144546,147.99605781865966,147.01051248357425,149.48521681997354,42.422141918528084,39.623504142374806
619165,2026-07-01,107.06307490144546,153.02233902759525,147.99605781865966,153.14520367936905,46.082128777923586,43.042037434795766
619166,2026-04-01,24.014454664914584,28.97503285151117,27.989487516425758,29.490965834428344,5.47651116951376,22.805061559507365
619166,2026-05-01,24.014454664914584,29.993429697766096,28.97503285151117,30.419185282523035,6.40473061760845,26.670314637483074
619166,2026-06-01,24.014454664914584,31.99737187910644,29.993429697766096,31.98685939553223,7.972404730617644,33.198358413132844
619166,2026-07-01,24.014454664914584,31.99737187910644,30.97897503285151,32.23685939553222,8.222404730617637,34.23939808481544
619167,2026-04-01,23.98160315374507,65.9658344283837,63.96189224704336,66.20367936925095,42.22207621550588,176.06027397260263
619167,2026-05-01,23.98160315374507,66.95137976346912,64.94743758212877,66.8942181340341,42.912614980289035,178.93972602739703
619167,2026-06-01,23.98160315374507,66.95137976346912,65.9658344283837,67.09756898817342,43.11596583442835,179.7876712328766
619167,2026-07-01,23.98160315374507,70.99211563731932,66.95137976346912,70.22766097240473,46.246057818659665,192.83972602739732
619168,2026-04-01,24.014454664914584,43.95532194480946,42.96977660972404,43.8094612352168,19.795006570302217,82.42954856361142
619168,2026-05-01,24.014454664914584,44.97371879106439,43.95532194480946,44.6655716162944,20.651116951379816,85.99452804377587
619168,2026-06-01,24.014454664914584,45.959264126149804,44.97371879106439,46.037122207621515,22.02266754270693,91.70588235294103
619168,2026-07-01,24.014454664914584,46.97766097240473,45.959264126149804,47.00821287779246,22.993758212877875,95.74965800273633
619171,2026-04-01,77.95663600525624,77.95663600525624,6.964520367936925,77.95663600525609,0.0,0.0
619171,2026-05-01,77.95663600525624,77.95663600525624,7.950065703022338,77.97700394218118,0.020367936924941432,0.026127265065116614
619171,2026-06-01,77.95663600525624,77.95663600525624,8.968462549277266,78.12976346911942,0.17312746386318167,0.22208175305500422
619171,2026-07-01,77.95663600525624,77.95663600525624,9.95400788436268,78.20105124835727,0.2444152431010309,0.3135271807836233
619172,2026-04-01,50.9526938239159,50.9526938239159,15.965834428383705,50.935939553219505,0.0,0.0
619172,2026-05-01,98.94875164257556,98.94875164257556,16.95137976346912,98.74113009198418,0.0,0.0
619172,2026-06-01,98.94875164257556,98.94875164257556,17.969776609724047,98.74113009198418,0.0,0.0
619172,2026-07-01,98.94875164257556,98.94875164257556,18.95532194480946,98.74113009198418,0.0,0.0
619181,2026-04-01,22.963206307490143,34.95400788436268,16.95137976346912,33.42411300919846,10.460906701708314,45.5550786838342
619181,2026-05-01,22.963206307490143,34.95400788436268,17.936925098554532,33.91688567674119,10.953679369251045,47.70100143061543
619181,2026-06-01,22.963206307490143,34.95400788436268,18.95532194480946,34.40505913272016,11.441852825230018,49.826895565093245
619181,2026-07-01,22.963206307490143,36.957950065703024,19.940867279894874,35.047634691195846,12.084428383705703,52.62517882689579
619183,2026-04-01,24.014454664914584,24.014454664914584,25.952693823915897,25.952693823915897,1.9382391590013128,8.071135430916549
619183,2026-05-01,24.014454664914584,24.014454664914584,26.938239159001316,26.938239159001316,2.923784494086732,12.175102599179223
619183,2026-06-01,27.95663600525624,28.94218134034165,27.95663600525624,29.009198423127437,1.0525624178711972,3.7649823736779373
619183,2026-07-01,27.95663600525624,29.96057818659658,28.94218134034165,30.38633377135351,2.42969776609727,8.690951821386712
619184,2026-04-01,18.035479632063076,25.98554533508541,25.0,29.862023653088034,11.826544021024958,65.57377049180322
619184,2026-05-01,18.035479632063076,33.01576872536137,25.98554533508541,32.63896189224703,14.603482260183956,80.97085610200357
619184,2026-06-01,18.035479632063076,33.01576872536137,27.003942181340346,31.91951379763468,13.884034165571602,76.9817850637522
619184,2026-07-01,18.035479632063076,33.01576872536137,27.989487516425758,32.462877792378436,14.42739816031536,79.99453551912559
619185,2026-04-01,17.017082785808146,23.98160315374507,22.996057818659654,25.01609724047306,7.999014454664913,47.0057915057915
619185,2026-05-01,17.017082785808146,25.0,23.98160315374507,25.965834428383705,8.948751642575559,52.58687258687259
619185,2026-06-01,17.017082785808146,33.96846254927726,25.0,32.25558475689884,15.238501971090695,89.5482625482627
619185,2026-07-01,17.017082785808146,33.96846254927726,25.98554533508541,33.45565045992118,16.438567674113035,96.60038610038626
619186,2026-04-01,21.057818659658345,31.011826544021023,22.996057818659654,30.617936925098544,9.560118265440199,45.39937597503895
619186,2026-05-01,21.057818659658345,31.011826544021023,23.98160315374507,30.973390275952678,9.915571616294333,47.0873634945397
619186,2026-06-01,21.057818659658345,31.011826544021023,25.0,32.05486202365307,10.997043363994727,52.22308892355686
619186,2026-07-01,21.057818659658345,31.011826544021023,25.98554533508541,35.28580814717478,14.227989487516432,67.56630265210612
619187,2026-04-01,23.98160315374507,23.98160315374507,9.986859395532194,23.981603153745088,1.7763568394002505e-14,7.407164683745702e-14
619187,2026-05-01,23.98160315374507,23.98160315374507,10.972404730617608,23.981603153745088,1.7763568394002505e-14,7.407164683745702e-14
619187,2026-06-01,23.98160315374507,23.98160315374507,11.990801576872537,23.97174770039422,0.0,0.0
619187,2026-07-01,23.98160315374507,23.98160315374507,12.976346911957949,24.06143232588699,0.07982917214192042,0.332876712328775
619191,2026-04-01,23.98160315374507,23.98160315374507,6.964520367936925,24.23127463863338,0.24967148488831015,1.041095890410981
619191,2026-05-01,23.98160315374507,23.98160315374507,7.950065703022338,24.081471747700395,0.09986859395532477,0.4164383561643954
619191,2026-06-01,23.98160315374507,23.98160315374507,8.968462549277266,24.031537450722734,0.04993429697766416,0.20821917808220508
619191,2026-07-01,23.98160315374507,23.98160315374507,9.95400788436268,24.02135348226019,0.03975032851511884,0.16575342465756404
619193,2026-04-01,24.014454664914584,134.92115637319316,133.93561103810774,136.00262812089366,111.98817345597908,466.33652530779796
619193,2026-05-01,24.014454664914584,135.9395532194481,134.92115637319316,136.10611038107768,112.0916557161631,466.76744186046585
619193,2026-06-01,24.014454664914584,136.9250985545335,135.9395532194481,137.07194480946112,113.05749014454653,470.78932968536213
619193,2026-07-01,24.014454664914584,137.94349540078844,136.9250985545335,137.83935611038106,113.82490144546648,473.984952120383
619194,2026-05-01,17.017082785808146,17.017082785808146,0.0,17.087385019710872,0.07030223390272639,0.4131274131272184
619194,2026-06-01,17.017082785808146,17.017082785808146,1.0183968462549278,17.106110381077492,0.08902759526934645,0.523166023165812
619194,2026-07-01,17.017082785808146,17.017082785808146,2.0039421813403417,17.163929040735844,0.14684625492769854,0.8629343629341977
619196,2026-04-01,21.97766097240473,21.97766097240473,11.00525624178712,22.416885676741117,0.43922470433638594,1.9985052316890268
619196,2026-05-01,22.996057818659654,21.97766097240473,11.990801576872537,22.24999999999999,0.0,0.0
619196,2026-06-01,22.996057818659654,21.97766097240473,13.009198423127463,22.387319316688558,0.0,0.0
619196,2026-07-01,22.996057818659654,22.996057818659654,13.994743758212875,23.140604467805517,0.14454664914586246,0.6285714285714363
619197,2026-04-01,23.98160315374507,50.91984231274638,49.93429697766097,51.09986859395534,27.118265440210273,113.07945205479464
619197,2026-05-01,23.98160315374507,51.93823915900131,50.91984231274638,51.00262812089357,27.0210249671485,112.67397260273977
619197,2026-06-01,23.98160315374507,51.93823915900131,51.93823915900131,51.93823915900131,27.956636005256243,116.57534246575345
619197,2026-07-01,23.98160315374507,53.942181340341655,52.923784494086725,53.959592641261395,29.977989487516325,125.0041095890407
619198,2026-04-01,24.014454664914584,50.0,49.01445466491458,49.81143232588699,25.796977660972406,107.42270861833107
619198,2026-05-01,24.014454664914584,51.01839684625492,50.0,50.35315374507228,26.338699080157692,109.67852257181944
619198,2026-06-01,24.014454664914584,52.00394218134034,51.01839684625492,52.03383705650467,28.01938239159009,116.67715458276366
619198,2026-07-01,24.014454664914584,53.02233902759527,52.00394218134034,52.65473061760834,28.640275952693752,119.2626538987685
619199,2026-04-01,24.014454664914584,1.0,41.98423127463863,41.98423127463863,17.969776609724047,74.82900136798905
619199,2026-05-01,24.014454664914584,1.0,42.96977660972404,42.96977660972404,18.95532194480946,78.9329685362517
619199,2026-06-01,24.014454664914584,1.0,43.98817345597897,43.98817345597897,19.97371879106439,83.17373461012313
619199,2026-07-01,24.014454664914584,47.010512483574246,44.97371879106439,44.97371879106439,20.959264126149808,87.27770177838579
619200,2026-04-01,22.996057818659654,54.96057818659658,40.9658344283837,53.097568988173464,30.10151116951381,130.8985714285715
619200,2026-05-01,22.996057818659654,58.96846254927726,41.95137976346912,56.023653088042074,33.02759526938242,143.62285714285727
619200,2026-06-01,22.996057818659654,58.96846254927726,42.96977660972404,58.48160315374512,35.48554533508546,154.31142857142882
619200,2026-07-01,22.996057818659654,58.96846254927726,43.95532194480946,58.24211563731935,35.24605781865969,153.27000000000018
619201,2026-04-01,24.014454664914584,38.009198423127465,31.99737187910644,34.468791064388995,10.45433639947441,43.533515731874296
619201,2026-05-01,24.014454664914584,38.009198423127465,32.98291721419185,36.71747700394221,12.703022339027623,52.89740082079355
619201,2026-06-01,24.014454664914584,38.009198423127465,34.00131406044678,34.9661629434954,10.951708278580814,45.604651162790695
619201,2026-07-01,24.014454664914584,38.009198423127465,34.98685939553219,36.65275952693825,12.638304862023663,52.627906976744235
619202,2026-04-01,23.98160315374507,67.93692509855452,66.95137976346912,68.1537450722734,44.172141918528325,184.19178082191814
619202,2026-05-01,23.98160315374507,68.95532194480946,67.93692509855452,69.27332457293042,45.29172141918535,188.86027397260304
619202,2026-06-01,23.98160315374507,68.95532194480946,68.95532194480946,71.18626806833115,47.204664914586075,196.8369863013699
619202,2026-07-01,23.98160315374507,70.9592641261498,69.94086727989487,71.02463863337712,47.04303547963205,196.16301369863012
619203,2026-04-01,29.96057818659658,87.94349540078844,86.95795006570302,92.83180026281208,62.8712220762155,209.8464912280702
619203,2026-05-01,29.96057818659658,88.96189224704337,87.94349540078844,90.30749014454678,60.3469119579502,201.42105263157939
619203,2026-06-01,29.96057818659658,89.94743758212877,88.96189224704337,91.26773981603161,61.30716162943503,204.6260964912283
619203,2026-07-01,29.96057818659658,92.96977660972404,89.94743758212877,92.34756898817353,62.38699080157696,208.23026315789502
619204,2026-06-01,18.00262812089356,18.00262812089356,2.0039421813403417,16.978318002628136,0.0,0.0
619204,2026-07-01,18.00262812089356,18.00262812089356,2.9894875164257555,16.615637319316704,0.0,0.0
619205,2026-04-01,29.96057818659658,53.942181340341655,52.95663600525624,53.988173455978874,24.027595269382292,80.1973684210523
619205,2026-05-01,29.96057818659658,54.96057818659658,53.942181340341655,54.84888304862025,24.88830486202367,83.07017543859655
619205,2026-06-01,29.96057818659658,55.946123521682,54.96057818659658,55.81471747700393,25.85413929040735,86.29385964912278
619205,2026-07-01,29.96057818659658,56.96452036793692,55.946123521682,56.92279894875163,26.962220762155045,89.99232456140346
619206,2026-04-01,27.003942181340346,64.94743758212877,53.975032851511166,63.44086727989495,36.43692509855461,134.931873479319
619206,2026-05-01,27.003942181340346,64.94743758212877,54.96057818659658,63.250657030223465,36.246714848883116,134.22749391727518
619206,2026-06-01,27.003942181340346,64.94743758212877,55.97897503285151,64.58935611038117,37.585413929040826,139.18491484184946
619206,2026-07-01,27.003942181340346,64.94743758212877,56.96452036793692,64.60052562417881,37.596583442838465,139.2262773722631
619207,2026-04-01,28.97503285151117,43.98817345597897,41.98423127463863,46.116294349540055,17.141261498028886,59.15873015873008
619207,2026-05-01,28.97503285151117,55.97897503285151,42.96977660972404,52.70039421813402,23.725361366622852,81.88208616780042
619207,2026-06-01,28.97503285151117,55.97897503285151,43.98817345597897,55.29040735873851,26.315374507227343,90.82086167800458
619207,2026-07-01,28.97503285151117,55.97897503285151,44.97371879106439,55.55781865965835,26.582785808147182,91.74376417233563
619208,2026-04-01,30.05913272010512,53.02233902759527,45.006570302233904,53.23324572930347,23.17411300919835,77.09508196721289
619208,2026-05-01,30.05913272010512,57.98291721419185,45.99211563731932,56.800591327201,26.74145860709588,88.9628415300545
619208,2026-06-01,30.05913272010512,57.98291721419185,47.010512483574246,57.87352168199732,27.8143889618922,92.53224043715834
619208,2026-07-01,30.05913272010512,57.98291721419185,47.99605781865966,58.16162943495396,28.10249671484884,93.49071038251354
619209,2026-04-01,24.014454664914584,47.010512483574246,47.010512483574246,47.17969776609723,23.165243101182643,96.46374829001364
619209,2026-05-01,24.014454664914584,47.010512483574246,47.99605781865966,47.99605781865966,23.981603153745073,99.86320109439126
619210,2026-04-01,23.98160315374507,55.946123521682,54.96057818659658,54.96057818659658,30.97897503285151,129.17808219178082
619210,2026-05-01,23.98160315374507,56.96452036793692,55.946123521682,56.97766097240472,32.99605781865965,137.5890410958904
619210,2026-06-01,23.98160315374507,57.95006570302234,56.96452036793692,58.310775295663504,34.329172141918434,143.14794520547906
619210,2026-07-01,23.98160315374507,59.98685939553219,57.95006570302234,59.77299605781867,35.791392904073604,149.24520547945215
619211,2026-04-01,30.02628120893561,41.03153745072273,36.00525624178712,41.861366622864615,11.835085413929004,39.415754923413445
619211,2026-05-01,30.02628120893561,43.03547963206307,36.990801576872535,43.07884362680682,13.052562417871211,43.470459518599526
619211,2026-06-01,30.02628120893561,43.03547963206307,38.009198423127465,43.541392904073554,13.515111695137943,45.01094091903709
619211,2026-07-01,30.02628120893561,43.03547963206307,38.99474375821288,44.39816031537449,14.371879106438879,47.86433260393868
619212,2026-04-01,24.014454664914584,46.97766097240473,38.96189224704336,46.36727989487518,22.352825229960597,93.08071135430926
619212,2026-05-01,24.014454664914584,50.9526938239159,39.94743758212878,50.11563731931673,26.101182654402148,108.68946648426831
619212,2026-06-01,24.014454664914584,50.9526938239159,40.9658344283837,50.082128777923806,26.06767411300922,108.5499316005473
619212,2026-07-01,24.014454664914584,50.9526938239159,41.95137976346912,50.87155059132725,26.857095926412665,111.83720930232579
619213,2026-04-01,24.014454664914584,50.0,49.01445466491458,50.05190538764782,26.037450722733237,108.42407660738711
619213,2026-05-01,24.014454664914584,51.01839684625492,50.0,50.83377135348224,26.819316688567657,111.67989056087544
619213,2026-06-01,24.014454664914584,52.00394218134034,51.01839684625492,52.07194480946133,28.057490144546744,116.8358413132699
619213,2026-07-01,24.014454664914584,53.02233902759527,52.00394218134034,53.12976346911949,29.115308804204904,121.24076607387104
619214,2026-04-01,23.98160315374507,64.94743758212877,62.94349540078844,65.99605781865972,42.01445466491465,175.1945205479455
619214,2026-05-01,23.98160315374507,68.95532194480946,63.92904073587385,68.37680683311443,44.39520367936936,185.12191780821965
619214,2026-06-01,23.98160315374507,68.95532194480946,64.94743758212877,68.9668199737189,44.98521681997383,187.5821917808224
619214,2026-07-01,23.98160315374507,68.95532194480946,65.93298291721419,69.02759526938252,45.045992115637446,187.8356164383567
619215,2026-04-01,30.05913272010512,99.01445466491458,97.01051248357425,98.98488830486205,68.92575558475693,229.3005464480876
619215,2026-05-01,30.05913272010512,102.03679369250985,97.99605781865964,100.92214191852825,70.86300919842313,235.7453551912569
619215,2026-06-01,30.05913272010512,102.03679369250985,99.01445466491458,101.98883048620235,71.92969776609723,239.29398907103828
619215,2026-07-01,30.05913272010512,102.03679369250985,100.0,102.28482260183964,72.22568988173452,240.27868852459008
619216,2026-04-01,24.014454664914584,43.03547963206307,35.019710906701704,43.490473061760824,19.47601839684624,81.10123119015041
619216,2026-05-01,24.014454664914584,45.072273324572926,36.00525624178712,44.64388961892248,20.629434954007895,85.90424076607393
619216,2026-06-01,24.014454664914584,43.03547963206307,37.023653088042046,45.14027595269385,21.125821287779264,87.97127222982228
619216,2026-07-01,24.014454664914584,43.03547963206307,38.009198423127465,43.69579500657031,19.681340341655723,81.95622435020523
619217,2026-04-01,29.96057818659658,99.93429697766096,98.94875164257556,100.44480946123512,70.48423127463855,235.25657894736813
619217,2026-05-01,29.96057818659658,100.9526938239159,99.93429697766096,102.59756898817339,72.63699080157681,242.4418859649121
619217,2026-06-01,29.96057818659658,101.93823915900133,100.9526938239159,101.07851511169507,71.11793692509849,237.3717105263156
619217,2026-07-01,29.96057818659658,102.95663600525624,101.93823915900133,102.36859395532176,72.40801576872518,241.67763157894674
619218,2026-04-01,24.014454664914584,79.99342969776609,77.98948751642575,79.54796320630753,55.53350854139295,231.2503419972642
619218,2026-05-01,24.014454664914584,79.99342969776609,78.97503285151117,81.85742444152433,57.84296977660975,240.86730506155965
619218,2026-06-01,24.014454664914584,80.97897503285151,79.99342969776609,83.28942181340341,59.27496714848883,246.83036935704513
619218,2026-07-01,24.014454664914584,81.99737187910644,80.97897503285151,83.800591327201,59.786136662286424,248.95896032831723
619219,2026-04-01,24.014454664914584,86.00525624178712,77.98948751642575,80.15932982917217,56.144875164257584,233.79616963064308
619219,2026-05-01,24.014454664914584,86.00525624178712,78.97503285151117,84.38272010512478,60.368265440210195,251.38303693570433
619219,2026-06-01,24.014454664914584,86.00525624178712,79.99342969776609,85.3735216819973,61.35906701708272,255.5088919288643
619219,2026-07-01,24.014454664914584,86.00525624178712,80.97897503285151,85.56406044678046,61.54960578186588,256.302325581395
619220,2026-04-01,23.98160315374507,69.02102496714849,61.00525624178712,66.69250985545328,42.71090670170821,178.09863013698603
619220,2026-05-01,23.98160315374507,69.02102496714849,61.990801576872535,67.6997371879106,43.71813403416553,182.29863013698616
619220,2026-06-01,23.98160315374507,69.02102496714849,63.00919842312746,68.131406044678,44.14980289093293,184.09863013698612
619220,2026-07-01,23.98160315374507,69.02102496714849,63.99474375821288,68.26773981603147,44.286136662286395,184.66712328767096
619221,2026-07-01,15.013140604467806,15.013140604467806,0.985545335085414,14.674770039421805,0.0,0.0
619222,2026-04-01,24.014454664914584,43.95532194480946,42.96977660972404,44.15768725361365,20.143232588699068,83.87961696306425
619222,2026-05-01,24.014454664914584,44.97371879106439,43.95532194480946,44.99375821287786,20.979303547963273,87.3611491108074
619222,2026-06-01,24.014454664914584,45.959264126149804,44.97371879106439,46.053547963206256,22.03909329829167,91.77428180574535
619222,2026-07-01,24.014454664914584,46.97766097240473,45.959264126149804,47.21189224704342,23.19743758212884,96.59781121751053
619223,2026-04-01,52.03679369250985,52.03679369250985,11.00525624178712,52.03482260183965,0.0,0.0
619223,2026-05-01,52.03679369250985,52.03679369250985,11.990801576872537,52.035151116951354,0.0,0.0
619223,2026-06-01,52.03679369250985,52.03679369250985,13.009198423127463,52.03416557161627,0.0,0.0
619223,2026-07-01,52.03679369250985,52.03679369250985,13.994743758212875,52.02431011826542,0.0,0.0
619224,2026-04-01,32.98291721419185,32.98291721419185,9.986859395532194,32.96419185282521,0.0,0.0
619224,2026-05-01,32.98291721419185,32.98291721419185,10.972404730617608,32.96419185282521,0.0,0.0
619224,2026-06-01,32.98291721419185,32.98291721419185,11.990801576872537,32.96419185282521,0.0,0.0
619224,2026-07-01,32.98291721419185,32.98291721419185,12.976346911957949,32.98390275952692,0.0009855453350695598,0.0029880478087168727
619225,2026-04-01,23.98160315374507,23.98160315374507,11.990801576872537,27.093626806833143,3.112023653088073,12.976712328767254
619225,2026-05-01,23.98160315374507,23.98160315374507,12.976346911957949,27.7043363994744,3.72273324572933,15.523287671232989
619225,2026-06-01,23.98160315374507,23.98160315374507,13.994743758212875,27.68199737187912,3.7003942181340506,15.43013698630144
619225,2026-07-01,23.98160315374507,23.98160315374507,14.98028909329829,27.740473061760852,3.7588699080157824,15.673972602739786
619226,2026-04-01,29.96057818659658,29.96057818659658,6.964520367936925,29.960578186596617,3.552713678800501e-14,1.1857961006873603e-13
619226,2026-05-01,29.96057818659658,29.96057818659658,7.950065703022338,29.960578186596617,3.552713678800501e-14,1.1857961006873603e-13
619226,2026-06-01,29.96057818659658,29.96057818659658,8.968462549277266,29.960578186596617,3.552713678800501e-14,1.1857961006873603e-13
619226,2026-07-01,29.96057818659658,29.96057818659658,9.95400788436268,29.960578186596617,3.552713678800501e-14,1.1857961006873603e-13
619227,2026-04-01,24.014454664914584,24.014454664914584,1.0183968462549278,24.014126149802895,0.0,0.0
619227,2026-05-01,24.014454664914584,24.014454664914584,2.0039421813403417,24.01445466491459,7.105427357601002e-15,2.9588127054086796e-14
619227,2026-06-01,24.014454664914584,24.014454664914584,3.0223390275952693,24.01445466491459,7.105427357601002e-15,2.9588127054086796e-14
619227,2026-07-01,24.014454664914584,24.014454664914584,4.007884362680684,24.01445466491459,7.105427357601002e-15,2.9588127054086796e-14
619228,2026-04-01,23.98160315374507,23.98160315374507,1.938239159001314,24.092312746386334,0.11070959264126401,0.4616438356164489
619228,2026-05-01,23.98160315374507,23.98160315374507,2.923784494086728,23.981603153745073,3.552713678800501e-15,1.4814329367491404e-14
619228,2026-06-01,23.98160315374507,23.98160315374507,3.942181340341656,23.981603153745073,3.552713678800501e-15,1.4814329367491404e-14
619228,2026-07-01,23.98160315374507,23.98160315374507,4.92772667542707,24.09198423127464,0.1103810775295706,0.4602739726027575
619229,2026-05-01,17.969776609724047,17.969776609724047,0.0,17.961563731931648,0.0,0.0
619229,2026-06-01,17.969776609724047,17.969776609724047,0.0,17.961563731931648,0.0,0.0
619248,2026-06-01,24.014454664914584,24.014454664914584,0.0,24.01445466491459,7.105427357601002e-15,2.9588127054086796e-14
619248,2026-07-01,24.014454664914584,24.014454664914584,0.985545335085414,24.10413929040736,0.0896846254927759,0.373461012311915
619251,2026-04-01,18.035479632063076,18.035479632063076,1.0183968462549278,18.03153745072273,0.0,0.0
619251,2026-05-01,18.035479632063076,18.035479632063076,2.0039421813403417,18.031208935611033,0.0,0.0
619251,2026-06-01,18.035479632063076,18.035479632063076,3.0223390275952693,17.801905387647825,0.0,0.0
619251,2026-07-01,18.035479632063076,18.035479632063076,4.007884362680684,18.033508541392894,0.0,0.0
619253,2026-04-01,23.98160315374507,23.98160315374507,5.978975032851511,24.44349540078844,0.4618922470433695,1.9260273972602973
619253,2026-05-01,23.98160315374507,23.98160315374507,6.964520367936925,24.413272010512483,0.43166885676741273,1.800000000000006
619253,2026-06-01,23.98160315374507,23.98160315374507,7.982917214191852,24.313074901445464,0.33147174770039456,1.3821917808219195
619253,2026-07-01,23.98160315374507,23.98160315374507,8.968462549277266,24.353810775295663,0.3722076215505936,1.5520547945205576
619265,2026-07-01,24.014454664914584,24.014454664914584,0.0,24.147010512483586,0.13255584756900163,0.551983584131383
619270,2026-06-01,30.05913272010512,30.05913272010512,0.0,29.937582128777866,0.0,0.0
619270,2026-07-01,29.0407358738502,24.014454664914584,0.0,25.760840998685918,0.0,0.0
619271,2026-06-01,30.05913272010512,30.05913272010512,0.0,29.937582128777866,0.0,0.0
619271,2026-07-01,30.05913272010512,30.05913272010512,0.0,29.937582128777866,0.0,0.0
619289,2026-04-01,24.014454664914584,51.01839684625492,49.01445466491458,52.03416557161631,28.01971090670173,116.67852257181951
619289,2026-05-01,24.014454664914584,55.02628120893561,50.0,54.539093298291775,30.52463863337719,127.10943912448724
619289,2026-06-01,24.014454664914584,55.02628120893561,51.01839684625492,53.09165571616296,29.077201051248377,121.08207934336535
619289,2026-07-01,24.014454664914584,55.02628120893561,52.00394218134034,55.31373193166886,31.299277266754277,130.33515731874147
619291,2026-04-01,24.014454664914584,38.009198423127465,35.019710906701704,37.82194480946126,13.807490144546673,57.49658002735989
619291,2026-05-01,24.014454664914584,38.009198423127465,36.00525624178712,37.85216819973721,13.837713534822623,57.62243502051992
619291,2026-06-01,24.014454664914584,38.009198423127465,37.023653088042046,39.06570302233906,15.051248357424473,62.675786593707386
619292,2026-04-01,24.014454664914584,40.93298291721419,37.94349540078844,39.62516425755587,15.610709592641289,65.00547195622447
619292,2026-05-01,24.014454664914584,40.93298291721419,38.92904073587385,40.839684625492794,16.82522996057821,70.06292749658013
619292,2026-06-01,24.014454664914584,40.93298291721419,39.94743758212878,41.22437582128785,17.209921156373266,71.66484268125886
619292,2026-07-01,24.014454664914584,41.95137976346912,40.93298291721419,42.62549277266751,18.61103810775293,77.49931600547184
619293,2026-04-01,23.98160315374507,23.98160315374507,11.990801576872537,24.350197109067025,0.3685939553219555,1.5369863013699077
619293,2026-05-01,23.98160315374507,23.98160315374507,12.976346911957949,24.060446780551906,0.07884362680683665,0.32876712328768604
619293,2026-06-01,23.98160315374507,23.98160315374507,13.994743758212875,24.080814717477,0.09921156373193085,0.413698630136983
619293,2026-07-01,23.98160315374507,23.98160315374507,14.98028909329829,24.121550591327196,0.13994743758212635,0.5835616438356064
619294,2026-04-01,29.96057818659658,29.96057818659658,1.938239159001314,29.72109067017086,0.0,0.0
619294,2026-05-01,29.96057818659658,29.96057818659658,2.923784494086728,29.000657030223422,0.0,0.0
619294,2026-06-01,29.96057818659658,29.96057818659658,3.942181340341656,29.960906701708314,0.0003285151117324858,0.0010964912281948322
619294,2026-07-01,29.96057818659658,29.96057818659658,4.92772667542707,29.960578186596617,3.552713678800501e-14,1.1857961006873603e-13
619295,2026-04-01,22.996057818659654,22.996057818659654,3.975032851511169,22.99605781865966,7.105427357601002e-15,3.089845839505351e-14
619295,2026-05-01,22.996057818659654,22.996057818659654,4.960578186596584,22.99605781865966,7.105427357601002e-15,3.089845839505351e-14
619295,2026-06-01,22.996057818659654,22.996057818659654,5.978975032851511,22.99605781865966,7.105427357601002e-15,3.089845839505351e-14
619295,2026-07-01,22.996057818659654,22.996057818659654,6.964520367936925,22.99605781865966,7.105427357601002e-15,3.089845839505351e-14
619297,2026-07-01,24.014454664914584,6.044678055190539,0.0,12.334099868593968,0.0,0.0
619298,2026-06-01,36.00525624178712,36.00525624178712,0.0,36.005256241787166,4.263256414560601e-14,1.1840650114892764e-13
619298,2026-07-01,36.00525624178712,36.00525624178712,0.985545335085414,36.005256241787166,4.263256414560601e-14,1.1840650114892764e-13
619299,2026-06-01,24.014454664914584,24.014454664914584,0.0,23.655059132720115,0.0,0.0
619299,2026-07-01,24.014454664914584,24.014454664914584,0.985545335085414,23.654402102496725,0.0,0.0
619300,2026-06-01,18.00262812089356,18.00262812089356,0.0,17.097897503285168,0.0,0.0
619300,2026-07-01,18.00262812089356,18.00262812089356,0.985545335085414,17.09822601839686,0.0,0.0
619301,2026-04-01,28.97503285151117,89.98028909329828,87.97634691195795,88.978318002628,60.00328515111683,207.0861678004531
619301,2026-05-01,28.97503285151117,89.98028909329828,88.96189224704337,90.11399474375813,61.138961892246954,211.00566893424008
619301,2026-06-01,28.97503285151117,90.9658344283837,89.98028909329828,89.98028909329828,61.00525624178711,210.5442176870748
619301,2026-07-01,28.97503285151117,91.98423127463865,90.9658344283837,90.9658344283837,61.99080157687253,213.9455782312925
619305,2026-04-01,24.014454664914584,50.0,47.99605781865966,53.37220762155061,29.357752956636023,122.2503419972641
619305,2026-05-01,24.014454664914584,56.01182654402102,48.98160315374507,54.718462549277326,30.704007884362742,127.85636114911108
619305,2026-06-01,24.014454664914584,56.01182654402102,50.0,54.999671484888374,30.98521681997379,129.02735978112204
619305,2026-07-01,24.014454664914584,56.01182654402102,50.98554533508541,55.65703022339036,31.642575558475773,131.7647058823533
619306,2026-04-01,24.014454664914584,51.01839684625492,49.01445466491458,51.36366622864652,27.349211563731938,113.88645690834475
619306,2026-05-01,24.014454664914584,52.00394218134034,50.0,52.094940867279966,28.080486202365382,116.93160054719594
619306,2026-06-01,24.014454664914584,52.00394218134034,51.01839684625492,51.87943495400796,27.864980289093378,116.03419972640252
619306,2026-07-01,24.014454664914584,53.02233902759527,52.00394218134034,52.67115637319308,28.656701708278494,119.33105335157283
619307,2026-04-01,24.014454664914584,45.99211563731932,43.98817345597897,46.77496714848882,22.760512483574235,94.7783857729138
619307,2026-05-01,24.014454664914584,47.99605781865966,44.97371879106439,47.68988173455974,23.675427069645156,98.58823529411745
619307,2026-06-01,24.014454664914584,47.99605781865966,45.99211563731932,48.03515111695135,24.020696452036763,100.02599179206555
619307,2026-07-01,24.014454664914584,47.99605781865966,46.97766097240473,48.248357424441465,24.23390275952688,100.91381668946626
619308,2026-04-01,23.98160315374507,56.96452036793692,53.975032851511166,54.532194480946124,30.550591327201055,127.39178082191785
619308,2026-05-01,23.98160315374507,56.96452036793692,54.96057818659658,56.75459921156368,32.77299605781861,136.65890410958886
619308,2026-06-01,23.98160315374507,56.96452036793692,55.97897503285151,57.10808147174761,33.12647831800254,138.13287671232843
619308,2026-07-01,23.98160315374507,57.98291721419185,56.96452036793692,58.07128777923779,34.08968462549272,142.14931506849297
619311,2026-04-01,78.02233902759527,78.02233902759527,0.0,78.03580814717465,0.01346911957938346,0.017263157894586635
619311,2026-05-01,78.02233902759527,78.02233902759527,0.985545335085414,78.03580814717465,0.01346911957938346,0.017263157894586635
619311,2026-06-01,78.02233902759527,78.02233902759527,2.0039421813403417,78.03580814717465,0.01346911957938346,0.017263157894586635
619311,2026-07-01,78.02233902759527,78.02233902759527,2.9894875164257555,78.03580814717465,0.01346911957938346,0.017263157894586635
619312,2026-04-01,23.98160315374507,23.98160315374507,6.964520367936925,24.23127463863338,0.24967148488831015,1.041095890410981
619312,2026-05-01,23.98160315374507,23.98160315374507,7.950065703022338,24.081471747700395,0.09986859395532477,0.4164383561643954
619312,2026-06-01,23.98160315374507,23.98160315374507,8.968462549277266,24.031537450722734,0.04993429697766416,0.20821917808220508
619312,2026-07-01,23.98160315374507,23.98160315374507,9.95400788436268,24.02135348226019,0.03975032851511884,0.16575342465756404
619313,2026-04-01,47.010512483574246,47.010512483574246,35.019710906701704,46.78712220762152,0.0,0.0
619313,2026-05-01,47.010512483574246,47.010512483574246,36.00525624178712,47.08935611038105,0.07884362680680113,0.16771488469594872
619313,2026-06-01,47.010512483574246,47.010512483574246,37.023653088042046,46.759855453350845,0.0,0.0
619313,2026-07-01,47.010512483574246,47.010512483574246,38.009198423127465,46.84986859395531,0.0,0.0
619314,2026-04-01,20.9592641261498,20.9592641261498,7.982917214191852,21.27398160315371,0.31471747700391006,1.5015673981189692
619314,2026-05-01,20.9592641261498,20.9592641261498,8.968462549277266,21.35282522996054,0.3935611038107396,1.877742946708294
619314,2026-06-01,20.9592641261498,20.9592641261498,9.986859395532194,21.261826544020987,0.30256241787118654,1.4435736677114293
619314,2026-07-01,20.9592641261498,20.9592641261498,10.972404730617608,21.34756898817343,0.38830486202362735,1.852664576802385
619316,2026-04-01,23.98160315374507,23.98160315374507,5.978975032851511,23.981603153745088,1.7763568394002505e-14,7.407164683745702e-14
619316,2026-05-01,23.98160315374507,23.98160315374507,6.964520367936925,23.981603153745088,1.7763568394002505e-14,7.407164683745702e-14
619316,2026-06-01,23.98160315374507,23.98160315374507,7.982917214191852,23.981603153745088,1.7763568394002505e-14,7.407164683745702e-14
619316,2026-07-01,23.98160315374507,23.98160315374507,8.968462549277266,23.981603153745088,1.7763568394002505e-14,7.407164683745702e-14
619317,2026-04-01,30.05913272010512,188.96189224704332,187.97634691195796,189.45335085413936,159.39421813403425,530.2688524590168
619317,2026-05-01,30.05913272010512,190.9658344283837,188.96189224704332,190.90735873850198,160.84822601839687,535.106010928962
619317,2026-06-01,30.05913272010512,191.98423127463863,189.9802890932983,194.54533508541383,164.4862023653087,547.2087431693988
619317,2026-07-01,30.05913272010512,193.00262812089355,190.9658344283837,198.56077529566352,168.5016425755584,560.567213114754
619318,2026-04-01,24.014454664914584,59.98685939553219,39.98028909329829,48.39323258869906,24.378777923784472,101.51709986320101
619318,2026-05-01,24.014454664914584,59.98685939553219,40.9658344283837,51.20597897503285,27.191524310118265,113.22982216142272
619318,2026-06-01,24.014454664914584,59.98685939553219,41.98423127463863,58.079172141918576,34.064717477003995,141.85088919288668
619318,2026-07-01,24.014454664914584,59.98685939553219,42.96977660972404,58.998028909329896,34.98357424441531,145.67715458276362
619320,2026-04-01,30.05913272010512,181.011826544021,179.00788436268067,180.92706964520394,150.86793692509883,501.9038251366131
619320,2026-05-01,30.05913272010512,181.011826544021,179.9934296977661,180.90571616294372,150.8465834428386,501.8327868852468
619321,2026-05-01,24.014454664914584,24.014454664914584,0.0,24.01445466491459,7.105427357601002e-15,2.9588127054086796e-14
619321,2026-06-01,24.014454664914584,24.014454664914584,1.0183968462549278,24.13403416557162,0.11957950065703571,0.49794801641589154
619321,2026-06-01,24.014454664914584,24.014454664914584,1.0183968462549278,24.004270696452046,0.0,0.0
619321,2026-07-01,24.014454664914584,24.014454664914584,2.0039421813403417,24.004270696452046,0.0,0.0
619326,2026-05-01,69.02102496714849,69.02102496714849,0.985545335085414,69.01445466491452,0.0,0.0
619326,2026-06-01,69.02102496714849,69.02102496714849,2.0039421813403417,69.01445466491452,0.0,0.0
619328,2026-05-01,15.932982917214192,15.932982917214192,5.946123521681997,15.597897503285186,0.0,0.0
619328,2026-06-01,15.932982917214192,15.932982917214192,6.964520367936925,15.838699080157726,0.0,0.0
619328,2026-07-01,15.932982917214192,15.932982917214192,7.950065703022338,15.820630749014493,0.0,0.0
619341,2026-05-01,70.03942181340341,70.03942181340341,2.0039421813403417,70.20269382391584,0.16327201051242923,0.23311444652900312
619341,2026-06-01,70.03942181340341,70.03942181340341,3.0223390275952693,70.23521681997366,0.1957950065702505,0.279549718574035
619341,2026-07-01,70.03942181340341,70.03942181340341,4.007884362680684,70.19382391590007,0.1544021024966611,0.22045028142581446
619347,2026-06-01,24.014454664914584,24.014454664914584,0.0,24.01445466491459,7.105427357601002e-15,2.9588127054086796e-14
619347,2026-07-01,24.014454664914584,24.014454664914584,0.985545335085414,24.01445466491459,7.105427357601002e-15,2.9588127054086796e-14
635651,2026-07-01,25.0,25.0,11.990801576872537,24.2835085413929,0.0,0.0
660056,2026-07-01,36.00525624178712,36.00525624178712,12.976346911957949,36.005256241787166,4.263256414560601e-14,1.1840650114892764e-13
665021,2026-07-01,36.00525624178712,36.00525624178712,13.994743758212875,36.00492772667547,0.0,0.0
701101,2026-04-01,90.9658344283837,90.9658344283837,89.98028909329828,91.59362680683302,0.627792378449314,0.6901408450703185
701101,2026-05-01,90.9658344283837,93.98817345597897,90.9658344283837,93.644218134034,2.6783837056503046,2.9443842542432384
701101,2026-06-01,90.9658344283837,93.98817345597897,91.98423127463865,97.22897503285138,6.263140604467679,6.885157096424564
701101,2026-07-01,90.9658344283837,93.98817345597897,92.96977660972404,97.55913272010496,6.593298291721254,7.248104008667208
701105,2026-04-01,24.014454664914584,75.9855453350854,75.9855453350854,76.72503285151119,52.71057818659661,219.4952120383038
701105,2026-05-01,24.014454664914584,75.9855453350854,76.97109067017082,77.05321944809467,53.038764783180085,220.8618331053354
701107,2026-04-01,23.98160315374507,72.96320630749014,66.95137976346912,71.56865965834432,47.587056504599246,198.43150684931524
701107,2026-05-01,23.98160315374507,72.96320630749014,67.93692509855452,72.50591327201059,48.52431011826552,202.33972602739763
701107,2026-06-01,23.98160315374507,72.96320630749014,68.95532194480946,72.8176741130093,48.836070959264234,203.63972602739776
701107,2026-07-01,23.98160315374507,73.98160315374507,69.94086727989487,72.25197109067025,48.27036793692518,201.2808219178086
701113,2026-04-01,35.972404730617605,35.972404730617605,20.99211563731932,35.97240473061765,4.263256414560601e-14,1.1851463493993123e-13
701113,2026-05-01,35.972404730617605,35.972404730617605,21.97766097240473,35.97240473061765,4.263256414560601e-14,1.1851463493993123e-13
701113,2026-06-01,35.972404730617605,35.972404730617605,22.996057818659654,35.97240473061765,4.263256414560601e-14,1.1851463493993123e-13
701113,2026-07-01,35.972404730617605,35.972404730617605,23.98160315374507,35.97240473061765,4.263256414560601e-14,1.1851463493993123e-13
701121,2026-04-01,24.014454664914584,34.00131406044678,31.99737187910644,34.47240473061765,10.457950065703063,43.54856361149128
701121,2026-05-01,24.014454664914584,34.00131406044678,32.98291721419185,35.41491458607098,11.400459921156394,47.47332421340638
701121,2026-06-01,24.014454664914584,34.00131406044678,34.00131406044678,35.11432325886993,11.099868593955346,46.22161422708629
701121,2026-07-01,24.014454664914584,36.00525624178712,34.98685939553219,36.19710906701712,12.182654402102532,50.730506155950906
701122,2026-04-01,23.98160315374507,28.02233902759527,20.99211563731932,28.219776609724025,4.238173455978956,17.67260273972595
701122,2026-05-01,23.98160315374507,28.02233902759527,21.97766097240473,28.182654402102468,4.201051248357398,17.517808219177976
701122,2026-06-01,23.98160315374507,28.02233902759527,22.996057818659654,28.44743758212875,4.46583442838368,18.62191780821907
701122,2026-07-01,23.98160315374507,28.02233902759527,23.98160315374507,28.502628120893533,4.521024967148463,18.85205479452044
701126,2026-04-01,47.010512483574246,47.010512483574246,45.006570302233904,46.23028909329827,0.0,0.0
701126,2026-05-01,47.010512483574246,50.03285151116951,45.99211563731932,48.680026281208995,1.6695137976347496,3.551362683438279
701126,2026-06-01,47.010512483574246,47.010512483574246,47.010512483574246,48.28777923784497,1.2772667542707268,2.7169811320755364
701126,2026-07-01,47.010512483574246,50.03285151116951,47.99605781865966,52.012155059132695,5.001642575558449,10.639412997903507
701127,2026-04-01,34.00131406044678,35.019710906701704,35.019710906701704,35.53843626806832,1.537122207621536,4.520772946859861
701127,2026-05-01,34.00131406044678,37.023653088042046,36.00525624178712,36.689224704336375,2.6879106438895946,7.905314009661764
701127,2026-06-01,34.00131406044678,37.023653088042046,37.023653088042046,37.1672141918528,3.165900131406019,9.311111111111035
701127,2026-07-01,34.00131406044678,37.023653088042046,38.009198423127465,38.009198423127465,4.007884362680684,11.787439613526573
701128,2026-04-01,27.95663600525624,34.00131406044678,28.97503285151117,35.63239159001316,7.675755584756917,27.455934195064696
701128,2026-05-01,27.95663600525624,34.00131406044678,29.96057818659658,34.46024967148493,6.503613666228691,23.26321974148077
701128,2026-06-01,27.95663600525624,34.00131406044678,30.97897503285151,34.5686596583443,6.6120236530880625,23.65099882491194
701128,2026-07-01,27.95663600525624,34.00131406044678,31.964520367936924,34.220433639947466,6.263797634691226,22.405405405405514
701167,2026-04-01,81.04467805519053,93.03547963206309,85.0197109067017,88.41392904073591,7.369250985545378,9.092825293879258
701167,2026-05-01,81.04467805519053,93.03547963206309,86.00525624178712,90.81274638633384,9.768068331143311,12.052695581678249
701167,2026-06-01,81.04467805519053,93.03547963206309,87.02365308804205,92.66951379763479,11.624835742444262,14.343737332793003
701167,2026-07-01,81.04467805519053,93.03547963206309,88.00919842312746,92.73948751642585,11.694809461235323,14.430077016619508
701168,2026-04-01,43.98817345597897,93.98817345597897,87.97634691195795,87.97634691195795,43.98817345597897,100.0
701168,2026-05-01,43.98817345597897,93.98817345597897,88.96189224704337,92.78843626806814,48.800262812089166,110.93950709484648
701168,2026-06-01,43.98817345597897,93.98817345597897,89.98028909329828,94.09724047306156,50.10906701708259,113.91486183719148
701168,2026-07-01,43.98817345597897,93.98817345597897,90.9658344283837,95.69743758212859,51.70926412614961,117.55265123226246
701170,2026-04-01,85.93955321944809,85.93955321944809,86.95795006570302,88.43462549277275,2.4950722733246664,2.903287461773809
701170,2026-05-01,85.93955321944809,94.9737187910644,87.94349540078844,93.74342969776612,7.803876478318031,9.080657492354774
701170,2026-06-01,85.93955321944809,94.9737187910644,88.96189224704337,94.62483574244418,8.68528252299609,10.106269113149885
701170,2026-07-01,85.93955321944809,94.9737187910644,89.94743758212877,94.92509855453352,8.985545335085433,10.455657492354764
701171,2026-04-01,47.010512483574246,47.010512483574246,45.006570302233904,47.03547963206306,0.02496714848881254,0.0531097134870338
701171,2026-05-01,47.010512483574246,47.010512483574246,45.99211563731932,47.339356110381075,0.32884362680682955,0.6995108315862957
701171,2026-06-01,47.010512483574246,47.010512483574246,47.010512483574246,47.69940867279894,0.6888961892246925,1.4654088050314213
701171,2026-07-01,47.010512483574246,53.02233902759527,47.99605781865966,52.67871222076207,5.668199737187827,12.057302585604294
701172,2026-04-01,47.99605781865966,47.99605781865966,66.95137976346912,66.95137976346912,18.955321944809462,39.493497604380565
701172,2026-05-01,47.99605781865966,47.99605781865966,67.93692509855452,67.93692509855452,19.940867279894867,41.54688569472962
701172,2026-06-01,47.99605781865966,47.99605781865966,68.95532194480946,68.95532194480946,20.959264126149797,43.668720054757
701172,2026-07-01,105.946123521682,105.946123521682,69.94086727989487,105.8557818659659,0.0,0.0
701173,2026-04-01,93.95532194480946,93.95532194480946,85.93955321944809,93.77135348226031,0.0,0.0
701173,2026-05-01,93.95532194480946,93.95532194480946,86.9250985545335,93.60906701708292,0.0,0.0
701173,2026-06-01,93.95532194480946,93.95532194480946,87.94349540078844,93.88567674113028,0.0,0.0
701173,2026-07-01,93.95532194480946,93.95532194480946,88.92904073587384,93.77102496714862,0.0,0.0
701228,2026-04-01,42.01708278580814,206.9973718791064,201.9710906701708,206.753285151117,164.73620236530888,392.069585613761
701228,2026-05-01,42.01708278580814,206.9973718791064,202.95663600525623,206.90407358738514,164.88699080157699,392.42845973416763
701228,2026-06-01,42.01708278580814,206.9973718791064,203.9750328515112,207.3942181340343,165.37713534822615,393.5949960906962
701228,2026-07-01,42.01708278580814,206.9973718791064,204.96057818659656,207.3134034165573,165.29632063074916,393.40265832681825
701263,2026-04-01,59.98685939553219,103.97503285151116,101.97109067017082,104.0344940867279,44.04763469119571,73.42880613362527
701263,2026-05-01,59.98685939553219,103.97503285151116,102.95663600525624,103.93626806833105,43.94940867279885,73.26506024096369
701289,2026-04-01,42.96977660972404,69.94086727989487,61.92509855453351,70.19875164257546,27.228975032851416,63.36773700305789
701289,2026-05-01,42.96977660972404,69.94086727989487,62.91064388961892,70.074244415243,27.104467805518958,63.07798165137592
701289,2026-06-01,42.96977660972404,69.94086727989487,63.92904073587385,69.9730617608409,27.003285151116863,62.84250764525974
701289,2026-07-01,42.96977660972404,69.94086727989487,64.91458607095926,69.37582128777916,26.406044678055117,61.452599388379035
701324,2026-04-01,38.96189224704336,78.97503285151117,74.96714848883049,78.52398160315369,39.56208935611033,101.54047217537929
701324,2026-05-01,38.96189224704336,78.97503285151117,75.9526938239159,79.62122207621546,40.6593298291721,104.3566610455311
701324,2026-06-01,38.96189224704336,78.97503285151117,76.97109067017082,80.0308804204993,41.06898817345594,105.4080944350758
701324,2026-07-01,38.96189224704336,82.98291721419184,77.95663600525624,80.44710906701704,41.48521681997368,106.47639123102859
701329,2026-04-01,46.97766097240473,73.98160315374507,66.95137976346912,72.98784494086722,26.010183968462492,55.36713286713275
701329,2026-05-01,46.97766097240473,73.98160315374507,67.93692509855452,73.55913272010505,26.581471747700327,56.58321678321664
701329,2026-06-01,46.97766097240473,73.98160315374507,68.95532194480946,74.28777923784487,27.310118265440146,58.1342657342656
701329,2026-07-01,46.97766097240473,73.98160315374507,69.94086727989487,74.46616294349533,27.488501971090606,58.513986013985885
701330,2026-04-01,155.0262812089356,185.0197109067017,177.00394218134034,177.68889618922455,22.662614980288964,14.618563254926812
701330,2026-05-01,155.0262812089356,187.97634691195796,177.98948751642575,184.57687253613634,29.55059132720075,19.06166560711996
701330,2026-06-01,155.0262812089356,187.97634691195796,179.00788436268067,185.00854139290377,29.98226018396818,19.34011443102334
701330,2026-07-01,155.0262812089356,155.0262812089356,179.9934296977661,179.9934296977661,24.967148488830503,16.105107014197937
701338,2026-04-01,304.92772667542704,304.92772667542704,242.93692509855447,302.17049934297034,0.0,0.0
701338,2026-05-01,304.92772667542704,304.92772667542704,243.92247043363997,303.2398160315381,0.0,0.0
701338,2026-06-01,304.92772667542704,304.92772667542704,244.9408672798949,303.2398160315381,0.0,0.0
701338,2026-07-01,304.92772667542704,304.92772667542704,245.92641261498028,303.68561103810816,0.0,0.0
701343,2026-04-01,33.96846254927726,80.97897503285151,78.97503285151117,80.71287779237856,46.7444152431013,137.61121856866575
701343,2026-05-01,33.96846254927726,80.97897503285151,79.96057818659658,81.19119579500669,47.22273324572943,139.01934235976827
701343,2026-06-01,33.96846254927726,80.97897503285151,80.97897503285151,81.18134034165581,47.21287779237855,138.99032882011636
701344,2026-04-01,32.03022339027595,78.02233902759527,72.99605781865965,77.4270696452036,45.39684625492765,141.73128205128182
701344,2026-05-01,32.03022339027595,78.02233902759527,73.98160315374507,78.2296320630748,46.19940867279885,144.2369230769228
701344,2026-06-01,32.03022339027595,78.02233902759527,75.0,78.27233902759517,46.242115637319216,144.3702564102561
701344,2026-07-01,32.03022339027595,78.02233902759527,75.9855453350854,78.49178712220751,46.46156373193156,145.0553846153843
701346,2026-04-01,46.97766097240473,74.96714848883049,71.97766097240472,75.95137976346905,28.97371879106432,61.675524475524334
701346,2026-05-01,46.97766097240473,74.96714848883049,72.96320630749014,76.16984231274631,29.192181340341584,62.140559440559294
701346,2026-06-01,46.97766097240473,74.96714848883049,73.98160315374507,79.14224704336394,32.16458607095921,68.46783216783206
701346,2026-07-01,46.97766097240473,94.9737187910644,74.96714848883049,88.74310118265439,41.76544021024966,88.90489510489508
701349,2026-04-01,65.9658344283837,92.96977660972404,86.95795006570302,91.13206307490147,25.166228646517766,38.15039840637454
701349,2026-05-01,65.9658344283837,92.96977660972404,87.94349540078844,92.49211563731932,26.526281208935615,40.21215139442232
701349,2026-06-01,65.9658344283837,92.96977660972404,88.96189224704337,92.78318002628124,26.817345597897543,40.65338645418333
701349,2026-07-01,65.9658344283837,92.96977660972404,89.94743758212877,92.50657030223394,26.540735873850238,40.23406374501999
701354,2026-04-01,34.95400788436268,71.97766097240472,69.97371879106439,70.1179369250986,35.16392904073592,100.60056390977456
701370,2026-04-01,311.957950065703,350.9198423127464,351.9382391590013,351.9382391590013,39.98028909329827,12.815922493681542
701370,2026-05-01,311.957950065703,350.9198423127464,352.9237844940867,352.9237844940867,40.96583442838369,13.131844987363095
701370,2026-06-01,311.957950065703,350.9198423127464,353.9421813403416,353.9421813403416,41.9842312746386,13.458298230834027
701370,2026-06-01,311.957950065703,350.9198423127464,353.9421813403416,353.9421813403416,41.9842312746386,13.458298230834027
701370,2026-07-01,311.957950065703,350.9198423127464,354.92772667542704,354.92772667542704,42.96977660972402,13.77422072451558
701372,2026-04-01,283.96846254927726,358.93561103810777,359.9540078843627,359.9540078843627,75.98554533508542,26.758445164275802
701372,2026-05-01,283.96846254927726,358.93561103810777,360.9395532194481,360.9395532194481,76.97109067017084,27.105506709856552
701372,2026-06-01,283.96846254927726,358.93561103810777,361.957950065703,361.957950065703,77.98948751642575,27.464136973623322
701372,2026-07-01,283.96846254927726,358.93561103810777,362.9434954007885,362.9434954007885,78.97503285151123,27.811198519204094
701376,2026-04-01,94.9737187910644,169.94086727989486,170.9592641261498,170.9592641261498,75.9855453350854,80.00691802144586
701376,2026-05-01,94.9737187910644,169.94086727989486,171.94480946123522,171.94480946123522,76.97109067017082,81.04462123832582
701376,2026-06-01,94.9737187910644,169.94086727989486,172.96320630749014,172.96320630749014,77.98948751642574,82.11691456243511
701376,2026-07-01,94.9737187910644,169.94086727989486,173.94875164257556,173.94875164257556,78.97503285151116,83.1546177793151
701377,2026-04-01,68.00262812089356,142.96977660972405,143.98817345597897,143.98817345597897,75.9855453350854,111.73913043478258
701377,2026-05-01,68.00262812089356,142.96977660972405,144.9737187910644,144.9737187910644,76.97109067017085,113.18840579710148
701377,2026-06-01,68.00262812089356,142.96977660972405,145.9921156373193,145.9921156373193,77.98948751642574,114.68599033816422
701377,2026-07-01,68.00262812089356,142.96977660972405,146.97766097240472,146.97766097240472,78.97503285151116,116.13526570048307
701383,2026-04-01,283.96846254927726,358.93561103810777,359.9540078843627,359.9540078843627,75.98554533508542,26.758445164275802
701383,2026-05-01,283.96846254927726,358.93561103810777,360.9395532194481,360.9395532194481,76.97109067017084,27.105506709856552
701383,2026-06-01,283.96846254927726,358.93561103810777,361.957950065703,361.957950065703,77.98948751642575,27.464136973623322
701383,2026-07-01,283.96846254927726,358.93561103810777,362.9434954007885,362.9434954007885,78.97503285151123,27.811198519204094
701386,2026-04-01,139.9802890932983,241.98423127463863,215.9658344283837,239.24211563731882,99.26182654402052,70.91128842994566
701386,2026-05-01,139.9802890932983,241.98423127463863,216.9513797634691,238.76182654402052,98.78153745072223,70.56817648439298
701386,2026-06-01,139.9802890932983,241.98423127463863,217.96977660972405,239.22207621550544,99.24178712220714,70.89697254165654
701386,2026-07-01,139.9802890932983,241.98423127463863,218.95532194480944,239.94250985545287,99.96222076215457,71.41164045998558
701391,2026-04-01,118.95532194480946,190.9658344283837,194.9408672798949,194.9408672798949,75.98554533508543,63.87738193869099
701391,2026-05-01,118.95532194480946,190.9658344283837,195.92641261498028,195.92641261498028,76.97109067017082,64.70588235294117
701391,2026-06-01,118.95532194480946,190.9658344283837,196.9448094612352,196.9448094612352,77.98948751642574,65.56199944766638
701391,2026-07-01,118.95532194480946,196.9448094612352,197.9303547963206,197.9303547963206,78.97503285151113,66.39049986191657
701395,2026-04-01,215.9986859395532,215.9986859395532,219.9737187910644,219.9737187910644,3.9750328515112017,1.8403041825095205
701395,2026-05-01,215.9986859395532,215.9986859395532,220.9592641261498,220.9592641261498,4.960578186596592,2.296577946768065
701395,2026-06-01,215.9986859395532,215.9986859395532,221.97766097240472,221.97766097240472,5.978975032851508,2.7680608365019
701396,2026-04-01,139.9802890932983,217.96977660972405,215.9658344283837,218.169842312746,78.1895532194477,55.85754517718817
701396,2026-05-01,139.9802890932983,217.96977660972405,216.9513797634691,217.92969776609687,77.94940867279857,55.68598920441183
701396,2026-06-01,139.9802890932983,217.96977660972405,217.96977660972405,218.45006570302198,78.46977660972368,56.057732926542805
701396,2026-07-01,139.9802890932983,217.96977660972405,218.95532194480944,218.95532194480944,78.97503285151114,56.41868106078384
701398,2026-04-01,127.98948751642575,205.9789750328515,203.9750328515112,209.60019710906704,81.61070959264129,63.76360369609858
701398,2026-05-01,127.98948751642575,205.9789750328515,204.96057818659656,206.8991458607097,78.90965834428394,61.65323408624238
701398,2026-06-01,127.98948751642575,205.9789750328515,205.9789750328515,208.5059132720105,80.51642575558475,62.90862422997946
701398,2026-07-01,127.98948751642575,205.9789750328515,206.96452036793693,207.58212877792386,79.5926412614981,62.18685831622183
701399,2026-04-01,191.98423127463863,194.9408672798949,195.9592641261498,195.9592641261498,3.9750328515111732,2.0704996577686536
701399,2026-05-01,191.98423127463863,194.9408672798949,196.9448094612352,196.9448094612352,4.960578186596564,2.5838466803559106
701399,2026-06-01,191.98423127463863,194.9408672798949,197.9632063074901,197.9632063074901,5.97897503285148,3.114305270362749
701399,2026-07-01,191.98423127463863,194.9408672798949,198.9487516425756,198.9487516425756,6.964520367936956,3.6276522929500503
701400,2026-04-01,271.9776609724047,346.9448094612352,347.9632063074901,349.94316688567665,77.96550591327195,28.66614325401617
701400,2026-05-01,271.9776609724047,355.9789750328515,348.9487516425756,354.2999342969779,82.32227332457319,30.26802753955802
701400,2026-06-01,271.9776609724047,355.9789750328515,349.96714848883045,355.1534165571619,83.17575558475721,30.581833554777266
701400,2026-06-01,271.9776609724047,355.9789750328515,349.96714848883045,355.1534165571619,83.17575558475721,30.581833554777266
701400,2026-07-01,271.9776609724047,355.9789750328515,350.95269382391587,355.2733245729307,83.29566360052598,30.625921004952428
701402,2026-04-01,262.94349540078844,337.9106438896189,338.92904073587385,338.92904073587385,75.98554533508542,28.898050974512746
701402,2026-05-01,262.94349540078844,337.9106438896189,339.9145860709593,339.9145860709593,76.97109067017084,29.272863568215897
701402,2026-06-01,262.94349540078844,337.9106438896189,340.9329829172142,340.9329829172142,77.98948751642575,29.660169915042477
701402,2026-07-01,262.94349540078844,337.9106438896189,341.9185282522996,341.9185282522996,78.97503285151117,30.034982508745628
701404,2026-04-01,190.9658344283837,268.95532194480944,266.9513797634691,269.104796320631,78.13896189224732,40.917770514364506
701404,2026-05-01,190.9658344283837,268.95532194480944,267.9369250985545,268.7457293035483,77.77989487516459,40.72974367796336
701404,2026-06-01,190.9658344283837,268.95532194480944,268.95532194480944,268.95532194480944,77.98948751642575,40.839497677619136
701404,2026-07-01,190.9658344283837,268.95532194480944,269.94086727989486,269.94086727989486,78.97503285151117,41.35558231549975
701405,2026-04-01,163.99474375821288,236.00525624178712,239.98028909329827,239.98028909329827,75.98554533508539,46.334134615384606
701405,2026-05-01,163.99474375821288,236.00525624178712,240.9658344283837,240.9658344283837,76.97109067017081,46.935096153846146
701405,2026-06-01,163.99474375821288,236.00525624178712,241.98423127463863,241.98423127463863,77.98948751642575,47.556089743589745
701405,2026-07-01,163.99474375821288,236.00525624178712,242.96977660972405,242.96977660972405,78.97503285151117,48.157051282051285
701406,2026-04-01,142.96977660972405,217.93692509855447,218.95532194480944,218.95532194480944,75.98554533508539,53.14797794117645
701406,2026-05-01,142.96977660972405,217.93692509855447,219.9408672798949,219.9408672798949,76.97109067017084,53.837316176470594
701406,2026-06-01,142.96977660972405,217.93692509855447,220.9592641261498,220.9592641261498,77.98948751642575,54.54963235294118
701408,2026-04-01,139.9802890932983,211.9908015768725,215.9658344283837,215.9658344283837,75.98554533508539,54.28303215207696
701408,2026-05-01,139.9802890932983,211.9908015768725,216.9513797634691,216.9513797634691,76.97109067017081,54.987092231870434
701408,2026-06-01,139.9802890932983,211.9908015768725,217.96977660972405,217.96977660972405,77.98948751642575,55.71462098099037
701408,2026-07-01,139.9802890932983,211.9908015768725,218.95532194480944,218.95532194480944,78.97503285151114,56.41868106078384
701410,2026-04-01,38.009198423127465,97.99605781865964,95.99211563731932,98.32818659658338,60.318988173455914,158.69576490924788
701410,2026-05-01,38.009198423127465,97.99605781865964,96.97766097240472,98.50492772667539,60.495729303547925,159.16076058772677
701410,2026-06-01,38.009198423127465,97.99605781865964,97.99605781865964,99.09362680683307,61.08442838370561,160.7095937770094
701410,2026-07-01,38.009198423127465,97.99605781865964,98.98160315374508,98.98160315374508,60.97240473061762,160.41486603284358
701411,2026-04-01,50.0,97.99605781865964,95.99211563731932,97.99671484888296,47.99671484888296,95.99342969776592
701411,2026-05-01,50.0,97.99605781865964,96.97766097240472,98.01872536136653,48.018725361366535,96.03745072273307
701411,2026-06-01,50.0,97.99605781865964,97.99605781865964,98.67805519053869,48.678055190538686,97.35611038107737
701411,2026-07-01,50.0,97.99605781865964,98.98160315374508,98.98160315374508,48.981603153745084,97.96320630749017
701412,2026-04-01,1.938239159001314,61.92509855453351,62.94349540078844,62.94349540078844,61.00525624178713,3147.4576271186447
701412,2026-05-01,1.938239159001314,61.92509855453351,63.92904073587385,63.92904073587385,61.990801576872535,3198.305084745763
701412,2026-06-01,1.938239159001314,61.92509855453351,64.94743758212877,69.37943495400786,67.44119579500655,3479.50847457627
701412,2026-07-01,1.938239159001314,76.93823915900131,65.93298291721419,72.74408672798951,70.8058475689882,3653.101694915256
701415,2026-04-01,148.94875164257556,195.92641261498028,196.9448094612352,196.9448094612352,47.99605781865964,32.223202470224955
701415,2026-05-01,148.94875164257556,195.92641261498028,197.9303547963206,197.9303547963206,48.98160315374503,32.8848698720776
701415,2026-06-01,148.94875164257556,195.92641261498028,198.9487516425756,198.9487516425756,50.00000000000003,33.56859285399208
701415,2026-07-01,148.94875164257556,195.92641261498028,199.93429697766095,199.93429697766095,50.98554533508539,34.23026025584471
701530,2026-04-01,84.00131406044677,84.00131406044677,49.01445466491458,83.84954007884372,0.0,0.0
701530,2026-05-01,84.00131406044677,84.00131406044677,50.0,84.00952693823923,0.008212877792459494,0.009777082518672937
701530,2026-06-01,84.00131406044677,84.00131406044677,51.01839684625492,84.04829172141926,0.046977660972487456,0.05592491200635582
701530,2026-07-01,84.00131406044677,84.00131406044677,52.00394218134034,84.04829172141926,0.046977660972487456,0.05592491200635582
701565,2026-04-01,69.94086727989487,93.95532194480946,97.93035479632064,97.93035479632064,27.98948751642577,40.01878816345704
701565,2026-05-01,69.94086727989487,93.95532194480946,98.91590013140603,98.91590013140603,28.97503285151116,41.427900422733664
701565,2026-06-01,69.94086727989487,93.95532194480946,99.93429697766096,99.93429697766096,29.99342969776609,42.883983090652876
701565,2026-07-01,69.94086727989487,103.94218134034163,100.91984231274638,102.92345597897506,32.98258869908018,47.157820573039025
701570,2026-04-01,23.98160315374507,41.95137976346912,54.96057818659658,54.96057818659658,30.97897503285151,129.17808219178082
701570,2026-05-01,23.98160315374507,41.95137976346912,55.946123521682,55.946123521682,31.964520367936927,133.28767123287673
701570,2026-06-01,23.98160315374507,41.95137976346912,56.96452036793692,56.96452036793692,32.98291721419185,137.53424657534248
701570,2026-07-01,23.98160315374507,41.95137976346912,57.95006570302234,57.95006570302234,33.96846254927727,141.6438356164384
701574,2026-04-01,58.96846254927726,68.98817345597897,38.96189224704336,68.4572930354795,9.488830486202232,16.09136490250674
701574,2026-05-01,58.96846254927726,68.98817345597897,39.94743758212878,68.5574901445465,9.589027595269243,16.26128133704712
701574,2026-06-01,58.96846254927726,68.98817345597897,40.9658344283837,68.5574901445465,9.589027595269243,16.26128133704712
701574,2026-07-01,58.96846254927726,68.98817345597897,41.95137976346912,68.64750328515096,9.679040735873699,16.413927576601413
701593,2026-04-01,39.94743758212878,63.92904073587385,64.94743758212877,64.94743758212877,24.999999999999993,62.582236842105246
701593,2026-05-01,39.94743758212878,63.92904073587385,65.93298291721419,65.93298291721419,25.985545335085412,65.04934210526315
701593,2026-06-01,39.94743758212878,63.92904073587385,66.95137976346912,66.95137976346912,27.003942181340342,67.59868421052632
701593,2026-07-01,39.94743758212878,63.92904073587385,67.93692509855452,67.93692509855452,27.989487516425747,70.06578947368419
701597,2026-04-01,17.969776609724047,52.95663600525624,53.975032851511166,53.975032851511166,36.00525624178712,200.36563071297988
701597,2026-05-01,17.969776609724047,59.00131406044678,54.96057818659658,57.25624178712227,39.28646517739823,218.62522851919599
701597,2026-06-01,17.969776609724047,59.00131406044678,55.97897503285151,58.88896189224711,40.91918528252306,227.71115173674622
701597,2026-06-01,17.969776609724047,59.00131406044678,55.97897503285151,58.85873850197115,40.88896189224711,227.5429616087755
701597,2026-07-01,17.969776609724047,59.00131406044678,56.96452036793692,58.55749014454671,40.58771353482267,225.8665447897627
701598,2026-04-01,17.936925098554532,68.95532194480946,66.95137976346912,68.33804204993442,50.40111695137988,280.99084249084314
701598,2026-05-01,17.936925098554532,68.95532194480946,67.93692509855452,68.8166885676742,50.87976346911967,283.6593406593412
701598,2026-06-01,17.936925098554532,68.95532194480946,68.95532194480946,69.10775295663612,51.17082785808159,285.28205128205195
701598,2026-06-01,17.936925098554532,68.95532194480946,68.95532194480946,69.10775295663612,51.17082785808159,285.28205128205195
701598,2026-07-01,17.936925098554532,68.95532194480946,69.94086727989487,69.94086727989487,52.00394218134034,289.92673992673997
701599,2026-04-01,17.936925098554532,53.942181340341655,54.96057818659658,55.11465177398149,37.17772667542696,207.26923076923018
701599,2026-05-01,17.936925098554532,61.990801576872535,55.946123521682,59.736202365308735,41.7992772667542,233.03479853479817
701599,2026-06-01,17.936925098554532,61.990801576872535,56.96452036793692,60.858409986859314,42.92148488830478,239.29120879120836
701599,2026-07-01,17.936925098554532,61.990801576872535,57.95006570302234,60.97831800262805,43.04139290407352,239.95970695970658
701602,2026-04-01,18.035479632063076,47.99605781865966,47.010512483574246,49.52003942181332,31.484559789750246,174.57012750455328
701602,2026-05-01,18.035479632063076,56.04467805519054,47.99605781865966,55.559461235216766,37.523981603153686,208.0564663023676
701602,2026-06-01,18.035479632063076,56.04467805519054,49.01445466491458,55.471747700394154,37.436268068331074,207.57012750455334
701602,2026-07-01,18.035479632063076,56.04467805519054,50.0,55.26773981603148,37.23226018396841,206.43897996356978
701657,2026-04-01,42.96977660972404,42.96977660972404,37.94349540078844,51.11268068331145,8.14290407358741,18.950305810397612
701657,2026-05-01,42.96977660972404,54.96057818659658,38.92904073587385,53.53745072273328,10.56767411300924,24.593272171253922
701657,2026-06-01,42.96977660972404,54.96057818659658,39.94743758212878,54.165571616294386,11.195795006570343,26.055045871559727
701657,2026-07-01,42.96977660972404,54.96057818659658,40.93298291721419,54.20795006570304,11.238173455978995,26.15366972477069
701658,2026-04-01,47.99605781865966,47.99605781865966,25.952693823915897,47.88666228646512,0.0,0.0
701658,2026-05-01,36.00525624178712,36.00525624178712,26.938239159001316,36.4947437582129,0.4894875164257755,1.3594890510949458
701658,2026-06-01,36.00525624178712,36.00525624178712,27.95663600525624,36.3196452036794,0.31438896189227705,0.8731751824818352
701658,2026-07-01,36.00525624178712,36.00525624178712,28.94218134034165,36.18265440210253,0.17739816031540556,0.4927007299270935
701661,2026-07-01,30.05913272010512,30.05913272010512,4.007884362680684,30.053547963206245,0.0,0.0
701662,2026-07-01,30.05913272010512,30.05913272010512,4.007884362680684,30.053219448094552,0.0,0.0
701668,2026-04-01,41.98423127463863,41.98423127463863,5.978975032851511,41.99375821287781,0.009526938239176275,0.022691705790338485
701668,2026-05-01,41.98423127463863,41.98423127463863,6.964520367936925,41.98357424441526,0.0,0.0
701668,2026-06-01,41.98423127463863,41.98423127463863,7.982917214191852,41.98324572930356,0.0,0.0
701668,2026-07-01,41.98423127463863,41.98423127463863,8.968462549277266,41.99342969776612,0.009198423127486421,0.021909233176892542
701719,2026-04-01,72.96320630749014,118.95532194480946,117.96977660972404,118.91918528252316,45.95597897503302,62.985141828005645
701719,2026-05-01,72.96320630749014,120.9592641261498,118.95532194480946,120.84099868593954,47.8777923784494,65.61909049977487
701719,2026-06-01,72.96320630749014,120.9592641261498,119.9737187910644,121.11366622864651,48.15045992115637,65.9927960378208
701719,2026-07-01,72.96320630749014,120.9592641261498,120.9592641261498,122.56636005256249,49.60315374507235,67.98379108509691
701745,2026-04-01,40.01314060446781,40.01314060446781,85.0197109067017,85.0197109067017,45.0065703022339,112.47947454844005
701745,2026-05-01,40.01314060446781,40.01314060446781,86.00525624178712,86.00525624178712,45.992115637319316,114.94252873563218
701745,2026-06-01,40.01314060446781,40.01314060446781,87.02365308804205,87.02365308804205,47.010512483574246,117.48768472906403
701745,2026-07-01,40.01314060446781,40.01314060446781,88.00919842312746,88.00919842312746,47.99605781865965,119.95073891625614
701766,2026-04-01,51.01839684625492,88.00919842312746,79.99342969776609,81.74178712220764,30.723390275952717,60.220218931101144
701766,2026-05-01,51.01839684625492,88.00919842312746,80.97897503285151,82.58804204993432,31.569645203679393,61.878943979394776
701766,2026-06-01,51.01839684625492,88.00919842312746,81.99737187910644,84.24770039421819,33.22930354796326,65.13200257566012
701766,2026-07-01,51.01839684625492,88.00919842312746,82.98291721419184,84.94579500657034,33.92739816031541,66.5003219575017
701991,2026-04-01,35.972404730617605,70.99211563731932,68.98817345597897,71.16885676741131,35.19645203679371,97.84292237442928
701991,2026-05-01,35.972404730617605,70.99211563731932,69.97371879106439,71.57818659658344,35.60578186596583,98.98082191780821
701991,2026-06-01,35.972404730617605,70.99211563731932,70.99211563731932,71.3991458607096,35.42674113009199,98.48310502283107
701991,2026-07-01,35.972404730617605,70.99211563731932,71.97766097240472,74.13929040735873,38.166885676741124,106.10045662100455
702355,2026-04-01,26.971090670170828,26.971090670170828,51.97109067017082,51.97109067017082,24.99999999999999,92.69183922046281
702625,2026-04-01,47.99605781865966,114.98028909329828,88.96189224704337,112.82063074901444,64.82457293035478,135.06228610540722
702625,2026-05-01,47.99605781865966,114.98028909329828,89.94743758212877,112.49178712220761,64.49572930354796,134.37713894592744
702625,2026-06-01,47.99605781865966,114.98028909329828,90.9658344283837,115.05157687253612,67.05551905387645,139.71047227926073
702625,2026-07-01,47.99605781865966,114.98028909329828,91.95137976346912,114.97109067017081,66.97503285151114,139.5427789185489
702626,2026-04-01,47.99605781865966,120.99211563731932,88.96189224704337,113.86498028909324,65.86892247043357,137.23819301848036
702626,2026-05-01,47.99605781865966,120.99211563731932,89.94743758212877,114.42477003942176,66.4287122207621,138.40451745379866
702626,2026-06-01,47.99605781865966,120.99211563731932,90.9658344283837,117.27036793692493,69.27431011826528,144.333333333333
702626,2026-07-01,47.99605781865966,120.99211563731932,91.95137976346912,115.77759526938226,67.7815374507226,141.223134839151
702627,2026-04-01,59.98685939553219,99.93429697766096,85.93955321944809,98.67279894875152,38.68593955321933,64.49069003285851
702627,2026-05-01,59.98685939553219,99.93429697766096,86.9250985545335,98.95072273324558,38.96386333771339,64.95399780941926
702627,2026-06-01,59.98685939553219,99.93429697766096,87.94349540078844,99.23850197109056,39.251642575558364,65.43373493975885
702627,2026-07-01,59.98685939553219,99.93429697766096,88.92904073587384,99.04993429697751,39.06307490144532,65.11938663745869
702628,2026-04-01,53.975032851511166,87.94349540078844,76.97109067017082,87.22798948751638,33.252956636005216,61.60803408399262
702628,2026-05-01,53.975032851511166,87.94349540078844,77.95663600525624,87.21583442838366,33.24080157687249,61.585514303104006
702628,2026-06-01,53.975032851511166,87.94349540078844,78.97503285151117,87.42608409986855,33.45105124835738,61.97504564820443
702628,2026-07-01,53.975032851511166,87.94349540078844,79.96057818659658,87.20795006570297,33.23291721419181,61.570906877662736
702629,2026-04-01,40.9658344283837,77.95663600525624,63.96189224704336,76.29894875164244,35.33311432325874,86.25020048115447
702629,2026-05-01,40.9658344283837,77.95663600525624,64.94743758212877,76.76806833114308,35.80223390275938,87.39534883720896
702629,2026-06-01,40.9658344283837,77.95663600525624,65.9658344283837,77.36662286465163,36.40078843626793,88.85645549318332
702629,2026-07-01,40.9658344283837,77.95663600525624,66.95137976346912,77.2969776609723,36.3311432325886,88.68644747393722
702630,2026-04-01,59.00131406044678,86.00525624178712,84.00131406044677,85.90637319316681,26.905059132720034,45.60077951002215
702630,2026-05-01,60.0197109067017,95.99211563731932,86.00525624178712,93.21813403416547,33.198423127463776,55.3125342090858
702630,2026-06-01,60.0197109067017,95.99211563731932,87.02365308804205,93.72733245729295,33.70762155059125,56.16091954022977
702630,2026-07-01,60.0197109067017,95.99211563731932,88.00919842312746,93.33377135348219,33.314060446780495,55.50519978106176
702632,2026-04-01,68.00262812089356,89.02759526938239,81.01182654402102,87.04369250985557,19.041064388962013,28.000483091787622
702632,2026-05-01,68.00262812089356,89.02759526938239,81.99737187910644,88.02102496714862,20.018396846255058,29.43768115942048
702632,2026-06-01,68.00262812089356,89.02759526938239,83.01576872536137,88.66294349540094,20.660315374507377,30.381642512077516
702632,2026-07-01,68.00262812089356,89.02759526938239,84.00131406044677,88.09264126149817,20.09001314060461,29.542995169082335
702635,2026-04-01,60.939553219448094,126.97109067017082,121.9448094612352,127.11563731931685,66.17608409986875,108.59299191374687
702635,2026-05-01,60.939553219448094,126.97109067017082,122.93035479632064,127.20170827858101,66.26215505913291,108.73423180593022
702635,2026-06-01,60.939553219448094,126.97109067017082,123.94875164257556,127.632720105125,66.6931668856769,109.44150943396254
702635,2026-07-01,60.939553219448094,126.97109067017082,124.93429697766096,127.52431011826562,66.58475689881752,109.26361185983855
702637,2026-04-01,80.946123521682,109.9868593955322,117.96977660972404,117.96977660972404,37.02365308804204,45.738636363636346
702637,2026-05-01,80.946123521682,109.9868593955322,118.95532194480946,118.95532194480946,38.00919842312746,46.956168831168824
702637,2026-06-01,80.946123521682,109.9868593955322,119.9737187910644,119.9737187910644,39.0275952693824,48.21428571428573
702637,2026-07-01,80.946123521682,109.9868593955322,120.9592641261498,120.9592641261498,40.01314060446781,49.43181818181818
702639,2026-04-01,36.92509855453351,134.92115637319316,133.93561103810774,134.3429697766098,97.41787122207629,263.82562277580087
702658,2026-04-01,59.98685939553219,59.98685939553219,39.98028909329829,60.0860709592642,0.09921156373200546,0.16538882803955346
702658,2026-05-01,59.98685939553219,59.98685939553219,40.9658344283837,60.07621550591334,0.08935611038114644,0.14895947426079395
702658,2026-06-01,59.98685939553219,59.98685939553219,41.98423127463863,60.07621550591334,0.08935611038114644,0.14895947426079395
702658,2026-07-01,59.98685939553219,59.98685939553219,42.96977660972404,60.046320630749086,0.059461235216893726,0.09912376779858953
702664,2026-04-01,47.99605781865966,47.99605781865966,40.9658344283837,49.920499342969734,1.924441524310076,4.009582477754874
702664,2026-05-01,47.99605781865966,47.99605781865966,41.95137976346912,48.725032851511116,0.7289750328514586,1.5188227241614236
702664,2026-06-01,47.99605781865966,47.99605781865966,42.96977660972404,48.5229960578186,0.5269382391589446,1.0978781656398544
702664,2026-07-01,47.99605781865966,47.99605781865966,43.95532194480946,49.232588699080104,1.236530880420446,2.576317590691196
702665,2026-04-01,88.96189224704337,88.96189224704337,86.95795006570302,89.38370565046007,0.4218134034167065,0.47415066469736133
702665,2026-05-01,88.96189224704337,88.96189224704337,87.94349540078844,89.63534822601854,0.67345597897517,0.757016248153773
702665,2026-06-01,88.96189224704337,88.96189224704337,88.96189224704337,91.6521024967149,2.690210249671537,3.0240029542098075
702665,2026-07-01,88.96189224704337,88.96189224704337,89.94743758212877,91.591655716163,2.629763469119638,2.9560561299852943
702668,2026-04-01,104.96057818659658,104.96057818659658,64.94743758212877,104.86038107752942,0.0,0.0
702668,2026-05-01,104.96057818659658,104.96057818659658,65.93298291721419,104.84034165571602,0.0,0.0
702668,2026-06-01,104.96057818659658,104.96057818659658,66.95137976346912,105.06110381077517,0.10052562417858724,0.09577464788720487
702668,2026-07-01,104.96057818659658,104.96057818659658,67.93692509855452,104.88074901445454,0.0,0.0
702674,2026-04-01,55.97897503285151,95.0065703022339,93.00262812089356,95.04894875164247,39.06997371879096,69.79401408450686
702674,2026-05-01,55.97897503285151,97.01051248357425,93.98817345597897,96.28515111695134,40.30617608409983,72.00234741784031
702674,2026-06-01,55.97897503285151,97.01051248357425,95.0065703022339,97.18988173455979,41.21090670170828,73.61854460093898
702674,2026-07-01,55.97897503285151,97.01051248357425,95.99211563731932,97.32851511169513,41.34954007884362,73.86619718309858
702699,2026-04-01,55.946123521682,87.94349540078844,85.93955321944809,88.47207621550588,32.52595269382388,58.137991779213095
702699,2026-05-01,55.946123521682,87.94349540078844,86.9250985545335,88.18823915900126,32.24211563731926,57.63065179095703
702699,2026-06-01,55.946123521682,87.94349540078844,87.94349540078844,88.45959264126144,32.51346911957944,58.115678214914745
702699,2026-07-01,55.946123521682,87.94349540078844,88.92904073587384,88.92904073587384,32.98291721419184,58.954785672342915
702734,2026-04-01,69.97371879106439,105.97897503285152,100.9526938239159,104.92739816031535,34.95367936925096,49.952582159624384
702734,2026-05-01,69.97371879106439,105.97897503285152,101.93823915900133,105.7677398160315,35.79402102496711,51.1535211267605
702734,2026-06-01,69.97371879106439,105.97897503285152,102.95663600525624,105.90834428383701,35.934625492772625,51.35446009389666
702734,2026-07-01,69.97371879106439,105.97897503285152,103.94218134034163,105.53580814717472,35.562089356110334,50.82206572769946
702741,2026-04-01,50.9526938239159,89.98028909329828,87.97634691195795,90.52890932982906,39.57621550591316,77.67246937459682
702741,2026-05-01,50.9526938239159,89.98028909329828,88.96189224704337,89.98028909329814,39.02759526938224,76.59574468085076
702741,2026-06-01,50.9526938239159,89.98028909329828,89.98028909329828,90.20072273324558,39.24802890932968,77.02836879432596
702741,2026-07-01,50.9526938239159,89.98028909329828,90.9658344283837,91.55223390275941,40.59954007884351,79.68085106382956
702742,2026-04-01,57.98291721419185,89.98028909329828,87.97634691195795,90.44842312746373,32.465505913271876,55.99150141643037
702742,2026-05-01,57.98291721419185,89.98028909329828,88.96189224704337,89.95992115637306,31.977003942181206,55.14900849858334
702742,2026-06-01,57.98291721419185,89.98028909329828,89.98028909329828,89.98028909329828,31.99737187910643,55.1841359773371
702742,2026-07-01,57.98291721419185,89.98028909329828,90.9658344283837,91.47109067017071,33.48817345597886,57.75524079320093
702746,2026-04-01,50.9526938239159,89.98028909329828,87.97634691195795,90.25854139290394,39.305847568988035,77.14184397163093
702746,2026-05-01,50.9526938239159,89.98028909329828,88.96189224704337,89.95992115637306,39.007227332457155,76.55577047066382
702746,2026-06-01,50.9526938239159,89.98028909329828,89.98028909329828,90.04007884362665,39.087385019710744,76.71308833010929
702746,2026-07-01,50.9526938239159,89.98028909329828,90.9658344283837,90.9658344283837,40.0131406044678,78.52998065764022
702760,2026-04-01,80.946123521682,115.9658344283837,113.96189224704337,115.75624178712212,34.810118265440124,43.004058441558335
702760,2026-05-01,80.946123521682,115.9658344283837,114.94743758212876,115.94513797634681,34.99901445466482,43.23741883116871
702760,2026-06-01,80.946123521682,115.9658344283837,115.9658344283837,115.9658344283837,35.019710906701704,43.26298701298701
702760,2026-07-01,80.946123521682,115.9658344283837,116.95137976346912,116.95137976346912,36.00525624178712,44.48051948051948
702793,2026-04-01,63.92904073587385,102.95663600525624,100.9526938239159,102.85873850197096,38.929697766097114,60.89516957862262
702793,2026-05-01,63.92904073587385,102.95663600525624,101.93823915900133,103.5009855453349,39.57194480946105,61.89979445015388
702793,2026-06-01,63.92904073587385,102.95663600525624,102.95663600525624,103.13107752956617,39.20203679369232,61.32117163412099
702793,2026-07-01,63.92904073587385,102.95663600525624,103.94218134034163,103.94218134034163,40.013140604467786,62.589928057553934
702808,2026-04-01,86.95795006570302,112.94349540078844,111.95795006570302,113.57752956636006,26.61957950065704,30.61201360030224
702808,2026-05-01,86.95795006570302,115.9658344283837,112.94349540078844,115.4809461235216,28.522996057818588,32.80090668681518
702808,2026-06-01,86.95795006570302,115.9658344283837,113.96189224704337,115.73390275952683,28.77595269382381,33.091802040045216
702808,2026-07-01,86.95795006570302,115.9658344283837,114.94743758212876,115.74375821287768,28.785808147174663,33.103135625236
702810,2026-04-01,63.92904073587385,102.95663600525624,100.9526938239159,103.3768068331142,39.447766097240354,61.70554984583744
702810,2026-05-01,63.92904073587385,102.95663600525624,101.93823915900133,103.56800262812072,39.638961892246876,62.00462487153109
702810,2026-06-01,63.92904073587385,102.95663600525624,102.95663600525624,103.13797634691178,39.20893561103794,61.33196300102749
702810,2026-07-01,63.92904073587385,102.95663600525624,103.94218134034163,103.94218134034163,40.013140604467786,62.589928057553934
702833,2026-04-01,48.98160315374507,80.97897503285151,78.97503285151117,81.2391590013141,32.25755584756904,65.85647216633143
702833,2026-05-01,48.98160315374507,82.98291721419184,79.96057818659658,82.5831143232588,33.60151116951373,68.60026827632447
702833,2026-06-01,48.98160315374507,82.98291721419184,80.97897503285151,82.83344283837049,33.85183968462542,69.11133467471481
702833,2026-07-01,48.98160315374507,82.98291721419184,81.96452036793693,83.23324572930345,34.25164257555838,69.92756539235393
702840,2026-04-01,54.96057818659658,92.96977660972404,91.98423127463865,92.76379763469116,37.80321944809458,68.78242677824262
702851,2026-04-01,67.96977660972405,105.97897503285152,104.99342969776608,105.99671484888304,38.026938239158994,55.94683421942966
702851,2026-05-01,67.96977660972405,109.00131406044676,105.97897503285152,106.24737187910652,38.27759526938247,56.31561140647668
702851,2026-06-01,67.96977660972405,109.00131406044676,106.99737187910644,108.49507227332457,40.52529566360052,59.622522957950686
702854,2026-04-01,58.96846254927726,97.99605781865964,95.99211563731932,97.44480946123514,38.476346911957876,65.24902506963777
702949,2026-04-01,48.98160315374507,82.98291721419184,81.99737187910644,82.27660972404725,33.29500657030218,67.97451374916153
702949,2026-05-01,48.98160315374507,86.00525624178712,82.98291721419184,85.42214191852815,36.440538764783085,74.39637826961751
702949,2026-06-01,48.98160315374507,86.00525624178712,84.00131406044677,85.92542706964512,36.943823915900055,75.42387659289052
702949,2026-07-01,48.98160315374507,86.00525624178712,84.98685939553219,85.94546649145853,36.96386333771346,75.46478873239421
702958,2026-04-01,45.99211563731932,84.00131406044677,83.01576872536137,84.69086727989492,38.698751642575594,84.14214285714291
702958,2026-05-01,45.99211563731932,87.02365308804205,84.00131406044677,86.76773981603155,40.77562417871223,88.65785714285714
702958,2026-06-01,45.99211563731932,87.02365308804205,85.0197109067017,87.50164257555848,41.509526938239155,90.2535714285714
702958,2026-07-01,45.99211563731932,87.02365308804205,86.00525624178712,87.55026281208939,41.55814717477006,90.35928571428575
703021,2026-04-01,35.972404730617605,69.97371879106439,67.96977660972405,71.92739816031535,35.954993429697744,99.95159817351593
703021,2026-05-01,35.972404730617605,71.97766097240472,68.95532194480946,71.91721419185292,35.944809461235316,99.92328767123317
703021,2026-06-01,35.972404730617605,71.97766097240472,69.97371879106439,72.16097240473071,36.18856767411311,100.60091324200941
703021,2026-07-01,35.972404730617605,71.97766097240472,70.9592641261498,72.2421156373194,36.269710906701796,100.8264840182651
703057,2026-04-01,37.97634691195795,69.97371879106439,67.96977660972405,69.18166885676744,31.205321944809498,82.1704152249136
703057,2026-05-01,37.97634691195795,71.97766097240472,68.95532194480946,71.54467805519064,33.5683311432327,88.39273356401414
703057,2026-06-01,37.97634691195795,71.97766097240472,69.97371879106439,71.79730617608422,33.82095926412627,89.05795847750898
703057,2026-07-01,37.97634691195795,71.97766097240472,70.9592641261498,71.9474375821289,33.97109067017095,89.45328719723217
703585,2026-04-01,52.98948751642576,76.97109067017082,77.98948751642575,84.8745072273325,31.88501971090674,60.17234965902052
703585,2026-05-01,52.98948751642576,76.97109067017082,78.97503285151117,82.96780551905394,29.97831800262818,56.57408555486681
703585,2026-06-01,52.98948751642576,76.97109067017082,79.99342969776609,81.70137976346918,28.711892247043416,54.18412895226295
703586,2026-04-01,60.939553219448094,82.98291721419184,85.93955321944809,85.93955321944809,24.999999999999993,41.024258760107806
703586,2026-05-01,60.939553219448094,82.98291721419184,86.9250985545335,86.9250985545335,25.985545335085412,42.64150943396226
703586,2026-06-01,60.939553219448094,82.98291721419184,87.94349540078844,87.94349540078844,27.003942181340342,44.31266846361186
703586,2026-07-01,53.02233902759527,66.03153745072274,71.97766097240472,77.23915900131408,24.216819973718806,45.67286245353163
704495,2026-04-01,11.990801576872537,63.00919842312746,61.00525624178712,61.465177398160364,49.47437582128783,412.6027397260278
704495,2026-05-01,11.990801576872537,63.00919842312746,61.990801576872535,61.990801576872535,50.0,416.986301369863
704495,2026-06-01,11.990801576872537,63.00919842312746,63.00919842312746,63.00919842312746,51.01839684625492,425.4794520547945
704495,2026-07-01,11.990801576872537,63.00919842312746,63.99474375821288,63.99474375821288,52.00394218134034,433.6986301369863
705237,2026-04-01,121.9448094612352,166.98423127463863,170.9592641261498,170.9592641261498,49.01445466491461,40.1939655172414
705237,2026-05-01,121.9448094612352,166.98423127463863,171.94480946123522,171.94480946123522,50.00000000000003,41.00215517241382
705237,2026-06-01,121.9448094612352,166.98423127463863,172.96320630749014,172.96320630749014,51.018396846254944,41.83728448275864
705237,2026-07-01,121.9448094612352,166.98423127463863,173.94875164257556,173.94875164257556,52.00394218134036,42.64547413793106
705244,2026-04-01,41.03153745072273,41.03153745072273,93.00262812089356,93.00262812089356,51.97109067017083,126.66132906325063
705244,2026-05-01,41.03153745072273,41.03153745072273,93.98817345597897,93.98817345597897,52.956636005256236,129.0632506004804
705244,2026-06-01,41.03153745072273,41.03153745072273,95.0065703022339,95.0065703022339,53.975032851511166,131.54523618895115
705244,2026-07-01,41.03153745072273,41.03153745072273,95.99211563731932,95.99211563731932,54.960578186596585,133.94715772618096
705252,2026-04-01,77.00394218134034,77.00394218134034,104.99342969776608,104.99342969776608,27.98948751642574,36.34812286689418
705252,2026-05-01,77.00394218134034,77.00394218134034,105.97897503285152,105.97897503285152,28.975032851511187,37.627986348122896
705252,2026-06-01,77.00394218134034,77.00394218134034,106.99737187910644,106.99737187910644,29.993429697766103,38.9505119453925
705253,2026-04-01,77.03679369250985,149.01445466491458,140.9986859395532,148.9888304862026,71.95203679369276,93.39957356076792
705253,2026-05-01,77.03679369250985,149.01445466491458,141.98423127463863,148.97141918528277,71.93462549277292,93.37697228145024
705253,2026-06-01,77.03679369250985,149.01445466491458,143.00262812089355,149.8028909329832,72.76609724047334,94.45628997867841
705253,2026-07-01,77.03679369250985,149.01445466491458,143.98817345597897,149.8226018396849,72.78580814717505,94.48187633262297
705298,2026-04-01,11.00525624178712,11.00525624178712,36.00525624178712,36.00525624178712,25.000000000000004,227.1641791044777
705298,2026-05-01,11.00525624178712,11.00525624178712,36.990801576872535,36.990801576872535,25.985545335085416,236.11940298507471
705298,2026-06-01,11.00525624178712,11.00525624178712,38.009198423127465,38.009198423127465,27.003942181340346,245.37313432835833
705298,2026-07-01,11.00525624178712,11.00525624178712,38.99474375821288,38.99474375821288,27.989487516425758,254.3283582089553
705356,2026-04-01,280.946123521682,280.946123521682,281.9645203679369,283.4980289093295,2.55190538764748,0.9083255378857494
705356,2026-05-01,280.946123521682,280.946123521682,282.95006570302235,283.84691195794954,2.9007884362675327,1.032507015902522
705356,2026-06-01,280.946123521682,280.946123521682,283.96846254927726,283.96846254927726,3.022339027595251,1.0757717492984031
705356,2026-07-01,163.99474375821288,154.96057818659656,158.96846254927726,158.96846254927726,0.0,0.0
705357,2026-04-01,335.9724047306176,335.9724047306176,325.0,337.8012483574249,1.828843626807327,0.5443434047131616
705357,2026-05-01,335.9724047306176,335.9724047306176,325.9855453350854,336.96024967148537,0.9878449408677739,0.29402561846108377
705357,2026-06-01,335.9724047306176,335.9724047306176,327.00394218134034,336.64783180026325,0.6754270696456501,0.20103647208383288
705357,2026-07-01,278.9421813403416,278.9421813403416,270.9592641261498,286.08705650459905,7.144875164257428,2.561417971970276
705358,2026-04-01,309.0013140604468,309.0013140604468,300.9855453350854,307.9076872536132,0.0,0.0
705358,2026-05-01,309.0013140604468,309.0013140604468,301.97109067017084,307.8390275952689,0.0,0.0
705358,2026-06-01,309.0013140604468,309.0013140604468,302.9894875164257,307.70400788436217,0.0,0.0
705358,2026-07-01,309.0013140604468,309.0013140604468,303.9750328515112,308.15998685939513,0.0,0.0
705359,2026-04-01,242.93692509855447,290.9329829172142,255.946123521682,288.88699080157653,45.95006570302206,18.914401622717943
705359,2026-05-01,242.93692509855447,290.9329829172142,256.9316688567674,288.84756898817307,45.9106438896186,18.89817444219054
705359,2026-06-01,242.93692509855447,290.9329829172142,257.95006570302235,289.2381734559786,46.30124835742413,19.058958755916038
705359,2026-07-01,199.96714848883047,247.9632063074901,215.9658344283837,237.83771353482243,37.87056504599195,18.938393297190654
705362,2026-04-01,131.99737187910642,179.9934296977661,181.011826544021,181.011826544021,49.01445466491458,37.132901941264315
705362,2026-05-01,131.99737187910642,179.9934296977661,181.9973718791064,181.9973718791064,49.99999999999997,37.87954206072671
705362,2026-06-01,131.99737187910642,179.9934296977661,183.01576872536137,183.38469119579506,51.38731931668863,38.93056246889005
705364,2026-04-01,311.9908015768725,338.92904073587385,327.9566360052562,338.7726675427072,26.781865965834697,8.584184479309343
705364,2026-05-01,311.9908015768725,338.92904073587385,328.9421813403416,338.98948751642604,26.998685939553525,8.653680109508365
705364,2026-06-01,311.9908015768725,338.92904073587385,329.9605781865966,338.98948751642604,26.998685939553525,8.653680109508365
705366,2026-04-01,184.95400788436268,271.9448094612352,257.95006570302235,271.1971090670165,86.24310118265385,46.62948490230876
705366,2026-05-01,184.95400788436268,271.9448094612352,258.93561103810777,271.61563731931614,86.66162943495345,46.85577264653612
705366,2026-06-01,184.95400788436268,271.9448094612352,259.9540078843627,271.37582128777876,86.42181340341608,46.72611012433367
705366,2026-07-01,134.95400788436268,221.9448094612352,210.93955321944807,218.62089356110351,83.66688567674083,61.99659201557913
705368,2026-04-01,179.9934296977661,214.0275952693824,204.9934296977661,214.70696452036776,34.71353482260167,19.286001095090253
705368,2026-05-01,179.9934296977661,214.0275952693824,205.9789750328515,214.7871222076214,34.793692509855305,19.330534769118373
705368,2026-06-01,179.9934296977661,214.0275952693824,206.9973718791064,214.4973718791063,34.50394218134022,19.169556488410226
705368,2026-07-01,41.95137976346912,75.9855453350854,69.94086727989487,76.20959264126157,34.258212877792445,81.6617071260769
705373,2026-04-01,251.9710906701708,281.011826544021,288.99474375821285,288.99474375821285,37.02365308804204,14.693611473272487
705373,2026-05-01,251.9710906701708,281.011826544021,289.98028909329827,289.98028909329827,38.00919842312746,15.084745762711863
705373,2026-06-01,251.9710906701708,281.011826544021,290.9986859395532,290.9986859395532,39.027595269382374,15.488917861799212
705373,2026-07-01,276.9053876478318,305.946123521682,316.9185282522996,318.3528252299602,41.44743758212843,14.968086368489613
705375,2026-04-01,275.065703022339,287.0565045992116,288.99474375821285,288.99474375821285,13.929040735873855,5.063895855726743
705375,2026-05-01,275.065703022339,287.0565045992116,289.98028909329827,289.98028909329827,14.914586070959274,5.422190373820618
705375,2026-06-01,275.065703022339,287.0565045992116,290.9986859395532,290.9986859395532,15.93298291721419,5.792428042517616
705375,2026-07-01,93.06833114323258,105.05913272010513,109.9868593955322,109.9868593955322,16.918528252299623,18.17860924814686
705385,2026-04-01,72.01051248357425,72.01051248357425,49.01445466491458,71.80486202365314,0.0,0.0
705385,2026-05-01,72.01051248357425,72.01051248357425,50.0,71.86596583442848,0.0,0.0
705385,2026-06-01,72.01051248357425,72.01051248357425,51.01839684625492,72.06570302233912,0.055190538764875896,0.07664233576655212
705385,2026-07-01,22.996057818659654,22.996057818659654,2.9894875164257555,22.84377135348226,0.0,0.0
705391,2026-04-01,227.98948751642573,257.98291721419184,219.9737187910644,254.59099868593944,26.601511169513714,11.667867435158467
705391,2026-05-01,227.98948751642573,257.98291721419184,220.9592641261498,255.832785808147,27.843298291721283,12.212536023054698
705391,2026-06-01,227.98948751642573,257.98291721419184,221.97766097240472,255.332785808147,27.343298291721283,11.993227665705994
705391,2026-07-01,211.9908015768725,241.98423127463863,206.96452036793693,231.7542706964518,19.763469119579298,9.322795598946133
705392,2026-04-01,108.93561103810777,165.9658344283837,121.9448094612352,158.4517082785807,49.51609724047293,45.454463208685034
705392,2026-05-01,108.93561103810777,165.9658344283837,122.93035479632064,161.42017082785793,52.484559789750165,48.179433051869566
705392,2026-06-01,108.93561103810777,165.9658344283837,123.94875164257556,164.34001314060433,55.40440210249656,50.85977080820251
705392,2026-07-01,110.9724047306176,168.00262812089355,126.97109067017082,161.84132720105134,50.868922470433745,45.839253996447695
705394,2026-04-01,56.04467805519054,243.00262812089355,229.00788436268067,239.8393561103809,183.79467805519036,327.94314185228575
705394,2026-05-01,56.04467805519054,243.00262812089355,229.9934296977661,239.93002628120874,183.8853482260182,328.10492379835836
705394,2026-06-01,56.04467805519054,243.00262812089355,231.011826544021,240.64093298291698,184.59625492772645,329.3733880422036
705394,2026-07-01,7.030223390275952,193.98817345597897,182.98291721419184,182.98291721419184,175.9526938239159,2502.803738317757
705396,2026-04-01,131.99737187910642,203.9750328515112,193.00262812089355,203.93739816031533,71.9400262812089,54.50110502737678
705396,2026-05-01,131.99737187910642,203.9750328515112,193.98817345597897,204.19758212877787,72.20021024967144,54.69821801891486
705396,2026-06-01,131.99737187910642,203.9750328515112,195.00657030223388,203.88713534822597,71.88976346911954,54.463026381284195
705401,2026-04-01,24.014454664914584,45.039421813403415,37.023653088042046,44.428712220762165,20.41425755584758,85.00820793433658
705401,2026-05-01,24.014454664914584,45.039421813403415,38.009198423127465,44.429040735873826,20.414586070959242,85.00957592339252
705401,2026-06-01,24.014454664914584,45.039421813403415,39.02759526938239,45.52726675427071,21.512812089356128,89.58276333789338
705401,2026-07-01,22.01051248357424,43.03547963206307,38.009198423127465,42.62549277266753,20.61498028909329,93.6597014925373
705410,2026-04-01,486.9908015768725,510.9724047306176,490.9658344283837,507.75131406044636,20.760512483573848,4.263019427954587
705410,2026-05-01,486.9908015768725,510.9724047306176,491.9513797634691,508.0216819973715,21.03088042049899,4.318537506745745
705410,2026-06-01,486.9908015768725,510.9724047306176,492.969776609724,508.25131406044636,21.260512483573848,4.365690771721451
705410,2026-07-01,511.9908015768725,535.9724047306175,518.9553219448094,518.9553219448094,6.964520367936871,1.3602823227462197
705419,2026-04-01,79.99342969776609,91.06438896189223,93.00262812089356,93.00262812089356,13.009198423127472,16.262833675564696
705419,2026-05-01,79.99342969776609,91.06438896189223,93.98817345597897,93.98817345597897,13.994743758212877,17.49486652977413
705419,2026-06-01,79.99342969776609,91.06438896189223,95.0065703022339,95.0065703022339,15.013140604467807,18.76796714579056
705419,2026-07-01,82.98291721419184,94.053876478318,98.98160315374508,101.39159001314054,18.4086727989487,22.18368962787009
705424,2026-04-01,105.946123521682,105.946123521682,97.93035479632064,106.18035479632073,0.23423127463873072,0.22108527131792133
705424,2026-05-01,105.946123521682,105.946123521682,98.91590013140603,106.42871222076225,0.48258869908025304,0.45550387596908226
705424,2026-06-01,105.946123521682,105.946123521682,99.93429697766096,106.26938239159011,0.32325886990811625,0.3051162790698623
705424,2026-07-01,53.02233902759527,53.02233902759527,47.99605781865966,55.79829172141912,2.7759526938238466,5.23543990086728
705428,2026-04-01,140.0131406044678,152.00394218134034,131.99737187910642,151.60282522996025,11.589684625492453,8.277569216330132
705428,2026-05-01,140.0131406044678,152.00394218134034,132.98291721419184,151.39191852825198,11.378777923784185,8.126935710933614
705428,2026-06-01,140.0131406044678,152.00394218134034,134.0013140604468,149.6586727989485,9.645532194480694,6.889019239793345
705429,2026-04-01,88.00919842312746,124.01445466491458,91.98423127463865,118.03810775295673,30.028909329829276,34.12019410227709
705429,2026-05-01,88.00919842312746,124.01445466491458,92.96977660972404,120.5213534822603,32.51215505913284,36.94176931690943
705429,2026-06-01,88.00919842312746,124.01445466491458,93.98817345597897,119.81241787122217,31.80321944809471,36.13624486748798
705432,2026-04-01,59.98685939553219,211.00525624178712,190.9986859395532,208.67148488830514,148.68462549277297,247.861993428259
705432,2026-05-01,59.98685939553219,211.00525624178712,191.98423127463863,201.7726675427072,141.78580814717503,236.36144578313298
705432,2026-06-01,59.98685939553219,211.00525624178712,193.00262812089355,208.90177398160336,148.91491458607118,248.2458926615557
705432,2026-07-01,59.98685939553219,211.00525624178712,193.98817345597897,208.5078843626808,148.5210249671486,247.58926615553142
705433,2026-04-01,188.99474375821288,191.98423127463863,195.9592641261498,195.9592641261498,6.964520367936927,3.6850338953589445
705433,2026-05-01,188.99474375821288,191.98423127463863,196.9448094612352,196.9448094612352,7.950065703022318,4.206500956022934
705433,2026-06-01,188.99474375821288,191.98423127463863,197.9632063074901,197.9632063074901,8.968462549277234,4.745350252042395
705433,2026-07-01,188.99474375821288,191.98423127463863,198.9487516425756,198.9487516425756,9.95400788436271,5.266817312706429
705434,2026-04-01,117.96977660972404,213.96189224704332,202.98948751642573,213.52299605781877,95.55321944809474,80.99805068226132
705434,2026-05-01,117.96977660972404,213.96189224704332,203.9750328515112,213.60216819973732,95.63239159001328,81.0651629072683
705434,2026-06-01,117.96977660972404,213.96189224704332,204.9934296977661,213.62319316688578,95.65341655716175,81.08298524088009
705436,2026-04-01,173.94875164257556,173.94875164257556,150.9526938239159,172.5446780551907,0.0,0.0
705436,2026-05-01,173.94875164257556,173.94875164257556,151.9382391590013,172.23554533508556,0.0,0.0
705436,2026-06-01,173.94875164257556,173.94875164257556,152.95663600525623,172.19710906701724,0.0,0.0
705437,2026-04-01,121.9119579500657,130.94612352168198,110.93955321944809,130.88896189224715,8.977003942181454,7.363513877661101
705437,2026-05-01,121.9119579500657,130.94612352168198,111.9250985545335,129.54796320630757,7.636005256241873,6.263540824575657
705437,2026-06-01,121.9119579500657,130.94612352168198,112.94349540078844,129.6077529566361,7.695795006570393,6.312584209108131
705444,2026-04-01,94.9737187910644,152.00394218134034,143.98817345597897,151.09099868593927,56.11727989487487,59.0871670702176
705444,2026-05-01,94.9737187910644,152.00394218134034,144.9737187910644,150.98850197109041,56.014783180026015,58.979245935662114
705444,2026-06-01,94.9737187910644,152.00394218134034,145.9921156373193,151.34099868593927,56.36727989487487,59.350397786232826
705444,2026-07-01,94.9737187910644,152.00394218134034,146.97766097240472,152.46419185282497,57.49047306176057,60.533033552403715
705450,2026-04-01,133.93561103810774,190.9658344283837,182.95006570302232,189.18856767411305,55.25295663600531,41.253372577875936
705450,2026-05-01,133.93561103810774,190.9658344283837,183.9356110381077,190.16655716162947,56.23094612352173,41.9835663478048
705450,2026-06-01,133.93561103810774,190.9658344283837,184.95400788436268,190.7454007884363,56.80978975032858,42.415746872700566
705450,2026-07-01,133.93561103810774,190.9658344283837,185.9395532194481,190.8360709592642,56.900459921156454,42.483443708609336
705453,2026-04-01,176.01839684625492,176.01839684625492,165.9658344283837,177.2256898817347,1.207293035479779,0.6858902575588741
705453,2026-05-01,176.01839684625492,176.01839684625492,166.9513797634691,177.61465177398176,1.5962549277268465,0.9068682344159241
705453,2026-06-01,176.01839684625492,176.01839684625492,167.96977660972405,177.30847568988193,1.2900788436270147,0.73292273236294
705453,2026-07-01,218.00262812089355,218.00262812089355,210.93955321944807,222.03942181340324,4.03679369250969,1.8517179023507377
705454,2026-04-01,142.96977660972405,142.96977660972405,146.94480946123522,146.94480946123522,3.9750328515111732,2.780330882352944
705454,2026-05-01,142.96977660972405,142.96977660972405,147.9303547963206,147.9303547963206,4.9605781865965355,3.469669117647025
705454,2026-06-01,142.96977660972405,142.96977660972405,148.94875164257556,148.94875164257556,5.978975032851508,4.181985294117645
705454,2026-07-01,207.98291721419184,207.98291721419184,214.9474375821288,214.9474375821288,6.964520367936956,3.348602116569277
705457,2026-04-01,203.9750328515112,222.04336399474371,193.00262812089355,221.26478318002648,17.289750328515282,8.476405218231681
705457,2026-05-01,203.9750328515112,222.04336399474371,193.98817345597897,221.56241787122224,17.587385019711036,8.622322435174807
705457,2026-06-01,203.9750328515112,222.04336399474371,195.00657030223388,219.8626806833115,15.887647831800308,7.789015944596573
705457,2026-07-01,185.9395532194481,204.00788436268067,177.95663600525623,196.94185282522955,11.002299605781445,5.917137809187053
705458,2026-04-01,49.93429697766097,118.95532194480946,110.93955321944809,117.2074572930357,67.27316031537472,134.72335526315834
705458,2026-05-01,49.93429697766097,118.95532194480946,111.9250985545335,119.34559789750348,69.41130091984252,139.00526315789514
705458,2026-06-01,49.93429697766097,118.95532194480946,112.94349540078844,119.52595269382412,69.59165571616316,139.3664473684215
705458,2026-07-01,6.011826544021025,6.011826544021025,0.985545335085414,8.914257555847556,2.902431011826531,48.278688524589946
705464,2026-04-01,65.01314060446781,65.01314060446781,0.0,65.04204993429688,0.02890932982907657,0.04446690247585097
705464,2026-05-01,65.01314060446781,65.01314060446781,0.0,65.04204993429688,0.02890932982907657,0.04446690247585097
705464,2026-06-01,65.01314060446781,65.01314060446781,0.0,65.04204993429688,0.02890932982907657,0.04446690247585097
705479,2026-04-01,179.96057818659656,179.96057818659656,168.98817345597897,179.51511169513776,0.0,0.0
705479,2026-05-01,179.96057818659656,179.96057818659656,169.9737187910644,179.62516425755564,0.0,0.0
705479,2026-06-01,179.96057818659656,179.96057818659656,170.9921156373193,179.34264126149776,0.0,0.0
705479,2026-07-01,39.94743758212878,39.94743758212878,31.964520367936924,40.90243101182651,0.9549934296977298,2.390624999999909
705480,2026-04-01,347.9632063074901,356.9973718791064,336.9908015768725,355.3097897503292,7.346583442839062,2.111310422960924
705480,2026-05-01,347.9632063074901,356.9973718791064,337.97634691195793,354.25591327201107,6.29270696452096,1.8084403323264542
705480,2026-06-01,347.9632063074901,356.9973718791064,338.99474375821285,353.7542706964526,5.791064388962468,1.6642749244714645
705480,2026-07-01,336.892247043364,345.9264126149803,328.9093298291721,342.85643889618905,5.964191852825024,1.7703559239394806
705481,2026-04-01,253.97503285151117,277.95663600525626,257.95006570302235,278.2986202365306,24.323587385019437,9.577156900788923
705481,2026-05-01,253.97503285151117,277.95663600525626,258.93561103810777,278.69875164257525,24.723718791064073,9.734704436683357
705481,2026-07-01,291.9842312746386,315.9658344283837,298.9487516425756,298.9487516425756,6.964520367936984,2.3852385238524056
705482,2026-04-01,1.0,82.03022339027595,71.97766097240472,80.51018396846243,79.51018396846243,7951.0183968462425
705482,2026-05-01,1.0,82.03022339027595,72.96320630749014,81.6734559789749,80.6734559789749,8067.34559789749
705482,2026-06-01,1.0,82.03022339027595,73.98160315374507,81.3245729303547,80.3245729303547,8032.457293035471
705489,2026-04-01,57.95006570302234,134.95400788436268,114.94743758212876,133.9278712220761,75.97780551905376,131.10909297052135
705489,2026-05-01,57.95006570302234,171.97766097240472,115.9329829172142,159.6826544021026,101.73258869908025,175.55215419501152
705489,2026-07-01,60.972404730617605,175.0,120.9592641261498,162.6990801576873,101.7266754270697,166.84051724137942
705490,2026-04-01,114.94743758212876,123.98160315374508,103.97503285151116,120.37450722733237,5.427069645203616,4.721348956844759
705490,2026-05-01,114.94743758212876,123.98160315374508,104.96057818659658,121.74901445466479,6.801576872536032,5.9171191769075975
705490,2026-06-01,114.94743758212876,123.98160315374508,105.97897503285152,122.0982260183967,7.150788436267945,6.22092026293216
705490,2026-07-01,114.94743758212876,123.98160315374508,106.96452036793691,121.72010512483563,6.77266754270687,5.891969134038216
705491,2026-04-01,91.98423127463865,91.98423127463865,89.98028909329828,92.4737187910644,0.48948751642575417,0.5321428571428555
705491,2026-05-01,91.98423127463865,91.98423127463865,90.9658344283837,92.02398160315376,0.03975032851511173,0.04321428571428575
705491,2026-06-01,91.98423127463865,91.98423127463865,91.98423127463865,95.14586070959265,3.1616294349540084,3.4371428571428573
705491,2026-07-01,131.99737187910642,131.99737187910642,132.98291721419184,140.8245729303547,8.827201051248267,6.687406669984999
705492,2026-04-01,102.95663600525624,108.96846254927726,112.94349540078844,112.94349540078844,9.986859395532193,9.700063816209315
705492,2026-05-01,102.95663600525624,108.96846254927726,113.92904073587384,113.92904073587384,10.972404730617598,10.657306955966806
705492,2026-06-01,102.95663600525624,108.96846254927726,114.94743758212876,114.94743758212876,11.990801576872514,11.646458200382876
705492,2026-07-01,24.014454664914584,30.02628120893561,36.990801576872535,36.990801576872535,12.97634691195795,54.03556771545828
705493,2026-04-01,61.95795006570302,361.9250985545335,314.9474375821288,360.8163600525625,298.8584099868595,482.3568398727468
705493,2026-05-01,61.95795006570302,361.9250985545335,315.9329829172142,360.8163600525625,298.8584099868595,482.3568398727468
705493,2026-06-01,61.95795006570302,361.9250985545335,316.9513797634691,361.92509855453363,299.9671484888306,484.14634146341496
705493,2026-07-01,1.0,78.97503285151117,34.98685939553219,63.9011169513797,62.9011169513797,6290.11169513797
705494,2026-04-01,62.023653088042046,211.03810775295665,188.99474375821288,206.7624835742443,144.73883048620226,233.36069915254222
705494,2026-05-01,62.023653088042046,211.03810775295665,189.9802890932983,208.75032851511153,146.7266754270695,236.56567796610148
705494,2026-06-01,62.023653088042046,211.03810775295665,190.9986859395532,211.0995400788435,149.07588699080145,240.3532838983049
705494,2026-07-01,54.96057818659658,203.9750328515112,184.9211563731932,200.18429697766092,145.22371879106436,264.23251643753736
705495,2026-04-01,171.9119579500657,169.9737187910644,160.9395532194481,170.242772667543,0.0,0.0
705495,2026-05-01,171.9119579500657,169.9737187910644,161.9250985545335,170.10282522996087,0.0,0.0
705495,2026-06-01,171.9119579500657,169.9737187910644,162.94349540078844,170.42247043364023,0.0,0.0
705495,2026-07-01,24.901445466491456,22.963206307490143,16.918528252299605,24.823587385019696,0.0,0.0
705496,2026-04-01,25.919842312746383,130.94612352168198,110.93955321944809,127.62746386333784,101.70762155059145,392.3929024081121
705496,2026-05-01,25.919842312746383,130.94612352168198,111.9250985545335,131.4405387647833,105.52069645203692,407.1039290240816
705496,2026-06-01,25.919842312746383,130.94612352168198,112.94349540078844,131.6626149802892,105.74277266754281,407.9607097591893
705496,2026-07-01,15.932982917214192,120.9592641261498,103.94218134034163,109.34855453350849,93.4155716162943,586.3030927835049
705497,2026-04-01,163.99474375821288,163.99474375821288,155.9789750328515,164.4323258869906,0.43758212877773417,0.26682692307680744
705497,2026-05-01,163.99474375821288,163.99474375821288,156.96452036793693,164.14421813403393,0.1494743758210575,0.09114583333319291
705497,2026-06-01,163.99474375821288,163.99474375821288,157.98291721419184,164.18396846254905,0.18922470433616922,0.11538461538447499
705497,2026-07-01,163.99474375821288,163.99474375821288,158.96846254927726,163.86399474375798,0.0,0.0
705498,2026-04-01,134.98685939553218,134.98685939553218,126.97109067017082,135.905387647832,0.918528252299808,0.6804575322464385
705498,2026-05-01,134.98685939553218,134.98685939553218,127.95663600525624,135.3360709592643,0.34921156373212625,0.2587004137261116
705498,2026-06-01,134.98685939553218,134.98685939553218,128.97503285151117,135.45597897503302,0.46911957950084116,0.34752981260661003
705498,2026-07-01,134.98685939553218,134.98685939553218,129.96057818659656,135.41360052562436,0.4267411300921822,0.3161353127283044
705500,2026-04-01,115.0131406044678,125.0,118.98817345597897,123.36399474375821,8.35085413929042,7.260782633533287
705500,2026-05-01,115.0131406044678,125.0,119.9737187910644,122.90571616294352,7.892575558475727,6.862325049985751
705500,2026-06-01,115.0131406044678,125.0,120.99211563731932,121.7867936925099,6.77365308804211,5.889460154241698
705500,2026-07-01,122.01051248357425,131.99737187910642,128.97503285151117,128.97503285151117,6.964520367936927,5.708131394722673
705502,2026-04-01,107.98291721419184,110.0197109067017,111.95795006570302,111.95795006570302,3.9750328515111732,3.681168238515367
705502,2026-05-01,107.98291721419184,110.0197109067017,112.94349540078844,112.94349540078844,4.960578186596592,4.593854578643148
705502,2026-06-01,107.98291721419184,110.0197109067017,113.96189224704337,113.96189224704337,5.9789750328515225,5.5369637967751855
705502,2026-07-01,115.0131406044678,117.04993429697764,121.97766097240472,121.97766097240472,6.964520367936927,6.055412739217369
705504,2026-04-01,105.0262812089356,107.98291721419184,109.00131406044676,109.00131406044676,3.975032851511159,3.7847982483578257
705504,2026-05-01,105.0262812089356,107.98291721419184,109.9868593955322,109.9868593955322,4.9605781865966065,4.723177979355668
705504,2026-06-01,105.0262812089356,107.98291721419184,111.00525624178712,111.00525624178712,5.9789750328515225,5.692837034720061
705504,2026-07-01,84.98685939553219,87.94349540078844,91.95137976346912,94.62877792378447,9.641918528252276,11.345187475840715
705505,2026-04-01,91.03153745072272,101.01839684625492,95.0065703022339,100.8649802890934,9.833442838370672,10.802237459401058
705505,2026-05-01,91.03153745072272,101.01839684625492,95.99211563731932,100.31570302233914,9.284165571616413,10.198845182244808
705505,2026-06-01,91.03153745072272,101.01839684625492,97.01051248357425,100.31603153745084,9.284494086728117,10.199206062793357
705505,2026-07-01,102.00394218134034,111.99080157687251,108.96846254927726,108.96846254927726,6.964520367936927,6.827697262479875
705506,2026-04-01,80.02628120893561,88.00919842312746,95.99211563731932,95.99211563731932,15.965834428383701,19.95073891625615
705506,2026-05-01,80.02628120893561,91.03153745072272,96.97766097240472,96.97766097240472,16.951379763469106,21.1822660098522
705506,2026-06-01,80.02628120893561,91.03153745072272,97.99605781865964,97.99605781865964,17.969776609724022,22.454844006568113
705506,2026-07-01,80.02628120893561,91.03153745072272,98.98160315374508,98.98160315374508,18.95532194480947,23.686371100164212
705507,2026-04-01,125.91984231274638,134.95400788436268,114.94743758212876,134.30256241787112,8.382720105124733,6.6571875815287465
705507,2026-05-01,125.91984231274638,134.95400788436268,115.9329829172142,133.19908015768718,7.279237844940795,5.7808505087398325
705507,2026-06-01,125.91984231274638,134.95400788436268,116.95137976346912,134.4342969776609,8.51445466491451,6.761805374380321
705507,2026-07-01,122.93035479632064,131.96452036793693,114.94743758212876,130.40670170827852,7.476346911957876,6.081774452164557
705510,2026-04-01,115.04599211563732,129.0407358738502,131.99737187910642,131.99737187910642,16.951379763469106,14.7344374643061
705510,2026-05-01,115.04599211563732,129.0407358738502,132.98291721419184,132.98291721419184,17.936925098554525,15.591090805254131
705510,2026-06-01,115.04599211563732,129.0407358738502,134.0013140604468,134.0013140604468,18.95532194480947,16.476299257567113
705510,2026-07-01,97.99605781865964,111.99080157687251,117.93692509855452,117.93692509855452,19.94086727989489,20.34864230640297
705511,2026-04-01,95.99211563731932,129.00788436268067,120.99211563731932,126.50098554533506,30.50886990801574,31.782683093771357
705511,2026-05-01,95.99211563731932,129.00788436268067,121.97766097240472,126.928712220762,30.93659658344268,32.22826830937697
705511,2026-06-01,95.99211563731932,129.00788436268067,122.99605781865964,127.64060446780535,31.64848883048603,32.96988364134137
705511,2026-07-01,28.97503285151117,61.990801576872535,56.96452036793692,62.11629434954003,33.141261498028854,114.37868480725604
705512,2026-04-01,73.94875164257556,145.9592641261498,122.96320630749014,143.9822601839684,70.03350854139285,94.70546423811632
705512,2026-05-01,73.94875164257556,145.9592641261498,123.94875164257556,144.8626806833114,70.91392904073584,95.8960462016881
705512,2026-06-01,73.94875164257556,145.9592641261498,124.96714848883047,144.99474375821285,71.04599211563729,96.07463349622385
705512,2026-07-01,73.94875164257556,145.9592641261498,125.9526938239159,143.76346911957947,69.81471747700391,94.40959573522875
705513,2026-04-01,143.98817345597897,146.97766097240472,123.98160315374508,145.92575558475704,1.9375821287780752,1.345653661875533
705513,2026-05-01,143.98817345597897,146.97766097240472,124.96714848883047,142.35578186596595,0.0,0.0
705513,2026-06-01,143.98817345597897,146.97766097240472,125.9855453350854,146.5361366622866,2.547963206307628,1.7695642254164774
705513,2026-07-01,142.96977660972405,145.9592641261498,125.9526938239159,146.60840998685936,3.6386333771353065,2.545036764705853
705514,2026-04-01,35.019710906701704,146.97766097240472,123.98160315374508,146.51708278580827,111.49737187910657,318.3846153846158
705514,2026-05-01,35.019710906701704,146.97766097240472,124.96714848883047,146.60676741130106,111.58705650459936,318.6407129455914
705514,2026-06-01,35.019710906701704,146.97766097240472,125.9855453350854,146.52660972404746,111.50689881734576,318.4118198874301
705514,2026-07-01,30.02628120893561,141.98423127463863,121.97766097240472,144.31044678055193,114.28416557161631,380.61378555798694
705515,2026-04-01,122.96320630749014,122.96320630749014,123.98160315374508,123.98160315374508,1.0183968462549444,0.8282126636388061
705515,2026-05-01,122.96320630749014,122.96320630749014,124.96714848883047,124.96714848883047,2.003942181340335,1.6297087897408444
705515,2026-06-01,122.96320630749014,122.96320630749014,125.9855453350854,125.9855453350854,3.0223390275952653,2.457921453379639
705515,2026-07-01,118.95532194480946,118.95532194480946,122.96320630749014,122.96320630749014,4.007884362680684,3.3692350179508432
705526,2026-04-01,110.9724047306176,118.00262812089356,123.98160315374508,123.98160315374508,13.009198423127486,11.722912966252242
705526,2026-05-01,110.9724047306176,118.00262812089356,124.96714848883047,124.96714848883047,13.994743758212877,12.61101243339254
705526,2026-06-01,110.9724047306176,118.00262812089356,125.9855453350854,125.9855453350854,15.013140604467807,13.528715216104207
705526,2026-07-01,96.9119579500657,103.94218134034163,112.91064388961892,112.91064388961892,15.998685939553226,16.508474576271194
705527,2026-04-01,105.0262812089356,105.0262812089356,109.00131406044676,109.00131406044676,3.975032851511159,3.7847982483578257
705527,2026-05-01,105.0262812089356,105.0262812089356,109.9868593955322,109.9868593955322,4.9605781865966065,4.723177979355668
705527,2026-06-01,105.0262812089356,105.0262812089356,111.00525624178712,111.00525624178712,5.9789750328515225,5.692837034720061
705527,2026-07-01,93.95532194480946,93.95532194480946,100.91984231274638,100.91984231274638,6.964520367936927,7.412587412587415
705528,2026-04-01,87.02365308804205,111.00525624178712,109.00131406044676,109.3715505913272,22.347897503285154,25.680256700641753
705528,2026-05-01,87.02365308804205,111.00525624178712,109.9868593955322,110.78252299605785,23.758869908015797,27.301623254058168
705528,2026-06-01,87.02365308804205,111.00525624178712,111.00525624178712,111.38764783180031,24.363994743758255,27.996979992450026
705528,2026-07-01,63.042049934296976,87.02365308804205,88.00919842312746,88.24605781865966,25.20400788436269,39.97967691505994
705562,2026-04-01,110.0525624178712,124.96714848883047,123.98160315374508,123.98160315374508,13.929040735873883,12.656716417910479
705562,2026-05-01,110.0525624178712,124.96714848883047,124.96714848883047,124.96714848883047,14.914586070959274,13.552238805970159
705562,2026-06-01,110.0525624178712,124.96714848883047,125.9855453350854,125.9855453350854,15.932982917214204,14.477611940298521
705562,2026-07-01,110.0525624178712,124.96714848883047,126.97109067017082,126.97109067017082,16.918528252299623,15.37313432835823
705567,2026-04-01,68.00262812089356,81.99737187910644,81.01182654402102,82.00295663600517,14.000328515111605,20.587922705313876
705567,2026-05-01,68.00262812089356,81.99737187910644,81.99737187910644,82.09691195794996,14.094283837056395,20.726086956521577
705567,2026-06-01,68.00262812089356,81.99737187910644,83.01576872536137,83.05683311432317,15.054204993429607,22.137681159420154
705567,2026-07-01,58.96846254927726,72.96320630749014,74.96714848883049,79.41228646517739,20.443823915900126,34.66908077994428
705572,2026-04-01,113.92904073587384,113.92904073587384,114.94743758212876,114.94743758212876,1.018396846254916,0.8938869665513163
705572,2026-05-01,113.92904073587384,113.92904073587384,115.9329829172142,115.9329829172142,2.0039421813403635,1.7589388696655324
705572,2026-06-01,113.92904073587384,113.92904073587384,116.95137976346912,116.95137976346912,3.0223390275952795,2.6528258362168486
705572,2026-07-01,104.96057818659658,104.96057818659658,108.96846254927726,108.96846254927726,4.007884362680684,3.8184663536776227
705583,2026-04-01,119.9737187910644,177.00394218134034,156.99737187910642,176.04073587385,56.0670170827856,46.73274917853213
705583,2026-05-01,119.9737187910644,177.00394218134034,157.98291721419184,175.98160315374483,56.00788436268043,46.68346111719584
705583,2026-06-01,119.9737187910644,177.00394218134034,159.0013140604468,175.8009198423125,55.82720105124811,46.532858707557295
705583,2026-07-01,106.96452036793691,163.99474375821288,146.97766097240472,164.32063074901427,57.35611038107736,53.621621621621465
705588,2026-04-01,95.99211563731932,107.98291721419184,109.00131406044676,109.00131406044676,13.009198423127444,13.55236139630388
705588,2026-05-01,95.99211563731932,107.98291721419184,109.9868593955322,109.9868593955322,13.994743758212891,14.579055441478452
705588,2026-06-01,95.99211563731932,107.98291721419184,111.00525624178712,111.00525624178712,15.013140604467807,15.639972621492133
705588,2026-07-01,72.01051248357425,84.00131406044677,88.00919842312746,88.00919842312746,15.998685939553212,22.21715328467152
705598,2026-04-01,47.99605781865966,95.99211563731932,97.01051248357425,97.01051248357425,49.01445466491459,102.12183436002738
705598,2026-05-01,47.99605781865966,95.99211563731932,97.99605781865964,97.99605781865964,49.99999999999998,104.17522245037641
705598,2026-06-01,47.99605781865966,95.99211563731932,99.01445466491458,99.01445466491458,51.01839684625492,106.29705681040382
705598,2026-07-01,23.98160315374507,71.97766097240472,75.9855453350854,75.9855453350854,52.003942181340335,216.84931506849315
705608,2026-04-01,82.98291721419184,82.98291721419184,84.00131406044677,84.00131406044677,1.0183968462549302,1.227236737925577
705608,2026-05-01,82.98291721419184,82.98291721419184,84.98685939553219,84.98685939553219,2.0039421813403493,2.414885193982591
705608,2026-06-01,82.98291721419184,82.98291721419184,86.00525624178712,86.00525624178712,3.0223390275952795,3.6421219319081675
705608,2026-07-01,82.98291721419184,82.98291721419184,86.99080157687253,86.99080157687253,4.007884362680684,4.829770387965164
705610,2026-04-01,115.9986859395532,118.95532194480946,119.9737187910644,120.92674113009203,4.928055190538828,4.248371566128631
705610,2026-05-01,115.9986859395532,118.95532194480946,120.9592641261498,120.9592641261498,4.9605781865966065,4.276408949306167
705610,2026-06-01,115.9986859395532,118.95532194480946,121.97766097240472,121.97766097240472,5.9789750328515225,5.154347210421988
705610,2026-07-01,111.99080157687251,114.94743758212876,118.95532194480946,119.7749671484888,7.784165571616285,6.950718685831616
705612,2026-04-01,126.05124835742444,136.00525624178712,139.9802890932983,139.9802890932983,13.929040735873855,11.0502997133177
705612,2026-05-01,126.05124835742444,136.00525624178712,140.9658344283837,140.9658344283837,14.914586070959245,11.83216054209016
705612,2026-06-01,126.05124835742444,136.00525624178712,141.98423127463863,141.98423127463863,15.93298291721419,12.6400833984884
705613,2026-04-01,99.01445466491458,109.00131406044676,113.96189224704337,113.96189224704337,14.947437582128785,15.096217650962185
705613,2026-05-01,99.01445466491458,109.00131406044676,114.94743758212876,114.94743758212876,15.932982917214176,16.091572660915713
705613,2026-06-01,99.01445466491458,109.00131406044676,115.9658344283837,115.9658344283837,16.95137976346912,17.120106171201062
705616,2026-04-01,96.97766097240472,113.92904073587384,114.94743758212876,114.94743758212876,17.969776609724036,18.529810298102973
705616,2026-05-01,96.97766097240472,113.92904073587384,115.9329829172142,115.9329829172142,18.955321944809484,19.54607046070463
705616,2026-06-01,96.97766097240472,113.92904073587384,116.95137976346912,116.95137976346912,19.9737187910644,20.59620596205963
705616,2026-07-01,103.02233902759528,119.9737187910644,123.98160315374508,123.98160315374508,20.959264126149804,20.34438775510204
705617,2026-04-01,95.99211563731932,113.96189224704337,111.95795006570302,113.43199737187919,17.439881734559876,18.16803559206032
705617,2026-05-01,95.99211563731932,113.96189224704337,112.94349540078844,113.31931668856777,17.32720105124845,18.050650239562042
705617,2026-06-01,95.99211563731932,113.96189224704337,113.96189224704337,113.96189224704337,17.96977660972405,18.720054757015745
705617,2026-07-01,95.99211563731932,113.96189224704337,114.94743758212876,114.94743758212876,18.95532194480944,19.746748802190258
705628,2026-04-01,99.93429697766096,111.9250985545335,109.92115637319316,110.24835742444142,10.31406044678046,10.320841551610691
705628,2026-05-01,99.93429697766096,111.9250985545335,110.90670170827858,111.42706964520356,11.492772667542596,11.500328731097852
705628,2026-06-01,99.93429697766096,111.9250985545335,111.9250985545335,111.9250985545335,11.990801576872542,11.99868507560816
705628,2026-07-01,99.93429697766096,111.9250985545335,112.91064388961892,112.91064388961892,12.976346911957961,12.984878369493766
705629,2026-04-01,105.0262812089356,118.03547963206309,109.00131406044676,116.61038107752955,11.584099868593952,11.029715358148263
705629,2026-05-01,105.0262812089356,118.03547963206309,109.9868593955322,117.37253613666226,12.346254927726662,11.755395683453225
705629,2026-06-01,105.0262812089356,118.03547963206309,111.00525624178712,116.24770039421814,11.221419185282542,10.68439161714109
705629,2026-07-01,69.97371879106439,82.98291721419184,76.93823915900131,81.36859395532187,11.394875164257485,16.28450704225342
705632,2026-04-01,105.0262812089356,115.9986859395532,119.9737187910644,119.9737187910644,14.9474375821288,14.232092586800146
705632,2026-05-01,105.0262812089356,115.9986859395532,120.9592641261498,120.9592641261498,15.932982917214204,15.170472317797948
705632,2026-06-01,105.0262812089356,115.9986859395532,121.97766097240472,121.97766097240472,16.95137976346912,16.14013137316234
705632,2026-07-01,47.99605781865966,58.96846254927726,65.93298291721419,65.93298291721419,17.936925098554532,37.37166324435318
705633,2026-04-01,96.97766097240472,108.96846254927726,100.9526938239159,107.77036793692515,10.792706964520434,11.129065040650477
705633,2026-05-01,96.97766097240472,108.96846254927726,101.93823915900133,107.45532194480951,10.477660972404792,10.804200542005484
705633,2026-06-01,96.97766097240472,108.96846254927726,102.95663600525624,107.6238501971091,10.646189224704386,10.977981029810351
705635,2026-04-01,107.98291721419184,147.01051248357425,120.99211563731932,141.15473061760838,33.171813403416536,30.719501064800713
705635,2026-05-01,107.98291721419184,147.01051248357425,121.97766097240472,145.8288436268067,37.84592641261486,35.04806814724662
705635,2026-06-01,107.98291721419184,147.01051248357425,122.99605781865964,149.14060446780536,41.15768725361352,38.114998478855966
705635,2026-07-01,66.98423127463863,106.01182654402102,82.98291721419184,101.12976346911977,34.145532194481135,50.97547817557655
705638,2026-04-01,46.97766097240473,46.97766097240473,36.00525624178712,47.190210249671566,0.21254927726683803,0.45244755244773077
705638,2026-05-01,46.97766097240473,46.97766097240473,36.990801576872535,47.80978975032859,0.8321287779238631,1.7713286713288388
705638,2026-06-01,46.97766097240473,46.97766097240473,38.009198423127465,48.18035479632071,1.202693823915979,2.560139860140028
705638,2026-07-01,28.94218134034165,28.94218134034165,20.9592641261498,29.173784494086682,0.2316031537450307,0.8002270147558157
705639,2026-04-01,59.00131406044678,46.057818659658345,36.00525624178712,48.625821287779324,0.0,0.0
705639,2026-05-01,59.00131406044678,46.057818659658345,36.990801576872535,48.70466491458617,0.0,0.0
705639,2026-06-01,59.00131406044678,46.057818659658345,38.009198423127465,48.843955321944904,0.0,0.0
705639,2026-07-01,40.9658344283837,28.02233902759527,20.9592641261498,33.71747700394219,0.0,0.0
705648,2026-04-01,79.0407358738502,94.9737187910644,95.99211563731932,95.99211563731932,16.95137976346912,21.446384039900252
705648,2026-05-01,79.0407358738502,94.9737187910644,96.97766097240472,96.97766097240472,17.936925098554525,22.693266832917697
705648,2026-06-01,79.0407358738502,94.9737187910644,97.99605781865964,97.99605781865964,18.95532194480944,23.981712385702387
705650,2026-04-01,175.9526938239159,184.98685939553215,164.9802890932983,183.7953350854141,7.8426412614982155,4.457244212098687
705650,2026-05-01,175.9526938239159,184.98685939553215,165.9658344283837,184.10512483574266,8.152431011826764,4.633308439133807
705650,2026-06-01,175.9526938239159,184.98685939553215,166.98423127463863,184.03580814717498,8.083114323259082,4.5939133681853335
705659,2026-04-01,102.95663600525624,102.95663600525624,103.97503285151116,104.08377135348213,1.1271353482258917,1.0947670708358692
705659,2026-05-01,102.95663600525624,102.95663600525624,104.96057818659658,104.96057818659658,2.003942181340335,1.9463943841735738
705659,2026-06-01,102.95663600525624,102.95663600525624,105.97897503285152,105.97897503285152,3.0223390275952795,2.9355456285896713
705659,2026-07-01,114.94743758212876,114.94743758212876,118.95532194480946,118.95532194480946,4.007884362680699,3.4867104887110743
705660,2026-04-01,105.0262812089356,105.0262812089356,109.00131406044676,109.00131406044676,3.975032851511159,3.7847982483578257
705660,2026-05-01,105.0262812089356,105.0262812089356,109.9868593955322,109.9868593955322,4.9605781865966065,4.723177979355668
705660,2026-06-01,105.0262812089356,105.0262812089356,111.00525624178712,111.00525624178712,5.9789750328515225,5.692837034720061
705661,2026-04-01,84.00131406044677,107.98291721419184,102.95663600525624,104.65768725361366,20.656373193166885,24.590535784122018
705661,2026-05-01,84.00131406044677,107.98291721419184,103.94218134034163,106.84625492772673,22.84494086727996,27.19593273367235
705661,2026-06-01,84.00131406044677,107.98291721419184,104.96057818659658,107.44250985545342,23.44119579500665,27.905748924521017
705661,2026-07-01,84.00131406044677,107.98291721419184,105.946123521682,107.53120893561112,23.529894875164345,28.01134141572166
705663,2026-04-01,44.053876478318,44.053876478318,45.99211563731932,45.99211563731932,1.93823915900132,4.39970171513797
705663,2026-05-01,44.053876478318,44.053876478318,46.97766097240473,46.97766097240473,2.923784494086725,6.636838180462334
705663,2026-06-01,44.053876478318,44.053876478318,47.99605781865966,47.99605781865966,3.942181340341655,8.948545861297537
705663,2026-07-01,45.072273324572926,45.072273324572926,50.0,56.09691195795006,11.024638633377137,24.459912536443156
705667,2026-04-01,81.04467805519053,105.0262812089356,97.01051248357425,97.1287779237845,16.084099868593967,19.845966761248494
705667,2026-05-01,81.04467805519053,105.0262812089356,97.99605781865964,101.47109067017081,20.42641261498028,25.203891366031606
705667,2026-06-01,81.04467805519053,105.0262812089356,99.01445466491458,103.28383705650454,22.239159001314007,27.440616132954943
705667,2026-07-01,81.9316688567674,117.93692509855452,112.91064388961892,116.74605781865966,34.81438896189226,42.491980753809166
705668,2026-04-01,85.93955321944809,100.9526938239159,98.94875164257556,98.94875164257556,13.009198423127472,15.137614678899094
705668,2026-05-01,85.93955321944809,100.9526938239159,99.93429697766096,99.93429697766096,13.994743758212877,16.28440366972477
705668,2026-06-01,85.93955321944809,100.9526938239159,100.9526938239159,100.9526938239159,15.013140604467807,17.46941896024465
705668,2026-07-01,99.93429697766096,114.94743758212876,115.9329829172142,115.9329829172142,15.99868593955324,16.009204470742954
705728,2026-04-01,118.95532194480946,146.97766097240472,102.95663600525624,144.867608409987,25.91228646517756,21.783209058271332
705728,2026-05-01,118.95532194480946,146.97766097240472,103.94218134034163,145.01741130092,26.062089356110548,21.90914112123737
705728,2026-06-01,118.95532194480946,146.97766097240472,104.96057818659658,144.72503285151134,25.76971090670189,21.663352665009818
705728,2026-07-01,118.95532194480946,146.97766097240472,105.946123521682,144.32424441524324,25.368922470433787,21.32642916321471
705730,2026-04-01,200.0,236.00525624178712,191.98423127463863,229.30551905387674,29.305519053876736,14.65275952693837
705730,2026-05-01,200.0,236.00525624178712,192.96977660972405,232.48653088042076,32.48653088042076,16.24326544021038
705730,2026-06-01,200.0,236.00525624178712,193.98817345597897,238.5065703022341,38.50657030223411,19.253285151117055
705735,2026-04-01,38.96189224704336,50.98554533508541,27.989487516425758,50.07358738501979,11.111695137976433,28.519392917369537
705735,2026-05-01,38.96189224704336,50.98554533508541,28.97503285151117,49.60446780551913,10.64257555847577,27.31534569983157
705735,2026-06-01,38.96189224704336,50.98554533508541,29.993429697766096,50.0657030223391,11.103810775295742,28.4991568296798
705735,2026-07-01,29.927726675427067,41.95137976346912,21.944809461235216,38.13074901445464,8.203022339027576,27.40944017563112
705741,2026-04-01,63.00919842312746,80.02628120893561,36.00525624178712,79.72470433639955,16.715505913272096,26.528675703858323
705741,2026-05-01,63.00919842312746,80.02628120893561,36.990801576872535,79.72470433639955,16.715505913272096,26.528675703858323
705741,2026-06-01,63.00919842312746,80.02628120893561,38.009198423127465,79.57293035479638,16.563731931668926,26.28779979144954
705741,2026-07-01,69.97371879106439,86.99080157687253,45.959264126149804,80.6172798948751,10.643561103810711,15.210798122065636
705742,2026-04-01,114.98028909329828,114.98028909329828,27.989487516425758,116.19382391590008,1.213534822601801,1.0554285714285379
705742,2026-05-01,114.98028909329828,114.98028909329828,28.97503285151117,115.80519053876475,0.824901445466466,0.7174285714285493
705742,2026-07-01,86.99080157687253,86.99080157687253,2.9894875164257555,85.84231274638634,0.0,0.0
705747,2026-04-01,60.0197109067017,84.00131406044677,85.0197109067017,85.0197109067017,25.000000000000007,41.65298303229339
705747,2026-05-01,60.0197109067017,84.00131406044677,86.00525624178712,86.00525624178712,25.985545335085426,43.29501915708815
705747,2026-06-01,60.0197109067017,84.00131406044677,87.02365308804205,87.02365308804205,27.003942181340356,44.99178981937606
705752,2026-04-01,91.03153745072272,91.03153745072272,84.00131406044677,90.8830486202365,0.0,0.0
705752,2026-05-01,91.03153745072272,91.03153745072272,84.98685939553219,90.94415243101179,0.0,0.0
705752,2026-06-01,91.03153745072272,91.03153745072272,86.00525624178712,90.9231274638633,0.0,0.0
705752,2026-07-01,84.00131406044677,84.00131406044677,79.96057818659658,83.12943495400792,0.0,0.0
705761,2026-04-01,57.95006570302234,63.96189224704336,37.94349540078844,63.66228646517753,5.712220762155191,9.857142857143085
705761,2026-05-01,57.95006570302234,63.96189224704336,38.92904073587385,63.7322601839686,5.782194480946259,9.97789115646282
705761,2026-06-01,57.95006570302234,63.96189224704336,39.94743758212878,63.77233902759541,5.822273324573068,10.04705215419525
705761,2026-07-01,47.99605781865966,54.00788436268069,30.97897503285151,55.1826544021025,7.186596583442842,14.97330595482547
705762,2026-04-01,54.96057818659658,62.97634691195795,42.96977660972404,61.64586070959267,6.68528252299609,12.163777644949253
705762,2026-05-01,54.96057818659658,62.97634691195795,43.95532194480946,61.7454007884363,6.784822601839721,12.344889420203296
705762,2026-06-01,54.96057818659658,62.97634691195795,44.97371879106439,60.79664914586075,5.83607095926417,10.618649133293564
705763,2026-04-01,118.98817345597897,118.98817345597897,65.9658344283837,119.30453350854116,0.3163600525621888,0.26587520706772577
705763,2026-05-01,118.98817345597897,118.98817345597897,66.95137976346912,119.22536136662261,0.23718791064364098,0.19933738266130402
705763,2026-06-01,118.98817345597897,118.98817345597897,67.96977660972405,119.84264126149779,0.8544678055188228,0.718111540585118
705764,2026-04-01,53.942181340341655,56.96452036793692,54.96057818659658,57.38436268068323,3.442181340341577,6.381242387332375
705764,2026-05-01,53.942181340341655,56.96452036793692,55.946123521682,57.31570302233894,3.373521681997282,6.25395858708875
705764,2026-06-01,53.942181340341655,56.96452036793692,56.96452036793692,58.22733245729295,4.2851511169512975,7.9439707673567295
705764,2026-07-01,49.93429697766097,52.95663600525624,53.942181340341655,55.38107752956632,5.4467805519053485,10.907894736842028
705765,2026-04-01,97.93035479632064,97.93035479632064,98.94875164257556,101.55880420499352,3.6284494086728785,3.7051325058705937
705765,2026-05-01,97.93035479632064,97.93035479632064,99.93429697766096,99.93429697766096,2.003942181340321,2.0462931902046075
705765,2026-06-01,97.93035479632064,97.93035479632064,100.9526938239159,100.9526938239159,3.022339027595251,3.086212680308602
705765,2026-07-01,46.97766097240473,46.97766097240473,50.98554533508541,56.42674113009197,9.449080157687241,20.11398601398599
705766,2026-04-01,84.98685939553219,97.99605781865964,100.9526938239159,100.9526938239159,15.965834428383701,18.786238886741394
705766,2026-05-01,84.98685939553219,97.99605781865964,101.93823915900133,101.93823915900133,16.951379763469134,19.945883262466193
705766,2026-06-01,84.98685939553219,97.99605781865964,102.95663600525624,102.95663600525624,17.96977660972405,21.144182450715117
705766,2026-07-01,21.057818659658345,34.06701708278581,40.01314060446781,40.01314060446781,18.955321944809462,90.01560062402496
705771,2026-04-01,64.94743758212877,64.94743758212877,65.9658344283837,67.16622864651785,2.2187910643890802,3.4162873039961363
705771,2026-05-01,64.94743758212877,64.94743758212877,66.95137976346912,66.95137976346912,2.0039421813403493,3.0854830551340537
705771,2026-06-01,64.94743758212877,64.94743758212877,67.96977660972405,67.96977660972405,3.0223390275952795,4.653515427415292
705772,2026-04-01,129.00788436268067,131.96452036793693,120.99211563731932,135.81537450722738,6.807490144546705,5.27680162974285
705772,2026-05-01,129.00788436268067,131.96452036793693,121.97766097240472,135.81044678055193,6.802562417871258,5.272981920040771
705772,2026-06-01,129.00788436268067,131.96452036793693,122.99605781865964,138.7542706964521,9.746386333771426,7.554876496053023
705772,2026-07-01,71.97766097240472,74.93429697766096,66.95137976346912,75.59329829172137,3.6156373193166473,5.023277042446315
705774,2026-04-01,52.00394218134034,77.92378449408672,66.95137976346912,77.4014454664916,25.397503285151252,48.83765003158585
705774,2026-05-01,52.00394218134034,77.92378449408672,67.93692509855452,77.40735873850214,25.403416557161798,48.84902084649433
705774,2026-06-01,52.00394218134034,77.92378449408672,68.95532194480946,78.06898817345612,26.065045992115778,50.12128869235656
705774,2026-07-01,46.97766097240473,72.89750328515112,64.91458607095926,70.99572930354803,24.018068331143304,51.126573426573586
705777,2026-04-01,58.04862023653088,70.03942181340341,59.98685939553219,67.91655716162938,9.867936925098505,16.999434069043488
705777,2026-05-01,58.04862023653088,70.03942181340341,60.972404730617605,68.88896189224701,10.84034165571613,18.674589700056536
705777,2026-06-01,58.04862023653088,70.03942181340341,61.990801576872535,69.1800262812089,11.131406044678016,19.176004527447585
705777,2026-07-01,2.0367936925098555,14.027595269382392,6.964520367936925,14.38830486202364,12.351511169513785,606.419354838709
705780,2026-04-01,93.03547963206309,111.00525624178712,109.00131406044676,110.08114323258873,17.045663600525643,18.32168079096047
705780,2026-05-01,93.03547963206309,111.00525624178712,109.9868593955322,110.76281208935616,17.727332457293073,19.054378531073485
705780,2026-06-01,93.03547963206309,111.00525624178712,111.00525624178712,111.1274638633378,18.091984231274708,19.44632768361589
705780,2026-07-01,51.97109067017082,78.97503285151117,79.96057818659658,80.16458607095919,28.193495400788372,54.24841972187093
705782,2026-04-01,94.9737187910644,111.99080157687251,107.98291721419184,111.42969776609718,16.455978975032778,17.326876513317114
705782,2026-05-01,94.9737187910644,111.99080157687251,108.96846254927726,111.65045992115631,16.676741130091912,17.559322033898226
705782,2026-06-01,94.9737187910644,111.99080157687251,109.9868593955322,112.12056504599202,17.146846254927624,18.054306468349942
705782,2026-07-01,30.97897503285151,47.99605781865966,46.97766097240473,48.89750328515108,17.918528252299573,57.840933191940515
705783,2026-04-01,26.971090670170828,50.03285151116951,39.98028909329829,49.69809461235222,22.727003942181394,84.26431181486012
705783,2026-05-01,26.971090670170828,50.03285151116951,40.9658344283837,48.72437582128785,21.753285151117023,80.65408038976885
705783,2026-06-01,26.971090670170828,50.03285151116951,41.98423127463863,49.47437582128783,22.503285151117,83.43483556638265
705783,2026-07-01,26.971090670170828,50.03285151116951,42.96977660972404,50.17969776609726,23.208607095926435,86.04993909866026
705785,2026-04-01,87.02365308804205,97.99605781865964,85.0197109067017,87.65932982917211,0.6356767411300552,0.7304643261607732
705785,2026-05-01,87.02365308804205,97.99605781865964,86.00525624178712,89.49277266754268,2.469119579500628,2.8372970932426997
705785,2026-06-01,87.02365308804205,97.99605781865964,87.02365308804205,94.17345597897491,7.149802890932861,8.215930539826209
705785,2026-07-01,6.964520367936925,17.936925098554532,7.950065703022338,16.18922470433642,9.224704336399498,132.4528301886796
705793,2026-04-01,53.975032851511166,77.95663600525624,78.97503285151117,78.97503285151117,25.000000000000007,46.31771150334755
705793,2026-05-01,53.975032851511166,77.95663600525624,79.96057818659658,79.96057818659658,25.985545335085412,48.14363968350578
705793,2026-06-01,53.975032851511166,77.95663600525624,80.97897503285151,80.97897503285151,27.003942181340342,50.030432136335975
705793,2026-07-01,53.975032851511166,77.95663600525624,81.96452036793693,81.96452036793693,27.98948751642576,51.85636031649423
705794,2026-04-01,53.975032851511166,53.975032851511166,78.97503285151117,78.97503285151117,25.000000000000007,46.31771150334755
705794,2026-05-01,53.975032851511166,53.975032851511166,79.96057818659658,79.96057818659658,25.985545335085412,48.14363968350578
705794,2026-06-01,53.975032851511166,53.975032851511166,80.97897503285151,80.97897503285151,27.003942181340342,50.030432136335975
705799,2026-04-01,68.00262812089356,68.00262812089356,71.97766097240472,72.0177398160316,4.015111695138032,5.9043478260870375
705799,2026-05-01,68.00262812089356,68.00262812089356,72.96320630749014,72.96320630749014,4.960578186596578,7.294685990338157
705799,2026-06-01,68.00262812089356,68.00262812089356,73.98160315374507,75.71911957950066,7.716491458607095,11.34734299516908
705912,2026-04-01,46.97766097240473,46.97766097240473,36.00525624178712,47.04993429697775,0.07227332457302538,0.15384615384635614
705912,2026-05-01,46.97766097240473,46.97766097240473,36.990801576872535,47.22963206307499,0.2519710906702599,0.536363636363826
705912,2026-06-01,46.97766097240473,46.97766097240473,38.009198423127465,47.17214191852834,0.1944809461236119,0.413986013986206
705918,2026-04-01,67.93692509855452,72.89750328515112,61.92509855453351,72.54139290407365,4.604467805519121,6.777562862669345
705918,2026-05-01,67.93692509855452,72.89750328515112,62.91064388961892,72.38140604467816,4.444480946123633,6.542069632495329
705918,2026-06-01,67.93692509855452,72.89750328515112,63.92904073587385,73.13272010512495,5.195795006570421,7.647969052224547
705919,2026-04-01,75.91984231274638,75.91984231274638,61.92509855453351,75.58902759526937,0.0,0.0
705919,2026-05-01,75.91984231274638,75.91984231274638,62.91064388961892,76.25985545335085,0.3400131406044693,0.44785807009952605
705919,2026-06-01,75.91984231274638,75.91984231274638,63.92904073587385,76.58048620236531,0.6606438896189246,0.870186066637822
705919,2026-07-01,75.91984231274638,75.91984231274638,64.91458607095926,76.42082785808145,0.5009855453350696,0.6598874945910653
705933,2026-04-01,71.97766097240472,71.97766097240472,53.975032851511166,70.7276609724048,0.0,0.0
705933,2026-05-01,71.97766097240472,71.97766097240472,54.96057818659658,71.61957950065715,0.0,0.0
705933,2026-06-01,71.97766097240472,71.97766097240472,55.97897503285151,71.84822601839694,0.0,0.0
705933,2026-07-01,61.990801576872535,61.990801576872535,46.97766097240473,61.63370565045983,0.0,0.0
705941,2026-04-01,73.98160315374507,112.94349540078844,65.9658344283837,109.37187910643888,35.39027595269381,47.83658969804617
705941,2026-05-01,73.98160315374507,112.94349540078844,66.95137976346912,111.06307490144543,37.08147174770036,50.122557726465324
705941,2026-06-01,73.98160315374507,112.94349540078844,67.96977660972405,112.773653088042,38.79204993429693,52.43472468916512
705941,2026-07-01,73.98160315374507,112.94349540078844,68.95532194480946,112.0847568988173,38.103153745072234,51.50355239786851
706718,2026-04-01,24.014454664914584,53.02233902759527,45.006570302233904,52.51675427069637,28.502299605781783,118.68809849521169
706718,2026-05-01,24.014454664914584,53.02233902759527,45.99211563731932,53.58541392904065,29.570959264126063,123.13816689466448
706718,2026-06-01,24.014454664914584,53.02233902759527,47.010512483574246,54.126149802890886,30.1116951379763,125.38987688098477
706718,2026-07-01,24.014454664914584,53.02233902759527,47.99605781865966,55.44283837056498,31.428383705650393,130.8727770177836
706724,2026-04-01,84.00131406044677,99.01445466491458,97.01051248357425,97.01051248357425,13.009198423127472,15.486898709425118
706724,2026-05-01,84.00131406044677,99.01445466491458,97.99605781865964,99.36925098554535,15.367936925098576,18.294876808760293
706724,2026-06-01,84.00131406044677,99.01445466491458,99.01445466491458,99.91754270696451,15.916228646517737,18.94759483770043
706724,2026-07-01,84.00131406044677,99.01445466491458,100.0,101.91655716162941,17.91524310118264,21.327336722721924
706757,2026-04-01,202.95663600525623,214.9474375821288,215.9658344283837,216.85972404730614,13.903088042049916,6.850275169957906
706757,2026-05-01,202.95663600525623,214.9474375821288,216.9513797634691,216.9513797634691,13.994743758212877,6.895435415992231
706757,2026-06-01,202.95663600525623,214.9474375821288,217.96977660972405,217.96977660972405,15.013140604467822,7.3972159274846305
706759,2026-04-01,91.03153745072272,103.02233902759528,106.99737187910644,106.99737187910644,15.965834428383715,17.538794658967895
706759,2026-05-01,91.03153745072272,103.02233902759528,107.98291721419184,107.98291721419184,16.95137976346912,18.621436304583185
706759,2026-06-01,91.03153745072272,103.02233902759528,109.00131406044676,109.00131406044676,17.969776609724036,19.740166005052316
706759,2026-07-01,92.01708278580814,104.00788436268068,110.9724047306176,110.9724047306176,18.955321944809455,20.599785790789
706763,2026-04-01,57.98291721419185,53.975032851511166,51.97109067017082,54.35348226018389,0.0,0.0
706763,2026-05-01,57.98291721419185,53.975032851511166,52.95663600525624,54.662286465177324,0.0,0.0
706763,2026-06-01,57.98291721419185,53.975032851511166,53.975032851511166,54.58147174770031,0.0,0.0
706763,2026-07-01,50.0,45.99211563731932,46.97766097240473,47.44710906701708,0.0,0.0
706775,2026-04-01,141.98423127463863,184.95400788436268,173.98160315374506,176.73718791064377,34.75295663600514,24.476631189264147
706775,2026-05-01,141.98423127463863,184.95400788436268,174.96714848883047,178.08837056504595,36.10413929040732,25.428273947246616
706775,2026-06-01,141.98423127463863,184.95400788436268,175.98554533508542,180.91162943495397,38.927398160315335,27.416705229060597
706775,2026-06-01,141.98423127463863,184.95400788436268,175.98554533508542,175.98554533508542,34.00131406044679,23.947246645071733
706775,2026-07-01,141.98423127463863,88.96189224704337,176.9710906701708,176.9710906701708,34.98685939553218,24.641369736233216
706776,2026-04-01,197.01051248357425,227.98948751642573,193.00262812089355,226.7818659658343,29.771353482260054,15.111555777888878
706776,2026-05-01,197.01051248357425,227.98948751642573,193.98817345597897,226.7818659658343,29.771353482260054,15.111555777888878
706776,2026-06-01,197.01051248357425,227.98948751642573,195.00657030223388,228.80584756898804,31.795335085413797,16.13890278472563
706777,2026-04-01,201.0183968462549,249.01445466491455,193.00262812089355,246.05256241787112,45.03416557161623,22.403007027292013
706777,2026-05-01,201.0183968462549,249.01445466491455,193.98817345597897,247.37319316688559,46.3547963206307,23.059977120444497
706777,2026-06-01,201.0183968462549,249.01445466491455,195.00657030223388,247.50328515111684,46.484888304861954,23.124693577381894
706779,2026-04-01,70.9592641261498,235.9724047306176,215.9658344283837,234.5124835742446,163.5532194480948,230.48888888888914
706779,2026-05-01,70.9592641261498,235.9724047306176,216.9513797634691,234.67279894875185,163.71353482260204,230.71481481481507
706779,2026-06-01,70.9592641261498,235.9724047306176,217.96977660972405,234.67279894875185,163.71353482260204,230.71481481481507
706780,2026-04-01,104.00788436268068,104.00788436268068,84.00131406044677,104.05551905387665,0.04763469119596664,0.04579911560344992
706780,2026-05-01,104.00788436268068,104.00788436268068,84.98685939553219,103.95532194480963,0.0,0.0
706780,2026-06-01,104.00788436268068,104.00788436268068,86.00525624178712,104.05420499342985,0.04632063074916459,0.04453569172471795
706781,2026-04-01,62.94349540078844,119.9737187910644,111.95795006570302,118.63567674113023,55.69218134034178,88.47964509394592
706781,2026-05-01,62.94349540078844,119.9737187910644,112.94349540078844,119.3994743758214,56.455978975032956,89.69311064718178
706781,2026-06-01,62.94349540078844,119.9737187910644,113.96189224704337,119.94908015768735,57.005584756898905,90.56628392484355
706811,2026-04-01,32.95006570302234,67.93692509855452,66.95137976346912,68.49835742444158,35.54829172141924,107.88534396809588
706811,2026-05-01,32.95006570302234,67.93692509855452,67.93692509855452,68.50722733245733,35.557161629434994,107.91226321036902
706811,2026-06-01,32.95006570302234,67.93692509855452,68.95532194480946,71.25788436268064,38.3078186596583,116.26021934197395
706811,2026-07-01,32.95006570302234,70.9592641261498,69.94086727989487,71.15604467805514,38.2059789750328,115.95114656031889
706835,2026-04-01,33.01576872536137,47.99605781865966,13.009198423127463,46.61596583442834,13.600197109066968,41.1930348258705
706835,2026-05-01,33.01576872536137,47.99605781865966,13.994743758212875,46.61596583442834,13.600197109066968,41.1930348258705
706835,2026-06-01,33.01576872536137,47.99605781865966,15.013140604467806,46.61596583442834,13.600197109066968,41.1930348258705
706836,2026-04-01,49.93429697766097,49.93429697766097,50.9526938239159,50.9526938239159,1.0183968462549302,2.0394736842105314
706836,2026-05-01,49.93429697766097,49.93429697766097,51.93823915900131,51.93823915900131,2.003942181340342,4.013157894736843
706836,2026-06-01,49.93429697766097,49.93429697766097,52.95663600525624,52.95663600525624,3.0223390275952724,6.052631578947374
706836,2026-07-01,59.98685939553219,59.98685939553219,55.946123521682,58.4270696452037,0.0,0.0
706837,2026-04-01,59.98685939553219,59.98685939553219,40.9658344283837,60.11793692509862,0.1310775295664257,0.21851040525750265
706837,2026-05-01,59.98685939553219,59.98685939553219,41.95137976346912,60.15768725361374,0.17082785808154455,0.28477546549847843
706837,2026-06-01,59.98685939553219,59.98685939553219,42.96977660972404,60.15768725361374,0.17082785808154455,0.28477546549847843
706837,2026-07-01,59.98685939553219,59.98685939553219,43.95532194480946,60.15768725361374,0.17082785808154455,0.28477546549847843
706854,2026-04-01,97.99605781865964,97.99605781865964,47.99605781865966,97.34001314060433,0.0,0.0
706854,2026-05-01,97.99605781865964,97.99605781865964,48.98160315374507,97.64980289093288,0.0,0.0
706854,2026-06-01,97.99605781865964,97.99605781865964,50.0,98.41425755584747,0.4181997371878339,0.42675159235660964
706854,2026-07-01,75.0,75.0,27.989487516425758,74.84756898817344,0.0,0.0
706860,2026-04-01,1.0,13.994743758212875,7.982917214191852,13.84789750328516,12.84789750328516,1284.789750328516
706860,2026-05-01,1.0,13.994743758212875,8.968462549277266,14.261826544021032,13.261826544021032,1326.1826544021033
706860,2026-06-01,1.0,13.994743758212875,9.986859395532194,14.578515111695147,13.578515111695147,1357.8515111695147
706860,2026-07-01,5.946123521681997,19.940867279894874,16.918528252299605,20.39717477003944,14.451051248357444,243.03314917127108
706865,2026-04-01,58.96846254927726,58.96846254927726,0.0,59.209264126149854,0.24080157687259174,0.40835654596109705
706865,2026-05-01,58.96846254927726,58.96846254927726,0.985545335085414,59.209264126149854,0.24080157687259174,0.40835654596109705
706865,2026-06-01,58.96846254927726,58.96846254927726,2.0039421813403417,59.250328515111754,0.2818659658344913,0.4779944289694661
706865,2026-07-01,109.92115637319316,109.92115637319316,53.942181340341655,111.74934296977668,1.828186596583521,1.6631799163180627
706866,2026-04-01,37.94349540078844,51.93823915900131,38.96189224704336,50.163929040735844,12.220433639947402,32.20692640692631
706866,2026-05-01,37.94349540078844,51.93823915900131,39.94743758212878,50.91951379763468,12.976018396846236,34.19826839826835
706866,2026-06-01,37.94349540078844,51.93823915900131,40.9658344283837,49.89816031537448,11.95466491458604,31.50649350649342
706866,2026-07-01,22.963206307490143,36.957950065703024,26.971090670170828,36.149145860709645,13.185939553219502,57.42203147353385
706898,2026-04-01,17.969776609724047,17.969776609724047,78.97503285151117,78.97503285151117,61.00525624178712,339.48811700182813
706898,2026-05-01,17.969776609724047,17.969776609724047,79.96057818659658,79.96057818659658,61.99080157687253,344.97257769652646
706898,2026-06-01,17.969776609724047,17.969776609724047,80.97897503285151,80.97897503285151,63.00919842312746,350.6398537477148
706922,2026-04-01,24.014454664914584,68.98817345597897,90.9658344283837,90.9658344283837,66.95137976346912,278.79616963064296
706922,2026-05-01,24.014454664914584,68.98817345597897,91.95137976346912,91.95137976346912,67.93692509855454,282.90013679890563
706922,2026-06-01,24.014454664914584,68.98817345597897,92.96977660972404,92.96977660972404,68.95532194480946,287.140902872777
706940,2026-04-01,27.95663600525624,27.95663600525624,50.9526938239159,50.9526938239159,22.99605781865966,82.25616921269096
706940,2026-05-01,27.95663600525624,27.95663600525624,51.93823915900131,51.93823915900131,23.981603153745073,85.78143360752057
706940,2026-06-01,27.95663600525624,27.95663600525624,52.95663600525624,52.95663600525624,25.000000000000004,89.42420681551118
706942,2026-04-01,27.95663600525624,27.95663600525624,50.9526938239159,50.9526938239159,22.99605781865966,82.25616921269096
706942,2026-05-01,27.95663600525624,27.95663600525624,51.93823915900131,51.93823915900131,23.981603153745073,85.78143360752057
706942,2026-06-01,27.95663600525624,27.95663600525624,52.95663600525624,52.95663600525624,25.000000000000004,89.42420681551118
706950,2026-04-01,57.98291721419185,97.01051248357425,95.0065703022339,96.73718791064388,38.75427069645203,66.83739376770538
706950,2026-05-01,57.98291721419185,97.01051248357425,95.99211563731932,97.13896189224704,39.15604467805519,67.53031161473088
706950,2026-06-01,57.98291721419185,97.01051248357425,97.01051248357425,97.19973718791067,39.21681997371882,67.6351274787536
706965,2026-06-01,1.0,1.0,1516.819973718791,1516.819973718791,1515.819973718791,151581.99737187912
706965,2026-07-01,1.0,1.0,1517.8055190538764,1517.8055190538764,1516.8055190538764,151680.55190538763
706966,2026-06-01,1.0,1.0,1516.819973718791,1516.819973718791,1515.819973718791,151581.99737187912
706966,2026-07-01,1.0,1.0,1517.8055190538764,1517.8055190538764,1516.8055190538764,151680.55190538763
706988,2026-06-01,1.0,1.0,1516.819973718791,1516.819973718791,1515.819973718791,151581.99737187912
706988,2026-07-01,1.0,1.0,1517.8055190538764,1517.8055190538764,1516.8055190538764,151680.55190538763
706989,2026-06-01,1.0,1.0,1516.819973718791,1516.819973718791,1515.819973718791,151581.99737187912
706989,2026-07-01,1.0,1.0,1517.8055190538764,1517.8055190538764,1516.8055190538764,151680.55190538763
707016,2026-06-01,1.0,1.0,1516.819973718791,1516.819973718791,1515.819973718791,151581.99737187912
707016,2026-07-01,1.0,1.0,1517.8055190538764,1517.8055190538764,1516.8055190538764,151680.55190538763
707017,2026-06-01,1.0,1.0,1516.819973718791,1516.819973718791,1515.819973718791,151581.99737187912
707017,2026-07-01,1.0,1.0,1517.8055190538764,1517.8055190538764,1516.8055190538764,151680.55190538763
707018,2026-06-01,1.0,1.0,1516.819973718791,1516.819973718791,1515.819973718791,151581.99737187912
707018,2026-07-01,1.0,1.0,1517.8055190538764,1517.8055190538764,1516.8055190538764,151680.55190538763
707019,2026-06-01,1.0,1.0,1516.819973718791,1516.819973718791,1515.819973718791,151581.99737187912
707019,2026-07-01,1.0,1.0,1517.8055190538764,1517.8055190538764,1516.8055190538764,151680.55190538763
707020,2026-04-01,36.00525624178712,36.00525624178712,41.98423127463863,41.98423127463863,5.978975032851508,16.605839416058384
707020,2026-05-01,36.00525624178712,36.00525624178712,42.96977660972404,42.96977660972404,6.96452036793692,19.343065693430646
707020,2026-06-01,36.00525624178712,36.00525624178712,43.98817345597897,43.98817345597897,7.9829172141918505,22.171532846715323
707020,2026-07-01,36.00525624178712,36.00525624178712,44.97371879106439,44.97371879106439,8.96846254927727,24.9087591240876
707021,2026-04-01,29.96057818659658,29.96057818659658,25.952693823915897,30.513140604467836,0.552562417871254,1.844298245614142
707021,2026-05-01,29.96057818659658,29.96057818659658,26.938239159001316,30.86498028909333,0.9044021024967499,3.01864035087731
707021,2026-06-01,29.96057818659658,29.96057818659658,27.95663600525624,31.137319316688586,1.1767411300920045,3.9276315789474365
707021,2026-07-01,29.96057818659658,29.96057818659658,28.94218134034165,31.778909329829197,1.8183311432326157,6.069078947368512
707022,2026-04-01,30.05913272010512,30.05913272010512,37.023653088042046,37.023653088042046,6.964520367936927,23.16939890710384
707022,2026-05-01,30.05913272010512,30.05913272010512,38.009198423127465,38.009198423127465,7.9500657030223465,26.448087431694017
707022,2026-06-01,30.05913272010512,30.05913272010512,39.02759526938239,39.02759526938239,8.96846254927727,29.836065573770508
707022,2026-07-01,30.05913272010512,30.05913272010512,40.01314060446781,40.01314060446781,9.954007884362689,33.11475409836069
707039,2026-04-01,95.99211563731932,95.99211563731932,87.97634691195795,96.53646517739806,0.5443495400787413,0.5670773442846299
707039,2026-05-01,95.99211563731932,95.99211563731932,88.96189224704337,96.04927726675416,0.057161629434844485,0.05954825462000911
707039,2026-06-01,95.99211563731932,95.99211563731932,89.98028909329828,95.40703022339014,0.0,0.0
707039,2026-07-01,95.99211563731932,90.9658344283837,90.9658344283837,93.5551905387647,0.0,0.0
707044,2026-04-01,38.009198423127465,38.009198423127465,29.993429697766096,37.99934296977664,0.0,0.0
707044,2026-05-01,38.009198423127465,38.009198423127465,30.97897503285151,37.718462549277305,0.0,0.0
707044,2026-06-01,38.009198423127465,38.009198423127465,31.99737187910644,37.99770039421817,0.0,0.0
707044,2026-07-01,38.009198423127465,38.009198423127465,32.98291721419185,37.987844940867305,0.0,0.0
707045,2026-04-01,30.97897503285151,30.97897503285151,29.993429697766096,31.178055190538707,0.19908015768719878,0.6426299045597382
707045,2026-05-01,30.97897503285151,30.97897503285151,30.97897503285151,31.147831800262747,0.16885676741123845,0.5450689289499574
707045,2026-06-01,30.97897503285151,30.97897503285151,31.99737187910644,31.99737187910644,1.0183968462549302,3.287380699893964
707045,2026-07-01,30.97897503285151,30.97897503285151,32.98291721419185,32.98291721419185,2.003942181340342,6.468716861081656
707046,2026-04-01,29.927726675427067,29.927726675427067,18.95532194480946,29.868265440210227,0.0,0.0
707046,2026-05-01,29.927726675427067,29.927726675427067,19.940867279894874,29.927726675427042,0.0,0.0
707046,2026-06-01,29.927726675427067,29.927726675427067,20.9592641261498,29.928712220762133,0.000985545335066007,0.003293084522437899
707046,2026-07-01,29.927726675427067,29.927726675427067,21.944809461235216,30.049605781865942,0.12187910643887534,0.40724478594943647
707049,2026-04-01,41.95137976346912,41.95137976346912,42.96977660972404,42.96977660972404,1.018396846254923,2.427564604541884
707049,2026-05-01,41.95137976346912,41.95137976346912,43.95532194480946,43.95532194480946,2.003942181340342,4.7768206734534076
707049,2026-06-01,41.95137976346912,41.95137976346912,44.97371879106439,44.97371879106439,3.0223390275952724,7.204385277995308
707049,2026-07-01,41.95137976346912,41.95137976346912,45.959264126149804,45.959264126149804,4.007884362680684,9.553641346906815
707050,2026-04-01,23.02890932982917,23.02890932982917,41.98423127463863,41.98423127463863,18.955321944809462,82.31098430813125
707050,2026-05-01,23.02890932982917,23.02890932982917,42.96977660972404,42.96977660972404,19.940867279894874,86.59058487874466
707050,2026-06-01,23.02890932982917,23.02890932982917,43.98817345597897,43.98817345597897,20.959264126149804,91.01283880171187
707050,2026-07-01,23.02890932982917,23.02890932982917,44.97371879106439,44.97371879106439,21.944809461235224,95.29243937232529
707051,2026-05-01,61.92509855453351,61.92509855453351,51.93823915900131,61.54993429697759,0.0,0.0
707051,2026-06-01,61.92509855453351,61.92509855453351,52.95663600525624,61.8189881734559,0.0,0.0
707051,2026-07-01,61.92509855453351,61.92509855453351,53.942181340341655,61.38140604467798,0.0,0.0
707052,2026-06-01,1.0,1.0,1516.819973718791,1516.819973718791,1515.819973718791,151581.99737187912
707052,2026-07-01,1.0,1.0,1517.8055190538764,1517.8055190538764,1516.8055190538764,151680.55190538763
707057,2026-06-01,1.0,1.0,1516.819973718791,1516.819973718791,1515.819973718791,151581.99737187912
707057,2026-07-01,1.0,1.0,1517.8055190538764,1517.8055190538764,1516.8055190538764,151680.55190538763
707058,2026-04-01,16.98423127463863,16.98423127463863,40.9658344283837,40.9658344283837,23.98160315374507,141.19922630560927
707058,2026-05-01,16.98423127463863,16.98423127463863,41.95137976346912,41.95137976346912,24.96714848883049,147.00193423597682
707058,2026-06-01,16.98423127463863,16.98423127463863,42.96977660972404,42.96977660972404,25.985545335085412,152.9980657640232
707058,2026-07-01,16.98423127463863,16.98423127463863,43.95532194480946,43.95532194480946,26.97109067017083,158.80077369439076
707059,2026-04-01,29.993429697766096,29.993429697766096,29.993429697766096,30.473061760841034,0.4796320630749378,1.5991237677985877
707059,2026-05-01,29.993429697766096,29.993429697766096,30.97897503285151,30.97897503285151,0.985545335085412,3.2858707557502678
707059,2026-06-01,29.993429697766096,29.993429697766096,31.99737187910644,31.99737187910644,2.003942181340342,6.681270536692225
707059,2026-07-01,29.993429697766096,29.993429697766096,32.98291721419185,32.98291721419185,2.989487516425754,9.967141292442493
707067,2026-06-01,1.0,1.0,1516.819973718791,1516.819973718791,1515.819973718791,151581.99737187912
707067,2026-07-01,1.0,1.0,1517.8055190538764,1517.8055190538764,1516.8055190538764,151680.55190538763
707069,2026-04-01,17.04993429697766,17.04993429697766,0.0,16.868593955321938,0.0,0.0
707069,2026-05-01,17.04993429697766,17.04993429697766,0.0,16.868593955321938,0.0,0.0
707069,2026-06-01,17.04993429697766,17.04993429697766,0.0,16.868593955321938,0.0,0.0
707069,2026-07-01,17.04993429697766,17.04993429697766,0.0,16.868593955321938,0.0,0.0
707070,2026-04-01,33.04862023653088,33.04862023653088,1.0183968462549278,33.058804204993464,0.010183968462584403,0.030815109344042666
707070,2026-05-01,33.04862023653088,33.04862023653088,2.0039421813403417,33.05354796320634,0.004927726675461486,0.014910536779428194
707070,2026-06-01,33.04862023653088,33.04862023653088,3.0223390275952693,33.03350854139293,0.0,0.0
707070,2026-07-01,33.04862023653088,33.04862023653088,4.007884362680684,33.03975032851514,0.0,0.0
707086,2026-04-01,33.96846254927726,33.96846254927726,25.952693823915897,34.137976346912,0.1695137976347354,0.4990328820117356
707086,2026-05-01,33.96846254927726,33.96846254927726,26.938239159001316,34.27398160315377,0.3055190538765089,0.8994197292070534
707086,2026-06-01,33.96846254927726,33.96846254927726,27.95663600525624,37.645532194480964,3.6770696452037015,10.824951644100647
707086,2026-07-01,33.96846254927726,33.96846254927726,28.94218134034165,33.29993429697768,0.0,0.0
707087,2026-04-01,44.021024967148485,44.021024967148485,36.00525624178712,42.154073587385035,0.0,0.0
707087,2026-05-01,44.021024967148485,44.021024967148485,36.990801576872535,42.25624178712221,0.0,0.0
707087,2026-06-01,44.021024967148485,44.021024967148485,38.009198423127465,39.413929040735894,0.0,0.0
707087,2026-07-01,44.021024967148485,44.021024967148485,38.99474375821288,39.5680026281209,0.0,0.0
707215,2026-04-01,25.952693823915897,49.93429697766097,50.9526938239159,50.9526938239159,25.000000000000004,96.32911392405066
707215,2026-05-01,25.952693823915897,49.93429697766097,51.93823915900131,51.93823915900131,25.985545335085416,100.12658227848104
707215,2026-06-01,25.952693823915897,49.93429697766097,52.95663600525624,55.428055190538764,29.475361366622867,113.57341772151901
707215,2026-07-01,57.98291721419185,49.93429697766097,53.942181340341655,53.942181340341655,0.0,0.0
707229,2026-04-01,17.936925098554532,17.936925098554532,52.95663600525624,57.55913272010511,39.62220762155058,220.89743589743586
707229,2026-05-01,17.936925098554532,46.97766097240473,53.942181340341655,53.942181340341655,36.00525624178712,200.7326007326008
707229,2026-06-01,17.936925098554532,46.97766097240473,54.96057818659658,54.96057818659658,37.023653088042046,206.41025641025638
707229,2026-07-01,17.936925098554532,46.97766097240473,55.946123521682,55.946123521682,38.009198423127465,211.9047619047619
707410,2026-04-01,23.98160315374507,76.97109067017082,51.97109067017082,68.96714848883052,44.98554533508545,187.5835616438358
707410,2026-05-01,23.98160315374507,76.97109067017082,52.95663600525624,72.59165571616303,48.61005256241796,202.697260273973
707410,2026-06-01,23.98160315374507,76.97109067017082,53.975032851511166,73.11136662286475,49.12976346911968,204.8643835616443
707410,2026-07-01,23.98160315374507,76.97109067017082,54.96057818659658,70.84822601839689,46.866622864651816,195.42739726027415
707414,2026-05-01,39.94743758212878,39.94743758212878,0.0,40.21911957950065,0.2716819973718714,0.680098684210507
707419,2026-04-01,32.03022339027595,32.03022339027595,0.0,32.018068331143176,0.0,0.0
707419,2026-05-01,17.969776609724047,17.969776609724047,4.960578186596584,19.739487516425736,1.7697109067016896,9.848263254113242
707419,2026-06-01,13.994743758212875,13.994743758212875,2.0039421813403417,13.944809461235225,0.0,0.0
707419,2026-07-01,13.994743758212875,13.994743758212875,2.9894875164257555,13.955650459921165,0.0,0.0
707420,2026-07-01,36.00525624178712,36.00525624178712,2.9894875164257555,36.005256241787166,4.263256414560601e-14,1.1840650114892764e-13
708687,2026-06-01,35.972404730617605,35.972404730617605,15.932982917214192,35.98357424441527,0.011169513797668174,0.031050228310595365
708687,2026-07-01,35.972404730617605,35.972404730617605,16.918528252299605,35.97339027595273,0.0009855453351264032,0.002739726027511207
709747,2026-04-01,55.02628120893561,55.02628120893561,59.00131406044678,59.00131406044678,3.9750328515111732,7.223880597014933
709747,2026-05-01,55.02628120893561,55.02628120893561,59.98685939553219,59.98685939553219,4.960578186596585,9.014925373134332
709747,2026-06-01,55.02628120893561,55.02628120893561,61.00525624178712,61.00525624178712,5.978975032851515,10.865671641791053
709747,2026-07-01,55.02628120893561,55.02628120893561,61.990801576872535,61.990801576872535,6.964520367936927,12.656716417910452
709750,2026-04-01,20.006570302233904,34.98685939553219,26.971090670170828,34.647503285151096,14.640932982917192,73.18062397372731
709750,2026-05-01,20.006570302233904,34.98685939553219,27.95663600525624,34.92608409986858,14.919513797634679,74.5730706075533
709750,2026-06-01,20.006570302233904,34.98685939553219,28.97503285151117,34.717477003942165,14.71090670170826,73.53037766830862
709750,2026-07-01,20.006570302233904,34.98685939553219,29.96057818659658,34.89848883048619,14.891918528252283,74.43513957307051
709752,2026-04-01,32.98291721419185,65.01314060446781,54.96057818659658,54.96057818659658,21.977660972404728,66.63346613545816
709752,2026-05-01,32.98291721419185,65.01314060446781,55.946123521682,62.5233245729303,29.54040735873845,89.56274900398391
709752,2026-06-01,32.98291721419185,65.01314060446781,56.96452036793692,64.29960578186588,31.316688567674028,94.9482071713145
709752,2026-07-01,32.98291721419185,65.01314060446781,57.95006570302234,64.2513140604467,31.268396846254852,94.80179282868504
709753,2026-04-01,36.00525624178712,41.95137976346912,40.9658344283837,42.990144546649134,6.984888304862011,19.399635036496317
709753,2026-05-01,36.00525624178712,44.97371879106439,41.95137976346912,44.61990801576875,8.614651773981628,23.926094890511017
709753,2026-06-01,36.00525624178712,44.97371879106439,42.96977660972404,44.722733245729366,8.717477003942243,24.21167883211696
709753,2026-07-01,36.00525624178712,44.97371879106439,43.95532194480946,44.93561103810781,8.930354796320685,24.802919708029346
709754,2026-04-01,52.00394218134034,52.00394218134034,37.023653088042046,51.99113009198432,0.0,0.0
709754,2026-05-01,52.00394218134034,52.00394218134034,38.009198423127465,52.048948751642655,0.04500657030231281,0.08654453569187631
709754,2026-06-01,52.00394218134034,52.00394218134034,39.02759526938239,51.68134034165578,0.0,0.0
709754,2026-07-01,52.00394218134034,52.00394218134034,40.01314060446781,51.30026281208943,0.0,0.0
709755,2026-04-01,52.00394218134034,52.00394218134034,37.023653088042046,51.51248357424449,0.0,0.0
709755,2026-05-01,52.00394218134034,52.00394218134034,38.009198423127465,49.15637319316695,0.0,0.0
709755,2026-06-01,52.00394218134034,52.00394218134034,39.02759526938239,49.79960578186603,0.0,0.0
709755,2026-07-01,52.00394218134034,52.00394218134034,40.01314060446781,47.20302233902765,0.0,0.0
709757,2026-04-01,95.99211563731932,95.99211563731932,45.99211563731932,95.95203679369239,0.0,0.0
709758,2026-04-01,95.99211563731932,95.99211563731932,45.99211563731932,95.95203679369239,0.0,0.0
709759,2026-04-01,36.00525624178712,36.00525624178712,27.989487516425758,35.54237844940871,0.0,0.0
709759,2026-05-01,36.00525624178712,36.00525624178712,28.97503285151117,34.93002628120897,0.0,0.0
709759,2026-06-01,36.00525624178712,36.00525624178712,29.993429697766096,34.499014454664945,0.0,0.0
709759,2026-07-01,36.00525624178712,36.00525624178712,30.97897503285151,35.120893561103834,0.0,0.0
709760,2026-04-01,21.97766097240473,23.98160315374507,21.97766097240473,24.410643889618918,2.4329829172141864,11.07025411061283
709760,2026-05-01,21.97766097240473,23.98160315374507,22.963206307490143,23.873521681997367,1.895860709592636,8.626307922272023
709770,2026-04-01,138.04204993429698,138.04204993429698,49.01445466491458,138.16918528252282,0.12713534822583483,0.09209900047583085
709770,2026-05-01,138.04204993429698,138.04204993429698,50.0,138.0703022339026,0.028252299605611597,0.020466444550090838
709770,2026-06-01,138.04204993429698,138.04204993429698,51.01839684625492,138.0703022339026,0.028252299605611597,0.020466444550090838
709770,2026-07-01,138.04204993429698,138.04204993429698,52.00394218134034,136.73127463863327,0.0,0.0
709771,2026-04-01,114.0275952693824,114.0275952693824,49.01445466491458,114.05453350854161,0.026938239159207455,0.023624315759328
709771,2026-05-01,114.0275952693824,114.0275952693824,50.0,114.08475689881757,0.057161629435171335,0.0501296456354542
709771,2026-06-01,114.0275952693824,114.0275952693824,51.01839684625492,114.03318002628143,0.005584756899025933,0.004897723999030521
709771,2026-07-01,114.0275952693824,114.0275952693824,52.00394218134034,114.09132720105146,0.06373193166905367,0.055891673869374624
709772,2026-04-01,111.00525624178712,111.00525624178712,49.01445466491458,111.126149802891,0.12089356110388394,0.10890796093525384
709772,2026-05-01,111.00525624178712,111.00525624178712,50.0,111.0657030223391,0.06044678055197039,0.05445398046765252
709772,2026-06-01,111.00525624178712,111.00525624178712,51.01839684625492,110.89421813403423,0.0,0.0
709772,2026-07-01,111.00525624178712,111.00525624178712,52.00394218134034,110.80354796320638,0.0,0.0
709773,2026-04-01,120.0065703022339,150.0328515111695,49.01445466491458,123.42017082785799,3.4136005256240907,2.844511360525522
709773,2026-05-01,150.0328515111695,150.0328515111695,50.0,149.2293035479629,0.0,0.0
709773,2026-06-01,150.0328515111695,150.0328515111695,51.01839684625492,149.2293035479629,0.0,0.0
709773,2026-07-01,150.0328515111695,150.0328515111695,52.00394218134034,148.9770039421811,0.0,0.0
709774,2026-04-01,46.97766097240473,64.94743758212877,50.9526938239159,61.987516425755665,15.009855453350937,31.95104895104913
709774,2026-05-01,46.97766097240473,64.94743758212877,51.93823915900131,62.425427069645295,15.447766097240567,32.88321678321699
709774,2026-06-01,46.97766097240473,64.94743758212877,52.95663600525624,62.406373193166935,15.428712220762208,32.84265734265745
709774,2026-07-01,46.97766097240473,64.94743758212877,53.942181340341655,63.26412614980297,16.28646517739824,34.66853146853165
709776,2026-04-01,53.02233902759527,53.02233902759527,47.99605781865966,53.09888304862015,0.07654402102487978,0.14436183395274724
709776,2026-05-01,53.02233902759527,53.02233902759527,48.98160315374507,52.94119579500647,0.0,0.0
709776,2026-06-01,53.02233902759527,53.02233902759527,50.0,53.5479632063074,0.5256241787121283,0.9913258983889209
709776,2026-07-01,53.02233902759527,53.02233902759527,50.98554533508541,54.03088042049925,1.0085413929039788,1.902106567533898
709777,2026-04-01,38.96189224704336,59.98685939553219,50.9526938239159,58.93068331143234,19.96879106438898,51.25210792580107
709777,2026-05-01,38.96189224704336,64.94743758212877,51.93823915900131,57.365637319316654,18.403745072273296,47.23524451939285
709777,2026-06-01,38.96189224704336,64.94743758212877,52.95663600525624,60.87877792378444,21.91688567674108,56.2521079258009
709777,2026-07-01,38.96189224704336,64.94743758212877,53.942181340341655,61.7677398160315,22.805847568988142,58.53372681281611
709778,2026-04-01,42.96977660972404,58.96846254927726,50.9526938239159,55.43856767411299,12.468791064388945,29.017584097859288
709778,2026-05-01,42.96977660972404,58.96846254927726,51.93823915900131,57.003285151116955,14.033508541392912,32.65902140672785
709778,2026-06-01,42.96977660972404,58.96846254927726,52.95663600525624,58.3390275952694,15.369250985545357,35.76758409785938
709778,2026-07-01,42.96977660972404,58.96846254927726,53.942181340341655,58.98981603153749,16.020039421813443,37.28211009174321
709779,2026-04-01,44.97371879106439,60.972404730617605,45.99211563731932,59.71386333771343,14.740144546649034,32.7750182615045
709779,2026-05-01,44.97371879106439,60.972404730617605,46.97766097240473,60.145532194480836,15.171813403416444,33.734842951058916
709779,2026-06-01,44.97371879106439,60.972404730617605,47.99605781865966,60.056833114323155,15.083114323258762,33.537618699780616
709779,2026-07-01,44.97371879106439,60.972404730617605,48.98160315374507,58.8524967148488,13.878777923784405,30.859751643535226
709780,2026-04-01,52.00394218134034,52.00394218134034,47.99605781865966,52.321287779237906,0.3173455978975639,0.6102337334176781
709780,2026-05-01,52.00394218134034,52.00394218134034,48.98160315374507,52.253285151117026,0.24934296977668424,0.47946936197108453
709780,2026-06-01,52.00394218134034,52.00394218134034,50.0,52.602496714848975,0.5985545335086329,1.150979153506177
709780,2026-07-01,52.00394218134034,52.00394218134034,50.98554533508541,53.188567674113116,1.1846254927727742,2.2779532533166926
709781,2026-04-01,61.990801576872535,56.01182654402102,47.99605781865966,58.5772010512484,0.0,0.0
709781,2026-05-01,61.990801576872535,56.01182654402102,48.98160315374507,58.459264126149854,0.0,0.0
709781,2026-06-01,61.990801576872535,56.01182654402102,50.0,57.01511169513807,0.0,0.0
709781,2026-07-01,61.990801576872535,56.01182654402102,50.98554533508541,57.301905387647906,0.0,0.0
709782,2026-04-01,36.00525624178712,45.99211563731932,43.98817345597897,45.57621550591329,9.570959264126166,26.582116788321215
709782,2026-05-01,36.00525624178712,45.99211563731932,44.97371879106439,45.5673455978975,9.562089356110377,26.557481751824806
709783,2026-04-01,29.96057818659658,65.9658344283837,63.96189224704336,67.08212877792376,37.12155059132718,123.90131578947361
709783,2026-05-01,29.96057818659658,65.9658344283837,64.94743758212877,67.12417871222077,37.16360052562419,124.04166666666671
709783,2026-06-01,29.96057818659658,65.9658344283837,65.9658344283837,66.94743758212874,36.986859395532164,123.45175438596483
709783,2026-07-01,29.96057818659658,69.97371879106439,66.95137976346912,69.69973718791063,39.73915900131405,132.63815789473682
709785,2026-04-01,36.00525624178712,48.91590013140604,37.94349540078844,48.567674113009254,12.56241787122213,34.89051094890526
709785,2026-05-01,36.00525624178712,48.91590013140604,38.92904073587385,49.13173455978981,13.12647831800269,36.457116788321336
709785,2026-06-01,36.00525624178712,48.91590013140604,39.94743758212878,48.42181340341661,12.416557161629484,34.485401459854145
709785,2026-07-01,36.00525624178712,48.91590013140604,40.93298291721419,48.23455978975036,12.229303547963234,33.96532846715336
709786,2026-04-01,51.01839684625492,51.01839684625492,31.99737187910644,50.941524310118275,0.0,0.0
709786,2026-05-01,51.01839684625492,51.01839684625492,32.98291721419185,52.551905387647864,1.5335085413929406,3.0057952350290478
709786,2026-06-01,51.01839684625492,51.01839684625492,34.00131406044678,52.5147831800263,1.496386333771376,2.933032839665209
709786,2026-07-01,51.01839684625492,51.01839684625492,34.98685939553219,52.78153745072275,1.7631406044678286,3.4558918222795048
709791,2026-04-01,86.95795006570302,86.95795006570302,39.98028909329829,86.9579500657029,0.0,0.0
709791,2026-05-01,86.95795006570302,86.95795006570302,40.9658344283837,86.9579500657029,0.0,0.0
709791,2026-06-01,86.95795006570302,86.95795006570302,41.98423127463863,86.9579500657029,0.0,0.0
709791,2026-07-01,86.95795006570302,86.95795006570302,42.96977660972404,86.9579500657029,0.0,0.0
709792,2026-04-01,86.95795006570302,86.95795006570302,39.98028909329829,86.9579500657029,0.0,0.0
709792,2026-05-01,86.95795006570302,86.95795006570302,40.9658344283837,86.9579500657029,0.0,0.0
709792,2026-06-01,86.95795006570302,86.95795006570302,41.98423127463863,86.9579500657029,0.0,0.0
709792,2026-07-01,86.95795006570302,86.95795006570302,42.96977660972404,86.9579500657029,0.0,0.0
709793,2026-04-01,89.98028909329828,89.98028909329828,39.98028909329829,89.98028909329814,0.0,0.0
709793,2026-05-01,89.98028909329828,89.98028909329828,40.9658344283837,89.98028909329814,0.0,0.0
709793,2026-06-01,89.98028909329828,89.98028909329828,41.98423127463863,89.98028909329814,0.0,0.0
709793,2026-07-01,89.98028909329828,89.98028909329828,42.96977660972404,89.91984231274624,0.0,0.0
709794,2026-04-01,89.98028909329828,89.98028909329828,39.98028909329829,89.98028909329814,0.0,0.0
709794,2026-05-01,89.98028909329828,89.98028909329828,40.9658344283837,89.98028909329814,0.0,0.0
709794,2026-06-01,89.98028909329828,89.98028909329828,41.98423127463863,89.98028909329814,0.0,0.0
709794,2026-07-01,89.98028909329828,89.98028909329828,42.96977660972404,89.91984231274624,0.0,0.0
709795,2026-04-01,89.98028909329828,89.98028909329828,39.98028909329829,89.98028909329814,0.0,0.0
709795,2026-05-01,89.98028909329828,89.98028909329828,40.9658344283837,89.98028909329814,0.0,0.0
709795,2026-06-01,89.98028909329828,89.98028909329828,41.98423127463863,89.98028909329814,0.0,0.0
709795,2026-07-01,89.98028909329828,89.98028909329828,42.96977660972404,89.91984231274624,0.0,0.0
709796,2026-04-01,86.95795006570302,86.95795006570302,39.98028909329829,86.9579500657029,0.0,0.0
709796,2026-05-01,86.95795006570302,86.95795006570302,40.9658344283837,86.9579500657029,0.0,0.0
709796,2026-06-01,86.95795006570302,86.95795006570302,41.98423127463863,86.9579500657029,0.0,0.0
709796,2026-07-01,86.95795006570302,86.95795006570302,42.96977660972404,86.9579500657029,0.0,0.0
709797,2026-04-01,36.00525624178712,36.00525624178712,35.019710906701704,42.448094612352136,6.442838370565013,17.894160583941517
709797,2026-05-01,36.00525624178712,40.04599211563732,36.00525624178712,40.33245729303545,4.3272010512483305,12.018248175182407
709797,2026-06-01,36.00525624178712,40.04599211563732,37.023653088042046,40.06537450722728,4.06011826544016,11.276459854014458
709797,2026-07-01,36.00525624178712,36.00525624178712,38.009198423127465,41.787450722733254,5.782194480946131,16.059306569343086
709798,2026-04-01,60.0197109067017,60.0197109067017,35.019710906701704,60.046977660972516,0.02726675427081915,0.04542966611952573
709798,2026-05-01,60.0197109067017,60.0197109067017,36.00525624178712,60.048291721419304,0.028580814717606984,0.047619047619264186
709798,2026-06-01,60.0197109067017,60.0197109067017,37.023653088042046,60.219448094612474,0.19973718791077744,0.3327859879586243
709798,2026-07-01,60.0197109067017,60.0197109067017,38.009198423127465,60.26642575558487,0.24671484888317252,0.4110563765738245
709799,2026-04-01,45.99211563731932,45.99211563731932,27.989487516425758,45.94185282522997,0.0,0.0
709799,2026-05-01,45.99211563731932,45.99211563731932,28.97503285151117,45.782194480946124,0.0,0.0
709799,2026-06-01,45.99211563731932,45.99211563731932,29.993429697766096,45.673127463863345,0.0,0.0
709799,2026-07-01,45.99211563731932,45.99211563731932,30.97897503285151,45.68166885676743,0.0,0.0
709800,2026-04-01,58.96846254927726,61.990801576872535,59.98685939553219,63.04566360052556,4.077201051248295,6.9142061281336
709800,2026-05-01,58.96846254927726,61.990801576872535,60.972404730617605,62.67641261498023,3.707950065702967,6.288022284122468
709800,2026-06-01,58.96846254927726,61.990801576872535,61.990801576872535,62.746714848882995,3.7782522996057324,6.407242339832786
709800,2026-07-01,58.96846254927726,65.01314060446781,62.97634691195795,65.33180026281202,6.3633377135347615,10.791086350974828
709811,2026-04-01,28.02233902759527,28.02233902759527,11.00525624178712,28.021681997371857,0.0,0.0
709811,2026-05-01,28.02233902759527,28.02233902759527,11.990801576872537,28.01248357424439,0.0,0.0
709811,2026-06-01,28.02233902759527,28.02233902759527,13.009198423127463,27.995729303547943,0.0,0.0
709812,2026-04-01,79.99342969776609,79.99342969776609,29.993429697766096,79.56603153745074,0.0,0.0
709812,2026-05-01,79.99342969776609,79.99342969776609,30.97897503285151,79.5361366622865,0.0,0.0
709812,2026-06-01,79.99342969776609,79.99342969776609,31.99737187910644,79.5361366622865,0.0,0.0
709812,2026-07-01,72.99605781865965,72.99605781865965,25.98554533508541,73.34921156373177,0.3531537450721203,0.4837983798377742
709813,2026-04-01,35.019710906701704,27.003942181340346,9.00131406044678,27.33311432325887,0.0,0.0
709813,2026-05-01,35.019710906701704,27.003942181340346,9.986859395532194,27.33311432325887,0.0,0.0
709813,2026-06-01,35.019710906701704,27.003942181340346,11.00525624178712,27.33311432325887,0.0,0.0
709813,2026-07-01,31.011826544021023,31.011826544021023,15.99868593955322,30.328186596583414,0.0,0.0
709815,2026-04-01,32.03022339027595,43.00262812089356,22.996057818659654,40.1376478318002,8.107424441524252,25.31179487179469
709815,2026-05-01,32.03022339027595,43.00262812089356,23.98160315374507,36.74967148488826,4.719448094612311,14.734358974358846
709815,2026-06-01,32.03022339027595,43.00262812089356,25.0,40.06701708278575,8.036793692509804,25.091282051281894
709815,2026-07-01,46.057818659658345,57.03022339027595,40.01314060446781,53.44415243101174,7.386333771353392,16.037089871611787
709816,2026-04-01,33.04862023653088,33.04862023653088,22.996057818659654,34.45992115637322,1.4113009198423399,4.270377733598492
709816,2026-05-01,33.04862023653088,33.04862023653088,23.98160315374507,34.043035479632096,0.9944152431012157,3.008946322067694
709816,2026-06-01,33.04862023653088,33.04862023653088,25.0,33.80157687253616,0.7529566360052797,2.2783300198807868
709816,2026-07-01,47.07621550591327,47.07621550591327,40.01314060446781,49.06833114323252,1.9921156373192517,4.23168178646183
709817,2026-04-01,30.02628120893561,30.02628120893561,22.996057818659654,30.199408672798903,0.1731274638632918,0.576586433260241
709817,2026-05-01,30.02628120893561,30.02628120893561,23.98160315374507,30.119579500656982,0.09329829172137138,0.31072210065629596
709817,2026-07-01,44.053876478318,44.053876478318,40.01314060446781,46.14224704336403,2.088370565046027,4.740492170022451
709818,2026-04-01,32.03022339027595,32.03022339027595,22.996057818659654,37.096583442838316,5.066360052562366,15.81743589743574
709818,2026-05-01,32.03022339027595,32.03022339027595,23.98160315374507,35.91984231274634,3.8896189224703903,12.14358974358961
709818,2026-06-01,32.03022339027595,32.03022339027595,25.0,35.49080157687248,3.4605781865965284,10.804102564102394
709818,2026-07-01,27.003942181340346,27.003942181340346,20.9592641261498,27.994086727989476,0.9901445466491303,3.6666666666666083
709819,2026-04-01,19.021024967148488,19.021024967148488,11.00525624178712,19.2335742444152,0.21254927726671013,1.1174438687389736
709819,2026-05-01,19.021024967148488,19.021024967148488,11.990801576872537,19.712220762155024,0.6911957950065357,3.633851468048178
709819,2026-06-01,19.021024967148488,19.021024967148488,13.009198423127463,19.34625492772663,0.3252299605781417,1.7098445595852563
709819,2026-07-01,45.039421813403415,45.039421813403415,40.01314060446781,46.04204993429695,1.002628120893533,2.2261123267687197
709826,2026-04-01,51.01839684625492,68.95532194480946,53.975032851511166,66.94283837056511,15.92444152431019,31.213135866065823
709826,2026-05-01,51.01839684625492,68.95532194480946,54.96057818659658,67.28482260183978,16.266425755584855,31.883451384417448
709826,2026-06-01,51.01839684625492,68.95532194480946,55.97897503285151,68.12680683311443,17.108409986859506,33.533805537669245
709826,2026-07-01,51.01839684625492,68.95532194480946,56.96452036793692,68.05814717477014,17.03975032851522,33.39922730199635
709831,2026-04-01,65.9658344283837,78.97503285151117,76.97109067017082,79.20236530880415,13.236530880420446,20.06573705179275
709831,2026-05-01,65.9658344283837,78.97503285151117,77.95663600525624,79.15341655716156,13.187582128777862,19.99153386454174
709831,2026-06-01,65.9658344283837,78.97503285151117,78.97503285151117,79.45565045992109,13.489816031537387,20.449701195219028
709831,2026-07-01,65.9658344283837,78.97503285151117,79.96057818659658,79.96057818659658,13.994743758212877,21.215139442231077
709832,2026-04-01,86.95795006570302,98.94875164257556,99.96714848883047,99.96714848883047,13.009198423127458,14.960332451832256
709832,2026-05-01,86.95795006570302,98.94875164257556,100.9526938239159,100.9526938239159,13.994743758212877,16.093690970910465
709832,2026-06-01,86.95795006570302,98.94875164257556,101.97109067017082,101.97109067017082,15.013140604467807,17.264828107291276
709832,2026-07-01,86.95795006570302,98.94875164257556,102.95663600525624,102.95663600525624,15.998685939553226,18.398186626369483
709837,2026-04-01,26.018396846254927,53.02233902759527,49.01445466491458,53.31438896189215,27.295992115637222,104.91035353535317
709837,2026-05-01,26.018396846254927,53.02233902759527,50.0,53.83672798948744,27.818331143232516,106.91792929292903
709837,2026-06-01,26.018396846254927,53.02233902759527,51.01839684625492,54.11103810775294,28.092641261498013,107.97222222222216
709837,2026-07-01,26.018396846254927,55.02628120893561,52.00394218134034,55.90374507227332,29.88534822601839,114.86237373737372
709838,2026-04-01,34.00131406044678,63.92904073587385,50.9526938239159,63.412614980289135,29.411300919842354,86.50048309178756
709838,2026-05-01,34.00131406044678,63.92904073587385,51.93823915900131,62.334099868594,28.33278580814722,83.32850241545907
709838,2026-06-01,34.00131406044678,63.92904073587385,52.95663600525624,62.79796320630753,28.796649145860748,84.69275362318852
709838,2026-07-01,34.00131406044678,63.92904073587385,53.942181340341655,62.91130091984233,28.909986859395552,85.0260869565218
709839,2026-04-01,40.01314060446781,54.00788436268069,45.99211563731932,52.5745729303548,12.56143232588699,31.39326765188834
709839,2026-05-01,40.01314060446781,54.00788436268069,46.97766097240473,52.72404730617607,12.71090670170826,31.7668308702791
709839,2026-06-01,40.01314060446781,54.00788436268069,47.99605781865966,52.84921156373193,12.83607095926412,32.07963875205253
709839,2026-07-01,40.01314060446781,54.00788436268069,48.98160315374507,53.43955321944808,13.426412614980272,33.55500821018058
709840,2026-04-01,33.08147174770039,50.0,47.010512483574246,49.49507227332456,16.41360052562417,49.61569016881825
709840,2026-05-01,33.08147174770039,50.0,47.99605781865966,48.472076215505915,15.390604467805524,46.52333664349555
709840,2026-06-01,33.08147174770039,50.0,49.01445466491458,49.01445466491458,15.93298291721419,48.162859980139025
709840,2026-07-01,33.08147174770039,33.08147174770039,50.0,50.0,16.91852825229961,51.14200595829197
709841,2026-04-01,47.99605781865966,59.98685939553219,56.99737187910644,59.87549277266761,11.879434954007955,24.750855578371127
709841,2026-05-01,47.99605781865966,59.98685939553219,57.98291721419185,60.3971747700395,12.40111695137984,25.837782340862585
709841,2026-06-01,47.99605781865966,59.98685939553219,59.00131406044678,61.382720105124925,13.386662286465267,27.891170431211687
709841,2026-07-01,47.99605781865966,64.02759526938239,59.98685939553219,63.363009198423235,15.366951379763577,32.0171115674198
709842,2026-04-01,54.96057818659658,54.96057818659658,43.98817345597897,55.35183968462554,0.3912614980289604,0.7118947997610015
709842,2026-05-01,54.96057818659658,54.96057818659658,44.97371879106439,55.084099868593995,0.12352168199741698,0.22474596533182145
709842,2026-06-01,54.96057818659658,54.96057818659658,45.99211563731932,55.20203679369255,0.24145860709597144,0.4393305439331364
709842,2026-07-01,54.96057818659658,54.96057818659658,46.97766097240473,55.05223390275956,0.09165571616298251,0.16676628810527125
709845,2026-04-01,44.97371879106439,44.97371879106439,40.9658344283837,45.73653088042054,0.7628120893561459,1.6961285609935046
709845,2026-05-01,44.97371879106439,44.97371879106439,41.95137976346912,45.22700394218139,0.253285151116998,0.5631848064281533
709845,2026-06-01,44.97371879106439,44.97371879106439,42.96977660972404,45.517411300919875,0.5436925098554823,1.208911614317084
709845,2026-07-01,44.97371879106439,44.97371879106439,43.95532194480946,45.9954007884363,1.021681997371907,2.271731190650171
709847,2026-04-01,38.96189224704336,50.9526938239159,38.96189224704336,50.18166885676746,11.2197766097241,28.7967959527826
709847,2026-05-01,38.96189224704336,50.9526938239159,39.94743758212878,49.235216819973736,10.273324572930377,26.36762225969652
709847,2026-06-01,38.96189224704336,50.9526938239159,40.9658344283837,49.793363994743785,10.831471747700427,27.800168634064164
709847,2026-07-01,38.96189224704336,50.9526938239159,41.95137976346912,49.02628120893564,10.064388961892284,25.831365935919155
709848,2026-04-01,46.97766097240473,46.97766097240473,45.99211563731932,48.72700394218141,1.7493429697766842,3.7237762237763823
709848,2026-05-01,46.97766097240473,54.00788436268069,46.97766097240473,50.251971090670196,3.2743101182654684,6.969930069930131
709848,2026-06-01,46.97766097240473,54.00788436268069,47.99605781865966,54.50229960578186,7.52463863337713,16.017482517482506
709848,2026-07-01,46.97766097240473,54.00788436268069,48.98160315374507,53.12910643889618,6.151445466491452,13.09440559440558
709849,2026-04-01,20.03942181340341,22.963206307490143,21.97766097240473,25.65341655716163,5.613994743758219,28.014754098360694
709849,2026-05-01,20.03942181340341,29.993429697766096,22.963206307490143,28.530880420499365,8.491458607095954,42.37377049180343
709849,2026-06-01,20.03942181340341,29.993429697766096,23.98160315374507,29.513140604467836,9.473718791064424,47.27540983606576
709849,2026-07-01,20.03942181340341,29.993429697766096,24.967148488830485,29.281865965834445,9.242444152431034,46.12131147540996
709850,2026-04-01,31.964520367936924,36.00525624178712,30.97897503285151,36.29040735873853,4.325886990801603,13.533401849948696
709850,2026-05-01,31.964520367936924,36.00525624178712,31.964520367936924,35.77792378449412,3.813403416557197,11.93011305241532
709850,2026-06-01,31.964520367936924,36.00525624178712,32.98291721419185,36.88929040735878,4.924770039421855,15.406988694758608
709850,2026-07-01,31.964520367936924,41.95137976346912,33.96846254927726,39.932325886990775,7.967805519053851,24.927029804727567
709851,2026-04-01,47.010512483574246,47.010512483574246,35.019710906701704,47.12877792378448,0.11826544021023722,0.2515723270439986
709851,2026-05-01,47.010512483574246,47.010512483574246,36.00525624178712,46.858738501971075,0.0,0.0
709851,2026-06-01,47.010512483574246,47.010512483574246,37.023653088042046,47.19908015768724,0.18856767411299558,0.4011180992312778
709851,2026-07-01,47.010512483574246,47.010512483574246,38.009198423127465,47.614651773981606,0.6041392904073604,1.285115303983232
709856,2026-04-01,15.045992115637318,37.023653088042046,35.019710906701704,36.2831800262812,21.237187910643883,141.1484716157205
709856,2026-05-01,15.045992115637318,37.023653088042046,36.00525624178712,36.82293035479629,21.776938239158973,144.73580786026184
709856,2026-06-01,15.045992115637318,37.023653088042046,37.023653088042046,37.023653088042046,21.977660972404728,146.06986899563316
709856,2026-06-01,15.045992115637318,37.023653088042046,37.023653088042046,37.023653088042046,21.977660972404728,146.06986899563316
709856,2026-07-01,15.045992115637318,39.02759526938239,38.009198423127465,38.02102496714847,22.975032851511152,152.69868995633178
709857,2026-04-01,24.014454664914584,39.02759526938239,34.00131406044678,37.89980289093296,13.885348226018376,57.820793433652454
709857,2026-05-01,24.014454664914584,39.02759526938239,34.98685939553219,38.483574244415216,14.469119579500632,60.25170998632001
709857,2026-06-01,24.014454664914584,39.02759526938239,36.00525624178712,38.77628120893558,14.761826544020995,61.470588235294
709857,2026-07-01,24.014454664914584,39.02759526938239,36.990801576872535,39.03449408672796,15.020039421813376,62.54582763337883
709859,2026-04-01,22.04336399474376,97.99605781865964,95.99211563731932,96.27332457293026,74.2299605781865,336.745156482861
709859,2026-05-01,22.04336399474376,97.99605781865964,96.97766097240472,97.52266754270691,75.47930354796316,342.41281669150493
709859,2026-06-01,22.04336399474376,97.99605781865964,97.99605781865964,98.79467805519053,76.75131406044677,348.18330849478383
709859,2026-07-01,22.04336399474376,101.01839684625492,98.98160315374508,99.57490144546657,77.53153745072281,351.7228017883759
709864,2026-04-01,34.98685939553219,61.990801576872535,55.97897503285151,63.279566360052506,28.292706964520313,80.86666666666652
709864,2026-05-01,34.98685939553219,66.95137976346912,56.96452036793692,64.69973718791063,29.712877792378436,84.9258215962441
709864,2026-06-01,34.98685939553219,66.95137976346912,57.98291721419185,66.27858081471746,31.291721419185265,89.43849765258211
709864,2026-07-01,34.98685939553219,66.95137976346912,58.96846254927726,65.88107752956631,30.89421813403412,88.30234741784024
709865,2026-04-01,20.03942181340341,41.03153745072273,36.00525624178712,40.46616294349538,20.426741130091965,101.93278688524583
709865,2026-05-01,20.03942181340341,44.021024967148485,36.990801576872535,42.10808147174772,22.068659658344306,110.12622950819686
709865,2026-06-01,20.03942181340341,44.021024967148485,38.009198423127465,41.07950065703025,21.04007884362684,104.99344262295101
709865,2026-07-01,20.03942181340341,44.021024967148485,38.99474375821288,38.99474375821288,18.955321944809466,94.59016393442627
738679,2026-07-01,40.9658344283837,40.9658344283837,20.9592641261498,40.96484888304871,0.0,0.0
834015,2026-07-01,40.9658344283837,40.9658344283837,20.9592641261498,40.96517739816041,0.0,0.0
900808,2026-04-01,20.07227332457293,38.009198423127465,37.023653088042046,37.023653088042046,16.951379763469117,84.45171849427167
900808,2026-05-01,20.07227332457293,38.009198423127465,38.009198423127465,38.009198423127465,17.936925098554536,89.3617021276596
900874,2026-04-01,60.0197109067017,82.06307490144546,37.023653088042046,80.49802890932978,20.47831800262808,34.11932129173502
900874,2026-05-01,60.0197109067017,82.06307490144546,38.009198423127465,80.51839684625486,20.498685939553162,34.153256704980755
900874,2026-06-01,60.0197109067017,82.06307490144546,39.02759526938239,80.51839684625486,20.498685939553162,34.153256704980755
900874,2026-07-01,22.996057818659654,45.039421813403415,2.9894875164257555,22.488830486202374,0.0,0.0
914467,2026-07-01,36.00525624178712,36.00525624178712,15.99868593955322,35.99934296977664,0.0,0.0
938832,2026-07-01,36.00525624178712,36.00525624178712,4.007884362680684,36.005256241787166,4.263256414560601e-14,1.1840650114892764e-13
944288,2026-07-01,18.00262812089356,18.00262812089356,12.976346911957949,18.002956636005276,0.00032851511171472225,0.0018248175183569607
946208,2026-07-01,36.00525624178712,36.00525624178712,0.985545335085414,36.005256241787166,4.263256414560601e-14,1.1840650114892764e-13
976009,2026-07-01,36.00525624178712,36.00525624178712,12.976346911957949,36.005256241787166,4.263256414560601e-14,1.1840650114892764e-13
