project_code,report_month,agency,state,physical_progress,cumulative_expenditure,original_cost,target_total_cost,predicted_total_cost,cost_overrun_percent
108841,July 2026,Department of Telecommunications,PAN India,8.15,435.31,3742.0,3742.0,3846.3152,2.787685729556387
124199,July 2026,Department of Telecommunications,PAN India,0.0,83.68,837.0,837.0,810.7070999999996,-3.1413261648745965
171218,July 2026,Department of Telecommunications,PAN India,26.58,0.0,1245.0,1245.0,1168.6379,-6.133502008032133
175860,July 2026,Department of Telecommunications,PAN India,8.4,562.13,4943.0,4943.0,4972.329800000001,0.5933603075055905
210914,July 2026,Department of Telecommunications,PAN India,15.13,223.41,1674.0,1674.0,1644.5964999999997,-1.7564814814815022
222253,July 2026,East,Uttar Pradesh,7.65,502.0,5008.0,5008.0,4825.555700000001,-3.643057108626182
240484,July 2026,Department of Telecommunications,PAN India,0.0,83.16,832.0,832.0,806.3437999999999,-3.0836778846154
245986,July 2026,Prahladpura to Todi Mod,Rajasthan,1.79,1.79,13037.66,13037.66,13692.408099999999,5.021975569235575
298178,July 2026,3x800 MW,Uttar Pradesh,0.02,1002.73,38358.0,38358.0,37056.660299999996,-3.392616142656041
317725,July 2026,Department of Telecommunications,PAN India,0.0,0.0,1713.0,1713.0,1709.4684999999997,-0.20615878575599988
364934,July 2026,Steel Authority of India Limited (SAIL,West Bengal,18.72,70.37,999.46,999.46,990.6004000000014,-0.8864386768853818
400005,April 2026,Power Grid Corporation of India Limited [POWERGRID],"Multi-States (Dadra & Nagar Haveli and Daman & Diu, Gujarat, Maharashtra)",99.9,4528.07,4546.26,4546.26,4975.546900000005,9.442638564446481
400006,July 2026,South Eastern Railway [SER] - I,Odisha,44.0,743.46,808.99,808.99,894.3507000000006,10.551514851852389
400010,July 2026,Airport Authority of India [AAI],Ladakh,88.0,512.55,480.0,640.0,587.8019,22.45872916666668
400012,July 2026,Indian Oil Corporation Limited [IOCL],Uttar Pradesh,96.0,8504.21,10088.0,10088.0,11191.889299999999,10.94259813639967
400013,July 2026,Department of Telecommunications [DoT],PAN India,87.7,8722.82,26316.0,15392.84,18734.320000000014,-28.8101535187718
400018,July 2026,Eastern Coal Fields Limited [ECL],Jharkhand,63.3,455.95,859.41,859.41,864.9681000000013,0.6467343875450986
400019,June 2026,Central Railway,Maharashtra,38.0,560.32,492.76,1170.83,956.0650000000004,94.02244500365298
400022,July 2026,CAOC/NWR NWR mor,"Multi-States (Gujarat, Rajasthan)",48.0,1953.58,2798.0,3198.16,3416.6657999999966,22.111000714796162
400023,July 2026,South Western Railway [SWR] - II,Karnataka,0.5,3.43,749.0,749.0,741.7617000000002,-0.9663951935914223
400033,July 2026,WCL - CIL,Maharashtra,34.25,112.17,580.61,580.61,573.1713000000003,-1.2811870274366095
400035,May 2026,Indian Oil Corporation Limited [IOCL],Tripura,97.7,541.81,656.0,656.0,659.9107999999999,0.5961585365853477
400043,July 2026,MinistryofPetroleumNaturalGas,Tamil Nadu,81.0,382.47,829.0,829.0,816.1803,-1.546405307599519
400045,July 2026,East Coast Railway [ECoR] - II,Odisha,82.0,69.85,168.32,168.32,166.35479999999993,-1.167538022813728
400047,July 2026,East Coast Railway [ECoR] - II,Odisha,53.0,41.17,210.0,210.0,210.13510000000002,0.06433333333334412
400048,July 2026,East Coast Railway [ECoR] - II,Odisha,88.0,105.07,186.21,186.21,186.24220000000017,0.017292304387605085
400062,July 2026,Damodar Valley Corporation,West Bengal,13.0,2268.62,17673.0,17673.0,18074.314599999998,2.2707780229728844
400073,July 2026,CCL - CIL,Jharkhand,50.78,175.59,674.65,674.65,673.5771000000007,-0.15903060846354733
400074,July 2026,CCL - CIL,Jharkhand,23.28,237.61,849.31,849.31,853.1118999999994,0.4476457359502983
400078,June 2026,Ministry of Petroleum & Natural Gas,"Multi-States (Gujarat, Haryana, Rajasthan)",94.1,7482.71,9028.0,9028.0,9489.892100000001,5.116217323881269
400081,July 2026,Department of Sports & Youth Affairs,Manipur,97.5,577.32,906.47,611.74,910.0425999999997,0.3941222544595656
400087,July 2026,Oil and Natural Gas Corporation Limited [ONGC],Gujarat,95.6,1062.32,885.63,1347.61,1298.6335000000001,46.63386515813603
400093,April 2026,Irrigation & Water Resources-UP,Uttar Pradesh,1.76,22.24,1672.7,1672.7,1623.0318000000004,-2.969342978418103
400095,April 2026,Department of water resources-MH - II,Maharashtra,53.93,459.06,743.73,743.73,745.9346000000006,0.2964247778092313
400096,April 2026,Water resource-mp,Madhya Pradesh,49.78,208.06,648.09,648.09,644.9802999999991,-0.47982533290143103
400097,April 2026,"Narmada and Water Resources, Water Supply and Kalpsar Department-GJ",Gujarat,90.3,4956.98,5021.76,6670.31,6335.245400000009,26.15587762059534
400100,July 2026,Water Resources-AP,Andhra Pradesh,95.88,879.15,353.05,1023.24,879.15,149.0157201529528
400101,July 2026,Water Resources-AP,Andhra Pradesh,98.3,624.78,397.41,697.39,631.4259999999998,58.88528220225957
400102,July 2026,Irrigation and CAD-TG,Telangana,97.0,971.47,736.13,949.87,1002.8069999999991,36.22688927227516
400103,July 2026,Irrigation and CAD-TG,Telangana,92.0,4491.08,1331.3,5940.09,5166.477000000009,288.07759332982863
400105,April 2026,Department of water resources-MH - II,Maharashtra,76.22,713.46,580.79,895.81,859.576199999999,48.00120525491124
400107,April 2026,Department of water resources-MH - II,Maharashtra,80.54,2779.38,2407.67,2407.67,2995.8218000000015,24.42825636403666
400109,April 2026,Department of water resources-MH - II,Maharashtra,69.63,690.49,848.07,888.43,889.1464999999988,4.843527067340993
400111,July 2026,Water Resources-CT,Chhattisgarh,73.0,620.15,459.97,727.04,688.9219000000002,49.77539839554756
400112,April 2026,Department of water resources-MH - II,Maharashtra,92.0,10516.63,7222.95,7222.95,10516.63,45.600204902429056
400115,July 2026,Water Resources-MP,Madhya Pradesh,75.0,814.02,751.03,893.35,909.8373999999998,21.14528048147209
400116,July 2026,Water Resources-MP,Madhya Pradesh,81.52,2270.96,1229.15,1399.7,2270.96,84.75857299759996
400119,July 2026,Oil and Natural Gas Corporation Limited [ONGC],Offshore,90.0,3123.2,3190.69,3375.9,3459.1377000000025,8.413468560092094
400120,July 2026,Oil and Natural Gas Corporation Limited [ONGC],Andhra Pradesh,96.9,33192.0,34012.0,34012.0,36791.575300000004,8.172337116311903
400121,July 2026,National Mineral Development Corporation Limited [NMDC],Karnataka,70.33,649.52,1043.63,1043.63,1098.0718999999992,5.216590170845905
400136,July 2026,CCL - CIL,Jharkhand,16.77,17.03,2660.0,2660.0,2698.576100000001,1.4502293233083132
400138,July 2026,CCL - CIL,Jharkhand,25.11,772.12,973.5,973.5,1017.6449,4.534658448895738
400139,July 2026,Ministry of Coal,Jharkhand,45.78,456.48,625.4,625.4,655.0862000000005,4.746754077390559
400141,July 2026,National Aluminium Company Limited [NALCO],Odisha,95.64,5023.49,4103.0,5677.4,5821.312600000009,41.87941993663196
400142,July 2026,NLC India Limited,Jharkhand,87.0,1432.45,2242.9,2242.9,2343.0269999999978,4.464175843773583
400144,July 2026,SECL - CIL,Chhattisgarh,11.81,118.97,2310.12,2310.12,2304.816099999998,-0.22959413363815317
400148,July 2026,SECL - CIL,Madhya Pradesh,75.15,325.09,869.44,869.44,787.5511000000002,-9.418579775487647
400149,July 2026,SECL - CIL,Chhattisgarh,55.95,1039.65,2309.8,2309.8,2343.3900999999964,1.4542427915835245
400150,July 2026,Ministry of Coal,Jharkhand,39.42,2299.77,6964.33,6964.33,6926.691999999996,-0.5404396402813129
400151,July 2026,Ministry of Coal,Jharkhand,68.9,598.34,634.3,634.3,684.5149999999998,7.916600977455432
400153,July 2026,Ministry of Coal,Jharkhand,24.02,85.34,995.57,995.57,998.0447000000017,0.24857117028452944
400154,July 2026,Ministry of Coal,Jharkhand,11.24,14.78,639.6,639.6,636.5502999999994,-0.4768136335210441
400155,July 2026,Ministry of Coal,Jharkhand,27.74,186.02,2821.07,2821.07,2832.921300000004,0.420099465805666
400156,July 2026,CCL - CIL,Jharkhand,43.69,1838.82,4983.57,4983.57,4886.172000000005,-1.9543820995791106
400160,July 2026,CCL - CIL,Jharkhand,75.61,488.71,510.85,510.85,526.3093999999995,3.0262112165996875
400162,July 2026,NCL - CIL,Madhya Pradesh,51.31,545.34,998.71,998.71,1001.043200000001,0.23362137156941887
400165,July 2026,MCL - CIL,Odisha,46.57,1332.87,1693.81,1693.81,1880.0554999999988,10.99565476647315
400166,July 2026,Mahanadi Coalfields Limited [MCL],Odisha,61.04,3543.45,5194.95,5194.95,5104.8688000000075,-1.7340147643382968
400167,July 2026,Oil and Natural Gas Corporation Limited [ONGC],Gujarat,96.8,1127.73,1162.56,1162.56,1210.293899999999,4.105930016515194
400168,July 2026,Gas Authority of India Limited [GAIL],Maharashtra,91.9,8861.88,8797.0,11256.0,9792.1745,11.312657724224158
400169,July 2026,Oil and Natural Gas Corporation Limited [ONGC],Gujarat,93.7,622.24,631.03,845.42,699.1028999999994,10.78758537628947
400171,July 2026,Hindustan Petroleum Corporation Limited,Punjab,95.9,1291.35,1421.46,1421.46,1446.608700000001,1.769216158034758
400172,July 2026,ECL - CIL,Jharkhand,53.03,276.0,513.99,513.99,513.9644999999999,-0.004961186015307521
400173,July 2026,Eastern Coal Fields Limited [ECL],West Bengal,31.52,153.96,888.99,888.99,880.7181999999998,-0.9304716588488298
400174,July 2026,Steel Authority of India Limited [SAIL],Jharkhand,64.26,1028.11,1034.01,1752.3,1641.7332999999992,58.77344513109149
400177,July 2026,WCL - CIL,Maharashtra,80.77,564.25,727.28,727.28,725.8851999999996,-0.19178308216922962
400178,July 2026,WCL - CIL,Maharashtra,40.63,792.0,822.88,822.88,982.4365999999998,19.390020416099528
400180,July 2026,Eastern Coal Fields Limited [ECL],West Bengal,17.13,98.58,570.11,570.11,573.7519000000003,0.6388065461051912
400181,July 2026,ECL - CIL,West Bengal,28.58,88.9,502.68,502.67,481.8460999999999,-4.1445651308984015
400182,April 2026,ECL - CIL,West Bengal,14.61,5.74,535.18,535.17,535.6549999999992,0.08875518517119978
400183,July 2026,Mahanadi Coalfields Limited [MCL],Odisha,62.06,963.81,3504.21,3504.21,3579.637900000003,2.152493714703253
400185,July 2026,MCL - CIL,Odisha,35.8,1777.54,8416.19,6107.87,6971.613699999999,-17.16425484690818
400186,July 2026,ECL - CIL,West Bengal,12.14,53.97,749.08,749.07,747.5676000000005,-0.20190099855816496
400187,July 2026,MCL - CIL,Odisha,82.9,2133.7,2434.75,2434.75,2511.1009000000004,3.1358825341410976
400188,July 2026,National Buildings Construction Corporation [NBCC],Delhi,46.7,14370.45,32850.0,32841.0,32550.534900000006,-0.9116136986301187
400192,July 2026,Damodar Valley Corporation,Jharkhand,37.0,624.86,1581.0,1581.0,1574.4315000000001,-0.41546489563566463
400203,July 2026,Railway,Chhattisgarh,43.7,792.73,1686.22,2438.53,2114.699999999999,25.41068188018164
400204,July 2026,CAOC/NER NER mor,Uttar Pradesh,15.0,1671.24,4939.78,4939.78,5288.374400000009,7.056881075675618
400205,July 2026,CAOC/NER NER mor,Uttar Pradesh,1.0,728.08,1319.75,1319.75,1653.3162999999995,25.274961166887632
400220,July 2026,Indian Railway Construction International Limited [IRCON],Chhattisgarh,95.15,2790.19,3055.0,3798.06,3708.092199999998,21.37781342062186
400223,July 2026,CAOC/SR SR mor,"Multi-States (Puducherry, Tamil Nadu)",80.0,1267.74,713.0,1748.55,1707.795299999999,139.5224824684431
400231,July 2026,NLC India Limited,Odisha,4.1,3574.21,27212.96,27212.96,28799.16059999998,5.828842580887864
400232,July 2026,CAO/C/ECOR ECoR mor,Odisha,55.0,46.39,297.0,296.51,296.6824999999996,-0.10690235690248935
400247,July 2026,CAOC/ER ER mor,West Bengal,49.0,925.7,1000.0,2153.91,1879.0557000000015,87.90557000000014
400253,June 2026,RVNL - II,"Multi-States (Andhra Pradesh, Odisha)",99.0,6260.17,4803.0,6669.91,6817.546699999998,41.94350822402661
400254,July 2026,CAO/Con/North/MHX ECR mor,Bihar,80.0,615.69,735.2,802.45,806.0406999999989,9.635568552774595
400259,April 2026,NLC India Limited [NLCIL],Uttar Pradesh,95.68,21237.52,17237.8,21780.9,22208.087899999977,28.833655686920473
400261,July 2026,National Thermal Power Corporation [NTPC],Jharkhand,92.0,19735.72,18668.0,20302.0,20919.830099999992,12.062513927576559
400271,June 2026,Central Railway [CR] - II,Maharashtra,50.0,3002.93,3445.0,3445.0,3506.0240999999996,1.7713817126269853
400273,July 2026,CAOC/ER ER mor,West Bengal,75.0,1607.64,1189.0,1878.82,2516.5712000000008,111.65443229604716
400275,July 2026,CAOC/SR SR mor,"Multi-States (Andhra Pradesh, Tamil Nadu)",16.0,1175.82,3631.0,3631.34,3613.3284,-0.48668686312311005
400277,June 2026,RVNL - II,West Bengal,87.0,8984.66,8964.0,8964.0,9847.208300000002,9.852836903168251
400280,July 2026,Ministry of Railways,Tamil Nadu,99.9,486.53,734.0,734.01,753.7336,2.6885013623978233
400291,July 2026,CAO/C/ECOR ECoR mor,Chhattisgarh,89.0,1369.01,1589.0,1798.0,1707.5189,7.458709880427944
400298,July 2026,CAO/C/SCoR SCoR mor,Andhra Pradesh,2.0,2535.68,2312.0,5906.03,5612.223000000009,142.74320934256096
400299,July 2026,National Aluminium Company Limited [NALCO],Odisha,52.4,770.37,1381.0,1960.77,1771.020599999999,28.241897175959373
400301,July 2026,MinistryofPetroleumNaturalGas,Tamil Nadu,86.4,1206.36,678.0,1732.0,1664.9015,145.56069321533923
400312,July 2026,Eastern Coal Fields Limited [ECL],West Bengal,52.04,633.57,1210.12,1210.12,1213.2167999999992,0.25590850494160483
400315,July 2026,Eastern Coal Fields Limited [ECL],West Bengal,18.5,697.64,5365.88,5365.88,5309.099200000004,-1.0581824416497556
400321,July 2026,NCL - CIL,Madhya Pradesh,53.73,985.35,1729.68,1729.68,2144.5560000000005,23.985708339114773
400352,July 2026,Ministry of Coal,Jharkhand,32.45,1.97,654.87,654.87,652.2382000000007,-0.40188128941611556
400353,July 2026,WCL - CIL,Maharashtra,19.02,174.66,711.01,711.01,715.5215000000004,0.634519908299519
400354,July 2026,SECL - CIL,Chhattisgarh,39.34,2941.23,5241.4,5241.4,5320.387300000007,1.5069885908346445
400369,July 2026,NCL - CIL,"Multi-States (Madhya Pradesh, Uttar Pradesh)",92.05,917.1,836.42,836.42,933.0445999999988,11.552162789029298
400382,June 2026,Reliance Industries Ltd,Maharashtra,88.0,5999.89,6000.0,6000.0,6211.754500000001,3.5292416666666817
400392,July 2026,MCL - CIL,Odisha,53.54,1716.58,2838.86,2838.86,3212.1645000000003,13.149803089972742
400416,July 2026,Ministry of Coal,Jharkhand,72.0,1784.77,1799.64,2564.34,2515.586599999998,39.782767664643906
400424,July 2026,SECL - CIL,Chhattisgarh,78.48,7825.46,11816.4,11816.4,13128.124,11.100876747571174
400425,July 2026,BCCL - CIL,Jharkhand,84.02,800.25,1230.27,1230.27,1262.2857000000013,2.6023311955913164
400426,July 2026,Hindustan Copper Limited [HCL],Madhya Pradesh,28.0,1018.09,1856.36,3800.0,3272.3200000000006,76.27615333232782
425828,July 2026,Steel Authority of India Limited (SAIL,West Bengal,11.87,132.26,706.51,706.51,720.0927000000005,1.9225064047218723
437130,July 2026,Department of Telecommunications,PAN India,8.28,170.05,1621.0,1621.0,1646.3784000000003,1.5656014805675684
462136,July 2026,Department of Telecommunications,PAN India,0.0,0.0,768.0,768.0,759.1855,-1.1477213541666607
476006,July 2026,Department of Telecommunications,PAN India,23.18,148.93,1292.0,1292.0,1266.8146999999997,-1.9493266253870223
478482,July 2026,Steel Authority of India Limited (SAIL,Odisha,0.0,73.91,1064.55,1064.55,1056.1205000000002,-0.7918369264008016
505491,July 2026,Steel Authority of India Limited (SAIL,Chhattisgarh,0.0,0.0,268.36,268.36,268.0750000000003,-0.10620062602464629
547243,July 2026,Department of Telecommunications,PAN India,93.33,20691.72,22174.56,22174.56,22869.021500000028,3.131793821388233
589703,July 2026,Steel Authority of India Limited (SAIL,Odisha,89.83,134.29,216.02,216.02,217.63180000000023,0.746134617165177
601812,July 2026,National Industrial Corridor Development Corporation,Telangana,4.87,42.89,2360.0,2360.0,2328.7766999999994,-1.3230211864407018
602096,July 2026,National Hydroelectric Power Corporation Limited [NHPC],"Multi-States (Arunachal Pradesh, Assam)",97.98,26448.07,6285.33,26075.54,26448.07,320.79047559953096
602098,July 2026,"Indian Institute of Management, Jammu",Jammu and Kashmir,96.0,484.52,424.93,500.91,490.6102000000005,15.456710517026442
602099,July 2026,"Indian Institute of Management, Sirmaur",Himachal Pradesh,98.6,339.65,392.51,454.78,437.3661999999996,11.428040049934934
602181,July 2026,National Hydroelectric Power Corporation Limited [NHPC],Sikkim,73.78,4572.68,5748.04,5748.04,5875.0086999999985,2.2089042525799845
602182,July 2026,National Hydroelectric Power Corporation Limited [NHPC],Arunachal Pradesh,17.93,4921.36,31876.39,31876.39,31991.18970000001,0.3601402166305861
602184,July 2026,National Thermal Power Corporation [NTPC],West Bengal,57.86,1690.73,1381.84,2865.56,2768.342899999999,100.33744138250444
602185,July 2026,National Thermal Power Corporation [NTPC],Uttarakhand,76.07,7827.81,2978.0,10907.3,7827.81,162.85460040295501
602195,July 2026,THDC India Limited,Uttarakhand,81.5,5832.69,3860.35,6405.08,6474.877200000001,67.72772417008824
602223,July 2026,Power Grid Corporation of India Limited [POWERGRID],"Multi-States (Arunachal Pradesh, Sikkim)",83.9,8141.52,4754.42,9129.32,8635.44879999999,81.62991069362802
602525,July 2026,National Hydroelectric Power Corporation Limited [NHPC],Jammu and Kashmir,82.05,9313.54,8112.12,12728.0,11786.706700000002,45.29748943556065
602532,July 2026,National Hydroelectric Power Corporation Limited [NHPC],Jammu and Kashmir,87.0,3948.67,4287.59,5409.0,5021.468100000001,17.116331085761484
602535,July 2026,National Hydroelectric Power Corporation Limited [NHPC],Jammu and Kashmir,31.53,1645.11,5281.94,5281.94,5297.380100000002,0.2923187313752624
602538,July 2026,Damodar Valley Corporation,West Bengal,97.0,1143.06,1037.0,1106.0,1143.06,10.227579556412723
602579,July 2026,Satluj Jal Vidyut Nigam [SJVN] Thermal Limited,Bihar,95.01,13731.77,10439.09,13756.56,13731.77,31.541829795508995
602582,July 2026,Satluj Jal Vidyut Nigam [SJVN] Thermal Limited,Himachal Pradesh,80.69,1275.68,687.97,1763.31,1715.2282999999986,149.31731034783473
602593,July 2026,Satluj Jal Vidyut Nigam [SJVN] Thermal Limited,Himachal Pradesh,52.13,1980.59,1810.56,4345.31,3843.2536000000005,112.26877872039593
602792,July 2026,SECR,Chhattisgarh,100.0,448.77,1171.0,1171.0,1159.7198999999994,-0.9632877882152545
602797,July 2026,CAOC/ER ER mor,"Multi-States (Uttar Pradesh, West Bengal)",15.0,185.23,461.64,797.94,696.6170000000005,50.900485226583605
602961,July 2026,National Thermal Power Corporation [NTPC],Odisha,55.0,7031.31,11843.75,12543.0,12177.184099999997,2.815274722955118
603210,July 2026,National Industrial Corridor Development Corporation,Rajasthan,6.32,0.0,921.66,921.66,935.0954000000014,1.4577392964869298
603293,July 2026,National Thermal Power Corporation [NTPC],Jharkhand,67.86,438.57,502.0,784.0,684.9632,36.44685258964144
603945,July 2026,Water Resources-OR,Odisha,62.85,2810.1,567.03,2990.05,2810.1,395.58224432569705
604791,July 2026,Numaligarh Refinery Limited,Assam,87.0,20411.19,12366.0,25313.0,23861.8122,92.96306162057255
604795,July 2026,Chennai Petroleum Corporation Limited [CPCL],Tamil Nadu,10.2,1615.38,31580.0,36354.0,32484.213600000003,2.8632476250791727
604833,July 2026,Indian Oil Corporation Limited [IOCL],Maharashtra,86.0,281.24,281.35,389.67,352.94899999999944,25.448373911497924
604852,July 2026,Indian Oil Corporation Limited [IOCL],Uttar Pradesh,77.2,308.35,980.45,980.45,977.1074999999988,-0.3409148860218495
604853,July 2026,Indian Oil Corporation Limited [IOCL],Haryana,65.4,1922.03,2281.94,3200.0,3195.104599999999,40.01702936974675
604859,July 2026,Indian Oil Corporation Limited [IOCL],Odisha,94.9,8870.29,13805.0,11783.0,12329.623400000004,-10.687262586019528
604863,July 2026,Oil India Limited,Assam,94.4,601.12,682.9,726.93,716.6660999999997,4.9445160345584585
605155,July 2026,National Hydroelectric Power Corporation Limited [NHPC],Jammu and Kashmir,36.52,1701.47,4526.12,4526.12,4651.202599999998,2.7635723312682368
605156,July 2026,National Hydroelectric Power Corporation Limited [NHPC],Sikkim,97.56,1718.16,938.29,1828.11,1784.6861999999985,90.20624753541001
605292,July 2026,"Indian intitue of Management, Amritsar",Punjab,91.7,293.24,348.31,386.86,393.04190000000034,12.84255404668265
606013,July 2026,NIT Patna,Bihar,98.6,449.96,499.21,499.21,495.93779999999947,-0.6554756515295186
606112,July 2026,Tezpur University,Assam,97.98,266.14,153.71,153.71,266.14,73.14423264589159
606431,July 2026,INDIAN INSTITUTE OF TECHNOLOGY PALAKKAD,Kerala,86.5,686.2,1006.45,1217.4,1039.7521,3.308867802672749
606479,July 2026,Banaras Hindu University,Uttar Pradesh,99.1,212.35,246.0,246.0,252.21200000000005,2.525203252032539
607653,July 2026,CAO/C/NR,Punjab,99.0,61.39,234.78,234.78,233.76330000000013,-0.43304370048550656
607701,April 2026,Ministry of Petroleum & Natural Gas,Assam,94.9,457.64,412.3,577.0,531.4764,28.905263157894733
607709,July 2026,Power Grid Corporation of India Limited [POWERGRID],"Multi-States (Assam, Manipur, Meghalaya, Mizoram, Nagaland, Tripura)",99.2,5577.75,5111.33,6700.0,6626.0277000000015,29.63412066918007
609019,July 2026,"Indian Institute of Technology, Kharagpur",West Bengal,97.0,418.86,500.0,442.0,500.88849999999985,0.17769999999997027
609424,July 2026,Deendayal Port Trust,Gujarat,60.0,2737.7,4243.64,4243.64,4273.729800000006,0.7090563761300701
609736,July 2026,Sikkim University,Sikkim,96.5,292.0,314.06,340.55,334.8164999999997,6.609087435521771
609996,July 2026,"Indian Institute of Technology, Hyderabad",Telangana,90.39,223.65,262.0,262.0,261.66689999999994,-0.12713740458017503
610315,July 2026,"Indian Institutes of Science Education and Research, Behrampur",Odisha,98.5,874.09,1229.32,843.09,1085.6996999999988,-11.682905996811343
610984,July 2026,Oil and Natural Gas Corporation Limited [ONGC],Jharkhand,66.2,267.74,431.0,431.0,429.6442000000001,-0.3145707656612237
611016,April 2026,Ministry of Coal,West Bengal,97.6,363.14,384.57,384.57,390.68849999999975,1.5909977377329891
611017,April 2026,Ministry of Coal,Jharkhand,51.81,162.75,334.27,334.27,332.2244000000001,-0.6119603913004055
611047,July 2026,Airport Authority of India [AAI],Jammu and Kashmir,58.35,370.44,861.37,861.37,834.4701999999996,-3.1229088544992707
611452,June 2026,Western Railway,"Multi-States (Gujarat, Maharashtra)",93.0,263.42,311.0,311.0,309.1257,-0.6026688102893908
611495,July 2026,Airport Authority of India [AAI],West Bengal,27.9,548.3,1549.0,1549.0,1552.6743999999997,0.237211103938002
611509,July 2026,Damodar Valley Corporation,Jharkhand,14.3,2229.31,14358.0,14358.0,14596.979100000002,1.6644316757208684
611570,July 2026,Airport Authority of India [AAI],"Multi-States (Karnataka, Maharashtra, Telangana, Uttar Pradesh)",80.0,399.77,500.48,500.48,501.4898000000004,0.20176630434790244
611586,July 2026,Satluj Jal Vidyut Nigam [SJVN] Thermal Limited,Himachal Pradesh,34.66,1152.21,2614.51,4555.49,3918.325699999996,49.86845336219771
611602,July 2026,Airport Authority of India [AAI],Tamil Nadu,46.0,331.85,1207.0,1207.0,1124.3475000000003,-6.8477630488814984
611669,July 2026,North Eastern Railway [NER],"Multi-States (Bihar, Uttar Pradesh)",25.0,258.65,380.47,380.47,382.43590000000023,0.5167030252057202
611698,July 2026,North Eastern Electric Power Corporation Limited,Arunachal Pradesh,6.58,106.28,1938.85,1938.85,1870.5164000000013,-3.5244397452097154
611699,July 2026,North Eastern Electric Power Corporation Limited,Arunachal Pradesh,5.6,79.45,1750.07,1750.07,1714.0597000000012,-2.0576491226064544
611716,July 2026,North Eastern Electric Power Corporation Limited,Arunachal Pradesh,6.59,253.97,8146.21,8146.21,8249.917799999997,1.2730803649795108
611735,July 2026,Power Grid Corporation of India Limited [POWERGRID],"Multi-States (Delhi, Rajasthan)",68.9,235.01,331.0,331.0,330.6679999999999,-0.1003021148036578
611751,July 2026,CAOCON/SCR SCR mor,Maharashtra,0.0,381.13,960.64,960.64,924.8052000000004,-3.7303047968020935
611752,July 2026,CAO/C/SCoR SCoR mor,Andhra Pradesh,0.0,149.34,351.83,351.83,367.7082000000005,4.5130318619789405
611754,July 2026,CAO/C/SCoR SCoR mor,Andhra Pradesh,0.0,91.42,293.3,293.3,298.38689999999957,1.7343675417659594
611855,July 2026,CAOC/NWR NWR mor,Rajasthan,75.0,816.16,968.92,1100.0,1116.2573,15.206343144944888
611861,June 2026,North Western Railway [NWR],"Multi-States (Haryana, Rajasthan)",80.0,342.83,352.0,352.0,360.3279,2.3658806818181817
611864,July 2026,Bharat Coking Coal Limited (BCCL,Jharkhand,31.16,414.97,4011.85,4011.85,3959.637299999998,-1.3014619190648171
611884,July 2026,CAOC/NWR NWR mor,Haryana,77.0,342.36,471.0,471.0,486.5341000000002,3.298110403397069
611917,July 2026,Indian Oil Corporation Limited [IOCL],Haryana,90.1,1560.24,1459.0,2531.44,2341.077300000001,60.45766278272795
611918,July 2026,CAOCWR WR mor,Gujarat,31.0,146.38,468.0,468.0,561.8156000000001,20.046068376068405
611927,July 2026,WPO/Patna,Andhra Pradesh,65.0,276.66,560.72,560.72,561.8983000000007,0.21014053359978557
611929,July 2026,WPO/Patna,Rajasthan,0.0,0.0,166.86,166.86,166.5876000000001,-0.16325062926999842
611930,July 2026,National Thermal Power Corporation [NTPC],Chhattisgarh,33.5,5472.13,15530.0,16106.0,16277.7698,4.81500193174501
611943,July 2026,CAOCWR WR mor,Gujarat,5.0,11.86,410.26,410.26,497.38699999999983,21.237020426071233
611945,July 2026,CAOCWR WR mor,Gujarat,32.0,114.73,307.11,307.12,399.0840000000002,29.94822701963471
611947,April 2026,Power Grid Corporation of India Limited [POWERGRID],Rajasthan,98.4,415.45,428.3,428.3,429.00160000000045,0.16381041326183507
611948,May 2026,Power Grid Corporation of India Limited [POWERGRID],Rajasthan,99.46,1852.7,1910.0,1910.0,2213.182100000001,15.873408376963397
611949,July 2026,Power Grid Corporation of India Limited [POWERGRID],Rajasthan,99.87,1148.4,1160.0,1160.0,1209.4567,4.2635086206896515
611957,July 2026,"Indian Institute of Technology, Indore",Madhya Pradesh,67.5,97.35,496.28,496.28,497.84429999999963,0.3152051261384021
611961,July 2026,"Indian Institute of Technology, Bhubaneshwar",Odisha,10.45,102.15,454.27,454.27,458.9632999999997,1.0331520901665832
611963,July 2026,National Institute of Technology Uttarakhand,Uttarakhand,63.0,401.56,650.85,650.85,629.9706999999994,-3.208004916647557
611966,June 2026,Power Grid Corporation of India Limited [POWERGRID],Maharashtra,100.0,224.41,224.41,224.41,228.22449999999978,1.6997905619178209
611967,May 2026,Power Grid Corporation of India Limited [POWERGRID],Andhra Pradesh,98.57,798.31,823.0,823.0,861.8457,4.720012150668283
611970,July 2026,CAOCWR WR mor,Gujarat,25.0,195.1,670.17,670.17,735.3047000000001,9.719130966769653
611971,July 2026,CAOCWR WR mor,Gujarat,40.0,188.23,350.0,349.93,443.0771,26.593457142857137
611974,July 2026,CAOCWR WR mor,Gujarat,50.0,748.46,1430.0,1430.0,2090.026499999999,46.15569930069923
611977,June 2026,PCE/WR,Gujarat,53.0,222.88,487.0,487.0,486.52399999999994,-0.0977412731006275
611978,June 2026,PCE/WR,Gujarat,10.0,51.87,158.0,158.0,162.055,2.566455696202536
611979,June 2026,Western Railway [WR] - II,Gujarat,88.0,185.02,250.0,250.0,261.4592,4.583680000000004
612066,July 2026,Jaipur Metro Rail Corporation,Rajasthan,0.0,103.03,980.08,980.08,981.5829000000014,0.1533446249287118
612068,July 2026,Jaipur Metro Rail Corporation,Rajasthan,12.48,23.34,204.81,204.81,204.82739999999995,0.00849567892190437
612072,July 2026,CAOCWR WR mor,Gujarat,23.0,548.14,961.67,961.67,1093.7607999999996,13.735564174820844
612096,July 2026,Northeast Frontier Railway [NFR],West Bengal,18.0,518.15,1209.0,1181.57,1214.0614000000016,0.4186435070307395
612128,July 2026,"Indian Institute of Technology, Mandi",Himachal Pradesh,93.0,138.26,166.66,166.66,165.10379999999995,-0.9337573502940397
612132,July 2026,Power Grid Corporation of India Limited [POWERGRID],"Multi-States (Delhi, Haryana, Rajasthan)",92.47,2229.16,2423.0,2423.0,2482.329999999999,2.448617416425878
612133,July 2026,Power Grid Corporation of India Limited [POWERGRID],"Multi-States (Rajasthan, Uttar Pradesh)",73.45,2731.29,3271.0,3271.0,3386.3704,3.527068174870064
612134,July 2026,Power Grid Corporation of India Limited [POWERGRID],Rajasthan,79.39,3887.62,4741.0,4741.0,4759.425400000001,0.38863952752585934
612138,July 2026,Power Grid Corporation of India Limited [POWERGRID],"Multi-States (Karnataka, Telangana)",96.84,1258.56,1368.0,1368.0,1456.7928999999997,6.490709064327463
612139,July 2026,Power Grid Corporation of India Limited [POWERGRID],Gujarat,72.12,3175.79,4231.0,4231.0,4296.747200000001,1.5539399669109124
612140,July 2026,Power Grid Corporation of India Limited [POWERGRID],Karnataka,95.95,4089.4,4445.0,4445.0,4551.944400000002,2.4059482564679895
612142,July 2026,National Thermal Power Corporation [NTPC],Uttar Pradesh,25.0,3840.48,17195.0,17195.0,17253.1691,0.33829078220412423
612167,July 2026,Employee's State Insurance Company [ESIC],Andhra Pradesh,95.0,286.38,384.27,384.27,384.23290000000003,-0.009654669893552091
612183,July 2026,Airport Authority of India [AAI],Bihar,4.15,15.53,1413.0,1413.0,1418.9340000000002,0.4199575371550033
612186,July 2026,Employee's State Insurance Company [ESIC],Gujarat,28.0,55.81,558.12,558.12,556.5994000000007,-0.2724503690961196
612188,April 2026,Employee's State Insurance Company [ESIC],Maharashtra,78.0,341.9,429.25,429.25,430.1559000000002,0.2110425160163545
612194,July 2026,Airport Authority of India [AAI],Bihar,71.1,426.22,911.66,911.66,912.4591000000012,0.08765329179751263
612201,April 2026,Employee's State Insurance Company [ESIC],Assam,98.0,130.08,143.23,154.75,165.47599999999994,15.531662361237139
612211,July 2026,Employee's State Insurance Company [ESIC],Gujarat,58.0,51.74,205.87,205.87,205.52510000000007,-0.1675329091173744
612213,July 2026,Employee's State Insurance Company [ESIC],Maharashtra,67.0,116.22,194.93,196.7,196.14770000000019,0.6246857846407317
612259,July 2026,Employee's State Insurance Company [ESIC],Uttarakhand,90.5,340.3,102.4,297.63,340.3,232.32421875
612513,July 2026,Employee's State Insurance Company [ESIC],Odisha,7.2,16.44,164.6,164.6,170.71529999999993,3.715249088699838
612745,July 2026,Employee's State Insurance Company [ESIC],Karnataka,35.0,80.52,278.0,278.0,278.8402999999999,0.3022661870503236
612748,July 2026,Employee's State Insurance Company [ESIC],Karnataka,28.1,31.05,150.92,150.92,162.47270000000015,7.654850251789133
612781,July 2026,Steel Authority of India Limited [SAIL],West Bengal,37.19,244.78,916.78,916.78,918.6743999999994,0.20663627042468752
612786,July 2026,Airport Authority of India [AAI],Andhra Pradesh,80.0,176.38,265.91,265.91,269.24949999999995,1.255876048286988
612787,July 2026,Airport Authority of India [AAI],Karnataka,88.5,169.11,320.47,320.47,319.31760000000025,-0.35959684213803866
612788,July 2026,Airport Authority of India [AAI],Karnataka,97.0,240.99,322.45,322.45,320.7530000000004,-0.5262831446734703
612789,July 2026,Airport Authority of India [AAI],Kerala,65.8,242.51,484.57,484.57,484.0520999999998,-0.10687826320246155
612790,July 2026,Mangalore Refinery and Petrochemicals Limited,Karnataka,90.4,271.36,385.0,385.0,384.73420000000004,-0.06903896103894962
612791,July 2026,Airport Authority of India [AAI],West Bengal,73.5,153.52,328.3,328.3,328.54229999999967,0.07380444715189129
612793,July 2026,Airport Authority of India [AAI],Sikkim,36.14,87.61,323.26,323.26,329.0261,1.7837344552372687
612815,July 2026,CAOC/SECR SECR mor,Chhattisgarh,3.0,12.12,170.49,170.49,170.78799999999995,0.17479031028209568
612816,July 2026,Eastern Coal Fields Limited [ECL],West Bengal,8.41,132.43,929.1,929.1,927.0099000000004,-0.22495963835966695
612819,April 2026,NLC India Limited [NLCIL],Rajasthan,100.0,1753.07,1813.0,1813.0,1924.2708000000002,6.137385548814133
612827,July 2026,CAO/C/SCoR SCoR mor,Andhra Pradesh,21.0,25.44,183.65,183.65,184.03059999999996,0.20724203648241685
612834,July 2026,CAO/C/ECOR ECoR mor,Odisha,88.0,169.6,252.0,252.0,252.27470000000002,0.10900793650794609
612845,July 2026,CAOC/CR CR mor,Maharashtra,10.0,294.53,955.39,2093.82,1509.6241000000018,58.01129381718479
612851,July 2026,National Institute of Technology Delhi,Delhi,100.0,336.42,333.49,336.42,336.42,0.8785870640798844
612853,July 2026,Gas Authority of India Limited [GAIL],Punjab,91.1,326.4,521.9,521.9,522.0132000000004,0.021689978923253677
612855,July 2026,Power Grid Corporation of India Limited [POWERGRID],Gujarat,82.0,592.45,697.0,697.0,728.2480000000002,4.483213773314227
612876,July 2026,NIT Mizoram,Mizoram,4.0,167.55,474.23,474.23,480.62470000000053,1.3484385213926813
612877,July 2026,"National Institute of Technology, Puducherry",Puducherry,99.5,543.74,618.34,544.34,572.270999999999,-7.450431801274539
612878,July 2026,Bengaluru Metro Rail,Karnataka,3.8,0.0,15611.0,15611.0,16025.770500000002,2.656911792966513
612883,July 2026,NIT Sikkim,Sikkim,38.0,283.56,685.76,610.76,636.8541000000005,-7.1316349743349745
612885,July 2026,"National Institute of Technology, Meghalaya",Meghalaya,97.5,377.82,494.52,429.7,429.4896999999996,-13.150186038987385
612894,July 2026,"Central University, Himachal Pradesh",Himachal Pradesh,86.0,223.6,251.98,300.45,274.80380000000036,9.057782363679806
612898,July 2026,"National Institute of Technology, Arunachal Pradesh",Arunachal Pradesh,80.0,551.3,592.61,592.61,599.0941000000004,1.0941597340578717
612916,July 2026,Central University of Gujarat,Gujarat,86.0,342.26,490.63,490.63,491.8063999999994,0.23977335262813781
613002,July 2026,Ministry of Railways,Tamil Nadu,0.0,340.0,842.0,842.0,836.3140000000001,-0.675296912114005
613008,July 2026,Central Tribal University of Andhra Pradesh,Andhra Pradesh,44.5,67.73,305.0,305.0,303.6516000000001,-0.44209836065570907
613013,July 2026,NIT Nagaland,Nagaland,98.0,263.25,275.63,275.63,278.7224000000001,1.1219388310416543
613015,July 2026,Rail Land Development Authority,Maharashtra,25.0,873.99,1813.0,1813.0,1880.8949000000005,3.7448924434638973
613785,June 2026,Rail Land Development Authority,Delhi,6.0,355.8,4744.0,4744.0,4760.310600000002,0.3438153456998654
613786,June 2026,Rail Land Development Authority,Gujarat,32.5,984.21,2379.0,2379.0,2567.8639999999987,7.938797814207595
613787,July 2026,Irrigation-UK,Uttarakhand,26.22,1307.15,2584.1,2584.1,2626.372400000003,1.6358654850819634
613793,July 2026,ECL - CIL,West Bengal,16.79,96.8,483.65,483.65,488.53880000000055,1.01081360487968
613794,July 2026,ECL - CIL,West Bengal,22.26,132.48,389.1,389.1,392.43589999999983,0.8573374453867413
613798,July 2026,SECL - CIL,Chhattisgarh,42.47,91.91,335.97,335.97,335.37580000000014,-0.17686102925853112
613799,July 2026,SECL - CIL,Chhattisgarh,78.86,193.0,316.11,316.11,313.23749999999984,-0.9087026667932594
613800,July 2026,SECL - CIL,Chhattisgarh,96.15,290.4,459.49,459.49,457.50279999999987,-0.43247948812817333
613801,July 2026,SECL - CIL,Chhattisgarh,54.6,188.72,410.26,410.26,409.39279999999997,-0.2113781504411898
613802,July 2026,SECL - CIL,Madhya Pradesh,58.2,157.9,371.04,371.04,371.13810000000035,0.026439197930231008
613803,July 2026,SECL - CIL,Madhya Pradesh,41.29,37.19,366.94,366.94,367.3583999999996,0.11402409113196209
613804,July 2026,WCL - CIL,Madhya Pradesh,17.78,17.9,314.09,314.09,313.9149000000001,-0.05574835238303435
613808,July 2026,BCCL - CIL,Jharkhand,70.47,191.14,339.87,339.87,336.3732999999998,-1.0288345543885025
615183,July 2026,NCL - CIL,"Multi-States (Madhya Pradesh, Uttar Pradesh)",57.12,379.69,491.67,491.67,492.5259999999991,0.17410051457259645
615184,July 2026,WCL - CIL,Maharashtra,69.33,157.01,228.64,228.64,230.34399999999988,0.7452764170748313
615185,July 2026,WCL - CIL,Madhya Pradesh,67.13,117.2,399.2,399.2,400.56680000000006,0.3423847695390954
615186,July 2026,WCL - CIL,Maharashtra,32.21,155.37,319.04,319.04,318.9710000000004,-0.02162738214631987
615187,July 2026,WCL - CIL,Madhya Pradesh,11.2,0.0,220.62,220.62,219.9483,-0.30446015773729285
615188,July 2026,WCL - CIL,Maharashtra,24.17,67.81,402.27,402.27,402.99109999999985,0.17925771248163297
615189,July 2026,WCL - CIL,Maharashtra,12.2,104.17,361.87,361.87,363.3623,0.41238566335977017
615190,July 2026,WCL - CIL,Maharashtra,9.64,53.94,335.75,335.75,337.21450000000004,0.43618763961282014
615191,July 2026,SECL - CIL,Chhattisgarh,2.01,62.01,329.21,329.21,335.3218999999996,1.8565353421826778
615192,July 2026,WCL - CIL,Maharashtra,8.44,62.31,309.58,309.58,319.2015000000006,3.1079204082953016
615193,April 2026,MCL - CIL,Odisha,67.58,281.57,479.15,479.15,480.0134000000006,0.18019409370774042
615194,July 2026,WCL - CIL,Madhya Pradesh,2.02,50.69,206.88,206.88,206.9034,0.011310904872394341
615195,July 2026,WCL - CIL,Madhya Pradesh,9.39,5.93,166.25,166.25,166.02599999999998,-0.13473684210527395
615199,July 2026,WCL - CIL,Maharashtra,3.93,25.08,198.71,198.71,198.96219999999968,0.12691862513193858
615202,July 2026,National Mineral Development Corporation Limited [NMDC],Chhattisgarh,23.09,292.01,1700.0,1756.2,1717.492800000002,1.0289882352942374
615206,July 2026,WCL - CIL,Madhya Pradesh,56.88,28.54,414.15,414.15,417.33810000000017,0.7697935530605313
615327,April 2026,NLC India Limited [NLCIL],Tamil Nadu,100.0,169.95,218.03,218.03,221.33379999999994,1.515296060175177
615330,July 2026,WCL - CIL,Maharashtra,5.35,26.97,360.81,360.81,364.1839000000002,0.9350904908401151
615331,July 2026,WCL - CIL,Maharashtra,2.19,95.69,497.41,497.41,502.8400000000007,1.0916547717176353
615332,July 2026,Power Grid Corporation of India Limited [POWERGRID],Rajasthan,56.15,1901.82,3279.0,3279.0,3363.1118999999994,2.5651692589203847
615333,July 2026,Power Grid Corporation of India Limited [POWERGRID],"Multi-States (Madhya Pradesh, Rajasthan)",49.31,1113.5,2227.0,2227.0,2286.908499999999,2.690098787606605
615334,July 2026,Power Grid Corporation of India Limited [POWERGRID],"Multi-States (Madhya Pradesh, Rajasthan)",46.87,2048.13,3251.0,3251.0,3488.7347999999997,7.312666871731767
615335,July 2026,Power Grid Corporation of India Limited [POWERGRID],Rajasthan,57.31,628.81,1382.0,1382.0,1402.5231999999999,1.4850361794500622
615336,July 2026,Power Grid Corporation of India Limited [POWERGRID],Delhi,45.94,90.88,284.0,284.0,294.7368000000001,3.780563380281716
615337,July 2026,Power Grid Corporation of India Limited [POWERGRID],Rajasthan,87.1,258.3,369.0,369.0,349.49339999999995,-5.286341463414647
615338,July 2026,Power Grid Corporation of India Limited [POWERGRID],Rajasthan,47.28,1121.35,2735.0,2735.0,2880.8677000000007,5.3333711151736996
615339,July 2026,Power Grid Corporation of India Limited [POWERGRID],"Multi-States (Haryana, Punjab, Rajasthan)",33.3,1969.77,5969.0,5969.0,5932.464899999997,-0.6120807505445265
615340,July 2026,Power Grid Corporation of India Limited [POWERGRID],"Multi-States (Haryana, Rajasthan)",36.53,1921.02,5357.0,5357.0,5325.231600000002,-0.593025947358561
615342,July 2026,Power Grid Corporation of India Limited [POWERGRID],Gujarat,33.0,72.38,329.0,329.0,328.5337999999999,-0.14170212765959625
615343,July 2026,Power Grid Corporation of India Limited [POWERGRID],Gujarat,8.67,26.45,501.0,501.0,500.2976000000001,-0.14019960079838278
615344,July 2026,Power Grid Corporation of India Limited [POWERGRID],Madhya Pradesh,47.9,1673.14,3674.0,3674.0,3617.3919,-1.5407757212847013
615345,July 2026,Power Grid Corporation of India Limited [POWERGRID],Gujarat,38.26,2144.7,4766.0,4766.0,4783.7856,0.373176668065467
615346,July 2026,Power Grid Corporation of India Limited [POWERGRID],Madhya Pradesh,72.39,1624.8,2708.0,2708.0,2837.054700000001,4.76568316100447
615347,July 2026,Power Grid Corporation of India Limited [POWERGRID],"Multi-States (Gujarat, Maharashtra)",18.56,2978.28,24819.0,24819.0,24360.006400000002,-1.8493637938675933
615349,July 2026,CCL - CIL,Jharkhand,23.67,22.02,230.41,230.41,229.70040000000012,-0.3079727442384797
615818,July 2026,Singareni Collieries Company Limited [SCCL],Telangana,20.0,50.39,297.88,297.88,300.05720000000025,0.7308983483282714
615820,July 2026,INVALID CO.,Assam,89.73,112.69,159.77,159.77,162.59740000000022,1.769668899042505
615821,July 2026,INVALID CO.,Assam,5.0,105.66,289.46,289.46,295.7286999999996,2.1656532854279096
615822,July 2026,CCL - CIL,Jharkhand,56.47,89.92,183.18,183.18,183.48400000000012,0.1659569822033605
615843,July 2026,CCL - CIL,Jharkhand,30.06,50.82,232.64,232.64,235.1217000000002,1.0667555020633668
615857,July 2026,Singareni Collieries Company Limited [SCCL],Odisha,80.0,491.33,494.3,494.3,503.7492000000004,1.9116326117743103
615858,July 2026,Singareni Collieries Company Limited [SCCL],Telangana,77.0,304.39,384.32,384.32,384.29499999999985,-0.006504995836841121
615860,July 2026,Singareni Collieries Company Limited [SCCL],Telangana,71.0,201.0,607.04,607.04,617.7998,1.7725026357406501
615861,July 2026,Singareni Collieries Company Limited [SCCL],Telangana,81.0,408.69,424.81,424.81,430.0088000000001,1.2237941668040109
615862,July 2026,Singareni Collieries Company Limited [SCCL],Telangana,33.0,111.94,345.6,345.6,355.88799999999975,2.9768518518517726
615863,July 2026,Singareni Collieries Company Limited [SCCL],Telangana,97.0,477.14,484.5,484.5,486.87830000000014,0.49087719298248467
615865,July 2026,Singareni Collieries Company Limited [SCCL],Telangana,64.0,253.41,442.42,442.42,442.8090999999994,0.08794810361180769
615914,July 2026,WCL - CIL,Maharashtra,12.98,15.72,184.71,184.71,185.61899999999977,0.4921227870714982
615915,July 2026,CAO/C/SER SER mor,Odisha,45.0,155.23,244.99,244.99,253.25660000000022,3.374260173884734
615916,July 2026,WCL - CIL,Maharashtra,4.21,92.02,1225.21,1225.21,1236.2741000000021,0.903037030386799
615917,July 2026,WCL - CIL,Maharashtra,2.31,1.55,973.07,973.07,1025.5970000000018,5.398070025794829
615918,July 2026,WCL - CIL,Maharashtra,16.06,43.16,405.2,405.2,405.15619999999996,-0.010809476801587593
615919,July 2026,WCL - CIL,Maharashtra,27.92,218.26,1024.91,1024.91,1024.7994000000015,-0.010791191421550427
615982,July 2026,WCL - CIL,Maharashtra,79.83,196.82,319.75,319.75,318.93470000000013,-0.25498045347923864
616044,July 2026,WCL - CIL,Maharashtra,94.57,168.91,237.06,237.06,237.19690000000028,0.057749093056728824
616050,July 2026,WCL - CIL,Maharashtra,98.97,128.49,235.9,235.9,234.94340000000025,-0.4055108096650076
616221,July 2026,Noida Metro Rail Corporation Ltd. [NMRCL],Uttar Pradesh,0.0,0.0,2254.35,2254.35,2252.4402000000027,-0.08471621531692844
616223,July 2026,WCL - CIL,Maharashtra,86.49,209.29,316.0,316.0,313.5904999999999,-0.7625000000000296
616225,July 2026,ECL - CIL,Jharkhand,0.05,0.0,979.08,979.08,995.3222000000014,1.6589247048250797
616226,July 2026,MCL - CIL,Odisha,10.43,692.76,3563.5,3563.5,3576.288699999999,0.3588803142977172
616227,July 2026,CAO/C/SER SER mor,"Multi-States (Jharkhand, West Bengal)",0.0,9.07,1932.01,1932.01,1855.5065000000004,-3.9597879928157504
616229,July 2026,WCL - CIL,Maharashtra,2.55,2.95,668.54,668.54,671.6982000000004,0.47240254883782873
616230,July 2026,ECL - CIL,West Bengal,0.23,11.81,1193.55,1193.55,1203.821500000001,0.8605839721839027
616231,July 2026,MCL - CIL,Odisha,34.03,477.73,5366.27,5366.27,5322.957600000006,-0.8071230109553625
616232,July 2026,MCL - CIL,Odisha,33.55,284.22,1561.85,1561.85,1537.7086000000022,-1.545692608124833
616233,July 2026,MCL - CIL,Odisha,18.93,461.54,978.44,978.44,982.2863000000004,0.39310535137569835
616234,July 2026,SECL - CIL,Chhattisgarh,23.75,16.71,1725.04,1725.04,1723.2697000000003,-0.10262370727633441
616236,July 2026,CCL - CIL,Jharkhand,32.99,85.6,372.06,372.06,372.0399000000003,-0.005402354458885485
616253,July 2026,BCCL - CIL,Jharkhand,4.18,20.32,5850.83,5850.83,5824.259499999994,-0.4541321487721602
616254,July 2026,Hindustan Petroleum Corporation Limited,"Multi-States (Chhattisgarh, Odisha)",38.4,570.0,2212.0,2212.0,2208.1461999999997,-0.1742224231464882
616586,July 2026,CAO/C/SER SER mor,"Multi-States (Odisha, West Bengal)",2.0,7.31,2269.49,2269.49,2265.6243000000004,-0.17033342292759074
616587,June 2026,CAO/C/SER,Odisha,0.0,2.35,1875.72,1875.72,1873.4572000000005,-0.12063634231119333
616588,July 2026,CAO/C/SER SER mor,"Multi-States (Jharkhand, Odisha, West Bengal)",2.0,11.7,1459.13,1459.13,1434.6998,-1.6742990686230845
616594,July 2026,National Mission for Clean Ganga,Uttar Pradesh,84.0,208.64,842.25,842.25,818.8087,-2.7831760166221375
616600,July 2026,National Mission for Clean Ganga,Bihar,97.0,126.67,413.29,413.29,418.73280000000045,1.316944518377031
616604,July 2026,National Mission for Clean Ganga,West Bengal,94.0,102.04,154.73,154.73,154.8075999999998,0.050151877463852614
616605,July 2026,National Mission for Clean Ganga,Uttar Pradesh,57.0,34.79,690.71,690.71,686.5754999999999,-0.5985869612427961
616611,July 2026,National Mission for Clean Ganga,Bihar,59.0,403.34,824.0,824.0,823.5021000000002,-0.06042475728153458
616612,July 2026,NMCG1,Bihar,55.0,174.61,578.89,578.89,579.8045999999996,0.1579920192091087
616615,July 2026,National Mission for Clean Ganga,Bihar,97.0,261.82,230.06,230.06,278.2800999999999,20.95979309745279
616616,July 2026,National Mission for Clean Ganga,Bihar,95.0,346.46,305.19,305.19,346.46,13.522723549264388
616670,July 2026,Power Grid Corporation of India Limited [POWERGRID],"Multi-States (Rajasthan, Uttar Pradesh)",40.71,1953.73,5846.0,5846.0,5828.408399999997,-0.30091686623337977
616671,July 2026,Power Grid Corporation of India Limited [POWERGRID],Tamil Nadu,23.78,208.24,548.0,548.0,547.2962,-0.12843065693430677
616672,July 2026,Power Grid Corporation of India Limited [POWERGRID],Karnataka,38.07,338.5,1354.0,1354.0,1341.7258000000002,-0.9065140324962951
616691,July 2026,Employee's State Insurance Company [ESIC],Maharashtra,89.0,216.46,260.13,260.13,263.0761999999999,1.1325875523776263
616694,July 2026,CAO/C/ECOR ECoR mor,Odisha,0.0,55.91,200.77,200.77,203.88309999999987,1.5505802659759231
616695,July 2026,CAO/C/ECOR ECoR mor,Odisha,7.0,21.5,300.15,300.15,307.39799999999997,2.414792603698148
616697,July 2026,CAO/C/SCoR SCoR mor,Andhra Pradesh,87.0,89.67,154.28,154.28,154.45760000000013,0.11511537464358704
616699,July 2026,CAO/Con/South/MHX ECR mor,"Multi-States (Bihar, Jharkhand, Uttar Pradesh, West Bengal)",3.0,1152.79,12333.57,12333.57,18516.37570000001,50.1298950749865
616701,July 2026,CAO/C-1/NFR NFR mor,Assam,1.0,200.23,2123.7,2123.7,2187.2177000000024,2.9908979611057407
616839,July 2026,CAO/C/ECOR ECoR mor,Odisha,0.0,1.95,1165.89,1165.73,1188.7445999999995,1.9602706944908554
616841,July 2026,CAOC/NWR NWR mor,Rajasthan,7.0,242.08,799.64,799.64,796.6613999999997,-0.3724926216797879
616842,July 2026,North Western Railway [NWR],"Multi-States (Gujarat, Rajasthan)",36.0,962.77,3085.59,3085.59,3367.161200000002,9.12536014182058
616843,July 2026,CAOC/NWR NWR mor,Rajasthan,23.0,560.17,1634.79,1634.79,1648.9739999999993,0.8676343750573032
616856,June 2026,South Central Railway [SCR] - II,Telangana,0.06,87.94,770.12,770.12,949.2441999999985,23.259258297408
616857,July 2026,CAO/C/SCoR SCoR mor,"Multi-States (Andhra Pradesh, Telangana)",22.0,327.62,1595.55,1595.55,1596.6573999999996,0.0694055341418096
616858,July 2026,Oil India Limited,Assam,95.9,348.65,430.76,430.76,430.40700000000004,-0.08194818460394461
616879,July 2026,Mangalore Refinery and Petrochemicals Limited,Karnataka,54.8,91.39,364.0,364.0,362.1367999999999,-0.5118681318681648
616886,July 2026,Delhi University,Delhi,14.0,31.53,373.0,373.0,372.3767,-0.16710455764074317
616933,July 2026,Hindustan Petroleum Corporation Limited,Maharashtra,14.1,314.9,4679.0,6008.0,4635.353400000002,-0.932818978414153
616950,July 2026,Oil and Natural Gas Corporation Limited [ONGC],Offshore,60.2,629.46,1589.4,1486.4,1507.7882000000006,-5.134755253554765
616983,July 2026,Ministry of Railways-,Gujarat,16.0,70.54,467.58,467.58,469.8902000000003,0.4940758800633674
617068,July 2026,Power Grid Corporation of India Limited [POWERGRID],Karnataka,18.75,28.8,288.0,288.0,287.9551,-0.015590277777772284
617069,July 2026,Power Grid Corporation of India Limited [POWERGRID],Gujarat,37.0,154.9,466.0,466.0,466.79130000000004,0.16980686695279726
617179,July 2026,Power Grid Corporation of India Limited [POWERGRID],Jammu and Kashmir,1.7,3.72,218.6,218.6,219.3347999999998,0.33613906678856725
617181,July 2026,Power Grid Corporation of India Limited [POWERGRID],Rajasthan,17.2,32.32,404.0,404.0,401.9485000000001,-0.5077970297029503
617182,July 2026,Power Grid Corporation of India Limited [POWERGRID],Gujarat,42.0,61.92,172.0,172.0,177.39010000000002,3.133779069767453
617183,July 2026,Power Grid Corporation of India Limited [POWERGRID],Andhra Pradesh,43.89,894.66,2886.0,2886.0,2912.445299999999,0.916330561330525
617184,July 2026,Power Grid Corporation of India Limited [POWERGRID],Karnataka,23.01,552.48,3453.0,3453.0,3471.5348,0.5367738198667797
617185,July 2026,Power Grid Corporation of India Limited [POWERGRID],"Multi-States (Andhra Pradesh, Karnataka)",28.77,1776.0,5550.0,5550.0,5552.674800000001,0.04819459459460697
617186,July 2026,Power Grid Corporation of India Limited [POWERGRID],"Multi-States (Madhya Pradesh, Rajasthan)",34.03,1508.4,5028.0,5028.0,5042.5506000000005,0.28939140811456815
617188,July 2026,National Thermal Power Corporation [NTPC],Chhattisgarh,22.31,1910.55,9791.0,9791.0,9351.464899999995,-4.48917475232361
617200,June 2026,CAO/C/SECR,Chhattisgarh,0.0,0.64,7853.84,7853.84,7817.3174999999965,-0.46502729874817506
617201,June 2026,South East Central Railway,Maharashtra,2.0,1.79,4373.04,4373.04,4277.132899999996,-2.1931448145913137
617206,July 2026,Delhi Metro Rail Corporation Limited [DMRC],"Multi-States (Delhi, Haryana)",5.36,800.48,6230.99,6230.99,6790.857999999996,8.9852174373574
617207,July 2026,Delhi Metro Rail Corporation Limited [DMRC],Delhi,4.31,183.23,8399.81,8399.81,8167.633100000012,-2.7640732349896924
617210,July 2026,CAO/C/SCoR SCoR mor,"Multi-States (Andhra Pradesh, Tamil Nadu)",0.0,0.0,1215.56,1215.56,1215.2312999999992,-0.027041034584940962
617211,June 2026,South Central Railway [SCR] - II,"Multi-States (Andhra Pradesh, Telangana)",2.6,357.74,2853.23,2853.23,3022.175200000002,5.9211910711720375
617212,June 2026,South Central Railway [SCR] - II,"Multi-States (Andhra Pradesh, Maharashtra, Telangana)",21.0,640.06,4686.09,4686.09,4645.108500000006,-0.8745350601459726
617213,July 2026,CAO/C-II/NR NR mor,Uttar Pradesh,5.0,109.93,2464.46,2464.46,2442.5185999999985,-0.8903126851318959
617214,July 2026,CAO/C/SCoR SCoR mor,"Multi-States (Andhra Pradesh, Telangana)",0.0,155.0,2047.4,2047.4,2047.032399999997,-0.017954478851372198
617215,July 2026,CAOCON/SCR SCR mor,Maharashtra,1.0,174.3,769.93,769.93,926.780799999998,20.37208577403115
617216,July 2026,CAO/C/SCoR SCoR mor,Andhra Pradesh,0.0,53.46,877.34,877.34,875.2609999999986,-0.23696628445088894
617221,July 2026,Central University of Punjab,Punjab,58.0,99.02,210.99,210.99,211.31890000000018,0.15588416512639222
617224,July 2026,NER,"Multi-States (Bihar, Uttar Pradesh)",32.0,442.7,1120.0,1120.0,1146.3886,2.3561249999999996
617225,July 2026,Maharashtra Metro Rail Corporation Limited [MMRCL],Maharashtra,49.12,322.59,910.18,960.18,940.5481999999986,3.3365048671689816
617226,July 2026,Maharashtra Metro Rail Corporation Limited [MMRCL],Maharashtra,9.04,190.07,2954.53,2954.53,3034.6548000000003,2.711930493174889
617231,July 2026,CAO/Con/South/MHX ECR mor,Bihar,0.0,0.0,611.74,611.74,613.8522999999996,0.3452937522476134
617233,July 2026,WCL - CIL,Maharashtra,0.11,0.0,379.3,379.3,379.69770000000005,0.1048510413920493
617239,July 2026,CAO/Con/North/MHX ECR mor,Bihar,0.0,18.9,4079.95,4079.96,3883.2197,-4.821880170100117
617242,July 2026,Steel Authority of India Limited [SAIL],West Bengal,67.5,935.57,2115.44,2115.44,2049.1076000000007,-3.135631358015322
617243,July 2026,Steel Authority of India Limited [SAIL],Chhattisgarh,82.79,129.25,198.62,198.62,198.67389999999995,0.02713724700430062
617245,July 2026,CAO/C-II/NFR NFR mor,"Multi-States (Bihar, West Bengal)",65.0,952.95,942.64,1961.0,1427.72,51.459730119663924
617246,July 2026,Steel Authority of India Limited [SAIL],West Bengal,62.17,316.01,758.09,758.09,735.4249999999988,-2.9897505573218504
617248,July 2026,Steel Authority of India Limited [SAIL],West Bengal,74.55,111.44,227.96,227.96,228.1019,0.062247762765394184
617249,July 2026,Steel Authority of India Limited [SAIL],Jharkhand,62.05,60.6,211.94,211.94,212.46939999999998,0.24978767575728095
617250,July 2026,Steel Authority of India Limited [SAIL],Jharkhand,55.91,103.47,207.13,207.13,207.0108,-0.0575483995558376
617251,July 2026,Steel Authority of India Limited [SAIL],West Bengal,34.58,65.74,196.4,196.4,196.39039999999997,-0.004887983706738528
617252,July 2026,CAOC/NER NER mor,Uttar Pradesh,12.0,888.5,958.27,1501.1,1668.055,74.06941676145556
617253,May 2026,Steel Authority of India Limited [SAIL],Jharkhand,98.72,412.95,513.82,513.82,514.5960999999999,0.15104511307458152
617254,July 2026,Steel Authority of India Limited [SAIL],Jharkhand,53.15,127.53,260.37,260.37,292.9669999999998,12.519491492875451
617255,July 2026,Steel Authority of India Limited [SAIL],Chhattisgarh,74.3,266.11,471.83,471.83,472.5257000000007,0.14744717377036792
617256,July 2026,Steel Authority of India Limited [SAIL],Chhattisgarh,94.73,693.83,884.1,884.1,921.6920000000005,4.25200769143767
617257,July 2026,Steel Authority of India Limited [SAIL],Jharkhand,68.07,347.42,627.31,627.31,624.0149999999994,-0.5252586440516694
617269,July 2026,Power Grid Corporation of India Limited [POWERGRID],Uttar Pradesh,12.07,12.76,212.81,212.81,212.8397000000002,0.013956111085094747
617270,July 2026,Power Grid Corporation of India Limited [POWERGRID],"Multi-States (Bihar, West Bengal)",1.5,6.13,408.94,408.94,406.5587999999999,-0.5822859099134573
617271,July 2026,Power Grid Corporation of India Limited [POWERGRID],"Multi-States (Bihar, Odisha, West Bengal)",29.75,143.93,342.69,342.69,342.3413999999997,-0.10172459073807735
617272,July 2026,Power Grid Corporation of India Limited [POWERGRID],Madhya Pradesh,55.26,148.0,370.0,370.0,365.98780000000005,-1.084378378378365
617278,July 2026,WCL - CIL,Maharashtra,0.4,0.61,630.37,630.37,623.4577000000005,-1.0965464727064271
617279,July 2026,Power Grid Corporation of India Limited [POWERGRID],Madhya Pradesh,18.47,180.9,558.0,558.0,559.0201000000002,0.18281362007171756
617280,July 2026,Central Public Works Department [CPWD],West Bengal,64.0,98.94,255.37,255.37,252.9319000000001,-0.954732349140426
617284,June 2026,North Central Railway,Uttar Pradesh,18.5,151.57,1423.96,1423.96,1339.7798000000005,-5.911696957779681
617287,July 2026,SECL - CIL,Chhattisgarh,23.75,847.19,4516.88,4516.88,4540.551500000002,0.5240674979189661
617288,July 2026,SECL - CIL,Chhattisgarh,21.29,138.87,382.61,382.61,382.4369000000003,-0.04524189122074501
617299,July 2026,NLC India Limited,Gujarat,52.0,333.34,383.84,383.84,386.9121999999998,0.8003855773238431
617302,July 2026,Gas Authority of India Limited [GAIL],West Bengal,95.7,2380.8,1740.0,2583.0,2563.9560000000006,47.35379310344831
617304,July 2026,Bharat Petroleum Corporation Limited [BPCL],Bihar,56.0,186.21,340.15,340.15,331.6805999999997,-2.4899015140380105
617326,July 2026,Power Grid Corporation of India Limited [POWERGRID],Jharkhand,96.4,1648.05,1842.25,1842.25,2060.6074,11.852756140588946
617327,July 2026,Maharashtra Metro Rail Corporation Limited [MMRCL],Maharashtra,10.04,101.17,12200.1,12200.1,12209.304499999997,0.07544610290076464
617333,July 2026,CAO/Con/South/MHX ECR mor,"Multi-States (Bihar, Uttar Pradesh)",0.0,64.04,199.96,199.96,199.84889999999967,-0.0555611122226117
617338,July 2026,Steel Authority of India Limited [SAIL],West Bengal,27.66,472.41,2518.39,2518.39,2498.185600000003,-0.8022744690058687
617345,June 2026,South Eastern Railway - JH,West Bengal,50.0,86.69,226.87,226.87,227.01100000000002,0.06215013003042251
617361,June 2026,CentralRailway,Maharashtra,0.0,0.48,362.81,362.81,362.97710000000006,0.04605716490726875
617364,July 2026,CAOC/CR CR mor,Maharashtra,15.0,57.54,338.33,205.0,353.0097999999998,4.338899890639267
617370,July 2026,CAOC/NR NR mor,Uttar Pradesh,22.0,78.47,180.66,237.38,217.44709999999995,20.362614856636753
617372,July 2026,CAO/Con/South/MHX ECR mor,Jharkhand,60.0,162.92,349.22,349.22,358.21360000000044,2.5753393276445826
617374,June 2026,Rail Vikas Nigam Limited,Chhattisgarh,98.0,2154.73,1516.45,1881.26,2154.73,42.09040851989844
617375,July 2026,Power Grid Corporation of India Limited [POWERGRID],Arunachal Pradesh,3.89,3.14,209.38,209.38,202.27919999999997,-3.3913458783073938
617379,June 2026,Northern Railways,Delhi,80.0,565.7,446.21,446.21,565.7,26.7788709352099
617390,June 2026,SECR,"Multi-States (Chhattisgarh, Odisha)",5.0,130.14,1281.81,1281.81,1281.386299999999,-0.03305482091737176
617391,July 2026,Power Grid Corporation of India Limited [POWERGRID],Gujarat,7.2,14.64,488.29,488.29,485.5702000000003,-0.5570050584692983
617403,July 2026,North Western Railway [NWR],Rajasthan,95.0,197.84,468.64,468.64,470.35790000000037,0.3665713554114851
617404,July 2026,CAOC/NWR NWR mor,Rajasthan,3.0,57.31,189.21,189.21,192.30099999999982,1.6336345859097348
617405,July 2026,Adani Transmission Limited,Gujarat,24.0,698.0,4000.0,4000.0,3959.4988,-1.012530000000004
617406,June 2026,North Western Railway [NWR],"Multi-States (Madhya Pradesh, Rajasthan)",8.0,7.7,2417.24,2417.24,2404.0787999999984,-0.5444722079727861
617408,June 2026,North Western Railway [NWR],Rajasthan,15.0,112.55,166.33,166.33,165.87509999999995,-0.2734924547586521
617409,July 2026,RVNL - II,Telangana,91.0,492.12,521.36,521.36,520.8809999999999,-0.09187509590305269
617412,July 2026,Central Public Works Department - CPWD,Telangana,26.0,188.69,644.0,644.0,638.6374000000001,-0.8327018633540264
617413,July 2026,Department of Telecommunications [DoT],"Multi-States (Andhra Pradesh, Bihar, Chhattisgarh, Jharkhand, Madhya Pradesh, Maharashtra, Odisha, Telangana, Uttar Pradesh, West Bengal)",99.31,376.8,1884.6,1884.6,1814.273300000002,-3.731651278785833
617416,July 2026,Bharat Coking Coal Limited [BCCL],Jharkhand,34.0,520.75,5940.47,5940.47,5755.704899999991,-3.110277469627986
617422,July 2026,Department of Water Resources-MH,Maharashtra,49.6,338.91,1923.81,1923.81,1759.2656000000002,-8.55304837795831
617727,July 2026,NICDC,Andhra Pradesh,16.22,356.05,2786.0,2786.0,2847.7967000000003,2.218115577889459
617729,July 2026,NICDC,Andhra Pradesh,5.39,39.75,2136.0,2136.0,2112.660700000002,-1.0926638576778007
617730,July 2026,NLC India Limited [NLCIL],Gujarat,62.0,2122.95,3335.85,3335.85,3392.8224999999984,1.7078855464124136
617764,July 2026,NLC India Limited [NLCIL],Jharkhand,40.0,233.77,1354.2,1354.2,1333.9537999999986,-1.4950671983459907
617801,July 2026,Power Grid Corporation of India Limited [POWERGRID],Gujarat,7.2,17.45,581.74,581.74,589.9280999999996,1.4075188228417543
617802,July 2026,Power Grid Corporation of India Limited [POWERGRID],Madhya Pradesh,4.8,17.23,319.0,319.0,318.76039999999995,-0.07510971786835506
617803,July 2026,Power Grid Corporation of India Limited [POWERGRID],Karnataka,2.5,17.06,379.0,379.0,379.8208,0.21656992084433238
617804,July 2026,New Mangalore Port Authority,Karnataka,95.0,97.45,153.23,153.23,155.69779999999983,1.6105201331330945
617806,July 2026,Sterlite Power,"Multi-States (Andhra Pradesh, Karnataka)",64.0,1207.57,4535.99,4535.99,4225.092900000001,-6.854007614655218
617807,July 2026,Power Grid Corporation of India Limited [POWERGRID],"Multi-States (Bihar, Uttar Pradesh)",6.38,157.94,2368.0,2368.0,2347.2243,-0.877352195945952
617808,July 2026,Power Grid Corporation of India Limited [POWERGRID],"Multi-States (Karnataka, Maharashtra)",3.0,50.35,1007.0,1007.0,1052.7946000000002,4.547626613704089
617818,July 2026,GAIL Gas,Odisha,5.8,25.77,514.91,514.91,514.566700000001,-0.06667184556504557
617819,July 2026,GAIL Gas,Chhattisgarh,2.2,11.63,557.04,557.04,558.6244000000005,0.2844319977022347
617822,July 2026,Bharat Petroleum Corporation Limited [BPCL],Telangana,29.1,46.87,215.0,215.0,220.19039999999998,2.414139534883713
617827,July 2026,Oil India Limited,Assam,29.0,13.53,680.0,680.0,683.4662999999999,0.5097499999999902
617828,July 2026,Indian Oil Corporation Limited [IOCL],West Bengal,16.5,3.19,267.0,267.0,280.43350000000015,5.031273408239757
617829,July 2026,Indian Oil Corporation Limited [IOCL],Mizoram,34.0,32.45,225.71,225.71,225.67059999999972,-0.017456027646220708
617830,July 2026,Gas Authority of India Limited [GAIL],Madhya Pradesh,73.0,541.2,1792.0,1792.0,1670.6226999999997,-6.773286830357161
617832,July 2026,CAO/Con/South/MHX ECR mor,Jharkhand,0.0,0.85,2887.11,2887.11,2873.670699999996,-0.46549317483587727
617836,July 2026,Numaligarh Refinery Limited,Assam,72.0,464.46,635.28,635.28,644.0266999999994,1.376825966502875
617837,July 2026,Numaligarh Refinery Limited,West Bengal,89.0,319.32,484.0,484.0,485.38299999999987,0.2857438016528652
617838,July 2026,Bharat Petroleum Corporation Limited [BPCL],Kerala,48.8,324.61,1130.0,1130.0,1080.5549,-4.375672566371674
617839,July 2026,Indian Oil Corporation Limited [IOCL],Gujarat,68.0,168.04,356.86,304.4,363.0017000000002,1.7210390629378987
617877,July 2026,"Indian Institute of Technology, Bhilai",Chhattisgarh,0.0,1.92,1188.97,1188.97,1196.1495000000004,0.603841980874237
617878,July 2026,INDIAN INSTITUTE OF TECHNOLOGY PALAKKAD,Kerala,0.0,9.8,1527.0,1527.0,1531.7976,0.3141846758349772
617880,June 2026,Western Railway [WR] - II,Gujarat,0.0,0.0,2526.47,2526.47,2463.989900000001,-2.4730196677577356
617882,July 2026,PMSSY AND Institute of NATIONAL Importance,Delhi,40.0,53.73,358.19,358.19,356.8791999999999,-0.3659510315754448
617883,July 2026,PMSSY AND Institute of NATIONAL Importance,Delhi,57.0,44.44,4441.0,4441.0,4306.881400000001,-3.0200090069803847
617885,July 2026,MoRTH,Meghalaya,99.62,187.77,302.88,302.88,298.5883000000002,-1.4169638140517107
617886,July 2026,MoRTH,Nagaland,44.46,0.0,252.2,252.2,253.71420000000032,0.6003965107059197
617887,June 2026,MoRTH,Rajasthan,100.0,206.48,379.23,379.23,374.8311,-1.1599556997073084
617888,July 2026,MoRTH,Uttarakhand,99.0,0.0,192.54,192.54,196.95739999999998,2.294276513971116
617889,July 2026,MoRTH,Uttarakhand,98.5,0.0,192.22,192.22,196.3038999999999,2.124596816148119
617890,July 2026,MoRTH,Uttarakhand,8.5,0.0,220.89,220.89,220.22389999999984,-0.3015528090905619
617891,May 2026,MoRTH,Rajasthan,100.0,66.7,186.29,186.29,194.4077000000003,4.357560792313221
617892,July 2026,MoRTH,Arunachal Pradesh,96.61,345.01,450.65,450.65,450.5729000000006,-0.01710862088081763
617893,July 2026,MoRTH,West Bengal,0.0,0.15,304.83,304.83,299.71460000000053,-1.678115671029575
617894,July 2026,MoRTH,West Bengal,67.28,184.64,410.83,410.83,407.2780000000006,-0.864591193437528
617895,July 2026,MoRTH,Assam,76.32,209.27,535.03,535.03,535.5823999999994,0.10324654692250262
617896,July 2026,MoRTH,Assam,34.0,0.0,421.15,421.15,415.8868000000007,-1.2497210020181175
617897,July 2026,MoRTH,Bihar,88.65,44.18,295.24,295.24,297.2108000000004,0.6675247256470651
617898,July 2026,MoRTH,Odisha,0.0,0.32,199.5,199.5,199.5511999999999,0.02566416040095694
617899,July 2026,MoRTH,Odisha,56.11,296.5,636.1,636.1,632.9316999999993,-0.4980820625688927
617900,May 2026,MoRTH,Rajasthan,99.0,12.2,150.11,150.11,153.46700000000013,2.2363600026647874
617901,July 2026,MoRTH,Rajasthan,98.58,55.29,194.88,194.88,195.10399999999984,0.1149425287355539
617902,July 2026,MoRTH,Odisha,38.0,11.13,168.95,168.95,167.8575000000001,-0.6466410180526118
617904,July 2026,MoRTH,Odisha,55.0,6.79,238.78,238.78,228.24390000000002,-4.412471731300769
617905,July 2026,MoRTH,Odisha,78.0,88.48,324.09,324.09,318.84600000000006,-1.6180690548921333
617906,July 2026,MoRTH,Gujarat,35.0,0.0,246.6,291.19,272.7246999999997,10.59395782643946
617907,May 2026,MoRTH,Andhra Pradesh,100.0,221.22,436.09,436.09,434.2039999999995,-0.4324795340412481
617908,July 2026,MoRTH,Chhattisgarh,42.0,0.0,161.96,161.96,162.4580999999997,0.3075450728572988
617909,July 2026,MoRTH,Madhya Pradesh,50.0,0.0,648.05,648.05,641.8811000000005,-0.9519172903324497
617911,July 2026,MoRTH,Madhya Pradesh,94.5,0.0,511.83,613.16,576.546600000001,12.644159193482416
617912,July 2026,MoRTH,Maharashtra,8.24,18.35,619.55,619.55,616.6327000000008,-0.4708740214670582
617913,July 2026,MoRTH,Telangana,92.62,480.41,283.15,300.7,480.41,69.6662546353523
617914,July 2026,MoRTH,Madhya Pradesh,41.25,50.78,241.23,250.09,247.60990000000015,2.6447373875555122
617915,June 2026,MoRTH,Madhya Pradesh,100.0,0.0,329.14,319.09,309.74999999999966,-5.891110165886956
617916,July 2026,MoRTH,Gujarat,35.0,0.0,1295.39,1295.39,1226.7815999999993,-5.296350905904843
617917,May 2026,MoRTH,Maharashtra,95.0,0.0,478.83,490.52,486.8297999999996,1.6706973247289425
617918,July 2026,MoRTH,Odisha,0.0,6.43,174.21,174.21,174.75899999999973,0.31513690373670994
617919,July 2026,MoRTH,Chhattisgarh,97.9,304.04,349.03,349.03,354.6531999999997,1.6110936022690636
617920,July 2026,MoRTH,Odisha,3.0,7.64,511.54,511.54,516.6603000000008,1.000957891856117
617921,July 2026,MoRTH,Odisha,66.0,131.36,499.79,499.79,499.1641000000005,-0.12523259769093953
617922,July 2026,MoRTH,Odisha,25.0,52.58,587.1,587.1,585.9306999999997,-0.19916538920121993
617923,July 2026,MoRTH,Odisha,25.0,53.05,155.97,155.97,157.19429999999983,0.7849586458933313
617924,May 2026,MoRTH,Odisha,100.0,82.33,300.33,300.33,297.4175000000003,-0.9697665900841347
617925,July 2026,MoRTH,Odisha,92.0,33.69,157.49,157.49,165.93470000000008,5.362054733633925
617926,July 2026,MoRTH,Gujarat,53.0,0.0,398.4,398.4,390.14000000000016,-2.073293172690718
617927,July 2026,MoRTH,Gujarat,36.0,0.0,699.19,699.19,709.7202000000008,1.5060570088245997
617928,July 2026,MoRTH,Gujarat,98.0,0.0,151.13,171.27,159.41150000000007,5.479719446833904
617929,July 2026,MoRTH,Uttarakhand,73.5,114.6,247.41,247.41,249.7882999999999,0.961278848874302
617930,July 2026,MoRTH,Odisha,70.0,59.55,196.94,196.94,196.82740000000004,-0.05717477404283428
617931,July 2026,MoRTH,West Bengal,17.08,20.6,155.87,138.57,155.86109999999982,-0.005709886443948009
617932,July 2026,MoRTH,Maharashtra,70.14,210.17,496.64,496.64,496.1607999999998,-0.09648840206188833
617933,May 2026,MoRTH,Maharashtra,100.0,0.0,984.07,984.07,973.9971000000012,-1.0235958824066242
617934,July 2026,MoRTH,Maharashtra,95.84,528.24,406.54,406.54,528.24,29.935553697053173
617935,July 2026,MoRTH,Karnataka,65.0,232.09,298.0,349.49,328.47760000000045,10.227382550335722
617936,July 2026,MoRTH,Telangana,100.0,0.0,253.99,183.26,204.37319999999988,-19.53494232056385
617937,July 2026,MoRTH,Maharashtra,12.0,0.93,809.77,809.77,789.2973999999996,-2.528199365251911
617938,July 2026,MoRTH,Maharashtra,20.0,7.54,574.18,574.18,573.6181000000001,-0.097861297850815
617939,July 2026,MoRTH,Telangana,45.85,0.0,1297.75,1297.75,1298.7976000000003,0.08072433057216949
617940,July 2026,MoRTH,Telangana,83.47,290.36,545.11,545.11,545.0198999999997,-0.016528774008979435
617941,July 2026,MoRTH,Goa,1.0,0.28,398.25,398.25,398.4029,0.03839296924042392
617942,July 2026,MoRTH,Goa,99.08,0.0,641.46,641.46,630.8567999999997,-1.6529791413338875
617943,July 2026,MoRTH,Goa,0.0,0.0,746.75,746.75,743.1877000000002,-0.477040508871754
617944,May 2026,MoRTH,Maharashtra,98.37,0.0,680.43,701.46,683.6244,0.46946783651515767
617945,July 2026,MoRTH,Maharashtra,67.16,0.0,354.21,354.21,353.8881999999996,-0.09085006069856695
617946,July 2026,MoRTH,Maharashtra,97.5,427.48,1142.62,1142.62,1140.3507999999993,-0.1985962087133638
617947,July 2026,MoRTH,Maharashtra,80.06,0.17,1006.99,1443.09,1261.6790999999992,25.29211809451922
617948,July 2026,MoRTH,Maharashtra,90.14,375.93,1117.75,2020.56,1113.2951999999996,-0.39855065980768795
617949,June 2026,MoRTH,Andhra Pradesh,100.0,75.64,159.66,159.66,158.34519999999992,-0.8234999373669526
617950,July 2026,MoRTH,Karnataka,22.0,9.76,204.42,204.42,204.58169999999987,0.07910184913407813
617951,July 2026,MoRTH,Karnataka,14.0,7.02,314.55,314.55,311.62920000000014,-0.9285646161182234
617954,May 2026,MoRTH,Karnataka,93.25,211.59,398.48,398.48,399.3570000000003,0.2200863280466507
617955,July 2026,MoRTH,Karnataka,85.0,312.83,718.52,718.52,700.8430999999993,-2.460182040861873
617957,May 2026,MoRTH,Uttar Pradesh,91.85,0.0,274.06,274.06,275.3885000000002,0.48474786543099685
617958,July 2026,MoRTH,Bihar,73.21,293.89,566.1,566.1,588.8884999999995,4.025525525525424
617959,May 2026,MoRTH,Bihar,95.66,311.39,477.54,477.54,475.4128000000005,-0.44544959584527044
617960,July 2026,MoRTH,West Bengal,85.56,216.61,271.17,291.2,271.75010000000003,0.21392484419368507
617961,July 2026,MoRTH,Bihar,97.0,0.0,1408.85,2138.16,1660.8062000000018,17.8838201369913
617962,July 2026,MoRTH,Tamil Nadu,94.0,126.56,238.97,260.07,250.77399999999986,4.9395321588483325
617963,July 2026,MoRTH,Uttar Pradesh,39.0,75.38,296.02,351.78,331.71119999999974,12.057023174109775
617964,July 2026,MoRTH,Uttar Pradesh,31.09,41.92,309.63,309.63,314.99710000000016,1.7333914672351398
617965,July 2026,MoRTH,Maharashtra,93.45,105.76,195.38,195.38,195.4178,0.01934691370662518
617966,July 2026,MoRTH,Bihar,99.74,0.04,780.77,961.33,823.3550999999993,5.45424388744436
617967,July 2026,MoRTH,Uttarakhand,99.0,108.94,251.88,251.88,252.61170000000013,0.29049547403530707
617968,July 2026,MoRTH,Uttarakhand,95.0,426.18,418.89,418.89,426.18,1.7403136861705988
617969,July 2026,MoRTH,Bihar,62.0,0.01,201.08,201.08,214.65240000000023,6.749751342749261
617970,May 2026,MoRTH,Uttarakhand,100.0,166.13,282.08,282.08,286.6594000000004,1.6234401588203415
617971,July 2026,MoRTH,Chhattisgarh,70.0,1.14,322.4,322.4,321.4499000000003,-0.2946960297765755
617972,July 2026,MoRTH,Chhattisgarh,0.0,0.0,200.67,200.67,200.73369999999986,0.031743658743145116
617973,May 2026,MoRTH,Chhattisgarh,97.0,102.56,188.8,188.8,188.6858999999999,-0.06043432203396256
617974,July 2026,MoRTH,Uttarakhand,53.74,0.0,344.73,344.73,396.9892000000002,15.159458126649897
617975,May 2026,MoRTH,Uttarakhand,100.0,79.56,237.79,237.79,238.45520000000036,0.27974263005188116
617976,July 2026,MoRTH,Gujarat,90.0,58.29,530.2,530.2,534.6314999999994,0.8358166729534791
617977,May 2026,MoRTH,Gujarat,99.55,0.0,211.28,234.44,225.60289999999995,6.779108292313493
617978,July 2026,MoRTH,Maharashtra,85.0,213.18,631.76,631.76,625.2290000000003,-1.0337786501202548
617979,July 2026,MoRTH,Maharashtra,74.29,0.0,533.76,533.76,535.8255,0.38697167266187854
617980,July 2026,MoRTH,Telangana,54.26,24.4,626.76,626.76,621.8586,-0.782021826536468
617981,May 2026,MoRTH,Telangana,99.92,0.0,359.0,359.0,370.3753000000002,3.168607242339891
617982,May 2026,MoRTH,Telangana,0.0,0.0,230.03,230.03,233.11629999999994,1.3416945615788973
617983,July 2026,MoRTH,Telangana,91.0,190.86,317.19,300.56,317.1832000000003,-0.002143825467295358
617984,July 2026,MoRTH,Andhra Pradesh,75.2,158.64,317.22,317.22,315.0699000000003,-0.6777945905049255
617985,July 2026,MoRTH,Andhra Pradesh,74.41,248.31,529.54,588.65,566.1595000000004,6.915341617252799
617986,July 2026,MoRTH,Andhra Pradesh,95.77,0.0,292.63,292.63,292.8106000000001,0.0617161603390232
617987,July 2026,MoRTH,Andhra Pradesh,49.71,0.0,691.81,691.81,678.7317000000003,-1.8904467989765503
617988,July 2026,MoRTH,Andhra Pradesh,41.98,0.0,776.17,644.14,666.5867999999996,-14.118453431593645
617989,July 2026,MoRTH,Karnataka,69.0,103.33,157.32,187.61,176.64470000000017,12.28368929570314
617990,May 2026,MoRTH,Andhra Pradesh,95.94,78.49,242.0,242.0,242.23770000000005,0.09822314049588694
617991,July 2026,MoRTH,Andhra Pradesh,91.9,141.83,290.15,290.15,289.81030000000027,-0.11707737377208659
617992,May 2026,MoRTH,Telangana,98.14,148.48,322.81,322.81,319.8071000000002,-0.9302376010655753
617993,May 2026,MoRTH,Telangana,97.74,0.0,220.28,220.28,225.35549999999995,2.304112947158139
617994,July 2026,MoRTH,Telangana,88.22,249.23,294.13,257.61,270.25700000000035,-8.11647910787735
617995,July 2026,MoRTH,Telangana,99.2,175.12,300.0,300.0,299.9656000000001,-0.011466666666630468
617996,May 2026,MoRTH,Telangana,95.6,234.7,298.0,298.0,299.96590000000015,0.6596979865772306
617997,July 2026,MoRTH,Karnataka,6.0,20.63,538.71,538.71,534.7227999999994,-0.7401384789591057
617998,July 2026,MoRTH,Karnataka,83.0,115.6,177.94,177.94,178.53990000000002,0.33713611329662774
617999,July 2026,MoRTH,Karnataka,69.54,91.74,471.62,471.62,474.37820000000056,0.5848352487173055
618000,July 2026,MoRTH,Karnataka,100.0,111.33,170.34,147.39,158.40679999999986,-7.005518375014759
618001,July 2026,MoRTH,Telangana,92.1,172.17,216.53,265.88,249.4254000000001,15.192075001154626
618002,May 2026,MoRTH,Nagaland,0.0,99.65,192.93,192.93,196.59660000000014,1.900482040118245
618003,July 2026,MoRTH,Odisha,90.0,25.17,154.49,154.49,154.40289999999996,-0.056379053660462974
618004,July 2026,MoRTH,Bihar,2.0,2.37,179.86,179.86,204.28110000000004,13.57783831869233
618005,June 2026,MoRTH,Bihar,98.65,0.0,178.85,278.53,247.40429999999986,38.330612244897885
618006,May 2026,MoRTH,Bihar,98.78,0.0,369.77,503.28,378.4709999999998,2.3530843497308584
618007,May 2026,MoRTH,Bihar,99.0,0.0,553.3,706.39,641.8242999999999,15.999331285017156
618008,May 2026,MoRTH,Uttar Pradesh,100.0,175.09,185.09,269.81,242.15080000000023,30.828677940461517
618009,July 2026,MoRTH,Uttar Pradesh,95.0,0.0,319.96,347.8,321.9665000000001,0.6271096387048789
618010,July 2026,MoRTH,Punjab,45.0,0.0,546.67,546.67,555.9279999999998,1.6935262589861912
618011,July 2026,MoRTH,Rajasthan,92.77,85.69,411.44,411.44,410.42370000000005,-0.24701049970832786
618012,July 2026,MoRTH,Odisha,60.0,46.39,186.52,186.52,186.31660000000022,-0.10904996783175469
618013,July 2026,MoRTH,Andhra Pradesh,90.19,464.06,1318.59,909.19,1326.3450000000012,0.5881282278798752
618014,July 2026,MoRTH,Chhattisgarh,38.56,53.0,199.05,199.05,198.68329999999986,-0.18422506907819683
618015,July 2026,MoRTH,Chhattisgarh,60.0,83.75,225.41,228.93,227.8258000000001,1.0717359478284476
618016,July 2026,MoRTH,Chhattisgarh,28.07,76.67,397.44,397.44,396.64060000000006,-0.2011372785829143
618017,July 2026,MoRTH,Chhattisgarh,60.0,92.75,286.0,286.0,285.68750000000006,-0.10926573426571438
618018,July 2026,MoRTH,Chhattisgarh,11.0,11.63,351.19,351.19,351.6051000000001,0.11819812637037189
618019,July 2026,MoRTH,Madhya Pradesh,91.0,200.67,365.21,365.21,362.6690999999996,-0.6957366994333023
618020,July 2026,MoRTH,Madhya Pradesh,67.57,164.84,386.49,386.49,386.5045000000001,0.0037517141452849665
618021,July 2026,MoRTH,Madhya Pradesh,36.85,0.0,425.97,425.97,424.87120000000056,-0.2579524379649908
618022,July 2026,MoRTH,Gujarat,77.0,22.63,173.06,219.08,201.64750000000018,16.51883739743452
618023,June 2026,MoRTH,Punjab,100.0,0.0,152.58,152.58,151.6202,-0.629047057281427
618024,July 2026,MoRTH,Punjab,83.0,0.0,263.19,263.19,278.25559999999973,5.724229643983333
618025,July 2026,MoRTH,Telangana,96.0,141.82,192.67,192.67,193.3442999999999,0.34997664400264855
618026,May 2026,MoRTH,Telangana,99.9,585.2,605.08,605.08,612.4313000000008,1.2149302571561973
618027,July 2026,MoRTH,Karnataka,90.0,198.15,445.62,445.62,447.8397000000003,0.49811498586245523
618028,July 2026,MoRTH,Karnataka,36.0,63.62,333.96,333.96,334.32539999999966,0.10941430111381044
618029,July 2026,MoRTH,Karnataka,83.33,203.12,350.69,312.06,361.36700000000036,3.044569277709761
618030,June 2026,MoRTH,Karnataka,0.0,3.78,264.14,264.14,265.4965999999998,0.5135912773528383
618031,July 2026,MoRTH,Karnataka,98.0,121.75,516.96,516.96,512.7276999999996,-0.8186900340452768
618033,June 2026,MoRTH,Arunachal Pradesh,51.37,171.91,496.47,496.47,496.5083000000005,0.00771446411675372
618034,July 2026,MoRTH,Assam,20.0,11.38,173.65,173.65,174.18049999999982,0.30549956809664197
618035,July 2026,MoRTH,Madhya Pradesh,60.14,0.0,275.4,275.4,274.79760000000016,-0.2187363834421998
618036,July 2026,MoRTH,Madhya Pradesh,43.0,0.0,315.55,315.55,313.1113999999997,-0.7728093804469314
618037,July 2026,MoRTH,Andhra Pradesh,90.2,213.12,439.82,359.52,440.0974999999998,0.06309399299709073
618038,July 2026,MoRTH,Jammu and Kashmir,3.0,0.0,224.44,224.44,223.90809999999988,-0.23698984138305162
618039,July 2026,MoRTH,Uttarakhand,31.75,0.0,346.82,346.82,346.75689999999986,-0.01819387578574869
618040,July 2026,MoRTH,Uttarakhand,42.0,0.0,452.81,452.81,452.3023999999999,-0.11209999779158626
618041,July 2026,MoRTH,Uttarakhand,2.0,0.0,299.31,299.31,300.25680000000045,0.31632755337290797
618042,July 2026,MoRTH,Maharashtra,50.25,49.03,163.86,163.86,164.0589000000001,0.12138410838526438
618043,July 2026,MoRTH,Madhya Pradesh,88.0,0.0,492.12,523.71,512.3529999999995,4.111395594570326
618044,July 2026,MoRTH,Madhya Pradesh,0.0,0.0,851.4,851.4,825.0289999999998,-3.097369039229529
618045,May 2026,MoRTH,Madhya Pradesh,67.0,71.77,179.18,179.18,185.77980000000017,3.683335193660095
618046,May 2026,MoRTH,Maharashtra,95.88,0.0,213.33,213.33,215.05710000000025,0.809590774855967
618047,July 2026,MoRTH,Maharashtra,88.56,0.0,657.16,657.16,651.481200000001,-0.8641426745387729
618049,July 2026,MoRTH,Maharashtra,98.0,64.95,183.41,183.41,184.1111,0.3822583283354216
618050,May 2026,MoRTH,Himachal Pradesh,98.16,146.64,345.89,359.56,361.0444,4.381277284685886
618051,June 2026,MoRTH,Himachal Pradesh,98.38,145.49,242.8,220.95,223.48140000000032,-7.956589785831833
618052,July 2026,MoRTH,Andhra Pradesh,37.7,0.0,808.7,808.7,744.9039999999991,-7.888710275751324
618053,July 2026,MoRTH,Andhra Pradesh,33.55,0.0,1019.97,1019.97,1026.4753000000005,0.6377932684295115
618054,July 2026,MoRTH,Uttar Pradesh,56.0,128.55,515.69,515.69,476.2944,-7.639395761019227
618055,July 2026,MoRTH,Uttar Pradesh,78.0,66.96,225.17,225.17,229.29779999999988,1.833192698849711
618056,July 2026,MoRTH,Uttar Pradesh,62.0,120.57,509.65,484.42,480.15719999999936,-5.786873344452196
618057,July 2026,MoRTH,Uttar Pradesh,54.0,31.42,189.31,189.31,191.8454,1.3392847710105171
618059,July 2026,MoRTH,Maharashtra,34.15,111.48,328.11,328.11,328.8612000000002,0.22894760903361994
618060,July 2026,MoRTH,Jharkhand,89.0,162.16,315.21,315.21,303.2202999999996,-3.8037181561499858
618061,July 2026,MoRTH,Maharashtra,62.5,57.23,386.16,386.16,386.10510000000016,-0.01421690490984602
618062,May 2026,MoRTH,Andhra Pradesh,99.64,0.0,244.83,244.83,244.40350000000038,-0.17420250786244937
618063,July 2026,MoRTH,Uttar Pradesh,94.0,115.38,262.37,343.77,311.2222000000002,18.61958303159668
618064,May 2026,MoRTH,Chhattisgarh,90.0,201.05,278.97,278.97,278.8585000000002,-0.03996845538939944
618065,July 2026,MoRTH,Maharashtra,37.2,49.78,316.44,316.44,315.18519999999955,-0.39653646820896327
618066,July 2026,MoRTH,Uttar Pradesh,48.0,38.69,283.86,283.86,287.62630000000024,1.3268160360742016
618067,July 2026,MoRTH,Uttar Pradesh,9.32,24.29,1086.3,1086.3,1066.8676000000012,-1.7888612722083017
618068,July 2026,MoRTH,Madhya Pradesh,62.8,36.36,158.36,158.36,158.34100000000012,-0.01199797928763057
618069,July 2026,MoRTH,Rajasthan,72.0,0.0,334.64,334.64,331.4572999999997,-0.9510817595028375
618070,July 2026,MoRTH,Kerala,98.0,0.0,294.28,315.63,302.96990000000017,2.9529359793394705
618071,July 2026,MoRTH,Sikkim,92.0,203.36,385.15,342.89,355.88999999999976,-7.597040114241262
618072,July 2026,MoRTH,Nagaland,100.0,155.15,297.25,297.25,298.2364000000001,0.3318418839361201
618073,July 2026,MoRTH,Bihar,61.0,0.0,226.16,226.16,237.79089999999985,5.142775026529827
618074,July 2026,MoRTH,Bihar,96.0,154.25,624.43,624.43,624.4779000000002,0.007670995948345579
618075,July 2026,MoRTH,Uttar Pradesh,77.0,210.11,840.93,773.58,774.5860000000008,-7.889360588871742
618076,July 2026,MoRTH,Meghalaya,4.5,0.0,504.0,350.67,409.7941999999994,-18.6916269841271
618078,May 2026,MoRTH,Chhattisgarh,85.0,97.78,193.16,193.16,193.49439999999996,0.17312072892936406
618079,July 2026,MoRTH,Odisha,15.0,0.0,172.66,172.66,173.3417999999999,0.39488011120114447
618080,July 2026,MoRTH,Bihar,7.5,0.0,353.27,353.27,352.1648,-0.31284852945338354
618081,July 2026,MoRTH,Uttar Pradesh,55.0,81.45,438.24,362.39,441.7289999999997,0.7961391018619232
618082,July 2026,MoRTH,Uttar Pradesh,95.0,0.0,395.62,392.03,376.2169999999998,-4.904453768768057
618083,July 2026,MoRTH,Jharkhand,5.0,2.32,458.78,458.78,458.87639999999965,0.02101224988004618
618084,July 2026,MoRTH,Jharkhand,95.0,100.77,153.01,133.67,141.94120000000004,-7.234036991046307
618085,July 2026,MoRTH,Madhya Pradesh,92.33,0.0,305.12,293.74,298.9610000000004,-2.0185500786574444
618086,July 2026,MoRTH,Karnataka,48.5,8.03,617.28,617.28,581.9009999999995,-5.731434681182036
618087,July 2026,MoRTH,Karnataka,96.0,185.27,255.88,255.88,255.25860000000011,-0.242848210098437
618088,July 2026,MoRTH,Maharashtra,41.93,32.41,325.79,325.79,326.0887000000003,0.09168482764979921
618089,July 2026,MoRTH,Maharashtra,65.14,74.51,206.54,206.54,206.2109000000003,-0.15933959523564367
618090,May 2026,MoRTH,Maharashtra,97.25,0.0,545.64,545.64,567.4234999999996,3.9922842900080022
618091,July 2026,MoRTH,Telangana,46.0,152.49,512.98,512.98,513.0935000000007,0.02212561893265365
618092,July 2026,MoRTH,Rajasthan,63.52,304.62,606.61,606.61,615.4466000000003,1.4567184846936774
618093,May 2026,MoRTH,Rajasthan,0.0,55.04,838.43,838.43,823.8528999999992,-1.7386186085899564
618094,July 2026,MoRTH,Maharashtra,86.3,333.1,369.39,369.39,374.4490999999998,1.3695822843065135
618095,July 2026,MoRTH,Karnataka,75.0,72.94,196.05,196.05,196.1684000000001,0.06039275694980543
618096,July 2026,MoRTH,Maharashtra,87.0,60.25,181.45,181.45,182.49520000000018,0.5760264535685826
618097,July 2026,MoRTH,Maharashtra,91.89,0.0,407.2,407.2,406.0924999999999,-0.2719793713163244
618098,July 2026,MoRTH,Maharashtra,93.75,0.0,167.97,167.97,167.4615999999998,-0.3026730963863747
618099,May 2026,MoRTH,Maharashtra,100.0,98.68,164.13,164.13,163.29689999999974,-0.5075854505576418
618101,July 2026,MoRTH,Andhra Pradesh,37.95,0.0,881.61,881.61,894.0089999999999,1.406404192329929
618103,July 2026,MoRTH,Andhra Pradesh,90.33,168.7,279.29,279.29,279.7941000000003,0.18049339396336359
618104,July 2026,MoRTH,Telangana,90.05,620.25,886.69,886.69,907.7591000000008,2.376151755405015
618105,July 2026,MoRTH,Telangana,46.63,125.34,631.49,631.49,624.7966999999995,-1.0599217723163432
618106,July 2026,MoRTH,Telangana,90.69,304.65,703.68,703.68,718.535,2.11104479308777
618107,July 2026,MoRTH,Gujarat,23.0,421.58,1155.21,1155.21,1165.7629000000018,0.9135049038704416
618108,July 2026,MoRTH,Gujarat,64.5,41.55,237.28,237.28,239.23879999999994,0.8255225893458951
618109,July 2026,MoRTH,Karnataka,88.33,217.46,355.72,355.72,364.02340000000004,2.3342516586078967
618110,May 2026,MoRTH,Uttar Pradesh,0.0,125.88,307.11,307.11,309.85509999999994,0.8938491094395892
618111,July 2026,MoRTH,Uttar Pradesh,96.0,142.17,403.36,345.34,364.36989999999975,-9.666327846092887
618112,July 2026,MoRTH,Uttar Pradesh,8.0,8.72,912.5,912.5,960.3946000000005,5.248723287671292
618113,July 2026,MoRTH,Uttar Pradesh,50.72,80.16,587.97,587.97,584.5211000000004,-0.5865775464733981
618114,July 2026,MoRTH,Uttar Pradesh,4.0,0.0,1192.33,1192.33,1200.8651000000013,0.7158337037566296
618116,July 2026,MoRTH,Uttar Pradesh,40.45,172.89,1679.75,1679.75,1492.7849,-11.13053132906682
618117,July 2026,MoRTH,Rajasthan,23.0,15.13,154.89,154.89,154.83769999999987,-0.033765898379570114
618118,May 2026,MoRTH,Rajasthan,100.0,63.55,174.34,174.34,178.1031,2.1584834231960586
618119,July 2026,MoRTH,Uttarakhand,67.0,0.0,472.23,472.23,472.3374000000006,0.022743154818755572
618120,July 2026,MoRTH,Bihar,4.0,0.22,1060.16,1060.16,1067.8599000000008,0.7262960307878765
618121,July 2026,MoRTH,Bihar,93.0,198.23,427.29,427.29,430.0034000000004,0.6350253925906004
618122,July 2026,MoRTH,Odisha,34.0,7.42,172.09,172.09,171.72130000000004,-0.2142483584170849
618123,June 2026,MoRTH,Jharkhand,0.01,5.46,423.18,423.18,954.7733999999975,125.61874379696522
618124,July 2026,MoRTH,Uttar Pradesh,73.0,88.97,343.54,343.54,362.76320000000044,5.595622052745071
618125,July 2026,MoRTH,Andhra Pradesh,100.0,44.94,228.32,228.32,228.5088999999999,0.08273475823401558
618126,July 2026,MoRTH,Bihar,58.75,67.37,479.37,479.37,477.4189999999999,-0.4069925110040425
618127,July 2026,MoRTH,Jharkhand,15.0,10.06,255.73,255.73,293.2780999999998,14.68271223556088
618129,July 2026,MoRTH,Madhya Pradesh,99.15,167.65,467.93,467.93,479.6681000000002,2.5085162310602445
618130,July 2026,MoRTH,Telangana,79.07,149.79,490.92,490.92,491.15659999999923,0.04819522529112973
618132,May 2026,MoRTH,Telangana,98.57,152.77,206.13,206.13,207.21709999999996,0.5273856304273827
618133,July 2026,MoRTH,Maharashtra,67.39,144.61,280.57,280.57,288.9818999999999,2.998146630074452
618134,July 2026,MoRTH,Maharashtra,81.42,132.28,459.39,459.39,457.82879999999966,-0.3398419643440925
618136,May 2026,MoRTH,Maharashtra,91.0,0.0,224.44,224.44,224.7012999999999,0.11642309748703082
618137,July 2026,MoRTH,Maharashtra,68.23,158.38,540.35,540.35,535.8565999999992,-0.8315721291756937
618138,July 2026,MoRTH,Maharashtra,54.04,0.0,349.57,349.57,349.07069999999993,-0.1428326229367686
618139,July 2026,MoRTH,Maharashtra,43.46,0.0,355.12,355.12,355.0522,-0.01909213786888291
618140,July 2026,MoRTH,Telangana,13.33,18.32,445.76,445.76,446.50239999999997,0.166547020818372
618141,July 2026,MoRTH,Telangana,77.85,184.83,423.48,423.48,423.80270000000036,0.07620194578264347
618142,May 2026,MoRTH,Telangana,99.96,0.0,244.54,244.54,235.94120000000032,-3.5163163490634135
618143,May 2026,MoRTH,Telangana,92.74,0.0,197.0,197.0,196.56299999999993,-0.22182741116754753
618144,May 2026,MoRTH,Karnataka,0.0,0.0,423.15,423.15,423.9855000000004,0.19744771357684568
618145,May 2026,MoRTH,Andhra Pradesh,98.63,303.13,568.12,568.12,575.9899000000004,1.3852531155390357
618146,July 2026,MoRTH,Bihar,39.0,0.38,495.16,495.16,494.67380000000077,-0.09819048388384718
618147,July 2026,MoRTH,Karnataka,65.0,46.69,166.58,166.58,165.6103,-0.5821227038059895
618148,July 2026,MoRTH,Karnataka,0.0,6.15,785.79,785.79,743.5755999999998,-5.372224131129206
618149,July 2026,MoRTH,Karnataka,60.21,288.23,957.09,957.09,972.3201999999982,1.5913028032889434
618150,July 2026,MoRTH,Maharashtra,15.0,0.0,761.83,761.83,750.5264999999998,-1.483729966002942
618151,July 2026,MoRTH,Karnataka,0.0,1.71,1084.29,1084.29,1079.909899999999,-0.4039601951508354
618152,July 2026,MoRTH,Maharashtra,96.19,0.0,488.6,488.6,489.4927999999992,0.18272615636495493
618153,July 2026,MoRTH,Maharashtra,98.08,7.34,653.46,653.46,649.9874999999996,-0.531402075107952
618154,July 2026,MoRTH,Maharashtra,68.93,0.0,157.62,157.62,159.79750000000007,1.3814871209237825
618155,July 2026,MoRTH,Maharashtra,76.2,99.7,396.17,396.17,394.50840000000005,-0.41941590731250833
618156,July 2026,MoRTH,Madhya Pradesh,73.5,0.0,492.66,492.66,496.7706000000007,0.8343685300208376
618157,July 2026,MoRTH,Madhya Pradesh,79.0,79.84,348.06,348.06,347.83760000000024,-0.06389702924776357
618158,July 2026,MoRTH,Madhya Pradesh,16.52,0.0,416.96,416.96,418.0565999999997,0.26299884881037494
618159,July 2026,MoRTH,Assam,6.7,28.96,382.1,382.1,386.19859999999966,1.0726511384453377
618160,July 2026,MoRTH,Assam,3.25,0.0,1019.17,1019.17,1032.858099999999,1.3430634732183104
618161,May 2026,MoRTH,Andhra Pradesh,99.45,355.56,839.98,839.98,827.1715999999996,-1.524845829662666
618162,July 2026,MoRTH,Uttar Pradesh,20.0,0.0,2008.7,2008.7,1935.2425000000017,-3.6569671927116234
618163,July 2026,MoRTH,Uttar Pradesh,59.5,167.84,809.25,603.19,680.1524000000007,-15.952746370095678
618164,July 2026,MoRTH,Uttar Pradesh,100.0,0.0,1141.67,1157.31,1156.4828999999993,1.2974765037181688
618165,June 2026,MoRTH,Uttar Pradesh,100.0,0.0,1156.72,1156.72,1160.3594000000005,0.3146310256588006
618166,July 2026,MoRTH,Uttar Pradesh,100.0,0.04,697.66,697.66,700.980500000001,0.4759481695956571
618167,May 2026,MoRTH,Uttar Pradesh,93.0,0.0,264.86,264.86,276.7711000000002,4.497130559540966
618168,July 2026,MoRTH,Uttar Pradesh,56.0,134.41,917.91,965.3,962.9467000000008,4.90643962915763
618169,July 2026,MoRTH,Uttar Pradesh,98.0,270.82,640.18,602.76,615.6534000000004,-3.8312037239525725
618170,July 2026,MoRTH,Madhya Pradesh,46.33,38.07,214.07,214.07,213.82359999999994,-0.11510253655348766
618171,July 2026,MoRTH,Madhya Pradesh,57.26,98.96,352.69,352.69,351.8377999999998,-0.241628625705353
618172,July 2026,MoRTH,Maharashtra,82.0,208.25,341.8,341.8,341.81459999999976,0.004271503803319398
618173,July 2026,MoRTH,Maharashtra,83.93,0.0,381.77,381.77,381.91779999999994,0.0387144091992459
618174,July 2026,MoRTH,Maharashtra,100.0,0.0,226.58,226.58,226.57840000000024,-0.0007061523522680278
618175,June 2026,MoRTH,Maharashtra,93.46,0.0,428.8,428.8,428.9488000000002,0.034701492537351865
618176,July 2026,MoRTH,Maharashtra,35.45,39.95,349.08,349.08,349.0985,0.00529964478057101
618177,July 2026,MoRTH,Maharashtra,95.29,5.78,227.19,227.19,229.28039999999982,0.9201109203749364
618178,July 2026,MoRTH,Maharashtra,72.0,0.0,162.67,162.67,163.21049999999997,0.33226778139791
618179,June 2026,MoRTH,Maharashtra,97.0,0.0,181.58,181.58,183.65810000000016,1.1444542350479945
618180,July 2026,MoRTH,Maharashtra,89.08,0.0,223.46,223.46,223.15300000000013,-0.1373847668485967
618181,May 2026,MoRTH,Maharashtra,98.0,0.0,153.79,153.79,153.8131000000002,0.015020482476232791
618182,July 2026,MoRTH,Telangana,68.9,207.08,499.88,499.88,499.9808999999997,0.020184844362583648
618183,July 2026,MoRTH,Telangana,70.6,146.04,399.01,399.01,388.60970000000003,-2.606526152226751
618184,July 2026,MoRTH,Karnataka,65.0,160.08,313.56,313.56,314.67010000000033,0.35403112641929124
618185,July 2026,MoRTH,Karnataka,12.0,15.68,394.95,394.95,394.57789999999994,-0.09421445752628076
618186,July 2026,MoRTH,Telangana,94.97,325.77,549.28,549.28,552.0715999999996,0.5082289542673456
618187,July 2026,MoRTH,Uttar Pradesh,9.06,26.64,947.15,947.15,966.7673999999993,2.0712030829329353
618188,July 2026,MoRTH,Maharashtra,100.0,98.95,253.78,253.78,246.33729999999977,-2.9327370163134328
618189,July 2026,MoRTH,Karnataka,25.18,66.04,613.65,613.65,581.8036000000002,-5.18966837773972
618190,July 2026,MoRTH,Telangana,98.6,403.48,644.45,644.45,641.6026999999999,-0.4418186050120462
618191,May 2026,MoRTH,Andhra Pradesh,99.06,227.13,403.22,403.22,403.78860000000054,0.14101483061368858
618192,May 2026,MoRTH,Andhra Pradesh,94.65,0.0,423.67,423.67,425.1607999999994,0.3518776406163784
618193,July 2026,MoRTH,Andhra Pradesh,45.62,76.12,368.63,368.63,365.7377,-0.7846078723923656
618194,July 2026,MoRTH,Andhra Pradesh,98.52,312.4,294.13,285.29,312.4,6.211539115357149
618196,July 2026,MoRTH,Telangana,85.0,0.0,578.85,578.85,596.1034999999997,2.9806512913534924
618197,July 2026,MoRTH,Telangana,74.06,383.75,882.18,882.18,926.1841000000003,4.9881090026979
618198,July 2026,MoRTH,Maharashtra,93.07,170.26,388.93,341.69,381.1722999999999,-1.994626282364465
618199,July 2026,MoRTH,Maharashtra,53.5,168.06,723.13,723.13,723.6673999999996,0.07431582149815291
618200,July 2026,MoRTH,Rajasthan,50.33,6.14,317.74,317.74,317.0164000000004,-0.227733366903643
618201,July 2026,MoRTH,Jammu and Kashmir,51.0,0.0,702.1,702.1,702.1396999999998,0.005654465175874028
618202,July 2026,MoRTH,Jammu and Kashmir,46.8,112.16,992.43,992.43,978.0776000000006,-1.4461876404380467
618203,July 2026,MoRTH,Jammu and Kashmir,57.0,132.03,980.21,980.21,922.8397000000008,-5.8528580610276615
618204,July 2026,MoRTH,Jammu and Kashmir,54.89,112.2,426.15,426.15,428.50320000000056,0.5521999296023897
618205,July 2026,MoRTH,Jammu and Kashmir,85.5,298.96,823.46,823.46,781.1750000000004,-5.1350399533674524
618206,July 2026,MoRTH,Jammu and Kashmir,41.7,160.59,1404.94,1404.94,1389.472300000001,-1.1009509302887677
618207,July 2026,MoRTH,Uttarakhand,21.03,0.0,573.96,573.96,591.1643999999997,2.9974911143633043
618208,May 2026,MoRTH,Uttarakhand,95.0,0.0,180.1,180.1,183.58480000000006,1.9349250416435668
618209,July 2026,MoRTH,Uttarakhand,37.23,0.0,258.85,258.85,259.6662999999997,0.3153563840060542
618210,July 2026,MoRTH,Uttarakhand,81.17,0.0,603.92,603.92,620.0039999999992,2.663266657835353
618211,July 2026,MoRTH,Uttarakhand,37.19,0.0,649.6,649.6,637.1891999999995,-1.9105295566503329
618212,July 2026,MoRTH,Uttarakhand,22.0,0.0,197.26,197.26,196.77379999999994,-0.24647673121770938
618213,July 2026,MoRTH,Uttarakhand,96.46,0.0,273.76,273.76,273.85359999999974,0.034190531852627645
618214,July 2026,MoRTH,Uttarakhand,100.0,0.0,346.5,346.5,355.3910000000001,2.565945165945188
618215,July 2026,MoRTH,Himachal Pradesh,22.26,0.0,274.36,194.0,220.85649999999998,-19.50120279924188
618216,July 2026,MoRTH,Himachal Pradesh,23.24,31.4,230.55,203.15,230.3175000000001,-0.10084580351329527
618217,July 2026,MoRTH,Himachal Pradesh,62.28,93.27,314.67,244.15,277.2990000000001,-11.876251310897105
618218,July 2026,MoRTH,Uttarakhand,80.0,0.0,338.38,338.38,338.72970000000004,0.10334535138011738
618219,July 2026,MoRTH,Uttarakhand,76.67,0.0,292.76,292.76,292.6750999999996,-0.02899986336945025
618220,May 2026,MoRTH,Jammu and Kashmir,100.0,0.0,642.24,572.51,595.3187000000001,-7.305882536123545
618221,July 2026,MoRTH,Jammu and Kashmir,60.0,0.0,734.64,734.64,727.8708999999998,-0.9214172928237242
618222,July 2026,MoRTH,Jammu and Kashmir,71.27,158.68,562.45,562.45,560.3553000000002,-0.37242421548579874
618223,July 2026,MoRTH,Jammu and Kashmir,90.06,77.62,152.93,152.93,152.44620000000015,-0.3163538873993723
618224,July 2026,MoRTH,Jammu and Kashmir,92.1,440.97,796.97,796.97,754.3522000000005,-5.347478575103145
618225,July 2026,MoRTH,Jammu and Kashmir,89.2,162.0,395.25,395.25,394.43489999999997,-0.20622390891841352
618226,July 2026,MoRTH,Jammu and Kashmir,95.27,160.08,272.49,272.49,272.8983000000003,0.14984036111427254
618227,July 2026,MoRTH,West Bengal,74.98,590.78,995.04,1059.2,1009.0852000000003,1.4115211448786344
618228,July 2026,MoRTH,Bihar,75.33,622.65,2926.42,2926.42,2972.6370000000024,1.5793016723505982
618229,May 2026,MoRTH,Uttar Pradesh,100.0,0.0,211.09,206.56,219.32790000000006,3.902553413236085
618230,July 2026,MoRTH,Himachal Pradesh,70.58,0.0,314.32,314.32,296.5738999999999,-5.645870450496332
618231,July 2026,MoRTH,Himachal Pradesh,93.62,198.34,371.93,371.93,371.86720000000014,-0.016884897695767443
618232,July 2026,MoRTH,Himachal Pradesh,58.0,77.84,251.62,190.02,214.19560000000027,-14.873380494396207
618233,July 2026,MoRTH,Uttar Pradesh,91.0,0.43,1948.25,1465.41,1582.6110000000017,-18.767560631335726
618234,July 2026,MoRTH,Bihar,98.6,901.52,1478.4,1478.4,1531.8971999999983,3.6185876623375406
618235,July 2026,MoRTH,Rajasthan,56.2,99.13,278.1,278.1,280.18549999999976,0.7499101042789429
618236,July 2026,MoRTH,Andhra Pradesh,100.0,222.43,316.06,288.76,295.99909999999954,-6.347180915016281
618237,May 2026,MoRTH,Andhra Pradesh,98.4,151.56,263.45,263.45,264.24440000000027,0.30153729360420584
618238,July 2026,MoRTH,Andhra Pradesh,98.2,233.93,350.61,432.91,401.6264000000005,14.550754399475338
618239,July 2026,MoRTH,Andhra Pradesh,98.6,512.79,445.22,459.37,512.79,15.176766542383527
618240,July 2026,MoRTH,Uttar Pradesh,100.0,0.0,236.47,236.47,235.7189000000002,-0.31763014335848483
618242,July 2026,MoRTH,Jharkhand,54.54,94.18,300.46,300.46,293.1421999999997,-2.435532183984644
618243,July 2026,MoRTH,Uttar Pradesh,36.67,0.07,1138.72,1138.72,1121.5932,-1.5040396234368416
618244,July 2026,MoRTH,Uttar Pradesh,55.0,0.0,1273.72,1273.72,1259.6682000000008,-1.103209496592601
618246,July 2026,MoRTH,Bihar,52.6,522.58,1110.23,1110.23,1204.5165999999992,8.492528575160033
618247,July 2026,MoRTH,Uttar Pradesh,7.0,0.0,1708.62,1708.62,1682.366599999999,-1.5365265535930146
618248,July 2026,MoRTH,Uttar Pradesh,22.0,0.0,1653.15,1653.15,1766.5515999999977,6.859728397301977
618249,July 2026,MoRTH,Uttar Pradesh,40.0,0.0,1511.57,1511.57,1491.770600000002,-1.309856639123417
618250,July 2026,MoRTH,Bihar,18.66,0.0,3064.45,3064.45,3212.679700000004,4.837073536850135
618251,July 2026,MoRTH,Bihar,9.07,0.83,1661.25,1661.25,1633.8953999999994,-1.6466275395034207
618252,July 2026,MoRTH,Uttar Pradesh,58.0,1.2,974.19,1344.61,1202.1264000000008,23.39753025590498
618253,July 2026,MoRTH,Himachal Pradesh,0.0,0.0,870.95,896.86,896.4009000000002,2.92219989666458
618254,July 2026,MoRTH,Andhra Pradesh,13.0,21.96,244.43,244.43,244.30890000000014,-0.049543836681205475
618255,July 2026,MoRTH,Andhra Pradesh,56.69,145.94,361.24,358.05,357.10359999999986,-1.145055918502976
618256,July 2026,MoRTH,Andhra Pradesh,93.01,211.05,311.22,311.22,308.95800000000025,-0.7268170426064433
618257,July 2026,MoRTH,Andhra Pradesh,98.09,264.86,349.29,349.29,374.0440000000004,7.086947808411452
618258,May 2026,MoRTH,Andhra Pradesh,91.5,237.52,296.66,289.11,291.67550000000034,-1.6802062967706075
618259,May 2026,MoRTH,Andhra Pradesh,100.0,122.52,222.61,222.61,223.97180000000023,0.6117425093213312
618260,July 2026,MoRTH,Uttar Pradesh,35.0,0.0,1348.06,1348.06,1334.3996999999988,-1.0133302671988742
618262,July 2026,MoRTH,Uttar Pradesh,10.0,0.0,1734.7,1734.7,1690.0310999999995,-2.575021617570795
618263,July 2026,MoRTH,Uttar Pradesh,81.18,156.4,701.02,701.02,706.1007999999991,0.7247724743943337
618264,July 2026,MoRTH,Uttar Pradesh,41.0,222.2,2061.86,2061.86,1890.6760999999972,-8.30240171495654
618265,July 2026,MoRTH,Uttar Pradesh,92.0,0.13,172.5,169.56,171.4834999999999,-0.5892753623188944
618266,July 2026,MoRTH,Uttar Pradesh,99.0,0.0,325.24,340.16,328.6195,1.0390788340917498
618267,July 2026,MoRTH,Uttar Pradesh,0.0,0.0,1590.2,1590.2,1569.3743000000004,-1.3096277197836526
618282,July 2026,NHIDCL,Assam,64.48,632.99,1264.9,1264.9,1264.9198999999985,0.0015732468968626212
618283,July 2026,NHIDCL,Assam,59.78,505.47,1000.27,1000.27,951.6575999999997,-4.85992781948877
618284,July 2026,NHIDCL,Assam,85.87,962.73,1457.59,1457.59,1446.8292000000001,-0.7382597301024151
618285,May 2026,NHIDCL,Assam,100.0,186.64,286.72,286.72,287.8510000000001,0.39446149553574406
618286,July 2026,NHIDCL,Assam,81.07,435.79,746.76,746.76,746.913,0.02048851036477851
618287,July 2026,NHIDCL,Assam,12.45,199.15,1338.61,1338.61,1340.8476999999998,0.1671659407893191
618288,July 2026,NHIDCL,Assam,35.0,163.12,1081.15,1081.15,1001.4593000000002,-7.370919853859305
618289,July 2026,NHIDCL,Assam,97.76,209.95,224.85,224.85,226.44879999999984,0.7110518123192532
618290,July 2026,NHIDCL,Nagaland,46.77,102.32,202.36,202.36,206.3919000000002,1.9924392172366956
618291,July 2026,NHIDCL,Nagaland,39.54,128.32,159.85,342.29,284.9063000000005,78.2335314357213
618292,July 2026,NHIDCL,Nagaland,69.76,201.99,277.44,277.44,283.8014999999998,2.2929282006919722
618293,July 2026,NHIDCL,Nagaland,27.24,120.92,232.29,350.88,306.9059000000004,32.12187352016892
618294,July 2026,NHIDCL,Meghalaya,26.8,176.55,801.07,801.07,768.2057000000007,-4.102550338921616
618295,July 2026,NHIDCL,Meghalaya,46.38,0.0,705.83,705.83,707.9495000000007,0.3002847711206237
618296,July 2026,NHIDCL,Nagaland,98.39,268.18,330.8,330.8,328.7576999999996,-0.6173821039904502
618297,July 2026,NHIDCL,Nagaland,43.13,0.0,355.79,355.79,359.10990000000044,0.9331066078305787
618298,July 2026,NHIDCL,Manipur,94.71,272.3,211.7,211.7,272.3,28.625413320736904
618299,July 2026,NHIDCL,Manipur,76.63,206.28,268.98,268.98,272.19399999999973,1.1948843780205645
618300,July 2026,NHIDCL,Manipur,91.39,314.73,379.39,379.39,380.64490000000006,0.3307678114868809
618301,July 2026,NHIDCL,Manipur,48.35,143.26,228.97,228.97,238.24980000000008,4.05284535091937
618302,July 2026,NHIDCL,Manipur,98.12,195.0,256.04,256.04,254.97840000000045,-0.4146227152005828
618303,July 2026,NHIDCL,Manipur,88.96,140.9,222.77,222.77,226.36640000000025,1.6144005027608044
618304,July 2026,NHIDCL,Manipur,28.12,128.92,164.89,164.89,176.7618999999998,7.199890836315006
618305,July 2026,NHIDCL,Manipur,26.22,225.73,554.66,554.66,553.750200000001,-0.16402841380286937
618306,July 2026,NHIDCL,Manipur,14.5,173.58,564.05,564.05,561.1599000000006,-0.5123836539312815
618307,July 2026,NHIDCL,Tripura,54.56,205.69,456.88,456.88,457.4260999999996,0.11952810365952243
618308,July 2026,NHIDCL,Assam,57.17,339.78,676.18,728.97,685.5037000000002,1.378878405158428
618309,July 2026,NHIDCL,Assam,23.07,185.17,1319.55,1319.55,1346.049000000001,2.0081846083892945
618310,July 2026,NHIDCL,Assam,41.88,135.54,791.79,791.79,757.6796999999999,-4.307998332891303
618311,July 2026,NHIDCL,Assam,40.99,158.08,870.0,870.0,862.6601999999998,-0.8436551724138156
618312,July 2026,NHIDCL,Assam,14.04,186.86,1258.13,1258.13,1257.477000000001,-0.05190242661721049
618313,July 2026,NHIDCL,Assam,41.26,178.62,1181.55,1181.55,1110.3750000000002,-6.023866954424251
618314,July 2026,NHIDCL,Assam,81.65,1057.72,1716.21,1716.21,1795.0690000000002,4.594950501395526
618315,July 2026,NHIDCL,Assam,59.65,632.2,1256.9,1256.9,1250.5188999999984,-0.5076855756226948
618316,July 2026,NHIDCL,Mizoram,17.86,238.01,491.39,491.39,492.9565999999996,0.3188099065914235
618317,July 2026,NHIDCL,Mizoram,17.12,223.99,561.91,561.91,561.0717000000013,-0.14918759231881254
618318,July 2026,NHIDCL,Mizoram,11.86,259.85,720.4,720.4,717.4047000000007,-0.4157828983896789
618319,July 2026,NHIDCL,Mizoram,6.72,189.39,595.65,595.65,616.6890000000006,3.532107781415373
618320,July 2026,NHIDCL,Mizoram,18.9,190.01,866.32,866.32,883.5326000000007,1.9868639763598477
618321,July 2026,NHIDCL,Mizoram,13.95,288.34,875.79,875.79,949.843199999999,8.455588668516317
618323,July 2026,NHIDCL,Mizoram,0.0,0.11,1313.28,1313.28,1283.5073999999995,-2.2670413011696264
618324,July 2026,NHIDCL,Mizoram,15.1,102.62,720.72,720.72,719.8370000000006,-0.12251637251629893
618325,June 2026,NHIDCL,Assam,0.0,142.21,204.1,204.1,204.31409999999997,0.10489955903967346
618326,July 2026,NHIDCL,Assam,99.7,322.98,516.88,516.88,517.7245999999997,0.1634034979104769
618327,May 2026,NHIDCL,Assam,0.0,0.0,625.64,625.64,624.6437999999996,-0.15922894955571662
618328,July 2026,NHIDCL,Nagaland,84.32,542.85,562.98,794.75,574.0122000000006,1.9596078013429532
618329,May 2026,NHIDCL,Nagaland,0.0,0.0,819.39,819.39,786.6596999999996,-3.994471497089347
618330,May 2026,NHIDCL,Assam,100.0,647.21,511.02,511.02,647.21,26.65062032797152
618331,July 2026,NHIDCL,Assam,47.27,214.64,957.95,957.95,938.6798999999997,-2.0115976825513124
618333,July 2026,NHIDCL,Manipur,92.52,428.13,760.16,760.16,758.2539999999998,-0.2507366870132836
618334,July 2026,NHIDCL,Manipur,95.2,325.89,504.76,504.76,485.5040999999998,-3.8148625089151613
618335,July 2026,NHIDCL,Manipur,91.02,382.67,410.68,410.68,425.87780000000015,3.7006428362715846
618336,July 2026,NHIDCL,Manipur,86.05,408.21,579.63,579.63,580.1141999999996,0.08353604885869366
618337,July 2026,NHIDCL,Manipur,86.33,593.79,467.0,467.0,593.79,27.149892933618837
618338,July 2026,NHIDCL,Manipur,93.1,162.71,195.14,195.14,195.6867999999999,0.2802090806599904
618339,June 2026,NHIDCL,Assam,20.45,80.08,356.65,356.65,370.69500000000045,3.9380344875930104
618340,July 2026,NHIDCL,Assam,88.99,261.02,458.59,458.59,458.8644999999994,0.05985738895296903
618341,May 2026,NHIDCL,Mizoram,95.31,394.29,523.78,523.78,527.6553999999994,0.7398907938446381
618342,May 2026,NHIDCL,Mizoram,0.0,0.0,206.9,206.9,206.62990000000013,-0.13054615756397847
618343,May 2026,NHIDCL,Mizoram,0.0,0.0,292.23,292.23,290.00889999999964,-0.7600520138248559
618344,July 2026,NHIDCL,Manipur,85.84,563.39,673.27,673.27,684.0150999999998,1.5959570454646526
618345,July 2026,NHIDCL,Manipur,88.2,198.28,365.53,365.53,365.96469999999977,0.11892320739742113
618346,July 2026,NHIDCL,Manipur,100.0,155.44,232.99,232.99,234.33630000000034,0.5778359586249736
618347,July 2026,NHIDCL,Manipur,100.0,164.85,241.52,241.52,241.1044000000002,-0.17207684663788214
618348,July 2026,NHIDCL,Manipur,9.17,97.93,177.76,177.76,178.9423,0.6651102610261015
618349,July 2026,NHIDCL,Manipur,25.93,112.41,204.12,204.12,203.90339999999998,-0.10611405055850875
618350,July 2026,NHIDCL,Tripura,48.3,404.6,920.66,920.66,901.6748000000013,-2.0621293419936473
618351,July 2026,NHIDCL,Assam,90.5,605.43,890.33,693.15,764.7690000000001,-14.102748419125483
618352,July 2026,NHIDCL,Assam,87.5,559.51,860.37,614.43,850.6565999999999,-1.1289793925869211
618353,July 2026,NHIDCL,Assam,85.2,563.52,904.04,904.04,876.4768999999992,-3.0488805805053714
618354,July 2026,NHIDCL,Assam,90.36,481.81,846.82,846.82,843.7349000000011,-0.36431591129153634
618355,July 2026,NHIDCL,Manipur,95.28,375.87,483.87,483.87,482.53710000000024,-0.27546655093305383
618356,July 2026,NHIDCL,Manipur,98.5,201.13,234.08,234.08,238.26890000000043,1.789516404648161
618357,July 2026,NHIDCL,Manipur,84.87,330.13,477.86,477.86,479.41120000000046,0.32461390365388376
618358,July 2026,NHIDCL,Manipur,86.87,231.08,311.18,311.18,309.20640000000014,-0.6342309917089345
618359,July 2026,NHIDCL,"Multi-States (Arunachal Pradesh, Assam)",96.7,380.59,665.47,665.47,672.0550000000004,0.9895261995282097
618362,July 2026,NHIDCL,Mizoram,64.78,553.89,698.45,698.45,732.4730000000002,4.871214832844174
618363,July 2026,NHIDCL,Mizoram,61.34,494.49,740.58,740.58,747.6383000000009,0.9530773177780694
618364,July 2026,NHIDCL,Nagaland,87.0,0.0,430.24,430.24,430.1595999999999,-0.018687244328772556
618365,July 2026,NHIDCL,Nagaland,85.67,0.0,497.18,497.18,496.5656000000001,-0.12357697413410282
618366,July 2026,NHIDCL,Nagaland,58.5,0.0,442.54,442.54,442.37820000000045,-0.03656166674189297
618367,July 2026,NHIDCL,Tripura,9.5,100.25,726.9,726.9,712.1283000000002,-2.032150226991303
618368,July 2026,NHIDCL,Tripura,14.7,183.24,670.9,670.9,684.7358000000002,2.0622745565658334
618369,July 2026,NHIDCL,Tripura,60.7,301.86,657.21,657.21,656.3479999999995,-0.13116051186082603
618370,July 2026,NHIDCL,Tripura,63.15,265.36,431.78,431.78,431.5683,-0.04902959840658454
618371,July 2026,NHIDCL,Assam,89.5,384.6,613.89,613.89,618.5280999999999,0.7555262343416402
618372,May 2026,NHIDCL,Assam,100.0,638.5,909.02,909.02,861.0300999999996,-5.279300785461307
618373,July 2026,NHIDCL,Assam,77.14,3081.08,4997.04,4997.04,4846.179600000004,-3.018995245185068
618374,July 2026,NHIDCL,Meghalaya,42.91,170.81,284.21,284.21,294.03770000000003,3.4579008479645514
618375,July 2026,NHIDCL,Meghalaya,53.43,42.39,445.51,445.51,439.54290000000003,-1.3393863212946868
618376,July 2026,NHIDCL,Meghalaya,53.21,0.0,525.67,525.67,518.6772999999989,-1.3302452108739393
618377,July 2026,NHIDCL,Meghalaya,100.0,243.15,351.12,351.12,372.0043,5.947909546593756
618379,July 2026,NHIDCL,Mizoram,95.35,125.64,752.89,752.89,751.1387999999997,-0.23259705933141192
618380,July 2026,NHIDCL,Mizoram,97.51,525.13,867.09,867.09,880.9068999999995,1.5934793389382258
618381,May 2026,NHIDCL,Mizoram,98.73,168.78,768.76,768.76,757.5199999999998,-1.4620948020188662
618382,May 2026,NHIDCL,Mizoram,100.0,0.01,605.76,750.32,700.0105000000003,15.559049788695248
618383,July 2026,NHIDCL,Mizoram,99.82,547.01,637.06,637.06,643.6146999999993,1.0288983769188684
618384,May 2026,NHIDCL,Mizoram,99.88,191.59,899.45,899.45,873.4942999999989,-2.8857301684363903
618385,July 2026,NHIDCL,Tripura,53.14,67.1,174.43,174.43,176.87870000000012,1.403829616465124
618386,May 2026,NHIDCL,Tripura,0.0,0.0,277.5,302.03,293.74899999999974,5.8554954954954015
618387,July 2026,NHIDCL,Manipur,80.04,278.6,578.98,578.98,580.0616000000005,0.18681128881834175
618388,July 2026,NHIDCL,Manipur,94.5,257.41,315.56,315.56,311.7484000000001,-1.2078843959943861
618389,July 2026,NHIDCL,Manipur,97.0,287.73,310.76,310.76,312.80969999999945,0.6595765220747398
618390,July 2026,NHIDCL,Uttarakhand,76.03,842.44,1383.78,1383.78,1411.3934999999994,1.9955122924163868
618391,July 2026,NHIDCL,Uttarakhand,88.12,100.93,250.33,250.33,250.45840000000032,0.05129229417181792
618392,July 2026,NHIDCL,Uttarakhand,68.45,0.0,259.64,259.64,258.19219999999973,-0.5576182406409863
618393,July 2026,NHIDCL,Uttarakhand,99.97,117.83,216.68,216.68,220.65120000000013,1.8327487539228926
618394,July 2026,NHIDCL,Jammu and Kashmir,94.26,182.21,228.39,225.37,229.9701999999999,0.6918866850562221
618395,July 2026,NHIDCL,Jammu and Kashmir,53.49,164.66,512.43,512.43,514.2750000000002,0.36004917744867687
618396,May 2026,NHIDCL,Jammu and Kashmir,0.0,0.0,486.45,486.45,486.4357999999996,-0.002919107822060756
618397,July 2026,NHIDCL,Jammu and Kashmir,94.06,239.96,255.9,255.9,258.31550000000027,0.9439234075811896
618398,July 2026,NHIDCL,Jammu and Kashmir,96.95,190.27,210.79,210.79,212.6198000000004,0.8680677451493921
618399,July 2026,NHIDCL,Jammu and Kashmir,50.64,363.03,859.67,859.67,834.401899999999,-2.9392790256727483
618400,July 2026,NHIDCL,Jammu and Kashmir,98.55,120.09,398.51,398.51,399.9561,0.36287671576622954
618401,July 2026,NHIDCL,Arunachal Pradesh,1.7,93.19,1418.67,1418.67,1476.4190000000006,4.07064363100654
618402,July 2026,NHIDCL,Arunachal Pradesh,19.13,255.45,1262.43,1262.43,1258.8163999999988,-0.2862416133964869
618403,July 2026,NHIDCL,Arunachal Pradesh,56.18,163.15,275.5,275.5,275.1675000000001,-0.12068965517238657
618404,July 2026,NHIDCL,Arunachal Pradesh,22.81,269.64,625.61,625.61,635.7700000000004,1.6240149613977435
618405,July 2026,NHIDCL,Arunachal Pradesh,39.86,255.52,898.19,898.19,891.3976000000001,-0.7562319776439205
618406,July 2026,NHIDCL,Jammu and Kashmir,92.5,398.19,322.49,322.49,398.19,23.473596080498616
618407,July 2026,NHIDCL,Jammu and Kashmir,75.29,115.21,245.3,245.3,245.62549999999973,0.13269465960037546
618408,July 2026,NHIDCL,Ladakh,97.1,337.19,398.37,398.37,412.37049999999994,3.514446368953468
618409,July 2026,NHIDCL,Ladakh,91.01,313.34,381.01,381.01,381.09319999999985,0.021836697199512596
618410,July 2026,NHIDCL,Ladakh,84.94,360.06,404.89,404.89,414.4487999999998,2.3608387463261113
618411,July 2026,NHIDCL,Tripura,72.48,95.54,195.95,195.95,184.99840000000023,-5.58897677979064
618412,July 2026,NHIDCL,Andhra Pradesh,68.8,3574.5,6808.69,6808.69,7319.916299999992,7.5084384808236555
618413,July 2026,NHIDCL,Nagaland,95.62,111.71,177.77,199.02,222.66690000000034,25.25561118298944
618414,July 2026,NHIDCL,Nagaland,96.53,136.09,258.52,258.52,259.25290000000024,0.2834983753675757
618415,July 2026,NHIDCL,Manipur,100.0,0.0,188.36,188.36,196.44020000000015,4.2897642811638
618416,July 2026,NHIDCL,Manipur,75.08,190.19,226.32,226.32,234.0050999999999,3.395678685047685
618417,July 2026,NHIDCL,Tripura,9.2,462.34,2026.05,2026.05,2065.174999999998,1.9310974556401843
618418,July 2026,NHIDCL,Meghalaya,83.05,310.07,359.86,359.86,365.7328000000001,1.6319679875507414
618419,July 2026,NHIDCL,Meghalaya,52.28,340.17,562.48,562.48,561.769500000001,-0.12631560233234984
618420,July 2026,NHIDCL,Meghalaya,50.48,357.32,686.03,686.03,676.5364999999995,-1.383831610862571
618421,July 2026,NHIDCL,Meghalaya,74.85,332.95,620.3,620.3,623.9623000000006,0.5904078671611546
618422,July 2026,NHIDCL,Nagaland,99.75,101.28,161.73,161.73,244.47380000000018,51.16168923514511
618423,July 2026,NHIDCL,Nagaland,100.0,173.12,215.79,215.79,221.73170000000036,2.7534640159415944
618426,July 2026,NHIDCL,Sikkim,87.03,127.34,264.84,380.94,363.86349999999976,37.38993354478168
618427,July 2026,NHIDCL,West Bengal,95.98,268.2,311.02,273.78,287.8149999999997,-7.4609349881037454
618428,July 2026,NHIDCL,Sikkim,100.0,70.71,264.84,380.94,358.95249999999976,35.53560640386641
618429,July 2026,NHIDCL,West Bengal,97.22,418.73,345.38,395.59,418.73,21.23747756094737
618430,July 2026,NHIDCL,West Bengal,99.23,261.9,402.94,402.94,398.9332,-0.9943912244999251
618431,July 2026,NHIDCL,West Bengal,97.73,255.94,295.97,295.97,292.45910000000015,-1.186235091394357
618432,May 2026,NHIDCL,Arunachal Pradesh,99.52,0.0,228.72,228.72,228.0991,-0.2714672962574353
618433,July 2026,NHIDCL,Arunachal Pradesh,99.69,156.42,184.89,184.89,197.35399999999993,6.741305641192029
618434,July 2026,NHIDCL,Arunachal Pradesh,82.45,1123.4,1718.59,1718.59,1855.4244999999999,7.962021191790941
618435,June 2026,NHIDCL,Assam,97.13,360.25,386.51,386.51,388.8323999999998,0.6008641432303922
618436,July 2026,NHIDCL,Assam,100.0,432.62,599.0,599.0,629.8793000000001,5.1551419031719625
618437,July 2026,NHIDCL,Assam,100.0,116.66,274.34,274.34,271.50179999999995,-1.034555660858799
618438,July 2026,NHIDCL,Assam,100.0,680.44,385.57,385.57,680.44,76.47638561091374
618439,June 2026,NHIDCL,Assam,96.79,0.0,478.3,478.3,479.2061000000004,0.18944177294592907
618440,July 2026,NHIDCL,Assam,58.19,16.71,187.09,100.22,186.62950000000015,-0.24613822224589985
618441,July 2026,NHIDCL,Assam,87.33,97.88,467.79,476.5,471.78760000000017,0.8545714957566743
618442,July 2026,NHIDCL,Assam,100.0,100.4,358.72,358.72,376.50140000000033,4.9569023193578
618443,June 2026,NHIDCL,Assam,95.86,0.0,438.44,438.44,439.5078000000004,0.24354529696204155
618444,June 2026,NHIDCL,Assam,94.73,398.54,279.01,279.01,398.54,42.84075839575643
618445,July 2026,NHIDCL,Arunachal Pradesh,19.57,26.82,353.9,353.9,354.8041000000004,0.25546764622786833
618446,July 2026,NHIDCL,Sikkim,79.13,395.19,493.42,478.79,483.25050000000056,-2.0610230635157594
618447,July 2026,NHIDCL,Sikkim,82.64,241.77,410.6,379.3,385.8191000000003,-6.035289819775875
618448,July 2026,NHIDCL,Sikkim,64.31,474.96,816.79,786.6,797.2239000000002,-2.3954872121352833
618449,July 2026,NHIDCL,Sikkim,86.19,249.71,230.45,244.91,252.8433999999999,9.717248860924235
618450,July 2026,NHIDCL,Sikkim,65.15,253.63,292.8,292.8,307.9173999999996,5.163046448087287
618452,July 2026,NHIDCL,Mizoram,4.71,48.26,781.85,781.85,780.7715999999999,-0.13792927032040692
618454,July 2026,NHIDCL,Assam,93.23,40.17,693.97,693.97,698.2153000000004,0.6117411415479609
618455,July 2026,NHIDCL,Assam,100.0,308.85,693.97,693.97,700.9395000000003,1.0042941337522178
618456,May 2026,National Highways Authority of India [NHAI],Rajasthan,99.8,975.7,1119.35,1194.17,1338.8733,19.611676419350523
618457,July 2026,NHAI,Rajasthan,95.25,1150.13,1272.97,1265.16,1303.508800000002,2.3990196155449133
618458,July 2026,NHAI,Rajasthan,98.28,1530.92,1854.68,1854.68,2344.1031999999996,26.388552203075434
618459,July 2026,NHAI,Gujarat,85.5,1288.32,1555.2,1556.4,1533.904499999998,-1.3693094135803752
618460,June 2026,NHAI,Gujarat,100.0,934.98,1263.38,1266.98,1348.4294999999995,6.731901723946825
618462,July 2026,NHAI,Gujarat,100.0,1297.76,1644.85,1651.14,1694.0979000000027,2.9940663282367876
618463,July 2026,NHAI,Gujarat,91.34,1546.7,1324.84,2807.48,2623.1143000000034,97.9947993719999
618464,May 2026,National Highways Authority of India [NHAI],Gujarat,98.9,2574.42,2271.86,4297.28,2863.4401999999995,26.039465460019517
618465,May 2026,National Highways Authority of India [NHAI],Gujarat,97.05,2158.87,1710.3,3392.21,2983.376500000001,74.43585920598733
618466,June 2026,NHAI,Gujarat,4.85,197.98,3834.24,3820.2,3928.3757000000005,2.455133220664349
618467,July 2026,NHAI,Gujarat,21.75,235.55,2594.17,2587.04,2551.1633000000015,-1.6578211913636554
618468,May 2026,National Highways Authority of India [NHAI],Maharashtra,99.76,813.35,1524.71,1913.95,1791.3637999999999,17.488820824943748
618469,July 2026,NHAI,Maharashtra,98.2,1986.56,3536.9,4679.54,4178.674499999997,18.145112952020053
618470,July 2026,NHAI,Maharashtra,98.0,634.55,2058.79,2324.72,1893.5321999999983,-8.026938152992859
618471,July 2026,NHAI,Maharashtra,94.6,651.95,2610.88,2918.39,2761.0112999999997,5.750218317195718
618472,July 2026,NHAI,Maharashtra,95.5,952.69,4051.8,4315.56,4165.466299999999,2.8053284959770703
618473,July 2026,NHAI,Maharashtra,90.73,931.24,2208.68,2463.02,2296.5229999999974,3.9771718854699447
618475,July 2026,NHAI,Andhra Pradesh,94.24,1332.41,2548.04,2548.04,2575.2277000000013,1.0670044426304655
618476,July 2026,NHAI,Andhra Pradesh,99.46,868.62,1407.33,1407.33,1450.2806000000003,3.051921013550507
618477,July 2026,NHAI,"Multi-States (Andhra Pradesh, Tamil Nadu)",99.02,746.74,1481.87,1481.87,1477.9898999999984,-0.2618380829628408
618478,July 2026,NHAI,Tamil Nadu,93.04,593.0,1106.65,1106.65,1017.5057000000008,-8.055329146523222
618479,July 2026,NHAI,Tamil Nadu,53.56,360.95,1525.1,1525.1,1440.3183000000022,-5.559091207133809
618480,July 2026,NHAI,Tamil Nadu,38.52,54.98,162.55,162.56,144.2875,-11.235004613964945
618481,July 2026,NHAI,Tamil Nadu,89.97,987.38,3605.73,3605.73,3585.3565,-0.5650312142062814
618482,July 2026,NHAI,Haryana,99.91,1609.72,1866.49,2429.9,2308.8061999999977,23.697753537388238
618483,July 2026,NHAI,Haryana,99.89,1176.23,1533.87,1792.53,1735.5086,13.145742468396932
618484,May 2026,National Highways Authority of India [NHAI],Haryana,79.08,631.62,1606.27,1813.91,1587.2419000000011,-1.1846140437161161
618485,May 2026,National Highways Authority of India [NHAI],Haryana,76.13,563.2,1306.95,1578.66,1519.8895000000016,16.292857416121624
618486,July 2026,NHAI,"Multi-States (Haryana, Punjab)",98.7,1508.2,1741.86,2281.02,2240.940599999998,28.65216492714674
618487,May 2026,National Highways Authority of India [NHAI],Punjab,95.8,1250.45,1759.82,1774.32,1873.8863000000033,6.481702674137319
618488,June 2026,NHAI,Punjab,31.08,1274.51,1895.74,2034.94,2102.5886000000014,10.911232552987297
618489,July 2026,NHAI,Punjab,73.35,1935.88,1851.47,2407.14,2393.386600000004,29.269531777452716
618490,June 2026,NHAI,Punjab,62.99,1524.23,2177.54,2062.74,2230.489699999998,2.43162926972629
618491,June 2026,NHAI,Punjab,43.45,1377.13,2175.35,2206.71,2405.1359999999986,10.563173742156375
618492,July 2026,NHAI,Punjab,27.6,780.61,1734.18,1538.47,1625.6954000000007,-6.255671268265077
618493,July 2026,NHAI,Punjab,34.79,618.22,2165.23,1519.6,2201.580899999999,1.6788470508906213
618494,July 2026,NHAI,Jammu and Kashmir,90.01,1846.59,2714.95,3716.56,3421.568599999999,26.026947089264972
618495,July 2026,NHAI,Jammu and Kashmir,66.74,1016.96,2894.74,2894.74,2921.9153999999967,0.9387855213247788
618496,July 2026,NHAI,Jammu and Kashmir,94.14,1238.6,1821.72,2522.56,2189.4175999999993,20.184089761324422
618497,July 2026,NHAI,Jammu and Kashmir,70.17,631.2,1025.73,975.38,1020.6202000000002,-0.4981622844218105
618498,May 2026,National Highways Authority of India [NHAI],Uttar Pradesh,99.8,1178.84,2471.56,2489.0,2543.047499999999,2.892403987764783
618499,July 2026,NHAI,Uttar Pradesh,100.0,770.81,1972.94,1943.27,1816.6728999999996,-7.92051963060207
618500,July 2026,NHAI,Uttar Pradesh,78.0,455.0,1081.39,1116.19,1084.6330000000007,0.2998918059165167
618501,May 2026,National Highways Authority of India [NHAI],Gujarat,100.0,1024.93,1298.0,1421.05,1438.2532,10.805331278890609
618502,May 2026,National Highways Authority of India [NHAI],Gujarat,100.0,1427.49,1415.34,1729.69,1732.277500000001,22.393029236791243
618503,July 2026,NHAI,Gujarat,100.0,1125.55,1034.04,1155.41,1211.809500000002,17.19174306603245
618504,July 2026,NHAI,Gujarat,98.08,1222.79,1181.76,1358.73,1350.166099999999,14.250448483617573
618505,July 2026,NHAI,"Multi-States (Haryana, Rajasthan)",88.9,200.31,409.64,290.64,339.3323999999996,-17.16326530612254
618506,July 2026,NHAI,Haryana,61.38,131.79,401.74,240.02,294.1198000000003,-26.78851993826846
618507,July 2026,NHAI,Gujarat,91.83,577.62,466.8,501.48,577.62,23.740359897172233
618508,July 2026,NHAI,Gujarat,48.73,368.63,907.39,907.39,941.9476999999995,3.8084726523324592
618509,July 2026,NHAI,Delhi,99.99,1834.91,2089.94,2203.45,2339.026900000002,11.918375647147863
618511,July 2026,NHAI,Maharashtra,24.08,66.39,604.59,388.78,423.8852999999996,-29.88880067483757
618512,July 2026,NHAI,Maharashtra,89.2,686.79,907.03,816.12,868.4897999999995,-4.2490546067936545
618513,July 2026,NHAI,Maharashtra,51.14,634.07,2111.95,1435.46,1694.2204000000004,-19.779331897061933
618514,July 2026,NHAI,Maharashtra,90.12,206.68,2330.71,317.4,2265.0800999999988,-2.8158758489902764
618515,May 2026,National Highways Authority of India [NHAI],"Multi-States (Karnataka, Maharashtra)",100.0,1178.31,1479.3,1237.04,1343.0472999999981,-9.210619887784887
618516,July 2026,NHAI,"Multi-States (Karnataka, Maharashtra)",85.3,1183.98,1388.7,1066.86,1223.3875,-11.904118960178584
618517,July 2026,NHAI,Karnataka,83.19,744.42,1135.39,763.36,897.4287000000003,-20.958551687085478
618518,July 2026,NHAI,Karnataka,98.87,1273.5,1454.67,1805.84,1769.5110999999981,21.643472402675386
618519,July 2026,NHAI,"Multi-States (Karnataka, Tamil Nadu)",92.95,777.0,1260.74,1218.47,1223.1824999999997,-2.979004394244677
618520,July 2026,NHAI,Karnataka,99.2,1294.84,1438.74,1786.57,1782.4626000000019,23.89052921306156
618521,July 2026,NHAI,Tamil Nadu,93.55,613.76,766.51,766.51,796.9239999999998,3.967854300661408
618522,July 2026,NHAI,Tamil Nadu,38.26,134.65,411.16,411.16,400.2098000000003,-2.663245451892137
618523,July 2026,NHAI,Odisha,91.32,783.98,844.67,1394.82,899.1926999999997,6.4549113855114735
618524,July 2026,NHAI,Andhra Pradesh,39.1,55.83,257.98,192.85,192.16749999999993,-25.510698503760015
618525,July 2026,NHAI,Andhra Pradesh,18.9,43.82,326.61,223.29,253.0288000000004,-22.5287651939621
618526,July 2026,NHAI,Andhra Pradesh,95.73,643.95,665.59,665.59,745.5224,12.00925494673897
618527,May 2026,National Highways Authority of India [NHAI],Andhra Pradesh,99.92,862.59,1194.57,1757.82,1700.2998000000036,42.33571912905931
618529,July 2026,NHAI,Uttar Pradesh,96.86,1751.26,1991.71,1832.66,1985.4466000000023,-0.31447349262682683
618530,July 2026,NHAI,"Multi-States (Bihar, Uttar Pradesh)",99.92,2860.22,3241.56,3241.56,3358.0638999999996,3.5940689050950687
618531,July 2026,NHAI,"Multi-States (Bihar, Jharkhand)",37.93,202.27,1054.46,786.81,998.508,-5.306223090491816
618532,May 2026,National Highways Authority of India [NHAI],"Multi-States (Bihar, Jharkhand)",97.92,605.5,1822.46,738.11,1114.2553000000005,-38.85982134038605
618533,July 2026,NHAI,"Multi-States (Jharkhand, West Bengal)",100.0,1694.94,1560.39,1568.22,1694.94,8.622844288927764
618534,July 2026,NHAI,Jharkhand,0.0,0.93,470.75,470.75,442.32790000000006,-6.037620817843854
618535,July 2026,NHAI,Jharkhand,19.91,67.84,687.77,442.52,491.33929999999947,-28.560521686028835
618536,July 2026,NHAI,Uttar Pradesh,39.2,266.36,1603.53,1192.16,1264.499500000002,-21.142760035671177
618537,July 2026,NHAI,Uttar Pradesh,62.15,479.56,1753.75,1311.7,1372.7546999999988,-21.72460727013549
618538,July 2026,NHAI,Uttar Pradesh,34.8,284.83,1792.68,1126.75,1315.8891999999998,-26.596537028359784
618539,July 2026,NHAI,Uttar Pradesh,20.4,54.19,1089.41,1106.92,1088.0095999999994,-0.12854664451406472
618540,July 2026,NHAI,Uttar Pradesh,49.85,252.18,1089.41,977.45,1042.5194,-4.304219715258734
618541,July 2026,NHAI,Jammu and Kashmir,89.0,1832.29,2919.96,2604.76,2921.030500000004,0.03666146111603938
618542,July 2026,NHAI,Jammu and Kashmir,0.02,265.02,827.98,827.98,1250.3978999999988,51.01788690548066
618543,July 2026,NHAI,Jammu and Kashmir,30.5,406.09,1912.17,1034.3,1279.1742000000017,-33.103531589764415
618544,July 2026,NHAI,Jammu and Kashmir,87.1,1054.8,1401.87,1020.99,1149.6120000000012,-17.994393203363984
618545,July 2026,NHAI,Jammu and Kashmir,42.8,306.05,614.48,444.76,546.5716000000002,-11.051360499934871
618547,July 2026,NHAI,Jammu and Kashmir,55.02,474.55,961.0,643.64,755.1774999999996,-21.417533818938654
618549,July 2026,NHAI,Jammu and Kashmir,83.87,677.47,242.65,731.59,677.47,179.19637337729242
618550,July 2026,NHAI,Jammu and Kashmir,74.63,203.55,855.74,215.68,479.2844000000002,-43.991819945310475
618551,July 2026,NHAI,Punjab,29.01,217.52,666.81,690.47,662.5061000000004,-0.6454462290606836
618552,July 2026,NHAI,Punjab,56.7,1252.02,1754.84,2167.39,2145.5444000000043,22.264388776184976
618553,May 2026,National Highways Authority of India [NHAI],Uttar Pradesh,100.0,758.67,957.62,1034.42,894.7987999999995,-6.560138677137125
618554,July 2026,NHAI,Uttar Pradesh,94.0,629.11,879.26,787.58,858.8225999999999,-2.3243864158497076
618556,July 2026,NHAI,"Multi-States (Madhya Pradesh, Uttar Pradesh)",97.4,574.39,665.91,665.91,677.398900000001,1.7252932077910048
618557,July 2026,NHAI,Maharashtra,84.0,696.83,1038.84,918.53,954.0493999999993,-8.162046128374016
618558,June 2026,NHAI,Telangana,36.5,454.5,955.49,903.17,974.6150999999994,2.001601272645387
618559,June 2026,NHAI,Telangana,50.5,257.31,521.53,528.21,495.0894999999993,-5.069794642686071
618560,June 2026,NHAI,Telangana,17.05,74.01,541.58,527.43,465.7701999999995,-13.997895047823139
618561,July 2026,NHAI,Tamil Nadu,47.84,211.34,904.99,731.09,840.6175999999998,-7.113050972938948
618562,May 2026,National Highways Authority of India [NHAI],Tamil Nadu,100.0,1.4,579.0,295.5,450.6557999999998,-22.166528497409367
618563,July 2026,NHAI,Tamil Nadu,99.42,903.57,900.05,900.05,1185.7498999999996,31.742669851674865
618564,July 2026,NHAI,Gujarat,64.52,28.66,1553.76,34.34,560.0544999999987,-63.95489007311305
618565,May 2026,NHAI,Uttar Pradesh,81.85,259.66,526.45,281.13,357.7590999999999,-32.04310000949761
618566,July 2026,NHAI,Uttar Pradesh,73.78,1035.52,1973.98,1244.44,1446.6260000000009,-26.715265605527872
618567,July 2026,NHAI,Uttar Pradesh,33.53,285.67,2289.34,1834.25,1991.930299999999,-12.991067294504138
618568,July 2026,NHAI,Uttar Pradesh,39.5,318.53,2541.13,1983.05,2120.5306999999975,-16.551664023485717
618569,June 2026,NHAI,Bihar,64.05,181.96,210.05,358.3,311.1817999999997,48.146536538919165
618570,May 2026,National Highways Authority of India [NHAI],Bihar,99.78,225.44,325.57,248.92,272.3531999999995,-16.34573210062367
618571,July 2026,NHAI,Bihar,83.01,233.7,227.25,321.23,302.47829999999965,33.10376237623747
618572,July 2026,NHAI,West Bengal,3.67,4.77,309.99,306.02,267.3339000000002,-13.760476144391692
618574,July 2026,NHAI,West Bengal,61.1,461.0,1818.46,962.31,1188.411899999999,-34.64734445629824
618576,May 2026,National Highways Authority of India [NHAI],Assam,99.04,211.79,280.75,255.53,282.8095000000002,0.7335707925201014
618577,June 2026,NHAI,"Multi-States (Delhi, Haryana)",100.0,1759.52,2228.26,2298.37,2508.064999999998,12.55710733935885
618578,May 2026,National Highways Authority of India [NHAI],Delhi,98.25,1615.93,1467.44,2510.34,1887.9445999999998,28.655658834432735
618579,July 2026,NHAI,Andhra Pradesh,100.0,2376.11,2527.0,2957.25,2916.539,15.415077166600721
618580,July 2026,NHAI,Haryana,97.86,1225.85,1275.31,1957.44,1746.7070000000012,36.963326563737546
618581,July 2026,NHAI,"Multi-States (Karnataka, Tamil Nadu)",78.7,1464.36,1828.66,1828.66,1940.5036000000023,6.1161506239542724
618582,May 2026,National Highways Authority of India [NHAI],Bihar,100.0,599.36,1282.97,1282.97,1470.8729999999996,14.64593872031299
618583,May 2026,National Highways Authority of India [NHAI],Bihar,100.0,713.95,1358.77,1358.77,1508.3795999999993,11.010664056462781
618584,July 2026,NHAI,"Multi-States (Bihar, West Bengal)",20.14,181.12,962.84,855.56,876.9117999999992,-8.924452660878323
618585,July 2026,NHAI,Maharashtra,40.5,160.05,856.93,718.84,736.3244999999991,-14.074136743958176
618586,July 2026,NHAI,Maharashtra,77.0,115.05,254.78,147.64,171.6343999999998,-32.63427270586396
618588,July 2026,NHAI,Maharashtra,99.79,464.29,540.24,468.92,490.8397999999993,-9.144121131349165
618589,July 2026,NHAI,Chhattisgarh,75.39,1063.62,1828.0,1656.73,1701.4718000000007,-6.921673960612653
618590,July 2026,NHAI,Chhattisgarh,73.96,1001.18,1958.9,1561.97,1657.1204000000005,-15.405564347337771
618591,July 2026,NHAI,Odisha,54.2,106.91,374.17,211.74,264.9459000000003,-29.19103616003414
618592,July 2026,NHAI,Odisha,25.04,55.3,320.64,244.85,249.7392999999998,-22.11224426147711
618593,July 2026,NHAI,Odisha,9.95,13.82,263.32,163.07,197.09819999999985,-25.148792343916206
618594,July 2026,NHAI,Maharashtra,98.66,184.17,329.82,196.87,240.9525999999998,-26.944211994421263
618595,July 2026,NHAI,Kerala,90.82,1447.45,1746.45,2538.06,2314.5137999999993,32.526771450657
618596,July 2026,NHAI,Kerala,83.7,2020.35,2714.6,3557.65,3450.6141000000025,27.11316952773899
618597,July 2026,NHAI,Kerala,60.07,2406.73,3205.77,3898.46,3699.700400000002,15.407543273534971
618598,July 2026,NHAI,Kerala,100.0,190.46,210.0,216.94,224.3087999999999,6.813714285714241
618599,July 2026,NHAI,Kerala,100.0,3765.27,4919.46,4919.46,4872.259000000007,-0.9594752269556566
618600,July 2026,NHAI,Kerala,100.0,2592.92,4023.94,4023.94,3995.282400000002,-0.7121776169624344
618601,July 2026,NHAI,Kerala,95.27,3345.3,4225.59,4225.59,4235.367400000005,0.2313854396665197
618602,July 2026,NHAI,Kerala,95.05,3312.68,4302.06,4302.06,4364.514299999999,1.4517301013932513
618603,July 2026,NHAI,Kerala,71.11,2178.55,3465.82,3606.2,3578.2535999999977,3.2440692245990146
618604,July 2026,NHAI,Kerala,91.63,1802.58,2429.52,2382.83,2478.2846999999956,2.0071742566431077
618605,July 2026,NHAI,Kerala,81.49,2514.83,2878.97,2638.67,3581.095299999998,24.388072817709055
618606,July 2026,NHAI,Kerala,71.2,2858.55,3273.61,3200.24,3385.5341999999973,3.41898393516629
618607,July 2026,NHAI,Kerala,73.89,2373.2,2842.14,3680.49,3565.721899999996,25.45905198195712
618608,July 2026,NHAI,Tamil Nadu,81.85,980.14,1564.23,1263.42,1385.1381,-11.449205040179521
618609,July 2026,NHAI,Goa,59.18,168.21,463.08,316.28,365.7913999999997,-21.00902651809628
618610,July 2026,NHAI,Punjab,99.0,719.18,789.26,1318.91,1164.8030000000017,47.58165876897368
618611,July 2026,NHAI,Rajasthan,100.0,450.59,520.63,548.42,475.4114999999996,-8.685342757812728
618612,July 2026,NHAI,Rajasthan,100.0,705.48,846.59,740.62,832.0712999999997,-1.7149623784831272
618613,July 2026,NHAI,Rajasthan,99.2,561.75,662.08,597.77,611.9779999999995,-7.567363460609071
618614,May 2026,National Highways Authority of India [NHAI],Gujarat,99.0,569.58,752.3,765.25,766.6264,1.9043466702113567
618615,July 2026,NHAI,Gujarat,99.7,767.83,778.15,835.55,916.6260999999997,17.795553556512207
618616,July 2026,NHAI,Gujarat,35.47,151.99,625.58,455.54,475.9163000000005,-23.92399053678179
618617,July 2026,NHAI,Punjab,72.41,1014.98,1229.38,1549.32,1494.427300000002,21.55942832972734
618618,July 2026,NHAI,Punjab,74.0,1442.16,2029.17,2677.23,2451.074900000003,20.791993770852255
618619,July 2026,NHAI,Madhya Pradesh,0.0,195.31,998.95,998.95,955.5056000000009,-4.349006456779536
618620,July 2026,NHAI,Madhya Pradesh,79.72,150.59,207.77,211.27,202.23850000000024,-2.6623189103334295
618621,July 2026,NHAI,Madhya Pradesh,87.3,824.5,1162.8,1530.82,1431.155300000002,23.07837117303079
618622,July 2026,NHAI,Madhya Pradesh,92.5,835.15,1001.69,888.81,1137.5241,13.560492767223394
618623,July 2026,NHAI,Madhya Pradesh,90.1,556.86,1504.37,1132.34,1213.3114999999984,-19.347534183744788
618624,May 2026,National Highways Authority of India [NHAI],"Multi-States (Maharashtra, Telangana)",96.02,180.13,1082.65,1323.12,1042.1932,-3.736830924121383
618625,May 2026,National Highways Authority of India [NHAI],Madhya Pradesh,99.93,14.04,1175.0,217.22,595.4724000000004,-49.32149787234039
618626,July 2026,NHAI,Maharashtra,70.01,141.4,819.52,400.0,520.7039,-36.46233160874658
618627,July 2026,NHAI,Maharashtra,33.35,26.78,168.52,112.03,115.81340000000009,-31.276169000712034
618628,July 2026,NHAI,Maharashtra,69.25,76.45,150.21,87.59,98.1872000000001,-34.63337993475794
618629,July 2026,NHAI,Andhra Pradesh,98.47,387.77,416.07,444.58,432.5075000000007,3.9506573413129233
618630,July 2026,NHAI,Karnataka,81.35,1012.1,2355.56,1923.3,2258.220399999998,-4.132333712577989
618631,July 2026,NHAI,"Multi-States (Karnataka, Telangana)",99.51,840.31,1499.73,1457.48,1487.795499999999,-0.7957765731165597
618632,July 2026,NHAI,"Multi-States (Karnataka, Telangana)",93.79,459.49,972.06,1044.06,1019.5119999999989,4.881591671295905
618633,July 2026,NHAI,Andhra Pradesh,5.01,106.39,1732.66,1732.66,1717.5155000000025,-0.8740606928074525
618634,July 2026,NHAI,"Multi-States (Andhra Pradesh, Tamil Nadu)",98.89,808.62,1439.77,1439.77,1452.5188,0.8854747633302592
618635,July 2026,NHAI,Tamil Nadu,44.53,409.35,1359.81,1359.81,1316.422099999999,-3.1907325288092347
618636,July 2026,NHAI,"Multi-States (Karnataka, Maharashtra)",57.62,322.92,1370.75,1403.49,1256.8409000000004,-8.309983585628277
618637,July 2026,NHAI,"Multi-States (Gujarat, Maharashtra)",99.7,1447.76,1654.07,1672.89,1833.8038000000029,10.86615439491696
618638,May 2026,National Highways Authority of India [NHAI],Maharashtra,98.84,990.0,2267.99,2560.5,2373.2057999999997,4.639165075683753
618639,July 2026,NHAI,Chhattisgarh,94.81,1470.78,1855.59,2523.86,2165.4037000000003,16.696236776443094
618640,July 2026,NHAI,Chhattisgarh,81.5,1120.45,2261.3,2860.36,2593.934799999996,14.709892539689367
618641,July 2026,NHAI,Jharkhand,9.76,293.4,1325.8,1325.8,1309.9705000000008,-1.1939583647608345
618642,July 2026,NHAI,Jharkhand,99.9,1371.55,1882.93,1895.75,1996.3206999999998,6.0220348074543235
618644,July 2026,NHAI,Jharkhand,86.57,993.6,1214.93,1462.19,1391.6067000000012,14.542129999259307
618645,July 2026,NHAI,Jharkhand,78.1,617.85,1007.97,1030.64,1029.2951999999998,2.1156582041131946
618646,July 2026,NHAI,Chhattisgarh,0.0,0.03,3147.07,3147.07,3177.9369000000047,0.9808138999133967
618647,July 2026,NHAI,Punjab,81.5,687.82,906.51,1020.52,1042.4279000000004,14.993535647703874
618648,July 2026,NHAI,Punjab,5.79,162.39,1424.55,1424.55,1415.725100000001,-0.6194868554981527
618649,July 2026,NHAI,Karnataka,53.8,399.31,1246.15,1012.78,1069.8458999999996,-14.14790354291221
618650,July 2026,NHAI,Karnataka,24.5,306.09,1363.9,1219.62,1266.3973999999987,-7.1488085636777905
618651,July 2026,NHAI,Karnataka,58.7,594.55,1427.88,1293.94,1348.2902000000013,-5.573983808163069
618652,May 2026,National Highways Authority of India [NHAI],Maharashtra,100.0,785.13,1241.38,3342.11,2454.3477999999964,97.71124071597707
618653,July 2026,NHAI,Maharashtra,96.22,1503.59,1236.08,3466.58,2967.890199999996,140.10502556468808
618654,July 2026,NHAI,Madhya Pradesh,63.79,199.48,521.21,469.68,447.5784,-14.127050517066067
618655,July 2026,NHAI,Madhya Pradesh,98.85,126.72,200.99,120.75,196.5467,-2.210707000348287
618661,July 2026,NHAI,Madhya Pradesh,20.23,179.87,1032.3,1038.18,1006.4707999999987,-2.5021021021022247
618662,July 2026,NHAI,Madhya Pradesh,12.25,113.09,980.2,980.2,968.2001999999989,-1.224219547031339
618663,July 2026,NHAI,Madhya Pradesh,90.04,434.04,1003.87,941.12,918.7098000000002,-8.483190054489107
618664,July 2026,NHAI,Madhya Pradesh,93.05,385.98,524.84,471.31,483.39139999999963,-7.897378248609176
618665,May 2026,National Highways Authority of India [NHAI],Madhya Pradesh,98.64,454.54,790.78,660.38,701.0974999999995,-11.341017729330591
618666,July 2026,NHAI,Madhya Pradesh,99.5,518.99,710.92,539.08,598.1401000000009,-15.863936870533829
618667,July 2026,NHAI,Madhya Pradesh,38.26,193.4,1005.59,882.21,899.2696000000008,-10.572937280601364
618668,July 2026,NHAI,"Multi-States (Madhya Pradesh, Uttar Pradesh)",49.18,312.98,996.5,846.68,902.442599999999,-9.438775715002615
618669,July 2026,NHAI,Uttar Pradesh,61.77,574.07,1632.93,1425.43,1447.0287999999987,-11.3845174012359
618671,July 2026,NHAI,Madhya Pradesh,14.6,53.19,618.33,342.69,402.11139999999995,-34.96815616256693
618672,July 2026,NHAI,Madhya Pradesh,35.25,169.82,903.44,592.44,685.5729000000008,-24.11528159036563
618673,July 2026,NHAI,Chhattisgarh,99.35,715.32,1368.19,1129.14,1317.0137999999995,-3.7404307881215737
618674,July 2026,NHAI,Chhattisgarh,100.0,757.62,1470.73,1461.81,1481.8164999999985,0.7538093327802196
618675,July 2026,NHAI,Chhattisgarh,70.73,489.55,1307.16,1303.63,1279.6117,-2.1074925793323045
618676,May 2026,National Highways Authority of India [NHAI],"Multi-States (Chhattisgarh, Odisha)",99.95,297.98,477.76,638.32,544.7457999999999,14.020805425318136
618677,July 2026,NHAI,Odisha,97.8,1026.67,1539.75,1918.49,1797.941499999999,16.768403961682026
618678,July 2026,NHAI,Odisha,99.6,1001.24,1265.59,1635.44,1550.4816000000014,22.510576094943982
618680,July 2026,NHAI,Odisha,99.9,1088.96,1492.74,1912.84,1623.5592000000006,8.763696290043852
618681,July 2026,NHAI,"Multi-States (Andhra Pradesh, Odisha)",99.63,703.33,1216.12,1241.66,1195.8395000000016,-1.6676397066077573
618682,July 2026,NHAI,Andhra Pradesh,99.5,849.98,1112.7,1127.63,1240.2934000000014,11.467008178305143
618684,July 2026,NHAI,Madhya Pradesh,78.75,520.38,917.26,786.47,837.6412999999998,-8.680057998822605
618685,July 2026,NHAI,Madhya Pradesh,79.8,552.62,911.24,773.23,808.7251000000006,-11.250043896229252
618686,July 2026,NHAI,Madhya Pradesh,79.63,363.91,612.94,509.82,554.6660000000002,-9.507292720331497
618687,July 2026,NHAI,Madhya Pradesh,89.72,500.97,652.33,651.88,637.7254999999997,-2.2388208422118208
618688,July 2026,NHAI,Madhya Pradesh,32.38,105.34,794.7,539.9,591.0008000000007,-25.632213413866783
618690,July 2026,NHAI,Uttar Pradesh,21.25,590.53,1663.38,1685.69,1642.8843000000013,-1.2321718428740758
618691,July 2026,NHAI,"Multi-States (Haryana, Uttar Pradesh)",17.16,250.21,939.17,903.94,970.7851000000009,3.3662808650192075
618692,June 2026,NHAI,Uttar Pradesh,100.0,1359.14,1226.64,2069.6,1904.3666000000023,55.25065218809122
618693,July 2026,NHAI,Maharashtra,97.69,837.67,1344.78,1292.7,1410.5042999999985,4.887364475973653
618694,July 2026,NHAI,Madhya Pradesh,96.09,688.03,1011.29,813.03,901.3944999999997,-10.866863115426863
618695,May 2026,National Highways Authority of India [NHAI],Madhya Pradesh,98.21,626.02,1146.22,1240.64,1136.7053999999998,-0.8300849749611943
618697,July 2026,NHAI,Karnataka,38.97,113.26,626.01,284.05,359.19069999999977,-42.6222105078194
618698,May 2026,National Highways Authority of India [NHAI],Karnataka,99.5,843.6,1167.52,1873.58,1707.984499999999,46.29166952172116
618699,May 2026,National Highways Authority of India [NHAI],Gujarat,100.0,188.7,819.14,1297.38,1043.9808000000005,27.448397099396992
618700,July 2026,NHAI,Andhra Pradesh,98.6,1677.19,1863.09,2510.14,2352.5809000000045,26.273067860382724
618701,May 2026,National Highways Authority of India [NHAI],Madhya Pradesh,57.14,142.2,178.18,153.15,169.59519999999992,-4.818049163767026
618702,July 2026,NHAI,Karnataka,94.21,1452.0,1660.19,1318.24,1481.3644000000006,-10.771393635668172
618704,July 2026,NHAI,Odisha,100.0,106.14,150.86,106.32,106.14,-29.6433779663264
618705,July 2026,NHAI,Odisha,5.4,241.06,973.12,973.12,1028.501699999999,5.6911480598486195
618706,July 2026,NHAI,Karnataka,99.19,4315.21,3496.01,4087.42,4315.21,23.43242725278245
618707,July 2026,NHAI,Karnataka,12.67,32.83,738.37,738.37,669.3104000000008,-9.352980213172156
618708,July 2026,NHAI,Kerala,81.98,782.54,1187.47,1265.47,1257.8442000000005,5.92639814058464
618709,July 2026,NHAI,Karnataka,92.51,929.02,1340.15,992.6,1411.2433,5.304876319814945
618710,July 2026,NHAI,Uttar Pradesh,100.0,1739.72,2002.79,1889.78,1986.7026,-0.8032494669935384
618711,July 2026,NHAI,"Multi-States (Uttar Pradesh, Uttarakhand)",99.29,508.43,796.65,560.03,641.9208999999995,-19.42246908931155
618712,July 2026,NHAI,Andhra Pradesh,87.65,357.89,912.94,798.25,836.9162999999999,-8.327349004315748
618713,July 2026,NHAI,Andhra Pradesh,47.2,282.16,1200.42,1019.69,1057.210900000001,-11.929916195997995
618714,July 2026,NHAI,Andhra Pradesh,67.05,389.19,1253.26,1095.78,1097.0450999999996,-12.464684103857172
618715,July 2026,NHAI,Andhra Pradesh,76.97,403.17,1058.9,946.1,961.4808000000008,-9.200037775049507
618716,July 2026,NHAI,Andhra Pradesh,77.21,351.23,992.91,888.07,900.1597000000002,-9.341259530068164
618717,July 2026,NHAI,Andhra Pradesh,87.24,261.4,750.81,626.91,656.8334000000012,-12.516695302406564
618718,July 2026,NHAI,Andhra Pradesh,54.56,242.13,1092.18,956.4,970.6876999999995,-11.123834899009372
618719,July 2026,NHAI,Andhra Pradesh,65.92,290.04,909.02,751.81,774.0726999999995,-14.845360938153233
618720,July 2026,NHAI,Andhra Pradesh,73.78,338.45,987.1,848.06,864.4159999999994,-12.428730625063382
618721,July 2026,NHAI,Andhra Pradesh,64.2,358.41,1292.65,1110.33,1127.5666000000012,-12.770927938730425
618722,July 2026,NHAI,Uttar Pradesh,68.2,759.32,1843.59,1247.55,1413.936600000001,-23.305257676598323
618723,July 2026,NHAI,"Multi-States (Haryana, Uttar Pradesh)",82.75,847.9,1554.21,1241.89,1360.3555999999999,-12.47285759324674
618724,July 2026,NHAI,"Multi-States (Bihar, Jharkhand)",28.16,340.33,1719.2,1723.42,1582.399700000001,-7.957206840390819
618725,July 2026,NHAI,Bihar,24.8,431.04,1915.99,1920.21,1892.5602,-1.2228560691861707
618726,July 2026,NHAI,Bihar,26.77,252.44,1240.93,1341.52,1444.6034000000002,16.41296447019575
618727,July 2026,NHAI,Bihar,26.31,328.2,1576.94,1711.44,1637.7470000000012,3.856012276941491
618728,July 2026,NHAI,"Multi-States (Bihar, Uttar Pradesh)",47.63,559.01,1433.39,1564.15,1471.191899999999,2.637237597583267
618729,July 2026,NHAI,Jharkhand,0.0,261.78,1856.12,1856.12,1877.4530999999995,1.149338404844493
618730,July 2026,NHAI,Jharkhand,5.65,183.44,1546.27,1546.27,1556.3747999999991,0.653495185187526
618731,July 2026,NHAI,Jharkhand,0.0,143.72,1418.16,1418.16,1379.7134000000017,-2.7110199131267554
618732,July 2026,NHAI,"Multi-States (Bihar, Jharkhand)",3.94,200.25,1728.17,1728.17,1723.1681000000026,-0.28943333121148246
618733,July 2026,NHAI,Jharkhand,0.1,218.28,1525.52,1525.52,1764.6788999999983,15.677205149719327
618734,July 2026,NHAI,"Multi-States (Jharkhand, West Bengal)",24.76,330.27,1154.49,1319.18,1235.3934999999988,7.007726355360268
618735,July 2026,NHAI,Madhya Pradesh,99.0,587.81,909.84,976.55,918.3815000000012,0.9387914358569834
618736,July 2026,NHAI,Jharkhand,49.5,328.76,936.26,832.2,905.3330999999997,-3.3032384166791573
618737,July 2026,NHAI,Jharkhand,0.0,4.98,303.53,5.58,116.64539999999995,-61.570388429479806
618738,July 2026,NHAI,Bihar,22.05,734.19,6291.69,3351.62,4631.936099999996,-26.3800966036153
618739,July 2026,NHAI,Bihar,54.8,642.43,1390.92,1427.43,1450.4021999999986,4.276464498317556
618740,July 2026,NHAI,Bihar,50.8,702.39,1494.31,1546.07,1560.051700000003,4.399468651083309
618741,July 2026,NHAI,Bihar,36.25,957.28,1857.58,1969.3,1894.6188000000004,1.9939275831996734
618742,July 2026,NHAI,Bihar,0.8,12.44,1113.46,1113.46,1112.6859000000006,-0.06952203042762267
618743,May 2026,National Highways Authority of India [NHAI],Tamil Nadu,100.0,66.59,876.88,360.88,807.6456000000002,-7.895538728218209
618744,July 2026,NHAI,Tamil Nadu,95.95,685.52,1076.97,791.6,831.2198000000003,-22.818667186643985
618745,May 2026,National Highways Authority of India [NHAI],Tamil Nadu,99.99,932.02,1317.6,1137.16,1228.5902000000021,-6.755449301760608
618746,July 2026,NHAI,Telangana,97.26,684.62,797.36,1337.18,1148.873799999999,44.084704524932135
618747,July 2026,NHAI,"Multi-States (Andhra Pradesh, Telangana)",98.82,649.55,829.5,1227.07,1092.2198000000014,31.672067510548697
618748,May 2026,National Highways Authority of India [NHAI],Andhra Pradesh,100.0,355.88,569.37,752.02,541.5021000000003,-4.894514990252338
618749,June 2026,NHAI,Andhra Pradesh,100.0,566.96,711.94,926.48,815.9183000000003,14.604924572295447
618751,July 2026,NHAI,Madhya Pradesh,69.04,273.7,581.65,592.71,488.48259999999993,-16.017777013668024
618754,July 2026,NHAI,Maharashtra,43.57,160.77,538.11,307.24,361.28670000000005,-32.86006578580587
618755,May 2026,National Highways Authority of India [NHAI],"Multi-States (Rajasthan, Uttar Pradesh)",100.0,72.44,159.53,100.74,121.16229999999987,-24.050460728389726
618756,July 2026,NHAI,Tamil Nadu,98.12,956.44,1103.86,1085.41,1130.6564000000017,2.427517982352995
618757,July 2026,NHAI,Rajasthan,37.27,708.28,2010.2,1565.88,1718.5527000000013,-14.508372301263492
618758,July 2026,NHAI,Rajasthan,42.75,571.41,1764.86,1239.24,1368.1547000000014,-22.478003920990815
618759,July 2026,NHAI,Andhra Pradesh,90.4,585.79,1063.57,1103.87,1073.9885999999992,0.9795876152955882
618760,May 2026,National Highways Authority of India [NHAI],"Multi-States (Haryana, Punjab)",98.0,549.2,646.42,556.09,646.5709999999997,0.023359425760299223
618761,July 2026,NHAI,Uttar Pradesh,96.98,865.93,991.89,977.73,1044.0775999999996,5.26143019891315
618762,July 2026,NHAI,Madhya Pradesh,100.0,663.67,950.27,788.33,840.9330000000004,-11.505887800309338
618764,July 2026,NHAI,Punjab,76.0,799.77,1032.59,1264.17,1236.1244999999994,19.711066347727517
618765,July 2026,NHAI,Telangana,92.4,1272.62,2146.86,2486.51,2357.521599999998,9.812544832918684
618766,July 2026,NHAI,Maharashtra,48.55,298.45,862.0,617.93,855.8177999999998,-0.717192575406055
618768,July 2026,NHAI,Uttar Pradesh,3.96,310.08,1309.08,1309.08,1287.4486000000002,-1.6524123812142695
618769,July 2026,NHAI,"Multi-States (Andhra Pradesh, Tamil Nadu)",15.58,240.77,1338.14,1214.7,1251.7077999999985,-6.459129836937954
618770,May 2026,National Highways Authority of India [NHAI],Uttar Pradesh,74.23,232.93,516.16,273.42,346.67679999999933,-32.835399876007564
618771,May 2026,National Highways Authority of India [NHAI],"Multi-States (Andhra Pradesh, Tamil Nadu)",99.19,947.66,1924.75,1887.38,1799.146900000001,-6.525683855046053
618772,July 2026,NHAI,"Multi-States (Andhra Pradesh, Tamil Nadu)",99.8,405.81,702.52,799.36,731.7806000000003,4.165091385298681
618773,May 2026,National Highways Authority of India [NHAI],Tamil Nadu,100.0,1.17,449.85,452.48,439.1639000000004,-2.375480715794067
618774,May 2026,National Highways Authority of India [NHAI],Bihar,100.0,798.12,984.63,827.51,992.1999999999996,0.7688167128768771
618775,July 2026,NHAI,Bihar,25.78,5.95,226.32,226.32,239.0636999999998,5.630832449628764
618776,July 2026,NHAI,Punjab,98.66,1391.6,1237.65,1301.15,1545.1021000000003,24.84160303801561
618777,July 2026,NHAI,Andhra Pradesh,98.84,246.42,1877.47,592.85,1784.366600000001,-4.9589820343333875
618778,July 2026,NHAI,Andhra Pradesh,94.9,1182.65,1877.47,1994.1,1996.9928000000034,6.366162974641585
618779,May 2026,NHAI,Bihar,96.5,319.54,1505.0,349.96,689.8005999999996,-54.16607308970103
618782,July 2026,NHAI,Uttar Pradesh,64.12,622.58,1394.14,1394.14,1339.1347999999996,-3.9454574146068913
618783,July 2026,NHAI,"Multi-States (Uttar Pradesh, Uttarakhand)",44.41,470.11,1471.19,1471.19,1445.8210000000015,-1.7243863810927584
618784,July 2026,NHAI,Madhya Pradesh,84.44,253.13,355.36,355.36,329.38939999999997,-7.3082507879333765
618785,July 2026,NHAI,Punjab,80.25,1162.52,1501.02,1815.13,1447.4041999999995,-3.571957735406623
618786,July 2026,NHAI,Punjab,20.03,556.23,1196.38,1503.79,1383.618899999999,15.65045386917191
618787,July 2026,NHAI,Gujarat,96.0,837.85,1373.06,1687.25,1350.5468000000003,-1.639637015134054
618788,July 2026,NHAI,Haryana,87.05,550.65,927.22,1173.66,1074.3605000000014,15.868995491900664
618790,July 2026,NHAI,Bihar,49.0,635.91,1422.37,1537.99,1526.5535000000004,7.3246412677433135
618791,July 2026,NHAI,Bihar,27.5,595.95,1538.76,1538.76,1567.0772999999995,1.8402674881072734
618792,July 2026,NHAI,Haryana,99.5,455.86,1330.23,1144.21,1173.2677000000012,-11.799636153146356
618793,July 2026,NHAI,Punjab,67.0,913.89,1409.88,1674.04,1570.7370999999991,11.409275966748874
618794,July 2026,NHAI,Punjab,96.0,395.48,524.88,416.58,492.25289999999956,-6.2161065386374865
618795,July 2026,NHAI,Punjab,82.88,1222.67,1474.77,1228.42,1333.7986999999991,-9.55886680634952
618796,July 2026,NHAI,Rajasthan,100.0,755.88,828.58,830.37,897.4779999999997,8.315189842863656
618797,July 2026,NHAI,Rajasthan,21.22,94.08,1237.71,927.02,1062.2715000000007,-14.174443124803007
618798,July 2026,NHAI,Uttar Pradesh,89.0,1328.22,2555.5,2275.43,2356.2006999999976,-7.79883780082185
618799,July 2026,NHAI,Karnataka,95.23,471.12,440.16,456.79,471.12,7.033805888767716
618800,July 2026,NHAI,Tamil Nadu,18.13,250.4,1616.97,1616.97,1606.7631000000008,-0.6312362010426429
618801,July 2026,NHAI,Tamil Nadu,22.8,275.2,1388.59,1388.59,1345.1156999999998,-3.130823353185612
618803,July 2026,NHAI,Andhra Pradesh,93.0,680.09,645.63,750.2,834.5703000000003,29.264485851029278
618804,July 2026,NHAI,Andhra Pradesh,80.19,310.54,348.72,341.36,317.9589,-8.821145905024087
618805,July 2026,NHAI,Andhra Pradesh,7.2,155.51,977.33,977.33,945.0295000000002,-3.3049737550264324
618806,July 2026,NHAI,Andhra Pradesh,79.0,493.92,685.99,680.21,681.7864999999997,-0.612764034461188
618807,July 2026,NHAI,Andhra Pradesh,84.03,579.22,609.43,559.98,579.22,-4.957091052294755
618808,July 2026,NHAI,West Bengal,39.99,433.18,1212.56,1203.11,1213.2888,0.06010424226430792
618809,July 2026,NHAI,Punjab,68.2,670.85,809.51,966.99,1050.2638000000004,29.740682635174416
618810,July 2026,NHAI,Punjab,80.9,800.86,1003.38,993.6,1081.7134000000005,7.806952500548202
618811,July 2026,NHAI,Telangana,5.63,209.72,1183.71,1170.64,1193.5403,0.8304652321936836
618812,July 2026,NHAI,Telangana,9.04,210.45,1129.33,1145.41,1104.0065000000009,-2.2423472324297644
618813,July 2026,NHAI,Telangana,11.28,161.67,1127.9,1104.27,1106.2228000000005,-1.9219079705647333
618814,July 2026,NHAI,Telangana,0.5,160.19,1142.6,1140.82,1506.9019,31.883590057763012
618815,July 2026,NHAI,Telangana,77.65,408.59,1092.88,1083.11,1070.1925000000003,-2.0759369738671922
618816,July 2026,NHAI,Telangana,10.11,168.28,1105.25,1098.05,1106.2310000000014,0.08875819950249797
618817,July 2026,NHAI,Telangana,45.89,271.03,973.45,1021.96,1007.7822000000009,3.52685808207929
618818,July 2026,NHAI,"Multi-States (Andhra Pradesh, Telangana)",5.8,228.68,1183.23,1225.14,1213.6281999999999,2.5690863145795713
618819,May 2026,National Highways Authority of India [NHAI],Odisha,99.0,89.36,183.03,200.79,190.20320000000007,3.919138938971789
618820,July 2026,NHAI,Odisha,92.02,395.96,861.84,938.55,856.6814999999995,-0.5985449735450399
618821,July 2026,NHAI,Odisha,98.22,424.45,920.47,950.4,930.1585999999993,1.0525709691787097
618822,July 2026,NHAI,Odisha,96.75,398.91,929.91,869.45,899.460699999999,-3.2744351603919752
618823,July 2026,NHAI,West Bengal,43.52,97.88,352.01,346.39,307.0206000000002,-12.780716456918787
618824,July 2026,NHAI,West Bengal,54.79,64.63,201.1,197.74,189.12179999999998,-5.956340129288919
618825,July 2026,NHAI,West Bengal,96.71,628.08,622.04,646.1,641.7764999999995,3.1728666966753782
618826,July 2026,NHAI,Andhra Pradesh,92.34,468.12,907.76,905.98,882.2613000000002,-2.808969331100705
618827,July 2026,NHAI,Andhra Pradesh,84.92,466.9,1097.57,1055.23,1059.3515999999997,-3.482092258352561
618828,May 2026,National Highways Authority of India [NHAI],"Multi-States (Jharkhand, Uttar Pradesh)",92.02,830.18,1436.49,1465.55,1446.745300000001,0.7139137759400305
618829,May 2026,National Highways Authority of India [NHAI],Jharkhand,93.45,527.11,1129.48,1129.48,1131.3338999999999,0.16413747919395116
618830,July 2026,NHAI,Jharkhand,76.95,1131.52,1517.87,1652.09,1625.0417999999984,7.060670544908226
618831,July 2026,NHAI,Jharkhand,29.2,419.62,1436.8,1301.54,1360.8562999999986,-5.285613864142637
618832,July 2026,NHAI,Jharkhand,11.1,253.64,1274.82,1274.82,1279.1536000000017,0.33993818735207737
618833,June 2026,NHAI,Gujarat,98.79,730.04,894.01,1127.42,1058.6290999999992,18.413563606670976
618834,May 2026,National Highways Authority of India [NHAI],Gujarat,100.0,174.82,162.73,192.01,185.0161999999999,13.695200639095386
618835,May 2026,National Highways Authority of India [NHAI],Gujarat,100.0,418.41,698.4,735.51,733.7391000000002,5.060008591065329
618836,July 2026,NHAI,Maharashtra,81.57,1239.53,1985.38,1798.0,1862.8898000000002,-6.169609847988795
618837,July 2026,NHAI,Maharashtra,68.95,1079.17,1939.23,1910.41,1870.7411000000016,-3.5317574501218765
618838,July 2026,NHAI,Rajasthan,100.0,463.98,736.75,512.77,584.373799999999,-20.682212419409698
618839,May 2026,National Highways Authority of India [NHAI],Bihar,100.0,812.81,1309.47,2107.68,1791.525299999998,36.813008316341566
618840,July 2026,NHAI,Bihar,97.73,814.22,664.02,891.64,884.5837999999993,33.2164392638775
618841,July 2026,NHAI,Bihar,95.72,354.17,491.04,348.38,391.79579999999993,-20.21102150537636
618842,July 2026,NHAI,Uttar Pradesh,0.0,199.56,1280.68,1280.68,1181.2742000000005,-7.761954586625819
618843,July 2026,NHAI,Uttar Pradesh,22.79,54.54,197.6,165.28,164.24160000000015,-16.88178137651814
618844,July 2026,NHAI,"Multi-States (Puducherry, Tamil Nadu)",98.32,526.41,1358.31,1162.44,1247.5527000000009,-8.154051726041853
618845,July 2026,NHAI,"Multi-States (Puducherry, Tamil Nadu)",98.75,460.45,1588.4,1415.9,1338.334799999999,-15.743213296398965
618846,July 2026,NHAI,Tamil Nadu,99.8,1210.2,2565.63,2319.35,2645.0693,3.0962882410947796
618847,July 2026,NHAI,"Multi-States (Puducherry, Tamil Nadu)",85.6,1595.37,2899.77,2899.77,2901.971799999999,0.07593015997816764
618848,July 2026,NHAI,Uttar Pradesh,22.0,0.09,649.44,649.44,588.3523000000004,-9.406211505296824
618849,May 2026,National Highways Authority of India [NHAI],Chhattisgarh,100.0,394.65,444.21,412.88,419.6801999999999,-5.522117917201342
618850,July 2026,NHAI,Himachal Pradesh,100.0,1574.85,1464.12,1651.67,1745.956700000001,19.249562877359864
618851,July 2026,NHAI,Himachal Pradesh,95.65,2883.58,3419.95,4465.94,3506.366299999999,2.526829339610198
618852,July 2026,NHAI,Himachal Pradesh,100.0,182.6,191.11,192.11,182.6,-4.452932865888766
618853,July 2026,NHAI,Rajasthan,89.37,192.88,353.3,241.34,277.03090000000014,-21.58763090857624
618854,May 2026,National Highways Authority of India [NHAI],Uttar Pradesh,97.2,515.53,706.41,752.52,721.7002,2.1644937076202244
618855,May 2026,National Highways Authority of India [NHAI],Uttar Pradesh,99.2,560.48,838.68,838.68,812.1808999999993,-3.159619878857333
618856,July 2026,NHAI,Uttar Pradesh,68.8,519.69,1101.79,1212.26,1183.675099999999,7.432006099165818
618858,July 2026,NHAI,Uttar Pradesh,70.56,369.94,955.34,955.34,945.9418999999986,-0.9837440073692588
618859,July 2026,NHAI,Uttar Pradesh,99.33,390.09,575.66,553.61,551.7806000000004,-4.148177743807036
618861,July 2026,NHAI,Bihar,97.85,914.25,897.45,1397.47,1303.289000000001,45.221349378795566
618862,July 2026,NHAI,Bihar,99.14,1818.91,2156.22,3046.61,2808.2314999999944,30.238635204199692
618863,July 2026,NHAI,Jharkhand,98.5,825.2,662.44,826.59,861.7081999999984,30.08094317975943
618864,May 2026,National Highways Authority of India [NHAI],Uttar Pradesh,100.0,1050.08,1722.11,1820.77,1708.9219000000012,-0.7658105463645594
618865,May 2026,National Highways Authority of India [NHAI],Uttar Pradesh,99.99,823.04,1384.79,1496.44,1524.735300000001,10.105886091031925
618866,July 2026,NHAI,Uttar Pradesh,34.5,486.09,2077.0,1112.44,1473.0997000000007,-29.075604236880082
618867,July 2026,NHAI,Uttar Pradesh,40.0,590.99,2009.11,1936.61,1771.6658999999981,-11.81837231410932
618868,July 2026,NHAI,Uttar Pradesh,77.0,1027.01,2289.52,2223.71,2201.8644999999983,-3.828553583283905
618869,July 2026,NHAI,Uttar Pradesh,16.4,620.25,1122.02,1869.59,1530.0490999999986,36.36558171868582
618870,July 2026,NHAI,Karnataka,27.8,447.11,883.62,1726.65,1468.0799999999979,66.14381747810121
618871,July 2026,NHAI,Karnataka,14.53,325.85,909.86,896.42,1044.1511999999989,14.759545424570689
618872,July 2026,NHAI,Karnataka,19.58,272.55,1062.76,952.03,1026.2488999999996,-3.4354981369265305
618873,July 2026,NHAI,Karnataka,17.36,462.59,1272.71,1203.2,1224.778799999999,-3.766073968146799
618874,May 2026,National Highways Authority of India [NHAI],Tamil Nadu,100.0,9.74,1003.11,435.81,629.1461999999993,-37.28043783832288
618875,July 2026,NHAI,Uttarakhand,70.42,119.67,183.92,142.11,142.81030000000018,-22.351946498477492
618878,July 2026,NHAI,Himachal Pradesh,99.18,496.48,696.65,776.59,728.9425999999988,4.635412330438363
618879,July 2026,NHAI,Himachal Pradesh,99.86,666.12,930.86,930.86,927.5513000000001,-0.3554455020088876
618880,July 2026,NHAI,Himachal Pradesh,56.61,496.91,815.68,666.79,716.3732000000001,-12.174725382502924
618881,July 2026,NHAI,Himachal Pradesh,35.3,547.08,1113.02,1112.39,1151.5465999999997,3.461447233652557
618882,July 2026,NHAI,"Multi-States (Bihar, Uttar Pradesh)",22.26,47.11,531.61,444.92,433.96149999999926,-18.368446793702294
618883,July 2026,NHAI,Uttar Pradesh,100.0,1447.58,1706.47,1579.59,1922.3799000000008,12.652428697838273
618884,July 2026,NHAI,Uttar Pradesh,98.4,775.96,1493.65,1311.44,1361.862000000001,-8.823218290764174
618885,July 2026,NHAI,Uttar Pradesh,90.57,286.1,617.88,549.02,525.3163000000001,-14.980853887486232
618886,July 2026,NHAI,"Multi-States (Uttar Pradesh, Uttarakhand)",22.64,42.08,238.66,0.1,84.34030000000013,-64.66089834911585
618887,July 2026,NHAI,Karnataka,84.25,1645.24,2082.98,2545.11,2485.5359999999964,19.325965683779796
618888,July 2026,NHAI,Himachal Pradesh,97.2,987.35,1146.19,1358.62,1294.3889999999992,12.929706244165379
618889,July 2026,NHAI,Himachal Pradesh,97.45,1102.58,1322.95,1829.49,1627.0376999999999,22.98557768623151
618890,July 2026,NHAI,Himachal Pradesh,94.37,369.94,739.39,754.82,727.2148000000002,-1.6466546747994686
618891,July 2026,NHAI,Himachal Pradesh,31.46,145.72,1244.43,786.91,915.6015000000016,-26.424025457438223
618892,July 2026,NHAI,Himachal Pradesh,0.68,5.27,992.85,992.85,992.6721000000013,-0.017918114518685788
618893,July 2026,NHAI,Uttar Pradesh,97.35,3455.15,2966.63,3475.65,3564.597500000003,20.156456989917952
618894,July 2026,NHAI,Tamil Nadu,97.65,1062.67,1772.13,1772.13,1745.128100000002,-1.523697471404364
618895,July 2026,NHAI,Tamil Nadu,93.6,649.83,1319.42,1319.42,1302.9840999999994,-1.245691288596552
618896,July 2026,NHAI,Karnataka,76.1,1251.68,1386.41,2038.71,1905.6994,37.455687711427345
618897,May 2026,National Highways Authority of India [NHAI],Tamil Nadu,100.0,1011.39,2356.19,2356.9,2381.7278999999976,1.0838642044995324
618898,July 2026,NHAI,Tamil Nadu,37.62,264.13,1163.17,834.46,890.2249000000014,-23.465624113414087
618899,July 2026,NHAI,Tamil Nadu,100.0,1111.9,1499.12,1499.12,1506.8361999999981,0.5147152996423404
618901,July 2026,NHAI,Gujarat,87.12,934.16,1181.34,1098.23,1327.3100000000006,12.356307244315838
618902,July 2026,NHAI,Bihar,90.07,1126.22,662.44,1311.22,1238.7625,86.99995471287964
618903,July 2026,NHAI,Bihar,94.0,1230.43,1245.33,1244.09,1435.500200000001,15.270667212706766
618904,June 2026,NHAI,Bihar,89.81,526.04,2127.86,2171.6,2160.058400000002,1.5131822582313703
618905,July 2026,NHAI,Bihar,77.28,302.74,470.5,528.48,411.04099999999977,-12.637407013815139
618906,July 2026,NHAI,Punjab,68.9,772.91,857.91,1443.47,1268.9586000000004,47.912788054691106
618907,July 2026,NHAI,"Multi-States (Himachal Pradesh, Punjab)",26.43,257.79,571.34,481.88,492.57149999999956,-13.786624426786235
618908,July 2026,NHAI,Odisha,38.0,73.76,153.61,103.68,113.69060000000016,-25.98750081374901
618909,July 2026,NHAI,"Multi-States (Jharkhand, West Bengal)",97.65,1652.04,1652.4,1771.88,1890.228500000002,14.392913338174889
618910,June 2026,NHAI,West Bengal,94.12,488.7,557.55,562.57,550.8322999999997,-1.2048605506233099
618911,July 2026,NHAI,Uttar Pradesh,63.79,369.67,646.27,637.83,636.363900000001,-1.532811363671378
618912,May 2026,National Highways Authority of India [NHAI],"Multi-States (Uttar Pradesh, Uttarakhand)",99.1,665.1,1051.73,1117.17,1075.7660999999991,2.2853869339088098
618913,May 2026,National Highways Authority of India [NHAI],Odisha,96.52,114.77,609.63,630.97,610.4489000000003,0.13432737890201044
618914,July 2026,NHAI,Bihar,63.91,1578.15,4432.97,2625.4,3181.4063,-28.233073988770506
618915,May 2026,National Highways Authority of India [NHAI],Bihar,89.01,728.91,1637.29,777.2,1116.0983999999987,-31.832577002241585
618916,May 2026,National Highways Authority of India [NHAI],Bihar,92.0,774.78,1077.46,799.7,943.9061999999986,-12.395244371020862
618917,July 2026,NHAI,Bihar,88.3,101.06,488.24,419.66,410.30660000000057,-15.962108798951219
618919,May 2026,National Highways Authority of India [NHAI],Andhra Pradesh,99.94,374.39,887.28,913.03,837.1745999999996,-5.647078712469613
618920,July 2026,NHAI,Andhra Pradesh,42.48,188.68,1346.82,1260.37,1267.139899999999,-5.916165486108088
618921,July 2026,NHAI,Himachal Pradesh,64.2,1182.61,1703.48,2648.8,2417.816299999997,41.9339411087889
618922,July 2026,NHAI,Himachal Pradesh,59.88,1505.86,1956.26,2880.72,2701.6562,38.1031253514359
618923,July 2026,NHAI,Uttar Pradesh,70.12,1234.06,2158.2,2553.12,2443.2951999999973,13.20986006857555
618924,July 2026,NHAI,Uttar Pradesh,55.9,51.17,188.87,99.2,119.99180000000015,-36.46857626939157
618925,July 2026,NHAI,Uttar Pradesh,99.02,299.77,300.58,334.48,299.77,-0.2694790072526457
618926,July 2026,NHAI,Bihar,10.97,504.03,1431.36,1927.04,1747.4551999999999,22.08355689693718
618927,July 2026,NHAI,Uttar Pradesh,54.55,981.64,2006.82,1890.05,1766.1661000000001,-11.991802951933895
618928,July 2026,NHAI,"Multi-States (Uttar Pradesh, Uttarakhand)",53.84,386.34,936.12,717.5,800.8621999999999,-14.448767252061712
618929,July 2026,NHAI,Uttar Pradesh,83.06,1132.25,1841.92,1843.54,1835.6341000000007,-0.341268893328668
618930,July 2026,NHAI,Gujarat,25.82,179.47,1188.46,898.0,931.4999,-21.621266176396343
618931,July 2026,NHAI,Gujarat,10.08,82.38,764.02,566.96,635.8118999999997,-16.78072563545461
618932,July 2026,NHAI,Madhya Pradesh,27.6,657.89,1534.7,1472.68,1498.0050999999978,-2.3910145305272845
618933,July 2026,NHAI,Madhya Pradesh,17.5,662.93,1430.56,1430.56,1483.8368999999993,3.724198915110124
618934,July 2026,NHAI,Assam,0.0,328.42,5729.47,5729.47,5690.86419999999,-0.6738110156787674
618935,May 2026,National Highways Authority of India [NHAI],"Multi-States (Haryana, Punjab)",100.0,452.48,1183.7,1190.34,1210.8325999999988,2.292185519979621
618936,July 2026,NHAI,Haryana,68.0,712.77,1269.5,919.43,1102.644399999998,-13.143410791650407
618937,July 2026,NHAI,Maharashtra,81.54,1181.42,1166.96,1432.82,1552.0258000000003,32.997343525056586
618938,May 2026,National Highways Authority of India [NHAI],"Multi-States (Maharashtra, Telangana)",100.0,630.06,1013.33,1274.63,1125.6553000000008,11.084770015690916
618939,July 2026,NHAI,Maharashtra,40.11,37.07,191.31,107.76,127.31080000000013,-33.45313888453289
618941,July 2026,NHAI,"Multi-States (Maharashtra, Telangana)",78.16,826.96,968.05,1187.19,1176.5234999999996,21.535406229017056
618942,July 2026,NHAI,"Multi-States (Goa, Karnataka)",84.7,110.31,226.76,149.44,229.23969999999997,1.0935350149938172
618943,May 2026,National Highways Authority of India [NHAI],Tamil Nadu,100.0,140.31,861.23,1019.85,855.9128000000003,-0.6173960498356686
618944,July 2026,NHAI,Telangana,24.2,431.45,958.86,1218.49,1121.4755000000014,16.95925369709878
618945,July 2026,NHAI,Telangana,99.98,871.58,1149.17,1606.99,1478.0503000000008,28.61894236709979
618946,May 2026,National Highways Authority of India [NHAI],Jharkhand,99.5,878.21,1479.72,1568.18,1546.9588999999976,4.544028600005241
618947,July 2026,NHAI,Jharkhand,91.83,1038.65,1504.8,1508.21,1498.8677000000002,-0.39422514619881144
618948,July 2026,NHAI,"Multi-States (Jharkhand, West Bengal)",8.65,224.06,782.18,782.18,735.0074999999998,-6.030900815669044
618949,July 2026,NHAI,Jharkhand,90.53,781.51,1444.94,1553.76,1481.2383999999993,2.512104308829378
618950,July 2026,NHAI,Jharkhand,12.0,106.04,1565.47,1565.47,1534.5606000000002,-1.9744485681616242
618951,July 2026,NHAI,"Multi-States (Bihar, Jharkhand)",91.3,830.06,1125.78,1186.56,1195.9625999999994,6.234131002504878
618952,July 2026,NHAI,"Multi-States (Bihar, Jharkhand)",87.02,2025.05,1954.77,1978.01,2176.807100000002,11.358732740936366
618953,July 2026,NHAI,Bihar,92.4,1312.28,1199.58,1223.94,1334.2118000000007,11.223244802347555
618954,July 2026,NHAI,Bihar,23.78,644.37,1473.2,1703.02,1626.2467999999994,10.388732011946741
618955,July 2026,NHAI,Bihar,99.8,1096.16,638.29,1067.51,1111.4589999999987,74.13072427893258
618956,July 2026,NHAI,Bihar,26.84,57.23,498.97,380.3,392.06059999999997,-21.426017596248283
618957,July 2026,NHAI,Chhattisgarh,98.75,944.68,1002.33,1304.47,1253.114600000001,25.020163020163118
618958,July 2026,NHAI,Assam,52.0,0.0,1200.14,1200.14,1167.9809999999998,-2.679604046194638
618959,May 2026,National Highways Authority of India [NHAI],Uttar Pradesh,100.0,406.6,1017.99,427.54,669.9442000000003,-34.18951070246267
618960,July 2026,NHAI,Uttar Pradesh,44.64,448.99,1377.51,1007.62,1128.3873999999994,-18.08499393833806
618961,July 2026,NHAI,Uttar Pradesh,24.55,70.02,775.94,498.97,545.5801000000007,-29.687849575998058
618962,July 2026,NHAI,Madhya Pradesh,28.28,196.68,1102.97,770.21,864.1935000000005,-21.64850358577291
618963,July 2026,NHAI,Madhya Pradesh,52.15,318.16,784.14,836.64,663.4307000000002,-15.39384548677529
618964,July 2026,NHAI,Madhya Pradesh,11.57,197.81,1425.98,1425.98,1425.4761,-0.03533710150211998
618966,July 2026,NHAI,Madhya Pradesh,21.61,173.6,1123.17,1103.22,1040.9502000000005,-7.3203344106412755
618967,July 2026,NHAI,Jammu and Kashmir,64.88,176.25,295.06,295.06,258.89860000000016,-12.255609028672081
618968,July 2026,NHAI,Uttar Pradesh,99.24,1394.63,1428.19,1439.35,1482.2164000000014,3.782858023092259
618969,July 2026,NHAI,"Multi-States (Uttar Pradesh, Uttarakhand)",92.98,1543.12,2155.95,2612.3,2585.179899999997,19.90908416243406
618970,July 2026,NHAI,Uttar Pradesh,98.06,1253.61,1335.45,1335.38,1435.0107000000012,7.455217342468916
618971,July 2026,Maharashtra Metro Rail Corporation Limited [MMRCL],Maharashtra,2.4,16.17,3626.24,3626.24,3655.8549999999977,0.8166861542533854
618972,June 2026,Western Railway [WR] - II,Gujarat,0.0,0.28,1456.77,1456.77,1328.4554000000007,-8.808157773704789
618976,July 2026,National Thermal Power Corporation [NTPC],Madhya Pradesh,11.5,2329.76,20446.0,20446.0,21988.322099999994,7.543392839675213
618977,July 2026,Airport Authority of India [AAI],Rajasthan,13.6,81.41,1507.0,1507.0,1461.7112,-3.005228931652292
618978,June 2026,South Eastern Central Railway,"Multi-States (Chhattisgarh, Maharashtra)",1.0,0.35,2222.53,2222.53,2243.7342,0.9540568631244424
618981,July 2026,NLC India Limited [NLCIL],Rajasthan,0.0,249.95,4147.07,4147.07,4214.7896,1.632950492757546
618982,July 2026,NLC India Limited [NLCIL],Odisha,74.8,334.44,522.45,522.45,522.2000999999995,-0.04783232845259709
618985,July 2026,Maharashtra Metro Rail Corporation Limited [MMRCL],Maharashtra,1.51,8.62,9857.85,9857.85,9626.684799999988,-2.3449859756438998
618986,June 2026,Northeast Frontier Railway [NFR],Assam,0.0,0.0,3633.58,3633.58,3573.942500000002,-1.6412876557003835
618991,July 2026,NLC India Limited [NLCIL],Gujarat,0.0,71.51,1221.41,1221.41,1206.6419000000021,-1.2091025945422058
618992,July 2026,NLC India Limited [NLCIL],Gujarat,1.2,2.75,480.68,480.68,481.96040000000016,0.26637263876178674
618995,June 2026,Indian Railway,Odisha,0.0,1.06,2864.51,2864.51,2866.442400000002,0.06746005425018457
619003,July 2026,NHAI,Himachal Pradesh,90.11,1347.79,881.74,1519.53,1566.0198999999996,77.60563204572772
619004,July 2026,MoRTH,West Bengal,8.0,0.31,560.79,560.79,581.1152000000002,3.624387025446285
619005,July 2026,MoRTH,Jharkhand,13.0,0.86,235.42,199.2,221.67750000000026,-5.837439469883495
619007,July 2026,MoRTH,Madhya Pradesh,0.0,2.77,461.23,461.23,467.0049000000004,1.252065130195434
619008,July 2026,MoRTH,Maharashtra,51.0,0.01,157.69,157.69,159.02380000000008,0.8458367683430033
619009,July 2026,MoRTH,Telangana,0.0,0.0,690.33,690.33,689.9316000000009,-0.05771152926848439
619010,July 2026,NHIDCL,Mizoram,99.52,443.61,500.88,500.88,502.86819999999943,0.3969413831655162
619013,July 2026,NHIDCL,Assam,73.88,111.18,508.76,542.87,522.5658000000003,2.7136174227534235
619014,July 2026,NHIDCL,Arunachal Pradesh,15.06,34.98,316.73,316.73,316.4536999999998,-0.08723518454210821
619022,July 2026,Gurugram Metro Rail Limited [GMRL],Haryana,10.05,193.32,5452.72,5452.72,4982.521000000004,-8.623200897900423
619024,July 2026,Adani Transmission Limited,Madhya Pradesh,30.0,542.79,3125.32,3125.32,3474.512,11.172999884811794
619025,July 2026,Adani Transmission Limited,"Multi-States (Madhya Pradesh, Rajasthan, Uttar Pradesh)",10.0,735.05,25000.0,25000.0,23248.169899999997,-7.007320400000011
619026,July 2026,Adani Transmission Limited,Gujarat,1.0,20.0,19000.0,19000.0,18884.2329,-0.6093005263157943
619027,July 2026,Adani Transmission Limited,Maharashtra,5.0,25.0,2000.0,2000.0,1957.932700000001,-2.1033649999999513
619028,July 2026,Power Grid Corporation of India Limited [POWERGRID],Kerala,1.5,2.08,173.14,173.14,175.31749999999985,1.2576527665472261
619029,July 2026,Power Grid Corporation of India Limited [POWERGRID],Gujarat,35.2,70.27,319.42,319.42,319.4126999999996,-0.0022853922736338636
619030,July 2026,Power Grid Corporation of India Limited [POWERGRID],"Multi-States (Andhra Pradesh, Odisha)",3.0,190.57,2722.5,2722.5,2908.1151000000013,6.8178181818182315
619031,July 2026,Delhi Metro Rail Corporation Limited [DMRC],Delhi,5.65,264.98,12014.91,12014.91,12335.620799999999,2.669273427765992
619032,July 2026,NCL - CIL,Madhya Pradesh,2.1,333.3,25560.48,25560.48,24548.56969999999,-3.9588861398534396
619033,July 2026,NIT Rourkela,Odisha,50.0,53.01,198.97,198.97,198.92629999999994,-0.02196311001661458
619038,July 2026,NHIDCL,Jammu and Kashmir,99.97,270.82,497.09,497.09,502.1708999999991,1.0221287895550368
619039,July 2026,MoRTH,Chhattisgarh,0.0,0.0,307.96,307.96,304.0301999999997,-1.2760748149111198
619042,July 2026,MoRTH,Maharashtra,83.19,80.23,163.51,163.51,163.7952999999999,0.17448474099438646
619043,July 2026,NHAI,Maharashtra,5.1,10.9,341.63,341.63,322.1325000000003,-5.707197845622375
619045,July 2026,NHAI,Tamil Nadu,8.58,88.16,1205.4,1210.21,1134.1711000000005,-5.909150489464046
619049,July 2026,Adani Transmission Limited,Gujarat,70.0,2772.7,4500.0,4500.0,4379.411500000001,-2.6797444444444207
619051,July 2026,National Thermal Power Corporation [NTPC],Bihar,15.0,3422.25,29948.0,29948.0,29282.965200000006,-2.2206317617202953
619052,July 2026,Uttar Pradesh metro rail corporation [UPMRC],Uttar Pradesh,2.0,0.05,5801.05,5801.05,5765.626299999995,-0.6106429008542389
619053,July 2026,SECL - CIL,Madhya Pradesh,0.3,75.28,1604.69,1604.69,1878.706400000001,17.075971059830923
619054,July 2026,Airport Authority of India [AAI],Gujarat,46.69,108.64,363.1,363.1,364.8791999999996,0.490002754062133
619055,July 2026,WCL - CIL,Maharashtra,0.0,0.0,444.42,444.42,443.88329999999934,-0.12076414202796415
619056,July 2026,National Thermal Power Corporation [NTPC],Odisha,2.7,566.2,11131.0,11131.0,12445.825499999999,11.81228550893899
619057,July 2026,NHIDCL,Assam,71.09,330.98,574.26,574.26,573.2069000000001,-0.18338383310693038
619059,July 2026,NHIDCL,Nagaland,79.03,147.37,323.98,323.98,323.2511000000002,-0.22498302364338524
619060,July 2026,NHIDCL,Assam,72.0,56.58,344.71,619.7,510.7267999999997,48.16129500159546
619061,July 2026,MoRTH,Gujarat,7.0,0.0,705.09,705.09,708.9635000000005,0.5493624927314938
619063,May 2026,National Highways Authority of India [NHAI],Rajasthan,100.0,1278.04,1636.15,2170.39,1987.6844000000037,21.485462824313394
619064,July 2026,NHAI,"Multi-States (Dadra & Nagar Haveli and Daman & Diu, Gujarat, Maharashtra)",36.23,1097.32,1909.74,2652.24,2380.518899999998,24.651465644537907
619065,July 2026,NHAI,Karnataka,99.8,1103.49,1745.0,1729.63,1822.047000000002,4.415300859598973
619066,July 2026,NHAI,"Multi-States (Jammu and Kashmir, Punjab)",87.3,1776.5,3044.02,3707.91,3555.194699999997,16.792751033173133
619067,May 2026,National Highways Authority of India [NHAI],Gujarat,100.0,104.04,356.6,463.03,429.59669999999977,20.470190689848497
619068,July 2026,NHAI,"Multi-States (Haryana, Uttar Pradesh)",76.3,1772.67,2920.69,3485.77,3015.529500000003,3.2471607736528965
619069,July 2026,NHAI,Maharashtra,99.05,387.04,361.72,425.51,397.0490999999999,9.766974455379815
619070,April 2026,National Highways Authority of India [NHAI],Karnataka,100.0,8.42,839.0,47.44,461.41740000000004,-45.003885578069124
619071,July 2026,NHAI,Karnataka,61.36,1086.24,2032.15,1664.2,1804.3507000000009,-11.209767979725866
619072,July 2026,NHAI,Karnataka,94.89,1153.14,1181.68,1297.76,1314.1549999999986,11.210733870421649
619073,July 2026,NHAI,Karnataka,99.2,1367.2,1317.74,1846.52,1785.6148999999994,35.50585851533681
619074,July 2026,NHAI,Tamil Nadu,99.99,707.81,1673.17,781.74,1057.9425000000008,-36.7701727857898
619075,May 2026,National Highways Authority of India [NHAI],Odisha,97.48,52.23,639.3,632.89,623.4567999999996,-2.478210542781224
619076,July 2026,NHAI,Andhra Pradesh,98.2,1024.51,1581.24,1883.71,1802.4993,13.992771495788112
619077,July 2026,NHAI,"Multi-States (Andhra Pradesh, Tamil Nadu)",100.0,389.77,464.62,472.37,449.60450000000014,-3.2317808101243726
619078,July 2026,NHAI,"Multi-States (Bihar, Jharkhand)",78.0,1275.76,1772.7,1689.17,1995.4091000000005,12.563270716985416
619080,July 2026,NHAI,Haryana,92.97,595.59,1093.35,1225.41,1164.9618000000016,6.5497599121966195
619083,May 2026,National Highways Authority of India [NHAI],Tamil Nadu,100.0,206.64,255.53,395.43,252.63010000000003,-1.134856963957255
619084,May 2026,National Highways Authority of India [NHAI],Tamil Nadu,100.0,42.28,461.54,515.03,442.28380000000004,-4.172162759457463
619086,July 2026,NHAI,Tamil Nadu,100.0,7.24,1247.43,285.55,618.1449000000009,-50.4465260575743
619087,July 2026,NHAI,Gujarat,76.83,1117.01,2070.44,1390.29,1672.855499999998,-19.20289890071685
619089,July 2026,NHAI,Assam,98.0,1393.08,1909.98,2745.74,2480.9304999999986,29.893009350883183
619090,July 2026,NHAI,Delhi,100.0,2381.53,2067.67,2670.22,2595.7452000000003,25.539626729603864
619092,July 2026,NHAI,Haryana,99.97,1064.47,994.22,1606.82,1431.4929000000025,43.981503087848004
619093,July 2026,NHAI,"Multi-States (Haryana, Punjab)",76.3,308.0,609.32,454.34,490.69709999999935,-19.46807917022266
619094,July 2026,NHAI,Tamil Nadu,77.57,827.88,1243.57,1272.11,1275.0397000000005,2.5305933723071927
619095,July 2026,NHAI,Maharashtra,96.73,420.83,546.44,472.1,489.53009999999927,-10.414665837054532
619096,July 2026,NHAI,Karnataka,97.94,1849.51,1644.92,1990.99,1996.9318999999994,21.399940422634494
619097,July 2026,NHAI,"Multi-States (Kerala, Puducherry)",100.0,1534.73,1181.12,1573.18,1746.6388999999972,47.879885193714216
619098,July 2026,NHAI,Kerala,98.75,1066.67,1424.77,2139.18,1836.807399999997,28.91957298370944
619099,July 2026,NHAI,Punjab,66.53,1268.39,1801.37,2172.71,2113.862000000001,17.347463319584598
619100,July 2026,NHAI,Madhya Pradesh,99.8,746.57,866.0,1185.04,936.5751999999999,8.149561200923774
619101,July 2026,NHAI,"Multi-States (Madhya Pradesh, Maharashtra)",64.0,330.42,784.35,659.52,673.8886999999991,-14.083164403646453
619102,July 2026,NHAI,Andhra Pradesh,2.25,121.06,1500.11,1500.11,1517.021999999999,1.1273839918405402
619103,July 2026,NHAI,Chhattisgarh,100.0,905.32,1096.52,1172.36,1218.0208000000005,11.08058220552297
619104,May 2026,National Highways Authority of India [NHAI],"Multi-States (Jharkhand, West Bengal)",99.84,6.64,1139.65,1154.8,1075.6984000000011,-5.611512306409771
619105,July 2026,NHAI,Punjab,25.55,711.39,1555.13,1564.66,1566.033200000002,0.7011118041579667
619106,July 2026,NHAI,Karnataka,40.63,255.41,1141.88,868.65,960.4144999999993,-15.891818755035626
619107,July 2026,NHAI,Karnataka,15.0,227.73,1311.41,1123.35,1272.2447999999993,-2.986495451460704
619108,July 2026,NHAI,Karnataka,40.21,490.31,1452.43,1256.55,1341.4338000000007,-7.6421032338907455
619109,July 2026,NHAI,Odisha,99.7,713.46,1101.76,1374.43,1263.6233999999977,14.691348388033482
619111,July 2026,NHAI,Andhra Pradesh,99.83,573.9,840.51,840.51,833.2756999999993,-0.8607036204210116
619112,July 2026,NHAI,Andhra Pradesh,84.6,702.4,1012.57,1012.57,1003.6544000000011,-0.8804922128839392
619113,June 2026,NHAI,Tamil Nadu,100.0,235.51,555.8,235.8,335.5323999999997,-39.63073047858946
619114,July 2026,NHAI,Madhya Pradesh,40.25,369.46,1081.51,1146.63,1104.188700000001,2.0969477859660173
619117,July 2026,NHAI,Karnataka,97.8,1068.91,1021.57,1091.4,1147.7501999999988,12.351596072711489
619118,July 2026,NHAI,Odisha,99.98,2464.91,2510.04,2632.91,2714.050000000001,8.127758920176616
619119,July 2026,NHAI,Odisha,99.0,1128.52,999.32,1178.31,1219.8586000000016,22.06886682944418
619120,July 2026,NHAI,Karnataka,99.19,3715.84,2919.8,4113.89,4166.266000000006,42.69011576135372
619121,May 2026,National Highways Authority of India [NHAI],Karnataka,99.65,1360.9,2531.99,3619.32,3286.3304000000035,29.7923925449944
619122,May 2026,National Highways Authority of India [NHAI],"Multi-States (Delhi, Uttar Pradesh)",100.0,1351.78,1479.22,1476.75,1527.0955999999996,3.2365435837806156
619123,July 2026,NHAI,Andhra Pradesh,66.12,223.35,813.66,678.21,681.0073999999997,-16.303197895927074
619124,July 2026,NHAI,Andhra Pradesh,70.2,250.93,747.29,626.83,670.3907000000011,-10.290422727455057
619125,July 2026,NHAI,Andhra Pradesh,44.56,267.61,1103.9,943.66,980.1222000000017,-11.212772896095512
619126,July 2026,NHAI,Andhra Pradesh,73.0,370.82,976.41,798.71,845.5016000000007,-13.407113814893258
619127,July 2026,NHAI,Bihar,30.41,764.97,2185.75,2118.46,2173.447799999999,-0.5628365549582978
619128,July 2026,NHAI,Telangana,98.02,524.11,615.78,981.64,609.1510999999998,-1.076504595797226
619129,July 2026,NHAI,Tamil Nadu,58.65,904.84,1360.54,1477.94,1506.6288000000009,10.737560086436334
619130,July 2026,NHAI,Tamil Nadu,53.41,804.69,1116.13,1463.75,1404.8346000000006,25.86657468216072
619131,July 2026,NHAI,Tamil Nadu,99.75,641.93,837.61,823.93,849.2819999999992,1.3934886164204379
619132,July 2026,NHAI,Haryana,77.76,1267.55,1810.04,1917.5,1990.1213,9.949023226006059
619134,July 2026,NHAI,"Multi-States (Haryana, Punjab)",90.01,1277.92,1641.66,1904.79,1720.3531000000005,4.793507790894607
619136,July 2026,NHAI,Bihar,100.0,337.4,610.78,628.65,572.6617000000005,-6.240921444709965
619137,April 2026,National Highways Authority of India [NHAI],Gujarat,100.0,882.1,1024.69,1753.95,1566.0885000000003,52.83534532395166
619138,July 2026,NHAI,Karnataka,24.7,94.8,294.62,309.9,278.8724000000003,-5.345054646663394
619139,July 2026,NHAI,Tamil Nadu,17.24,193.34,1299.36,1299.36,1281.0875000000005,-1.4062692402413
619140,July 2026,NHAI,Andhra Pradesh,53.7,388.87,1398.84,965.58,1347.0914000000002,-3.699393783420525
619141,July 2026,NHAI,Andhra Pradesh,55.53,358.97,864.2,844.39,852.0709999999999,-1.4034945614441254
619142,July 2026,NHAI,Uttarakhand,75.24,213.92,216.97,237.01,254.20549999999992,17.16158915979164
619143,July 2026,NHAI,"Multi-States (Andhra Pradesh, Telangana)",25.78,175.85,826.01,862.58,871.7970000000012,5.543153230590571
619144,May 2026,National Highways Authority of India [NHAI],Karnataka,100.0,36.7,1519.72,387.48,1149.8442999999995,-24.338411023083232
619145,July 2026,NHAI,Gujarat,100.0,1008.79,877.71,1126.66,1267.9914,44.465871415387774
619146,June 2026,NHAI,Gujarat,97.93,833.12,750.53,955.78,965.8056999999994,28.68315723555347
619147,May 2026,National Highways Authority of India [NHAI],Gujarat,99.71,624.41,603.08,628.49,631.7407999999995,4.752404324467637
619148,May 2026,National Highways Authority of India [NHAI],Gujarat,100.0,53.18,1185.66,1343.16,1163.2966000000015,-1.8861562336587714
619149,July 2026,NHAI,Maharashtra,97.4,1444.74,1774.03,2108.41,2057.567899999999,15.982700405291858
619150,July 2026,NHAI,Karnataka,99.7,2242.71,2082.69,2859.93,2737.3346999999967,31.432652002938344
619152,July 2026,NHAI,Bihar,99.95,1799.23,1898.84,1898.84,2228.863600000001,17.380274272713926
619153,July 2026,NHAI,Himachal Pradesh,68.65,819.72,1002.11,1363.04,1165.9846000000007,16.3529552643922
619154,July 2026,NHAI,"Multi-States (Bihar, Uttar Pradesh)",86.11,1044.81,1493.5,1493.59,1459.3213999999984,-2.288490123870208
619155,July 2026,NHAI,Uttarakhand,80.36,770.27,1602.89,1423.89,1478.386400000001,-7.767445052374092
619156,July 2026,NHAI,Tamil Nadu,0.0,169.53,1853.16,1853.16,1832.2306000000015,-1.1293897990458794
619157,July 2026,NHAI,Odisha,99.0,715.74,795.18,810.71,898.7697000000011,13.027201388365043
619158,July 2026,NHAI,Odisha,86.0,724.96,789.0,907.61,910.7152000000009,15.426514575412027
619160,July 2026,NHAI,Andhra Pradesh,100.0,98.52,166.52,113.46,108.11,-35.076867643526306
619161,July 2026,NHAI,Tamil Nadu,46.31,181.78,1376.1,1247.7,1242.4023999999988,-9.715689266768484
619162,July 2026,NHAI,Uttar Pradesh,100.0,440.93,578.02,566.9,555.7824000000005,-3.8472025189438903
619163,July 2026,NHAI,Maharashtra,86.2,1071.0,1471.32,1297.48,1353.2354,-8.025759182230916
619164,July 2026,NHAI,Karnataka,75.72,917.82,1214.3,1195.74,1259.7163000000012,3.740121880919149
619165,July 2026,NHAI,Telangana,100.0,8.3,177.18,18.65,45.719900000000024,-74.19578959250478
619166,July 2026,NHAI,Bihar,99.5,509.32,768.35,968.42,858.059199999999,11.675564521376844
619167,July 2026,NHAI,Chhattisgarh,93.1,853.85,865.1,1275.26,1186.2061999999985,37.11781296959871
619168,July 2026,NHAI,Uttar Pradesh,99.29,1423.29,1602.48,1497.94,1550.8759000000011,-3.2202648394987072
619171,July 2026,SECL - CIL,Chhattisgarh,0.01,2.99,2415.91,2415.91,2706.714200000001,12.037046082014685
619172,July 2026,SECL - CIL,Chhattisgarh,0.0,0.45,1859.19,1859.19,1876.8356000000013,0.9491014904340705
619181,July 2026,NHAI,Odisha,36.02,196.67,882.45,1009.92,925.1887999999993,4.843197914895947
619183,July 2026,MoRTH,Dadra & Nagar Haveli and Daman & Diu,80.0,77.74,198.06,239.57,223.2841999999999,12.735635665959766
619184,July 2026,NHIDCL,Andaman & Nicobar,81.95,0.0,207.45,376.48,210.33380000000017,1.390118100747254
619185,July 2026,NHIDCL,Andaman & Nicobar,50.15,163.63,183.56,333.12,193.73080000000004,5.540858574852932
619186,July 2026,NHIDCL,Andaman & Nicobar,12.98,112.15,262.96,371.88,339.6312000000001,29.156982050502023
619187,July 2026,NHIDCL,West Bengal,34.47,21.2,152.27,152.27,159.2237000000001,4.5666907466999955
619191,July 2026,Bharat Petroleum Corporation Limited [BPCL],Uttar Pradesh,62.5,132.75,202.0,202.0,202.5184,0.2566336633663435
619193,July 2026,MoRTH,Telangana,82.76,375.14,295.47,334.82,375.14,26.963820354012235
619194,July 2026,MoRTH,Uttar Pradesh,12.0,0.0,168.05,168.05,167.88799999999975,-0.0963998809879571
619196,July 2026,Indian Oil Corporation Limited [IOCL],"Multi-States (Gujarat, Haryana, Rajasthan)",43.3,52.55,359.0,359.0,357.7021000000001,-0.3615320334261597
619197,July 2026,NHAI,Gujarat,98.9,1045.08,1185.69,1259.27,1269.2625000000007,7.048427497912664
619198,July 2026,NHAI,Maharashtra,99.87,979.42,1711.38,2388.52,1842.7607000000012,7.6768864892660345
619199,July 2026,NHAI,"Multi-States (Andhra Pradesh, Karnataka)",99.2,744.42,1410.01,1410.01,1413.8116999999986,0.26962220126088593
619200,July 2026,NHAI,Punjab,33.85,1364.2,1641.75,1951.7,1936.0264000000022,17.924556113902984
619201,July 2026,NHAI,Haryana,96.66,834.54,1741.45,2041.54,1871.9008000000008,7.490929972149689
619202,July 2026,NHAI,Delhi,98.8,3512.17,2144.67,3929.5,3832.563600000001,78.70178628879971
619203,July 2026,NHAI,Maharashtra,87.0,491.86,1252.92,1371.27,1287.6435000000004,2.771405995594314
619204,July 2026,NHAI,Maharashtra,1.0,1.5,372.03,372.03,359.28029999999967,-3.4270623336828487
619205,July 2026,NHAI,"Multi-States (Karnataka, Kerala)",100.0,1701.33,1981.07,2681.48,2449.1274000000026,23.62649477302683
619206,July 2026,NHAI,Kerala,86.65,2526.45,3041.65,3867.66,3775.390699999995,24.12311409925517
619207,July 2026,NHAI,Kerala,81.8,1990.71,2641.37,3309.06,3203.0162000000005,21.26344283458965
619208,July 2026,NHAI,Kerala,44.34,2124.13,3635.64,3526.33,3619.4166999999993,-0.44622954968040185
619209,May 2026,National Highways Authority of India [NHAI],Maharashtra,98.52,1125.89,1709.56,2049.51,1937.484200000002,13.332331126137836
619210,July 2026,NHAI,Maharashtra,97.4,1474.28,1411.71,1358.68,1526.600399999998,8.138385362432649
619211,July 2026,NHAI,Karnataka,73.9,984.28,2104.7,2065.83,1980.738799999998,-5.8897325034447565
619212,July 2026,NHAI,"Multi-States (Andhra Pradesh, Telangana)",70.6,539.17,1227.57,1315.87,1197.0543,-2.48586231335076
619213,July 2026,NHAI,Odisha,99.99,733.61,791.17,1070.63,994.3695000000007,25.683418228699363
619214,July 2026,NHAI,Karnataka,82.34,600.43,688.0,684.54,672.5259000000002,-2.2491424418604353
619215,July 2026,NHAI,Odisha,99.66,1083.8,991.41,1168.82,1203.8785000000018,21.43094178997608
619216,July 2026,NHAI,"Multi-States (Haryana, Punjab)",81.33,791.92,1491.72,1122.86,1265.6535000000006,-15.154754243423662
619217,July 2026,NHAI,"Multi-States (Uttar Pradesh, Uttarakhand)",99.85,1546.89,1659.12,1622.49,1729.8009000000002,4.260143931722859
619218,July 2026,NHAI,Karnataka,100.0,1336.55,1364.14,1692.12,1667.2182999999975,22.217536323251085
619219,July 2026,NHAI,Karnataka,99.98,1298.78,1505.85,1989.89,1631.9259999999995,8.372414251087397
619220,July 2026,NHAI,Karnataka,98.0,872.97,1444.5,1834.81,1533.6404999999995,6.171028037383144
619221,July 2026,NHAI,Uttarakhand,0.0,0.14,252.97,252.97,195.84499999999989,-22.58172905878172
619222,July 2026,NHAI,Tamil Nadu,97.92,595.08,467.99,699.68,643.8684000000002,37.581657727729265
619223,July 2026,Bharat Petroleum Corporation Limited [BPCL],Maharashtra,7.2,93.6,13626.0,13626.0,13239.434100000002,-2.836972699251415
619224,July 2026,Gas Authority of India Limited [GAIL],Maharashtra,8.2,1.2,844.0,844.0,826.8978999999998,-2.0263151658767984
619225,July 2026,Gas Authority of India Limited [GAIL],Maharashtra,0.0,0.0,260.2,260.2,260.1118000000002,-0.03389700230584226
619226,July 2026,Hindustan Petroleum Corporation Limited,Andhra Pradesh,20.2,8.67,258.34,258.34,256.6857,-0.6403576681891996
619227,July 2026,Power Grid Corporation of India Limited [POWERGRID],Maharashtra,3.92,38.9,1420.0,1420.0,1443.401200000001,1.647971830985981
619228,July 2026,Power Grid Corporation of India Limited [POWERGRID],Karnataka,1.0,22.22,1111.0,1111.0,1105.8234000000002,-0.46594059405938615
619229,June 2026,Syama Prasad Mookerjee Port Kolkata,West Bengal,0.0,0.0,832.25,832.25,832.4566999999998,0.024836287173306288
619248,July 2026,NHIDCL,Arunachal Pradesh,14.69,25.88,441.41,441.41,443.5802000000005,0.4916517523392032
619251,July 2026,MoRTH,Rajasthan,17.0,0.0,170.49,170.49,170.2462999999999,-0.14294093495225732
619253,July 2026,MoRTH,Telangana,55.62,0.0,516.17,516.17,506.2620999999999,-1.919503264428394
619265,July 2026,MoRTH,Telangana,0.0,0.0,675.45,675.45,677.6311999999992,0.32292545710255294
619270,July 2026,NHAI,Rajasthan,0.0,0.0,910.91,910.91,916.2067000000008,0.5814734715834478
619271,July 2026,NHAI,Rajasthan,0.0,0.38,363.89,363.89,329.9719000000002,-9.320976119156835
619289,July 2026,NHAI,Bihar,82.72,685.48,1659.81,1696.66,1368.9249999999995,-17.525198667317373
619291,June 2026,NHAI,"Multi-States (Himachal Pradesh, Uttarakhand)",94.25,319.77,524.54,657.32,550.2489999999997,4.9012468067258395
619292,July 2026,NHAI,Uttarakhand,93.9,739.13,1092.9,1072.5,1038.2233999999996,-5.002891389880177
619293,July 2026,NHAI,Uttarakhand,62.79,191.78,715.97,337.11,434.0712000000004,-39.372990488428236
619294,July 2026,NHAI,Uttarakhand,5.13,10.86,720.67,388.19,468.18310000000014,-35.03502296474112
619295,July 2026,NHAI,Uttarakhand,0.0,13.35,742.43,664.92,551.4865000000004,-25.718720956857823
619297,July 2026,NHAI,Gujarat,0.0,9.24,647.2,647.2,591.4689000000002,-8.611109394313946
619298,July 2026,NHAI,Maharashtra,0.0,0.06,1039.0,1039.0,1047.0181,0.7717131857555346
619299,July 2026,NHAI,Maharashtra,0.0,0.08,357.99,357.99,345.7683000000003,-3.413978044079364
619300,July 2026,NHAI,Maharashtra,0.0,0.0,300.68,300.68,206.01950000000008,-31.482140481575072
619301,July 2026,NHAI,Bihar,99.99,573.97,537.88,633.91,608.0702000000009,13.049416226667828
619305,July 2026,NHAI,Bihar,77.3,675.5,1769.5,2024.59,1805.066399999998,2.009968917773276
619306,July 2026,NHAI,Bihar,95.9,643.0,1020.84,1235.65,1140.9969999999987,11.770404764703448
619307,July 2026,NHAI,"Multi-States (Bihar, Jharkhand)",92.74,893.34,1376.56,1481.58,1428.7,3.787702679142217
619308,July 2026,NHAI,Uttar Pradesh,98.92,811.86,836.24,835.74,895.6904000000006,7.109250932746655
619311,July 2026,THDC India Limited,Arunachal Pradesh,0.0,189.68,14105.83,14105.83,14305.086100000006,1.4125797631192631
619312,July 2026,Bharat Petroleum Corporation Limited [BPCL],Uttar Pradesh,62.5,104.24,186.0,186.0,191.0508,2.715483870967747
619313,July 2026,Bharat Petroleum Corporation Limited [BPCL],Maharashtra,77.9,380.62,483.14,483.14,485.13549999999975,0.4130272798774197
619314,July 2026,Oil and Natural Gas Corporation Limited [ONGC],Offshore,23.5,979.47,6684.0,6175.0,6302.8595,-5.702281567923405
619316,July 2026,Oil India Limited,Assam,7.8,20.04,495.59,495.59,498.04929999999933,0.49623680865218417
619317,July 2026,NHAI,Bihar,99.45,2160.8,2723.39,2906.78,3005.650300000002,10.364299641256016
619318,July 2026,NHAI,Punjab,15.31,533.33,1368.91,1382.48,1412.3973999999994,3.1767902930067935
619320,May 2026,NHAI,Bihar,100.0,468.71,2290.72,2311.1,2317.024800000002,1.148320178808504
619321,July 2026,MoRTH,Mizoram,2.0,0.0,170.96,170.96,171.39839999999967,0.25643425362638067
619326,June 2026,South Central Railway [SCR] - II,Andhra Pradesh,0.01,0.0,9889.24,9889.24,10273.659499999994,3.887250183027154
619328,July 2026,Oil and Natural Gas Corporation Limited [ONGC],Maharashtra,56.3,2304.68,3713.4,3908.0,3903.3798999999985,5.116063445898596
619341,July 2026,National Thermal Power Corporation [NTPC],Telangana,0.97,732.96,29344.85,29344.85,30634.267400000033,4.394015985769342
619347,July 2026,MoRTH,Chhattisgarh,0.0,0.0,201.16,201.16,201.03729999999996,-0.06099622191292371
635651,July 2026,Steel Authority of India Limited (SAIL,Odisha,71.75,56.24,155.26,155.26,155.04880000000006,-0.13602988535355798
660056,July 2026,Department of Telecommunications,PAN India,1.63,94.95,765.0,765.0,765.3235000000001,0.04228758169935699
665021,July 2026,Department of Telecommunications,PAN India,20.54,209.87,1821.0,1821.0,1789.9919,-1.7028061504667773
701101,July 2026,Airport Authority of India [AAI],Bihar,99.26,1203.48,1216.9,1216.9,1245.8826999999985,2.38168296491071
701105,May 2026,Airport Authority of India [AAI],Goa,100.0,158.78,255.69,255.69,239.27900000000005,-6.418319058234559
701107,July 2026,Airport Authority of India [AAI],Andhra Pradesh,89.7,572.99,611.8,824.28,617.1528000000001,0.8749264465511796
701113,July 2026,Airport Authority of India [AAI],Uttar Pradesh,33.0,746.93,2869.65,2869.65,2847.410399999998,-0.774993466102213
701121,July 2026,Airport Authority of India [AAI],Andhra Pradesh,96.0,189.48,347.15,347.15,351.50650000000047,1.254933026069565
701122,July 2026,Airport Authority of India [AAI],Uttar Pradesh,44.94,224.58,579.0,579.0,579.7241,0.12506044905009003
701126,July 2026,Airport Authority of India [AAI],Gujarat,88.0,966.36,1305.0,1551.0,1488.2885000000003,14.045095785440639
701127,July 2026,Airport Authority of India [AAI],Rajasthan,100.0,348.2,480.0,480.0,479.58210000000014,-0.08706249999997102
701128,July 2026,Airport Authority of India [AAI],Rajasthan,78.71,587.22,887.0,887.0,884.3815000000002,-0.2952085682074197
701167,July 2026,PMSSY AND Institute of NATIONAL Importance,Jammu and Kashmir,79.0,1602.61,1828.0,2570.19,2253.8514000000005,23.29602844638952
701168,July 2026,PMSSY AND Institute of NATIONAL Importance,Tamil Nadu,54.0,540.92,1264.0,2021.51,1699.0343999999996,34.41727848101262
701170,July 2026,PMSSY AND Institute of NATIONAL Importance,Gujarat,94.0,805.48,1195.0,1195.0,1372.4637000000002,14.850518828451904
701171,July 2026,PMSSY AND Institute of NATIONAL Importance,Telangana,87.58,1028.94,1028.0,1365.95,1322.3450999999986,28.632791828793643
701172,July 2026,PMSSY AND Institute of NATIONAL Importance,Bihar,1.12,40.33,2006.07,2006.07,1994.6195000000027,-0.5707926443243352
701173,July 2026,Ministry of Health and Family Welfare,Haryana,67.45,747.62,1299.0,1646.43,1502.2201999999972,15.644357197844283
701228,July 2026,Gas Authority of India Limited [GAIL],Tamil Nadu,97.4,4881.8,2915.0,5909.0,5824.491200000001,99.81101886792457
701263,May 2026,MinistryofPetroleumNaturalGas,Rajasthan,92.1,69996.68,43129.0,79459.0,70184.74100000001,62.73213151243945
701289,July 2026,Indian Oil Corporation Limited [IOCL],Haryana,94.3,28007.35,34627.0,36225.0,35946.98110000002,3.8119995956912787
701324,July 2026,Indian Oil Corporation Limited [IOCL],Bihar,91.8,13089.84,14810.0,16724.0,15953.547600000002,7.721455773126277
701329,July 2026,Indian Oil Corporation Limited [IOCL],Gujarat,89.6,13901.13,18936.0,17825.0,18209.9581,-3.8341883185466843
701330,July 2026,Indian Oil Corporation Limited [IOCL],Rajasthan,90.2,6360.86,7392.0,7392.0,7744.591499999999,4.769906655844138
701338,July 2026,Gas Authority of India Limited [GAIL],Karnataka,47.0,4481.93,5535.0,5535.0,5935.7211000000025,7.239766937669422
701343,June 2026,Ministry of Petroleum & Natural Gas,"Multi-States (Andhra Pradesh, Odisha)",98.1,2315.2,2658.34,2810.0,2924.4526000000005,10.010480224501018
701344,July 2026,Gas Authority of India Limited [GAIL],West Bengal,94.4,927.4,1030.65,1125.0,1143.6951999999999,10.968340367729082
701346,July 2026,Indradhanush Gas Grid Limited,Tripura,88.2,7008.0,9265.0,9265.0,9487.5105,2.4016243928764203
701349,July 2026,Numaligarh Refinery Limited,West Bengal,93.2,11168.49,10228.0,12407.0,13179.583900000001,28.857879350801735
701354,April 2026,Ministry of Petroleum & Natural Gas,"Multi-States (Chhattisgarh, Madhya Pradesh, Maharashtra, Odisha)",98.9,7070.1,7844.25,8255.0,8493.9105,8.281996366765465
701370,July 2026,"Department of Water Resources, River Development & GR",Assam,55.44,44.7,256.16,256.16,254.68179999999995,-0.5770612117426889
701372,July 2026,"Narmada and Water Resources, Water Supply and Kalpsar Department-GJ",Gujarat,93.7,31969.4,20718.17,33412.5,32674.18580000001,57.70787574385196
701376,July 2026,Department of Water Resources-JH,Jharkhand,70.0,6040.27,3807.77,9579.58,8550.07989999999,124.54297134543286
701377,July 2026,Water Resources-KA,Karnataka,99.32,1515.6,770.16,1606.07,1625.7749000000022,111.09573335410852
701383,July 2026,Department of water resources-MH - II,Maharashtra,89.57,1642.5,1058.99,1758.51,1871.1962000000003,76.69630496982978
701386,July 2026,Department of water resources-MH - II,Maharashtra,72.65,14439.46,7196.47,12770.1,14439.46,100.64642804041424
701391,July 2026,Department of water resources-MH - II,Maharashtra,100.0,1734.71,210.45,1472.14,1734.71,724.2860536944643
701395,June 2026,"Department of Water Resources, River Development & GR",Uttar Pradesh,31.5,115.2,219.9,219.9,232.63150000000007,5.789677125966379
701396,July 2026,Department of water resources-MH - II,Maharashtra,65.0,3066.05,255.97,1480.7,3066.05,1097.816150330117
701398,July 2026,Department of water resources-MH - II,Maharashtra,75.0,879.8,211.46,781.85,879.8,316.0597748983259
701399,July 2026,"Department of Water Resources, River Development & GR",Chhattisgarh,86.31,249.06,382.29,382.29,382.4642000000004,0.045567501111821576
701400,July 2026,Water Resources Department-MN,Manipur,99.0,1848.17,1449.44,1822.24,1936.5026999999993,33.603508941384206
701402,July 2026,"Department of Water Resources, River Development & GR",Odisha,95.5,8327.62,3055.88,7023.19,8327.62,172.51135515792507
701404,July 2026,Irrigation and CAD-TG,Odisha,79.5,2804.16,989.43,2301.28,2804.16,183.41166125951307
701405,July 2026,Irrigation and CAD-TG,Telangana,87.7,4841.09,8200.71,14730.0,12076.236400000002,47.258425185136446
701406,June 2026,Irrigation and CAD-TG,Telangana,100.0,1839.76,1402.0,2509.66,2228.5841000000014,58.95749643366629
701408,July 2026,Irrigation & Water Resources-UP,Uttar Pradesh,82.39,4575.74,1060.67,4417.21,4575.74,331.4009069738938
701410,July 2026,Department of Water Resources-PB,Punjab,95.0,2364.12,1441.26,2462.16,2421.593000000001,68.0191637872418
701411,July 2026,Department of Water Resources-PB,Punjab,88.0,2201.94,2285.81,2715.7,2727.9526000000037,19.342928764858137
701412,July 2026,"Department of Water Resources, River Development & GR","Multi-States (Bihar, Jharkhand)",47.0,345.94,1622.27,2430.76,2085.6195000000016,28.561799207283723
701415,July 2026,Water Resources-AP,Andhra Pradesh,86.15,27961.55,10151.04,55548.87,44918.746300000064,342.5038843310642
701530,July 2026,"Department of Water Resources, River Development,","Multi-States (Madhya Pradesh, Uttar Pradesh)",0.0,8530.86,21030.0,21030.0,20720.944900000006,-1.4695915359010656
701565,July 2026,Inland Waterways Authority of India [IWAI],"Multi-States (Bihar, Jharkhand, Uttar Pradesh, West Bengal)",85.1,4187.19,5369.18,5061.15,5197.2029000000075,-3.203042177762578
701570,July 2026,Deendayal Port Trust [DPT],Gujarat,92.0,149.5,171.0,211.61,193.57990000000015,13.204619883041024
701574,July 2026,Paradip Port Trust [PPT],Odisha,76.0,2261.12,3004.63,3004.63,3467.1632999999983,15.394018564681783
701593,July 2026,Department of Telecommunications [DoT],PAN India,98.56,9165.04,28466.0,19592.0,21092.2403,-25.903743764490965
701597,July 2026,Department of Telecommunications,"Multi-States (Arunachal Pradesh, Assam)",99.84,237.98,1255.49,276.62,713.3105000000007,-43.18469282909456
701598,July 2026,Department of Telecommunications,Meghalaya,99.84,167.23,971.96,180.46,509.7424999999996,-47.5551977447632
701599,July 2026,Department of Telecommunications [DoT],"Multi-States (Andhra Pradesh, Bihar, Chhattisgarh, Jharkhand, Madhya Pradesh, Maharashtra, Odisha, Telangana, Uttar Pradesh, West Bengal)",89.98,492.2,1577.57,604.6,1354.9118000000003,-14.113998111018821
701602,July 2026,Department of Telecommunications [DoT],"Multi-States (Andhra Pradesh, Chhattisgarh, Jharkhand, Maharashtra, Odisha)",81.47,1108.02,3685.0,1448.61,2105.6495999999956,-42.85889823609239
701657,July 2026,NICDC,Karnataka,27.12,337.56,1701.81,1701.81,1628.534700000001,-4.305727431381816
701658,July 2026,National Industrial Corridor Development Corporation,Andhra Pradesh,47.77,984.13,2139.44,2139.44,2165.6427000000012,1.2247457278540734
701661,July 2026,National Industrial Corridor Development Corporation,Uttarakhand,3.23,0.0,1265.37,1265.37,1274.2879999999989,0.7047740976946651
701662,July 2026,National Industrial Corridor Development Corporation,Punjab,3.4,0.0,1367.72,1367.72,1370.3856000000003,0.1948936916913014
701668,July 2026,National Industrial Corridor Development Corporation,Kerala,5.3,57.93,3805.0,3805.0,3877.8855,1.9155190538764748
701719,July 2026,ministry of housing and urban affairs,Gujarat,98.5,623.44,539.0,539.0,623.44,15.666048237476819
701745,July 2026,ministry of housing and urban affairs,Maharashtra,48.0,163.21,262.76,262.76,279.8343999999996,6.4980971228496065
701766,July 2026,ministry of housing and urban affairs,Uttarakhand,40.3,59.51,150.97,206.0,185.50310000000005,22.87414718155928
701991,July 2026,ministry of housing and urban affairs,Maharashtra,85.0,530.04,600.0,723.7,609.5929000000003,1.5988166666667212
702355,April 2026,ministry of housing and urban affairs,Dadra & Nagar Haveli and Daman & Diu,20.0,0.0,210.0,210.0,213.0402,1.447714285714285
702625,July 2026,Madhya Pradesh Metro Rail Co Limited [MPMRCL],Madhya Pradesh,62.7,4498.76,6941.4,6941.4,6970.408200000006,0.417901287924721
702626,July 2026,Madhya Pradesh Metro Rail Co Limited [MPMRCL],Madhya Pradesh,65.48,5093.95,7500.8,7500.8,7707.0860000000075,2.750186646757777
702627,July 2026,Patna Metro Rail Corporation Ltd. [PMRCL],Bihar,50.05,5198.09,13365.77,13365.77,13267.644400000008,-0.734155982034646
702628,July 2026,Uttar Pradesh metro rail corporation [UPMRC],Uttar Pradesh,83.0,9463.15,11076.48,11076.48,11495.34979999999,3.7816147368116164
702629,July 2026,Uttar Pradesh metro rail corporation [UPMRC],Uttar Pradesh,73.0,6368.28,8379.62,8379.62,8638.705399999999,3.0918514204701175
702630,July 2026,Gujarat Metro Rail Corporation Limited [GMRCL],Gujarat,81.9,9332.21,12020.32,12020.32,12026.669299999994,0.0528213891143863
702632,July 2026,Delhi Metro Rail Corporation Limited [DMRC],Delhi,83.46,21420.76,24948.65,24948.65,25692.358799999965,2.980958087912428
702635,July 2026,Bengaluru Metro Rail,Karnataka,95.8,29834.97,26405.14,30695.12,31990.503400000045,21.152561205886602
702637,July 2026,Mumbai Metro Rail Corporation Limited [MMRC],Maharashtra,99.21,35959.97,23136.0,37276.0,37134.1752,60.50386929460579
702639,April 2026,Gujarat Metro Rail Corporation Limited [GMRCL],Gujarat,99.99,12520.65,10773.0,12924.5,12760.8914,18.45253318481389
702658,July 2026,Maharashtra Metro Rail Corporation Limited [MMRCL],Maharashtra,42.11,2161.73,6708.0,6708.0,6598.3027,-1.6353205128205102
702664,July 2026,CSPCC Projects,Kerala,41.2,816.8,1957.05,1957.05,1911.188899999998,-2.343379065430209
702665,July 2026,Bengaluru Metro Rail,Karnataka,67.5,10878.48,14788.1,14788.1,15813.85080000001,6.9363258295521995
702668,July 2026,Chennai Metro Rail Limited [CMRL],Tamil Nadu,55.73,34698.0,63246.0,63246.0,53741.9292,-15.027149226828577
702674,July 2026,Ministry of Housing & Urban Affairs,Andhra Pradesh,82.0,88.86,172.22,172.22,173.63939999999988,0.8241783764951123
702699,July 2026,Ministry of Housing & Urban Affairs,Bihar,85.0,135.72,158.78,158.78,164.61190000000013,3.67294369567964
702734,July 2026,Ministry of Housing & Urban Affairs,Haryana,88.0,228.49,278.01,278.01,279.0931999999996,0.38962627243611225
702741,July 2026,Ministry of Housing & Urban Affairs,Jharkhand,76.0,129.16,216.55,216.55,219.8463999999997,1.522235049641973
702742,July 2026,Ministry of Housing & Urban Affairs,Jharkhand,67.0,87.5,159.31,159.31,156.39279999999994,-1.8311468206641548
702746,July 2026,Ministry of Housing & Urban Affairs,Jharkhand,81.0,186.5,278.28,278.28,277.06399999999974,-0.4369699583154505
702760,July 2026,Ministry of Housing & Urban Affairs,Karnataka,80.0,79.5,162.73,162.73,163.50249999999977,0.4747127143119158
702793,July 2026,Ministry of Housing & Urban Affairs,Madhya Pradesh,99.0,252.5,287.17,287.17,286.2150999999998,-0.33252080649101107
702808,July 2026,Ministry of Housing & Urban Affairs,Madhya Pradesh,96.0,200.32,191.56,215.89,214.3281999999998,11.885675506368662
702810,July 2026,Ministry of Housing & Urban Affairs,Madhya Pradesh,90.0,371.17,402.01,438.1,435.13359999999955,8.239496529936956
702833,July 2026,Ministry of Housing & Urban Affairs,Maharashtra,75.0,136.56,194.2,194.2,195.13650000000018,0.48223480947486824
702840,April 2026,Ministry of Housing & Urban Affairs,Maharashtra,99.0,186.13,204.55,204.55,209.8242999999997,2.57848936690281
702851,June 2026,Ministry of Housing & Urban Affairs,Maharashtra,96.0,220.77,235.95,235.95,237.43860000000032,0.6308963763510627
702854,April 2026,Ministry of Housing & Urban Affairs,Maharashtra,98.0,172.22,180.24,180.24,183.65020000000004,1.8920328450954458
702949,July 2026,Ministry of Housing & Urban Affairs,Uttar Pradesh,95.0,506.52,561.74,561.74,565.1575999999998,0.6083953430412229
702958,July 2026,Ministry of Housing & Urban Affairs,Uttar Pradesh,95.0,152.65,142.46,173.21,171.0445999999997,20.0650007019512
703021,July 2026,Ministry of Housing & Urban Affairs,Punjab,90.0,161.02,258.53,266.64,268.3541,3.7999845279078035
703057,July 2026,Ministry of Housing & Urban Affairs,Punjab,99.0,213.64,287.0,287.0,305.30859999999984,6.379303135888446
703585,June 2026,Karnataka Rail Infrastructure Development Company Limited [K-RIDE],Karnataka,56.8,173.5,314.1,683.57,321.97790000000026,2.5080865966253545
703586,July 2026,M.D/KRIDE SWR mor,"Multi-States (Karnataka, Tamil Nadu)",85.0,700.64,498.7,1160.0,948.6244999999997,90.21947062362136
704495,July 2026,Department of Telecommunications [DoT],"Multi-States (Bihar, Madhya Pradesh, Rajasthan, Uttar Pradesh)",99.59,152.96,421.65,228.94,285.2137999999996,-32.3576900272739
705237,July 2026,DFCCIL,"Multi-States (Gujarat, Haryana, Maharashtra, Rajasthan, Uttar Pradesh)",96.0,124623.0,51101.0,124005.0,124623.0,143.87585370149313
705244,July 2026,CPM/ICF,Tamil Nadu,0.0,192.25,520.0,520.0,504.6568999999999,-2.9505961538461745
705252,June 2026,RVNL,Telangana,0.0,0.0,385.0,385.0,384.7206,-0.07257142857143108
705253,July 2026,South Central Railway [SCR] - II,Andhra Pradesh,75.01,959.27,563.0,560.72,959.27,70.3854351687389
705298,July 2026,RCIL,PAN India,48.0,0.0,274.39,274.39,271.92789999999985,-0.8972994642662395
705356,July 2026,CAOC/CR CR mor,Maharashtra,93.0,5054.69,2538.67,5942.48,5230.3691,106.02792407047784
705357,July 2026,CAOC/CR CR mor,Maharashtra,60.0,1132.25,138.48,1790.5,1405.9320000000005,915.2599653379554
705358,July 2026,CAO/C/ECOR ECoR mor,Odisha,93.0,4825.28,3792.0,6221.98,5850.917599999998,54.29635021097041
705359,July 2026,CAO/C/ECOR ECoR mor,Odisha,56.0,2164.01,1928.0,4546.84,4015.647800000004,108.28048755186741
705362,June 2026,East Central Railway [ECR] - I,Offshore,75.0,580.51,819.0,819.0,834.9410000000006,1.9463980463981196
705364,June 2026,East Central Railway [ECR] - I,Bihar,55.7,491.56,614.0,1384.16,1047.2660000000014,70.56449511400675
705366,July 2026,CAO/Con/North/MHX ECR mor,Bihar,74.0,2843.39,2067.0,3991.33,3848.104300000002,86.16856797290768
705368,July 2026,CAO/Con/North/MHX ECR mor,Bihar,40.0,2140.8,1605.0,2621.05,2885.365599999997,79.77355763239856
705373,July 2026,CAO/Con/South/MHX ECR mor,Bihar,95.0,3041.78,1473.0,3259.35,3077.065099999999,108.8978343516632
705375,July 2026,CAO/Con/South/MHX ECR mor,"Multi-States (Bihar, Jharkhand)",90.0,2269.03,1626.0,2433.13,2489.3797000000013,53.098382533825415
705385,July 2026,CAOC/ER ER mor,"Multi-States (Bihar, Jharkhand)",40.0,1775.66,2555.0,2700.43,2905.399199999996,13.714254403130965
705391,July 2026,CAO/C-III/NFR NFR mor,Manipur,78.0,16931.5,14323.0,21886.0,21133.378800000002,47.548549884800686
705392,July 2026,CAO/C-1/NFR NFR mor,"Multi-States (Assam, Nagaland)",45.0,6719.53,6663.0,15310.23,12640.079999999993,89.70553804592515
705394,July 2026,CAO/C-II/NFR NFR mor,"Multi-States (Assam, Meghalaya)",87.0,1272.35,1304.62,1432.14,1483.1979000000006,13.688116079778073
705396,June 2026,Northeast Frontier Railway [NFR],Meghalaya,2.04,266.12,8324.28,8342.28,8979.912200000012,7.876143041800743
705401,July 2026,CAO/C-II/NFR NFR mor,"Multi-States (Arunachal Pradesh, Assam)",67.0,1057.21,435.0,1334.45,1196.6059999999989,175.0818390804595
705410,July 2026,CAOC/NR NR mor,"Multi-States (Himachal Pradesh, Punjab)",84.0,2934.27,2018.0,4076.15,3856.0906000000036,91.08476709613497
705419,July 2026,CAO/C/NCR NCR mor,Madhya Pradesh,91.0,3068.75,2913.0,3947.0,3611.398000000001,23.975214555441163
705424,July 2026,CAOC/NR NR mor,"Multi-States (Haryana, Himachal Pradesh)",47.0,1101.73,1540.0,1942.17,1834.4624999999992,19.12094155844151
705428,June 2026,RVNL - II,"Multi-States (Himachal Pradesh, Punjab)",64.0,7781.89,13447.0,13447.0,13411.860900000003,-0.2613155350635583
705429,June 2026,RVNL - II,Uttarakhand,77.5,28828.18,38953.0,38953.0,39478.71450000001,1.349612353348931
705432,July 2026,Indian Railway Construction International Limited [IRCON],"Multi-States (Sikkim, West Bengal)",80.0,11090.47,7877.0,11775.05,11153.574600000009,41.59673225847415
705433,July 2026,Rail Vikas Nigam Limited,Chhattisgarh,82.0,1440.85,1628.0,1628.0,1683.8132999999998,3.4283353808353687
705434,June 2026,South Western Railway [SWR] - II,Karnataka,71.0,2412.11,2565.0,3034.98,3347.1265999999996,30.492265107212457
705436,June 2026,South Central Railway [SCR] - II,Andhra Pradesh,30.02,1417.7,2501.0,2501.0,2656.5741,6.220475809676122
705437,June 2026,South Central Railway [SCR] - II,Telangana,72.02,3073.41,1160.0,2781.0,3073.41,164.94913793103447
705444,July 2026,Indian Railway Construction International Limited [IRCON],Chhattisgarh,83.36,5327.55,4970.0,7448.52,7130.470900000006,43.470239436619835
705450,July 2026,Indian Railway Construction International Limited [IRCON],Bihar,86.5,369.48,402.0,486.0,455.58599999999984,13.329850746268617
705453,July 2026,CAOCWR WR mor,"Multi-States (Gujarat, Madhya Pradesh)",57.0,4509.3,456.07,9217.23,7082.219899999989,1452.8800184182228
705454,July 2026,CAOCWR WR mor,"Multi-States (Gujarat, Madhya Pradesh)",58.0,1855.01,1794.0,1993.65,2758.249499999999,53.74857859531767
705457,July 2026,CAOCWR WR mor,"Multi-States (Madhya Pradesh, Maharashtra)",75.0,5045.54,1656.25,13314.47,9387.858499999988,466.8140981132068
705458,July 2026,CAOCWR WR mor,Gujarat,34.0,816.25,483.88,1015.07,1108.708700000001,129.12885426138735
705464,June 2026,South Western Railway [SWR] - II,Karnataka,0.0,0.0,1382.78,1382.78,1330.7482000000005,-3.7628400757893172
705479,July 2026,CAOC/SECR SECR mor,Maharashtra,69.0,1015.46,1886.0,1880.61,1866.9843999999978,-1.0082502651114646
705480,July 2026,CE/C-4/WCR WCR mor,"Multi-States (Madhya Pradesh, Uttar Pradesh)",73.0,6622.82,8914.0,8913.94,10102.9759,13.338298182634054
705481,July 2026,CPM/Kota WCR mor,"Multi-States (Madhya Pradesh, Rajasthan)",86.0,4498.51,3032.0,5074.76,4944.004700000005,63.060841029023905
705482,June 2026,North Central Railway,Rajasthan,49.7,509.8,747.0,747.0,734.2384000000003,-1.7083801874162923
705489,July 2026,CAOC/SR SR mor,Tamil Nadu,14.0,351.21,601.43,2053.39,1512.394300000001,151.46638844088275
705490,July 2026,CAOC/SWR SWR mor,Karnataka,35.0,2252.04,2842.0,3668.17,3690.7543999999984,29.86468684025329
705491,July 2026,CAOC/SWR SWR mor,"Multi-States (Andhra Pradesh, Karnataka)",20.0,145.72,297.0,502.13,442.2879999999998,48.91851851851845
705492,July 2026,CAOC/SWR SWR mor,Karnataka,83.0,790.72,825.0,1043.15,1002.289699999999,21.489660606060486
705493,July 2026,CAOC/SWR SWR mor,Karnataka,10.0,186.31,5174.0,533.32,2063.1076000000025,-60.12548125241588
705494,July 2026,CAOC/SWR SWR mor,"Multi-States (Andhra Pradesh, Karnataka)",65.0,1906.63,2496.0,4612.0,4112.8624,64.77814102564102
705495,July 2026,CAOC/SWR SWR mor,Karnataka,35.0,797.37,1378.0,1710.44,1347.1747000000003,-2.236959361393305
705496,July 2026,CAOC/SWR SWR mor,Karnataka,22.0,676.71,1876.0,1801.01,1800.8439,-4.0061886993603375
705497,July 2026,Central Railways,Maharashtra,47.0,4053.03,3445.34,4030.69,4312.095800000001,25.15733715685537
705498,July 2026,CAOC/CR CR mor,Maharashtra,73.0,1159.82,792.89,1395.5,1444.2802,82.15391794574278
705500,July 2026,CAOC/CR CR mor,Maharashtra,88.0,836.27,540.02,899.52,836.27,54.8590792933595
705502,July 2026,CAOC/CR CR mor,Maharashtra,86.0,1894.7,1384.72,2603.11,2517.7529999999942,81.82397885493054
705504,July 2026,CAOC/CR CR mor,Maharashtra,95.0,3191.56,2081.27,3554.74,3471.960000000002,66.81929783257348
705505,July 2026,CAOC/CR CR mor,Maharashtra,88.0,1090.49,637.95,1194.59,1184.8011999999978,85.72007210596406
705506,July 2026,Central Railway [CR] - II,Maharashtra,100.0,1843.54,1035.16,1870.0,1877.7230000000002,81.3944704200317
705507,July 2026,CAOC/CR CR mor,"Multi-States (Madhya Pradesh, Maharashtra)",55.0,2290.12,2449.91,2509.24,3853.3659999999963,57.286022751856045
705510,July 2026,CAO/C/ECOR ECoR mor,Odisha,87.0,1395.78,1284.0,1600.0,1738.6541999999995,35.40920560747659
705511,July 2026,CAO/C/ECOR ECoR mor,"Multi-States (Chhattisgarh, Odisha)",90.0,1382.17,1547.0,1547.38,1572.577200000001,1.653341952165552
705512,July 2026,CAO/C/ECOR ECoR mor,"Multi-States (Andhra Pradesh, Odisha)",74.0,2300.04,2500.0,3580.41,3466.1916999999976,38.6476679999999
705513,July 2026,CAO/C/ECOR ECoR mor,Odisha,56.0,2093.47,2362.0,2462.17,3518.0682,48.94446232006774
705514,July 2026,CAO/C/ECOR ECoR mor,Odisha,25.0,758.57,1000.0,928.54,1069.3173999999985,6.931739999999855
705515,July 2026,CAO/C/ECOR ECoR mor,Odisha,86.0,2213.72,1173.0,3034.8,2732.755799999997,132.9715089514064
705526,July 2026,CAO/Con/North/MHX ECR mor,Bihar,92.0,746.81,519.0,973.56,917.6171999999992,76.80485549132932
705527,July 2026,CAO/Con/North/MHX ECR mor,Bihar,91.0,1460.42,1216.0,1558.77,1669.1184999999996,37.26303453947365
705528,July 2026,CAO/Con/North/MHX ECR mor,Bihar,99.0,1554.88,1586.0,1744.84,1834.3794999999986,15.660750315258426
705562,July 2026,CAOC/NER NER mor,"Multi-States (Bihar, Uttar Pradesh)",95.0,1000.05,963.0,1010.84,1104.3485999999984,14.677943925233484
705567,July 2026,CAOC/NER NER mor,Uttar Pradesh,100.0,777.21,1016.0,1307.62,1193.9340999999988,17.51319881889752
705572,July 2026,CAO/C-III/NFR NFR mor,Assam,91.0,3821.96,4060.0,4983.94,4542.5334,11.885059113300498
705583,July 2026,CAOC/NR NR mor,Delhi,23.0,393.68,667.0,701.88,704.3585999999997,5.600989505247329
705588,July 2026,CAO/C-II/NR NR mor,Uttar Pradesh,80.0,1216.52,722.0,1528.83,1603.7184999999997,122.12167590027695
705598,July 2026,CAO/C/NCR NCR mor,"Multi-States (Madhya Pradesh, Uttar Pradesh)",98.0,1943.61,2002.0,2001.63,2202.910000000001,10.035464535464596
705608,July 2026,North Central Railway,"Multi-States (Madhya Pradesh, Uttar Pradesh)",73.0,3102.72,4330.0,4330.0,4354.153900000001,0.557826789838364
705610,July 2026,CAO/C/SCoR SCoR mor,"Multi-States (Andhra Pradesh, Tamil Nadu)",50.0,421.36,302.0,850.74,667.6900999999997,121.08943708609262
705612,June 2026,South Central Railway [SCR] - II,"Multi-States (Andhra Pradesh, Telangana)",95.02,5192.51,1953.0,3363.0,5192.51,165.87352790578598
705613,June 2026,South Central Railway [SCR] - II,"Multi-States (Maharashtra, Telangana)",94.8,4154.83,2595.0,3071.0,4154.83,60.109055876685936
705616,July 2026,CAOC/SECR SECR mor,"Multi-States (Chhattisgarh, Odisha)",88.0,2540.98,2140.0,2978.55,3067.2876999999967,43.331200934579286
705617,July 2026,CAOC/SECR SECR mor,"Multi-States (Chhattisgarh, Maharashtra)",95.0,3143.54,3545.0,3544.92,3596.5943000000007,1.4554104372355614
705628,July 2026,CAO/C/SER SER mor,"Multi-States (Jharkhand, Odisha)",95.0,2696.32,3029.0,3029.04,3225.6644999999976,6.492720369758917
705629,July 2026,CAO/C/SER SER mor,"Multi-States (Odisha, West Bengal)",84.0,2886.02,2400.0,3425.32,3444.5128000000004,43.52136666666668
705632,July 2026,CAO/C/SCoR SCoR mor,"Multi-States (Andhra Pradesh, Telangana)",90.0,705.66,647.0,827.46,847.5793000000002,31.001437403400345
705633,June 2026,South Central Railway [SCR] - II,Andhra Pradesh,94.05,5552.65,3733.0,4295.0,5552.65,48.74497723010982
705635,July 2026,CAO/CN/ERS SR mor,"Multi-States (Kerala, Tamil Nadu)",59.0,3258.97,1432.0,3785.45,3641.8871000000054,154.32172486033556
705638,July 2026,CAO/CN/ERS SR mor,Kerala,30.0,395.03,813.0,1171.46,1028.0024000000012,26.445559655596707
705639,July 2026,CAO/CN/ERS SR mor,Kerala,25.0,312.63,601.0,827.5,765.3735000000001,27.350000000000023
705648,June 2026,RVNL - II,Andhra Pradesh,96.0,6213.64,6654.0,6654.0,6744.454500000001,1.3594003606853131
705650,June 2026,RVNL - II,"Multi-States (Goa, Karnataka)",86.14,5511.03,5060.0,5060.0,6676.447900000003,31.945610671936812
705659,July 2026,CE/C-4/WCR WCR mor,Madhya Pradesh,88.0,618.19,500.0,646.1,618.19,23.638000000000012
705660,June 2026,Indian Railway Construction International Limited [IRCON],Madhya Pradesh,81.25,3368.46,2445.0,4377.0,4188.1089999999995,71.2928016359918
705661,July 2026,GM IRCON KATNI WCR mor,Madhya Pradesh,84.0,1839.46,1248.0,2300.0,2192.1104000000005,75.64987179487184
705663,July 2026,CPM/GS/SBC SWR mor,Karnataka,70.0,459.94,493.0,717.54,583.9425999999999,18.446774847870152
705667,July 2026,CMD / RVNL RVNL mor,"Multi-States (Madhya Pradesh, Rajasthan, Uttar Pradesh)",94.0,5725.22,5961.0,5960.76,6176.871300000003,3.6213940613991515
705668,July 2026,CMD / RVNL RVNL mor,"Multi-States (Jharkhand, West Bengal)",98.0,3297.43,3250.0,3450.0,3508.9362000000006,7.9672676923077095
705728,July 2026,National High Speed Rail Corporation [NHSRC],"Multi-States (Dadra & Nagar Haveli and Daman & Diu, Gujarat, Maharashtra)",62.16,90966.89,108000.0,108000.0,90966.89,-15.77139814814815
705730,June 2026,RVNL - II,West Bengal,51.0,5098.73,4835.0,10362.0,9476.0859,95.98936711478801
705735,July 2026,CAOC/CR CR mor,Maharashtra,22.0,1202.73,904.92,1647.87,1717.4427999999984,89.78946205189393
705741,July 2026,CAO/C/ECOR ECoR mor,Odisha,1.0,15.93,748.0,747.91,751.6073000000011,0.48225935828892325
705742,July 2026,CAO/C/ECOR ECoR mor,Odisha,6.0,736.58,2344.0,2343.64,2477.9355000000032,5.71397184300355
705747,June 2026,East Central Railway [ECR] - I,Jharkhand,0.1,0.0,902.86,902.86,908.5221000000004,0.6271293445274295
705752,July 2026,CAOC/NWR NWR mor,Rajasthan,95.0,326.2,819.48,540.0,625.5388999999999,-23.66636159515792
705761,July 2026,CAOC/SWR SWR mor,Karnataka,14.0,106.18,1454.0,455.86,877.6158000000005,-39.64127922971111
705762,June 2026,CAOC/SWR SWR mor,Karnataka,0.0,3.64,748.86,748.86,733.9584000000004,-1.9899046550756583
705763,June 2026,RVNL - II,Madhya Pradesh,41.0,2879.62,7474.0,7474.0,7276.377600000003,-2.644131656408838
705764,July 2026,CAOC/NWR NWR mor,"Multi-States (Madhya Pradesh, Rajasthan)",60.0,577.16,495.0,895.67,797.0748999999997,61.025232323232274
705765,July 2026,CAO/Con/South/MHX ECR mor,Jharkhand,65.0,531.63,686.0,686.03,705.1784999999998,2.7956997084547752
705766,July 2026,CAO/C/NCR NCR mor,Uttar Pradesh,85.0,287.11,304.44,356.1,340.7961999999996,11.941991853895548
705771,June 2026,North Central Railway,Uttar Pradesh,80.0,410.3,494.0,494.0,476.7014999999997,-3.5017206477733347
705772,July 2026,CAO/C/NCR NCR mor,Uttar Pradesh,77.0,2027.64,2649.0,2649.44,2787.755100000001,5.238018120045346
705774,July 2026,CAO/C/NCR NCR mor,Uttar Pradesh,87.0,395.24,758.0,779.49,727.2068999999999,-4.0624142480211205
705777,July 2026,CAO/C/NCR NCR mor,Uttar Pradesh,11.0,146.85,250.18,250.18,272.9198000000002,9.089375649532405
705780,July 2026,CMD / RVNL RVNL mor,Uttar Pradesh,94.0,2295.3,2529.0,2529.46,2685.071899999999,6.171289047054132
705782,July 2026,CAO/C-II/NR NR mor,Uttar Pradesh,77.0,444.11,407.0,480.13,488.74519999999956,20.084815724815616
705783,July 2026,CAOC/NR NR mor,Punjab,70.0,108.49,237.64,260.33,250.0229000000005,5.210781013297643
705785,July 2026,CAO/C/SER SER mor,Jharkhand,14.0,344.5,473.0,472.5,488.7925000000001,3.338794926004244
705793,July 2026,PCE/WR,"Multi-States (Delhi, Gujarat, Madhya Pradesh, Maharashtra, Rajasthan)",66.32,9480.86,6806.44,8095.12,9647.087299999996,41.73469978432185
705794,June 2026,PCE/NCR,"Multi-States (Bihar, Delhi, Jharkhand, Uttar Pradesh, West Bengal)",0.0,127.03,6684.81,6684.81,6724.538700000004,0.5943130769610999
705799,June 2026,MRIDC,Maharashtra,80.0,1472.0,1400.0,1400.0,1604.5641999999998,14.611728571428555
705912,June 2026,North Western Railway [NWR],Rajasthan,19.0,240.33,1203.89,1203.89,1197.2978,-0.547574944554739
705918,June 2026,North Central Railway,Uttar Pradesh,36.0,400.19,1457.0,1457.0,1421.5001000000004,-2.4365065202470535
705919,July 2026,CAO/C/NCR,Rajasthan,56.0,529.92,1390.0,1390.0,1401.8257,0.8507697841726688
705933,July 2026,CAOCWR WR mor,Madhya Pradesh,100.0,1488.18,1095.88,1770.58,1914.2078000000006,74.6731211446509
705941,July 2026,Karnataka Rail Infrastructure Development Company Limited [K-RIDE],Karnataka,20.02,3277.99,15767.0,15767.0,16068.496599999999,1.9122001649013671
706718,July 2026,Airport Authority of India [AAI],Manipur,53.14,212.17,499.0,499.0,499.1717999999999,0.03442885771541185
706724,July 2026,Adani Airport Holdings Limited,Assam,99.5,2670.23,1712.0,2520.0,2670.23,55.9713785046729
706757,June 2026,Western Railway WR - II,Gujarat,64.0,387.82,262.0,262.0,387.82,48.02290076335878
706759,July 2026,CGM/CIVIL ECR mor,Bihar,95.0,2028.18,2373.64,2535.13,2643.6638999999977,11.3759415918167
706763,July 2026,CAOCWR WR mor,Gujarat,90.0,1107.75,1080.58,1205.18,1342.1622999999975,24.207582964703914
706775,July 2026,Department of Telecommunications [DoT],PAN India,99.98,48809.69,61109.0,12709.0,48809.69,-20.126838927162936
706776,June 2026,"Metro Railway, Kolkata",West Bengal,32.2,3350.62,4830.0,4830.0,5163.319600000002,6.901026915113906
706777,June 2026,RVNL - II,West Bengal,17.0,429.56,2298.0,2734.0,2576.2416000000003,12.107989556135783
706779,June 2026,Mumbai Rail Vikas Corporation Ltd.[MRVC],Maharashtra,90.0,7559.14,8087.0,8087.0,8765.7209,8.392740200321507
706780,June 2026,Mumbai Rail Vikas Corporation Ltd.[MRVC],Maharashtra,25.0,3854.46,33690.0,33690.0,27757.410800000005,-17.60934758088452
706781,June 2026,Mumbai Rail Vikas Corporation Ltd.[MRVC],Maharashtra,75.0,6880.48,10947.0,10947.0,11361.873199999998,3.789834657897124
706811,July 2026,National Mineral Development Corporation Limited [NMDC],Chhattisgarh,95.8,3649.08,2907.0,5427.0,4874.536400000001,67.68271069831444
706835,June 2026,South Western Railway [SWR] - II,Karnataka,0.0,0.38,1591.0,1591.0,1525.5022000000006,-4.116769327466965
706836,July 2026,CAOC/NWR NWR mor,Rajasthan,98.0,586.33,466.42,619.19,598.1236000000006,28.23712533767861
706837,July 2026,East Central Railway [ECR] - I,Jharkhand,72.0,145.57,349.22,349.22,349.6158000000004,0.11333829677577154
706854,July 2026,CAOC/SECR SECR mor,Chhattisgarh,38.0,499.37,1376.0,1576.72,1539.617800000001,11.890828488372158
706860,July 2026,CAO/Con/North/MHX ECR mor,Bihar,38.0,228.43,645.0,485.58,681.6395999999997,5.680558139534845
706865,July 2026,CAOC/SWR SWR mor,Goa,0.0,0.0,1892.0,1892.0,1870.0529000000004,-1.1599947145877187
706866,July 2026,CAOC/NWR NWR mor,Rajasthan,72.0,188.07,304.0,239.0,266.4372000000001,-12.356184210526292
706898,June 2026,Ministry of Railways,Odisha,0.0,0.0,267.61,267.61,263.5856000000002,-1.5038302006650672
706922,June 2026,Central Organisation for Railway Electrification [CORE],Assam,89.0,391.73,890.36,889.36,878.7054999999999,-1.308964913068882
706940,June 2026,GM/C/ NFR,Assam,0.0,0.0,183.99,183.99,184.62769999999998,0.3465949236371362
706942,June 2026,GM/C/ NFR,Assam,0.0,0.0,237.52,237.52,239.3727000000003,0.7800185247559291
706950,June 2026,RVNL,"Multi-States (Goa, Karnataka)",99.7,1163.32,744.49,1122.62,1201.1713999999993,61.34150895243714
706965,July 2026,"Medical Education, Ministry of Health and Family Welfare",Bihar,0.0,113.4,189.0,189.0,201.0707,6.38661375661375
706966,July 2026,"Medical Education, Ministry of Health and Family Welfare",Bihar,0.0,113.4,189.0,189.0,201.0707,6.38661375661375
706988,July 2026,"Medical Education, Ministry of Health and Family Welfare",Maharashtra,40.14,113.4,189.0,189.0,189.86560000000006,0.4579894179894484
706989,July 2026,"Medical Education, Ministry of Health and Family Welfare",Meghalaya,0.0,170.1,189.0,189.0,189.828,0.4380952380952397
707016,July 2026,"Medical Education, Ministry of Health and Family Welfare",Bihar,0.0,150.0,250.0,250.0,262.089,4.8355999999999995
707017,July 2026,"Medical Education, Ministry of Health and Family Welfare",Bihar,0.0,150.0,250.0,250.0,262.089,4.8355999999999995
707018,July 2026,"Medical Education, Ministry of Health and Family Welfare",Bihar,0.0,150.0,250.0,250.0,262.089,4.8355999999999995
707019,July 2026,"Medical Education, Ministry of Health and Family Welfare",Bihar,0.0,150.0,250.0,250.0,262.089,4.8355999999999995
707020,July 2026,"Medical Education, Ministry of Health and Family Welfare",Bihar,50.0,103.21,250.0,500.0,430.5995000000001,72.23980000000003
707021,July 2026,"Medical Education, Ministry of Health and Family Welfare",Jharkhand,40.0,271.0,250.0,504.8,437.2526000000001,74.90104000000002
707022,July 2026,"Medical Education, Ministry of Health and Family Welfare",Jharkhand,57.0,65.0,250.0,454.1,407.04999999999956,62.81999999999982
707039,July 2026,"Medical Education, Ministry of Health and Family Welfare",Sikkim,92.0,667.21,250.0,635.21,667.21,166.88400000000001
707044,July 2026,"Medical Education, Ministry of Health and Family Welfare",Chhattisgarh,55.0,179.49,325.0,322.85,323.0671999999998,-0.594707692307758
707045,July 2026,"Medical Education, Ministry of Health and Family Welfare",Chhattisgarh,84.0,321.7,325.0,325.0,326.8314999999999,0.5635384615384282
707046,July 2026,"Medical Education, Ministry of Health and Family Welfare",Chhattisgarh,45.0,37.0,325.0,325.0,330.82660000000004,1.7928000000000128
707049,July 2026,"Medical Education, Ministry of Health and Family Welfare",Gujarat,88.0,467.34,325.0,663.5,616.7301999999997,89.76313846153839
707050,July 2026,"Medical Education, Ministry of Health and Family Welfare",Gujarat,81.0,936.64,325.0,618.98,936.64,188.19692307692307
707051,July 2026,"Medical Education, Ministry of Health and Family Welfare",Jammu and Kashmir,75.0,222.0,325.0,325.0,327.4043,0.7397846153846086
707052,July 2026,"Medical Education, Ministry of Health and Family Welfare",Jammu and Kashmir,0.0,173.0,325.0,325.0,334.4568000000001,2.9097846153846465
707057,July 2026,"Medical Education, Ministry of Health and Family Welfare",Ladakh,0.0,127.0,325.0,325.0,332.2096000000001,2.2183384615384862
707058,July 2026,"Medical Education, Ministry of Health and Family Welfare",Madhya Pradesh,86.0,179.5,325.0,325.0,324.12339999999995,-0.2697230769230933
707059,July 2026,"Medical Education, Ministry of Health and Family Welfare",Madhya Pradesh,45.0,89.41,325.0,325.0,331.45480000000003,1.9860923076923183
707067,July 2026,"Medical Education, Ministry of Health and Family Welfare",Nagaland,0.0,155.0,325.0,325.0,332.17570000000006,2.2079076923077117
707069,July 2026,"Medical Education, Ministry of Health and Family Welfare",Punjab,0.0,50.0,325.0,550.0,472.8951,45.50618461538462
707070,July 2026,"Medical Education, Ministry of Health and Family Welfare",Punjab,5.0,2.04,325.0,374.75,404.9904,24.612430769230777
707086,July 2026,"Medical Education, Ministry of Health and Family Welfare",Uttarakhand,95.0,353.01,325.0,325.0,353.01,8.618461538461537
707087,July 2026,"Medical Education, Ministry of Health and Family Welfare",Uttarakhand,78.0,470.08,325.0,768.89,697.4572999999997,114.60224615384607
707215,July 2026,Indian Port Rail & Ropeway Corporation Ltd. [IPRCL],Gujarat,79.87,656.38,573.0,1238.05,673.2392,17.49375218150087
707229,July 2026,ministry of housing and urban affairs,Andaman & Nicobar,97.0,37.35,209.88,230.0,223.70130000000006,6.585334476843942
707410,July 2026,NICDC,Haryana,60.0,430.0,763.0,763.0,760.9642,-0.2668152031454777
707414,May 2026,National Industrial Corridor Development Corporation,Uttar Pradesh,0.0,0.0,1480.0,1480.0,1471.7016000000003,-0.5607027027026806
707419,July 2026,National Industrial Corridor Development Corporation,Uttar Pradesh,27.79,75.63,658.0,658.0,645.4918,-1.9009422492401198
707420,July 2026,National Industrial Corridor Development Corporation,Bihar,5.0,0.0,1339.02,1339.02,1369.5787000000005,2.282169049006027
708687,July 2026,West,Uttar Pradesh,7.2,0.0,1917.0,1917.0,1864.728,-2.726760563380278
709747,July 2026,Satluj Jal Vidyut Nigam [SJVN] Thermal Limited,Gujarat,51.86,370.0,339.35,339.35,370.0,9.031972889347275
709750,July 2026,Chennai Petroleum Corporation Limited [CPCL],Tamil Nadu,76.9,117.88,205.0,205.0,204.8257999999999,-0.08497560975614561
709752,July 2026,Hindustan Petroleum Corporation Limited,Andhra Pradesh,94.0,158.94,160.0,220.0,168.0215,5.013437500000002
709753,July 2026,Hindustan Petroleum Corporation Limited,West Bengal,98.3,884.2,1010.0,1107.0,1141.9671,13.066049504950502
709754,July 2026,Hindustan Petroleum Corporation Limited,Assam,83.8,114.1,156.36,156.36,158.64760000000007,1.4630340240471056
709755,July 2026,Hindustan Petroleum Corporation Limited,Assam,87.5,250.07,384.04,384.04,382.54560000000043,-0.3891261326944033
709757,April 2026,Hindustan Petroleum Corporation Limited,"Multi-States (Bihar, Jharkhand)",37.0,375.17,1377.0,1377.0,1361.1741000000004,-1.1493028322439791
709758,April 2026,Hindustan Petroleum Corporation Limited,West Bengal,36.3,388.06,2628.0,2628.0,2697.0558000000005,2.6276940639269615
709759,July 2026,Hindustan Petroleum Corporation Limited,Rajasthan,97.5,252.18,461.05,461.05,466.61780000000016,1.2076347467737008
709760,May 2026,Hindustan Petroleum Corporation Limited,Maharashtra,92.0,152.75,240.0,240.0,244.38750000000005,1.8281250000000189
709770,July 2026,Indian Oil Corporation Limited [IOCL],Punjab,2.0,9.02,151.0,151.0,153.15850000000003,1.4294701986755178
709771,July 2026,Indian Oil Corporation Limited [IOCL],Maharashtra,3.4,89.23,865.0,865.0,924.7300000000002,6.905202312138757
709772,July 2026,Indian Oil Corporation Limited [IOCL],West Bengal,3.0,64.44,609.0,609.0,620.4140000000001,1.8742200328407392
709773,July 2026,Indian Oil Corporation Limited [IOCL],Jammu and Kashmir,0.6,4.45,538.0,538.0,533.3471999999997,-0.8648327137547022
709774,July 2026,Indian Oil Corporation Limited [IOCL],Karnataka,85.6,327.65,463.0,500.62,483.86710000000045,4.506933045356468
709776,July 2026,Indian Oil Corporation Limited [IOCL],Assam,84.3,236.16,277.0,323.09,308.3014999999999,11.300180505415133
709777,July 2026,Indian Oil Corporation Limited [IOCL],Bihar,66.3,124.57,389.35,410.3,402.8888000000001,3.4772826505714893
709778,July 2026,Indian Oil Corporation Limited [IOCL],Gujarat,87.7,218.17,328.29,344.36,323.61599999999976,-1.4237412044229987
709779,July 2026,Indian Oil Corporation Limited [IOCL],Assam,60.1,250.84,768.0,740.0,739.4435999999998,-3.7182812500000217
709780,July 2026,Indian Oil Corporation Limited [IOCL],Maharashtra,72.9,305.01,341.43,436.14,342.72479999999973,0.3792285387926442
709781,July 2026,Indian Oil Corporation Limited [IOCL],Uttar Pradesh,57.3,23.58,260.12,260.12,263.4020999999999,1.2617638013224282
709782,May 2026,Indian Oil Corporation Limited [IOCL],Maharashtra,98.8,102.79,165.0,165.0,164.62109999999993,-0.22963636363640766
709783,July 2026,Indian Oil Corporation Limited [IOCL],Haryana,92.5,193.38,165.13,247.69,193.38,17.107733301035548
709785,July 2026,Indian Oil Corporation Limited [IOCL],Jharkhand,58.4,65.98,202.07,202.07,201.91019999999992,-0.0790815064087075
709786,July 2026,Indian Oil Corporation Limited [IOCL],Nagaland,43.0,28.03,227.62,227.62,231.0650999999999,1.5135313241366677
709791,July 2026,Bharat Petroleum Corporation Limited [BPCL],West Bengal,43.8,238.41,1017.0,1017.0,927.2923000000005,-8.820816125860322
709792,July 2026,Bharat Petroleum Corporation Limited [BPCL],Bihar,33.6,493.91,3638.0,3638.0,3621.8962,-0.4426553051126956
709793,July 2026,Bharat Petroleum Corporation Limited [BPCL],Bihar,30.3,527.15,3919.0,3919.0,3807.2463999999995,-2.8515845879050894
709794,July 2026,Bharat Petroleum Corporation Limited [BPCL],Rajasthan,31.1,429.3,3207.0,3207.0,3313.9343000000013,3.334402868724704
709795,July 2026,Bharat Petroleum Corporation Limited [BPCL],Uttar Pradesh,19.8,754.7,16654.0,16654.0,17264.561700000002,3.6661564789239947
709796,July 2026,Bharat Petroleum Corporation Limited [BPCL],Tamil Nadu,25.5,303.1,3685.0,3685.0,3612.4573,-1.968594301221166
709797,July 2026,Bharat Petroleum Corporation Limited [BPCL],Maharashtra,87.3,1507.62,2585.0,2585.0,2633.8822999999998,1.890998065764014
709798,July 2026,Bharat Petroleum Corporation Limited [BPCL],Madhya Pradesh,33.5,6104.0,43367.0,43367.0,33063.442200000005,-23.7589821753868
709799,July 2026,Bharat Petroleum Corporation Limited [BPCL],Kerala,45.2,1026.0,4460.0,4850.0,4621.8276000000005,3.6284215246636893
709800,July 2026,Bharat Petroleum Corporation Limited [BPCL],Odisha,86.0,233.3,393.54,393.54,383.2451000000006,-2.615972963358087
709811,June 2026,East Coast Railway [ECoR] - II,Odisha,5.0,3.4,190.0,189.93,189.48780000000014,-0.26957894736835003
709812,July 2026,CAOCWR WR mor,Gujarat,30.0,142.21,461.91,461.91,561.2719000000001,21.5110952350025
709813,July 2026,CAOCWR WR mor,Gujarat,22.0,463.96,437.21,463.95,608.9293999999994,39.276183069920506
709815,July 2026,CAOC/SECR SECR mor,"Multi-States (Chhattisgarh, Maharashtra)",3.0,21.08,177.03,177.03,176.96960000000013,-0.034118510986766895
709816,July 2026,CAOC/SECR SECR mor,"Multi-States (Chhattisgarh, Maharashtra)",3.0,35.21,177.34,177.34,175.6797000000001,-0.936224202097605
709817,July 2026,CAOC/SECR SECR mor,"Multi-States (Chhattisgarh, Maharashtra)",10.0,65.43,169.06,169.06,167.74629999999993,-0.7770613983201634
709818,July 2026,CAOC/SECR SECR mor,Chhattisgarh,5.0,98.21,328.34,328.34,337.41710000000006,2.764542851921815
709819,July 2026,CAOC/SECR SECR mor,Chhattisgarh,10.0,28.44,167.64,167.64,167.74769999999987,0.06424481030773112
709826,July 2026,National Mineral Development Corporation Limited [NMDC],Chhattisgarh,83.42,1754.7,2718.84,3062.39,3022.6477000000054,11.17416618852177
709831,July 2026,National Aluminium Company Limited [NALCO],Odisha,93.18,453.89,483.0,483.0,489.63349999999997,1.3733954451345693
709832,July 2026,National Aluminium Company Limited [NALCO],Tamil Nadu,70.0,135.0,166.0,166.0,165.28389999999996,-0.43138554216869873
709837,July 2026,Oil and Natural Gas Corporation Limited [ONGC],Tripura,71.3,81.31,209.33,131.51,158.62670000000017,-24.22170735202782
709838,July 2026,Oil and Natural Gas Corporation Limited [ONGC],Gujarat,50.0,280.45,621.4,739.02,695.8753999999993,11.98509816543279
709839,July 2026,Oil and Natural Gas Corporation Limited [ONGC],Offshore,92.9,6302.5,4144.41,6406.9,6505.553900000007,56.971774028148936
709840,July 2026,Oil and Natural Gas Corporation Limited [ONGC],Gujarat,97.6,219.56,249.43,249.43,257.4263,3.2058292907829933
709841,July 2026,Oil and Natural Gas Corporation Limited [ONGC],Gujarat,94.6,168.22,173.03,169.84,179.44320000000008,3.7064092931861956
709842,July 2026,Oil and Natural Gas Corporation Limited [ONGC],Gujarat,66.0,946.45,1487.41,1487.41,1478.5933000000023,-0.5927551919106236
709845,July 2026,Oil and Natural Gas Corporation Limited [ONGC],Gujarat,70.9,469.99,837.34,1119.86,1059.4976,26.531349272696858
709847,July 2026,Oil and Natural Gas Corporation Limited [ONGC],Assam,55.4,238.83,481.03,481.03,480.8086999999998,-0.046005446645771726
709848,July 2026,Oil and Natural Gas Corporation Limited [ONGC],Offshore,95.6,1930.25,2329.45,2354.23,2701.2903999999994,15.962583442443478
709849,July 2026,Oil and Natural Gas Corporation Limited [ONGC],Offshore,98.7,3003.9,2546.9,3348.6,3498.586499999997,37.366465114452744
709850,July 2026,Oil and Natural Gas Corporation Limited [ONGC],Assam,63.5,110.99,198.7,198.7,187.88240000000013,-5.444187216909842
709851,July 2026,Oil and Natural Gas Corporation Limited [ONGC],Offshore,47.4,2053.0,6183.79,6183.79,5944.029799999995,-3.8772370989313214
709856,July 2026,BSNL,PAN India,92.1,407.9,645.13,645.13,643.6388999999992,-0.2311317098880468
709857,July 2026,BSNL,PAN India,98.56,9165.89,24544.55,24544.55,21416.774100000002,-12.743260316444982
709859,July 2026,National Communication Academy - Finance [Erstwhile NICF],Delhi,98.0,237.43,248.2,248.2,257.73920000000004,3.8433521353747184
709864,July 2026,Numaligarh Refinery Limited,Assam,80.5,310.38,370.0,370.0,374.89429999999993,1.3227837837837648
709865,July 2026,Numaligarh Refinery Limited,Assam,99.0,81.84,293.5,293.5,291.7238,-0.6051788756388474
738679,July 2026,Steel Authority of India Limited (SAIL,Odisha,54.16,1182.92,2584.41,2584.41,2596.887900000002,0.48281425934747724
834015,July 2026,Steel Authority of India Limited (SAIL,Odisha,22.59,207.56,1140.07,1140.07,1124.5103000000001,-1.3648021612707812
900808,May 2026,Power Grid Corporation of India Limited [POWERGRID],"Multi-States (Andhra Pradesh, Telangana)",99.69,3532.75,3546.94,3546.94,3650.930300000002,2.931831381416143
900874,July 2026,CAO/Con/South/MHX ECR mor,Bihar,0.0,26.52,588.18,588.18,586.4351000000003,-0.2966608861232427
914467,July 2026,Department of Telecommunications,PAN India,17.76,222.77,1550.0,1550.0,1556.4722,0.4175612903225761
938832,July 2026,Department of Telecommunications,PAN India,0.0,283.93,2839.0,2839.0,2843.4606000000013,0.15711870376897674
944288,July 2026,Uniform Cooling,Chhattisgarh,48.01,63.8,192.21,192.21,194.93840000000003,1.4194891004630465
946208,July 2026,Department of Telecommunications,PAN India,0.0,0.0,160.0,160.0,160.0896,0.05599999999999384
976009,July 2026,Department of Telecommunications,PAN India,0.61,123.28,1168.0,1168.0,1171.4603000000002,0.2962585616438518
